t_us,firmware_t_us,waveform_t_us,final_t_us,timing_shift_ms,no_firmware_match,inserted_by_smoother,timing_recovered,low_prominence_rescue,detector_support_count,detector_names,detector_consensus,detector_time_spread_ms,single_detector,sequence_rescued,firmware_unmatched,local_clipped,waveform_score,peak_prominence,peak_polarity,expected_rr_ms,match_distance_ms,recovery_reason,template_version
8619198047,0,8619198047,8619198047,0.000000,1,0,0,0,2,multiscale+elgendi_like,1.000000,0.000000,0,0,1,0,1.000000,3.593412,1,808.000000,0.000000,,v0.4.1-interval-core
8619942045,0,8619942045,8619942045,0.000000,1,0,0,0,2,multiscale+elgendi_like,1.000000,0.000000,0,0,1,0,1.000000,3.529666,1,808.000000,0.000000,,v0.4.1-interval-core
8620686043,8621046043,8620686043,8620686043,-360.000000,0,0,0,0,2,multiscale+elgendi_like,1.000000,0.000000,0,0,0,0,1.000000,4.148794,1,808.000500,360.000000,,v0.4.1-interval-core
8621446043,8621798043,8621446043,8621446043,-352.000000,0,0,0,0,2,multiscale+elgendi_like,1.000000,0.000000,0,0,0,0,1.000000,4.489051,1,808.000000,352.000000,,v0.4.1-interval-core
8622214043,8622566047,8622214043,8622214043,-352.004000,0,0,0,0,2,multiscale+elgendi_like,1.000000,0.000000,0,0,0,0,1.000000,4.238985,1,799.999000,352.004000,,v0.4.1-interval-core
8623022043,8623350043,8623022043,8623022043,-328.000000,0,0,0,0,2,multiscale+elgendi_like,1.000000,0.000000,0,0,0,0,1.000000,4.672771,1,787.999500,328.000000,,v0.4.1-interval-core
8623918043,0,8623918043,8623918043,0.000000,1,0,0,0,2,multiscale+elgendi_like,1.000000,0.000000,0,0,1,0,1.000000,4.858223,1,776.000000,0.000000,,v0.4.1-interval-core
8624798043,0,8624798043,8624798043,0.000000,1,0,0,0,2,multiscale+elgendi_like,1.000000,0.000000,0,0,1,0,1.000000,4.679497,1,772.000000,0.000000,,v0.4.1-interval-core
8625654043,0,8625654043,8625654043,0.000000,1,0,0,0,2,multiscale+elgendi_like,1.000000,0.000000,0,0,1,0,1.000000,4.192200,1,764.000000,0.000000,,v0.4.1-interval-core
8626462044,8626806046,8626462044,8626462044,-344.002000,0,0,0,0,2,multiscale+elgendi_like,1.000000,0.000000,0,0,0,0,1.000000,3.873870,1,768.000000,344.002000,,v0.4.1-interval-core
8627278044,0,8627278044,8627278044,0.000000,1,0,0,0,2,multiscale+elgendi_like,1.000000,0.000000,0,0,1,0,1.000000,4.262047,1,767.998000,0.000000,,v0.4.1-interval-core
8628078043,0,8628078043,8628078043,0.000000,1,0,0,0,2,multiscale+elgendi_like,1.000000,0.000000,0,0,1,0,1.000000,4.057394,1,775.996000,0.000000,,v0.4.1-interval-core
8628854043,0,8628854043,8628854043,0.000000,1,0,0,0,2,multiscale+elgendi_like,1.000000,0.000000,0,0,1,0,1.000000,3.759206,1,775.996000,0.000000,,v0.4.1-interval-core
8629542043,8629222043,8629542043,8629542043,320.000000,0,0,0,0,2,multiscale+elgendi_like,1.000000,0.000000,0,0,0,0,1.000000,3.419534,1,775.998000,320.000000,,v0.4.1-interval-core
8630206043,8629894043,8630206043,8630206043,312.000000,0,0,0,0,2,multiscale+elgendi_like,1.000000,0.000000,0,0,0,0,1.000000,3.618548,1,776.000000,312.000000,,v0.4.1-interval-core
8630878043,8630558045,8630878043,8630878043,319.998000,0,0,0,0,2,multiscale+elgendi_like,1.000000,0.000000,0,0,0,0,1.000000,3.635724,1,787.999500,319.998000,,v0.4.1-interval-core
8631566043,8631902045,8631566043,8631566043,-336.002000,0,0,0,0,2,multiscale+elgendi_like,1.000000,0.000000,0,0,0,0,1.000000,4.204664,1,803.999500,336.002000,,v0.4.1-interval-core
8632278045,8632638045,8632278045,8632278045,-360.000000,0,0,0,0,2,multiscale+elgendi_like,1.000000,0.000000,0,0,0,0,1.000000,4.300855,1,808.000000,360.000000,,v0.4.1-interval-core
8632990047,8633350043,8632990047,8632990047,-359.996000,0,0,0,0,2,multiscale+elgendi_like,1.000000,0.000000,0,0,0,0,1.000000,4.246321,1,808.001000,359.996000,,v0.4.1-interval-core
8633766043,8634118047,8633766043,8633766043,-352.004000,0,0,0,0,2,multiscale+elgendi_like,1.000000,0.000000,0,0,0,0,1.000000,4.634425,1,816.000000,352.004000,,v0.4.1-interval-core
8634590043,8634934046,8634590043,8634590043,-344.003000,0,0,0,0,2,multiscale+elgendi_like,1.000000,0.000000,0,0,0,0,1.000000,4.615570,1,823.996000,344.003000,,v0.4.1-interval-core
8635462043,8635806043,8635462043,8635462043,-344.000000,0,0,0,0,2,multiscale+elgendi_like,1.000000,0.000000,0,0,0,0,1.000000,4.374477,1,823.996000,344.000000,,v0.4.1-interval-core
8636326047,0,8636326047,8636326047,0.000000,1,0,0,0,2,multiscale+elgendi_like,1.000000,0.000000,0,0,1,0,1.000000,4.226507,1,823.996000,0.000000,,v0.4.1-interval-core
8637150043,8637502045,8637150043,8637150043,-352.002000,0,0,0,0,2,multiscale+elgendi_like,1.000000,0.000000,0,0,0,0,1.000000,4.058794,1,823.996000,352.002000,,v0.4.1-interval-core
8637982045,8638350046,8637982045,8637982045,-368.001000,0,0,0,0,2,multiscale+elgendi_like,1.000000,0.000000,0,0,0,0,1.000000,4.187729,1,824.000000,368.001000,,v0.4.1-interval-core
8638838043,0,8638838043,8638838043,0.000000,1,0,0,0,2,multiscale+elgendi_like,1.000000,0.000000,0,0,1,0,1.000000,4.229995,1,832.002000,0.000000,,v0.4.1-interval-core
8639694046,8640054043,8639694046,8639694046,-359.997000,0,0,0,0,2,multiscale+elgendi_like,1.000000,0.000000,0,0,0,0,1.000000,4.252244,1,847.997000,359.997000,,v0.4.1-interval-core
8640542043,8640894046,8640542043,8640542043,-352.003000,0,0,0,0,2,multiscale+elgendi_like,1.000000,0.000000,0,0,0,0,1.000000,4.233981,1,848.001000,352.003000,,v0.4.1-interval-core
8641454047,8641830046,8641454047,8641454047,-375.999000,0,0,0,0,2,multiscale+elgendi_like,1.000000,0.000000,0,0,0,0,1.000000,4.758056,1,856.000500,375.999000,,v0.4.1-interval-core
8642406043,0,8642406043,8642406043,0.000000,1,0,0,0,2,multiscale+elgendi_like,1.000000,0.000000,0,0,1,0,1.000000,4.512442,1,860.001500,0.000000,,v0.4.1-interval-core
8643326043,8643694043,8643326043,8643326043,-368.000000,0,0,0,0,2,multiscale+elgendi_like,1.000000,0.000000,0,0,0,0,1.000000,4.274391,1,856.001500,368.000000,,v0.4.1-interval-core
8644222043,8644542043,8644222043,8644222043,-320.000000,0,0,0,0,2,multiscale+elgendi_like,1.000000,0.000000,0,0,0,0,1.000000,4.146631,1,856.003000,320.000000,,v0.4.1-interval-core
8645086043,0,8645086043,8645086043,0.000000,1,0,0,0,2,multiscale+elgendi_like,1.000000,0.000000,0,0,1,0,1.000000,4.533888,1,856.003000,0.000000,,v0.4.1-interval-core
8645950043,8646310044,8645950043,8645950043,-360.001000,0,0,0,0,2,multiscale+elgendi_like,1.000000,0.000000,0,0,0,0,1.000000,4.456350,1,864.000000,360.001000,,v0.4.1-interval-core
8646798044,8647166043,8646798044,8646798044,-367.999000,0,0,0,0,2,multiscale+elgendi_like,1.000000,0.000000,0,0,0,0,1.000000,4.315861,1,864.000000,367.999000,,v0.4.1-interval-core
8647678043,8648054047,8647678043,8647678043,-376.004000,0,0,0,0,2,multiscale+elgendi_like,1.000000,0.000000,0,0,0,0,1.000000,4.823297,1,856.003000,376.004000,,v0.4.1-interval-core
8648574043,8648910043,8648574043,8648574043,-336.000000,0,0,0,0,2,multiscale+elgendi_like,1.000000,0.000000,0,0,0,0,1.000000,4.947220,1,856.003000,336.000000,,v0.4.1-interval-core
8649430043,8649806043,8649430043,8649430043,-376.000000,0,0,0,0,2,multiscale+elgendi_like,1.000000,0.000000,0,0,0,0,1.000000,4.564377,1,856.003000,376.000000,,v0.4.1-interval-core
8650238043,8650606043,8650238043,8650238043,-368.000000,0,0,0,0,2,multiscale+elgendi_like,1.000000,0.000000,0,0,0,0,1.000000,4.119282,1,856.003000,368.000000,,v0.4.1-interval-core
8651046045,8651422046,8651046045,8651046045,-376.001000,0,0,0,0,2,multiscale+elgendi_like,1.000000,0.000000,0,0,0,0,1.000000,4.681019,1,856.000000,376.001000,,v0.4.1-interval-core
8651886043,8652254047,8651886043,8651886043,-368.004000,0,0,0,0,2,multiscale+elgendi_like,1.000000,0.000000,0,0,0,0,1.000000,4.881548,1,856.000000,368.004000,,v0.4.1-interval-core
8652790043,0,8652790043,8652790043,0.000000,1,0,0,0,2,multiscale+elgendi_like,1.000000,0.000000,0,0,1,0,1.000000,4.746174,1,852.000500,0.000000,,v0.4.1-interval-core
8653710043,8654054043,8653710043,8653710043,-344.000000,0,0,0,0,2,multiscale+elgendi_like,1.000000,0.000000,0,0,0,0,1.000000,4.607864,1,848.001000,344.000000,,v0.4.1-interval-core
8654542043,0,8654542043,8654542043,0.000000,1,0,0,0,2,multiscale+elgendi_like,1.000000,0.000000,0,0,1,0,1.000000,3.955108,1,848.001000,0.000000,,v0.4.1-interval-core
8655318047,8655694047,8655318047,8655318047,-376.000000,0,0,0,0,2,multiscale+elgendi_like,1.000000,0.000000,0,0,0,0,1.000000,3.952620,1,848.001000,376.000000,,v0.4.1-interval-core
8656094047,8656446043,8656094047,8656094047,-351.996000,0,0,0,0,2,multiscale+elgendi_like,1.000000,0.000000,0,0,0,0,1.000000,4.233546,1,848.001000,351.996000,,v0.4.1-interval-core
8656862047,8657222043,8656862047,8656862047,-359.996000,0,0,0,0,2,multiscale+elgendi_like,1.000000,0.000000,0,0,0,0,1.000000,4.255696,1,848.001000,359.996000,,v0.4.1-interval-core
8657590043,8657942044,8657590043,8657590043,-352.001000,0,0,0,0,2,multiscale+elgendi_like,1.000000,0.000000,0,0,0,0,1.000000,4.050592,1,848.001000,352.001000,,v0.4.1-interval-core
8658334047,8658710045,8658334047,8658334047,-375.998000,0,0,0,0,2,multiscale+elgendi_like,1.000000,0.000000,0,0,0,0,1.000000,4.712593,1,856.000000,375.998000,,v0.4.1-interval-core
8659174043,8659526045,8659174043,8659174043,-352.002000,0,0,0,0,2,multiscale+elgendi_like,1.000000,0.000000,0,0,0,0,1.000000,5.565276,1,856.000000,352.002000,,v0.4.1-interval-core
8660086046,8660430044,8660086046,8660086046,-343.998000,0,0,0,0,2,multiscale+elgendi_like,1.000000,0.000000,0,0,0,0,1.000000,5.867830,1,856.000000,343.998000,,v0.4.1-interval-core
8661174047,8661534047,8661174047,8661174047,-360.000000,0,0,0,0,2,multiscale+elgendi_like,1.000000,0.000000,0,0,0,0,1.000000,5.700128,1,848.003000,360.000000,,v0.4.1-interval-core
8662174043,8662542044,8662174043,8662174043,-368.001000,0,0,0,0,2,multiscale+elgendi_like,1.000000,0.000000,0,0,0,0,1.000000,5.103226,1,848.003000,368.001000,,v0.4.1-interval-core
8663174043,8663470043,8663174043,8663174043,-296.000000,0,0,0,0,2,multiscale+elgendi_like,1.000000,0.000000,0,0,0,0,1.000000,4.850331,1,848.003000,296.000000,,v0.4.1-interval-core
8664158043,0,8664158043,8664158043,0.000000,1,0,0,0,2,multiscale+elgendi_like,1.000000,0.000000,0,0,1,0,1.000000,4.642935,1,848.002000,0.000000,,v0.4.1-interval-core
8665078045,8665454043,8665078045,8665078045,-375.998000,0,0,0,0,2,multiscale+elgendi_like,1.000000,0.000000,0,0,0,0,1.000000,4.673362,1,839.999000,375.998000,,v0.4.1-interval-core
8665974043,8666326043,8665974043,8665974043,-352.000000,0,0,0,0,2,multiscale+elgendi_like,1.000000,0.000000,0,0,0,0,1.000000,3.910738,1,840.001000,352.000000,,v0.4.1-interval-core
8666822046,8667198043,8666822046,8666822046,-375.997000,0,0,0,0,2,multiscale+elgendi_like,1.000000,0.000000,0,0,0,0,1.000000,3.988755,1,847.998000,375.997000,,v0.4.1-interval-core
8667686045,0,8667686045,8667686045,0.000000,1,0,0,0,2,multiscale+elgendi_like,1.000000,0.000000,0,0,1,0,1.000000,4.307931,1,848.002000,0.000000,,v0.4.1-interval-core
8668534047,0,8668534047,8668534047,0.000000,1,0,0,0,2,multiscale+elgendi_like,1.000000,0.000000,0,0,1,0,1.000000,4.108664,1,844.001500,0.000000,,v0.4.1-interval-core
8669334043,8669686046,8669334043,8669334043,-352.003000,0,0,0,0,2,multiscale+elgendi_like,1.000000,0.000000,0,0,0,0,1.000000,3.952256,1,848.002000,352.003000,,v0.4.1-interval-core
8670118043,8670486043,8670118043,8670118043,-368.000000,0,0,0,0,2,multiscale+elgendi_like,1.000000,0.000000,0,0,0,0,1.000000,4.349925,1,848.002000,368.000000,,v0.4.1-interval-core
8670910047,8671278043,8670910047,8670910047,-367.996000,0,0,0,0,2,multiscale+elgendi_like,1.000000,0.000000,0,0,0,0,1.000000,4.251307,1,848.001000,367.996000,,v0.4.1-interval-core
8671710046,8672062043,8671710046,8671710046,-351.997000,0,0,0,0,2,multiscale+elgendi_like,1.000000,0.000000,0,0,0,0,1.000000,4.770286,1,844.000500,351.997000,,v0.4.1-interval-core
8672550047,8672886043,8672550047,8672550047,-335.996000,0,0,0,0,2,multiscale+elgendi_like,1.000000,0.000000,0,0,0,0,1.000000,5.052493,1,840.000500,335.996000,,v0.4.1-interval-core
8673390047,0,8673390047,8673390047,0.000000,1,0,0,0,2,multiscale+elgendi_like,1.000000,0.000000,0,0,1,0,1.000000,4.832574,1,820.000000,0.000000,,v0.4.1-interval-core
8674254043,8674606043,8674254043,8674254043,-352.000000,0,0,0,0,2,multiscale+elgendi_like,1.000000,0.000000,0,0,0,0,1.000000,5.231847,1,800.000000,352.000000,,v0.4.1-interval-core
8675102043,0,8675102043,8675102043,0.000000,1,0,0,0,2,multiscale+elgendi_like,1.000000,0.000000,0,0,1,0,1.000000,4.894697,1,800.000000,0.000000,,v0.4.1-interval-core
8675894047,0,8675894047,8675894047,0.000000,1,0,0,0,2,multiscale+elgendi_like,1.000000,0.000000,0,0,1,0,1.000000,4.550839,1,800.000000,0.000000,,v0.4.1-interval-core
8676630043,8676270043,8676630043,8676630043,360.000000,0,0,0,0,2,multiscale+elgendi_like,1.000000,0.000000,0,0,0,0,1.000000,4.197134,1,800.000000,360.000000,,v0.4.1-interval-core
8677374043,0,8677374043,8677374043,0.000000,1,0,0,0,2,multiscale+elgendi_like,1.000000,0.000000,0,0,1,0,1.000000,4.602311,1,800.000000,0.000000,,v0.4.1-interval-core
8678174043,0,8678174043,8678174043,0.000000,1,0,0,0,2,multiscale+elgendi_like,1.000000,0.000000,0,0,1,0,1.000000,4.935433,1,799.999500,0.000000,,v0.4.1-interval-core
8678974043,8679318044,8678974043,8678974043,-344.001000,0,0,0,0,2,multiscale+elgendi_like,1.000000,0.000000,0,0,0,0,1.000000,4.985440,1,799.999500,344.001000,,v0.4.1-interval-core
8679774043,8680134043,8679774043,8679774043,-360.000000,0,0,0,0,2,multiscale+elgendi_like,1.000000,0.000000,0,0,0,0,1.000000,4.778883,1,799.999500,360.000000,,v0.4.1-interval-core
8680518043,0,8680518043,8680518043,0.000000,1,0,0,0,2,multiscale+elgendi_like,1.000000,0.000000,0,0,1,0,1.000000,4.400542,1,800.000000,0.000000,,v0.4.1-interval-core
8681238047,8681598044,8681238047,8681238047,-359.997000,0,0,0,0,2,multiscale+elgendi_like,1.000000,0.000000,0,0,0,0,1.000000,4.647783,1,800.000000,359.997000,,v0.4.1-interval-core
8682006045,8682366043,8682006045,8682006045,-359.998000,0,0,0,0,2,multiscale+elgendi_like,1.000000,0.000000,0,0,0,0,1.000000,4.996499,1,820.000000,359.998000,,v0.4.1-interval-core
8682806043,8683182043,8682806043,8682806043,-376.000000,0,0,0,0,2,multiscale+elgendi_like,1.000000,0.000000,0,0,0,0,1.000000,5.145860,1,840.000500,376.000000,,v0.4.1-interval-core
8683678043,8684046047,8683678043,8683678043,-368.004000,0,0,0,0,2,multiscale+elgendi_like,1.000000,0.000000,0,0,0,0,1.000000,5.729059,1,844.000000,368.004000,,v0.4.1-interval-core
8684614043,8684982043,8684614043,8684614043,-368.000000,0,0,0,0,2,multiscale+elgendi_like,1.000000,0.000000,0,0,0,0,1.000000,5.586250,1,848.000000,368.000000,,v0.4.1-interval-core
8685558043,0,8685558043,8685558043,0.000000,1,0,0,0,2,multiscale+elgendi_like,1.000000,0.000000,0,0,1,0,1.000000,5.325281,1,848.000000,0.000000,,v0.4.1-interval-core
8686446047,0,8686446047,8686446047,0.000000,1,0,0,0,2,multiscale+elgendi_like,1.000000,0.000000,0,0,1,0,1.000000,4.221676,1,848.002000,0.000000,,v0.4.1-interval-core
8687334043,8687702043,8687334043,8687334043,-368.000000,0,0,0,0,2,multiscale+elgendi_like,1.000000,0.000000,0,0,0,0,1.000000,4.849067,1,848.002000,368.000000,,v0.4.1-interval-core
8688198043,0,8688198043,8688198043,0.000000,1,0,0,0,2,multiscale+elgendi_like,1.000000,0.000000,0,0,1,0,1.000000,4.373507,1,848.002000,0.000000,,v0.4.1-interval-core
8689046043,0,8689046043,8689046043,0.000000,1,0,0,0,2,multiscale+elgendi_like,1.000000,0.000000,0,0,1,0,1.000000,4.170690,1,848.002000,0.000000,,v0.4.1-interval-core
8689894047,8690270043,8689894047,8689894047,-375.996000,0,0,0,0,2,multiscale+elgendi_like,1.000000,0.000000,0,0,0,0,1.000000,4.383965,1,848.004000,375.996000,,v0.4.1-interval-core
8690782044,8691134045,8690782044,8690782044,-352.001000,0,0,0,0,2,multiscale+elgendi_like,1.000000,0.000000,0,0,0,0,1.000000,4.253102,1,848.002000,352.001000,,v0.4.1-interval-core
8691686043,8692054047,8691686043,8691686043,-368.004000,0,0,0,0,2,multiscale+elgendi_like,1.000000,0.000000,0,0,0,0,1.000000,4.855848,1,848.004000,368.004000,,v0.4.1-interval-core
8692574043,8692942046,8692574043,8692574043,-368.003000,0,0,0,0,2,multiscale+elgendi_like,1.000000,0.000000,0,0,0,0,1.000000,4.806014,1,856.003000,368.003000,,v0.4.1-interval-core
8693430046,0,8693430046,8693430046,0.000000,1,0,0,0,2,multiscale+elgendi_like,1.000000,0.000000,0,0,1,0,1.000000,4.437375,1,864.000000,0.000000,,v0.4.1-interval-core
8694254043,8694630046,8694254043,8694254043,-376.003000,0,0,0,0,2,multiscale+elgendi_like,1.000000,0.000000,0,0,0,0,1.000000,4.453763,1,872.000000,376.003000,,v0.4.1-interval-core
8695086043,8695454046,8695086043,8695086043,-368.003000,0,0,0,0,2,multiscale+elgendi_like,1.000000,0.000000,0,0,0,0,1.000000,4.637138,1,864.000000,368.003000,,v0.4.1-interval-core
8695934043,8696302046,8695934043,8695934043,-368.003000,0,0,0,0,2,multiscale+elgendi_like,1.000000,0.000000,0,0,0,0,1.000000,4.471125,1,856.003000,368.003000,,v0.4.1-interval-core
8696782047,8697150043,8696782047,8696782047,-367.996000,0,0,0,0,2,multiscale+elgendi_like,1.000000,0.000000,0,0,0,0,1.000000,4.398533,1,848.004000,367.996000,,v0.4.1-interval-core
8697598043,0,8697598043,8697598043,0.000000,1,0,0,0,2,multiscale+elgendi_like,1.000000,0.000000,0,0,1,0,1.000000,4.430555,1,848.004000,0.000000,,v0.4.1-interval-core
8698430043,8698806043,8698430043,8698430043,-376.000000,0,0,0,0,2,multiscale+elgendi_like,1.000000,0.000000,0,0,0,0,1.000000,4.730296,1,848.000000,376.000000,,v0.4.1-interval-core
8699310043,8699662043,8699310043,8699310043,-352.000000,0,0,0,0,2,multiscale+elgendi_like,1.000000,0.000000,0,0,0,0,1.000000,4.663739,1,848.000000,352.000000,,v0.4.1-interval-core
8700206043,8700566044,8700206043,8700206043,-360.001000,0,0,0,0,2,multiscale+elgendi_like,1.000000,0.000000,0,0,0,0,1.000000,4.566941,1,840.000000,360.001000,,v0.4.1-interval-core
8701094043,0,8701094043,8701094043,0.000000,1,0,0,0,2,multiscale+elgendi_like,1.000000,0.000000,0,0,1,0,1.000000,4.281729,1,836.000000,0.000000,,v0.4.1-interval-core
8701894047,8702262043,8701894047,8701894047,-367.996000,0,0,0,0,2,multiscale+elgendi_like,1.000000,0.000000,0,0,0,0,1.000000,4.128981,1,832.000000,367.996000,,v0.4.1-interval-core
8702694045,0,8702694045,8702694045,0.000000,1,0,0,0,2,multiscale+elgendi_like,1.000000,0.000000,0,0,1,0,1.000000,4.474687,1,832.000000,0.000000,,v0.4.1-interval-core
8703494045,0,8703494045,8703494045,0.000000,1,0,0,0,2,multiscale+elgendi_like,1.000000,0.000000,0,0,1,0,1.000000,4.325694,1,836.000000,0.000000,,v0.4.1-interval-core
8704294047,8704670043,8704294047,8704294047,-375.996000,0,0,0,0,2,multiscale+elgendi_like,1.000000,0.000000,0,0,0,0,1.000000,4.019106,1,836.000000,375.996000,,v0.4.1-interval-core
8705102043,8705462045,8705102043,8705102043,-360.002000,0,0,0,0,2,multiscale+elgendi_like,1.000000,0.000000,0,0,0,0,1.000000,4.438086,1,836.000000,360.002000,,v0.4.1-interval-core
8705854043,8706222043,8705854043,8705854043,-368.000000,0,0,0,0,2,multiscale+elgendi_like,1.000000,0.000000,0,0,0,0,1.000000,4.293345,1,844.000000,368.000000,,v0.4.1-interval-core
8706638043,8707006043,8706638043,8706638043,-368.000000,0,0,0,0,2,multiscale+elgendi_like,1.000000,0.000000,0,0,0,0,1.000000,4.854285,1,844.001500,368.000000,,v0.4.1-interval-core
8707478043,8707846043,8707478043,8707478043,-368.000000,0,0,0,0,2,multiscale+elgendi_like,1.000000,0.000000,0,0,0,0,1.000000,4.899545,1,844.001500,368.000000,,v0.4.1-interval-core
8708334043,8708710046,8708334043,8708334043,-376.003000,0,0,0,0,2,multiscale+elgendi_like,1.000000,0.000000,0,0,0,0,1.000000,4.792321,1,844.001500,376.003000,,v0.4.1-interval-core
8709182043,0,8709182043,8709182043,0.000000,1,0,0,0,2,multiscale+elgendi_like,1.000000,0.000000,0,0,1,0,1.000000,4.557835,1,848.000000,0.000000,,v0.4.1-interval-core
8710030043,0,8710030043,8710030043,0.000000,1,0,0,0,2,multiscale+elgendi_like,1.000000,0.000000,0,0,1,0,1.000000,4.670821,1,848.000000,0.000000,,v0.4.1-interval-core
8710894047,0,8710894047,8710894047,0.000000,1,0,0,0,2,multiscale+elgendi_like,1.000000,0.000000,0,0,1,0,1.000000,5.008732,1,844.001500,0.000000,,v0.4.1-interval-core
8711782047,0,8711782047,8711782047,0.000000,1,0,0,0,2,multiscale+elgendi_like,1.000000,0.000000,0,0,1,0,1.000000,5.041694,1,840.001500,0.000000,,v0.4.1-interval-core
8712646043,0,8712646043,8712646043,0.000000,1,0,0,0,2,multiscale+elgendi_like,1.000000,0.000000,0,0,1,0,1.000000,4.690306,1,832.000000,0.000000,,v0.4.1-interval-core
8713486046,0,8713486046,8713486046,0.000000,1,0,0,0,2,multiscale+elgendi_like,1.000000,0.000000,0,0,1,0,1.000000,4.633056,1,832.000000,0.000000,,v0.4.1-interval-core
8714366043,0,8714366043,8714366043,0.000000,1,0,0,0,2,multiscale+elgendi_like,1.000000,0.000000,0,0,1,0,1.000000,4.771317,1,832.000000,0.000000,,v0.4.1-interval-core
8715230043,0,8715230043,8715230043,0.000000,1,0,0,0,2,multiscale+elgendi_like,1.000000,0.000000,0,0,1,0,1.000000,4.672308,1,832.000000,0.000000,,v0.4.1-interval-core
8716078043,8716446045,8716078043,8716078043,-368.002000,0,0,0,0,2,multiscale+elgendi_like,1.000000,0.000000,0,0,0,0,1.000000,4.274838,1,840.001500,368.002000,,v0.4.1-interval-core
8716902043,0,8716902043,8716902043,0.000000,1,0,0,0,2,multiscale+elgendi_like,1.000000,0.000000,0,0,1,0,1.000000,4.638264,1,844.001500,0.000000,,v0.4.1-interval-core
8717710043,8718070045,8717710043,8717710043,-360.002000,0,0,0,0,2,multiscale+elgendi_like,1.000000,0.000000,0,0,0,0,1.000000,4.489664,1,848.000000,360.002000,,v0.4.1-interval-core
8718518043,0,8718518043,8718518043,0.000000,1,0,0,0,2,multiscale+elgendi_like,1.000000,0.000000,0,0,1,0,1.000000,4.292000,1,848.000000,0.000000,,v0.4.1-interval-core
8719318043,8719686043,8719318043,8719318043,-368.000000,0,0,0,0,2,multiscale+elgendi_like,1.000000,0.000000,0,0,0,0,1.000000,4.694721,1,848.000000,368.000000,,v0.4.1-interval-core
8720102043,8720462043,8720102043,8720102043,-360.000000,0,0,0,0,2,multiscale+elgendi_like,1.000000,0.000000,0,0,0,0,1.000000,4.770545,1,844.001500,360.000000,,v0.4.1-interval-core
8720918043,8721278043,8720918043,8720918043,-360.000000,0,0,0,0,2,multiscale+elgendi_like,1.000000,0.000000,0,0,0,0,1.000000,4.852807,1,844.001500,360.000000,,v0.4.1-interval-core
8721718047,8722070045,8721718047,8721718047,-351.998000,0,0,0,0,2,multiscale+elgendi_like,1.000000,0.000000,0,0,0,0,1.000000,4.983833,1,844.001500,351.998000,,v0.4.1-interval-core
8722574043,0,8722574043,8722574043,0.000000,1,0,0,0,2,multiscale+elgendi_like,1.000000,0.000000,0,0,1,0,1.000000,5.096016,1,844.001500,0.000000,,v0.4.1-interval-core
8723422043,8723798047,8723422043,8723422043,-376.004000,0,0,0,0,2,multiscale+elgendi_like,1.000000,0.000000,0,0,0,0,1.000000,5.110242,1,844.001500,376.004000,,v0.4.1-interval-core
8724294044,8724622046,8724294044,8724294044,-328.002000,0,0,0,0,2,multiscale+elgendi_like,1.000000,0.000000,0,0,0,0,1.000000,5.261766,1,844.001500,328.002000,,v0.4.1-interval-core
8725118043,8725478044,8725118043,8725118043,-360.001000,0,0,0,0,2,multiscale+elgendi_like,1.000000,0.000000,0,0,0,0,1.000000,4.567581,1,848.000000,360.001000,,v0.4.1-interval-core
8725894047,8726262044,8725894047,8725894047,-367.997000,0,0,0,0,2,multiscale+elgendi_like,1.000000,0.000000,0,0,0,0,1.000000,4.734079,1,836.000000,367.997000,,v0.4.1-interval-core
8726718046,0,8726718046,8726718046,0.000000,1,0,0,0,2,multiscale+elgendi_like,1.000000,0.000000,0,0,1,0,1.000000,5.231361,1,823.999500,0.000000,,v0.4.1-interval-core
8727622047,0,8727622047,8727622047,0.000000,1,0,0,0,2,multiscale+elgendi_like,1.000000,0.000000,0,0,1,0,1.000000,5.400535,1,827.999500,0.000000,,v0.4.1-interval-core
8728630047,8728990043,8728630047,8728630047,-359.996000,0,0,0,0,2,multiscale+elgendi_like,1.000000,0.000000,0,0,0,0,1.000000,5.503214,1,828.000500,359.996000,,v0.4.1-interval-core
8729566043,0,8729566043,8729566043,0.000000,1,0,0,0,2,multiscale+elgendi_like,1.000000,0.000000,0,0,1,0,1.000000,4.680323,1,832.002000,0.000000,,v0.4.1-interval-core
8730462043,0,8730462043,8730462043,0.000000,1,0,0,0,2,multiscale+elgendi_like,1.000000,0.000000,0,0,1,0,1.000000,4.894104,1,848.000000,0.000000,,v0.4.1-interval-core
8731350043,8731726043,8731350043,8731350043,-376.000000,0,0,0,0,2,multiscale+elgendi_like,1.000000,0.000000,0,0,0,0,1.000000,5.025397,1,848.000000,376.000000,,v0.4.1-interval-core
8732214043,8732582043,8732214043,8732214043,-368.000000,0,0,0,0,2,multiscale+elgendi_like,1.000000,0.000000,0,0,0,0,1.000000,4.386979,1,855.996000,368.000000,,v0.4.1-interval-core
8732998043,8733358043,8732998043,8732998043,-360.000000,0,0,0,0,2,multiscale+elgendi_like,1.000000,0.000000,0,0,0,0,1.000000,4.238975,1,855.998000,360.000000,,v0.4.1-interval-core
8733790043,0,8733790043,8733790043,0.000000,1,0,0,0,2,multiscale+elgendi_like,1.000000,0.000000,0,0,1,0,1.000000,4.681058,1,864.000000,0.000000,,v0.4.1-interval-core
8734622045,0,8734622045,8734622045,0.000000,1,0,0,0,2,multiscale+elgendi_like,1.000000,0.000000,0,0,1,0,1.000000,5.120689,1,864.000000,0.000000,,v0.4.1-interval-core
8735478043,8735846043,8735478043,8735478043,-368.000000,0,0,0,0,2,multiscale+elgendi_like,1.000000,0.000000,0,0,0,0,1.000000,4.811858,1,863.996000,368.000000,,v0.4.1-interval-core
8736302043,8736662045,8736302043,8736302043,-360.002000,0,0,0,0,2,multiscale+elgendi_like,1.000000,0.000000,0,0,0,0,1.000000,4.414428,1,864.000000,360.002000,,v0.4.1-interval-core
8737150043,8737510046,8737150043,8737150043,-360.003000,0,0,0,0,2,multiscale+elgendi_like,1.000000,0.000000,0,0,0,0,1.000000,4.894524,1,872.000000,360.003000,,v0.4.1-interval-core
8738030043,8738398043,8738030043,8738030043,-368.000000,0,0,0,0,2,multiscale+elgendi_like,1.000000,0.000000,0,0,0,0,1.000000,5.136293,1,872.000000,368.000000,,v0.4.1-interval-core
8738910043,8739270043,8738910043,8738910043,-360.000000,0,0,0,0,2,multiscale+elgendi_like,1.000000,0.000000,0,0,0,0,1.000000,4.991922,1,864.000000,360.000000,,v0.4.1-interval-core
8739782043,8740150043,8739782043,8739782043,-368.000000,0,0,0,0,2,multiscale+elgendi_like,1.000000,0.000000,0,0,0,0,1.000000,5.208563,1,863.996000,368.000000,,v0.4.1-interval-core
8740678047,8741054043,8740678047,8740678047,-375.996000,0,0,0,0,2,multiscale+elgendi_like,1.000000,0.000000,0,0,0,0,1.000000,5.532666,1,855.998000,375.996000,,v0.4.1-interval-core
8741542043,8741902043,8741542043,8741542043,-360.000000,0,0,0,0,2,multiscale+elgendi_like,1.000000,0.000000,0,0,0,0,1.000000,4.997105,1,855.996000,360.000000,,v0.4.1-interval-core
8742374043,8742734047,8742374043,8742374043,-360.004000,0,0,0,0,2,multiscale+elgendi_like,1.000000,0.000000,0,0,0,0,1.000000,4.937973,1,848.004000,360.004000,,v0.4.1-interval-core
8743246046,8743550043,8743246046,8743246046,-303.997000,0,0,0,0,2,multiscale+elgendi_like,1.000000,0.000000,0,0,0,0,1.000000,5.268075,1,848.000000,303.997000,,v0.4.1-interval-core
8744126043,8744502045,8744126043,8744126043,-376.002000,0,0,0,0,2,multiscale+elgendi_like,1.000000,0.000000,0,0,0,0,1.000000,4.955610,1,848.000000,376.002000,,v0.4.1-interval-core
8744974047,0,8744974047,8744974047,0.000000,1,0,0,0,2,multiscale+elgendi_like,1.000000,0.000000,0,0,1,0,1.000000,4.569430,1,848.000000,0.000000,,v0.4.1-interval-core
8745830043,0,8745830043,8745830043,0.000000,1,0,0,0,2,multiscale+elgendi_like,1.000000,0.000000,0,0,1,0,1.000000,4.804519,1,848.000000,0.000000,,v0.4.1-interval-core
8746678043,8747030043,8746678043,8746678043,-352.000000,0,0,0,0,2,multiscale+elgendi_like,1.000000,0.000000,0,0,0,0,1.000000,4.552504,1,848.000000,352.000000,,v0.4.1-interval-core
8747494043,8747862044,8747494043,8747494043,-368.001000,0,0,0,0,2,multiscale+elgendi_like,1.000000,0.000000,0,0,0,0,1.000000,4.187201,1,848.000000,368.001000,,v0.4.1-interval-core
8748270046,8748638043,8748270046,8748270046,-367.997000,0,0,0,0,2,multiscale+elgendi_like,1.000000,0.000000,0,0,0,0,1.000000,4.017379,1,848.000000,367.997000,,v0.4.1-interval-core
8749046047,8749374043,8749046047,8749046047,-327.996000,0,0,0,0,2,multiscale+elgendi_like,1.000000,0.000000,0,0,0,0,1.000000,4.363225,1,840.004000,327.996000,,v0.4.1-interval-core
8749846043,0,8749846043,8749846043,0.000000,1,0,0,0,2,multiscale+elgendi_like,1.000000,0.000000,0,0,1,0,1.000000,4.357029,1,836.002000,0.000000,,v0.4.1-interval-core
8750638043,0,8750638043,8750638043,0.000000,1,0,0,0,2,multiscale+elgendi_like,1.000000,0.000000,0,0,1,0,1.000000,4.175700,1,832.000000,0.000000,,v0.4.1-interval-core
8751438043,0,8751438043,8751438043,0.000000,1,0,0,0,2,multiscale+elgendi_like,1.000000,0.000000,0,0,1,0,1.000000,4.264007,1,824.001000,0.000000,,v0.4.1-interval-core
8752278047,0,8752278047,8752278047,0.000000,1,0,0,0,2,multiscale+elgendi_like,1.000000,0.000000,0,0,1,0,1.000000,4.893775,1,816.001000,0.000000,,v0.4.1-interval-core
8753134043,0,8753134043,8753134043,0.000000,1,0,0,0,2,multiscale+elgendi_like,1.000000,0.000000,0,0,1,0,1.000000,4.670527,1,816.001000,0.000000,,v0.4.1-interval-core
8753966043,0,8753966043,8753966043,0.000000,1,0,0,0,2,multiscale+elgendi_like,1.000000,0.000000,0,0,1,0,1.000000,4.147945,1,816.000000,0.000000,,v0.4.1-interval-core
8754782045,0,8754782045,8754782045,0.000000,1,0,0,0,2,multiscale+elgendi_like,1.000000,0.000000,0,0,1,0,1.000000,4.392184,1,816.000000,0.000000,,v0.4.1-interval-core
8755566043,8755214043,8755566043,8755566043,352.000000,0,0,0,0,2,multiscale+elgendi_like,1.000000,0.000000,0,0,0,0,1.000000,4.163512,1,808.002000,352.000000,,v0.4.1-interval-core
8756350043,0,8756350043,8756350043,0.000000,1,0,0,0,2,multiscale+elgendi_like,1.000000,0.000000,0,0,1,0,1.000000,4.595555,1,808.002000,0.000000,,v0.4.1-interval-core
8757150043,8757510043,8757150043,8757150043,-360.000000,0,0,0,0,2,multiscale+elgendi_like,1.000000,0.000000,0,0,0,0,1.000000,4.757895,1,808.002000,360.000000,,v0.4.1-interval-core
8757950047,0,8757950047,8757950047,0.000000,1,0,0,0,2,multiscale+elgendi_like,1.000000,0.000000,0,0,1,0,1.000000,4.642314,1,808.002000,0.000000,,v0.4.1-interval-core
8758734043,8759094045,8758734043,8758734043,-360.002000,0,0,0,0,2,multiscale+elgendi_like,1.000000,0.000000,0,0,0,0,1.000000,4.609133,1,808.003000,360.002000,,v0.4.1-interval-core
8759582043,8759942043,8759582043,8759582043,-360.000000,0,0,0,0,2,multiscale+elgendi_like,1.000000,0.000000,0,0,0,0,1.000000,5.281842,1,816.002000,360.000000,,v0.4.1-interval-core
8760438047,8760798045,8760438047,8760438047,-359.998000,0,0,0,0,2,multiscale+elgendi_like,1.000000,0.000000,0,0,0,0,1.000000,4.690546,1,816.002000,359.998000,,v0.4.1-interval-core
8761230043,8761582043,8761230043,8761230043,-352.000000,0,0,0,0,2,multiscale+elgendi_like,1.000000,0.000000,0,0,0,0,1.000000,4.452302,1,816.002000,352.000000,,v0.4.1-interval-core
8762046046,8762398043,8762046046,8762046046,-351.997000,0,0,0,0,2,multiscale+elgendi_like,1.000000,0.000000,0,0,0,0,1.000000,4.930666,1,816.002000,351.997000,,v0.4.1-interval-core
8762878043,8763206043,8762878043,8762878043,-328.000000,0,0,0,0,2,multiscale+elgendi_like,1.000000,0.000000,0,0,0,0,1.000000,4.919946,1,816.002000,328.000000,,v0.4.1-interval-core
8763758043,0,8763758043,8763758043,0.000000,1,0,0,0,2,multiscale+elgendi_like,1.000000,0.000000,0,0,1,0,1.000000,4.956688,1,800.004000,0.000000,,v0.4.1-interval-core
8764606047,8764966043,8764606047,8764606047,-359.996000,0,0,0,0,2,multiscale+elgendi_like,1.000000,0.000000,0,0,0,0,1.000000,4.471327,1,800.000000,359.996000,,v0.4.1-interval-core
8765430043,0,8765430043,8765430043,0.000000,1,0,0,0,2,multiscale+elgendi_like,1.000000,0.000000,0,0,1,0,1.000000,4.741988,1,791.997000,0.000000,,v0.4.1-interval-core
8766246045,8766582046,8766246045,8766246045,-336.001000,0,0,0,0,2,multiscale+elgendi_like,1.000000,0.000000,0,0,0,0,1.000000,4.782445,1,791.997000,336.001000,,v0.4.1-interval-core
8767038043,0,8767038043,8767038043,0.000000,1,0,0,0,2,multiscale+elgendi_like,1.000000,0.000000,0,0,1,0,1.000000,4.449148,1,791.998500,0.000000,,v0.4.1-interval-core
8767742043,8767406046,8767742043,8767742043,335.997000,0,0,0,0,2,multiscale+elgendi_like,1.000000,0.000000,0,0,0,0,1.000000,3.490158,1,800.000000,335.997000,,v0.4.1-interval-core
8768446043,8768798043,8768446043,8768446043,-352.000000,0,0,0,0,2,multiscale+elgendi_like,1.000000,0.000000,0,0,0,0,1.000000,4.451206,1,799.997000,352.000000,,v0.4.1-interval-core
8769134043,8769454043,8769134043,8769134043,-320.000000,0,0,0,0,2,multiscale+elgendi_like,1.000000,0.000000,0,0,0,0,1.000000,4.120013,1,799.997000,320.000000,,v0.4.1-interval-core
8769798043,8770134043,8769798043,8769798043,-336.000000,0,0,0,0,2,multiscale+elgendi_like,1.000000,0.000000,0,0,0,0,1.000000,3.981193,1,816.002000,336.000000,,v0.4.1-interval-core
8770502043,8770846043,8770502043,8770502043,-344.000000,0,0,0,0,2,multiscale+elgendi_like,1.000000,0.000000,0,0,0,0,1.000000,4.204416,1,816.002000,344.000000,,v0.4.1-interval-core
8771190047,8771542046,8771190047,8771190047,-351.999000,0,0,0,0,2,multiscale+elgendi_like,1.000000,0.000000,0,0,0,0,1.000000,4.068976,1,816.002000,351.999000,,v0.4.1-interval-core
8771918043,8772262043,8771918043,8771918043,-344.000000,0,0,0,0,2,multiscale+elgendi_like,1.000000,0.000000,0,0,0,0,1.000000,4.572131,1,816.002000,344.000000,,v0.4.1-interval-core
8772702047,8773046043,8772702047,8772702047,-343.996000,0,0,0,0,2,multiscale+elgendi_like,1.000000,0.000000,0,0,0,0,1.000000,4.604071,1,823.996000,343.996000,,v0.4.1-interval-core
8773526047,8773886046,8773526047,8773526047,-359.999000,0,0,0,0,2,multiscale+elgendi_like,1.000000,0.000000,0,0,0,0,1.000000,4.440818,1,823.996000,359.999000,,v0.4.1-interval-core
8774326044,8774678043,8774326044,8774326044,-351.999000,0,0,0,0,2,multiscale+elgendi_like,1.000000,0.000000,0,0,0,0,1.000000,4.129544,1,823.996000,351.999000,,v0.4.1-interval-core
8775198046,8775550043,8775198046,8775198046,-351.997000,0,0,0,0,2,multiscale+elgendi_like,1.000000,0.000000,0,0,0,0,1.000000,5.035314,1,816.002000,351.997000,,v0.4.1-interval-core
8776126044,0,8776126044,8776126044,0.000000,1,0,0,0,2,multiscale+elgendi_like,1.000000,0.000000,0,0,1,0,1.000000,4.663688,1,823.996000,0.000000,,v0.4.1-interval-core
8777046043,8777398043,8777046043,8777046043,-352.000000,0,0,0,0,2,multiscale+elgendi_like,1.000000,0.000000,0,0,0,0,1.000000,4.124232,1,824.000000,352.000000,,v0.4.1-interval-core
8777958047,8778302043,8777958047,8777958047,-343.996000,0,0,0,0,2,multiscale+elgendi_like,1.000000,0.000000,0,0,0,0,1.000000,4.392591,1,831.997000,343.996000,,v0.4.1-interval-core
8778854046,8779198043,8778854046,8778854046,-343.997000,0,0,0,0,2,multiscale+elgendi_like,1.000000,0.000000,0,0,0,0,1.000000,4.220310,1,867.998500,343.997000,,v0.4.1-interval-core
8779726046,8780102046,8779726046,8779726046,-376.000000,0,0,0,0,2,multiscale+elgendi_like,1.000000,0.000000,0,0,0,0,1.000000,3.997164,1,867.998500,376.000000,,v0.4.1-interval-core
8780558043,8780934043,8780558043,8780558043,-376.000000,0,0,0,0,2,multiscale+elgendi_like,1.000000,0.000000,0,0,0,0,1.000000,4.126925,1,867.998500,376.000000,,v0.4.1-interval-core
8781430047,0,8781430047,8781430047,0.000000,1,0,0,0,2,multiscale+elgendi_like,1.000000,0.000000,0,0,1,0,1.000000,4.490758,1,867.998500,0.000000,,v0.4.1-interval-core
8782334047,8782694047,8782334047,8782334047,-360.000000,0,0,0,0,2,multiscale+elgendi_like,1.000000,0.000000,0,0,0,0,1.000000,4.710157,1,867.998500,360.000000,,v0.4.1-interval-core
8783238046,8783582043,8783238046,8783238046,-343.997000,0,0,0,0,2,multiscale+elgendi_like,1.000000,0.000000,0,0,0,0,1.000000,4.395898,1,867.998500,343.997000,,v0.4.1-interval-core
8784110043,8784478043,8784110043,8784110043,-368.000000,0,0,0,0,2,multiscale+elgendi_like,1.000000,0.000000,0,0,0,0,1.000000,4.376126,1,867.998500,368.000000,,v0.4.1-interval-core
8785014043,0,8785014043,8785014043,0.000000,1,0,0,0,2,multiscale+elgendi_like,1.000000,0.000000,0,0,1,0,1.000000,4.481006,1,871.998500,0.000000,,v0.4.1-interval-core
8785878043,8786246043,8785878043,8785878043,-368.000000,0,0,0,0,2,multiscale+elgendi_like,1.000000,0.000000,0,0,0,0,1.000000,4.159130,1,872.001000,368.000000,,v0.4.1-interval-core
8786686043,8787054043,8786686043,8786686043,-368.000000,0,0,0,0,2,multiscale+elgendi_like,1.000000,0.000000,0,0,0,0,1.000000,4.208852,1,872.000000,368.000000,,v0.4.1-interval-core
8787502043,8787870043,8787502043,8787502043,-368.000000,0,0,0,0,2,multiscale+elgendi_like,1.000000,0.000000,0,0,0,0,1.000000,4.369401,1,872.000000,368.000000,,v0.4.1-interval-core
8788286047,8788622046,8788286047,8788286047,-335.999000,0,0,0,0,2,multiscale+elgendi_like,1.000000,0.000000,0,0,0,0,1.000000,4.098224,1,872.000000,335.999000,,v0.4.1-interval-core
8788990043,8789334043,8788990043,8788990043,-344.000000,0,0,0,0,2,multiscale+elgendi_like,1.000000,0.000000,0,0,0,0,1.000000,3.557948,1,872.000000,344.000000,,v0.4.1-interval-core
8789678043,8790030043,8789678043,8789678043,-352.000000,0,0,0,0,2,multiscale+elgendi_like,1.000000,0.000000,0,0,0,0,1.000000,3.668325,1,872.002000,352.000000,,v0.4.1-interval-core
8790382044,8790734043,8790382044,8790382044,-351.999000,0,0,0,0,2,multiscale+elgendi_like,1.000000,0.000000,0,0,0,0,1.000000,4.209282,1,872.004000,351.999000,,v0.4.1-interval-core
8791166044,8791518043,8791166044,8791166044,-351.999000,0,0,0,0,2,multiscale+elgendi_like,1.000000,0.000000,0,0,0,0,1.000000,5.168697,1,871.997000,351.999000,,v0.4.1-interval-core
8792078047,8792446043,8792078047,8792078047,-367.996000,0,0,0,0,2,multiscale+elgendi_like,1.000000,0.000000,0,0,0,0,1.000000,5.811772,1,867.998500,367.996000,,v0.4.1-interval-core
8793078043,8793446043,8793078043,8793078043,-368.000000,0,0,0,0,2,multiscale+elgendi_like,1.000000,0.000000,0,0,0,0,1.000000,6.022467,1,848.002000,368.000000,,v0.4.1-interval-core
8794006043,8794334043,8794006043,8794006043,-328.000000,0,0,0,0,2,multiscale+elgendi_like,1.000000,0.000000,0,0,0,0,1.000000,5.351007,1,832.002000,328.000000,,v0.4.1-interval-core
8794982043,8795238043,8794982043,8794982043,-256.000000,0,0,0,0,2,multiscale+elgendi_like,1.000000,0.000000,0,0,0,0,1.000000,5.912931,1,828.000000,256.000000,,v0.4.1-interval-core
8795942046,8796302043,8795942046,8795942046,-359.997000,0,0,0,0,2,multiscale+elgendi_like,1.000000,0.000000,0,0,0,0,1.000000,5.433013,1,824.000000,359.997000,,v0.4.1-interval-core
8796862043,0,8796862043,8796862043,0.000000,1,0,0,0,2,multiscale+elgendi_like,1.000000,0.000000,0,0,1,0,1.000000,4.855405,1,824.000000,0.000000,,v0.4.1-interval-core
8797694047,8798062043,8797694047,8797694047,-367.996000,0,0,0,0,2,multiscale+elgendi_like,1.000000,0.000000,0,0,0,0,1.000000,4.693973,1,824.000000,367.996000,,v0.4.1-interval-core
8798526047,8798870043,8798526047,8798526047,-343.996000,0,0,0,0,2,multiscale+elgendi_like,1.000000,0.000000,0,0,0,0,1.000000,4.890598,1,832.000000,343.996000,,v0.4.1-interval-core
8799350047,0,8799350047,8799350047,0.000000,1,0,0,0,2,multiscale+elgendi_like,1.000000,0.000000,0,0,1,0,1.000000,4.590760,1,832.004000,0.000000,,v0.4.1-interval-core
8800142044,8800478044,8800142044,8800142044,-336.000000,0,0,0,0,2,multiscale+elgendi_like,1.000000,0.000000,0,0,0,0,1.000000,4.398444,1,872.000000,336.000000,,v0.4.1-interval-core
8800926043,8801302043,8800926043,8800926043,-376.000000,0,0,0,0,2,multiscale+elgendi_like,1.000000,0.000000,0,0,0,0,1.000000,4.609684,1,872.000000,376.000000,,v0.4.1-interval-core
8801750043,8802118043,8801750043,8801750043,-368.000000,0,0,0,0,2,multiscale+elgendi_like,1.000000,0.000000,0,0,0,0,1.000000,4.608397,1,872.000000,368.000000,,v0.4.1-interval-core
8802574043,0,8802574043,8802574043,0.000000,1,0,0,0,2,multiscale+elgendi_like,1.000000,0.000000,0,0,1,0,1.000000,4.353421,1,872.000000,0.000000,,v0.4.1-interval-core
8803446043,8803822046,8803446043,8803446043,-376.003000,0,0,0,0,2,multiscale+elgendi_like,1.000000,0.000000,0,0,0,0,1.000000,4.936525,1,847.996000,376.003000,,v0.4.1-interval-core
8804358043,8804702043,8804358043,8804358043,-344.000000,0,0,0,0,2,multiscale+elgendi_like,1.000000,0.000000,0,0,0,0,1.000000,5.140895,1,840.002000,344.000000,,v0.4.1-interval-core
8805254046,0,8805254046,8805254046,0.000000,1,0,0,0,2,multiscale+elgendi_like,1.000000,0.000000,0,0,1,0,1.000000,4.663381,1,832.004000,0.000000,,v0.4.1-interval-core
8806142043,0,8806142043,8806142043,0.000000,1,0,0,0,2,multiscale+elgendi_like,1.000000,0.000000,0,0,1,0,1.000000,5.187270,1,832.000000,0.000000,,v0.4.1-interval-core
8807030047,8807398043,8807030047,8807030047,-367.996000,0,0,0,0,2,multiscale+elgendi_like,1.000000,0.000000,0,0,0,0,1.000000,5.123188,1,832.000000,367.996000,,v0.4.1-interval-core
8807878043,8808238043,8807878043,8807878043,-360.000000,0,0,0,0,2,multiscale+elgendi_like,1.000000,0.000000,0,0,0,0,1.000000,4.554594,1,832.000000,360.000000,,v0.4.1-interval-core
8808718045,8809070043,8808718045,8808718045,-351.998000,0,0,0,0,2,multiscale+elgendi_like,1.000000,0.000000,0,0,0,0,1.000000,4.792591,1,832.000000,351.998000,,v0.4.1-interval-core
8809550043,8809918043,8809550043,8809550043,-368.000000,0,0,0,0,2,multiscale+elgendi_like,1.000000,0.000000,0,0,0,0,1.000000,4.678344,1,840.002000,368.000000,,v0.4.1-interval-core
8810350043,8810726043,8810350043,8810350043,-376.000000,0,0,0,0,2,multiscale+elgendi_like,1.000000,0.000000,0,0,0,0,1.000000,4.353271,1,847.996000,376.000000,,v0.4.1-interval-core
8811126043,8811494043,8811126043,8811126043,-368.000000,0,0,0,0,2,multiscale+elgendi_like,1.000000,0.000000,0,0,0,0,1.000000,4.451298,1,859.998000,368.000000,,v0.4.1-interval-core
8811894043,8812262043,8811894043,8811894043,-368.000000,0,0,0,0,2,multiscale+elgendi_like,1.000000,0.000000,0,0,0,0,1.000000,4.678997,1,872.000000,368.000000,,v0.4.1-interval-core
8812726043,8813094043,8812726043,8812726043,-368.000000,0,0,0,0,2,multiscale+elgendi_like,1.000000,0.000000,0,0,0,0,1.000000,5.250373,1,880.004000,368.000000,,v0.4.1-interval-core
8813638046,8814006043,8813638046,8813638046,-367.997000,0,0,0,0,2,multiscale+elgendi_like,1.000000,0.000000,0,0,0,0,1.000000,5.946595,1,887.997000,367.997000,,v0.4.1-interval-core
8814598043,8814894050,8814598043,8814598043,-296.007000,0,0,0,0,2,multiscale+elgendi_like,1.000000,0.000000,0,0,0,0,1.000000,5.424096,1,887.997000,296.007000,,v0.4.1-interval-core
8815510047,0,8815510047,8815510047,0.000000,1,0,0,0,2,multiscale+elgendi_like,1.000000,0.000000,0,0,1,0,1.000000,4.884763,1,856.000000,0.000000,,v0.4.1-interval-core
8816430043,0,8816430043,8816430043,0.000000,1,0,0,0,2,multiscale+elgendi_like,1.000000,0.000000,0,0,1,0,1.000000,5.452234,1,847.996000,0.000000,,v0.4.1-interval-core
8817366043,8817742043,8817366043,8817366043,-376.000000,0,0,0,0,2,multiscale+elgendi_like,1.000000,0.000000,0,0,0,0,1.000000,5.245786,1,847.996000,376.000000,,v0.4.1-interval-core
8818254043,0,8818254043,8818254043,0.000000,1,0,0,0,2,multiscale+elgendi_like,1.000000,0.000000,0,0,1,0,1.000000,4.803438,1,840.002000,0.000000,,v0.4.1-interval-core
8819142043,8819518048,8819142043,8819142043,-376.005000,0,0,0,0,2,multiscale+elgendi_like,1.000000,0.000000,0,0,0,0,1.000000,5.147314,1,840.000000,376.005000,,v0.4.1-interval-core
8819998043,0,8819998043,8819998043,0.000000,1,0,0,0,2,multiscale+elgendi_like,1.000000,0.000000,0,0,1,0,1.000000,4.958891,1,840.000000,0.000000,,v0.4.1-interval-core
8820838043,8821214046,8820838043,8820838043,-376.003000,0,0,0,0,2,multiscale+elgendi_like,1.000000,0.000000,0,0,0,0,1.000000,4.618843,1,855.996000,376.003000,,v0.4.1-interval-core
8821630043,8821990045,8821630043,8821630043,-360.002000,0,0,0,0,2,multiscale+elgendi_like,1.000000,0.000000,0,0,0,0,1.000000,4.415357,1,855.996000,360.002000,,v0.4.1-interval-core
8822430043,8822782043,8822430043,8822430043,-352.000000,0,0,0,0,2,multiscale+elgendi_like,1.000000,0.000000,0,0,0,0,1.000000,4.823589,1,855.996000,352.000000,,v0.4.1-interval-core
8823246043,8823622043,8823246043,8823246043,-376.000000,0,0,0,0,2,multiscale+elgendi_like,1.000000,0.000000,0,0,0,0,1.000000,4.942011,1,856.000000,376.000000,,v0.4.1-interval-core
8824102043,8824470043,8824102043,8824102043,-368.000000,0,0,0,0,2,multiscale+elgendi_like,1.000000,0.000000,0,0,0,0,1.000000,4.974732,1,856.000000,368.000000,,v0.4.1-interval-core
8824926043,0,8824926043,8824926043,0.000000,1,0,0,0,2,multiscale+elgendi_like,1.000000,0.000000,0,0,1,0,1.000000,4.443175,1,855.996000,0.000000,,v0.4.1-interval-core
8825742047,0,8825742047,8825742047,0.000000,1,0,0,0,2,multiscale+elgendi_like,1.000000,0.000000,0,0,1,0,1.000000,4.792919,1,848.004000,0.000000,,v0.4.1-interval-core
8826598043,0,8826598043,8826598043,0.000000,1,0,0,0,2,multiscale+elgendi_like,1.000000,0.000000,0,0,1,0,1.000000,5.034957,1,848.004000,0.000000,,v0.4.1-interval-core
8827470043,8827838043,8827470043,8827470043,-368.000000,0,0,0,0,2,multiscale+elgendi_like,1.000000,0.000000,0,0,0,0,1.000000,4.800384,1,840.000000,368.000000,,v0.4.1-interval-core
8828318047,8828678043,8828318047,8828318047,-359.996000,0,0,0,0,2,multiscale+elgendi_like,1.000000,0.000000,0,0,0,0,1.000000,4.535901,1,840.000000,359.996000,,v0.4.1-interval-core
8829158044,0,8829158044,8829158044,0.000000,1,0,0,0,2,multiscale+elgendi_like,1.000000,0.000000,0,0,1,0,1.000000,4.797343,1,839.998500,0.000000,,v0.4.1-interval-core
8830014045,8830382043,8830014045,8830014045,-367.998000,0,0,0,0,2,multiscale+elgendi_like,1.000000,0.000000,0,0,0,0,1.000000,4.590297,1,832.000000,367.998000,,v0.4.1-interval-core
8830830043,0,8830830043,8830830043,0.000000,1,0,0,0,2,multiscale+elgendi_like,1.000000,0.000000,0,0,1,0,1.000000,4.193830,1,824.000000,0.000000,,v0.4.1-interval-core
8831662043,0,8831662043,8831662043,0.000000,1,0,0,0,2,multiscale+elgendi_like,1.000000,0.000000,0,0,1,0,1.000000,4.543815,1,816.004000,0.000000,,v0.4.1-interval-core
8832502043,0,8832502043,8832502043,0.000000,1,0,0,0,2,multiscale+elgendi_like,1.000000,0.000000,0,0,1,0,1.000000,4.646993,1,816.000000,0.000000,,v0.4.1-interval-core
8833358043,8833718043,8833358043,8833358043,-360.000000,0,0,0,0,2,multiscale+elgendi_like,1.000000,0.000000,0,0,0,0,1.000000,4.514348,1,816.000000,360.000000,,v0.4.1-interval-core
8834174043,0,8834174043,8834174043,0.000000,1,0,0,0,2,multiscale+elgendi_like,1.000000,0.000000,0,0,1,0,1.000000,4.165921,1,815.999000,0.000000,,v0.4.1-interval-core
8834974043,8835278043,8834974043,8834974043,-304.000000,0,0,0,0,2,multiscale+elgendi_like,1.000000,0.000000,0,0,0,0,1.000000,4.412314,1,815.999000,304.000000,,v0.4.1-interval-core
8835758043,0,8835758043,8835758043,0.000000,1,0,0,0,2,multiscale+elgendi_like,1.000000,0.000000,0,0,1,0,1.000000,4.268017,1,807.999000,0.000000,,v0.4.1-interval-core
8836526043,0,8836526043,8836526043,0.000000,1,0,0,0,2,multiscale+elgendi_like,1.000000,0.000000,0,0,1,0,1.000000,3.979145,1,792.000000,0.000000,,v0.4.1-interval-core
8837310043,0,8837310043,8837310043,0.000000,1,0,0,0,2,multiscale+elgendi_like,1.000000,0.000000,0,0,1,0,1.000000,4.105189,1,792.000000,0.000000,,v0.4.1-interval-core
8838094043,0,8838094043,8838094043,0.000000,1,0,0,0,2,multiscale+elgendi_like,1.000000,0.000000,0,0,1,0,1.000000,4.186267,1,784.000000,0.000000,,v0.4.1-interval-core
8838878043,0,8838878043,8838878043,0.000000,1,0,0,0,2,multiscale+elgendi_like,1.000000,0.000000,0,0,1,0,1.000000,4.385514,1,784.000000,0.000000,,v0.4.1-interval-core
8839622043,8839286043,8839622043,8839622043,336.000000,0,0,0,0,2,multiscale+elgendi_like,1.000000,0.000000,0,0,0,0,1.000000,4.087089,1,784.000000,336.000000,,v0.4.1-interval-core
8840302043,8839990043,8840302043,8840302043,312.000000,0,0,0,0,2,multiscale+elgendi_like,1.000000,0.000000,0,0,0,0,1.000000,3.866033,1,784.000000,312.000000,,v0.4.1-interval-core
8840934043,8840694045,8840934043,8840934043,239.998000,0,0,0,0,2,multiscale+elgendi_like,1.000000,0.000000,0,0,0,0,1.000000,2.930776,1,792.000000,239.998000,,v0.4.1-interval-core
8841542045,8841286047,8841542045,8841542045,255.998000,0,0,0,0,2,multiscale+elgendi_like,1.000000,0.000000,0,0,0,0,1.000000,3.565288,1,784.000000,255.998000,,v0.4.1-interval-core
8842174043,8842446043,8842174043,8842174043,-272.000000,0,0,0,0,2,multiscale+elgendi_like,1.000000,0.000000,0,0,0,0,1.000000,5.173106,1,784.000000,272.000000,,v0.4.1-interval-core
8842870043,8843118047,8842870043,8842870043,-248.004000,0,0,0,0,2,multiscale+elgendi_like,1.000000,0.000000,0,0,0,0,1.000000,5.875325,1,784.000000,248.004000,,v0.4.1-interval-core
8843630043,8843902043,8843630043,8843630043,-272.000000,0,0,0,0,2,multiscale+elgendi_like,1.000000,0.000000,0,0,0,0,1.000000,5.592507,1,784.000000,272.000000,,v0.4.1-interval-core
8844486043,0,8844486043,8844486043,0.000000,1,0,0,0,2,multiscale+elgendi_like,1.000000,0.000000,0,0,1,0,1.000000,6.095616,1,784.000000,0.000000,,v0.4.1-interval-core
8845478043,8845478043,8845478043,8845478043,0.000000,0,0,0,0,2,multiscale+elgendi_like,1.000000,0.000000,0,0,0,0,1.000000,5.589526,1,784.000000,0.000000,,v0.4.1-interval-core
8846350043,8846686046,8846350043,8846350043,-336.003000,0,0,0,0,2,multiscale+elgendi_like,1.000000,0.000000,0,0,0,0,1.000000,4.358767,1,784.000000,336.003000,,v0.4.1-interval-core
8847222043,8847222043,8847222043,8847222043,0.000000,0,0,0,0,2,multiscale+elgendi_like,1.000000,0.000000,0,0,0,0,1.000000,4.023108,1,815.996000,0.000000,,v0.4.1-interval-core
8848078047,8848078047,8848078047,8848078047,0.000000,0,0,0,0,2,multiscale+elgendi_like,1.000000,0.000000,0,0,0,0,1.000000,4.314228,1,840.000000,0.000000,,v0.4.1-interval-core
8848894043,8848886044,8848894043,8848894043,7.999000,0,0,0,0,2,multiscale+elgendi_like,1.000000,0.000000,0,0,0,0,1.000000,3.897157,1,847.996000,7.999000,,v0.4.1-interval-core
8849734043,8849734043,8849734043,8849734043,0.000000,0,0,0,0,2,multiscale+elgendi_like,1.000000,0.000000,0,0,0,0,1.000000,4.247834,1,847.996000,0.000000,,v0.4.1-interval-core
8850598047,8850598047,8850598047,8850598047,0.000000,0,0,0,0,2,multiscale+elgendi_like,1.000000,0.000000,0,0,0,0,1.000000,3.845549,1,848.004000,0.000000,,v0.4.1-interval-core
8851446043,8851446043,8851446043,8851446043,0.000000,0,0,0,0,2,multiscale+elgendi_like,1.000000,0.000000,0,0,0,0,1.000000,4.120644,1,856.000000,0.000000,,v0.4.1-interval-core
8852334043,8852334043,8852334043,8852334043,0.000000,0,0,0,0,2,multiscale+elgendi_like,1.000000,0.000000,0,0,0,0,1.000000,4.620684,1,860.004000,0.000000,,v0.4.1-interval-core
8853230045,8853222043,8853230045,8853230045,8.002000,0,0,0,0,2,multiscale+elgendi_like,1.000000,0.000000,0,0,0,0,1.000000,4.216476,1,868.002000,8.002000,,v0.4.1-interval-core
8854118043,8854118043,8854118043,8854118043,0.000000,0,0,0,0,2,multiscale+elgendi_like,1.000000,0.000000,0,0,0,0,1.000000,4.193547,1,872.000000,0.000000,,v0.4.1-interval-core
8854966047,8854966047,8854966047,8854966047,0.000000,0,0,0,0,2,multiscale+elgendi_like,1.000000,0.000000,0,0,0,0,1.000000,4.010422,1,872.000000,0.000000,,v0.4.1-interval-core
8855806043,8855806043,8855806043,8855806043,0.000000,0,0,0,0,2,multiscale+elgendi_like,1.000000,0.000000,0,0,0,0,1.000000,4.390164,1,872.000000,0.000000,,v0.4.1-interval-core
8856678043,8856678043,8856678043,8856678043,0.000000,0,0,0,0,2,multiscale+elgendi_like,1.000000,0.000000,0,0,0,0,1.000000,4.071249,1,864.004000,0.000000,,v0.4.1-interval-core
8857558044,8857550045,8857558044,8857558044,7.999000,0,0,0,0,2,multiscale+elgendi_like,1.000000,0.000000,0,0,0,0,1.000000,4.129219,1,864.004000,7.999000,,v0.4.1-interval-core
8858446044,8858446044,8858446044,8858446044,0.000000,0,0,0,0,2,multiscale+elgendi_like,1.000000,0.000000,0,0,0,0,1.000000,4.461357,1,863.996000,0.000000,,v0.4.1-interval-core
8859342044,8859342044,8859342044,8859342044,0.000000,0,0,0,0,2,multiscale+elgendi_like,1.000000,0.000000,0,0,0,0,1.000000,4.669948,1,863.996000,0.000000,,v0.4.1-interval-core
8860222045,8860222045,8860222045,8860222045,0.000000,0,0,0,0,2,multiscale+elgendi_like,1.000000,0.000000,0,0,0,0,1.000000,4.313587,1,863.996000,0.000000,,v0.4.1-interval-core
8861062043,8861062043,8861062043,8861062043,0.000000,0,0,0,0,2,multiscale+elgendi_like,1.000000,0.000000,0,0,0,0,1.000000,4.282987,1,863.996000,0.000000,,v0.4.1-interval-core
8861910043,8861902043,8861910043,8861910043,8.000000,0,0,0,0,2,multiscale+elgendi_like,1.000000,0.000000,0,0,0,0,1.000000,4.606610,1,848.002000,8.000000,,v0.4.1-interval-core
8862774047,8862774047,8862774047,8862774047,0.000000,0,0,0,0,2,multiscale+elgendi_like,1.000000,0.000000,0,0,0,0,1.000000,4.651128,1,848.002000,0.000000,,v0.4.1-interval-core
8863638043,8863638043,8863638043,8863638043,0.000000,0,0,0,0,2,multiscale+elgendi_like,1.000000,0.000000,0,0,0,0,1.000000,4.391856,1,843.999000,0.000000,,v0.4.1-interval-core
8864470043,8864470043,8864470043,8864470043,0.000000,0,0,0,0,2,multiscale+elgendi_like,1.000000,0.000000,0,0,0,0,1.000000,4.160686,1,839.997000,0.000000,,v0.4.1-interval-core
8865294043,8865294043,8865294043,8865294043,0.000000,0,0,0,0,2,multiscale+elgendi_like,1.000000,0.000000,0,0,0,0,1.000000,4.548043,1,839.997000,0.000000,,v0.4.1-interval-core
8866102043,8866102043,8866102043,8866102043,0.000000,0,0,0,0,2,multiscale+elgendi_like,1.000000,0.000000,0,0,0,0,1.000000,4.789040,1,839.996000,0.000000,,v0.4.1-interval-core
8866926043,8866926043,8866926043,8866926043,0.000000,0,0,0,0,2,multiscale+elgendi_like,1.000000,0.000000,0,0,0,0,1.000000,4.745457,1,839.998000,0.000000,,v0.4.1-interval-core
8867726043,8867726043,8867726043,8867726043,0.000000,0,0,0,0,2,multiscale+elgendi_like,1.000000,0.000000,0,0,0,0,1.000000,4.387799,1,839.998000,0.000000,,v0.4.1-interval-core
8868510043,8868510043,8868510043,8868510043,0.000000,0,0,0,0,2,multiscale+elgendi_like,1.000000,0.000000,0,0,0,0,1.000000,4.513893,1,839.999000,0.000000,,v0.4.1-interval-core
8869286043,0,8869286043,8869286043,0.000000,1,0,0,0,2,multiscale+elgendi_like,1.000000,0.000000,0,0,1,0,1.000000,4.302388,1,839.999000,0.000000,,v0.4.1-interval-core
8870086045,8870086045,8870086045,8870086045,0.000000,0,0,0,0,2,multiscale+elgendi_like,1.000000,0.000000,0,0,0,0,1.000000,4.117658,1,839.999000,0.000000,,v0.4.1-interval-core
8870870043,0,8870870043,8870870043,0.000000,1,0,0,0,2,multiscale+elgendi_like,1.000000,0.000000,0,0,1,0,1.000000,4.105769,1,839.999000,0.000000,,v0.4.1-interval-core
8871638043,8871638043,8871638043,8871638043,0.000000,0,0,0,0,2,multiscale+elgendi_like,1.000000,0.000000,0,0,0,0,1.000000,4.442611,1,839.998000,0.000000,,v0.4.1-interval-core
8872478043,8872470043,8872478043,8872478043,8.000000,0,0,0,0,2,multiscale+elgendi_like,1.000000,0.000000,0,0,0,0,1.000000,5.118813,1,839.998000,8.000000,,v0.4.1-interval-core
8873374047,8873374047,8873374047,8873374047,0.000000,0,0,0,0,2,multiscale+elgendi_like,1.000000,0.000000,0,0,0,0,1.000000,5.052136,1,831.998000,0.000000,,v0.4.1-interval-core
8874334043,8874334043,8874334043,8874334043,0.000000,0,0,0,0,2,multiscale+elgendi_like,1.000000,0.000000,0,0,0,0,1.000000,5.145346,1,824.000000,0.000000,,v0.4.1-interval-core
8875326043,8875326043,8875326043,8875326043,0.000000,0,0,0,0,2,multiscale+elgendi_like,1.000000,0.000000,0,0,0,0,1.000000,4.843553,1,824.000000,0.000000,,v0.4.1-interval-core
8876286043,8876286043,8876286043,8876286043,0.000000,0,0,0,0,2,multiscale+elgendi_like,1.000000,0.000000,0,0,0,0,1.000000,5.022843,1,824.000000,0.000000,,v0.4.1-interval-core
8877246045,8877246045,8877246045,8877246045,0.000000,0,0,0,0,2,multiscale+elgendi_like,1.000000,0.000000,0,0,0,0,1.000000,5.017596,1,831.997000,0.000000,,v0.4.1-interval-core
8878142045,8878134043,8878142045,8878142045,8.002000,0,0,0,0,2,multiscale+elgendi_like,1.000000,0.000000,0,0,0,0,1.000000,4.188127,1,832.001000,8.002000,,v0.4.1-interval-core
8878974046,8878974046,8878974046,8878974046,0.000000,0,0,0,0,2,multiscale+elgendi_like,1.000000,0.000000,0,0,0,0,1.000000,4.342287,1,840.000000,0.000000,,v0.4.1-interval-core
8879790047,8879790047,8879790047,8879790047,0.000000,0,0,0,0,2,multiscale+elgendi_like,1.000000,0.000000,0,0,0,0,1.000000,4.329515,1,895.999000,0.000000,,v0.4.1-interval-core
8880614045,8880614045,8880614045,8880614045,0.000000,0,0,0,0,2,multiscale+elgendi_like,1.000000,0.000000,0,0,0,0,1.000000,4.308730,1,895.999000,0.000000,,v0.4.1-interval-core
8881422047,8881422047,8881422047,8881422047,0.000000,0,0,0,0,2,multiscale+elgendi_like,1.000000,0.000000,0,0,0,0,1.000000,4.093294,1,895.999000,0.000000,,v0.4.1-interval-core
8882254044,8882254044,8882254044,8882254044,0.000000,0,0,0,0,2,multiscale+elgendi_like,1.000000,0.000000,0,0,0,0,1.000000,4.511700,1,895.999000,0.000000,,v0.4.1-interval-core
8883150043,8883150043,8883150043,8883150043,0.000000,0,0,0,0,2,multiscale+elgendi_like,1.000000,0.000000,0,0,0,0,1.000000,4.879752,1,895.999000,0.000000,,v0.4.1-interval-core
8884078044,8884078044,8884078044,8884078044,0.000000,0,0,0,0,2,multiscale+elgendi_like,1.000000,0.000000,0,0,0,0,1.000000,4.622339,1,895.999000,0.000000,,v0.4.1-interval-core
8884974043,8884966045,8884974043,8884974043,7.998000,0,0,0,0,2,multiscale+elgendi_like,1.000000,0.000000,0,0,0,0,1.000000,4.220524,1,831.999000,7.998000,,v0.4.1-interval-core
8885870043,8885862046,8885870043,8885870043,7.997000,0,0,0,0,2,multiscale+elgendi_like,1.000000,0.000000,0,0,0,0,1.000000,4.674019,1,827.997500,7.997000,,v0.4.1-interval-core
8886766044,8886766044,8886766044,8886766044,0.000000,0,0,0,0,2,multiscale+elgendi_like,1.000000,0.000000,0,0,0,0,1.000000,4.064775,1,823.999000,0.000000,,v0.4.1-interval-core
8887542043,8887542043,8887542043,8887542043,0.000000,0,0,0,0,2,multiscale+elgendi_like,1.000000,0.000000,0,0,0,0,1.000000,3.887663,1,819.999500,0.000000,,v0.4.1-interval-core
8888318043,8888318043,8888318043,8888318043,0.000000,0,0,0,0,2,multiscale+elgendi_like,1.000000,0.000000,0,0,0,0,1.000000,4.111193,1,812.001500,0.000000,,v0.4.1-interval-core
8889110043,8889102044,8889110043,8889110043,7.999000,0,0,0,0,2,multiscale+elgendi_like,1.000000,0.000000,0,0,0,0,1.000000,4.507801,1,804.001000,7.999000,,v0.4.1-interval-core
8889902043,0,8889902043,8889902043,0.000000,1,0,0,0,2,multiscale+elgendi_like,1.000000,0.000000,0,0,1,0,1.000000,4.533468,1,800.000000,0.000000,,v0.4.1-interval-core
8890654046,8890654046,8890654046,8890654046,0.000000,0,0,0,0,2,multiscale+elgendi_like,1.000000,0.000000,0,0,0,0,1.000000,4.085341,1,792.000000,0.000000,,v0.4.1-interval-core
8891430043,8891430043,8891430043,8891430043,0.000000,0,0,0,0,2,multiscale+elgendi_like,1.000000,0.000000,0,0,0,0,1.000000,4.504985,1,792.000000,0.000000,,v0.4.1-interval-core
8892214043,8892214043,8892214043,8892214043,0.000000,0,0,0,0,2,multiscale+elgendi_like,1.000000,0.000000,0,0,0,0,1.000000,4.404118,1,780.000000,0.000000,,v0.4.1-interval-core
8893014043,8893014043,8893014043,8893014043,0.000000,0,0,0,0,2,multiscale+elgendi_like,1.000000,0.000000,0,0,0,0,1.000000,4.322940,1,775.999500,0.000000,,v0.4.1-interval-core
8893838043,8893838043,8893838043,8893838043,0.000000,0,0,0,0,2,multiscale+elgendi_like,1.000000,0.000000,0,0,0,0,1.000000,4.497703,1,775.998000,0.000000,,v0.4.1-interval-core
8894582047,8894582047,8894582047,8894582047,0.000000,0,0,0,0,2,multiscale+elgendi_like,1.000000,0.000000,0,0,0,0,1.000000,3.330896,1,764.000000,0.000000,,v0.4.1-interval-core
8895326046,8895326046,8895326046,8895326046,0.000000,0,0,0,0,2,multiscale+elgendi_like,1.000000,0.000000,0,0,0,0,1.000000,3.546748,1,744.004000,0.000000,,v0.4.1-interval-core
8896046045,8896046045,8896046045,8896046045,0.000000,0,0,0,0,2,multiscale+elgendi_like,1.000000,0.000000,0,0,0,0,1.000000,3.505515,1,744.001500,0.000000,,v0.4.1-interval-core
8896758043,0,8896758043,8896758043,0.000000,1,0,0,0,2,multiscale+elgendi_like,1.000000,0.000000,0,0,1,0,1.000000,3.813361,1,719.999000,0.000000,,v0.4.1-interval-core
8897398043,8897398043,8897398043,8897398043,0.000000,0,0,0,0,2,multiscale+elgendi_like,1.000000,0.000000,0,0,0,0,1.000000,3.209832,1,715.998500,0.000000,,v0.4.1-interval-core
8898046043,8898046043,8898046043,8898046043,0.000000,0,0,0,0,2,multiscale+elgendi_like,1.000000,0.000000,0,0,0,0,1.000000,4.208853,1,695.999000,0.000000,,v0.4.1-interval-core
8898710043,8898702043,8898710043,8898710043,8.000000,0,0,0,0,2,multiscale+elgendi_like,1.000000,0.000000,0,0,0,0,1.000000,4.045236,1,672.000500,8.000000,,v0.4.1-interval-core
8899358043,8899358043,8899358043,8899358043,0.000000,0,0,0,0,2,multiscale+elgendi_like,1.000000,0.000000,0,0,0,0,1.000000,4.770380,1,664.001000,0.000000,,v0.4.1-interval-core
8900038043,8900038043,8900038043,8900038043,0.000000,0,0,0,0,2,multiscale+elgendi_like,1.000000,0.000000,0,0,0,0,1.000000,4.385769,1,664.000000,0.000000,,v0.4.1-interval-core
8900694043,8900694043,8900694043,8900694043,0.000000,0,0,0,0,2,multiscale+elgendi_like,1.000000,0.000000,0,0,0,0,1.000000,3.864441,1,664.000000,0.000000,,v0.4.1-interval-core
8901358044,8901358044,8901358044,8901358044,0.000000,0,0,0,0,2,multiscale+elgendi_like,1.000000,0.000000,0,0,0,0,1.000000,4.737607,1,663.999000,0.000000,,v0.4.1-interval-core
8902022043,8902022043,8902022043,8902022043,0.000000,0,0,0,0,2,multiscale+elgendi_like,1.000000,0.000000,0,0,0,0,1.000000,4.784639,1,656.002000,0.000000,,v0.4.1-interval-core
8902686043,8902686043,8902686043,8902686043,0.000000,0,0,0,0,2,multiscale+elgendi_like,1.000000,0.000000,0,0,0,0,1.000000,4.528409,1,652.000000,0.000000,,v0.4.1-interval-core
8903342045,8903342045,8903342045,8903342045,0.000000,0,0,0,0,2,multiscale+elgendi_like,1.000000,0.000000,0,0,0,0,1.000000,4.034383,1,648.000000,0.000000,,v0.4.1-interval-core
8903990043,8903990043,8903990043,8903990043,0.000000,0,0,0,0,2,multiscale+elgendi_like,1.000000,0.000000,0,0,0,0,1.000000,3.399624,1,648.000000,0.000000,,v0.4.1-interval-core
8904614043,8904614043,8904614043,8904614043,0.000000,0,0,0,0,2,multiscale+elgendi_like,1.000000,0.000000,0,0,0,0,1.000000,3.835108,1,647.998000,0.000000,,v0.4.1-interval-core
8905238047,8905238047,8905238047,8905238047,0.000000,0,0,0,0,2,multiscale+elgendi_like,1.000000,0.000000,0,0,0,0,1.000000,3.563014,1,640.000000,0.000000,,v0.4.1-interval-core
8905838043,8905838043,8905838043,8905838043,0.000000,0,0,0,0,2,multiscale+elgendi_like,1.000000,0.000000,0,0,0,0,1.000000,3.098746,1,640.000000,0.000000,,v0.4.1-interval-core
8906430043,8906430043,8906430043,8906430043,0.000000,0,0,0,0,2,multiscale+elgendi_like,1.000000,0.000000,0,0,0,0,1.000000,2.775781,1,640.000000,0.000000,,v0.4.1-interval-core
8906998043,0,8906998043,8906998043,0.000000,1,0,0,0,2,multiscale+elgendi_like,1.000000,0.000000,0,0,1,0,1.000000,2.347423,1,640.000000,0.000000,,v0.4.1-interval-core
8907550044,8907294043,8907550044,8907550044,256.001000,0,0,0,0,2,multiscale+elgendi_like,1.000000,0.000000,0,0,0,0,1.000000,2.778579,1,640.000000,256.001000,,v0.4.1-interval-core
8908102043,8908102043,8908102043,8908102043,0.000000,0,0,0,0,2,multiscale+elgendi_like,1.000000,0.000000,0,0,0,0,1.000000,3.164766,1,640.000000,0.000000,,v0.4.1-interval-core
8908678047,8908678047,8908678047,8908678047,0.000000,0,0,0,0,2,multiscale+elgendi_like,1.000000,0.000000,0,0,0,0,1.000000,3.312207,1,640.000000,0.000000,,v0.4.1-interval-core
8909230043,8909230043,8909230043,8909230043,0.000000,0,0,0,0,2,multiscale+elgendi_like,1.000000,0.000000,0,0,0,0,1.000000,2.801891,1,640.000000,0.000000,,v0.4.1-interval-core
8909790046,8909790046,8909790046,8909790046,0.000000,0,0,0,0,2,multiscale+elgendi_like,1.000000,0.000000,0,0,0,0,1.000000,3.716006,1,640.000000,0.000000,,v0.4.1-interval-core
8910374047,8910374047,8910374047,8910374047,0.000000,0,0,0,0,2,multiscale+elgendi_like,1.000000,0.000000,0,0,0,0,1.000000,3.818665,1,640.000000,0.000000,,v0.4.1-interval-core
8910982046,8910982046,8910982046,8910982046,0.000000,0,0,0,0,2,multiscale+elgendi_like,1.000000,0.000000,0,0,0,0,1.000000,4.093205,1,640.000000,0.000000,,v0.4.1-interval-core
8911606046,8911598047,8911606046,8911606046,7.999000,0,0,0,0,2,multiscale+elgendi_like,1.000000,0.000000,0,0,0,0,1.000000,4.050909,1,640.000000,7.999000,,v0.4.1-interval-core
8912238043,8912230043,8912238043,8912238043,8.000000,0,0,0,0,2,multiscale+elgendi_like,1.000000,0.000000,0,0,0,0,1.000000,4.333692,1,640.000000,8.000000,,v0.4.1-interval-core
8912878043,8912878043,8912878043,8912878043,0.000000,0,0,0,0,2,multiscale+elgendi_like,1.000000,0.000000,0,0,0,0,1.000000,4.753436,1,640.000000,0.000000,,v0.4.1-interval-core
8913534044,8913534044,8913534044,8913534044,0.000000,0,0,0,0,2,multiscale+elgendi_like,1.000000,0.000000,0,0,0,0,1.000000,4.968978,1,635.998500,0.000000,,v0.4.1-interval-core
8914206044,8914206044,8914206044,8914206044,0.000000,0,0,0,0,2,multiscale+elgendi_like,1.000000,0.000000,0,0,0,0,1.000000,5.238329,1,635.998500,0.000000,,v0.4.1-interval-core
8914934047,8914934047,8914934047,8914934047,0.000000,0,0,0,0,2,multiscale+elgendi_like,1.000000,0.000000,0,0,0,0,1.000000,5.730569,1,635.998500,0.000000,,v0.4.1-interval-core
8915686047,8915686047,8915686047,8915686047,0.000000,0,0,0,0,2,multiscale+elgendi_like,1.000000,0.000000,0,0,0,0,1.000000,5.854181,1,635.999500,0.000000,,v0.4.1-interval-core
8916406043,8916398046,8916406043,8916406043,7.997000,0,0,0,0,2,multiscale+elgendi_like,1.000000,0.000000,0,0,0,0,1.000000,5.202726,1,648.000500,7.997000,,v0.4.1-interval-core
8917166043,8917166043,8917166043,8917166043,0.000000,0,0,0,0,2,multiscale+elgendi_like,1.000000,0.000000,0,0,0,0,1.000000,6.069004,1,672.000000,0.000000,,v0.4.1-interval-core
8917910043,8917894047,8917910043,8917910043,15.996000,0,0,0,0,2,multiscale+elgendi_like,1.000000,0.000000,0,0,0,0,1.000000,5.450661,1,688.000000,15.996000,,v0.4.1-interval-core
8918662043,8918662043,8918662043,8918662043,0.000000,0,0,0,0,2,multiscale+elgendi_like,1.000000,0.000000,0,0,0,0,1.000000,5.589344,1,695.997000,0.000000,,v0.4.1-interval-core
8919382046,8919374043,8919382046,8919382046,8.003000,0,0,0,0,2,multiscale+elgendi_like,1.000000,0.000000,0,0,0,0,1.000000,5.492146,1,695.997000,8.003000,,v0.4.1-interval-core
8920150047,8920150047,8920150047,8920150047,0.000000,0,0,0,0,2,multiscale+elgendi_like,1.000000,0.000000,0,0,0,0,1.000000,6.015345,1,695.997000,0.000000,,v0.4.1-interval-core
8920902045,8920902045,8920902045,8920902045,0.000000,0,0,0,0,2,multiscale+elgendi_like,1.000000,0.000000,0,0,0,0,1.000000,5.433193,1,696.000000,0.000000,,v0.4.1-interval-core
8921670043,8921670043,8921670043,8921670043,0.000000,0,0,0,0,2,multiscale+elgendi_like,1.000000,0.000000,0,0,0,0,1.000000,5.830174,1,704.001000,0.000000,,v0.4.1-interval-core
8922470045,8922470045,8922470045,8922470045,0.000000,0,0,0,0,2,multiscale+elgendi_like,1.000000,0.000000,0,0,0,0,1.000000,6.359817,1,719.999500,0.000000,,v0.4.1-interval-core
8923238046,8923230043,8923238046,8923238046,8.003000,0,0,0,0,2,multiscale+elgendi_like,1.000000,0.000000,0,0,0,0,1.000000,5.480095,1,719.999500,8.003000,,v0.4.1-interval-core
8923934043,8923934043,8923934043,8923934043,0.000000,0,0,0,0,2,multiscale+elgendi_like,1.000000,0.000000,0,0,0,0,1.000000,4.725663,1,720.001500,0.000000,,v0.4.1-interval-core
8924622043,8924622043,8924622043,8924622043,0.000000,0,0,0,0,2,multiscale+elgendi_like,1.000000,0.000000,0,0,0,0,1.000000,5.245605,1,720.002000,0.000000,,v0.4.1-interval-core
8925318043,8925318043,8925318043,8925318043,0.000000,0,0,0,0,2,multiscale+elgendi_like,1.000000,0.000000,0,0,0,0,1.000000,5.078532,1,720.002000,0.000000,,v0.4.1-interval-core
8926006043,8926006043,8926006043,8926006043,0.000000,0,0,0,0,2,multiscale+elgendi_like,1.000000,0.000000,0,0,0,0,1.000000,4.843611,1,720.003000,0.000000,,v0.4.1-interval-core
8926638043,8926638043,8926638043,8926638043,0.000000,0,0,0,0,2,multiscale+elgendi_like,1.000000,0.000000,0,0,0,0,1.000000,4.620186,1,724.001500,0.000000,,v0.4.1-interval-core
8927310043,8927310043,8927310043,8927310043,0.000000,0,0,0,0,2,multiscale+elgendi_like,1.000000,0.000000,0,0,0,0,1.000000,5.749482,1,724.001500,0.000000,,v0.4.1-interval-core
8928014044,8928014044,8928014044,8928014044,0.000000,0,0,0,0,2,multiscale+elgendi_like,1.000000,0.000000,0,0,0,0,1.000000,5.693262,1,728.000000,0.000000,,v0.4.1-interval-core
8928766043,8928766043,8928766043,8928766043,0.000000,0,0,0,0,2,multiscale+elgendi_like,1.000000,0.000000,0,0,0,0,1.000000,5.937643,1,728.000000,0.000000,,v0.4.1-interval-core
8929510045,8929510045,8929510045,8929510045,0.000000,0,0,0,0,2,multiscale+elgendi_like,1.000000,0.000000,0,0,0,0,1.000000,5.370528,1,732.000000,0.000000,,v0.4.1-interval-core
8930214043,8930206043,8930214043,8930214043,8.000000,0,0,0,0,2,multiscale+elgendi_like,1.000000,0.000000,0,0,0,0,1.000000,5.492983,1,728.000000,8.000000,,v0.4.1-interval-core
8930926043,8930926043,8930926043,8930926043,0.000000,0,0,0,0,2,multiscale+elgendi_like,1.000000,0.000000,0,0,0,0,1.000000,6.191687,1,724.000500,0.000000,,v0.4.1-interval-core
8931646044,8931638047,8931646044,8931646044,7.997000,0,0,0,0,2,multiscale+elgendi_like,1.000000,0.000000,0,0,0,0,1.000000,5.593106,1,716.000500,7.997000,,v0.4.1-interval-core
8932358043,8932358043,8932358043,8932358043,0.000000,0,0,0,0,2,multiscale+elgendi_like,1.000000,0.000000,0,0,0,0,1.000000,5.548610,1,711.999500,0.000000,,v0.4.1-interval-core
8933086043,8933086043,8933086043,8933086043,0.000000,0,0,0,0,2,multiscale+elgendi_like,1.000000,0.000000,0,0,0,0,1.000000,6.384302,1,708.000000,0.000000,,v0.4.1-interval-core
8933870043,8933870043,8933870043,8933870043,0.000000,0,0,0,0,2,multiscale+elgendi_like,1.000000,0.000000,0,0,0,0,1.000000,6.225413,1,703.999500,0.000000,,v0.4.1-interval-core
8934606043,8934606043,8934606043,8934606043,0.000000,0,0,0,0,2,multiscale+elgendi_like,1.000000,0.000000,0,0,0,0,1.000000,5.480049,1,703.999000,0.000000,,v0.4.1-interval-core
8935350043,8935342043,8935350043,8935350043,8.000000,0,0,0,0,2,multiscale+elgendi_like,1.000000,0.000000,0,0,0,0,1.000000,5.559895,1,699.999000,8.000000,,v0.4.1-interval-core
8936086043,8936086043,8936086043,8936086043,0.000000,0,0,0,0,2,multiscale+elgendi_like,1.000000,0.000000,0,0,0,0,1.000000,5.067613,1,699.999000,0.000000,,v0.4.1-interval-core
8936814043,8936814043,8936814043,8936814043,0.000000,0,0,0,0,2,multiscale+elgendi_like,1.000000,0.000000,0,0,0,0,1.000000,4.583683,1,703.998000,0.000000,,v0.4.1-interval-core
8937502043,8937494045,8937502043,8937502043,7.998000,0,0,0,0,2,multiscale+elgendi_like,1.000000,0.000000,0,0,0,0,1.000000,3.926705,1,703.999500,7.998000,,v0.4.1-interval-core
8938150043,8938150043,8938150043,8938150043,0.000000,0,0,0,0,2,multiscale+elgendi_like,1.000000,0.000000,0,0,0,0,1.000000,4.474248,1,708.000000,0.000000,,v0.4.1-interval-core
8938790047,8938782047,8938790047,8938790047,8.000000,0,0,0,0,2,multiscale+elgendi_like,1.000000,0.000000,0,0,0,0,1.000000,4.283127,1,711.999500,8.000000,,v0.4.1-interval-core
8939430045,8939430045,8939430045,8939430045,0.000000,0,0,0,0,2,multiscale+elgendi_like,1.000000,0.000000,0,0,0,0,1.000000,4.416875,1,715.998000,0.000000,,v0.4.1-interval-core
8940086047,0,8940086047,8940086047,0.000000,1,0,0,0,2,multiscale+elgendi_like,1.000000,0.000000,0,0,1,0,1.000000,4.183595,1,715.998000,0.000000,,v0.4.1-interval-core
8940742043,8940742043,8940742043,8940742043,0.000000,0,0,0,0,2,multiscale+elgendi_like,1.000000,0.000000,0,0,0,0,1.000000,4.306915,1,715.998000,0.000000,,v0.4.1-interval-core
8941398043,8941390043,8941398043,8941398043,8.000000,0,0,0,0,2,multiscale+elgendi_like,1.000000,0.000000,0,0,0,0,1.000000,4.932007,1,719.996000,8.000000,,v0.4.1-interval-core
8942046046,0,8942046046,8942046046,0.000000,1,0,0,0,2,multiscale+elgendi_like,1.000000,0.000000,0,0,1,0,1.000000,4.820447,1,720.000500,0.000000,,v0.4.1-interval-core
8942710046,8942710046,8942710046,8942710046,0.000000,0,0,0,0,2,multiscale+elgendi_like,1.000000,0.000000,0,0,0,0,1.000000,5.098547,1,728.000000,0.000000,,v0.4.1-interval-core
8943374047,8943374047,8943374047,8943374047,0.000000,0,0,0,0,2,multiscale+elgendi_like,1.000000,0.000000,0,0,0,0,1.000000,4.699194,1,728.000000,0.000000,,v0.4.1-interval-core
8944094043,8944094043,8944094043,8944094043,0.000000,0,0,0,0,2,multiscale+elgendi_like,1.000000,0.000000,0,0,0,0,1.000000,5.345081,1,732.000000,0.000000,,v0.4.1-interval-core
8944846043,8944846043,8944846043,8944846043,0.000000,0,0,0,0,2,multiscale+elgendi_like,1.000000,0.000000,0,0,0,0,1.000000,6.239914,1,736.000000,0.000000,,v0.4.1-interval-core
8945582045,8945582045,8945582045,8945582045,0.000000,0,0,0,0,2,multiscale+elgendi_like,1.000000,0.000000,0,0,0,0,1.000000,6.592664,1,736.000000,0.000000,,v0.4.1-interval-core
8946390043,8946382043,8946390043,8946390043,8.000000,0,0,0,0,2,multiscale+elgendi_like,1.000000,0.000000,0,0,0,0,1.000000,8.161308,1,736.000000,8.000000,,v0.4.1-interval-core
8947182044,8947182044,8947182044,8947182044,0.000000,0,0,0,0,2,multiscale+elgendi_like,1.000000,0.000000,0,0,0,0,1.000000,7.324536,1,736.000000,0.000000,,v0.4.1-interval-core
8947990047,8947990047,8947990047,8947990047,0.000000,0,0,0,0,2,multiscale+elgendi_like,1.000000,0.000000,0,0,0,0,1.000000,7.088458,1,736.002000,0.000000,,v0.4.1-interval-core
8948822043,8948822043,8948822043,8948822043,0.000000,0,0,0,0,2,multiscale+elgendi_like,1.000000,0.000000,0,0,0,0,1.000000,6.679956,1,736.003000,0.000000,,v0.4.1-interval-core
8949638043,8949638043,8949638043,8949638043,0.000000,0,0,0,0,2,multiscale+elgendi_like,1.000000,0.000000,0,0,0,0,1.000000,5.895322,1,744.000000,0.000000,,v0.4.1-interval-core
8950398043,8950398043,8950398043,8950398043,0.000000,0,0,0,0,2,multiscale+elgendi_like,1.000000,0.000000,0,0,0,0,1.000000,5.259264,1,751.997000,0.000000,,v0.4.1-interval-core
8951134046,8951126047,8951134046,8951134046,7.999000,0,0,0,0,2,multiscale+elgendi_like,1.000000,0.000000,0,0,0,0,1.000000,5.595886,1,752.000000,7.999000,,v0.4.1-interval-core
8951878046,8951878046,8951878046,8951878046,0.000000,0,0,0,0,2,multiscale+elgendi_like,1.000000,0.000000,0,0,0,0,1.000000,5.763746,1,752.004000,0.000000,,v0.4.1-interval-core
8952614046,8952614046,8952614046,8952614046,0.000000,0,0,0,0,2,multiscale+elgendi_like,1.000000,0.000000,0,0,0,0,1.000000,5.314599,1,760.000000,0.000000,,v0.4.1-interval-core
8953366043,8953366043,8953366043,8953366043,0.000000,0,0,0,0,2,multiscale+elgendi_like,1.000000,0.000000,0,0,0,0,1.000000,5.409317,1,768.000000,0.000000,,v0.4.1-interval-core
8954118047,8954118047,8954118047,8954118047,0.000000,0,0,0,0,2,multiscale+elgendi_like,1.000000,0.000000,0,0,0,0,1.000000,5.415833,1,776.000000,0.000000,,v0.4.1-interval-core
8954902043,8954902043,8954902043,8954902043,0.000000,0,0,0,0,2,multiscale+elgendi_like,1.000000,0.000000,0,0,0,0,1.000000,6.114033,1,776.002000,0.000000,,v0.4.1-interval-core
8955678043,8955678043,8955678043,8955678043,0.000000,0,0,0,0,2,multiscale+elgendi_like,1.000000,0.000000,0,0,0,0,1.000000,5.290242,1,776.002000,0.000000,,v0.4.1-interval-core
8956454043,8956454043,8956454043,8956454043,0.000000,0,0,0,0,2,multiscale+elgendi_like,1.000000,0.000000,0,0,0,0,1.000000,5.127071,1,780.000000,0.000000,,v0.4.1-interval-core
8957214043,8957214043,8957214043,8957214043,0.000000,0,0,0,0,2,multiscale+elgendi_like,1.000000,0.000000,0,0,0,0,1.000000,5.146116,1,783.998000,0.000000,,v0.4.1-interval-core
8957998043,8957990043,8957998043,8957998043,8.000000,0,0,0,0,2,multiscale+elgendi_like,1.000000,0.000000,0,0,0,0,1.000000,6.029462,1,783.998000,8.000000,,v0.4.1-interval-core
8958782043,8958782043,8958782043,8958782043,0.000000,0,0,0,0,2,multiscale+elgendi_like,1.000000,0.000000,0,0,0,0,1.000000,6.081387,1,783.998000,0.000000,,v0.4.1-interval-core
8959582043,8959574043,8959582043,8959582043,8.000000,0,0,0,0,2,multiscale+elgendi_like,1.000000,0.000000,0,0,0,0,1.000000,6.083851,1,783.998000,8.000000,,v0.4.1-interval-core
8960358047,8960358047,8960358047,8960358047,0.000000,0,0,0,0,2,multiscale+elgendi_like,1.000000,0.000000,0,0,0,0,1.000000,5.798877,1,783.998000,0.000000,,v0.4.1-interval-core
8961158043,8961158043,8961158043,8961158043,0.000000,0,0,0,0,2,multiscale+elgendi_like,1.000000,0.000000,0,0,0,0,1.000000,6.340325,1,780.000000,0.000000,,v0.4.1-interval-core
8961974043,8961974043,8961974043,8961974043,0.000000,0,0,0,0,2,multiscale+elgendi_like,1.000000,0.000000,0,0,0,0,1.000000,5.871257,1,783.998000,0.000000,,v0.4.1-interval-core
8962750043,8962750043,8962750043,8962750043,0.000000,0,0,0,0,2,multiscale+elgendi_like,1.000000,0.000000,0,0,0,0,1.000000,5.594508,1,784.000000,0.000000,,v0.4.1-interval-core
8963558043,8963550043,8963558043,8963558043,8.000000,0,0,0,0,2,multiscale+elgendi_like,1.000000,0.000000,0,0,0,0,1.000000,6.278804,1,791.998000,8.000000,,v0.4.1-interval-core
8964358043,8964358043,8964358043,8964358043,0.000000,0,0,0,0,2,multiscale+elgendi_like,1.000000,0.000000,0,0,0,0,1.000000,5.595893,1,799.997500,0.000000,,v0.4.1-interval-core
8965174047,8965174047,8965174047,8965174047,0.000000,0,0,0,0,2,multiscale+elgendi_like,1.000000,0.000000,0,0,0,0,1.000000,5.487700,1,799.999000,0.000000,,v0.4.1-interval-core
8965982044,8965982044,8965982044,8965982044,0.000000,0,0,0,0,2,multiscale+elgendi_like,1.000000,0.000000,0,0,0,0,1.000000,5.876386,1,800.000000,0.000000,,v0.4.1-interval-core
8966782044,8966782044,8966782044,8966782044,0.000000,0,0,0,0,2,multiscale+elgendi_like,1.000000,0.000000,0,0,0,0,1.000000,5.527398,1,800.000000,0.000000,,v0.4.1-interval-core
8967582043,8967574043,8967582043,8967582043,8.000000,0,0,0,0,2,multiscale+elgendi_like,1.000000,0.000000,0,0,0,0,1.000000,5.297163,1,800.000000,8.000000,,v0.4.1-interval-core
8968326044,8968326044,8968326044,8968326044,0.000000,0,0,0,0,2,multiscale+elgendi_like,1.000000,0.000000,0,0,0,0,1.000000,4.681383,1,800.000000,0.000000,,v0.4.1-interval-core
8969126043,8969126043,8969126043,8969126043,0.000000,0,0,0,0,2,multiscale+elgendi_like,1.000000,0.000000,0,0,0,0,1.000000,5.461212,1,800.000000,0.000000,,v0.4.1-interval-core
8969942044,8969934043,8969942044,8969942044,8.001000,0,0,0,0,2,multiscale+elgendi_like,1.000000,0.000000,0,0,0,0,1.000000,5.286662,1,800.000000,8.001000,,v0.4.1-interval-core
8970758043,8970758043,8970758043,8970758043,0.000000,0,0,0,0,2,multiscale+elgendi_like,1.000000,0.000000,0,0,0,0,1.000000,5.308704,1,800.000000,0.000000,,v0.4.1-interval-core
8971558043,8971558043,8971558043,8971558043,0.000000,0,0,0,0,2,multiscale+elgendi_like,1.000000,0.000000,0,0,0,0,1.000000,5.204814,1,800.000000,0.000000,,v0.4.1-interval-core
8972398046,8972390043,8972398046,8972398046,8.003000,0,0,0,0,2,multiscale+elgendi_like,1.000000,0.000000,0,0,0,0,1.000000,5.745789,1,800.000000,8.003000,,v0.4.1-interval-core
8973278045,8973270043,8973278045,8973278045,8.002000,0,0,0,0,2,multiscale+elgendi_like,1.000000,0.000000,0,0,0,0,1.000000,5.579773,1,800.000000,8.002000,,v0.4.1-interval-core
8974142046,8974142046,8974142046,8974142046,0.000000,0,0,0,0,2,multiscale+elgendi_like,1.000000,0.000000,0,0,0,0,1.000000,5.158061,1,800.000000,0.000000,,v0.4.1-interval-core
8974926043,8974926043,8974926043,8974926043,0.000000,0,0,0,0,2,multiscale+elgendi_like,1.000000,0.000000,0,0,0,0,1.000000,4.626192,1,800.000000,0.000000,,v0.4.1-interval-core
8975702047,8975702047,8975702047,8975702047,0.000000,0,0,0,0,2,multiscale+elgendi_like,1.000000,0.000000,0,0,0,0,1.000000,5.481111,1,800.000000,0.000000,,v0.4.1-interval-core
8976494043,8976494043,8976494043,8976494043,0.000000,0,0,0,0,2,multiscale+elgendi_like,1.000000,0.000000,0,0,0,0,1.000000,5.117612,1,800.000000,0.000000,,v0.4.1-interval-core
8977270043,8977270043,8977270043,8977270043,0.000000,0,0,0,0,2,multiscale+elgendi_like,1.000000,0.000000,0,0,0,0,1.000000,4.793645,1,799.999000,0.000000,,v0.4.1-interval-core
8978030043,8978022043,8978030043,8978030043,8.000000,0,0,0,0,2,multiscale+elgendi_like,1.000000,0.000000,0,0,0,0,1.000000,5.005020,1,799.999000,8.000000,,v0.4.1-interval-core
8978854047,8978846043,8978854047,8978854047,8.004000,0,0,0,0,2,multiscale+elgendi_like,1.000000,0.000000,0,0,0,0,1.000000,5.535508,1,800.000000,8.004000,,v0.4.1-interval-core
8979670043,8979662043,8979670043,8979670043,8.000000,0,0,0,0,2,multiscale+elgendi_like,1.000000,0.000000,0,0,0,0,1.000000,5.171160,1,800.000000,8.000000,,v0.4.1-interval-core
8980446043,8980446043,8980446043,8980446043,0.000000,0,0,0,0,2,multiscale+elgendi_like,1.000000,0.000000,0,0,0,0,1.000000,4.626532,1,815.996000,0.000000,,v0.4.1-interval-core
8981198043,8981190043,8981198043,8981198043,8.000000,0,0,0,0,2,multiscale+elgendi_like,1.000000,0.000000,0,0,0,0,1.000000,5.091450,1,807.998000,8.000000,,v0.4.1-interval-core
8981982043,8981982043,8981982043,8981982043,0.000000,0,0,0,0,2,multiscale+elgendi_like,1.000000,0.000000,0,0,0,0,1.000000,5.481773,1,807.998000,0.000000,,v0.4.1-interval-core
8982782043,8982782043,8982782043,8982782043,0.000000,0,0,0,0,2,multiscale+elgendi_like,1.000000,0.000000,0,0,0,0,1.000000,5.357504,1,819.997000,0.000000,,v0.4.1-interval-core
8983574043,8983574043,8983574043,8983574043,0.000000,0,0,0,0,2,multiscale+elgendi_like,1.000000,0.000000,0,0,0,0,1.000000,5.694621,1,807.998000,0.000000,,v0.4.1-interval-core
8984414043,8984414043,8984414043,8984414043,0.000000,0,0,0,0,2,multiscale+elgendi_like,1.000000,0.000000,0,0,0,0,1.000000,6.093517,1,804.000000,0.000000,,v0.4.1-interval-core
8985286047,8985286047,8985286047,8985286047,0.000000,0,0,0,0,2,multiscale+elgendi_like,1.000000,0.000000,0,0,0,0,1.000000,5.706859,1,800.000000,0.000000,,v0.4.1-interval-core
8986134045,8986134045,8986134045,8986134045,0.000000,0,0,0,0,2,multiscale+elgendi_like,1.000000,0.000000,0,0,0,0,1.000000,5.024370,1,800.000000,0.000000,,v0.4.1-interval-core
8986958043,8986958043,8986958043,8986958043,0.000000,0,0,0,0,2,multiscale+elgendi_like,1.000000,0.000000,0,0,0,0,1.000000,5.308732,1,800.000000,0.000000,,v0.4.1-interval-core
8987782043,8987782043,8987782043,8987782043,0.000000,0,0,0,0,2,multiscale+elgendi_like,1.000000,0.000000,0,0,0,0,1.000000,5.668986,1,800.000000,0.000000,,v0.4.1-interval-core
8988606044,8988606044,8988606044,8988606044,0.000000,0,0,0,0,2,multiscale+elgendi_like,1.000000,0.000000,0,0,0,0,1.000000,5.403641,1,800.000000,0.000000,,v0.4.1-interval-core
8989430043,8989430043,8989430043,8989430043,0.000000,0,0,0,0,2,multiscale+elgendi_like,1.000000,0.000000,0,0,0,0,1.000000,4.869625,1,796.000000,0.000000,,v0.4.1-interval-core
8990230043,8990222044,8990230043,8990230043,7.999000,0,0,0,0,2,multiscale+elgendi_like,1.000000,0.000000,0,0,0,0,1.000000,4.978516,1,788.001000,7.999000,,v0.4.1-interval-core
8991038043,8991038043,8991038043,8991038043,0.000000,0,0,0,0,2,multiscale+elgendi_like,1.000000,0.000000,0,0,0,0,1.000000,5.376626,1,784.001000,0.000000,,v0.4.1-interval-core
8991822045,8991822045,8991822045,8991822045,0.000000,0,0,0,0,2,multiscale+elgendi_like,1.000000,0.000000,0,0,0,0,1.000000,5.175167,1,784.001000,0.000000,,v0.4.1-interval-core
8992558045,8992558045,8992558045,8992558045,0.000000,0,0,0,0,2,multiscale+elgendi_like,1.000000,0.000000,0,0,0,0,1.000000,4.750762,1,788.001000,0.000000,,v0.4.1-interval-core
8993302046,8993302046,8993302046,8993302046,0.000000,0,0,0,0,2,multiscale+elgendi_like,1.000000,0.000000,0,0,0,0,1.000000,4.755196,1,764.001500,0.000000,,v0.4.1-interval-core
8994014043,8994006046,8994014043,8994014043,7.997000,0,0,0,0,2,multiscale+elgendi_like,1.000000,0.000000,0,0,0,0,1.000000,4.741486,1,744.002500,7.997000,,v0.4.1-interval-core
8994686043,0,8994686043,8994686043,0.000000,1,0,0,0,2,multiscale+elgendi_like,1.000000,0.000000,0,0,1,0,1.000000,4.142627,1,744.002500,0.000000,,v0.4.1-interval-core
8995350044,8995350044,8995350044,8995350044,0.000000,0,0,0,0,2,multiscale+elgendi_like,1.000000,0.000000,0,0,0,0,1.000000,4.387082,1,744.004000,0.000000,,v0.4.1-interval-core
8996006045,8996006045,8996006045,8996006045,0.000000,0,0,0,0,2,multiscale+elgendi_like,1.000000,0.000000,0,0,0,0,1.000000,4.164171,1,744.004000,0.000000,,v0.4.1-interval-core
8996638047,8996630043,8996638047,8996638047,8.004000,0,0,0,0,2,multiscale+elgendi_like,1.000000,0.000000,0,0,0,0,1.000000,4.257108,1,744.002500,8.004000,,v0.4.1-interval-core
8997302043,8997302043,8997302043,8997302043,0.000000,0,0,0,0,2,multiscale+elgendi_like,1.000000,0.000000,0,0,0,0,1.000000,5.371005,1,744.002500,0.000000,,v0.4.1-interval-core
8997990047,8997990047,8997990047,8997990047,0.000000,0,0,0,0,2,multiscale+elgendi_like,1.000000,0.000000,0,0,0,0,1.000000,4.801418,1,744.002500,0.000000,,v0.4.1-interval-core
8998686046,8998686046,8998686046,8998686046,0.000000,0,0,0,0,2,multiscale+elgendi_like,1.000000,0.000000,0,0,0,0,1.000000,5.344739,1,744.004000,0.000000,,v0.4.1-interval-core
8999406047,8999406047,8999406047,8999406047,0.000000,0,0,0,0,2,multiscale+elgendi_like,1.000000,0.000000,0,0,0,0,1.000000,5.418838,1,744.004000,0.000000,,v0.4.1-interval-core
9000126043,9000126043,9000126043,9000126043,0.000000,0,0,0,0,2,multiscale+elgendi_like,1.000000,0.000000,0,0,0,0,1.000000,5.339779,1,744.004000,0.000000,,v0.4.1-interval-core
9000870047,9000870047,9000870047,9000870047,0.000000,0,0,0,0,2,multiscale+elgendi_like,1.000000,0.000000,0,0,0,0,1.000000,6.017763,1,744.004000,0.000000,,v0.4.1-interval-core
9001630043,9001630043,9001630043,9001630043,0.000000,0,0,0,0,2,multiscale+elgendi_like,1.000000,0.000000,0,0,0,0,1.000000,5.867872,1,744.004000,0.000000,,v0.4.1-interval-core
9002382043,9002382043,9002382043,9002382043,0.000000,0,0,0,0,2,multiscale+elgendi_like,1.000000,0.000000,0,0,0,0,1.000000,5.271948,1,744.001000,0.000000,,v0.4.1-interval-core
9003166047,9003166047,9003166047,9003166047,0.000000,0,0,0,0,2,multiscale+elgendi_like,1.000000,0.000000,0,0,0,0,1.000000,6.087069,1,736.000000,0.000000,,v0.4.1-interval-core
9003990043,9003982047,9003990043,9003990043,7.996000,0,0,0,0,2,multiscale+elgendi_like,1.000000,0.000000,0,0,0,0,1.000000,5.960785,1,720.001000,7.996000,,v0.4.1-interval-core
9004854045,9004846043,9004854045,9004854045,8.002000,0,0,0,0,2,multiscale+elgendi_like,1.000000,0.000000,0,0,0,0,1.000000,5.546384,1,720.001000,8.002000,,v0.4.1-interval-core
9005686043,9005678043,9005686043,9005686043,8.000000,0,0,0,0,2,multiscale+elgendi_like,1.000000,0.000000,0,0,0,0,1.000000,4.846602,1,743.999000,8.000000,,v0.4.1-interval-core
9006446045,9006446045,9006446045,9006446045,0.000000,0,0,0,0,2,multiscale+elgendi_like,1.000000,0.000000,0,0,0,0,1.000000,4.908935,1,744.001000,0.000000,,v0.4.1-interval-core
9007214043,9007214043,9007214043,9007214043,0.000000,0,0,0,0,2,multiscale+elgendi_like,1.000000,0.000000,0,0,0,0,1.000000,5.329349,1,744.004000,0.000000,,v0.4.1-interval-core
9007982043,9007982043,9007982043,9007982043,0.000000,0,0,0,0,2,multiscale+elgendi_like,1.000000,0.000000,0,0,0,0,1.000000,5.144445,1,755.998000,0.000000,,v0.4.1-interval-core
9008750047,9008750047,9008750047,9008750047,0.000000,0,0,0,0,2,multiscale+elgendi_like,1.000000,0.000000,0,0,0,0,1.000000,4.943441,1,759.999000,0.000000,,v0.4.1-interval-core
9009454043,9009454043,9009454043,9009454043,0.000000,0,0,0,0,2,multiscale+elgendi_like,1.000000,0.000000,0,0,0,0,1.000000,4.157087,1,760.002000,0.000000,,v0.4.1-interval-core
9010150043,9010150043,9010150043,9010150043,0.000000,0,0,0,0,2,multiscale+elgendi_like,1.000000,0.000000,0,0,0,0,1.000000,4.606889,1,767.998000,0.000000,,v0.4.1-interval-core
9010862043,9010862043,9010862043,9010862043,0.000000,0,0,0,0,2,multiscale+elgendi_like,1.000000,0.000000,0,0,0,0,1.000000,4.798197,1,768.000000,0.000000,,v0.4.1-interval-core
9011606044,9011598043,9011606044,9011606044,8.001000,0,0,0,0,2,multiscale+elgendi_like,1.000000,0.000000,0,0,0,0,1.000000,4.894800,1,768.004000,8.001000,,v0.4.1-interval-core
9012350043,9012350043,9012350043,9012350043,0.000000,0,0,0,0,2,multiscale+elgendi_like,1.000000,0.000000,0,0,0,0,1.000000,5.421927,1,776.004000,0.000000,,v0.4.1-interval-core
9013142045,9013142045,9013142045,9013142045,0.000000,0,0,0,0,2,multiscale+elgendi_like,1.000000,0.000000,0,0,0,0,1.000000,5.557726,1,788.003000,0.000000,,v0.4.1-interval-core
9014014047,9014014047,9014014047,9014014047,0.000000,0,0,0,0,2,multiscale+elgendi_like,1.000000,0.000000,0,0,0,0,1.000000,5.765234,1,808.000000,0.000000,,v0.4.1-interval-core
9014982043,9014982043,9014982043,9014982043,0.000000,0,0,0,0,2,multiscale+elgendi_like,1.000000,0.000000,0,0,0,0,1.000000,5.887181,1,831.999000,0.000000,,v0.4.1-interval-core
9015902043,9015894043,9015902043,9015902043,8.000000,0,0,0,0,2,multiscale+elgendi_like,1.000000,0.000000,0,0,0,0,1.000000,5.544878,1,820.000000,8.000000,,v0.4.1-interval-core
9016822043,9016814043,9016822043,9016822043,8.000000,0,0,0,0,2,multiscale+elgendi_like,1.000000,0.000000,0,0,0,0,1.000000,5.895449,1,796.001000,8.000000,,v0.4.1-interval-core
9017782047,9017782047,9017782047,9017782047,0.000000,0,0,0,0,2,multiscale+elgendi_like,1.000000,0.000000,0,0,0,0,1.000000,6.074785,1,812.000000,0.000000,,v0.4.1-interval-core
9018774047,9018774047,9018774047,9018774047,0.000000,0,0,0,0,2,multiscale+elgendi_like,1.000000,0.000000,0,0,0,0,1.000000,5.474919,1,820.001000,0.000000,,v0.4.1-interval-core
9019710043,9019710043,9019710043,9019710043,0.000000,0,0,0,0,2,multiscale+elgendi_like,1.000000,0.000000,0,0,0,0,1.000000,4.808178,1,820.001500,0.000000,,v0.4.1-interval-core
9020606043,9020598043,9020606043,9020606043,8.000000,0,0,0,0,2,multiscale+elgendi_like,1.000000,0.000000,0,0,0,0,1.000000,5.175594,1,820.001500,8.000000,,v0.4.1-interval-core
9021486047,9021478044,9021486047,9021486047,8.003000,0,0,0,0,2,multiscale+elgendi_like,1.000000,0.000000,0,0,0,0,1.000000,5.248078,1,824.001000,8.003000,,v0.4.1-interval-core
9022342043,9022342043,9022342043,9022342043,0.000000,0,0,0,0,2,multiscale+elgendi_like,1.000000,0.000000,0,0,0,0,1.000000,4.663163,1,824.001000,0.000000,,v0.4.1-interval-core
9023142043,9023142043,9023142043,9023142043,0.000000,0,0,0,0,2,multiscale+elgendi_like,1.000000,0.000000,0,0,0,0,1.000000,4.399086,1,824.001000,0.000000,,v0.4.1-interval-core
9023934043,9023934043,9023934043,9023934043,0.000000,0,0,0,0,2,multiscale+elgendi_like,1.000000,0.000000,0,0,0,0,1.000000,4.725587,1,835.999500,0.000000,,v0.4.1-interval-core
9024750044,9024750044,9024750044,9024750044,0.000000,0,0,0,0,2,multiscale+elgendi_like,1.000000,0.000000,0,0,0,0,1.000000,4.850822,1,831.999500,0.000000,,v0.4.1-interval-core
9025574045,9025566045,9025574045,9025574045,8.000000,0,0,0,0,2,multiscale+elgendi_like,1.000000,0.000000,0,0,0,0,1.000000,4.427428,1,824.001000,8.000000,,v0.4.1-interval-core
9026390047,9026382043,9026390047,9026390047,8.004000,0,0,0,0,2,multiscale+elgendi_like,1.000000,0.000000,0,0,0,0,1.000000,4.701743,1,820.001500,8.004000,,v0.4.1-interval-core
9027198045,9027198045,9027198045,9027198045,0.000000,0,0,0,0,2,multiscale+elgendi_like,1.000000,0.000000,0,0,0,0,1.000000,4.786774,1,816.001500,0.000000,,v0.4.1-interval-core
9028022046,9028022046,9028022046,9028022046,0.000000,0,0,0,0,2,multiscale+elgendi_like,1.000000,0.000000,0,0,0,0,1.000000,4.807796,1,815.998500,0.000000,,v0.4.1-interval-core
9028822047,9028822047,9028822047,9028822047,0.000000,0,0,0,0,2,multiscale+elgendi_like,1.000000,0.000000,0,0,0,0,1.000000,4.694155,1,811.999000,0.000000,,v0.4.1-interval-core
9029638043,9029630043,9029638043,9029638043,8.000000,0,0,0,0,2,multiscale+elgendi_like,1.000000,0.000000,0,0,0,0,1.000000,4.899577,1,808.001000,8.000000,,v0.4.1-interval-core
9030446045,9030446045,9030446045,9030446045,0.000000,0,0,0,0,2,multiscale+elgendi_like,1.000000,0.000000,0,0,0,0,1.000000,4.721002,1,808.000000,0.000000,,v0.4.1-interval-core
9031286043,9031286043,9031286043,9031286043,0.000000,0,0,0,0,2,multiscale+elgendi_like,1.000000,0.000000,0,0,0,0,1.000000,4.841786,1,807.998000,0.000000,,v0.4.1-interval-core
9032078046,9032070043,9032078046,9032078046,8.003000,0,0,0,0,2,multiscale+elgendi_like,1.000000,0.000000,0,0,0,0,1.000000,4.480544,1,807.997000,8.003000,,v0.4.1-interval-core
9032886046,9032886046,9032886046,9032886046,0.000000,0,0,0,0,2,multiscale+elgendi_like,1.000000,0.000000,0,0,0,0,1.000000,5.203798,1,800.001000,0.000000,,v0.4.1-interval-core
9033694043,9033694043,9033694043,9033694043,0.000000,0,0,0,0,2,multiscale+elgendi_like,1.000000,0.000000,0,0,0,0,1.000000,5.156389,1,800.000000,0.000000,,v0.4.1-interval-core
9034454045,9034454045,9034454045,9034454045,0.000000,0,0,0,0,2,multiscale+elgendi_like,1.000000,0.000000,0,0,0,0,1.000000,4.624758,1,799.996000,0.000000,,v0.4.1-interval-core
9035214044,9035206043,9035214044,9035214044,8.001000,0,0,0,0,2,multiscale+elgendi_like,1.000000,0.000000,0,0,0,0,1.000000,4.743527,1,799.996000,8.001000,,v0.4.1-interval-core
9035974043,9035966043,9035974043,9035974043,8.000000,0,0,0,0,2,multiscale+elgendi_like,1.000000,0.000000,0,0,0,0,1.000000,5.182204,1,792.003000,8.000000,,v0.4.1-interval-core
9036758043,9036758043,9036758043,9036758043,0.000000,0,0,0,0,2,multiscale+elgendi_like,1.000000,0.000000,0,0,0,0,1.000000,5.082859,1,784.001000,0.000000,,v0.4.1-interval-core
9037478043,9037478043,9037478043,9037478043,0.000000,0,0,0,0,2,multiscale+elgendi_like,1.000000,0.000000,0,0,0,0,1.000000,4.160784,1,784.000500,0.000000,,v0.4.1-interval-core
9038246046,9038246046,9038246046,9038246046,0.000000,0,0,0,0,2,multiscale+elgendi_like,1.000000,0.000000,0,0,0,0,1.000000,5.301222,1,776.000000,0.000000,,v0.4.1-interval-core
9039030047,9039030047,9039030047,9039030047,0.000000,0,0,0,0,2,multiscale+elgendi_like,1.000000,0.000000,0,0,0,0,1.000000,5.079423,1,768.003000,0.000000,,v0.4.1-interval-core
9039830043,9039830043,9039830043,9039830043,0.000000,0,0,0,0,2,multiscale+elgendi_like,1.000000,0.000000,0,0,0,0,1.000000,5.205437,1,768.000000,0.000000,,v0.4.1-interval-core
9040598043,9040598043,9040598043,9040598043,0.000000,0,0,0,0,2,multiscale+elgendi_like,1.000000,0.000000,0,0,0,0,1.000000,4.999476,1,760.004000,0.000000,,v0.4.1-interval-core
9041374043,9041366043,9041374043,9041374043,8.000000,0,0,0,0,2,multiscale+elgendi_like,1.000000,0.000000,0,0,0,0,1.000000,4.985991,1,760.002000,8.000000,,v0.4.1-interval-core
9042134047,9042134047,9042134047,9042134047,0.000000,0,0,0,0,2,multiscale+elgendi_like,1.000000,0.000000,0,0,0,0,1.000000,4.521490,1,759.999000,0.000000,,v0.4.1-interval-core
9042846043,9042846043,9042846043,9042846043,0.000000,0,0,0,0,2,multiscale+elgendi_like,1.000000,0.000000,0,0,0,0,1.000000,4.172078,1,759.999000,0.000000,,v0.4.1-interval-core
9043494043,9043494043,9043494043,9043494043,0.000000,0,0,0,0,2,multiscale+elgendi_like,1.000000,0.000000,0,0,0,0,1.000000,3.389674,1,736.003000,0.000000,,v0.4.1-interval-core
9044126043,0,9044126043,9044126043,0.000000,1,0,0,0,2,multiscale+elgendi_like,1.000000,0.000000,0,0,1,0,1.000000,2.534289,1,736.003000,0.000000,,v0.4.1-interval-core
9044774043,9044774043,9044774043,9044774043,0.000000,0,0,0,0,2,multiscale+elgendi_like,1.000000,0.000000,0,0,0,0,1.000000,4.394579,1,736.003000,0.000000,,v0.4.1-interval-core
9045470043,9045470043,9045470043,9045470043,0.000000,0,0,0,0,2,multiscale+elgendi_like,1.000000,0.000000,0,0,0,0,1.000000,4.737124,1,736.003000,0.000000,,v0.4.1-interval-core
9046206046,9046518043,9046206046,9046206046,-311.997000,0,0,0,0,2,multiscale+elgendi_like,1.000000,0.000000,0,0,0,0,1.000000,5.338046,1,736.003000,311.997000,,v0.4.1-interval-core
9046942046,0,9046942046,9046942046,0.000000,1,0,0,0,2,multiscale+elgendi_like,1.000000,0.000000,0,0,1,0,1.000000,5.144089,1,736.003000,0.000000,,v0.4.1-interval-core
9047638047,9047638047,9047638047,9047638047,0.000000,0,0,0,0,2,multiscale+elgendi_like,1.000000,0.000000,0,0,0,0,1.000000,5.118645,1,736.003000,0.000000,,v0.4.1-interval-core
9048326043,9048326043,9048326043,9048326043,0.000000,0,0,0,0,2,multiscale+elgendi_like,1.000000,0.000000,0,0,0,0,1.000000,5.158826,1,736.003000,0.000000,,v0.4.1-interval-core
9049062043,9049054046,9049062043,9049062043,7.997000,0,0,0,0,2,multiscale+elgendi_like,1.000000,0.000000,0,0,0,0,1.000000,5.469836,1,736.003000,7.997000,,v0.4.1-interval-core
9049798046,9049798046,9049798046,9049798046,0.000000,0,0,0,0,2,multiscale+elgendi_like,1.000000,0.000000,0,0,0,0,1.000000,5.229804,1,736.003000,0.000000,,v0.4.1-interval-core
9050526044,9050526044,9050526044,9050526044,0.000000,0,0,0,0,2,multiscale+elgendi_like,1.000000,0.000000,0,0,0,0,1.000000,5.072078,1,736.003000,0.000000,,v0.4.1-interval-core
9051262044,9051262044,9051262044,9051262044,0.000000,0,0,0,0,2,multiscale+elgendi_like,1.000000,0.000000,0,0,0,0,1.000000,4.916469,1,736.003000,0.000000,,v0.4.1-interval-core
9052038043,9052038043,9052038043,9052038043,0.000000,0,0,0,0,2,multiscale+elgendi_like,1.000000,0.000000,0,0,0,0,1.000000,5.007880,1,736.003000,0.000000,,v0.4.1-interval-core
9052838045,9052838045,9052838045,9052838045,0.000000,0,0,0,0,2,multiscale+elgendi_like,1.000000,0.000000,0,0,0,0,1.000000,4.809333,1,736.003000,0.000000,,v0.4.1-interval-core
9053646045,9053638043,9053646045,9053646045,8.002000,0,0,0,0,2,multiscale+elgendi_like,1.000000,0.000000,0,0,0,0,1.000000,4.632013,1,736.003000,8.002000,,v0.4.1-interval-core
9054422043,9054422043,9054422043,9054422043,0.000000,0,0,0,0,2,multiscale+elgendi_like,1.000000,0.000000,0,0,0,0,1.000000,4.581347,1,736.003000,0.000000,,v0.4.1-interval-core
9055214043,9055206043,9055214043,9055214043,8.000000,0,0,0,0,2,multiscale+elgendi_like,1.000000,0.000000,0,0,0,0,1.000000,4.411399,1,751.997000,8.000000,,v0.4.1-interval-core
9055990043,9055990043,9055990043,9055990043,0.000000,0,0,0,0,2,multiscale+elgendi_like,1.000000,0.000000,0,0,0,0,1.000000,4.315721,1,755.998500,0.000000,,v0.4.1-interval-core
9056758047,9056758047,9056758047,9056758047,0.000000,0,0,0,0,2,multiscale+elgendi_like,1.000000,0.000000,0,0,0,0,1.000000,3.799805,1,755.998500,0.000000,,v0.4.1-interval-core
9057534044,9057534044,9057534044,9057534044,0.000000,0,0,0,0,2,multiscale+elgendi_like,1.000000,0.000000,0,0,0,0,1.000000,4.215993,1,755.998500,0.000000,,v0.4.1-interval-core
9058318043,9058318043,9058318043,9058318043,0.000000,0,0,0,0,2,multiscale+elgendi_like,1.000000,0.000000,0,0,0,0,1.000000,3.986523,1,755.998500,0.000000,,v0.4.1-interval-core
9059102047,9059102047,9059102047,9059102047,0.000000,0,0,0,0,2,multiscale+elgendi_like,1.000000,0.000000,0,0,0,0,1.000000,4.170143,1,751.997000,0.000000,,v0.4.1-interval-core
9059878043,9059878043,9059878043,9059878043,0.000000,0,0,0,0,2,multiscale+elgendi_like,1.000000,0.000000,0,0,0,0,1.000000,4.139736,1,751.997000,0.000000,,v0.4.1-interval-core
9060638043,9060630043,9060638043,9060638043,8.000000,0,0,0,0,2,multiscale+elgendi_like,1.000000,0.000000,0,0,0,0,1.000000,3.858469,1,751.997000,8.000000,,v0.4.1-interval-core
9061358047,9061350044,9061358047,9061358047,8.003000,0,0,0,0,2,multiscale+elgendi_like,1.000000,0.000000,0,0,0,0,1.000000,4.025453,1,751.997000,8.003000,,v0.4.1-interval-core
9062110044,9062110044,9062110044,9062110044,0.000000,0,0,0,0,2,multiscale+elgendi_like,1.000000,0.000000,0,0,0,0,1.000000,4.244678,1,752.000000,0.000000,,v0.4.1-interval-core
9062830043,9062822043,9062830043,9062830043,8.000000,0,0,0,0,2,multiscale+elgendi_like,1.000000,0.000000,0,0,0,0,1.000000,3.927061,1,752.000000,8.000000,,v0.4.1-interval-core
9063518043,9063518043,9063518043,9063518043,0.000000,0,0,0,0,2,multiscale+elgendi_like,1.000000,0.000000,0,0,0,0,1.000000,4.281884,1,751.997000,0.000000,,v0.4.1-interval-core
9064214047,9064214047,9064214047,9064214047,0.000000,0,0,0,0,2,multiscale+elgendi_like,1.000000,0.000000,0,0,0,0,1.000000,4.656830,1,736.003000,0.000000,,v0.4.1-interval-core
9064934043,9064934043,9064934043,9064934043,0.000000,0,0,0,0,2,multiscale+elgendi_like,1.000000,0.000000,0,0,0,0,1.000000,4.929563,1,728.004000,0.000000,,v0.4.1-interval-core
9065662043,9065662043,9065662043,9065662043,0.000000,0,0,0,0,2,multiscale+elgendi_like,1.000000,0.000000,0,0,0,0,1.000000,4.941359,1,728.004000,0.000000,,v0.4.1-interval-core
9066382044,0,9066382044,9066382044,0.000000,1,0,0,0,2,multiscale+elgendi_like,1.000000,0.000000,0,0,1,0,1.000000,4.528994,1,728.000000,0.000000,,v0.4.1-interval-core
9067118047,0,9067118047,9067118047,0.000000,1,0,0,0,2,multiscale+elgendi_like,1.000000,0.000000,0,0,1,0,1.000000,4.837000,1,727.996000,0.000000,,v0.4.1-interval-core
9067846043,0,9067846043,9067846043,0.000000,1,0,0,0,2,multiscale+elgendi_like,1.000000,0.000000,0,0,1,0,1.000000,4.683325,1,727.996000,0.000000,,v0.4.1-interval-core
9068598043,0,9068598043,9068598043,0.000000,1,0,0,0,2,multiscale+elgendi_like,1.000000,0.000000,0,0,1,0,1.000000,4.635367,1,720.004000,0.000000,,v0.4.1-interval-core
9069326047,0,9069326047,9069326047,0.000000,1,0,0,0,2,multiscale+elgendi_like,1.000000,0.000000,0,0,1,0,1.000000,4.486428,1,724.000000,0.000000,,v0.4.1-interval-core
9070030044,0,9070030044,9070030044,0.000000,1,0,0,0,2,multiscale+elgendi_like,1.000000,0.000000,0,0,1,0,1.000000,4.563954,1,724.000000,0.000000,,v0.4.1-interval-core
9070726043,9070406044,9070726043,9070726043,319.999000,0,0,0,0,2,multiscale+elgendi_like,1.000000,0.000000,0,0,0,0,1.000000,4.526549,1,720.004000,319.999000,,v0.4.1-interval-core
9071406043,9071406043,9071406043,9071406043,0.000000,0,0,0,0,2,multiscale+elgendi_like,1.000000,0.000000,0,0,0,0,1.000000,4.666901,1,724.000000,0.000000,,v0.4.1-interval-core
9072110043,9072110043,9072110043,9072110043,0.000000,0,0,0,0,2,multiscale+elgendi_like,1.000000,0.000000,0,0,0,0,1.000000,4.940297,1,727.996000,0.000000,,v0.4.1-interval-core
9072830043,9072830043,9072830043,9072830043,0.000000,0,0,0,0,2,multiscale+elgendi_like,1.000000,0.000000,0,0,0,0,1.000000,5.198370,1,720.000500,0.000000,,v0.4.1-interval-core
9073566043,9073566043,9073566043,9073566043,0.000000,0,0,0,0,2,multiscale+elgendi_like,1.000000,0.000000,0,0,0,0,1.000000,5.041017,1,720.000000,0.000000,,v0.4.1-interval-core
9074270046,9074270046,9074270046,9074270046,0.000000,0,0,0,0,2,multiscale+elgendi_like,1.000000,0.000000,0,0,0,0,1.000000,4.783297,1,720.000000,0.000000,,v0.4.1-interval-core
9074982043,9074982043,9074982043,9074982043,0.000000,0,0,0,0,2,multiscale+elgendi_like,1.000000,0.000000,0,0,0,0,1.000000,5.186212,1,720.000000,0.000000,,v0.4.1-interval-core
9075734047,9075726043,9075734047,9075734047,8.004000,0,0,0,0,2,multiscale+elgendi_like,1.000000,0.000000,0,0,0,0,1.000000,5.041570,1,720.000500,8.004000,,v0.4.1-interval-core
9076486043,9076486043,9076486043,9076486043,0.000000,0,0,0,0,2,multiscale+elgendi_like,1.000000,0.000000,0,0,0,0,1.000000,4.647166,1,723.998500,0.000000,,v0.4.1-interval-core
9077222047,9077222047,9077222047,9077222047,0.000000,0,0,0,0,2,multiscale+elgendi_like,1.000000,0.000000,0,0,0,0,1.000000,4.334941,1,723.998500,0.000000,,v0.4.1-interval-core
9077974043,9077966043,9077974043,9077974043,8.000000,0,0,0,0,2,multiscale+elgendi_like,1.000000,0.000000,0,0,0,0,1.000000,4.384549,1,723.998000,8.000000,,v0.4.1-interval-core
9078710047,9078710047,9078710047,9078710047,0.000000,0,0,0,0,2,multiscale+elgendi_like,1.000000,0.000000,0,0,0,0,1.000000,4.230323,1,720.000000,0.000000,,v0.4.1-interval-core
9079406043,9079406043,9079406043,9079406043,0.000000,0,0,0,0,2,multiscale+elgendi_like,1.000000,0.000000,0,0,0,0,1.000000,4.024169,1,716.000000,0.000000,,v0.4.1-interval-core
9080126043,9080126043,9080126043,9080126043,0.000000,0,0,0,0,2,multiscale+elgendi_like,1.000000,0.000000,0,0,0,0,1.000000,4.503039,1,711.998500,0.000000,,v0.4.1-interval-core
9080838043,9080838043,9080838043,9080838043,0.000000,0,0,0,0,2,multiscale+elgendi_like,1.000000,0.000000,0,0,0,0,1.000000,4.216024,1,708.000000,0.000000,,v0.4.1-interval-core
9081526043,9081526043,9081526043,9081526043,0.000000,0,0,0,0,2,multiscale+elgendi_like,1.000000,0.000000,0,0,0,0,1.000000,4.140471,1,708.000000,0.000000,,v0.4.1-interval-core
9082230043,9082230043,9082230043,9082230043,0.000000,0,0,0,0,2,multiscale+elgendi_like,1.000000,0.000000,0,0,0,0,1.000000,4.318691,1,708.000000,0.000000,,v0.4.1-interval-core
9082974045,9082966043,9082974045,9082974045,8.002000,0,0,0,0,2,multiscale+elgendi_like,1.000000,0.000000,0,0,0,0,1.000000,4.541132,1,708.000000,8.002000,,v0.4.1-interval-core
9083726043,9083726043,9083726043,9083726043,0.000000,0,0,0,0,2,multiscale+elgendi_like,1.000000,0.000000,0,0,0,0,1.000000,4.442377,1,711.998500,0.000000,,v0.4.1-interval-core
9084462043,9084462043,9084462043,9084462043,0.000000,0,0,0,0,2,multiscale+elgendi_like,1.000000,0.000000,0,0,0,0,1.000000,3.997673,1,708.000000,0.000000,,v0.4.1-interval-core
9085150043,9085150043,9085150043,9085150043,0.000000,0,0,0,0,2,multiscale+elgendi_like,1.000000,0.000000,0,0,0,0,1.000000,3.605792,1,704.001500,0.000000,,v0.4.1-interval-core
9085830043,9085822043,9085830043,9085830043,8.000000,0,0,0,0,2,multiscale+elgendi_like,1.000000,0.000000,0,0,0,0,1.000000,4.246205,1,696.002000,8.000000,,v0.4.1-interval-core
9086502043,9086494044,9086502043,9086502043,7.999000,0,0,0,0,2,multiscale+elgendi_like,1.000000,0.000000,0,0,0,0,1.000000,4.062110,1,695.999000,7.999000,,v0.4.1-interval-core
9087158043,9087158043,9087158043,9087158043,0.000000,0,0,0,0,2,multiscale+elgendi_like,1.000000,0.000000,0,0,0,0,1.000000,4.287248,1,695.998000,0.000000,,v0.4.1-interval-core
9087798046,9087790044,9087798046,9087798046,8.002000,0,0,0,0,2,multiscale+elgendi_like,1.000000,0.000000,0,0,0,0,1.000000,4.200272,1,695.998000,8.002000,,v0.4.1-interval-core
9088422043,0,9088422043,9088422043,0.000000,1,0,0,0,2,multiscale+elgendi_like,1.000000,0.000000,0,0,1,0,1.000000,4.100389,1,695.996500,0.000000,,v0.4.1-interval-core
9089086044,9089070043,9089086044,9089086044,16.001000,0,0,0,0,2,multiscale+elgendi_like,1.000000,0.000000,0,0,0,0,1.000000,5.418609,1,691.998000,16.001000,,v0.4.1-interval-core
9089782046,9089782046,9089782046,9089782046,0.000000,0,0,0,0,2,multiscale+elgendi_like,1.000000,0.000000,0,0,0,0,1.000000,4.966767,1,695.996000,0.000000,,v0.4.1-interval-core
9090510045,9090510045,9090510045,9090510045,0.000000,0,0,0,0,2,multiscale+elgendi_like,1.000000,0.000000,0,0,0,0,1.000000,4.916364,1,695.996000,0.000000,,v0.4.1-interval-core
9091182047,9091182047,9091182047,9091182047,0.000000,0,0,0,0,2,multiscale+elgendi_like,1.000000,0.000000,0,0,0,0,1.000000,3.745744,1,695.997000,0.000000,,v0.4.1-interval-core
9091846045,9091838046,9091846045,9091846045,7.999000,0,0,0,0,2,multiscale+elgendi_like,1.000000,0.000000,0,0,0,0,1.000000,4.264277,1,695.997000,7.999000,,v0.4.1-interval-core
9092526043,9092526043,9092526043,9092526043,0.000000,0,0,0,0,2,multiscale+elgendi_like,1.000000,0.000000,0,0,0,0,1.000000,4.215594,1,695.997000,0.000000,,v0.4.1-interval-core
9093206044,9093206044,9093206044,9093206044,0.000000,0,0,0,0,2,multiscale+elgendi_like,1.000000,0.000000,0,0,0,0,1.000000,4.094621,1,696.000000,0.000000,,v0.4.1-interval-core
9093902044,9093902044,9093902044,9093902044,0.000000,0,0,0,0,2,multiscale+elgendi_like,1.000000,0.000000,0,0,0,0,1.000000,4.597633,1,695.998500,0.000000,,v0.4.1-interval-core
9094598046,9094598046,9094598046,9094598046,0.000000,0,0,0,0,2,multiscale+elgendi_like,1.000000,0.000000,0,0,0,0,1.000000,4.526031,1,695.998500,0.000000,,v0.4.1-interval-core
9095294043,9095286043,9095294043,9095294043,8.000000,0,0,0,0,2,multiscale+elgendi_like,1.000000,0.000000,0,0,0,0,1.000000,4.118729,1,695.998500,8.000000,,v0.4.1-interval-core
9095974043,9095974043,9095974043,9095974043,0.000000,0,0,0,0,2,multiscale+elgendi_like,1.000000,0.000000,0,0,0,0,1.000000,4.556294,1,695.998500,0.000000,,v0.4.1-interval-core
9096686043,9096686043,9096686043,9096686043,0.000000,0,0,0,0,2,multiscale+elgendi_like,1.000000,0.000000,0,0,0,0,1.000000,4.908956,1,696.001000,0.000000,,v0.4.1-interval-core
9097414045,9097414045,9097414045,9097414045,0.000000,0,0,0,0,2,multiscale+elgendi_like,1.000000,0.000000,0,0,0,0,1.000000,4.900621,1,696.002000,0.000000,,v0.4.1-interval-core
9098182047,9098182047,9098182047,9098182047,0.000000,0,0,0,0,2,multiscale+elgendi_like,1.000000,0.000000,0,0,0,0,1.000000,5.009581,1,704.001000,0.000000,,v0.4.1-interval-core
9098950047,9098950047,9098950047,9098950047,0.000000,0,0,0,0,2,multiscale+elgendi_like,1.000000,0.000000,0,0,0,0,1.000000,4.745802,1,719.999500,0.000000,,v0.4.1-interval-core
9099718046,9099718046,9099718046,9099718046,0.000000,0,0,0,0,2,multiscale+elgendi_like,1.000000,0.000000,0,0,0,0,1.000000,5.066936,1,728.002000,0.000000,,v0.4.1-interval-core
9100542047,9100542047,9100542047,9100542047,0.000000,0,0,0,0,2,multiscale+elgendi_like,1.000000,0.000000,0,0,0,0,1.000000,5.522567,1,760.000000,0.000000,,v0.4.1-interval-core
9101398047,9101390043,9101398047,9101398047,8.004000,0,0,0,0,2,multiscale+elgendi_like,1.000000,0.000000,0,0,0,0,1.000000,5.253040,1,760.000000,8.004000,,v0.4.1-interval-core
9102206043,9102206043,9102206043,9102206043,0.000000,0,0,0,0,2,multiscale+elgendi_like,1.000000,0.000000,0,0,0,0,1.000000,4.664881,1,767.999000,0.000000,,v0.4.1-interval-core
9102966043,9102966043,9102966043,9102966043,0.000000,0,0,0,0,2,multiscale+elgendi_like,1.000000,0.000000,0,0,0,0,1.000000,4.681511,1,767.999500,0.000000,,v0.4.1-interval-core
9103742043,9103742043,9103742043,9103742043,0.000000,0,0,0,0,2,multiscale+elgendi_like,1.000000,0.000000,0,0,0,0,1.000000,4.871664,1,768.002000,0.000000,,v0.4.1-interval-core
9104526043,9104526043,9104526043,9104526043,0.000000,0,0,0,0,2,multiscale+elgendi_like,1.000000,0.000000,0,0,0,0,1.000000,5.095302,1,776.000000,0.000000,,v0.4.1-interval-core
9105286043,9105286043,9105286043,9105286043,0.000000,0,0,0,0,2,multiscale+elgendi_like,1.000000,0.000000,0,0,0,0,1.000000,4.780298,1,776.002000,0.000000,,v0.4.1-interval-core
9106062045,9106062045,9106062045,9106062045,0.000000,0,0,0,0,2,multiscale+elgendi_like,1.000000,0.000000,0,0,0,0,1.000000,5.101382,1,784.000000,0.000000,,v0.4.1-interval-core
9106862044,9106854046,9106862044,9106862044,7.998000,0,0,0,0,2,multiscale+elgendi_like,1.000000,0.000000,0,0,0,0,1.000000,5.236463,1,799.999000,7.998000,,v0.4.1-interval-core
9107702047,9107694043,9107702047,9107702047,8.004000,0,0,0,0,2,multiscale+elgendi_like,1.000000,0.000000,0,0,0,0,1.000000,5.189174,1,807.996000,8.004000,,v0.4.1-interval-core
9108550043,9108550043,9108550043,9108550043,0.000000,0,0,0,0,2,multiscale+elgendi_like,1.000000,0.000000,0,0,0,0,1.000000,5.394875,1,815.998500,0.000000,,v0.4.1-interval-core
9109422045,9109422045,9109422045,9109422045,0.000000,0,0,0,0,2,multiscale+elgendi_like,1.000000,0.000000,0,0,0,0,1.000000,5.284428,1,843.999500,0.000000,,v0.4.1-interval-core
9110302043,9110302043,9110302043,9110302043,0.000000,0,0,0,0,2,multiscale+elgendi_like,1.000000,0.000000,0,0,0,0,1.000000,5.359157,1,847.999500,0.000000,,v0.4.1-interval-core
9111174047,9111174047,9111174047,9111174047,0.000000,0,0,0,0,2,multiscale+elgendi_like,1.000000,0.000000,0,0,0,0,1.000000,5.135030,1,847.999500,0.000000,,v0.4.1-interval-core
9112102043,9112094043,9112102043,9112102043,8.000000,0,0,0,0,2,multiscale+elgendi_like,1.000000,0.000000,0,0,0,0,1.000000,5.198469,1,847.999500,8.000000,,v0.4.1-interval-core
9113094046,9113094046,9113094046,9113094046,0.000000,0,0,0,0,2,multiscale+elgendi_like,1.000000,0.000000,0,0,0,0,1.000000,5.149741,1,843.999500,0.000000,,v0.4.1-interval-core
9114030043,9114022046,9114030043,9114030043,7.997000,0,0,0,0,2,multiscale+elgendi_like,1.000000,0.000000,0,0,0,0,1.000000,4.684133,1,840.003000,7.997000,,v0.4.1-interval-core
9114934044,9114934044,9114934044,9114934044,0.000000,0,0,0,0,2,multiscale+elgendi_like,1.000000,0.000000,0,0,0,0,1.000000,4.873488,1,843.999500,0.000000,,v0.4.1-interval-core
9115862043,9115862043,9115862043,9115862043,0.000000,0,0,0,0,2,multiscale+elgendi_like,1.000000,0.000000,0,0,0,0,1.000000,4.877771,1,843.999500,0.000000,,v0.4.1-interval-core
9116742043,9116742043,9116742043,9116742043,0.000000,0,0,0,0,2,multiscale+elgendi_like,1.000000,0.000000,0,0,0,0,1.000000,3.980140,1,843.999500,0.000000,,v0.4.1-interval-core
9117590046,9117590046,9117590046,9117590046,0.000000,0,0,0,0,2,multiscale+elgendi_like,1.000000,0.000000,0,0,0,0,1.000000,4.258763,1,843.999500,0.000000,,v0.4.1-interval-core
9118390043,9118390043,9118390043,9118390043,0.000000,0,0,0,0,2,multiscale+elgendi_like,1.000000,0.000000,0,0,0,0,1.000000,3.840338,1,847.998500,0.000000,,v0.4.1-interval-core
9119158047,9119158047,9119158047,9119158047,0.000000,0,0,0,0,2,multiscale+elgendi_like,1.000000,0.000000,0,0,0,0,1.000000,3.612041,1,836.003500,0.000000,,v0.4.1-interval-core
9119902044,9119902044,9119902044,9119902044,0.000000,0,0,0,0,2,multiscale+elgendi_like,1.000000,0.000000,0,0,0,0,1.000000,3.578081,1,816.000000,0.000000,,v0.4.1-interval-core
9120582046,9120582046,9120582046,9120582046,0.000000,0,0,0,0,2,multiscale+elgendi_like,1.000000,0.000000,0,0,0,0,1.000000,3.392390,1,803.996500,0.000000,,v0.4.1-interval-core
9121222043,0,9121222043,9121222043,0.000000,1,0,0,0,2,multiscale+elgendi_like,1.000000,0.000000,0,0,1,0,1.000000,3.310187,1,799.997000,0.000000,,v0.4.1-interval-core
9121910043,9121910043,9121910043,9121910043,0.000000,0,0,0,0,2,multiscale+elgendi_like,1.000000,0.000000,0,0,0,0,1.000000,3.838465,1,799.997000,0.000000,,v0.4.1-interval-core
9122670043,9122670043,9122670043,9122670043,0.000000,0,0,0,0,2,multiscale+elgendi_like,1.000000,0.000000,0,0,0,0,1.000000,4.355394,1,799.997000,0.000000,,v0.4.1-interval-core
9123414043,9123414043,9123414043,9123414043,0.000000,0,0,0,0,2,multiscale+elgendi_like,1.000000,0.000000,0,0,0,0,1.000000,4.565408,1,791.998500,0.000000,,v0.4.1-interval-core
9124190043,9124190043,9124190043,9124190043,0.000000,0,0,0,0,2,multiscale+elgendi_like,1.000000,0.000000,0,0,0,0,1.000000,5.027246,1,791.998500,0.000000,,v0.4.1-interval-core
9125014047,9125006043,9125014047,9125014047,8.004000,0,0,0,0,2,multiscale+elgendi_like,1.000000,0.000000,0,0,0,0,1.000000,5.031385,1,791.998500,8.004000,,v0.4.1-interval-core
9125822043,9125814043,9125822043,9125822043,8.000000,0,0,0,0,2,multiscale+elgendi_like,1.000000,0.000000,0,0,0,0,1.000000,4.582387,1,791.998500,8.000000,,v0.4.1-interval-core
9126606043,9126606043,9126606043,9126606043,0.000000,0,0,0,0,2,multiscale+elgendi_like,1.000000,0.000000,0,0,0,0,1.000000,4.665400,1,791.998500,0.000000,,v0.4.1-interval-core
9127350047,9127350047,9127350047,9127350047,0.000000,0,0,0,0,2,multiscale+elgendi_like,1.000000,0.000000,0,0,0,0,1.000000,4.298534,1,791.998500,0.000000,,v0.4.1-interval-core
9128102043,9128102043,9128102043,9128102043,0.000000,0,0,0,0,2,multiscale+elgendi_like,1.000000,0.000000,0,0,0,0,1.000000,4.744122,1,791.998500,0.000000,,v0.4.1-interval-core
9129022043,9129022043,9129022043,9129022043,0.000000,0,0,0,0,2,multiscale+elgendi_like,1.000000,0.000000,0,0,0,0,1.000000,5.197000,1,791.998500,0.000000,,v0.4.1-interval-core
9129974043,9129966043,9129974043,9129974043,8.000000,0,0,0,0,2,multiscale+elgendi_like,1.000000,0.000000,0,0,0,0,1.000000,4.571657,1,800.000000,8.000000,,v0.4.1-interval-core
9130950047,9130926047,9130950047,9130950047,24.000000,0,0,0,0,2,multiscale+elgendi_like,1.000000,0.000000,0,0,0,0,1.000000,4.484052,1,800.000000,24.000000,,v0.4.1-interval-core
9132038045,9132030043,9132038045,9132038045,8.002000,0,0,0,0,2,multiscale+elgendi_like,1.000000,0.000000,0,0,0,0,1.000000,4.647770,1,803.998000,8.002000,,v0.4.1-interval-core
9133086047,9133086047,9133086047,9133086047,0.000000,0,0,0,0,2,multiscale+elgendi_like,1.000000,0.000000,0,0,0,0,1.000000,4.016172,1,800.000000,0.000000,,v0.4.1-interval-core
9133982046,9133990046,9133982046,9133982046,-8.000000,0,0,0,0,2,multiscale+elgendi_like,1.000000,0.000000,0,0,0,0,1.000000,3.668775,1,803.998000,8.000000,,v0.4.1-interval-core
9134798043,9134798043,9134798043,9134798043,0.000000,0,0,0,0,2,multiscale+elgendi_like,1.000000,0.000000,0,0,0,0,1.000000,3.587913,1,803.998000,0.000000,,v0.4.1-interval-core
9135606046,9135606046,9135606046,9135606046,0.000000,0,0,0,0,2,multiscale+elgendi_like,1.000000,0.000000,0,0,0,0,1.000000,3.988624,1,807.999500,0.000000,,v0.4.1-interval-core
9136422047,9136422047,9136422047,9136422047,0.000000,0,0,0,0,2,multiscale+elgendi_like,1.000000,0.000000,0,0,0,0,1.000000,3.920605,1,812.000000,0.000000,,v0.4.1-interval-core
9137222047,9137222047,9137222047,9137222047,0.000000,0,0,0,0,2,multiscale+elgendi_like,1.000000,0.000000,0,0,0,0,1.000000,3.696712,1,812.000000,0.000000,,v0.4.1-interval-core
9137990047,9137990047,9137990047,9137990047,0.000000,0,0,0,0,2,multiscale+elgendi_like,1.000000,0.000000,0,0,0,0,1.000000,3.595293,1,815.999000,0.000000,,v0.4.1-interval-core
9138734043,9138734043,9138734043,9138734043,0.000000,0,0,0,0,2,multiscale+elgendi_like,1.000000,0.000000,0,0,0,0,1.000000,4.165710,1,816.001000,0.000000,,v0.4.1-interval-core
9139486043,9139486043,9139486043,9139486043,0.000000,0,0,0,0,2,multiscale+elgendi_like,1.000000,0.000000,0,0,0,0,1.000000,4.303117,1,840.003000,0.000000,,v0.4.1-interval-core
9140222043,9140214043,9140222043,9140222043,8.000000,0,0,0,0,2,multiscale+elgendi_like,1.000000,0.000000,0,0,0,0,1.000000,4.176176,1,840.003000,8.000000,,v0.4.1-interval-core
9140982043,9140974043,9140982043,9140982043,8.000000,0,0,0,0,2,multiscale+elgendi_like,1.000000,0.000000,0,0,0,0,1.000000,4.434504,1,840.003000,8.000000,,v0.4.1-interval-core
9141742043,9141742043,9141742043,9141742043,0.000000,0,0,0,0,2,multiscale+elgendi_like,1.000000,0.000000,0,0,0,0,1.000000,4.609516,1,828.002000,0.000000,,v0.4.1-interval-core
9142582046,9142574043,9142582046,9142582046,8.003000,0,0,0,0,2,multiscale+elgendi_like,1.000000,0.000000,0,0,0,0,1.000000,5.128643,1,820.000000,8.003000,,v0.4.1-interval-core
9143478043,9143470043,9143478043,9143478043,8.000000,0,0,0,0,2,multiscale+elgendi_like,1.000000,0.000000,0,0,0,0,1.000000,5.356338,1,815.999000,8.000000,,v0.4.1-interval-core
9144366043,9144366043,9144366043,9144366043,0.000000,0,0,0,0,2,multiscale+elgendi_like,1.000000,0.000000,0,0,0,0,1.000000,5.336500,1,815.996500,0.000000,,v0.4.1-interval-core
9145262043,9145262043,9145262043,9145262043,0.000000,0,0,0,0,2,multiscale+elgendi_like,1.000000,0.000000,0,0,0,0,1.000000,4.832977,1,808.003000,0.000000,,v0.4.1-interval-core
9146126047,9146126047,9146126047,9146126047,0.000000,0,0,0,0,2,multiscale+elgendi_like,1.000000,0.000000,0,0,0,0,1.000000,4.206286,1,800.000000,0.000000,,v0.4.1-interval-core
9146990043,9146966043,9146990043,9146990043,24.000000,0,0,0,0,2,multiscale+elgendi_like,1.000000,0.000000,0,0,0,0,1.000000,4.491089,1,792.000000,24.000000,,v0.4.1-interval-core
9147830046,9147830046,9147830046,9147830046,0.000000,0,0,0,0,2,multiscale+elgendi_like,1.000000,0.000000,0,0,0,0,1.000000,4.262653,1,792.000000,0.000000,,v0.4.1-interval-core
9148646047,9148646047,9148646047,9148646047,0.000000,0,0,0,0,2,multiscale+elgendi_like,1.000000,0.000000,0,0,0,0,1.000000,4.234631,1,784.000000,0.000000,,v0.4.1-interval-core
9149462043,9149462043,9149462043,9149462043,0.000000,0,0,0,0,2,multiscale+elgendi_like,1.000000,0.000000,0,0,0,0,1.000000,4.125932,1,784.000000,0.000000,,v0.4.1-interval-core
9150254043,9150254043,9150254043,9150254043,0.000000,0,0,0,0,2,multiscale+elgendi_like,1.000000,0.000000,0,0,0,0,1.000000,3.644088,1,784.000000,0.000000,,v0.4.1-interval-core
9151038043,9151038043,9151038043,9151038043,0.000000,0,0,0,0,2,multiscale+elgendi_like,1.000000,0.000000,0,0,0,0,1.000000,3.949832,1,772.000000,0.000000,,v0.4.1-interval-core
9151830043,9151822043,9151830043,9151830043,8.000000,0,0,0,0,2,multiscale+elgendi_like,1.000000,0.000000,0,0,0,0,1.000000,4.005276,1,776.000000,8.000000,,v0.4.1-interval-core
9152590043,9152590043,9152590043,9152590043,0.000000,0,0,0,0,2,multiscale+elgendi_like,1.000000,0.000000,0,0,0,0,1.000000,3.854393,1,776.000000,0.000000,,v0.4.1-interval-core
9153310043,9153310043,9153310043,9153310043,0.000000,0,0,0,0,2,multiscale+elgendi_like,1.000000,0.000000,0,0,0,0,1.000000,3.683314,1,772.000000,0.000000,,v0.4.1-interval-core
9153990047,9153990047,9153990047,9153990047,0.000000,0,0,0,0,2,multiscale+elgendi_like,1.000000,0.000000,0,0,0,0,1.000000,4.094085,1,748.000500,0.000000,,v0.4.1-interval-core
9154686043,0,9154686043,9154686043,0.000000,1,0,0,0,2,multiscale+elgendi_like,1.000000,0.000000,0,0,1,0,1.000000,4.690341,1,748.000500,0.000000,,v0.4.1-interval-core
9155422044,9155094043,9155422044,9155422044,328.001000,0,0,0,0,2,multiscale+elgendi_like,1.000000,0.000000,0,0,0,0,1.000000,4.028570,1,744.000000,328.001000,,v0.4.1-interval-core
9156150043,9156150043,9156150043,9156150043,0.000000,0,0,0,0,2,multiscale+elgendi_like,1.000000,0.000000,0,0,0,0,1.000000,3.690211,1,751.999000,0.000000,,v0.4.1-interval-core
9156886043,9156886043,9156886043,9156886043,0.000000,0,0,0,0,2,multiscale+elgendi_like,1.000000,0.000000,0,0,0,0,1.000000,3.795370,1,744.000000,0.000000,,v0.4.1-interval-core
9157566047,0,9157566047,9157566047,0.000000,1,0,0,0,2,multiscale+elgendi_like,1.000000,0.000000,0,0,1,0,1.000000,3.897914,1,744.000000,0.000000,,v0.4.1-interval-core
9158270047,9158262046,9158270047,9158270047,8.001000,0,0,0,0,2,multiscale+elgendi_like,1.000000,0.000000,0,0,0,0,1.000000,4.556699,1,744.000000,8.001000,,v0.4.1-interval-core
9158966045,9158966045,9158966045,9158966045,0.000000,0,0,0,0,2,multiscale+elgendi_like,1.000000,0.000000,0,0,0,0,1.000000,4.572234,1,744.000000,0.000000,,v0.4.1-interval-core
9159694047,9159686046,9159694047,9159694047,8.001000,0,0,0,0,2,multiscale+elgendi_like,1.000000,0.000000,0,0,0,0,1.000000,4.545755,1,751.999000,8.001000,,v0.4.1-interval-core
9160390043,9160390043,9160390043,9160390043,0.000000,0,0,0,0,2,multiscale+elgendi_like,1.000000,0.000000,0,0,0,0,1.000000,4.121648,1,751.999000,0.000000,,v0.4.1-interval-core
9161094044,9161094044,9161094044,9161094044,0.000000,0,0,0,0,2,multiscale+elgendi_like,1.000000,0.000000,0,0,0,0,1.000000,4.473717,1,744.000000,0.000000,,v0.4.1-interval-core
9161846043,9161846043,9161846043,9161846043,0.000000,0,0,0,0,2,multiscale+elgendi_like,1.000000,0.000000,0,0,0,0,1.000000,4.712784,1,744.000000,0.000000,,v0.4.1-interval-core
9162662045,9162662045,9162662045,9162662045,0.000000,0,0,0,0,2,multiscale+elgendi_like,1.000000,0.000000,0,0,0,0,1.000000,4.807863,1,744.000000,0.000000,,v0.4.1-interval-core
9163494043,9163486043,9163494043,9163494043,8.000000,0,0,0,0,2,multiscale+elgendi_like,1.000000,0.000000,0,0,0,0,1.000000,4.418160,1,744.000000,8.000000,,v0.4.1-interval-core
9164310043,9164310043,9164310043,9164310043,0.000000,0,0,0,0,2,multiscale+elgendi_like,1.000000,0.000000,0,0,0,0,1.000000,3.876541,1,744.000000,0.000000,,v0.4.1-interval-core
9165078043,9165078043,9165078043,9165078043,0.000000,0,0,0,0,2,multiscale+elgendi_like,1.000000,0.000000,0,0,0,0,1.000000,3.740635,1,759.999500,0.000000,,v0.4.1-interval-core
9165894043,9165894043,9165894043,9165894043,0.000000,0,0,0,0,2,multiscale+elgendi_like,1.000000,0.000000,0,0,0,0,1.000000,4.750270,1,816.000000,0.000000,,v0.4.1-interval-core
9166718043,9166718043,9166718043,9166718043,0.000000,0,0,0,0,2,multiscale+elgendi_like,1.000000,0.000000,0,0,0,0,1.000000,4.486697,1,816.000000,0.000000,,v0.4.1-interval-core
9167582047,9167582047,9167582047,9167582047,0.000000,0,0,0,0,2,multiscale+elgendi_like,1.000000,0.000000,0,0,0,0,1.000000,4.638354,1,816.000000,0.000000,,v0.4.1-interval-core
9168422043,9168422043,9168422043,9168422043,0.000000,0,0,0,0,2,multiscale+elgendi_like,1.000000,0.000000,0,0,0,0,1.000000,4.171426,1,816.000000,0.000000,,v0.4.1-interval-core
9169254043,9169254043,9169254043,9169254043,0.000000,0,0,0,0,2,multiscale+elgendi_like,1.000000,0.000000,0,0,0,0,1.000000,4.519610,1,816.000000,0.000000,,v0.4.1-interval-core
9170110043,9170110043,9170110043,9170110043,0.000000,0,0,0,0,2,multiscale+elgendi_like,1.000000,0.000000,0,0,0,0,1.000000,4.554135,1,816.000000,0.000000,,v0.4.1-interval-core
9170974043,9170974043,9170974043,9170974043,0.000000,0,0,0,0,2,multiscale+elgendi_like,1.000000,0.000000,0,0,0,0,1.000000,4.315086,1,816.000000,0.000000,,v0.4.1-interval-core
9171830043,9171830043,9171830043,9171830043,0.000000,0,0,0,0,2,multiscale+elgendi_like,1.000000,0.000000,0,0,0,0,1.000000,4.444045,1,816.000000,0.000000,,v0.4.1-interval-core
9172702047,9172694043,9172702047,9172702047,8.004000,0,0,0,0,2,multiscale+elgendi_like,1.000000,0.000000,0,0,0,0,1.000000,4.514038,1,816.000000,8.004000,,v0.4.1-interval-core
9173542046,9173542046,9173542046,9173542046,0.000000,0,0,0,0,2,multiscale+elgendi_like,1.000000,0.000000,0,0,0,0,1.000000,4.318688,1,816.000000,0.000000,,v0.4.1-interval-core
9174358045,9174358045,9174358045,9174358045,0.000000,0,0,0,0,2,multiscale+elgendi_like,1.000000,0.000000,0,0,0,0,1.000000,3.702850,1,816.000000,0.000000,,v0.4.1-interval-core
9175150043,9175150043,9175150043,9175150043,0.000000,0,0,0,0,2,multiscale+elgendi_like,1.000000,0.000000,0,0,0,0,1.000000,3.889278,1,815.999000,0.000000,,v0.4.1-interval-core
9175918045,9175918045,9175918045,9175918045,0.000000,0,0,0,0,2,multiscale+elgendi_like,1.000000,0.000000,0,0,0,0,1.000000,4.102891,1,792.000000,0.000000,,v0.4.1-interval-core
9176630043,9176630043,9176630043,9176630043,0.000000,0,0,0,0,2,multiscale+elgendi_like,1.000000,0.000000,0,0,0,0,1.000000,3.847205,1,800.000000,0.000000,,v0.4.1-interval-core
9177334043,9177334043,9177334043,9177334043,0.000000,0,0,0,0,2,multiscale+elgendi_like,1.000000,0.000000,0,0,0,0,1.000000,4.146774,1,800.000000,0.000000,,v0.4.1-interval-core
9178070043,0,9178070043,9178070043,0.000000,1,0,0,0,2,multiscale+elgendi_like,1.000000,0.000000,0,0,1,0,1.000000,4.660172,1,800.000000,0.000000,,v0.4.1-interval-core
9178838043,0,9178838043,9178838043,0.000000,1,0,0,0,2,multiscale+elgendi_like,1.000000,0.000000,0,0,1,0,1.000000,4.689019,1,800.000000,0.000000,,v0.4.1-interval-core
9179598043,9179598043,9179598043,9179598043,0.000000,0,0,0,0,2,multiscale+elgendi_like,1.000000,0.000000,0,0,0,0,1.000000,4.373492,1,800.000000,0.000000,,v0.4.1-interval-core
9180374043,9180374043,9180374043,9180374043,0.000000,0,0,0,0,2,multiscale+elgendi_like,1.000000,0.000000,0,0,0,0,1.000000,4.711283,1,796.000000,0.000000,,v0.4.1-interval-core
9181166043,9180822043,9181166043,9181166043,344.000000,0,0,0,0,2,multiscale+elgendi_like,1.000000,0.000000,0,0,0,0,1.000000,4.461700,1,796.000000,344.000000,,v0.4.1-interval-core
9181918043,9181918043,9181918043,9181918043,0.000000,0,0,0,0,2,multiscale+elgendi_like,1.000000,0.000000,0,0,0,0,1.000000,4.189459,1,800.000000,0.000000,,v0.4.1-interval-core
9182662043,9182654043,9182662043,9182662043,8.000000,0,0,0,0,2,multiscale+elgendi_like,1.000000,0.000000,0,0,0,0,1.000000,4.469499,1,800.000000,8.000000,,v0.4.1-interval-core
9183462043,9183462043,9183462043,9183462043,0.000000,0,0,0,0,2,multiscale+elgendi_like,1.000000,0.000000,0,0,0,0,1.000000,4.925047,1,800.000000,0.000000,,v0.4.1-interval-core
9184278043,9184278043,9184278043,9184278043,0.000000,0,0,0,0,2,multiscale+elgendi_like,1.000000,0.000000,0,0,0,0,1.000000,4.621452,1,800.000000,0.000000,,v0.4.1-interval-core
9185102046,9185102046,9185102046,9185102046,0.000000,0,0,0,0,2,multiscale+elgendi_like,1.000000,0.000000,0,0,0,0,1.000000,4.675966,1,800.000000,0.000000,,v0.4.1-interval-core
9185982047,9185982047,9185982047,9185982047,0.000000,0,0,0,0,2,multiscale+elgendi_like,1.000000,0.000000,0,0,0,0,1.000000,4.840307,1,800.000000,0.000000,,v0.4.1-interval-core
9186870043,9186870043,9186870043,9186870043,0.000000,0,0,0,0,2,multiscale+elgendi_like,1.000000,0.000000,0,0,0,0,1.000000,4.595066,1,816.000000,0.000000,,v0.4.1-interval-core
9187742043,9187742043,9187742043,9187742043,0.000000,0,0,0,0,2,multiscale+elgendi_like,1.000000,0.000000,0,0,0,0,1.000000,4.276952,1,844.001500,0.000000,,v0.4.1-interval-core
9188654043,9188654043,9188654043,9188654043,0.000000,0,0,0,0,2,multiscale+elgendi_like,1.000000,0.000000,0,0,0,0,1.000000,4.510255,1,844.001500,0.000000,,v0.4.1-interval-core
9189534046,9189534046,9189534046,9189534046,0.000000,0,0,0,0,2,multiscale+elgendi_like,1.000000,0.000000,0,0,0,0,1.000000,4.069524,1,844.001500,0.000000,,v0.4.1-interval-core
9190414044,9190414044,9190414044,9190414044,0.000000,0,0,0,0,2,multiscale+elgendi_like,1.000000,0.000000,0,0,0,0,1.000000,4.378432,1,844.001500,0.000000,,v0.4.1-interval-core
9191334047,9191366043,9191334047,9191334047,-31.996000,0,0,0,0,2,multiscale+elgendi_like,1.000000,0.000000,0,0,0,0,1.000000,4.401272,1,844.001500,31.996000,,v0.4.1-interval-core
9192222045,9192222045,9192222045,9192222045,0.000000,0,0,0,0,2,multiscale+elgendi_like,1.000000,0.000000,0,0,0,0,1.000000,4.110950,1,864.000000,0.000000,,v0.4.1-interval-core
9193086045,9193086045,9193086045,9193086045,0.000000,0,0,0,0,2,multiscale+elgendi_like,1.000000,0.000000,0,0,0,0,1.000000,4.397052,1,864.000000,0.000000,,v0.4.1-interval-core
9193958043,9193958043,9193958043,9193958043,0.000000,0,0,0,0,2,multiscale+elgendi_like,1.000000,0.000000,0,0,0,0,1.000000,4.327468,1,864.000000,0.000000,,v0.4.1-interval-core
9194822043,9194822043,9194822043,9194822043,0.000000,0,0,0,0,2,multiscale+elgendi_like,1.000000,0.000000,0,0,0,0,1.000000,4.064121,1,864.000000,0.000000,,v0.4.1-interval-core
9195614043,9195614043,9195614043,9195614043,0.000000,0,0,0,0,2,multiscale+elgendi_like,1.000000,0.000000,0,0,0,0,1.000000,3.774253,1,864.000000,0.000000,,v0.4.1-interval-core
9196422043,9196422043,9196422043,9196422043,0.000000,0,0,0,0,2,multiscale+elgendi_like,1.000000,0.000000,0,0,0,0,1.000000,4.404053,1,864.000000,0.000000,,v0.4.1-interval-core
9197238044,9197230043,9197238044,9197238044,8.001000,0,0,0,0,2,multiscale+elgendi_like,1.000000,0.000000,0,0,0,0,1.000000,4.471180,1,864.000000,8.001000,,v0.4.1-interval-core
9198046047,9198046047,9198046047,9198046047,0.000000,0,0,0,0,2,multiscale+elgendi_like,1.000000,0.000000,0,0,0,0,1.000000,4.328807,1,848.003000,0.000000,,v0.4.1-interval-core
9198862043,9198854045,9198862043,9198862043,7.998000,0,0,0,0,2,multiscale+elgendi_like,1.000000,0.000000,0,0,0,0,1.000000,4.851298,1,848.003000,7.998000,,v0.4.1-interval-core
9199694043,9199694043,9199694043,9199694043,0.000000,0,0,0,0,2,multiscale+elgendi_like,1.000000,0.000000,0,0,0,0,1.000000,5.224196,1,848.000000,0.000000,,v0.4.1-interval-core
9200558046,9200558046,9200558046,9200558046,0.000000,0,0,0,0,2,multiscale+elgendi_like,1.000000,0.000000,0,0,0,0,1.000000,5.022586,1,848.000000,0.000000,,v0.4.1-interval-core
9201398043,9201390043,9201398043,9201398043,8.000000,0,0,0,0,2,multiscale+elgendi_like,1.000000,0.000000,0,0,0,0,1.000000,4.875668,1,839.999000,8.000000,,v0.4.1-interval-core
9202246043,9202238043,9202246043,9202246043,8.000000,0,0,0,0,2,multiscale+elgendi_like,1.000000,0.000000,0,0,0,0,1.000000,5.125255,1,843.998500,8.000000,,v0.4.1-interval-core
9203094046,9203094046,9203094046,9203094046,0.000000,0,0,0,0,2,multiscale+elgendi_like,1.000000,0.000000,0,0,0,0,1.000000,4.767828,1,839.998500,0.000000,,v0.4.1-interval-core
9203918044,9203918044,9203918044,9203918044,0.000000,0,0,0,0,2,multiscale+elgendi_like,1.000000,0.000000,0,0,0,0,1.000000,4.202695,1,839.998500,0.000000,,v0.4.1-interval-core
9204758043,9204758043,9204758043,9204758043,0.000000,0,0,0,0,2,multiscale+elgendi_like,1.000000,0.000000,0,0,0,0,1.000000,4.576696,1,839.998500,0.000000,,v0.4.1-interval-core
9205606043,9205606043,9205606043,9205606043,0.000000,0,0,0,0,2,multiscale+elgendi_like,1.000000,0.000000,0,0,0,0,1.000000,4.890925,1,839.998500,0.000000,,v0.4.1-interval-core
9206454043,9206454043,9206454043,9206454043,0.000000,0,0,0,0,2,multiscale+elgendi_like,1.000000,0.000000,0,0,0,0,1.000000,4.329404,1,839.998500,0.000000,,v0.4.1-interval-core
9207246044,9207246044,9207246044,9207246044,0.000000,0,0,0,0,2,multiscale+elgendi_like,1.000000,0.000000,0,0,0,0,1.000000,3.974892,1,843.999500,0.000000,,v0.4.1-interval-core
9208078045,9208078045,9208078045,9208078045,0.000000,0,0,0,0,2,multiscale+elgendi_like,1.000000,0.000000,0,0,0,0,1.000000,4.430159,1,848.000000,0.000000,,v0.4.1-interval-core
9208918043,9208918043,9208918043,9208918043,0.000000,0,0,0,0,2,multiscale+elgendi_like,1.000000,0.000000,0,0,0,0,1.000000,4.617118,1,848.000000,0.000000,,v0.4.1-interval-core
9209814043,9209806043,9209814043,9209814043,8.000000,0,0,0,0,2,multiscale+elgendi_like,1.000000,0.000000,0,0,0,0,1.000000,4.754219,1,848.000000,8.000000,,v0.4.1-interval-core
9210702043,9210702043,9210702043,9210702043,0.000000,0,0,0,0,2,multiscale+elgendi_like,1.000000,0.000000,0,0,0,0,1.000000,5.037624,1,848.000000,0.000000,,v0.4.1-interval-core
9211606043,9211606043,9211606043,9211606043,0.000000,0,0,0,0,2,multiscale+elgendi_like,1.000000,0.000000,0,0,0,0,1.000000,5.516866,1,848.000000,0.000000,,v0.4.1-interval-core
9212526043,9212526043,9212526043,9212526043,0.000000,0,0,0,0,2,multiscale+elgendi_like,1.000000,0.000000,0,0,0,0,1.000000,5.106292,1,843.999500,0.000000,,v0.4.1-interval-core
9213382043,9213382043,9213382043,9213382043,0.000000,0,0,0,0,2,multiscale+elgendi_like,1.000000,0.000000,0,0,0,0,1.000000,4.626900,1,839.998500,0.000000,,v0.4.1-interval-core
9214246043,9214246043,9214246043,9214246043,0.000000,0,0,0,0,2,multiscale+elgendi_like,1.000000,0.000000,0,0,0,0,1.000000,4.903599,1,835.999500,0.000000,,v0.4.1-interval-core
9215110047,9215110047,9215110047,9215110047,0.000000,0,0,0,0,2,multiscale+elgendi_like,1.000000,0.000000,0,0,0,0,1.000000,4.989696,1,835.999500,0.000000,,v0.4.1-interval-core
9215918043,9215918043,9215918043,9215918043,0.000000,0,0,0,0,2,multiscale+elgendi_like,1.000000,0.000000,0,0,0,0,1.000000,4.372109,1,820.000500,0.000000,,v0.4.1-interval-core
9216718043,9216710043,9216718043,9216718043,8.000000,0,0,0,0,2,multiscale+elgendi_like,1.000000,0.000000,0,0,0,0,1.000000,4.534438,1,807.998000,8.000000,,v0.4.1-interval-core
9217526043,9217518043,9217526043,9217526043,8.000000,0,0,0,0,2,multiscale+elgendi_like,1.000000,0.000000,0,0,0,0,1.000000,4.372313,1,803.998000,8.000000,,v0.4.1-interval-core
9218270043,9218270043,9218270043,9218270043,0.000000,0,0,0,0,2,multiscale+elgendi_like,1.000000,0.000000,0,0,0,0,1.000000,3.936106,1,807.996000,0.000000,,v0.4.1-interval-core
9218990043,0,9218990043,9218990043,0.000000,1,0,0,0,2,multiscale+elgendi_like,1.000000,0.000000,0,0,1,0,1.000000,4.044404,1,808.000000,0.000000,,v0.4.1-interval-core
9219686045,9219686045,9219686045,9219686045,0.000000,0,0,0,0,2,multiscale+elgendi_like,1.000000,0.000000,0,0,0,0,1.000000,3.851601,1,808.000000,0.000000,,v0.4.1-interval-core
9220382045,9220062043,9220382045,9220382045,320.002000,0,0,0,0,2,multiscale+elgendi_like,1.000000,0.000000,0,0,0,0,1.000000,3.998798,1,807.998000,320.002000,,v0.4.1-interval-core
9221134043,9221134043,9221134043,9221134043,0.000000,0,0,0,0,2,multiscale+elgendi_like,1.000000,0.000000,0,0,0,0,1.000000,4.900877,1,807.998000,0.000000,,v0.4.1-interval-core
9221910043,9221910043,9221910043,9221910043,0.000000,0,0,0,0,2,multiscale+elgendi_like,1.000000,0.000000,0,0,0,0,1.000000,4.970640,1,807.998000,0.000000,,v0.4.1-interval-core
9222678047,9222678047,9222678047,9222678047,0.000000,0,0,0,0,2,multiscale+elgendi_like,1.000000,0.000000,0,0,0,0,1.000000,4.491721,1,807.998000,0.000000,,v0.4.1-interval-core
9223414047,9223414047,9223414047,9223414047,0.000000,0,0,0,0,2,multiscale+elgendi_like,1.000000,0.000000,0,0,0,0,1.000000,4.529795,1,807.997000,0.000000,,v0.4.1-interval-core
9224182047,9224182047,9224182047,9224182047,0.000000,0,0,0,0,2,multiscale+elgendi_like,1.000000,0.000000,0,0,0,0,1.000000,4.750411,1,807.996000,0.000000,,v0.4.1-interval-core
9225014043,9225014043,9225014043,9225014043,0.000000,0,0,0,0,2,multiscale+elgendi_like,1.000000,0.000000,0,0,0,0,1.000000,4.904142,1,800.000000,0.000000,,v0.4.1-interval-core
9225926046,9225926046,9225926046,9225926046,0.000000,0,0,0,0,2,multiscale+elgendi_like,1.000000,0.000000,0,0,0,0,1.000000,5.033786,1,800.000000,0.000000,,v0.4.1-interval-core
9226814043,9226814043,9226814043,9226814043,0.000000,0,0,0,0,2,multiscale+elgendi_like,1.000000,0.000000,0,0,0,0,1.000000,4.753335,1,800.000000,0.000000,,v0.4.1-interval-core
9227798047,9227798047,9227798047,9227798047,0.000000,0,0,0,0,2,multiscale+elgendi_like,1.000000,0.000000,0,0,0,0,1.000000,5.323723,1,800.000000,0.000000,,v0.4.1-interval-core
9228790043,9228790043,9228790043,9228790043,0.000000,0,0,0,0,2,multiscale+elgendi_like,1.000000,0.000000,0,0,0,0,1.000000,4.909445,1,804.000000,0.000000,,v0.4.1-interval-core
9229662047,9229662047,9229662047,9229662047,0.000000,0,0,0,0,2,multiscale+elgendi_like,1.000000,0.000000,0,0,0,0,1.000000,3.939814,1,808.000000,0.000000,,v0.4.1-interval-core
9230462047,9230462047,9230462047,9230462047,0.000000,0,0,0,0,2,multiscale+elgendi_like,1.000000,0.000000,0,0,0,0,1.000000,3.745670,1,811.998000,0.000000,,v0.4.1-interval-core
9231262047,9231262047,9231262047,9231262047,0.000000,0,0,0,0,2,multiscale+elgendi_like,1.000000,0.000000,0,0,0,0,1.000000,4.287175,1,811.998000,0.000000,,v0.4.1-interval-core
9232078047,9232078047,9232078047,9232078047,0.000000,0,0,0,0,2,multiscale+elgendi_like,1.000000,0.000000,0,0,0,0,1.000000,4.273392,1,808.000000,0.000000,,v0.4.1-interval-core
9232894043,9232894043,9232894043,9232894043,0.000000,0,0,0,0,2,multiscale+elgendi_like,1.000000,0.000000,0,0,0,0,1.000000,3.827331,1,808.000000,0.000000,,v0.4.1-interval-core
9233702043,9233702043,9233702043,9233702043,0.000000,0,0,0,0,2,multiscale+elgendi_like,1.000000,0.000000,0,0,0,0,1.000000,4.138130,1,808.000000,0.000000,,v0.4.1-interval-core
9234526043,9234526043,9234526043,9234526043,0.000000,0,0,0,0,2,multiscale+elgendi_like,1.000000,0.000000,0,0,0,0,1.000000,4.478379,1,808.000000,0.000000,,v0.4.1-interval-core
9235366043,9235358043,9235366043,9235366043,8.000000,0,0,0,0,2,multiscale+elgendi_like,1.000000,0.000000,0,0,0,0,1.000000,4.444947,1,811.998000,8.000000,,v0.4.1-interval-core
9236166045,9236166045,9236166045,9236166045,0.000000,0,0,0,0,2,multiscale+elgendi_like,1.000000,0.000000,0,0,0,0,1.000000,4.127042,1,804.001000,0.000000,,v0.4.1-interval-core
9236990043,9236990043,9236990043,9236990043,0.000000,0,0,0,0,2,multiscale+elgendi_like,1.000000,0.000000,0,0,0,0,1.000000,4.836334,1,800.002000,0.000000,,v0.4.1-interval-core
9237790045,9237790045,9237790045,9237790045,0.000000,0,0,0,0,2,multiscale+elgendi_like,1.000000,0.000000,0,0,0,0,1.000000,4.437610,1,800.000000,0.000000,,v0.4.1-interval-core
9238534043,9238534043,9238534043,9238534043,0.000000,0,0,0,0,2,multiscale+elgendi_like,1.000000,0.000000,0,0,0,0,1.000000,4.066102,1,800.000000,0.000000,,v0.4.1-interval-core
9239302043,9239294043,9239302043,9239302043,8.000000,0,0,0,0,2,multiscale+elgendi_like,1.000000,0.000000,0,0,0,0,1.000000,4.771570,1,784.000000,8.000000,,v0.4.1-interval-core
9240030043,0,9240030043,9240030043,0.000000,1,0,0,0,2,multiscale+elgendi_like,1.000000,0.000000,0,0,1,0,1.000000,4.620341,1,759.999500,0.000000,,v0.4.1-interval-core
9240742043,9240742043,9240742043,9240742043,0.000000,0,0,0,0,2,multiscale+elgendi_like,1.000000,0.000000,0,0,0,0,1.000000,4.391184,1,759.999500,0.000000,,v0.4.1-interval-core
9241422047,9241422047,9241422047,9241422047,0.000000,0,0,0,0,2,multiscale+elgendi_like,1.000000,0.000000,0,0,0,0,1.000000,4.258831,1,759.999500,0.000000,,v0.4.1-interval-core
9242086044,9242086044,9242086044,9242086044,0.000000,0,0,0,0,2,multiscale+elgendi_like,1.000000,0.000000,0,0,0,0,1.000000,3.880989,1,759.999500,0.000000,,v0.4.1-interval-core
9242774047,9242774047,9242774047,9242774047,0.000000,0,0,0,0,2,multiscale+elgendi_like,1.000000,0.000000,0,0,0,0,1.000000,4.568299,1,759.999500,0.000000,,v0.4.1-interval-core
9243494043,9243494043,9243494043,9243494043,0.000000,0,0,0,0,2,multiscale+elgendi_like,1.000000,0.000000,0,0,0,0,1.000000,4.981265,1,759.999500,0.000000,,v0.4.1-interval-core
9244230045,9244230045,9244230045,9244230045,0.000000,0,0,0,0,2,multiscale+elgendi_like,1.000000,0.000000,0,0,0,0,1.000000,4.743896,1,759.999500,0.000000,,v0.4.1-interval-core
9244958043,9244958043,9244958043,9244958043,0.000000,0,0,0,0,2,multiscale+elgendi_like,1.000000,0.000000,0,0,0,0,1.000000,3.969471,1,759.999500,0.000000,,v0.4.1-interval-core
9245662043,9245662043,9245662043,9245662043,0.000000,0,0,0,0,2,multiscale+elgendi_like,1.000000,0.000000,0,0,0,0,1.000000,4.277821,1,751.999000,0.000000,,v0.4.1-interval-core
9246382044,9246382044,9246382044,9246382044,0.000000,0,0,0,0,2,multiscale+elgendi_like,1.000000,0.000000,0,0,0,0,1.000000,4.532190,1,751.999000,0.000000,,v0.4.1-interval-core
9247134043,9247134043,9247134043,9247134043,0.000000,0,0,0,0,2,multiscale+elgendi_like,1.000000,0.000000,0,0,0,0,1.000000,4.931176,1,751.999000,0.000000,,v0.4.1-interval-core
9247926047,9247926047,9247926047,9247926047,0.000000,0,0,0,0,2,multiscale+elgendi_like,1.000000,0.000000,0,0,0,0,1.000000,5.103228,1,751.999000,0.000000,,v0.4.1-interval-core
9248766043,9248766043,9248766043,9248766043,0.000000,0,0,0,0,2,multiscale+elgendi_like,1.000000,0.000000,0,0,0,0,1.000000,4.747314,1,751.999000,0.000000,,v0.4.1-interval-core
9249598043,9249598043,9249598043,9249598043,0.000000,0,0,0,0,2,multiscale+elgendi_like,1.000000,0.000000,0,0,0,0,1.000000,4.595064,1,768.000000,0.000000,,v0.4.1-interval-core
9250446043,9250438047,9250446043,9250446043,7.996000,0,0,0,0,2,multiscale+elgendi_like,1.000000,0.000000,0,0,0,0,1.000000,5.056710,1,776.000000,7.996000,,v0.4.1-interval-core
9251286047,9251286047,9251286047,9251286047,0.000000,0,0,0,0,2,multiscale+elgendi_like,1.000000,0.000000,0,0,0,0,1.000000,4.745742,1,768.002000,0.000000,,v0.4.1-interval-core
9252118045,9252118045,9252118045,9252118045,0.000000,0,0,0,0,2,multiscale+elgendi_like,1.000000,0.000000,0,0,0,0,1.000000,4.368963,1,768.002000,0.000000,,v0.4.1-interval-core
9252950047,9252942043,9252950047,9252950047,8.004000,0,0,0,0,2,multiscale+elgendi_like,1.000000,0.000000,0,0,0,0,1.000000,4.669854,1,768.002000,8.004000,,v0.4.1-interval-core
9253806043,9253806043,9253806043,9253806043,0.000000,0,0,0,0,2,multiscale+elgendi_like,1.000000,0.000000,0,0,0,0,1.000000,4.906257,1,768.002000,0.000000,,v0.4.1-interval-core
9254638043,9254638043,9254638043,9254638043,0.000000,0,0,0,0,2,multiscale+elgendi_like,1.000000,0.000000,0,0,0,0,1.000000,4.788188,1,768.002000,0.000000,,v0.4.1-interval-core
9255478045,9255478045,9255478045,9255478045,0.000000,0,0,0,0,2,multiscale+elgendi_like,1.000000,0.000000,0,0,0,0,1.000000,4.253279,1,768.002000,0.000000,,v0.4.1-interval-core
9256262043,9256262043,9256262043,9256262043,0.000000,0,0,0,0,2,multiscale+elgendi_like,1.000000,0.000000,0,0,0,0,1.000000,4.082215,1,776.000000,0.000000,,v0.4.1-interval-core
9257038043,9257038043,9257038043,9257038043,0.000000,0,0,0,0,2,multiscale+elgendi_like,1.000000,0.000000,0,0,0,0,1.000000,4.130966,1,768.002000,0.000000,,v0.4.1-interval-core
9257798047,9257790043,9257798047,9257798047,8.004000,0,0,0,0,2,multiscale+elgendi_like,1.000000,0.000000,0,0,0,0,1.000000,4.412522,1,779.999000,8.004000,,v0.4.1-interval-core
9258534043,9258534043,9258534043,9258534043,0.000000,0,0,0,0,2,multiscale+elgendi_like,1.000000,0.000000,0,0,0,0,1.000000,3.475812,1,783.998500,0.000000,,v0.4.1-interval-core
9259262043,9259262043,9259262043,9259262043,0.000000,0,0,0,0,2,multiscale+elgendi_like,1.000000,0.000000,0,0,0,0,1.000000,4.223215,1,776.000000,0.000000,,v0.4.1-interval-core
9259974043,0,9259974043,9259974043,0.000000,1,0,0,0,2,multiscale+elgendi_like,1.000000,0.000000,0,0,1,0,1.000000,4.100796,1,776.000000,0.000000,,v0.4.1-interval-core
9260678043,9260678043,9260678043,9260678043,0.000000,0,0,0,0,2,multiscale+elgendi_like,1.000000,0.000000,0,0,0,0,1.000000,4.027461,1,776.000000,0.000000,,v0.4.1-interval-core
9261358043,9261358043,9261358043,9261358043,0.000000,0,0,0,0,2,multiscale+elgendi_like,1.000000,0.000000,0,0,0,0,1.000000,3.982347,1,775.998000,0.000000,,v0.4.1-interval-core
9262062043,9262062043,9262062043,9262062043,0.000000,0,0,0,0,2,multiscale+elgendi_like,1.000000,0.000000,0,0,0,0,1.000000,4.589765,1,775.999000,0.000000,,v0.4.1-interval-core
9262782046,9262782046,9262782046,9262782046,0.000000,0,0,0,0,2,multiscale+elgendi_like,1.000000,0.000000,0,0,0,0,1.000000,4.595346,1,775.999000,0.000000,,v0.4.1-interval-core
9263478046,9263478046,9263478046,9263478046,0.000000,0,0,0,0,2,multiscale+elgendi_like,1.000000,0.000000,0,0,0,0,1.000000,4.273667,1,775.999000,0.000000,,v0.4.1-interval-core
9264230046,9264222043,9264230046,9264230046,8.003000,0,0,0,0,2,multiscale+elgendi_like,1.000000,0.000000,0,0,0,0,1.000000,5.144773,1,775.999000,8.003000,,v0.4.1-interval-core
9265014045,9265014045,9265014045,9265014045,0.000000,0,0,0,0,2,multiscale+elgendi_like,1.000000,0.000000,0,0,0,0,1.000000,5.287197,1,775.999000,0.000000,,v0.4.1-interval-core
9265790043,9265790043,9265790043,9265790043,0.000000,0,0,0,0,2,multiscale+elgendi_like,1.000000,0.000000,0,0,0,0,1.000000,4.746968,1,775.999000,0.000000,,v0.4.1-interval-core
9266590043,9266582043,9266590043,9266590043,8.000000,0,0,0,0,2,multiscale+elgendi_like,1.000000,0.000000,0,0,0,0,1.000000,4.971970,1,775.999000,8.000000,,v0.4.1-interval-core
9267366043,9267366043,9267366043,9267366043,0.000000,0,0,0,0,2,multiscale+elgendi_like,1.000000,0.000000,0,0,0,0,1.000000,4.605212,1,775.999000,0.000000,,v0.4.1-interval-core
9268118043,9268118043,9268118043,9268118043,0.000000,0,0,0,0,2,multiscale+elgendi_like,1.000000,0.000000,0,0,0,0,1.000000,4.515611,1,775.999000,0.000000,,v0.4.1-interval-core
9268894043,9268894043,9268894043,9268894043,0.000000,0,0,0,0,2,multiscale+elgendi_like,1.000000,0.000000,0,0,0,0,1.000000,4.776720,1,775.999000,0.000000,,v0.4.1-interval-core
9269710043,9269710043,9269710043,9269710043,0.000000,0,0,0,0,2,multiscale+elgendi_like,1.000000,0.000000,0,0,0,0,1.000000,5.106071,1,771.999000,0.000000,,v0.4.1-interval-core
9270518043,9270518043,9270518043,9270518043,0.000000,0,0,0,0,2,multiscale+elgendi_like,1.000000,0.000000,0,0,0,0,1.000000,4.948987,1,776.000000,0.000000,,v0.4.1-interval-core
9271302046,9271302046,9271302046,9271302046,0.000000,0,0,0,0,2,multiscale+elgendi_like,1.000000,0.000000,0,0,0,0,1.000000,4.645462,1,775.999000,0.000000,,v0.4.1-interval-core
9272102043,9272102043,9272102043,9272102043,0.000000,0,0,0,0,2,multiscale+elgendi_like,1.000000,0.000000,0,0,0,0,1.000000,5.108552,1,775.999000,0.000000,,v0.4.1-interval-core
9272918043,9272918043,9272918043,9272918043,0.000000,0,0,0,0,2,multiscale+elgendi_like,1.000000,0.000000,0,0,0,0,1.000000,4.833978,1,775.999000,0.000000,,v0.4.1-interval-core
9273726043,9273726043,9273726043,9273726043,0.000000,0,0,0,0,2,multiscale+elgendi_like,1.000000,0.000000,0,0,0,0,1.000000,4.195643,1,775.999000,0.000000,,v0.4.1-interval-core
9274526043,9274518047,9274526043,9274526043,7.996000,0,0,0,0,2,multiscale+elgendi_like,1.000000,0.000000,0,0,0,0,1.000000,4.501524,1,775.999000,7.996000,,v0.4.1-interval-core
9275294043,9275294043,9275294043,9275294043,0.000000,0,0,0,0,2,multiscale+elgendi_like,1.000000,0.000000,0,0,0,0,1.000000,4.317247,1,775.999000,0.000000,,v0.4.1-interval-core
9276070047,9276062043,9276070047,9276070047,8.004000,0,0,0,0,2,multiscale+elgendi_like,1.000000,0.000000,0,0,0,0,1.000000,4.361172,1,772.001000,8.004000,,v0.4.1-interval-core
9276806043,9276806043,9276806043,9276806043,0.000000,0,0,0,0,2,multiscale+elgendi_like,1.000000,0.000000,0,0,0,0,1.000000,4.362781,1,768.002000,0.000000,,v0.4.1-interval-core
9277574047,9277574047,9277574047,9277574047,0.000000,0,0,0,0,2,multiscale+elgendi_like,1.000000,0.000000,0,0,0,0,1.000000,4.592810,1,768.000000,0.000000,,v0.4.1-interval-core
9278334043,9278334043,9278334043,9278334043,0.000000,0,0,0,0,2,multiscale+elgendi_like,1.000000,0.000000,0,0,0,0,1.000000,4.462548,1,767.996000,0.000000,,v0.4.1-interval-core
9279078047,9279078047,9279078047,9279078047,0.000000,0,0,0,0,2,multiscale+elgendi_like,1.000000,0.000000,0,0,0,0,1.000000,4.724071,1,760.000000,0.000000,,v0.4.1-interval-core
9279846043,9279846043,9279846043,9279846043,0.000000,0,0,0,0,2,multiscale+elgendi_like,1.000000,0.000000,0,0,0,0,1.000000,5.323684,1,760.000000,0.000000,,v0.4.1-interval-core
9280606043,9280606043,9280606043,9280606043,0.000000,0,0,0,0,2,multiscale+elgendi_like,1.000000,0.000000,0,0,0,0,1.000000,4.765479,1,759.996000,0.000000,,v0.4.1-interval-core
9281318047,9281318047,9281318047,9281318047,0.000000,0,0,0,0,2,multiscale+elgendi_like,1.000000,0.000000,0,0,0,0,1.000000,4.597688,1,744.004000,0.000000,,v0.4.1-interval-core
9281998043,9281998043,9281998043,9281998043,0.000000,0,0,0,0,2,multiscale+elgendi_like,1.000000,0.000000,0,0,0,0,1.000000,4.330727,1,735.996000,0.000000,,v0.4.1-interval-core
9282678044,0,9282678044,9282678044,0.000000,1,0,0,0,2,multiscale+elgendi_like,1.000000,0.000000,0,0,1,0,1.000000,5.055283,1,712.004000,0.000000,,v0.4.1-interval-core
9283374047,9283086043,9283374047,9283374047,288.004000,0,0,0,0,2,multiscale+elgendi_like,1.000000,0.000000,0,0,0,0,1.000000,5.406409,1,712.000000,288.004000,,v0.4.1-interval-core
9284038043,9284038043,9284038043,9284038043,0.000000,0,0,0,0,2,multiscale+elgendi_like,1.000000,0.000000,0,0,0,0,1.000000,5.284684,1,712.000000,0.000000,,v0.4.1-interval-core
9284718047,9284718047,9284718047,9284718047,0.000000,0,0,0,0,2,multiscale+elgendi_like,1.000000,0.000000,0,0,0,0,1.000000,6.249918,1,712.000000,0.000000,,v0.4.1-interval-core
9285414043,9285414043,9285414043,9285414043,0.000000,0,0,0,0,2,multiscale+elgendi_like,1.000000,0.000000,0,0,0,0,1.000000,5.859297,1,708.002000,0.000000,,v0.4.1-interval-core
9286126043,9286126043,9286126043,9286126043,0.000000,0,0,0,0,2,multiscale+elgendi_like,1.000000,0.000000,0,0,0,0,1.000000,5.686413,1,704.002000,0.000000,,v0.4.1-interval-core
9286806045,9286806045,9286806045,9286806045,0.000000,0,0,0,0,2,multiscale+elgendi_like,1.000000,0.000000,0,0,0,0,1.000000,5.073227,1,700.001500,0.000000,,v0.4.1-interval-core
9287486043,9287486043,9287486043,9287486043,0.000000,0,0,0,0,2,multiscale+elgendi_like,1.000000,0.000000,0,0,0,0,1.000000,5.822046,1,696.001500,0.000000,,v0.4.1-interval-core
9288182043,9288182043,9288182043,9288182043,0.000000,0,0,0,0,2,multiscale+elgendi_like,1.000000,0.000000,0,0,0,0,1.000000,6.196959,1,696.000000,0.000000,,v0.4.1-interval-core
9288894043,9288894043,9288894043,9288894043,0.000000,0,0,0,0,2,multiscale+elgendi_like,1.000000,0.000000,0,0,0,0,1.000000,6.007677,1,695.998000,0.000000,,v0.4.1-interval-core
9289590043,9289590043,9289590043,9289590043,0.000000,0,0,0,0,2,multiscale+elgendi_like,1.000000,0.000000,0,0,0,0,1.000000,5.405300,1,691.999500,0.000000,,v0.4.1-interval-core
9290294047,9290294047,9290294047,9290294047,0.000000,0,0,0,0,2,multiscale+elgendi_like,1.000000,0.000000,0,0,0,0,1.000000,5.888133,1,691.999500,0.000000,,v0.4.1-interval-core
9291014047,9291014047,9291014047,9291014047,0.000000,0,0,0,0,2,multiscale+elgendi_like,1.000000,0.000000,0,0,0,0,1.000000,5.612323,1,691.999500,0.000000,,v0.4.1-interval-core
9291718047,9291718047,9291718047,9291718047,0.000000,0,0,0,0,2,multiscale+elgendi_like,1.000000,0.000000,0,0,0,0,1.000000,5.167605,1,688.001500,0.000000,,v0.4.1-interval-core
9292390043,9292382043,9292390043,9292390043,8.000000,0,0,0,0,2,multiscale+elgendi_like,1.000000,0.000000,0,0,0,0,1.000000,4.838138,1,688.000000,8.000000,,v0.4.1-interval-core
9293062043,9293062043,9293062043,9293062043,0.000000,0,0,0,0,2,multiscale+elgendi_like,1.000000,0.000000,0,0,0,0,1.000000,5.890399,1,687.998000,0.000000,,v0.4.1-interval-core
9293750043,9293750043,9293750043,9293750043,0.000000,0,0,0,0,2,multiscale+elgendi_like,1.000000,0.000000,0,0,0,0,1.000000,5.505934,1,687.998000,0.000000,,v0.4.1-interval-core
9294438046,9294438046,9294438046,9294438046,0.000000,0,0,0,0,2,multiscale+elgendi_like,1.000000,0.000000,0,0,0,0,1.000000,5.494729,1,688.000000,0.000000,,v0.4.1-interval-core
9295102043,9295102043,9295102043,9295102043,0.000000,0,0,0,0,2,multiscale+elgendi_like,1.000000,0.000000,0,0,0,0,1.000000,5.360673,1,688.000000,0.000000,,v0.4.1-interval-core
9295766047,9295766047,9295766047,9295766047,0.000000,0,0,0,0,2,multiscale+elgendi_like,1.000000,0.000000,0,0,0,0,1.000000,6.003990,1,688.000000,0.000000,,v0.4.1-interval-core
9296454045,9296454045,9296454045,9296454045,0.000000,0,0,0,0,2,multiscale+elgendi_like,1.000000,0.000000,0,0,0,0,1.000000,6.352817,1,688.000000,0.000000,,v0.4.1-interval-core
9297166046,9297166046,9297166046,9297166046,0.000000,0,0,0,0,2,multiscale+elgendi_like,1.000000,0.000000,0,0,0,0,1.000000,6.239679,1,687.999000,0.000000,,v0.4.1-interval-core
9297862043,9297862043,9297862043,9297862043,0.000000,0,0,0,0,2,multiscale+elgendi_like,1.000000,0.000000,0,0,0,0,1.000000,5.819458,1,687.998000,0.000000,,v0.4.1-interval-core
9298510043,9298510043,9298510043,9298510043,0.000000,0,0,0,0,2,multiscale+elgendi_like,1.000000,0.000000,0,0,0,0,1.000000,5.512970,1,687.998000,0.000000,,v0.4.1-interval-core
9299142043,9299142043,9299142043,9299142043,0.000000,0,0,0,0,2,multiscale+elgendi_like,1.000000,0.000000,0,0,0,0,1.000000,5.267219,1,687.998000,0.000000,,v0.4.1-interval-core
9299774043,0,9299774043,9299774043,0.000000,1,0,0,0,2,multiscale+elgendi_like,1.000000,0.000000,0,0,1,0,1.000000,5.808665,1,680.002000,0.000000,,v0.4.1-interval-core
9300446047,9300446047,9300446047,9300446047,0.000000,0,0,0,0,2,multiscale+elgendi_like,1.000000,0.000000,0,0,0,0,1.000000,5.977351,1,679.999000,0.000000,,v0.4.1-interval-core
9301150043,9301142043,9301150043,9301150043,8.000000,0,0,0,0,2,multiscale+elgendi_like,1.000000,0.000000,0,0,0,0,1.000000,6.236951,1,672.004000,8.000000,,v0.4.1-interval-core
9301838043,9301838043,9301838043,9301838043,0.000000,0,0,0,0,2,multiscale+elgendi_like,1.000000,0.000000,0,0,0,0,1.000000,5.967744,1,672.004000,0.000000,,v0.4.1-interval-core
9302510044,9302510044,9302510044,9302510044,0.000000,0,0,0,0,2,multiscale+elgendi_like,1.000000,0.000000,0,0,0,0,1.000000,6.268723,1,672.004000,0.000000,,v0.4.1-interval-core
9303198043,9303190047,9303198043,9303198043,7.996000,0,0,0,0,2,multiscale+elgendi_like,1.000000,0.000000,0,0,0,0,1.000000,6.415082,1,672.004000,7.996000,,v0.4.1-interval-core
9303862045,9303862045,9303862045,9303862045,0.000000,0,0,0,0,2,multiscale+elgendi_like,1.000000,0.000000,0,0,0,0,1.000000,6.499171,1,679.999000,0.000000,,v0.4.1-interval-core
9304542047,9304542047,9304542047,9304542047,0.000000,0,0,0,0,2,multiscale+elgendi_like,1.000000,0.000000,0,0,0,0,1.000000,6.762104,1,679.999000,0.000000,,v0.4.1-interval-core
9305214044,9305214044,9305214044,9305214044,0.000000,0,0,0,0,2,multiscale+elgendi_like,1.000000,0.000000,0,0,0,0,1.000000,6.401291,1,672.004000,0.000000,,v0.4.1-interval-core
9305894043,9305894043,9305894043,9305894043,0.000000,0,0,0,0,2,multiscale+elgendi_like,1.000000,0.000000,0,0,0,0,1.000000,6.067248,1,671.999500,0.000000,,v0.4.1-interval-core
9306558044,9306550043,9306558044,9306558044,8.001000,0,0,0,0,2,multiscale+elgendi_like,1.000000,0.000000,0,0,0,0,1.000000,5.820741,1,672.001000,8.001000,,v0.4.1-interval-core
9307206047,9307206047,9307206047,9307206047,0.000000,0,0,0,0,2,multiscale+elgendi_like,1.000000,0.000000,0,0,0,0,1.000000,5.891175,1,672.001000,0.000000,,v0.4.1-interval-core
9307870043,9307870043,9307870043,9307870043,0.000000,0,0,0,0,2,multiscale+elgendi_like,1.000000,0.000000,0,0,0,0,1.000000,6.237544,1,671.998000,0.000000,,v0.4.1-interval-core
9308558043,9308558043,9308558043,9308558043,0.000000,0,0,0,0,2,multiscale+elgendi_like,1.000000,0.000000,0,0,0,0,1.000000,6.834550,1,667.999500,0.000000,,v0.4.1-interval-core
9309254043,9309246046,9309254043,9309254043,7.997000,0,0,0,0,2,multiscale+elgendi_like,1.000000,0.000000,0,0,0,0,1.000000,6.059721,1,664.001500,7.997000,,v0.4.1-interval-core
9309934043,9309926044,9309934043,9309934043,7.999000,0,0,0,0,2,multiscale+elgendi_like,1.000000,0.000000,0,0,0,0,1.000000,5.615629,1,664.001500,7.999000,,v0.4.1-interval-core
9310614045,9310606043,9310614045,9310614045,8.002000,0,0,0,0,2,multiscale+elgendi_like,1.000000,0.000000,0,0,0,0,1.000000,6.390542,1,664.001500,8.002000,,v0.4.1-interval-core
9311286043,9311286043,9311286043,9311286043,0.000000,0,0,0,0,2,multiscale+elgendi_like,1.000000,0.000000,0,0,0,0,1.000000,5.796099,1,664.001500,0.000000,,v0.4.1-interval-core
9311942043,9311942043,9311942043,9311942043,0.000000,0,0,0,0,2,multiscale+elgendi_like,1.000000,0.000000,0,0,0,0,1.000000,5.631167,1,663.998500,0.000000,,v0.4.1-interval-core
9312590043,9312590043,9312590043,9312590043,0.000000,0,0,0,0,2,multiscale+elgendi_like,1.000000,0.000000,0,0,0,0,1.000000,5.537065,1,659.998000,0.000000,,v0.4.1-interval-core
9313238043,9313238043,9313238043,9313238043,0.000000,0,0,0,0,2,multiscale+elgendi_like,1.000000,0.000000,0,0,0,0,1.000000,5.858530,1,648.003000,0.000000,,v0.4.1-interval-core
9313878044,9313878044,9313878044,9313878044,0.000000,0,0,0,0,2,multiscale+elgendi_like,1.000000,0.000000,0,0,0,0,1.000000,5.783654,1,648.000000,0.000000,,v0.4.1-interval-core
9314518043,9314518043,9314518043,9314518043,0.000000,0,0,0,0,2,multiscale+elgendi_like,1.000000,0.000000,0,0,0,0,1.000000,6.229731,1,648.000000,0.000000,,v0.4.1-interval-core
9315150045,9315142047,9315150045,9315150045,7.998000,0,0,0,0,2,multiscale+elgendi_like,1.000000,0.000000,0,0,0,0,1.000000,5.690335,1,640.001000,7.998000,,v0.4.1-interval-core
9315750043,9315750043,9315750043,9315750043,0.000000,0,0,0,0,2,multiscale+elgendi_like,1.000000,0.000000,0,0,0,0,1.000000,5.398995,1,639.999000,0.000000,,v0.4.1-interval-core
9316334043,0,9316334043,9316334043,0.000000,1,0,0,0,2,multiscale+elgendi_like,1.000000,0.000000,0,0,1,0,1.000000,5.619444,1,639.999500,0.000000,,v0.4.1-interval-core
9316934043,9316934043,9316934043,9316934043,0.000000,0,0,0,0,2,multiscale+elgendi_like,1.000000,0.000000,0,0,0,0,1.000000,5.787181,1,636.000500,0.000000,,v0.4.1-interval-core
9317534047,9317534047,9317534047,9317534047,0.000000,0,0,0,0,2,multiscale+elgendi_like,1.000000,0.000000,0,0,0,0,1.000000,6.022491,1,636.000500,0.000000,,v0.4.1-interval-core
9318126043,9318126043,9318126043,9318126043,0.000000,0,0,0,0,2,multiscale+elgendi_like,1.000000,0.000000,0,0,0,0,1.000000,6.052441,1,632.002000,0.000000,,v0.4.1-interval-core
9318726043,9318718045,9318726043,9318726043,7.998000,0,0,0,0,2,multiscale+elgendi_like,1.000000,0.000000,0,0,0,0,1.000000,5.930048,1,632.000000,7.998000,,v0.4.1-interval-core
9319310043,9319310043,9319310043,9319310043,0.000000,0,0,0,0,2,multiscale+elgendi_like,1.000000,0.000000,0,0,0,0,1.000000,5.588059,1,632.001000,0.000000,,v0.4.1-interval-core
9319902046,9319902046,9319902046,9319902046,0.000000,0,0,0,0,2,multiscale+elgendi_like,1.000000,0.000000,0,0,0,0,1.000000,5.975495,1,632.000000,0.000000,,v0.4.1-interval-core
9320502043,9320502043,9320502043,9320502043,0.000000,0,0,0,0,2,multiscale+elgendi_like,1.000000,0.000000,0,0,0,0,1.000000,6.097661,1,632.000000,0.000000,,v0.4.1-interval-core
9321110046,9321110046,9321110046,9321110046,0.000000,0,0,0,0,2,multiscale+elgendi_like,1.000000,0.000000,0,0,0,0,1.000000,6.091714,1,632.000000,0.000000,,v0.4.1-interval-core
9321710043,9321702043,9321710043,9321710043,8.000000,0,0,0,0,2,multiscale+elgendi_like,1.000000,0.000000,0,0,0,0,1.000000,5.095872,1,632.001000,8.000000,,v0.4.1-interval-core
9322302046,9322294043,9322302046,9322302046,8.003000,0,0,0,0,2,multiscale+elgendi_like,1.000000,0.000000,0,0,0,0,1.000000,5.458803,1,632.001000,8.003000,,v0.4.1-interval-core
9322918044,9322910043,9322918044,9322918044,8.001000,0,0,0,0,2,multiscale+elgendi_like,1.000000,0.000000,0,0,0,0,1.000000,6.799596,1,632.001000,8.001000,,v0.4.1-interval-core
9323542043,9323542043,9323542043,9323542043,0.000000,0,0,0,0,2,multiscale+elgendi_like,1.000000,0.000000,0,0,0,0,1.000000,6.029725,1,632.001000,0.000000,,v0.4.1-interval-core
9324182043,9324182043,9324182043,9324182043,0.000000,0,0,0,0,2,multiscale+elgendi_like,1.000000,0.000000,0,0,0,0,1.000000,6.594785,1,632.001000,0.000000,,v0.4.1-interval-core
9324830043,9324822043,9324830043,9324830043,8.000000,0,0,0,0,2,multiscale+elgendi_like,1.000000,0.000000,0,0,0,0,1.000000,5.321170,1,632.001000,8.000000,,v0.4.1-interval-core
9325462043,9325462043,9325462043,9325462043,0.000000,0,0,0,0,2,multiscale+elgendi_like,1.000000,0.000000,0,0,0,0,1.000000,5.970626,1,632.000000,0.000000,,v0.4.1-interval-core
9326102044,9326094043,9326102044,9326102044,8.001000,0,0,0,0,2,multiscale+elgendi_like,1.000000,0.000000,0,0,0,0,1.000000,5.758113,1,632.000000,8.001000,,v0.4.1-interval-core
9326766043,9326766043,9326766043,9326766043,0.000000,0,0,0,0,2,multiscale+elgendi_like,1.000000,0.000000,0,0,0,0,1.000000,6.209475,1,632.000000,0.000000,,v0.4.1-interval-core
9327430045,9327430045,9327430045,9327430045,0.000000,0,0,0,0,2,multiscale+elgendi_like,1.000000,0.000000,0,0,0,0,1.000000,5.854990,1,636.000000,0.000000,,v0.4.1-interval-core
9328078045,9328078045,9328078045,9328078045,0.000000,0,0,0,0,2,multiscale+elgendi_like,1.000000,0.000000,0,0,0,0,1.000000,6.308842,1,640.000500,0.000000,,v0.4.1-interval-core
9328750043,9328750043,9328750043,9328750043,0.000000,0,0,0,0,2,multiscale+elgendi_like,1.000000,0.000000,0,0,0,0,1.000000,6.607460,1,644.000500,0.000000,,v0.4.1-interval-core
9329430044,9329422043,9329430044,9329430044,8.001000,0,0,0,0,2,multiscale+elgendi_like,1.000000,0.000000,0,0,0,0,1.000000,6.054551,1,648.000000,8.001000,,v0.4.1-interval-core
9330110043,9330110043,9330110043,9330110043,0.000000,0,0,0,0,2,multiscale+elgendi_like,1.000000,0.000000,0,0,0,0,1.000000,5.796037,1,655.997000,0.000000,,v0.4.1-interval-core
9330790043,9330790043,9330790043,9330790043,0.000000,0,0,0,0,2,multiscale+elgendi_like,1.000000,0.000000,0,0,0,0,1.000000,6.034465,1,656.000000,0.000000,,v0.4.1-interval-core
9331454043,9331446043,9331454043,9331454043,8.000000,0,0,0,0,2,multiscale+elgendi_like,1.000000,0.000000,0,0,0,0,1.000000,5.933053,1,656.001500,8.000000,,v0.4.1-interval-core
9332110046,9332102043,9332110046,9332110046,8.003000,0,0,0,0,2,multiscale+elgendi_like,1.000000,0.000000,0,0,0,0,1.000000,5.978879,1,656.000000,8.003000,,v0.4.1-interval-core
9332766046,9332766046,9332766046,9332766046,0.000000,0,0,0,0,2,multiscale+elgendi_like,1.000000,0.000000,0,0,0,0,1.000000,5.956584,1,656.000000,0.000000,,v0.4.1-interval-core
9333422043,9333422043,9333422043,9333422043,0.000000,0,0,0,0,2,multiscale+elgendi_like,1.000000,0.000000,0,0,0,0,1.000000,5.235224,1,656.000000,0.000000,,v0.4.1-interval-core
9334086043,9334086043,9334086043,9334086043,0.000000,0,0,0,0,2,multiscale+elgendi_like,1.000000,0.000000,0,0,0,0,1.000000,5.376748,1,656.000000,0.000000,,v0.4.1-interval-core
9334686043,9334686043,9334686043,9334686043,0.000000,0,0,0,0,2,multiscale+elgendi_like,1.000000,0.000000,0,0,0,0,1.000000,5.534446,1,656.003000,0.000000,,v0.4.1-interval-core
9335350046,9335350046,9335350046,9335350046,0.000000,0,0,0,0,2,multiscale+elgendi_like,1.000000,0.000000,0,0,0,0,1.000000,7.110129,1,656.001500,0.000000,,v0.4.1-interval-core
9336014043,9336014043,9336014043,9336014043,0.000000,0,0,0,0,2,multiscale+elgendi_like,1.000000,0.000000,0,0,0,0,1.000000,5.694365,1,663.998000,0.000000,,v0.4.1-interval-core
9336710044,9336702044,9336710044,9336710044,8.000000,0,0,0,0,2,multiscale+elgendi_like,1.000000,0.000000,0,0,0,0,1.000000,5.612427,1,663.999500,8.000000,,v0.4.1-interval-core
9337374047,9337374047,9337374047,9337374047,0.000000,0,0,0,0,2,multiscale+elgendi_like,1.000000,0.000000,0,0,0,0,1.000000,5.645810,1,664.000000,0.000000,,v0.4.1-interval-core
9338046043,9338046043,9338046043,9338046043,0.000000,0,0,0,0,2,multiscale+elgendi_like,1.000000,0.000000,0,0,0,0,1.000000,6.861839,1,664.001000,0.000000,,v0.4.1-interval-core
9338702043,9338702043,9338702043,9338702043,0.000000,0,0,0,0,2,multiscale+elgendi_like,1.000000,0.000000,0,0,0,0,1.000000,5.674962,1,664.000000,0.000000,,v0.4.1-interval-core
9339334044,9339334044,9339334044,9339334044,0.000000,0,0,0,0,2,multiscale+elgendi_like,1.000000,0.000000,0,0,0,0,1.000000,5.962487,1,664.000000,0.000000,,v0.4.1-interval-core
9339950046,9339942046,9339950046,9339950046,8.000000,0,0,0,0,2,multiscale+elgendi_like,1.000000,0.000000,0,0,0,0,1.000000,5.160795,1,664.003000,8.000000,,v0.4.1-interval-core
9340582044,9340582044,9340582044,9340582044,0.000000,0,0,0,0,2,multiscale+elgendi_like,1.000000,0.000000,0,0,0,0,1.000000,5.463667,1,664.003000,0.000000,,v0.4.1-interval-core
9341222044,9341222044,9341222044,9341222044,0.000000,0,0,0,0,2,multiscale+elgendi_like,1.000000,0.000000,0,0,0,0,1.000000,5.338097,1,664.003000,0.000000,,v0.4.1-interval-core
9341878044,9341878044,9341878044,9341878044,0.000000,0,0,0,0,2,multiscale+elgendi_like,1.000000,0.000000,0,0,0,0,1.000000,5.876638,1,664.003000,0.000000,,v0.4.1-interval-core
9342566043,9342566043,9342566043,9342566043,0.000000,0,0,0,0,2,multiscale+elgendi_like,1.000000,0.000000,0,0,0,0,1.000000,5.756866,1,664.003000,0.000000,,v0.4.1-interval-core
9343246043,9343238047,9343246043,9343246043,7.996000,0,0,0,0,2,multiscale+elgendi_like,1.000000,0.000000,0,0,0,0,1.000000,5.176836,1,664.003000,7.996000,,v0.4.1-interval-core
9343910046,9343910046,9343910046,9343910046,0.000000,0,0,0,0,2,multiscale+elgendi_like,1.000000,0.000000,0,0,0,0,1.000000,5.181520,1,671.996000,0.000000,,v0.4.1-interval-core
9344590043,9344590043,9344590043,9344590043,0.000000,0,0,0,0,2,multiscale+elgendi_like,1.000000,0.000000,0,0,0,0,1.000000,5.741162,1,671.996000,0.000000,,v0.4.1-interval-core
9345310043,9345310043,9345310043,9345310043,0.000000,0,0,0,0,2,multiscale+elgendi_like,1.000000,0.000000,0,0,0,0,1.000000,6.100831,1,680.000000,0.000000,,v0.4.1-interval-core
9346078043,9346078043,9346078043,9346078043,0.000000,0,0,0,0,2,multiscale+elgendi_like,1.000000,0.000000,0,0,0,0,1.000000,6.132926,1,683.999500,0.000000,,v0.4.1-interval-core
9346838043,9346830043,9346838043,9346838043,8.000000,0,0,0,0,2,multiscale+elgendi_like,1.000000,0.000000,0,0,0,0,1.000000,5.897320,1,692.000000,8.000000,,v0.4.1-interval-core
9347574047,9347574047,9347574047,9347574047,0.000000,0,0,0,0,2,multiscale+elgendi_like,1.000000,0.000000,0,0,0,0,1.000000,5.443889,1,699.999000,0.000000,,v0.4.1-interval-core
9348302043,9348302043,9348302043,9348302043,0.000000,0,0,0,0,2,multiscale+elgendi_like,1.000000,0.000000,0,0,0,0,1.000000,5.666881,1,711.998500,0.000000,,v0.4.1-interval-core
9349038043,9349030043,9349038043,9349038043,8.000000,0,0,0,0,2,multiscale+elgendi_like,1.000000,0.000000,0,0,0,0,1.000000,5.395034,1,723.998000,8.000000,,v0.4.1-interval-core
9349774043,9349774043,9349774043,9349774043,0.000000,0,0,0,0,2,multiscale+elgendi_like,1.000000,0.000000,0,0,0,0,1.000000,5.725345,1,727.999500,0.000000,,v0.4.1-interval-core
9350502046,9350502046,9350502046,9350502046,0.000000,0,0,0,0,2,multiscale+elgendi_like,1.000000,0.000000,0,0,0,0,1.000000,5.306353,1,728.001500,0.000000,,v0.4.1-interval-core
9351206043,9351206043,9351206043,9351206043,0.000000,0,0,0,0,2,multiscale+elgendi_like,1.000000,0.000000,0,0,0,0,1.000000,5.436659,1,736.000000,0.000000,,v0.4.1-interval-core
9351942043,9351934043,9351942043,9351942043,8.000000,0,0,0,0,2,multiscale+elgendi_like,1.000000,0.000000,0,0,0,0,1.000000,5.582049,1,736.000000,8.000000,,v0.4.1-interval-core
9352686043,9352662046,9352686043,9352686043,23.997000,0,0,0,0,2,multiscale+elgendi_like,1.000000,0.000000,0,0,0,0,1.000000,5.341681,1,736.000000,23.997000,,v0.4.1-interval-core
9353438043,9353438043,9353438043,9353438043,0.000000,0,0,0,0,2,multiscale+elgendi_like,1.000000,0.000000,0,0,0,0,1.000000,5.036787,1,736.000000,0.000000,,v0.4.1-interval-core
9354206047,9354206047,9354206047,9354206047,0.000000,0,0,0,0,2,multiscale+elgendi_like,1.000000,0.000000,0,0,0,0,1.000000,5.228784,1,736.000000,0.000000,,v0.4.1-interval-core
9354966043,9354966043,9354966043,9354966043,0.000000,0,0,0,0,2,multiscale+elgendi_like,1.000000,0.000000,0,0,0,0,1.000000,5.141451,1,736.004000,0.000000,,v0.4.1-interval-core
9355718043,9355710043,9355718043,9355718043,8.000000,0,0,0,0,2,multiscale+elgendi_like,1.000000,0.000000,0,0,0,0,1.000000,5.245161,1,744.000000,8.000000,,v0.4.1-interval-core
9356446043,9356446043,9356446043,9356446043,0.000000,0,0,0,0,2,multiscale+elgendi_like,1.000000,0.000000,0,0,0,0,1.000000,5.354653,1,744.000000,0.000000,,v0.4.1-interval-core
9357206043,9357198043,9357206043,9357206043,8.000000,0,0,0,0,2,multiscale+elgendi_like,1.000000,0.000000,0,0,0,0,1.000000,5.256474,1,740.002000,8.000000,,v0.4.1-interval-core
9357966043,9357966043,9357966043,9357966043,0.000000,0,0,0,0,2,multiscale+elgendi_like,1.000000,0.000000,0,0,0,0,1.000000,5.090129,1,740.002000,0.000000,,v0.4.1-interval-core
9358726047,9358726047,9358726047,9358726047,0.000000,0,0,0,0,2,multiscale+elgendi_like,1.000000,0.000000,0,0,0,0,1.000000,4.971570,1,744.000000,0.000000,,v0.4.1-interval-core
9359478047,9359478047,9359478047,9359478047,0.000000,0,0,0,0,2,multiscale+elgendi_like,1.000000,0.000000,0,0,0,0,1.000000,4.920753,1,748.000000,0.000000,,v0.4.1-interval-core
9360198044,9360190043,9360198044,9360198044,8.001000,0,0,0,0,2,multiscale+elgendi_like,1.000000,0.000000,0,0,0,0,1.000000,4.598936,1,752.000000,8.001000,,v0.4.1-interval-core
9360926043,9360918043,9360926043,9360926043,8.000000,0,0,0,0,2,multiscale+elgendi_like,1.000000,0.000000,0,0,0,0,1.000000,4.898122,1,752.000000,8.000000,,v0.4.1-interval-core
9361670043,9361670043,9361670043,9361670043,0.000000,0,0,0,0,2,multiscale+elgendi_like,1.000000,0.000000,0,0,0,0,1.000000,5.226970,1,755.998000,0.000000,,v0.4.1-interval-core
9362438043,9362430043,9362438043,9362438043,8.000000,0,0,0,0,2,multiscale+elgendi_like,1.000000,0.000000,0,0,0,0,1.000000,5.590156,1,755.998000,8.000000,,v0.4.1-interval-core
9363142043,9363142043,9363142043,9363142043,0.000000,0,0,0,0,2,multiscale+elgendi_like,1.000000,0.000000,0,0,0,0,1.000000,5.187911,1,755.998000,0.000000,,v0.4.1-interval-core
9363846043,9363838045,9363846043,9363846043,7.998000,0,0,0,0,2,multiscale+elgendi_like,1.000000,0.000000,0,0,0,0,1.000000,5.399439,1,755.998000,7.998000,,v0.4.1-interval-core
9364606046,9364606046,9364606046,9364606046,0.000000,0,0,0,0,2,multiscale+elgendi_like,1.000000,0.000000,0,0,0,0,1.000000,5.415312,1,752.000000,0.000000,,v0.4.1-interval-core
9365406043,9365398043,9365406043,9365406043,8.000000,0,0,0,0,2,multiscale+elgendi_like,1.000000,0.000000,0,0,0,0,1.000000,4.852857,1,752.000000,8.000000,,v0.4.1-interval-core
9366238043,9366230047,9366238043,9366238043,7.996000,0,0,0,0,2,multiscale+elgendi_like,1.000000,0.000000,0,0,0,0,1.000000,5.149053,1,744.000000,7.996000,,v0.4.1-interval-core
9367094043,9367094043,9367094043,9367094043,0.000000,0,0,0,0,2,multiscale+elgendi_like,1.000000,0.000000,0,0,0,0,1.000000,5.100729,1,728.000000,0.000000,,v0.4.1-interval-core
9367926043,9367926043,9367926043,9367926043,0.000000,0,0,0,0,2,multiscale+elgendi_like,1.000000,0.000000,0,0,0,0,1.000000,4.456461,1,727.999000,0.000000,,v0.4.1-interval-core
9368734043,9368734043,9368734043,9368734043,0.000000,0,0,0,0,2,multiscale+elgendi_like,1.000000,0.000000,0,0,0,0,1.000000,3.262014,1,727.996000,0.000000,,v0.4.1-interval-core
9369454044,9369454044,9369454044,9369454044,0.000000,0,0,0,0,2,multiscale+elgendi_like,1.000000,0.000000,0,0,0,0,1.000000,3.816787,1,727.996000,0.000000,,v0.4.1-interval-core
9370126043,9370126043,9370126043,9370126043,0.000000,0,0,0,0,2,multiscale+elgendi_like,1.000000,0.000000,0,0,0,0,1.000000,3.254720,1,727.996000,0.000000,,v0.4.1-interval-core
9370790044,9370790044,9370790044,9370790044,0.000000,0,0,0,0,2,multiscale+elgendi_like,1.000000,0.000000,0,0,0,0,1.000000,4.243985,1,727.996000,0.000000,,v0.4.1-interval-core
9371430043,9371430043,9371430043,9371430043,0.000000,0,0,0,0,2,multiscale+elgendi_like,1.000000,0.000000,0,0,0,0,1.000000,4.067506,1,727.999000,0.000000,,v0.4.1-interval-core
9372062043,0,9372062043,9372062043,0.000000,1,0,0,0,2,multiscale+elgendi_like,1.000000,0.000000,0,0,1,0,1.000000,4.461915,1,735.998000,0.000000,,v0.4.1-interval-core
9372678047,9372678047,9372678047,9372678047,0.000000,0,0,0,0,2,multiscale+elgendi_like,1.000000,0.000000,0,0,0,0,1.000000,4.303375,1,752.000000,0.000000,,v0.4.1-interval-core
9373286047,9373286047,9373286047,9373286047,0.000000,0,0,0,0,2,multiscale+elgendi_like,1.000000,0.000000,0,0,0,0,1.000000,4.112370,1,760.003000,0.000000,,v0.4.1-interval-core
9373934043,9373934043,9373934043,9373934043,0.000000,0,0,0,0,2,multiscale+elgendi_like,1.000000,0.000000,0,0,0,0,1.000000,4.850192,1,760.003000,0.000000,,v0.4.1-interval-core
9374630047,9374622046,9374630047,9374630047,8.001000,0,0,0,0,2,multiscale+elgendi_like,1.000000,0.000000,0,0,0,0,1.000000,4.704109,1,776.003000,8.001000,,v0.4.1-interval-core
9375358043,9375686046,9375358043,9375358043,-328.003000,0,0,0,0,2,multiscale+elgendi_like,1.000000,0.000000,0,0,0,0,1.000000,5.031314,1,776.001500,328.003000,,v0.4.1-interval-core
9376134046,0,9376134046,9376134046,0.000000,1,0,0,0,2,multiscale+elgendi_like,1.000000,0.000000,0,0,1,0,1.000000,4.800097,1,776.000000,0.000000,,v0.4.1-interval-core
9376934047,9377246046,9376934047,9376934047,-311.999000,0,0,0,0,2,multiscale+elgendi_like,1.000000,0.000000,0,0,0,0,1.000000,4.498681,1,752.000000,311.999000,,v0.4.1-interval-core
9377766045,9377766045,9377766045,9377766045,0.000000,0,0,0,0,2,multiscale+elgendi_like,1.000000,0.000000,0,0,0,0,1.000000,4.751454,1,736.000000,0.000000,,v0.4.1-interval-core
9378590047,9378590047,9378590047,9378590047,0.000000,0,0,0,0,2,multiscale+elgendi_like,1.000000,0.000000,0,0,0,0,1.000000,4.581299,1,736.000000,0.000000,,v0.4.1-interval-core
9379422043,9379422043,9379422043,9379422043,0.000000,0,0,0,0,2,multiscale+elgendi_like,1.000000,0.000000,0,0,0,0,1.000000,4.388136,1,736.000000,0.000000,,v0.4.1-interval-core
9380262046,9380262046,9380262046,9380262046,0.000000,0,0,0,0,2,multiscale+elgendi_like,1.000000,0.000000,0,0,0,0,1.000000,4.567770,1,736.000000,0.000000,,v0.4.1-interval-core
9381102043,9381102043,9381102043,9381102043,0.000000,0,0,0,0,2,multiscale+elgendi_like,1.000000,0.000000,0,0,0,0,1.000000,4.596084,1,775.999000,0.000000,,v0.4.1-interval-core
9381878043,9381878043,9381878043,9381878043,0.000000,0,0,0,0,2,multiscale+elgendi_like,1.000000,0.000000,0,0,0,0,1.000000,3.928931,1,776.000000,0.000000,,v0.4.1-interval-core
9382582043,9382582043,9382582043,9382582043,0.000000,0,0,0,0,2,multiscale+elgendi_like,1.000000,0.000000,0,0,0,0,1.000000,3.932679,1,776.000000,0.000000,,v0.4.1-interval-core
9383294043,9383286043,9383294043,9383294043,8.000000,0,0,0,0,2,multiscale+elgendi_like,1.000000,0.000000,0,0,0,0,1.000000,4.333967,1,776.001000,8.000000,,v0.4.1-interval-core
9384030043,9384030043,9384030043,9384030043,0.000000,0,0,0,0,2,multiscale+elgendi_like,1.000000,0.000000,0,0,0,0,1.000000,5.057135,1,776.003000,0.000000,,v0.4.1-interval-core
9384806044,9384806044,9384806044,9384806044,0.000000,0,0,0,0,2,multiscale+elgendi_like,1.000000,0.000000,0,0,0,0,1.000000,4.996967,1,792.000000,0.000000,,v0.4.1-interval-core
9385582043,9385574047,9385582043,9385582043,7.996000,0,0,0,0,2,multiscale+elgendi_like,1.000000,0.000000,0,0,0,0,1.000000,4.531830,1,800.001000,7.996000,,v0.4.1-interval-core
9386358043,9386358043,9386358043,9386358043,0.000000,0,0,0,0,2,multiscale+elgendi_like,1.000000,0.000000,0,0,0,0,1.000000,4.844109,1,808.000000,0.000000,,v0.4.1-interval-core
9387174043,9387166043,9387174043,9387174043,8.000000,0,0,0,0,2,multiscale+elgendi_like,1.000000,0.000000,0,0,0,0,1.000000,4.710348,1,812.000000,8.000000,,v0.4.1-interval-core
9388022044,9388022044,9388022044,9388022044,0.000000,0,0,0,0,2,multiscale+elgendi_like,1.000000,0.000000,0,0,0,0,1.000000,5.019766,1,812.000000,0.000000,,v0.4.1-interval-core
9388854043,9388854043,9388854043,9388854043,0.000000,0,0,0,0,2,multiscale+elgendi_like,1.000000,0.000000,0,0,0,0,1.000000,4.911412,1,807.999000,0.000000,,v0.4.1-interval-core
9389646043,9389638043,9389646043,9389646043,8.000000,0,0,0,0,2,multiscale+elgendi_like,1.000000,0.000000,0,0,0,0,1.000000,4.735764,1,792.000000,8.000000,,v0.4.1-interval-core
9390454043,9390454043,9390454043,9390454043,0.000000,0,0,0,0,2,multiscale+elgendi_like,1.000000,0.000000,0,0,0,0,1.000000,4.985178,1,792.000000,0.000000,,v0.4.1-interval-core
9391326043,9391326043,9391326043,9391326043,0.000000,0,0,0,0,2,multiscale+elgendi_like,1.000000,0.000000,0,0,0,0,1.000000,5.502295,1,792.000000,0.000000,,v0.4.1-interval-core
9392222043,9392214044,9392222043,9392222043,7.999000,0,0,0,0,2,multiscale+elgendi_like,1.000000,0.000000,0,0,0,0,1.000000,5.207486,1,792.000000,7.999000,,v0.4.1-interval-core
9393070047,9393070047,9393070047,9393070047,0.000000,0,0,0,0,2,multiscale+elgendi_like,1.000000,0.000000,0,0,0,0,1.000000,4.826798,1,799.999500,0.000000,,v0.4.1-interval-core
9393878046,9393878046,9393878046,9393878046,0.000000,0,0,0,0,2,multiscale+elgendi_like,1.000000,0.000000,0,0,0,0,1.000000,4.436341,1,807.999500,0.000000,,v0.4.1-interval-core
9394670043,9394670043,9394670043,9394670043,0.000000,0,0,0,0,2,multiscale+elgendi_like,1.000000,0.000000,0,0,0,0,1.000000,4.115084,1,811.998000,0.000000,,v0.4.1-interval-core
9395438047,9395438047,9395438047,9395438047,0.000000,0,0,0,0,2,multiscale+elgendi_like,1.000000,0.000000,0,0,0,0,1.000000,4.146178,1,815.998000,0.000000,,v0.4.1-interval-core
9396206047,9396206047,9396206047,9396206047,0.000000,0,0,0,0,2,multiscale+elgendi_like,1.000000,0.000000,0,0,0,0,1.000000,4.634790,1,823.999500,0.000000,,v0.4.1-interval-core
9396998047,9396990043,9396998047,9396998047,8.004000,0,0,0,0,2,multiscale+elgendi_like,1.000000,0.000000,0,0,0,0,1.000000,4.594341,1,820.002000,8.004000,,v0.4.1-interval-core
9397814043,9397814043,9397814043,9397814043,0.000000,0,0,0,0,2,multiscale+elgendi_like,1.000000,0.000000,0,0,0,0,1.000000,4.702426,1,820.002000,0.000000,,v0.4.1-interval-core
9398710043,9398702047,9398710043,9398710043,7.996000,0,0,0,0,2,multiscale+elgendi_like,1.000000,0.000000,0,0,0,0,1.000000,4.889999,1,820.000000,7.996000,,v0.4.1-interval-core
9399574044,9399574044,9399574044,9399574044,0.000000,0,0,0,0,2,multiscale+elgendi_like,1.000000,0.000000,0,0,0,0,1.000000,4.475982,1,815.998000,0.000000,,v0.4.1-interval-core
9400446044,9400446044,9400446044,9400446044,0.000000,0,0,0,0,2,multiscale+elgendi_like,1.000000,0.000000,0,0,0,0,1.000000,4.656189,1,815.998000,0.000000,,v0.4.1-interval-core
9401326043,9401326043,9401326043,9401326043,0.000000,0,0,0,0,2,multiscale+elgendi_like,1.000000,0.000000,0,0,0,0,1.000000,4.461815,1,820.002000,0.000000,,v0.4.1-interval-core
9402158043,9402158043,9402158043,9402158043,0.000000,0,0,0,0,2,multiscale+elgendi_like,1.000000,0.000000,0,0,0,0,1.000000,4.386401,1,820.002000,0.000000,,v0.4.1-interval-core
9402982047,9402982047,9402982047,9402982047,0.000000,0,0,0,0,2,multiscale+elgendi_like,1.000000,0.000000,0,0,0,0,1.000000,4.500275,1,820.002000,0.000000,,v0.4.1-interval-core
9403798043,9403790043,9403798043,9403798043,8.000000,0,0,0,0,2,multiscale+elgendi_like,1.000000,0.000000,0,0,0,0,1.000000,4.156556,1,815.996000,8.000000,,v0.4.1-interval-core
9404566043,9404558043,9404566043,9404566043,8.000000,0,0,0,0,2,multiscale+elgendi_like,1.000000,0.000000,0,0,0,0,1.000000,3.895400,1,815.996000,8.000000,,v0.4.1-interval-core
9405334043,9405334043,9405334043,9405334043,0.000000,0,0,0,0,2,multiscale+elgendi_like,1.000000,0.000000,0,0,0,0,1.000000,4.427304,1,815.996000,0.000000,,v0.4.1-interval-core
9406150043,9406150043,9406150043,9406150043,0.000000,0,0,0,0,2,multiscale+elgendi_like,1.000000,0.000000,0,0,0,0,1.000000,4.717013,1,815.996000,0.000000,,v0.4.1-interval-core
9406998043,9406998043,9406998043,9406998043,0.000000,0,0,0,0,2,multiscale+elgendi_like,1.000000,0.000000,0,0,0,0,1.000000,4.645430,1,815.996000,0.000000,,v0.4.1-interval-core
9407854044,9407854044,9407854044,9407854044,0.000000,0,0,0,0,2,multiscale+elgendi_like,1.000000,0.000000,0,0,0,0,1.000000,4.476766,1,816.000000,0.000000,,v0.4.1-interval-core
9408662047,9408662047,9408662047,9408662047,0.000000,0,0,0,0,2,multiscale+elgendi_like,1.000000,0.000000,0,0,0,0,1.000000,4.044758,1,824.004000,0.000000,,v0.4.1-interval-core
9409494043,9409486043,9409494043,9409494043,8.000000,0,0,0,0,2,multiscale+elgendi_like,1.000000,0.000000,0,0,0,0,1.000000,4.226804,1,831.996000,8.000000,,v0.4.1-interval-core
9410270044,9410270044,9410270044,9410270044,0.000000,0,0,0,0,2,multiscale+elgendi_like,1.000000,0.000000,0,0,0,0,1.000000,3.780133,1,828.000000,0.000000,,v0.4.1-interval-core
9410974044,9410974044,9410974044,9410974044,0.000000,0,0,0,0,2,multiscale+elgendi_like,1.000000,0.000000,0,0,0,0,1.000000,3.411996,1,828.000000,0.000000,,v0.4.1-interval-core
9411654043,9411654043,9411654043,9411654043,0.000000,0,0,0,0,2,multiscale+elgendi_like,1.000000,0.000000,0,0,0,0,1.000000,4.034000,1,828.000000,0.000000,,v0.4.1-interval-core
9412366043,9412710043,9412366043,9412366043,-344.000000,0,0,0,0,2,multiscale+elgendi_like,1.000000,0.000000,0,0,0,0,1.000000,4.506558,1,824.004000,344.000000,,v0.4.1-interval-core
9413102044,9413406043,9413102044,9413102044,-303.999000,0,0,0,0,2,multiscale+elgendi_like,1.000000,0.000000,0,0,0,0,1.000000,4.597362,1,816.002000,303.999000,,v0.4.1-interval-core
9413966043,9414278046,9413966043,9413966043,-312.003000,0,0,0,0,2,multiscale+elgendi_like,1.000000,0.000000,0,0,0,0,1.000000,5.191238,1,815.996000,312.003000,,v0.4.1-interval-core
9414926044,9414926044,9414926044,9414926044,0.000000,0,0,0,0,2,multiscale+elgendi_like,1.000000,0.000000,0,0,0,0,1.000000,5.609806,1,812.001500,0.000000,,v0.4.1-interval-core
9415814043,9415814043,9415814043,9415814043,0.000000,0,0,0,0,2,multiscale+elgendi_like,1.000000,0.000000,0,0,0,0,1.000000,4.985711,1,812.001500,0.000000,,v0.4.1-interval-core
9416702047,9416694043,9416702047,9416702047,8.004000,0,0,0,0,2,multiscale+elgendi_like,1.000000,0.000000,0,0,0,0,1.000000,4.593936,1,808.003000,8.004000,,v0.4.1-interval-core
9417590044,9417582043,9417590044,9417590044,8.001000,0,0,0,0,2,multiscale+elgendi_like,1.000000,0.000000,0,0,0,0,1.000000,4.681945,1,808.002000,8.001000,,v0.4.1-interval-core
9418430043,9418430043,9418430043,9418430043,0.000000,0,0,0,0,2,multiscale+elgendi_like,1.000000,0.000000,0,0,0,0,1.000000,4.479446,1,808.000000,0.000000,,v0.4.1-interval-core
9419238045,9419238045,9419238045,9419238045,0.000000,0,0,0,0,2,multiscale+elgendi_like,1.000000,0.000000,0,0,0,0,1.000000,4.582497,1,808.000000,0.000000,,v0.4.1-interval-core
9420046044,9420046044,9420046044,9420046044,0.000000,0,0,0,0,2,multiscale+elgendi_like,1.000000,0.000000,0,0,0,0,1.000000,4.690145,1,808.000000,0.000000,,v0.4.1-interval-core
9420838043,9420838043,9420838043,9420838043,0.000000,0,0,0,0,2,multiscale+elgendi_like,1.000000,0.000000,0,0,0,0,1.000000,4.481837,1,800.001000,0.000000,,v0.4.1-interval-core
9421662043,9421662043,9421662043,9421662043,0.000000,0,0,0,0,2,multiscale+elgendi_like,1.000000,0.000000,0,0,0,0,1.000000,4.796711,1,800.001000,0.000000,,v0.4.1-interval-core
9422470043,9422470043,9422470043,9422470043,0.000000,0,0,0,0,2,multiscale+elgendi_like,1.000000,0.000000,0,0,0,0,1.000000,4.453162,1,807.999000,0.000000,,v0.4.1-interval-core
9423270044,9423262043,9423270044,9423270044,8.001000,0,0,0,0,2,multiscale+elgendi_like,1.000000,0.000000,0,0,0,0,1.000000,4.254268,1,808.000000,8.001000,,v0.4.1-interval-core
9424006043,9424006043,9424006043,9424006043,0.000000,0,0,0,0,2,multiscale+elgendi_like,1.000000,0.000000,0,0,0,0,1.000000,3.808953,1,808.001000,0.000000,,v0.4.1-interval-core
9424758043,9424758043,9424758043,9424758043,0.000000,0,0,0,0,2,multiscale+elgendi_like,1.000000,0.000000,0,0,0,0,1.000000,4.478958,1,812.001000,0.000000,,v0.4.1-interval-core
9425526043,9425526043,9425526043,9425526043,0.000000,0,0,0,0,2,multiscale+elgendi_like,1.000000,0.000000,0,0,0,0,1.000000,4.230173,1,812.001000,0.000000,,v0.4.1-interval-core
9426342043,9426334043,9426342043,9426342043,8.000000,0,0,0,0,2,multiscale+elgendi_like,1.000000,0.000000,0,0,0,0,1.000000,4.403184,1,812.001000,8.000000,,v0.4.1-interval-core
9427134043,9427134043,9427134043,9427134043,0.000000,0,0,0,0,2,multiscale+elgendi_like,1.000000,0.000000,0,0,0,0,1.000000,4.325322,1,812.001000,0.000000,,v0.4.1-interval-core
9427870046,9427862043,9427870046,9427870046,8.003000,0,0,0,0,2,multiscale+elgendi_like,1.000000,0.000000,0,0,0,0,1.000000,4.201957,1,812.001000,8.003000,,v0.4.1-interval-core
9428662043,9428662043,9428662043,9428662043,0.000000,0,0,0,0,2,multiscale+elgendi_like,1.000000,0.000000,0,0,0,0,1.000000,5.019253,1,812.001000,0.000000,,v0.4.1-interval-core
9429518047,9429510043,9429518047,9429518047,8.004000,0,0,0,0,2,multiscale+elgendi_like,1.000000,0.000000,0,0,0,0,1.000000,5.262369,1,812.000000,8.004000,,v0.4.1-interval-core
9430486046,9430478044,9430486046,9430486046,8.002000,0,0,0,0,2,multiscale+elgendi_like,1.000000,0.000000,0,0,0,0,1.000000,5.202150,1,816.000500,8.002000,,v0.4.1-interval-core
9431478044,9431470043,9431478044,9431478044,8.001000,0,0,0,0,2,multiscale+elgendi_like,1.000000,0.000000,0,0,0,0,1.000000,4.846624,1,820.000500,8.001000,,v0.4.1-interval-core
9432446043,0,9432446043,9432446043,0.000000,1,0,0,0,2,multiscale+elgendi_like,1.000000,0.000000,0,0,1,0,1.000000,4.440878,1,824.000500,0.000000,,v0.4.1-interval-core
9433310043,9433294043,9433310043,9433310043,16.000000,0,0,0,0,2,multiscale+elgendi_like,1.000000,0.000000,0,0,0,0,1.000000,4.050710,1,828.001000,16.000000,,v0.4.1-interval-core
9434126044,9434126044,9434126044,9434126044,0.000000,0,0,0,0,2,multiscale+elgendi_like,1.000000,0.000000,0,0,0,0,1.000000,4.079441,1,832.001500,0.000000,,v0.4.1-interval-core
9434950045,9434950045,9434950045,9434950045,0.000000,0,0,0,0,2,multiscale+elgendi_like,1.000000,0.000000,0,0,0,0,1.000000,4.212377,1,836.000000,0.000000,,v0.4.1-interval-core
9435790043,9435782043,9435790043,9435790043,8.000000,0,0,0,0,2,multiscale+elgendi_like,1.000000,0.000000,0,0,0,0,1.000000,4.070654,1,848.001000,8.000000,,v0.4.1-interval-core
9436622044,9436622044,9436622044,9436622044,0.000000,0,0,0,0,2,multiscale+elgendi_like,1.000000,0.000000,0,0,0,0,1.000000,3.973412,1,855.999000,0.000000,,v0.4.1-interval-core
9437454046,9437454046,9437454046,9437454046,0.000000,0,0,0,0,2,multiscale+elgendi_like,1.000000,0.000000,0,0,0,0,1.000000,4.456991,1,856.004000,0.000000,,v0.4.1-interval-core
9438366043,9438366043,9438366043,9438366043,0.000000,0,0,0,0,2,multiscale+elgendi_like,1.000000,0.000000,0,0,0,0,1.000000,4.825674,1,856.004000,0.000000,,v0.4.1-interval-core
9439310043,9439310043,9439310043,9439310043,0.000000,0,0,0,0,2,multiscale+elgendi_like,1.000000,0.000000,0,0,0,0,1.000000,4.705700,1,856.004000,0.000000,,v0.4.1-interval-core
9440294043,9440294043,9440294043,9440294043,0.000000,0,0,0,0,2,multiscale+elgendi_like,1.000000,0.000000,0,0,0,0,1.000000,4.705356,1,864.000000,0.000000,,v0.4.1-interval-core
9441246043,9441246043,9441246043,9441246043,0.000000,0,0,0,0,2,multiscale+elgendi_like,1.000000,0.000000,0,0,0,0,1.000000,4.644275,1,848.001000,0.000000,,v0.4.1-interval-core
9442158043,9442158043,9442158043,9442158043,0.000000,0,0,0,0,2,multiscale+elgendi_like,1.000000,0.000000,0,0,0,0,1.000000,4.138148,1,848.001000,0.000000,,v0.4.1-interval-core
9443006044,9443006044,9443006044,9443006044,0.000000,0,0,0,0,2,multiscale+elgendi_like,1.000000,0.000000,0,0,0,0,1.000000,4.040581,1,848.001000,0.000000,,v0.4.1-interval-core
9443846047,9443846047,9443846047,9443846047,0.000000,0,0,0,0,2,multiscale+elgendi_like,1.000000,0.000000,0,0,0,0,1.000000,4.407663,1,848.001000,0.000000,,v0.4.1-interval-core
9444710047,9444710047,9444710047,9444710047,0.000000,0,0,0,0,2,multiscale+elgendi_like,1.000000,0.000000,0,0,0,0,1.000000,4.380631,1,848.001000,0.000000,,v0.4.1-interval-core
9445534043,9445534043,9445534043,9445534043,0.000000,0,0,0,0,2,multiscale+elgendi_like,1.000000,0.000000,0,0,0,0,1.000000,4.101604,1,864.000000,0.000000,,v0.4.1-interval-core
9446310043,9446310043,9446310043,9446310043,0.000000,0,0,0,0,2,multiscale+elgendi_like,1.000000,0.000000,0,0,0,0,1.000000,4.186469,1,879.999500,0.000000,,v0.4.1-interval-core
9447070043,9447438045,9447070043,9447070043,-368.002000,0,0,0,0,2,multiscale+elgendi_like,1.000000,0.000000,0,0,0,0,1.000000,4.582207,1,903.998000,368.002000,,v0.4.1-interval-core
9447870047,9448198043,9447870047,9447870047,-327.996000,0,0,0,0,2,multiscale+elgendi_like,1.000000,0.000000,0,0,0,0,1.000000,4.917116,1,911.998500,327.996000,,v0.4.1-interval-core
9448766046,9448766046,9448766046,9448766046,0.000000,0,0,0,0,2,multiscale+elgendi_like,1.000000,0.000000,0,0,0,0,1.000000,5.227582,1,911.998500,0.000000,,v0.4.1-interval-core
9449822043,9449822043,9449822043,9449822043,0.000000,0,0,0,0,2,multiscale+elgendi_like,1.000000,0.000000,0,0,0,0,1.000000,5.194040,1,908.000000,0.000000,,v0.4.1-interval-core
9450806047,9450806047,9450806047,9450806047,0.000000,0,0,0,0,2,multiscale+elgendi_like,1.000000,0.000000,0,0,0,0,1.000000,4.819731,1,895.999000,0.000000,,v0.4.1-interval-core
9451790046,9451790046,9451790046,9451790046,0.000000,0,0,0,0,2,multiscale+elgendi_like,1.000000,0.000000,0,0,0,0,1.000000,4.682666,1,864.000000,0.000000,,v0.4.1-interval-core
9452742043,9452742043,9452742043,9452742043,0.000000,0,0,0,0,2,multiscale+elgendi_like,1.000000,0.000000,0,0,0,0,1.000000,4.247579,1,864.000000,0.000000,,v0.4.1-interval-core
9453702047,9453702047,9453702047,9453702047,0.000000,0,0,0,0,2,multiscale+elgendi_like,1.000000,0.000000,0,0,0,0,1.000000,4.619033,1,864.000000,0.000000,,v0.4.1-interval-core
9454662043,9454654043,9454662043,9454662043,8.000000,0,0,0,0,2,multiscale+elgendi_like,1.000000,0.000000,0,0,0,0,1.000000,4.601067,1,864.000000,8.000000,,v0.4.1-interval-core
9455566043,9455566043,9455566043,9455566043,0.000000,0,0,0,0,2,multiscale+elgendi_like,1.000000,0.000000,0,0,0,0,1.000000,4.268209,1,864.000000,0.000000,,v0.4.1-interval-core
9456430043,9456430043,9456430043,9456430043,0.000000,0,0,0,0,2,multiscale+elgendi_like,1.000000,0.000000,0,0,0,0,1.000000,4.237333,1,864.000000,0.000000,,v0.4.1-interval-core
9457294043,9457294043,9457294043,9457294043,0.000000,0,0,0,0,2,multiscale+elgendi_like,1.000000,0.000000,0,0,0,0,1.000000,4.474455,1,864.000000,0.000000,,v0.4.1-interval-core
9458134043,9458126044,9458134043,9458134043,7.999000,0,0,0,0,2,multiscale+elgendi_like,1.000000,0.000000,0,0,0,0,1.000000,4.142819,1,868.001000,7.999000,,v0.4.1-interval-core
9458934043,9458934043,9458934043,9458934043,0.000000,0,0,0,0,2,multiscale+elgendi_like,1.000000,0.000000,0,0,0,0,1.000000,4.063661,1,884.000500,0.000000,,v0.4.1-interval-core
9459758043,9459758043,9459758043,9459758043,0.000000,0,0,0,0,2,multiscale+elgendi_like,1.000000,0.000000,0,0,0,0,1.000000,4.294428,1,888.001000,0.000000,,v0.4.1-interval-core
9460614043,9460614043,9460614043,9460614043,0.000000,0,0,0,0,2,multiscale+elgendi_like,1.000000,0.000000,0,0,0,0,1.000000,4.330097,1,879.997000,0.000000,,v0.4.1-interval-core
9461486045,9461486045,9461486045,9461486045,0.000000,0,0,0,0,2,multiscale+elgendi_like,1.000000,0.000000,0,0,0,0,1.000000,4.294617,1,872.002000,0.000000,,v0.4.1-interval-core
9462310043,9462302043,9462310043,9462310043,8.000000,0,0,0,0,2,multiscale+elgendi_like,1.000000,0.000000,0,0,0,0,1.000000,3.778391,1,872.002000,8.000000,,v0.4.1-interval-core
9463118046,9463118046,9463118046,9463118046,0.000000,0,0,0,0,2,multiscale+elgendi_like,1.000000,0.000000,0,0,0,0,1.000000,4.345616,1,864.000000,0.000000,,v0.4.1-interval-core
9463974043,9463974043,9463974043,9463974043,0.000000,0,0,0,0,2,multiscale+elgendi_like,1.000000,0.000000,0,0,0,0,1.000000,4.708030,1,864.000000,0.000000,,v0.4.1-interval-core
9464886043,9464878047,9464886043,9464886043,7.996000,0,0,0,0,2,multiscale+elgendi_like,1.000000,0.000000,0,0,0,0,1.000000,4.929955,1,864.000000,7.996000,,v0.4.1-interval-core
9465830047,9465830047,9465830047,9465830047,0.000000,0,0,0,0,2,multiscale+elgendi_like,1.000000,0.000000,0,0,0,0,1.000000,4.821568,1,864.000000,0.000000,,v0.4.1-interval-core
9466766047,9466766047,9466766047,9466766047,0.000000,0,0,0,0,2,multiscale+elgendi_like,1.000000,0.000000,0,0,0,0,1.000000,4.614310,1,864.000000,0.000000,,v0.4.1-interval-core
9467646044,9467638044,9467646044,9467646044,8.000000,0,0,0,0,2,multiscale+elgendi_like,1.000000,0.000000,0,0,0,0,1.000000,3.914746,1,864.001000,8.000000,,v0.4.1-interval-core
9468478047,9468470043,9468478047,9468478047,8.004000,0,0,0,0,2,multiscale+elgendi_like,1.000000,0.000000,0,0,0,0,1.000000,4.217246,1,864.003000,8.004000,,v0.4.1-interval-core
9469342043,9469342043,9469342043,9469342043,0.000000,0,0,0,0,2,multiscale+elgendi_like,1.000000,0.000000,0,0,0,0,1.000000,4.481978,1,871.997000,0.000000,,v0.4.1-interval-core
9470222045,9470222045,9470222045,9470222045,0.000000,0,0,0,0,2,multiscale+elgendi_like,1.000000,0.000000,0,0,0,0,1.000000,4.497169,1,872.002000,0.000000,,v0.4.1-interval-core
9471118043,9471118043,9471118043,9471118043,0.000000,0,0,0,0,2,multiscale+elgendi_like,1.000000,0.000000,0,0,0,0,1.000000,4.147633,1,879.997000,0.000000,,v0.4.1-interval-core
9471982046,9471982046,9471982046,9471982046,0.000000,0,0,0,0,2,multiscale+elgendi_like,1.000000,0.000000,0,0,0,0,1.000000,3.980388,1,880.002000,0.000000,,v0.4.1-interval-core
9472854043,9472854043,9472854043,9472854043,0.000000,0,0,0,0,2,multiscale+elgendi_like,1.000000,0.000000,0,0,0,0,1.000000,4.269355,1,880.002000,0.000000,,v0.4.1-interval-core
9473718044,9473710043,9473718044,9473718044,8.001000,0,0,0,0,2,multiscale+elgendi_like,1.000000,0.000000,0,0,0,0,1.000000,3.974465,1,880.002000,8.001000,,v0.4.1-interval-core
9474614044,9474614044,9474614044,9474614044,0.000000,0,0,0,0,2,multiscale+elgendi_like,1.000000,0.000000,0,0,0,0,1.000000,4.243835,1,880.002000,0.000000,,v0.4.1-interval-core
9475542045,9475534043,9475542045,9475542045,8.002000,0,0,0,0,2,multiscale+elgendi_like,1.000000,0.000000,0,0,0,0,1.000000,4.395956,1,880.002000,8.002000,,v0.4.1-interval-core
9476438043,9476438043,9476438043,9476438043,0.000000,0,0,0,0,2,multiscale+elgendi_like,1.000000,0.000000,0,0,0,0,1.000000,4.003164,1,879.997000,0.000000,,v0.4.1-interval-core
9477342043,9477342043,9477342043,9477342043,0.000000,0,0,0,0,2,multiscale+elgendi_like,1.000000,0.000000,0,0,0,0,1.000000,4.319045,1,871.997000,0.000000,,v0.4.1-interval-core
9478238046,9478230043,9478238046,9478238046,8.003000,0,0,0,0,2,multiscale+elgendi_like,1.000000,0.000000,0,0,0,0,1.000000,4.283914,1,864.002000,8.003000,,v0.4.1-interval-core
9479134043,9479126044,9479134043,9479134043,7.999000,0,0,0,0,2,multiscale+elgendi_like,1.000000,0.000000,0,0,0,0,1.000000,4.143700,1,863.998500,7.999000,,v0.4.1-interval-core
9479982044,9479982044,9479982044,9479982044,0.000000,0,0,0,0,2,multiscale+elgendi_like,1.000000,0.000000,0,0,0,0,1.000000,3.516615,1,864.002000,0.000000,,v0.4.1-interval-core
9480798043,9480798043,9480798043,9480798043,0.000000,0,0,0,0,2,multiscale+elgendi_like,1.000000,0.000000,0,0,0,0,1.000000,3.883281,1,856.001000,0.000000,,v0.4.1-interval-core
9481622043,9481622043,9481622043,9481622043,0.000000,0,0,0,0,2,multiscale+elgendi_like,1.000000,0.000000,0,0,0,0,1.000000,4.264577,1,836.000500,0.000000,,v0.4.1-interval-core
9482446043,9482438043,9482446043,9482446043,8.000000,0,0,0,0,2,multiscale+elgendi_like,1.000000,0.000000,0,0,0,0,1.000000,4.322885,1,828.002000,8.000000,,v0.4.1-interval-core
9483246045,9483246045,9483246045,9483246045,0.000000,0,0,0,0,2,multiscale+elgendi_like,1.000000,0.000000,0,0,0,0,1.000000,3.962556,1,824.000000,0.000000,,v0.4.1-interval-core
9484014043,0,9484014043,9484014043,0.000000,1,0,0,0,2,multiscale+elgendi_like,1.000000,0.000000,0,0,1,0,1.000000,3.761408,1,824.000000,0.000000,,v0.4.1-interval-core
9484774043,9484774043,9484774043,9484774043,0.000000,0,0,0,0,2,multiscale+elgendi_like,1.000000,0.000000,0,0,0,0,1.000000,4.167461,1,824.000000,0.000000,,v0.4.1-interval-core
9485550047,9485550047,9485550047,9485550047,0.000000,0,0,0,0,2,multiscale+elgendi_like,1.000000,0.000000,0,0,0,0,1.000000,4.200810,1,824.000000,0.000000,,v0.4.1-interval-core
9486334043,9486334043,9486334043,9486334043,0.000000,0,0,0,0,2,multiscale+elgendi_like,1.000000,0.000000,0,0,0,0,1.000000,4.043363,1,824.000000,0.000000,,v0.4.1-interval-core
9487070046,9487062047,9487070046,9487070046,7.999000,0,0,0,0,2,multiscale+elgendi_like,1.000000,0.000000,0,0,0,0,1.000000,4.063336,1,819.999500,7.999000,,v0.4.1-interval-core
9487806046,9487806046,9487806046,9487806046,0.000000,0,0,0,0,2,multiscale+elgendi_like,1.000000,0.000000,0,0,0,0,1.000000,4.546824,1,819.999500,0.000000,,v0.4.1-interval-core
9488598043,9488598043,9488598043,9488598043,0.000000,0,0,0,0,2,multiscale+elgendi_like,1.000000,0.000000,0,0,0,0,1.000000,4.763057,1,819.999500,0.000000,,v0.4.1-interval-core
9489422043,9489422043,9489422043,9489422043,0.000000,0,0,0,0,2,multiscale+elgendi_like,1.000000,0.000000,0,0,0,0,1.000000,4.894407,1,819.999500,0.000000,,v0.4.1-interval-core
9490230047,9490230047,9490230047,9490230047,0.000000,0,0,0,0,2,multiscale+elgendi_like,1.000000,0.000000,0,0,0,0,1.000000,4.493301,1,819.999500,0.000000,,v0.4.1-interval-core
9491070046,9491062045,9491070046,9491070046,8.001000,0,0,0,0,2,multiscale+elgendi_like,1.000000,0.000000,0,0,0,0,1.000000,4.832473,1,819.999500,8.001000,,v0.4.1-interval-core
9491918046,9491918046,9491918046,9491918046,0.000000,0,0,0,0,2,multiscale+elgendi_like,1.000000,0.000000,0,0,0,0,1.000000,4.634031,1,824.000000,0.000000,,v0.4.1-interval-core
9492750044,9492742043,9492750044,9492750044,8.001000,0,0,0,0,2,multiscale+elgendi_like,1.000000,0.000000,0,0,0,0,1.000000,4.373294,1,820.000000,8.001000,,v0.4.1-interval-core
9493558043,9493558043,9493558043,9493558043,0.000000,0,0,0,0,2,multiscale+elgendi_like,1.000000,0.000000,0,0,0,0,1.000000,4.650104,1,827.999000,0.000000,,v0.4.1-interval-core
9494438044,9494438044,9494438044,9494438044,0.000000,0,0,0,0,2,multiscale+elgendi_like,1.000000,0.000000,0,0,0,0,1.000000,5.428011,1,827.999000,0.000000,,v0.4.1-interval-core
9495390043,9495390043,9495390043,9495390043,0.000000,0,0,0,0,2,multiscale+elgendi_like,1.000000,0.000000,0,0,0,0,1.000000,4.891734,1,835.998500,0.000000,,v0.4.1-interval-core
9496358043,9496358043,9496358043,9496358043,0.000000,0,0,0,0,2,multiscale+elgendi_like,1.000000,0.000000,0,0,0,0,1.000000,4.506172,1,843.999500,0.000000,,v0.4.1-interval-core
9497302043,9497302043,9497302043,9497302043,0.000000,0,0,0,0,2,multiscale+elgendi_like,1.000000,0.000000,0,0,0,0,1.000000,4.022490,1,851.999000,0.000000,,v0.4.1-interval-core
9498182043,9498174045,9498182043,9498182043,7.998000,0,0,0,0,2,multiscale+elgendi_like,1.000000,0.000000,0,0,0,0,1.000000,4.061654,1,856.001000,7.998000,,v0.4.1-interval-core
9499046045,9499046045,9499046045,9499046045,0.000000,0,0,0,0,2,multiscale+elgendi_like,1.000000,0.000000,0,0,0,0,1.000000,4.161086,1,856.001000,0.000000,,v0.4.1-interval-core
9499902043,9499902043,9499902043,9499902043,0.000000,0,0,0,0,2,multiscale+elgendi_like,1.000000,0.000000,0,0,0,0,1.000000,3.935275,1,856.001000,0.000000,,v0.4.1-interval-core
9500726043,9500726043,9500726043,9500726043,0.000000,0,0,0,0,2,multiscale+elgendi_like,1.000000,0.000000,0,0,0,0,1.000000,3.867939,1,856.001000,0.000000,,v0.4.1-interval-core
9501582044,9501574047,9501582044,9501582044,7.997000,0,0,0,0,2,multiscale+elgendi_like,1.000000,0.000000,0,0,0,0,1.000000,4.460524,1,856.001000,7.997000,,v0.4.1-interval-core
9502510045,9502510045,9502510045,9502510045,0.000000,0,0,0,0,2,multiscale+elgendi_like,1.000000,0.000000,0,0,0,0,1.000000,4.586023,1,856.001000,0.000000,,v0.4.1-interval-core
9503430045,9503430045,9503430045,9503430045,0.000000,0,0,0,0,2,multiscale+elgendi_like,1.000000,0.000000,0,0,0,0,1.000000,4.331251,1,856.001000,0.000000,,v0.4.1-interval-core
9504366044,9504366044,9504366044,9504366044,0.000000,0,0,0,0,2,multiscale+elgendi_like,1.000000,0.000000,0,0,0,0,1.000000,4.584285,1,856.001000,0.000000,,v0.4.1-interval-core
9505278045,9505278045,9505278045,9505278045,0.000000,0,0,0,0,2,multiscale+elgendi_like,1.000000,0.000000,0,0,0,0,1.000000,4.321828,1,864.002000,0.000000,,v0.4.1-interval-core
9506118045,9506118045,9506118045,9506118045,0.000000,0,0,0,0,2,multiscale+elgendi_like,1.000000,0.000000,0,0,0,0,1.000000,3.823764,1,855.999500,0.000000,,v0.4.1-interval-core
9506902045,9506902045,9506902045,9506902045,0.000000,0,0,0,0,2,multiscale+elgendi_like,1.000000,0.000000,0,0,0,0,1.000000,3.990932,1,847.999000,0.000000,,v0.4.1-interval-core
9507686043,9507686043,9507686043,9507686043,0.000000,0,0,0,0,2,multiscale+elgendi_like,1.000000,0.000000,0,0,0,0,1.000000,4.290060,1,835.999000,0.000000,,v0.4.1-interval-core
9508470046,9508470046,9508470046,9508470046,0.000000,0,0,0,0,2,multiscale+elgendi_like,1.000000,0.000000,0,0,0,0,1.000000,4.359304,1,827.999000,0.000000,,v0.4.1-interval-core
9509230043,9509230043,9509230043,9509230043,0.000000,0,0,0,0,2,multiscale+elgendi_like,1.000000,0.000000,0,0,0,0,1.000000,4.178986,1,827.999000,0.000000,,v0.4.1-interval-core
9510014045,9510014045,9510014045,9510014045,0.000000,0,0,0,0,2,multiscale+elgendi_like,1.000000,0.000000,0,0,0,0,1.000000,4.542488,1,827.999000,0.000000,,v0.4.1-interval-core
9510846043,9510846043,9510846043,9510846043,0.000000,0,0,0,0,2,multiscale+elgendi_like,1.000000,0.000000,0,0,0,0,1.000000,4.635766,1,824.000000,0.000000,,v0.4.1-interval-core
9511718047,9511718047,9511718047,9511718047,0.000000,0,0,0,0,2,multiscale+elgendi_like,1.000000,0.000000,0,0,0,0,1.000000,4.781591,1,807.996000,0.000000,,v0.4.1-interval-core
9512526043,9512526043,9512526043,9512526043,0.000000,0,0,0,0,2,multiscale+elgendi_like,1.000000,0.000000,0,0,0,0,1.000000,4.000387,1,807.996000,0.000000,,v0.4.1-interval-core
9513214043,9513214043,9513214043,9513214043,0.000000,0,0,0,0,2,multiscale+elgendi_like,1.000000,0.000000,0,0,0,0,1.000000,3.190564,1,807.996000,0.000000,,v0.4.1-interval-core
9513878043,0,9513878043,9513878043,0.000000,1,0,0,0,2,multiscale+elgendi_like,1.000000,0.000000,0,0,1,0,1.000000,3.613611,1,799.996000,0.000000,,v0.4.1-interval-core
9514630047,9514630047,9514630047,9514630047,0.000000,0,0,0,0,2,multiscale+elgendi_like,1.000000,0.000000,0,0,0,0,1.000000,5.142758,1,784.003000,0.000000,,v0.4.1-interval-core
9515430043,9515430043,9515430043,9515430043,0.000000,0,0,0,0,2,multiscale+elgendi_like,1.000000,0.000000,0,0,0,0,1.000000,5.465671,1,784.002000,0.000000,,v0.4.1-interval-core
9516262045,9516262045,9516262045,9516262045,0.000000,0,0,0,0,2,multiscale+elgendi_like,1.000000,0.000000,0,0,0,0,1.000000,5.831882,1,784.000000,0.000000,,v0.4.1-interval-core
9517102046,9517102046,9517102046,9517102046,0.000000,0,0,0,0,2,multiscale+elgendi_like,1.000000,0.000000,0,0,0,0,1.000000,5.464630,1,784.000000,0.000000,,v0.4.1-interval-core
9517862045,9517862045,9517862045,9517862045,0.000000,0,0,0,0,2,multiscale+elgendi_like,1.000000,0.000000,0,0,0,0,1.000000,4.550271,1,784.001000,0.000000,,v0.4.1-interval-core
9518646045,9518646045,9518646045,9518646045,0.000000,0,0,0,0,2,multiscale+elgendi_like,1.000000,0.000000,0,0,0,0,1.000000,4.640322,1,784.002500,0.000000,,v0.4.1-interval-core
9519454043,9519454043,9519454043,9519454043,0.000000,0,0,0,0,2,multiscale+elgendi_like,1.000000,0.000000,0,0,0,0,1.000000,4.667007,1,788.001500,0.000000,,v0.4.1-interval-core
9520270043,9520262043,9520270043,9520270043,8.000000,0,0,0,0,2,multiscale+elgendi_like,1.000000,0.000000,0,0,0,0,1.000000,4.674267,1,784.001000,8.000000,,v0.4.1-interval-core
9521022043,9521022043,9521022043,9521022043,0.000000,0,0,0,0,2,multiscale+elgendi_like,1.000000,0.000000,0,0,0,0,1.000000,4.152586,1,787.999000,0.000000,,v0.4.1-interval-core
9521750047,0,9521750047,9521750047,0.000000,1,0,0,0,2,multiscale+elgendi_like,1.000000,0.000000,0,0,1,0,1.000000,4.400614,1,776.000000,0.000000,,v0.4.1-interval-core
9522502043,9522502043,9522502043,9522502043,0.000000,0,0,0,0,2,multiscale+elgendi_like,1.000000,0.000000,0,0,0,0,1.000000,5.055959,1,763.999500,0.000000,,v0.4.1-interval-core
9523270043,0,9523270043,9523270043,0.000000,1,0,0,0,2,multiscale+elgendi_like,1.000000,0.000000,0,0,1,0,1.000000,5.129207,1,752.004000,0.000000,,v0.4.1-interval-core
9524086047,0,9524086047,9524086047,0.000000,1,0,0,0,2,multiscale+elgendi_like,1.000000,0.000000,0,0,1,0,1.000000,5.485106,1,752.000000,0.000000,,v0.4.1-interval-core
9524902046,0,9524902046,9524902046,0.000000,1,0,0,0,2,multiscale+elgendi_like,1.000000,0.000000,0,0,1,0,1.000000,5.168304,1,752.000000,0.000000,,v0.4.1-interval-core
9525694047,0,9525694047,9525694047,0.000000,1,0,0,0,2,multiscale+elgendi_like,1.000000,0.000000,0,0,1,0,1.000000,4.953616,1,752.000000,0.000000,,v0.4.1-interval-core
9526438043,9526438043,9526438043,9526438043,0.000000,0,0,0,0,2,multiscale+elgendi_like,1.000000,0.000000,0,0,0,0,1.000000,4.479013,1,747.996000,0.000000,,v0.4.1-interval-core
9527158045,0,9527158045,9527158045,0.000000,1,0,0,0,2,multiscale+elgendi_like,1.000000,0.000000,0,0,1,0,1.000000,4.741046,1,743.996000,0.000000,,v0.4.1-interval-core
9527854043,9527846044,9527854043,9527854043,7.999000,0,0,0,0,2,multiscale+elgendi_like,1.000000,0.000000,0,0,0,0,1.000000,4.907626,1,736.000000,7.999000,,v0.4.1-interval-core
9528534043,9528534043,9528534043,9528534043,0.000000,0,0,0,0,2,multiscale+elgendi_like,1.000000,0.000000,0,0,0,0,1.000000,4.984835,1,736.000000,0.000000,,v0.4.1-interval-core
9529198047,9529198047,9529198047,9529198047,0.000000,0,0,0,0,2,multiscale+elgendi_like,1.000000,0.000000,0,0,0,0,1.000000,5.123200,1,736.000000,0.000000,,v0.4.1-interval-core
9529878043,9529878043,9529878043,9529878043,0.000000,0,0,0,0,2,multiscale+elgendi_like,1.000000,0.000000,0,0,0,0,1.000000,5.114035,1,728.004000,0.000000,,v0.4.1-interval-core
9530550043,0,9530550043,9530550043,0.000000,1,0,0,0,2,multiscale+elgendi_like,1.000000,0.000000,0,0,1,0,1.000000,5.044566,1,728.000000,0.000000,,v0.4.1-interval-core
9531238043,9531230043,9531238043,9531238043,8.000000,0,0,0,0,2,multiscale+elgendi_like,1.000000,0.000000,0,0,0,0,1.000000,5.411763,1,727.998500,8.000000,,v0.4.1-interval-core
9531950043,9531950043,9531950043,9531950043,0.000000,0,0,0,0,2,multiscale+elgendi_like,1.000000,0.000000,0,0,0,0,1.000000,5.595919,1,727.998500,0.000000,,v0.4.1-interval-core
9532678043,9532678043,9532678043,9532678043,0.000000,0,0,0,0,2,multiscale+elgendi_like,1.000000,0.000000,0,0,0,0,1.000000,5.391890,1,723.999500,0.000000,,v0.4.1-interval-core
9533414043,9533414043,9533414043,9533414043,0.000000,0,0,0,0,2,multiscale+elgendi_like,1.000000,0.000000,0,0,0,0,1.000000,5.154790,1,727.997000,0.000000,,v0.4.1-interval-core
9534126046,9534118043,9534126046,9534126046,8.003000,0,0,0,0,2,multiscale+elgendi_like,1.000000,0.000000,0,0,0,0,1.000000,4.943828,1,727.997000,8.003000,,v0.4.1-interval-core
9534854043,9534854043,9534854043,9534854043,0.000000,0,0,0,0,2,multiscale+elgendi_like,1.000000,0.000000,0,0,0,0,1.000000,5.612992,1,727.997000,0.000000,,v0.4.1-interval-core
9535598044,9535598044,9535598044,9535598044,0.000000,0,0,0,0,2,multiscale+elgendi_like,1.000000,0.000000,0,0,0,0,1.000000,5.781997,1,727.997000,0.000000,,v0.4.1-interval-core
9536358043,9536358043,9536358043,9536358043,0.000000,0,0,0,0,2,multiscale+elgendi_like,1.000000,0.000000,0,0,0,0,1.000000,5.733192,1,727.997000,0.000000,,v0.4.1-interval-core
9537078043,9537078043,9537078043,9537078043,0.000000,0,0,0,0,2,multiscale+elgendi_like,1.000000,0.000000,0,0,0,0,1.000000,4.918389,1,727.997000,0.000000,,v0.4.1-interval-core
9537750043,9537750043,9537750043,9537750043,0.000000,0,0,0,0,2,multiscale+elgendi_like,1.000000,0.000000,0,0,0,0,1.000000,4.598685,1,727.997000,0.000000,,v0.4.1-interval-core
9538454043,9538454043,9538454043,9538454043,0.000000,0,0,0,0,2,multiscale+elgendi_like,1.000000,0.000000,0,0,0,0,1.000000,5.550594,1,728.000000,0.000000,,v0.4.1-interval-core
9539182045,0,9539182045,9539182045,0.000000,1,0,0,0,2,multiscale+elgendi_like,1.000000,0.000000,0,0,1,0,1.000000,5.495286,1,728.001000,0.000000,,v0.4.1-interval-core
9539942043,0,9539942043,9539942043,0.000000,1,0,0,0,2,multiscale+elgendi_like,1.000000,0.000000,0,0,1,0,1.000000,5.840373,1,732.001000,0.000000,,v0.4.1-interval-core
9540726047,9540726047,9540726047,9540726047,0.000000,0,0,0,0,2,multiscale+elgendi_like,1.000000,0.000000,0,0,0,0,1.000000,5.468909,1,740.000500,0.000000,,v0.4.1-interval-core
9541510047,9541510047,9541510047,9541510047,0.000000,0,0,0,0,2,multiscale+elgendi_like,1.000000,0.000000,0,0,0,0,1.000000,5.102876,1,751.999500,0.000000,,v0.4.1-interval-core
9542326047,9542318047,9542326047,9542326047,8.000000,0,0,0,0,2,multiscale+elgendi_like,1.000000,0.000000,0,0,0,0,1.000000,5.281898,1,759.998500,8.000000,,v0.4.1-interval-core
9543158045,9543158045,9543158045,9543158045,0.000000,0,0,0,0,2,multiscale+elgendi_like,1.000000,0.000000,0,0,0,0,1.000000,5.113781,1,784.000000,0.000000,,v0.4.1-interval-core
9543990047,9543990047,9543990047,9543990047,0.000000,0,0,0,0,2,multiscale+elgendi_like,1.000000,0.000000,0,0,0,0,1.000000,4.879723,1,784.004000,0.000000,,v0.4.1-interval-core
9544862047,9544854043,9544862047,9544862047,8.004000,0,0,0,0,2,multiscale+elgendi_like,1.000000,0.000000,0,0,0,0,1.000000,4.910606,1,816.000000,8.004000,,v0.4.1-interval-core
9545742043,9545734047,9545742043,9545742043,7.996000,0,0,0,0,2,multiscale+elgendi_like,1.000000,0.000000,0,0,0,0,1.000000,4.866568,1,831.998000,7.996000,,v0.4.1-interval-core
9546630043,9546630043,9546630043,9546630043,0.000000,0,0,0,0,2,multiscale+elgendi_like,1.000000,0.000000,0,0,0,0,1.000000,4.869077,1,832.002000,0.000000,,v0.4.1-interval-core
9547518043,9547870047,9547518043,9547518043,-352.004000,0,0,0,0,2,multiscale+elgendi_like,1.000000,0.000000,0,0,0,0,1.000000,4.807789,1,844.003000,352.004000,,v0.4.1-interval-core
9548374047,9548750043,9548374047,9548374047,-375.996000,0,0,0,0,2,multiscale+elgendi_like,1.000000,0.000000,0,0,0,0,1.000000,4.600888,1,844.003000,375.996000,,v0.4.1-interval-core
9549278043,9549270047,9549278043,9549278043,7.996000,0,0,0,0,2,multiscale+elgendi_like,1.000000,0.000000,0,0,0,0,1.000000,4.735504,1,844.003000,7.996000,,v0.4.1-interval-core
9550174046,9550174046,9550174046,9550174046,0.000000,0,0,0,0,2,multiscale+elgendi_like,1.000000,0.000000,0,0,0,0,1.000000,4.448440,1,832.002000,0.000000,,v0.4.1-interval-core
9551078047,9551070043,9551078047,9551078047,8.004000,0,0,0,0,2,multiscale+elgendi_like,1.000000,0.000000,0,0,0,0,1.000000,4.647418,1,844.003000,8.004000,,v0.4.1-interval-core
9552022043,9552014043,9552022043,9552022043,8.000000,0,0,0,0,2,multiscale+elgendi_like,1.000000,0.000000,0,0,0,0,1.000000,4.774549,1,844.003000,8.000000,,v0.4.1-interval-core
9552934043,9552934043,9552934043,9552934043,0.000000,0,0,0,0,2,multiscale+elgendi_like,1.000000,0.000000,0,0,0,0,1.000000,4.382733,1,844.003000,0.000000,,v0.4.1-interval-core
9553806043,9553798043,9553806043,9553806043,8.000000,0,0,0,0,2,multiscale+elgendi_like,1.000000,0.000000,0,0,0,0,1.000000,4.302045,1,844.003000,8.000000,,v0.4.1-interval-core
9554638043,9554638043,9554638043,9554638043,0.000000,0,0,0,0,2,multiscale+elgendi_like,1.000000,0.000000,0,0,0,0,1.000000,4.015132,1,852.002500,0.000000,,v0.4.1-interval-core
9555398045,9555398045,9555398045,9555398045,0.000000,0,0,0,0,2,multiscale+elgendi_like,1.000000,0.000000,0,0,0,0,1.000000,3.466632,1,864.002000,0.000000,,v0.4.1-interval-core
9556126044,9556118047,9556126044,9556126044,7.997000,0,0,0,0,2,multiscale+elgendi_like,1.000000,0.000000,0,0,0,0,1.000000,3.817901,1,864.002000,7.997000,,v0.4.1-interval-core
9556838043,9556830043,9556838043,9556838043,8.000000,0,0,0,0,2,multiscale+elgendi_like,1.000000,0.000000,0,0,0,0,1.000000,3.802798,1,856.004000,8.000000,,v0.4.1-interval-core
9557526043,0,9557526043,9557526043,0.000000,1,0,0,0,2,multiscale+elgendi_like,1.000000,0.000000,0,0,1,0,1.000000,4.004003,1,864.002000,0.000000,,v0.4.1-interval-core
9558278043,9558598044,9558278043,9558278043,-320.001000,0,0,0,0,2,multiscale+elgendi_like,1.000000,0.000000,0,0,0,0,1.000000,4.382012,1,864.002000,320.001000,,v0.4.1-interval-core
9559054043,9559382043,9559054043,9559054043,-328.000000,0,0,0,0,2,multiscale+elgendi_like,1.000000,0.000000,0,0,0,0,1.000000,4.380539,1,864.002000,328.000000,,v0.4.1-interval-core
9559846044,0,9559846044,9559846044,0.000000,1,0,0,0,2,multiscale+elgendi_like,1.000000,0.000000,0,0,1,0,1.000000,4.417729,1,872.000000,0.000000,,v0.4.1-interval-core
9560630043,9560630043,9560630043,9560630043,0.000000,0,0,0,0,2,multiscale+elgendi_like,1.000000,0.000000,0,0,0,0,1.000000,4.413050,1,872.000000,0.000000,,v0.4.1-interval-core
9561470047,9561814043,9561470047,9561470047,-343.996000,0,0,0,0,2,multiscale+elgendi_like,1.000000,0.000000,0,0,0,0,1.000000,4.737184,1,872.000000,343.996000,,v0.4.1-interval-core
9562366047,9562718050,9562366047,9562366047,-352.003000,0,0,0,0,2,multiscale+elgendi_like,1.000000,0.000000,0,0,0,0,1.000000,4.773936,1,872.000000,352.003000,,v0.4.1-interval-core
9563278043,9563270048,9563278043,9563278043,7.995000,0,0,0,0,2,multiscale+elgendi_like,1.000000,0.000000,0,0,0,0,1.000000,4.756178,1,864.000000,7.995000,,v0.4.1-interval-core
9564254043,9564246046,9564254043,9564254043,7.997000,0,0,0,0,2,multiscale+elgendi_like,1.000000,0.000000,0,0,0,0,1.000000,4.883142,1,864.000000,7.997000,,v0.4.1-interval-core
9565246043,9565238046,9565246043,9565246043,7.997000,0,0,0,0,2,multiscale+elgendi_like,1.000000,0.000000,0,0,0,0,1.000000,4.604208,1,836.002000,7.997000,,v0.4.1-interval-core
9566222043,9566214043,9566222043,9566222043,8.000000,0,0,0,0,2,multiscale+elgendi_like,1.000000,0.000000,0,0,0,0,1.000000,4.511045,1,844.002000,8.000000,,v0.4.1-interval-core
9567198043,9567198043,9567198043,9567198043,0.000000,0,0,0,0,2,multiscale+elgendi_like,1.000000,0.000000,0,0,0,0,1.000000,4.290233,1,852.002000,0.000000,,v0.4.1-interval-core
9568158043,9568150043,9568158043,9568158043,8.000000,0,0,0,0,2,multiscale+elgendi_like,1.000000,0.000000,0,0,0,0,1.000000,4.490654,1,856.004000,8.000000,,v0.4.1-interval-core
9569038043,9569038043,9569038043,9569038043,0.000000,0,0,0,0,2,multiscale+elgendi_like,1.000000,0.000000,0,0,0,0,1.000000,3.945230,1,856.004000,0.000000,,v0.4.1-interval-core
9569902043,9569902043,9569902043,9569902043,0.000000,0,0,0,0,2,multiscale+elgendi_like,1.000000,0.000000,0,0,0,0,1.000000,4.183714,1,856.004000,0.000000,,v0.4.1-interval-core
9570782043,9570774043,9570782043,9570782043,8.000000,0,0,0,0,2,multiscale+elgendi_like,1.000000,0.000000,0,0,0,0,1.000000,4.220632,1,856.004000,8.000000,,v0.4.1-interval-core
9571614043,9571614043,9571614043,9571614043,0.000000,0,0,0,0,2,multiscale+elgendi_like,1.000000,0.000000,0,0,0,0,1.000000,4.190707,1,856.004000,0.000000,,v0.4.1-interval-core
9572430043,9572430043,9572430043,9572430043,0.000000,0,0,0,0,2,multiscale+elgendi_like,1.000000,0.000000,0,0,0,0,1.000000,4.171929,1,856.004000,0.000000,,v0.4.1-interval-core
9573278043,9573278043,9573278043,9573278043,0.000000,0,0,0,0,2,multiscale+elgendi_like,1.000000,0.000000,0,0,0,0,1.000000,4.449201,1,856.004000,0.000000,,v0.4.1-interval-core
9574134047,9574134047,9574134047,9574134047,0.000000,0,0,0,0,2,multiscale+elgendi_like,1.000000,0.000000,0,0,0,0,1.000000,4.452728,1,848.000500,0.000000,,v0.4.1-interval-core
9574950043,9574950043,9574950043,9574950043,0.000000,0,0,0,0,2,multiscale+elgendi_like,1.000000,0.000000,0,0,0,0,1.000000,4.181710,1,848.000000,0.000000,,v0.4.1-interval-core
9575790044,9575790044,9575790044,9575790044,0.000000,0,0,0,0,2,multiscale+elgendi_like,1.000000,0.000000,0,0,0,0,1.000000,4.424549,1,840.001000,0.000000,,v0.4.1-interval-core
9576630043,9576630043,9576630043,9576630043,0.000000,0,0,0,0,2,multiscale+elgendi_like,1.000000,0.000000,0,0,0,0,1.000000,4.328746,1,839.999000,0.000000,,v0.4.1-interval-core
9577414043,9577414043,9577414043,9577414043,0.000000,0,0,0,0,2,multiscale+elgendi_like,1.000000,0.000000,0,0,0,0,1.000000,4.165792,1,839.999000,0.000000,,v0.4.1-interval-core
9578262044,9578262044,9578262044,9578262044,0.000000,0,0,0,0,2,multiscale+elgendi_like,1.000000,0.000000,0,0,0,0,1.000000,4.690780,1,839.999000,0.000000,,v0.4.1-interval-core
9579102043,9579102043,9579102043,9579102043,0.000000,0,0,0,0,2,multiscale+elgendi_like,1.000000,0.000000,0,0,0,0,1.000000,4.438867,1,839.999000,0.000000,,v0.4.1-interval-core
9579926043,9579918044,9579926043,9579926043,7.999000,0,0,0,0,2,multiscale+elgendi_like,1.000000,0.000000,0,0,0,0,1.000000,4.078174,1,839.999000,7.999000,,v0.4.1-interval-core
9580726047,9580726047,9580726047,9580726047,0.000000,0,0,0,0,2,multiscale+elgendi_like,1.000000,0.000000,0,0,0,0,1.000000,4.247248,1,839.999000,0.000000,,v0.4.1-interval-core
9581566043,9581566043,9581566043,9581566043,0.000000,0,0,0,0,2,multiscale+elgendi_like,1.000000,0.000000,0,0,0,0,1.000000,4.295832,1,839.999000,0.000000,,v0.4.1-interval-core
9582374045,9582366046,9582374045,9582374045,7.999000,0,0,0,0,2,multiscale+elgendi_like,1.000000,0.000000,0,0,0,0,1.000000,3.906271,1,839.999500,7.999000,,v0.4.1-interval-core
9583166043,9583166043,9583166043,9583166043,0.000000,0,0,0,0,2,multiscale+elgendi_like,1.000000,0.000000,0,0,0,0,1.000000,3.987307,1,840.000000,0.000000,,v0.4.1-interval-core
9584014044,9584014044,9584014044,9584014044,0.000000,0,0,0,0,2,multiscale+elgendi_like,1.000000,0.000000,0,0,0,0,1.000000,4.372523,1,844.000500,0.000000,,v0.4.1-interval-core
9584870043,9584870043,9584870043,9584870043,0.000000,0,0,0,0,2,multiscale+elgendi_like,1.000000,0.000000,0,0,0,0,1.000000,4.306531,1,844.001000,0.000000,,v0.4.1-interval-core
9585750045,9585750045,9585750045,9585750045,0.000000,0,0,0,0,2,multiscale+elgendi_like,1.000000,0.000000,0,0,0,0,1.000000,4.253302,1,844.001000,0.000000,,v0.4.1-interval-core
9586582046,9586582046,9586582046,9586582046,0.000000,0,0,0,0,2,multiscale+elgendi_like,1.000000,0.000000,0,0,0,0,1.000000,3.619723,1,848.001000,0.000000,,v0.4.1-interval-core
9587430047,9587430047,9587430047,9587430047,0.000000,0,0,0,0,2,multiscale+elgendi_like,1.000000,0.000000,0,0,0,0,1.000000,4.079110,1,848.001000,0.000000,,v0.4.1-interval-core
9588310046,9588310046,9588310046,9588310046,0.000000,0,0,0,0,2,multiscale+elgendi_like,1.000000,0.000000,0,0,0,0,1.000000,4.449227,1,852.000000,0.000000,,v0.4.1-interval-core
9589206043,9589206043,9589206043,9589206043,0.000000,0,0,0,0,2,multiscale+elgendi_like,1.000000,0.000000,0,0,0,0,1.000000,4.344070,1,855.999500,0.000000,,v0.4.1-interval-core
9590134046,9590126043,9590134046,9590134046,8.003000,0,0,0,0,2,multiscale+elgendi_like,1.000000,0.000000,0,0,0,0,1.000000,4.266244,1,855.999500,8.003000,,v0.4.1-interval-core
9591030043,9591030043,9591030043,9591030043,0.000000,0,0,0,0,2,multiscale+elgendi_like,1.000000,0.000000,0,0,0,0,1.000000,4.077423,1,856.000000,0.000000,,v0.4.1-interval-core
9591934043,9591934043,9591934043,9591934043,0.000000,0,0,0,0,2,multiscale+elgendi_like,1.000000,0.000000,0,0,0,0,1.000000,4.477005,1,856.000000,0.000000,,v0.4.1-interval-core
9592822043,9592822043,9592822043,9592822043,0.000000,0,0,0,0,2,multiscale+elgendi_like,1.000000,0.000000,0,0,0,0,1.000000,4.298724,1,856.000000,0.000000,,v0.4.1-interval-core
9593694043,9593694043,9593694043,9593694043,0.000000,0,0,0,0,2,multiscale+elgendi_like,1.000000,0.000000,0,0,0,0,1.000000,4.479492,1,863.997000,0.000000,,v0.4.1-interval-core
9594590043,9594582047,9594590043,9594590043,7.996000,0,0,0,0,2,multiscale+elgendi_like,1.000000,0.000000,0,0,0,0,1.000000,4.731563,1,872.000000,7.996000,,v0.4.1-interval-core
9595446043,9595446043,9595446043,9595446043,0.000000,0,0,0,0,2,multiscale+elgendi_like,1.000000,0.000000,0,0,0,0,1.000000,4.518351,1,872.000000,0.000000,,v0.4.1-interval-core
9596318043,9596310046,9596318043,9596318043,7.997000,0,0,0,0,2,multiscale+elgendi_like,1.000000,0.000000,0,0,0,0,1.000000,4.572653,1,872.000000,7.997000,,v0.4.1-interval-core
9597142043,9597142043,9597142043,9597142043,0.000000,0,0,0,0,2,multiscale+elgendi_like,1.000000,0.000000,0,0,0,0,1.000000,4.143469,1,872.000000,0.000000,,v0.4.1-interval-core
9597990043,9597990043,9597990043,9597990043,0.000000,0,0,0,0,2,multiscale+elgendi_like,1.000000,0.000000,0,0,0,0,1.000000,4.473152,1,872.000000,0.000000,,v0.4.1-interval-core
9598846043,9598846043,9598846043,9598846043,0.000000,0,0,0,0,2,multiscale+elgendi_like,1.000000,0.000000,0,0,0,0,1.000000,4.518062,1,872.000000,0.000000,,v0.4.1-interval-core
9599686046,9599686046,9599686046,9599686046,0.000000,0,0,0,0,2,multiscale+elgendi_like,1.000000,0.000000,0,0,0,0,1.000000,4.232700,1,863.998000,0.000000,,v0.4.1-interval-core
9600550043,9600542043,9600550043,9600550043,8.000000,0,0,0,0,2,multiscale+elgendi_like,1.000000,0.000000,0,0,0,0,1.000000,4.652947,1,863.997000,8.000000,,v0.4.1-interval-core
9601438045,9601430043,9601438045,9601438045,8.002000,0,0,0,0,2,multiscale+elgendi_like,1.000000,0.000000,0,0,0,0,1.000000,4.676247,1,856.000000,8.002000,,v0.4.1-interval-core
9602278045,9602270044,9602278045,9602278045,8.001000,0,0,0,0,2,multiscale+elgendi_like,1.000000,0.000000,0,0,0,0,1.000000,4.266447,1,856.000000,8.001000,,v0.4.1-interval-core
9603182045,9603174043,9603182045,9603182045,8.002000,0,0,0,0,2,multiscale+elgendi_like,1.000000,0.000000,0,0,0,0,1.000000,4.882477,1,856.000000,8.002000,,v0.4.1-interval-core
9604046043,9604038043,9604046043,9604046043,8.000000,0,0,0,0,2,multiscale+elgendi_like,1.000000,0.000000,0,0,0,0,1.000000,4.464344,1,856.000000,8.000000,,v0.4.1-interval-core
9604838046,9604838046,9604838046,9604838046,0.000000,0,0,0,0,2,multiscale+elgendi_like,1.000000,0.000000,0,0,0,0,1.000000,4.099348,1,855.996000,0.000000,,v0.4.1-interval-core
9605646044,9605646044,9605646044,9605646044,0.000000,0,0,0,0,2,multiscale+elgendi_like,1.000000,0.000000,0,0,0,0,1.000000,4.617997,1,848.000000,0.000000,,v0.4.1-interval-core
9606470046,9606462045,9606470046,9606470046,8.001000,0,0,0,0,2,multiscale+elgendi_like,1.000000,0.000000,0,0,0,0,1.000000,4.472182,1,840.003000,8.001000,,v0.4.1-interval-core
9607270043,9607262043,9607270043,9607270043,8.000000,0,0,0,0,2,multiscale+elgendi_like,1.000000,0.000000,0,0,0,0,1.000000,4.315825,1,840.000000,8.000000,,v0.4.1-interval-core
9608126043,9608126043,9608126043,9608126043,0.000000,0,0,0,0,2,multiscale+elgendi_like,1.000000,0.000000,0,0,0,0,1.000000,4.724631,1,840.000000,0.000000,,v0.4.1-interval-core
9608982043,9608974043,9608982043,9608982043,8.000000,0,0,0,0,2,multiscale+elgendi_like,1.000000,0.000000,0,0,0,0,1.000000,4.442937,1,840.000000,8.000000,,v0.4.1-interval-core
9609806043,9609806043,9609806043,9609806043,0.000000,0,0,0,0,2,multiscale+elgendi_like,1.000000,0.000000,0,0,0,0,1.000000,4.165205,1,832.002000,0.000000,,v0.4.1-interval-core
9610630047,9610630047,9610630047,9610630047,0.000000,0,0,0,0,2,multiscale+elgendi_like,1.000000,0.000000,0,0,0,0,1.000000,4.280565,1,832.002000,0.000000,,v0.4.1-interval-core
9611486043,9611478043,9611486043,9611486043,8.000000,0,0,0,0,2,multiscale+elgendi_like,1.000000,0.000000,0,0,0,0,1.000000,4.543310,1,824.003000,8.000000,,v0.4.1-interval-core
9612278047,9612278047,9612278047,9612278047,0.000000,0,0,0,0,2,multiscale+elgendi_like,1.000000,0.000000,0,0,0,0,1.000000,4.118277,1,824.003000,0.000000,,v0.4.1-interval-core
9613054046,9613054046,9613054046,9613054046,0.000000,0,0,0,0,2,multiscale+elgendi_like,1.000000,0.000000,0,0,0,0,1.000000,4.259139,1,824.003000,0.000000,,v0.4.1-interval-core
9613862043,9613854043,9613862043,9613862043,8.000000,0,0,0,0,2,multiscale+elgendi_like,1.000000,0.000000,0,0,0,0,1.000000,4.359975,1,824.001000,8.000000,,v0.4.1-interval-core
9614702043,9614702043,9614702043,9614702043,0.000000,0,0,0,0,2,multiscale+elgendi_like,1.000000,0.000000,0,0,0,0,1.000000,4.551033,1,824.000000,0.000000,,v0.4.1-interval-core
9615526043,9615526043,9615526043,9615526043,0.000000,0,0,0,0,2,multiscale+elgendi_like,1.000000,0.000000,0,0,0,0,1.000000,4.197313,1,820.000000,0.000000,,v0.4.1-interval-core
9616334043,9616334043,9616334043,9616334043,0.000000,0,0,0,0,2,multiscale+elgendi_like,1.000000,0.000000,0,0,0,0,1.000000,4.285205,1,824.000000,0.000000,,v0.4.1-interval-core
9617198043,9617190047,9617198043,9617198043,7.996000,0,0,0,0,2,multiscale+elgendi_like,1.000000,0.000000,0,0,0,0,1.000000,4.459860,1,824.000000,7.996000,,v0.4.1-interval-core
9618062045,9618054043,9618062045,9618062045,8.002000,0,0,0,0,2,multiscale+elgendi_like,1.000000,0.000000,0,0,0,0,1.000000,4.264265,1,824.000000,8.002000,,v0.4.1-interval-core
9618870044,9618870044,9618870044,9618870044,0.000000,0,0,0,0,2,multiscale+elgendi_like,1.000000,0.000000,0,0,0,0,1.000000,4.063318,1,824.002000,0.000000,,v0.4.1-interval-core
9619734047,9619734047,9619734047,9619734047,0.000000,0,0,0,0,2,multiscale+elgendi_like,1.000000,0.000000,0,0,0,0,1.000000,4.290283,1,824.002000,0.000000,,v0.4.1-interval-core
9620518043,9620518043,9620518043,9620518043,0.000000,0,0,0,0,2,multiscale+elgendi_like,1.000000,0.000000,0,0,0,0,1.000000,3.586446,1,828.002000,0.000000,,v0.4.1-interval-core
9621318047,9621310043,9621318047,9621318047,8.004000,0,0,0,0,2,multiscale+elgendi_like,1.000000,0.000000,0,0,0,0,1.000000,4.312805,1,832.002000,8.004000,,v0.4.1-interval-core
9622126043,9622126043,9622126043,9622126043,0.000000,0,0,0,0,2,multiscale+elgendi_like,1.000000,0.000000,0,0,0,0,1.000000,4.237242,1,840.000000,0.000000,,v0.4.1-interval-core
9622974044,9622974044,9622974044,9622974044,0.000000,0,0,0,0,2,multiscale+elgendi_like,1.000000,0.000000,0,0,0,0,1.000000,4.220908,1,840.000000,0.000000,,v0.4.1-interval-core
9623782047,9623774046,9623782047,9623782047,8.001000,0,0,0,0,2,multiscale+elgendi_like,1.000000,0.000000,0,0,0,0,1.000000,3.908557,1,848.001000,8.001000,,v0.4.1-interval-core
9624670044,9624670044,9624670044,9624670044,0.000000,0,0,0,0,2,multiscale+elgendi_like,1.000000,0.000000,0,0,0,0,1.000000,4.513536,1,864.000000,0.000000,,v0.4.1-interval-core
9625598043,9625598043,9625598043,9625598043,0.000000,0,0,0,0,2,multiscale+elgendi_like,1.000000,0.000000,0,0,0,0,1.000000,4.451703,1,864.000000,0.000000,,v0.4.1-interval-core
9626566043,9626558043,9626566043,9626566043,8.000000,0,0,0,0,2,multiscale+elgendi_like,1.000000,0.000000,0,0,0,0,1.000000,4.390418,1,864.001000,8.000000,,v0.4.1-interval-core
9627534045,9627534045,9627534045,9627534045,0.000000,0,0,0,0,2,multiscale+elgendi_like,1.000000,0.000000,0,0,0,0,1.000000,4.573798,1,864.000000,0.000000,,v0.4.1-interval-core
9628590043,9628590043,9628590043,9628590043,0.000000,0,0,0,0,2,multiscale+elgendi_like,1.000000,0.000000,0,0,0,0,1.000000,4.902806,1,856.002000,0.000000,,v0.4.1-interval-core
9629630043,9629630043,9629630043,9629630043,0.000000,0,0,0,0,2,multiscale+elgendi_like,1.000000,0.000000,0,0,0,0,1.000000,4.357924,1,856.002000,0.000000,,v0.4.1-interval-core
9630550046,9630550046,9630550046,9630550046,0.000000,0,0,0,0,2,multiscale+elgendi_like,1.000000,0.000000,0,0,0,0,1.000000,4.000880,1,864.003000,0.000000,,v0.4.1-interval-core
9631446043,9631446043,9631446043,9631446043,0.000000,0,0,0,0,2,multiscale+elgendi_like,1.000000,0.000000,0,0,0,0,1.000000,4.119747,1,887.997000,0.000000,,v0.4.1-interval-core
9632278047,9632278047,9632278047,9632278047,0.000000,0,0,0,0,2,multiscale+elgendi_like,1.000000,0.000000,0,0,0,0,1.000000,3.600282,1,895.997000,0.000000,,v0.4.1-interval-core
9633070047,9633070047,9633070047,9633070047,0.000000,0,0,0,0,2,multiscale+elgendi_like,1.000000,0.000000,0,0,0,0,1.000000,3.861871,1,919.999000,0.000000,,v0.4.1-interval-core
9633878043,9633878043,9633878043,9633878043,0.000000,0,0,0,0,2,multiscale+elgendi_like,1.000000,0.000000,0,0,0,0,1.000000,3.988431,1,912.004000,0.000000,,v0.4.1-interval-core
9634702043,9634702043,9634702043,9634702043,0.000000,0,0,0,0,2,multiscale+elgendi_like,1.000000,0.000000,0,0,0,0,1.000000,4.033083,1,912.004000,0.000000,,v0.4.1-interval-core
9635558045,9635558045,9635558045,9635558045,0.000000,0,0,0,0,2,multiscale+elgendi_like,1.000000,0.000000,0,0,0,0,1.000000,4.244667,1,912.004000,0.000000,,v0.4.1-interval-core
9636486043,9636486043,9636486043,9636486043,0.000000,0,0,0,0,2,multiscale+elgendi_like,1.000000,0.000000,0,0,0,0,1.000000,4.721433,1,904.000500,0.000000,,v0.4.1-interval-core
9637446046,9637446046,9637446046,9637446046,0.000000,0,0,0,0,2,multiscale+elgendi_like,1.000000,0.000000,0,0,0,0,1.000000,4.563088,1,895.997000,0.000000,,v0.4.1-interval-core
9638366045,9638366045,9638366045,9638366045,0.000000,0,0,0,0,2,multiscale+elgendi_like,1.000000,0.000000,0,0,0,0,1.000000,4.229042,1,832.004000,0.000000,,v0.4.1-interval-core
9639326043,9639326043,9639326043,9639326043,0.000000,0,0,0,0,2,multiscale+elgendi_like,1.000000,0.000000,0,0,0,0,1.000000,4.524352,1,824.000000,0.000000,,v0.4.1-interval-core
9640238047,9640238047,9640238047,9640238047,0.000000,0,0,0,0,2,multiscale+elgendi_like,1.000000,0.000000,0,0,0,0,1.000000,4.021820,1,823.998000,0.000000,,v0.4.1-interval-core
9641062043,9641062043,9641062043,9641062043,0.000000,0,0,0,0,2,multiscale+elgendi_like,1.000000,0.000000,0,0,0,0,1.000000,3.786901,1,823.998000,0.000000,,v0.4.1-interval-core
9641838043,9641838043,9641838043,9641838043,0.000000,0,0,0,0,2,multiscale+elgendi_like,1.000000,0.000000,0,0,0,0,1.000000,3.821987,1,823.998000,0.000000,,v0.4.1-interval-core
9642590045,9642590045,9642590045,9642590045,0.000000,0,0,0,0,2,multiscale+elgendi_like,1.000000,0.000000,0,0,0,0,1.000000,4.035180,1,823.998000,0.000000,,v0.4.1-interval-core
9643294044,9643294044,9643294044,9643294044,0.000000,0,0,0,0,2,multiscale+elgendi_like,1.000000,0.000000,0,0,0,0,1.000000,3.864474,1,823.998000,0.000000,,v0.4.1-interval-core
9643990043,9644318043,9643990043,9643990043,-328.000000,0,0,0,0,2,multiscale+elgendi_like,1.000000,0.000000,0,0,0,0,1.000000,4.362050,1,823.998000,328.000000,,v0.4.1-interval-core
9644718043,9645006043,9644718043,9644718043,-288.000000,0,0,0,0,2,multiscale+elgendi_like,1.000000,0.000000,0,0,0,0,1.000000,4.608789,1,827.998500,288.000000,,v0.4.1-interval-core
9645510043,0,9645510043,9645510043,0.000000,1,0,0,0,2,multiscale+elgendi_like,1.000000,0.000000,0,0,1,0,1.000000,4.897988,1,839.998500,0.000000,,v0.4.1-interval-core
9646286043,9646278043,9646286043,9646286043,8.000000,0,0,0,0,2,multiscale+elgendi_like,1.000000,0.000000,0,0,0,0,1.000000,4.614083,1,852.001000,8.000000,,v0.4.1-interval-core
9647086047,9647078047,9647086047,9647086047,8.000000,0,0,0,0,2,multiscale+elgendi_like,1.000000,0.000000,0,0,0,0,1.000000,4.895335,1,839.998500,8.000000,,v0.4.1-interval-core
9647918044,9647910046,9647918044,9647918044,7.998000,0,0,0,0,2,multiscale+elgendi_like,1.000000,0.000000,0,0,0,0,1.000000,4.962678,1,827.996500,7.998000,,v0.4.1-interval-core
9648766044,9648766044,9648766044,9648766044,0.000000,0,0,0,0,2,multiscale+elgendi_like,1.000000,0.000000,0,0,0,0,1.000000,4.910798,1,819.997000,0.000000,,v0.4.1-interval-core
9649678043,9649678043,9649678043,9649678043,0.000000,0,0,0,0,2,multiscale+elgendi_like,1.000000,0.000000,0,0,0,0,1.000000,5.641343,1,808.001000,0.000000,,v0.4.1-interval-core
9650646046,9650638047,9650646046,9650646046,7.999000,0,0,0,0,2,multiscale+elgendi_like,1.000000,0.000000,0,0,0,0,1.000000,5.166573,1,792.003000,7.999000,,v0.4.1-interval-core
9651518045,9651518045,9651518045,9651518045,0.000000,0,0,0,0,2,multiscale+elgendi_like,1.000000,0.000000,0,0,0,0,1.000000,4.913590,1,792.000000,0.000000,,v0.4.1-interval-core
9652414043,9652406043,9652414043,9652414043,8.000000,0,0,0,0,2,multiscale+elgendi_like,1.000000,0.000000,0,0,0,0,1.000000,5.228649,1,776.000000,8.000000,,v0.4.1-interval-core
9653310045,9653310045,9653310045,9653310045,0.000000,0,0,0,0,2,multiscale+elgendi_like,1.000000,0.000000,0,0,0,0,1.000000,5.101713,1,776.000000,0.000000,,v0.4.1-interval-core
9654126043,9654126043,9654126043,9654126043,0.000000,0,0,0,0,2,multiscale+elgendi_like,1.000000,0.000000,0,0,0,0,1.000000,4.439470,1,792.000000,0.000000,,v0.4.1-interval-core
9654918046,9654910044,9654918046,9654918046,8.002000,0,0,0,0,2,multiscale+elgendi_like,1.000000,0.000000,0,0,0,0,1.000000,4.904194,1,792.003000,8.002000,,v0.4.1-interval-core
9655638043,0,9655638043,9655638043,0.000000,1,0,0,0,2,multiscale+elgendi_like,1.000000,0.000000,0,0,1,0,1.000000,4.190188,1,799.997000,0.000000,,v0.4.1-interval-core
9656342044,9656334043,9656342044,9656342044,8.001000,0,0,0,0,2,multiscale+elgendi_like,1.000000,0.000000,0,0,0,0,1.000000,4.475645,1,800.003000,8.001000,,v0.4.1-interval-core
9657094043,9657094043,9657094043,9657094043,0.000000,0,0,0,0,2,multiscale+elgendi_like,1.000000,0.000000,0,0,0,0,1.000000,4.665261,1,800.003000,0.000000,,v0.4.1-interval-core
9657830043,9657830043,9657830043,9657830043,0.000000,0,0,0,0,2,multiscale+elgendi_like,1.000000,0.000000,0,0,0,0,1.000000,4.582132,1,800.003000,0.000000,,v0.4.1-interval-core
9658598046,9658590045,9658598046,9658598046,8.001000,0,0,0,0,2,multiscale+elgendi_like,1.000000,0.000000,0,0,0,0,1.000000,4.794074,1,799.997000,8.001000,,v0.4.1-interval-core
9659374043,9659374043,9659374043,9659374043,0.000000,0,0,0,0,2,multiscale+elgendi_like,1.000000,0.000000,0,0,0,0,1.000000,4.733933,1,792.003000,0.000000,,v0.4.1-interval-core
9660118047,9660110044,9660118047,9660118047,8.003000,0,0,0,0,2,multiscale+elgendi_like,1.000000,0.000000,0,0,0,0,1.000000,4.776561,1,783.996000,8.003000,,v0.4.1-interval-core
9660942043,9660942043,9660942043,9660942043,0.000000,0,0,0,0,2,multiscale+elgendi_like,1.000000,0.000000,0,0,0,0,1.000000,5.106267,1,783.996000,0.000000,,v0.4.1-interval-core
9661742046,9661742046,9661742046,9661742046,0.000000,0,0,0,0,2,multiscale+elgendi_like,1.000000,0.000000,0,0,0,0,1.000000,5.087075,1,783.996000,0.000000,,v0.4.1-interval-core
9662542043,9662542043,9662542043,9662542043,0.000000,0,0,0,0,2,multiscale+elgendi_like,1.000000,0.000000,0,0,0,0,1.000000,5.434721,1,783.996000,0.000000,,v0.4.1-interval-core
9663350043,9663350043,9663350043,9663350043,0.000000,0,0,0,0,2,multiscale+elgendi_like,1.000000,0.000000,0,0,0,0,1.000000,5.401032,1,783.996000,0.000000,,v0.4.1-interval-core
9664102043,9664102043,9664102043,9664102043,0.000000,0,0,0,0,2,multiscale+elgendi_like,1.000000,0.000000,0,0,0,0,1.000000,4.724594,1,783.996000,0.000000,,v0.4.1-interval-core
9664878043,9665214047,9664878043,9664878043,-336.004000,0,0,0,0,2,multiscale+elgendi_like,1.000000,0.000000,0,0,0,0,1.000000,5.044997,1,783.996000,336.004000,,v0.4.1-interval-core
9665654046,0,9665654046,9665654046,0.000000,1,0,0,0,2,multiscale+elgendi_like,1.000000,0.000000,0,0,1,0,1.000000,4.819239,1,783.996000,0.000000,,v0.4.1-interval-core
9666390047,0,9666390047,9666390047,0.000000,1,0,0,0,2,multiscale+elgendi_like,1.000000,0.000000,0,0,1,0,1.000000,4.298074,1,783.996000,0.000000,,v0.4.1-interval-core
9667174043,9667174043,9667174043,9667174043,0.000000,0,0,0,0,2,multiscale+elgendi_like,1.000000,0.000000,0,0,0,0,1.000000,4.975993,1,799.997000,0.000000,,v0.4.1-interval-core
9667990043,9668326047,9667990043,9667990043,-336.004000,0,0,0,0,2,multiscale+elgendi_like,1.000000,0.000000,0,0,0,0,1.000000,4.973740,1,800.003000,336.004000,,v0.4.1-interval-core
9668806043,9669134043,9668806043,9668806043,-328.000000,0,0,0,0,2,multiscale+elgendi_like,1.000000,0.000000,0,0,0,0,1.000000,4.945691,1,808.000000,328.000000,,v0.4.1-interval-core
9669678043,9669678043,9669678043,9669678043,0.000000,0,0,0,0,2,multiscale+elgendi_like,1.000000,0.000000,0,0,0,0,1.000000,5.312281,1,816.000000,0.000000,,v0.4.1-interval-core
9670622043,9670622043,9670622043,9670622043,0.000000,0,0,0,0,2,multiscale+elgendi_like,1.000000,0.000000,0,0,0,0,1.000000,5.362352,1,819.998000,0.000000,,v0.4.1-interval-core
9671518043,9671518043,9671518043,9671518043,0.000000,0,0,0,0,2,multiscale+elgendi_like,1.000000,0.000000,0,0,0,0,1.000000,4.855158,1,831.998000,0.000000,,v0.4.1-interval-core
9672438047,9672438047,9672438047,9672438047,0.000000,0,0,0,0,2,multiscale+elgendi_like,1.000000,0.000000,0,0,0,0,1.000000,4.937889,1,836.001000,0.000000,,v0.4.1-interval-core
9673414046,9673414046,9673414046,9673414046,0.000000,0,0,0,0,2,multiscale+elgendi_like,1.000000,0.000000,0,0,0,0,1.000000,5.066473,1,832.000000,0.000000,,v0.4.1-interval-core
9674342043,9674342043,9674342043,9674342043,0.000000,0,0,0,0,2,multiscale+elgendi_like,1.000000,0.000000,0,0,0,0,1.000000,4.846992,1,832.000000,0.000000,,v0.4.1-interval-core
9675310047,9675310047,9675310047,9675310047,0.000000,0,0,0,0,2,multiscale+elgendi_like,1.000000,0.000000,0,0,0,0,1.000000,5.166786,1,840.000000,0.000000,,v0.4.1-interval-core
9676166043,9676166043,9676166043,9676166043,0.000000,0,0,0,0,2,multiscale+elgendi_like,1.000000,0.000000,0,0,0,0,1.000000,4.335276,1,855.996000,0.000000,,v0.4.1-interval-core
9677006043,0,9677006043,9677006043,0.000000,1,0,0,0,2,multiscale+elgendi_like,1.000000,0.000000,0,0,1,0,1.000000,4.729545,1,856.000000,0.000000,,v0.4.1-interval-core
9677862043,9677862043,9677862043,9677862043,0.000000,0,0,0,0,2,multiscale+elgendi_like,1.000000,0.000000,0,0,0,0,1.000000,4.760453,1,872.000000,0.000000,,v0.4.1-interval-core
9678694045,0,9678694045,9678694045,0.000000,1,0,0,0,2,multiscale+elgendi_like,1.000000,0.000000,0,0,1,0,1.000000,4.477441,1,884.000000,0.000000,,v0.4.1-interval-core
9679526043,0,9679526043,9679526043,0.000000,1,0,0,0,2,multiscale+elgendi_like,1.000000,0.000000,0,0,1,0,1.000000,4.638567,1,896.000000,0.000000,,v0.4.1-interval-core
9680326045,9680326045,9680326045,9680326045,0.000000,0,0,0,0,2,multiscale+elgendi_like,1.000000,0.000000,0,0,0,0,1.000000,4.220124,1,908.002000,0.000000,,v0.4.1-interval-core
9681150043,9681150043,9681150043,9681150043,0.000000,0,0,0,0,2,multiscale+elgendi_like,1.000000,0.000000,0,0,0,0,1.000000,4.518077,1,924.000500,0.000000,,v0.4.1-interval-core
9682046043,9682366043,9682046043,9682046043,-320.000000,0,0,0,0,2,multiscale+elgendi_like,1.000000,0.000000,0,0,0,0,1.000000,4.782592,1,920.001000,320.000000,,v0.4.1-interval-core
9683062043,9683062043,9683062043,9683062043,0.000000,0,0,0,0,2,multiscale+elgendi_like,1.000000,0.000000,0,0,0,0,1.000000,4.891632,1,920.001000,0.000000,,v0.4.1-interval-core
9684046046,9684038047,9684046046,9684046046,7.999000,0,0,0,0,2,multiscale+elgendi_like,1.000000,0.000000,0,0,0,0,1.000000,4.933583,1,911.999000,7.999000,,v0.4.1-interval-core
9685070047,9685070047,9685070047,9685070047,0.000000,0,0,0,0,2,multiscale+elgendi_like,1.000000,0.000000,0,0,0,0,1.000000,4.995640,1,908.000500,0.000000,,v0.4.1-interval-core
9686078045,9686070043,9686078045,9686078045,8.002000,0,0,0,0,2,multiscale+elgendi_like,1.000000,0.000000,0,0,0,0,1.000000,4.748575,1,911.998000,8.002000,,v0.4.1-interval-core
9687054044,0,9687054044,9687054044,0.000000,1,0,0,0,2,multiscale+elgendi_like,1.000000,0.000000,0,0,1,0,1.000000,4.831914,1,908.000500,0.000000,,v0.4.1-interval-core
9687998045,9687998045,9687998045,9687998045,0.000000,0,0,0,0,2,multiscale+elgendi_like,1.000000,0.000000,0,0,0,0,1.000000,4.671022,1,911.999500,0.000000,,v0.4.1-interval-core
9688918043,9688918043,9688918043,9688918043,0.000000,0,0,0,0,2,multiscale+elgendi_like,1.000000,0.000000,0,0,0,0,1.000000,4.694125,1,915.999500,0.000000,,v0.4.1-interval-core
9689822043,9689822043,9689822043,9689822043,0.000000,0,0,0,0,2,multiscale+elgendi_like,1.000000,0.000000,0,0,0,0,1.000000,4.755921,1,919.998000,0.000000,,v0.4.1-interval-core
9690678043,9690678043,9690678043,9690678043,0.000000,0,0,0,0,2,multiscale+elgendi_like,1.000000,0.000000,0,0,0,0,1.000000,4.338390,1,919.999000,0.000000,,v0.4.1-interval-core
9691590044,9691590044,9691590044,9691590044,0.000000,0,0,0,0,2,multiscale+elgendi_like,1.000000,0.000000,0,0,0,0,1.000000,4.814947,1,919.998500,0.000000,,v0.4.1-interval-core
9692518045,9692518045,9692518045,9692518045,0.000000,0,0,0,0,2,multiscale+elgendi_like,1.000000,0.000000,0,0,0,0,1.000000,4.467322,1,919.998500,0.000000,,v0.4.1-interval-core
9693430043,9693430043,9693430043,9693430043,0.000000,0,0,0,0,2,multiscale+elgendi_like,1.000000,0.000000,0,0,0,0,1.000000,4.435943,1,919.998500,0.000000,,v0.4.1-interval-core
9694382045,9694382045,9694382045,9694382045,0.000000,0,0,0,0,2,multiscale+elgendi_like,1.000000,0.000000,0,0,0,0,1.000000,4.561823,1,915.999500,0.000000,,v0.4.1-interval-core
9695286044,9695278047,9695286044,9695286044,7.997000,0,0,0,0,2,multiscale+elgendi_like,1.000000,0.000000,0,0,0,0,1.000000,4.309143,1,911.999500,7.997000,,v0.4.1-interval-core
9696222045,9696222045,9696222045,9696222045,0.000000,0,0,0,0,2,multiscale+elgendi_like,1.000000,0.000000,0,0,0,0,1.000000,4.594169,1,907.999000,0.000000,,v0.4.1-interval-core
9697142044,9697134044,9697142044,9697142044,8.000000,0,0,0,0,2,multiscale+elgendi_like,1.000000,0.000000,0,0,0,0,1.000000,4.856490,1,903.999500,8.000000,,v0.4.1-interval-core
9697998043,9697998043,9697998043,9697998043,0.000000,0,0,0,0,2,multiscale+elgendi_like,1.000000,0.000000,0,0,0,0,1.000000,4.831448,1,899.999500,0.000000,,v0.4.1-interval-core
9698862043,9698862043,9698862043,9698862043,0.000000,0,0,0,0,2,multiscale+elgendi_like,1.000000,0.000000,0,0,0,0,1.000000,4.773030,1,880.000000,0.000000,,v0.4.1-interval-core
9699678043,9699678043,9699678043,9699678043,0.000000,0,0,0,0,2,multiscale+elgendi_like,1.000000,0.000000,0,0,0,0,1.000000,4.579458,1,896.000000,0.000000,,v0.4.1-interval-core
9700430046,9700430046,9700430046,9700430046,0.000000,0,0,0,0,2,multiscale+elgendi_like,1.000000,0.000000,0,0,0,0,1.000000,4.197363,1,896.000000,0.000000,,v0.4.1-interval-core
9701222046,0,9701222046,9701222046,0.000000,1,0,0,0,2,multiscale+elgendi_like,1.000000,0.000000,0,0,1,0,1.000000,4.307971,1,896.000000,0.000000,,v0.4.1-interval-core
9701998043,0,9701998043,9701998043,0.000000,1,0,0,0,2,multiscale+elgendi_like,1.000000,0.000000,0,0,1,0,1.000000,4.226748,1,903.999000,0.000000,,v0.4.1-interval-core
9702798043,9702798043,9702798043,9702798043,0.000000,0,0,0,0,2,multiscale+elgendi_like,1.000000,0.000000,0,0,0,0,1.000000,4.721768,1,899.999500,0.000000,,v0.4.1-interval-core
9703654043,9703654043,9703654043,9703654043,0.000000,0,0,0,0,2,multiscale+elgendi_like,1.000000,0.000000,0,0,0,0,1.000000,4.824451,1,899.999500,0.000000,,v0.4.1-interval-core
9704550043,9704550043,9704550043,9704550043,0.000000,0,0,0,0,2,multiscale+elgendi_like,1.000000,0.000000,0,0,0,0,1.000000,4.800010,1,896.000000,0.000000,,v0.4.1-interval-core
9705406043,9705406043,9705406043,9705406043,0.000000,0,0,0,0,2,multiscale+elgendi_like,1.000000,0.000000,0,0,0,0,1.000000,4.651869,1,892.000000,0.000000,,v0.4.1-interval-core
9706318043,0,9706318043,9706318043,0.000000,1,0,0,0,2,multiscale+elgendi_like,1.000000,0.000000,0,0,1,0,1.000000,4.825913,1,892.000000,0.000000,,v0.4.1-interval-core
9707286047,0,9707286047,9707286047,0.000000,1,0,0,0,2,multiscale+elgendi_like,1.000000,0.000000,0,0,1,0,1.000000,4.954785,1,892.000000,0.000000,,v0.4.1-interval-core
9708206043,0,9708206043,9708206043,0.000000,1,0,0,0,2,multiscale+elgendi_like,1.000000,0.000000,0,0,1,0,1.000000,4.485414,1,892.000000,0.000000,,v0.4.1-interval-core
9709150045,9709150045,9709150045,9709150045,0.000000,0,0,0,0,2,multiscale+elgendi_like,1.000000,0.000000,0,0,0,0,1.000000,4.818235,1,900.000000,0.000000,,v0.4.1-interval-core
9710110043,9710110043,9710110043,9710110043,0.000000,0,0,0,0,2,multiscale+elgendi_like,1.000000,0.000000,0,0,0,0,1.000000,4.646208,1,908.000000,0.000000,,v0.4.1-interval-core
9710998043,9710998043,9710998043,9710998043,0.000000,0,0,0,0,2,multiscale+elgendi_like,1.000000,0.000000,0,0,0,0,1.000000,4.501997,1,912.000000,0.000000,,v0.4.1-interval-core
9711910043,9711902043,9711910043,9711910043,8.000000,0,0,0,0,2,multiscale+elgendi_like,1.000000,0.000000,0,0,0,0,1.000000,4.547553,1,912.000000,8.000000,,v0.4.1-interval-core
9712854043,9712854043,9712854043,9712854043,0.000000,0,0,0,0,2,multiscale+elgendi_like,1.000000,0.000000,0,0,0,0,1.000000,4.393355,1,915.998000,0.000000,,v0.4.1-interval-core
9713766043,9713766043,9713766043,9713766043,0.000000,0,0,0,0,2,multiscale+elgendi_like,1.000000,0.000000,0,0,0,0,1.000000,4.116532,1,927.998000,0.000000,,v0.4.1-interval-core
9714670043,9714670043,9714670043,9714670043,0.000000,0,0,0,0,2,multiscale+elgendi_like,1.000000,0.000000,0,0,0,0,1.000000,4.331752,1,939.999500,0.000000,,v0.4.1-interval-core
9715638043,9715638043,9715638043,9715638043,0.000000,0,0,0,0,2,multiscale+elgendi_like,1.000000,0.000000,0,0,0,0,1.000000,4.572840,1,943.999000,0.000000,,v0.4.1-interval-core
9716582043,9716582043,9716582043,9716582043,0.000000,0,0,0,0,2,multiscale+elgendi_like,1.000000,0.000000,0,0,0,0,1.000000,4.346020,1,944.000000,0.000000,,v0.4.1-interval-core
9717534046,9717526044,9717534046,9717534046,8.002000,0,0,0,0,2,multiscale+elgendi_like,1.000000,0.000000,0,0,0,0,1.000000,4.567886,1,944.000000,8.002000,,v0.4.1-interval-core
9718510043,9718510043,9718510043,9718510043,0.000000,0,0,0,0,2,multiscale+elgendi_like,1.000000,0.000000,0,0,0,0,1.000000,4.581336,1,944.000000,0.000000,,v0.4.1-interval-core
9719454045,9719446043,9719454045,9719454045,8.002000,0,0,0,0,2,multiscale+elgendi_like,1.000000,0.000000,0,0,0,0,1.000000,4.223979,1,944.000000,8.002000,,v0.4.1-interval-core
9720390045,9720390045,9720390045,9720390045,0.000000,0,0,0,0,2,multiscale+elgendi_like,1.000000,0.000000,0,0,0,0,1.000000,4.414394,1,943.999000,0.000000,,v0.4.1-interval-core
9721334044,9721334044,9721334044,9721334044,0.000000,0,0,0,0,2,multiscale+elgendi_like,1.000000,0.000000,0,0,0,0,1.000000,4.284456,1,936.001000,0.000000,,v0.4.1-interval-core
9722214046,9722214046,9722214046,9722214046,0.000000,0,0,0,0,2,multiscale+elgendi_like,1.000000,0.000000,0,0,0,0,1.000000,4.061377,1,936.001000,0.000000,,v0.4.1-interval-core
9723182046,9723182046,9723182046,9723182046,0.000000,0,0,0,0,2,multiscale+elgendi_like,1.000000,0.000000,0,0,0,0,1.000000,4.459500,1,936.001000,0.000000,,v0.4.1-interval-core
9724214044,9724206045,9724214044,9724214044,7.999000,0,0,0,0,2,multiscale+elgendi_like,1.000000,0.000000,0,0,0,0,1.000000,4.554304,1,932.000000,7.999000,,v0.4.1-interval-core
9725142044,9725142044,9725142044,9725142044,0.000000,0,0,0,0,2,multiscale+elgendi_like,1.000000,0.000000,0,0,0,0,1.000000,4.280624,1,932.000000,0.000000,,v0.4.1-interval-core
9726078046,9726078046,9726078046,9726078046,0.000000,0,0,0,0,2,multiscale+elgendi_like,1.000000,0.000000,0,0,0,0,1.000000,4.515668,1,936.001000,0.000000,,v0.4.1-interval-core
9726950043,9726950043,9726950043,9726950043,0.000000,0,0,0,0,2,multiscale+elgendi_like,1.000000,0.000000,0,0,0,0,1.000000,3.912734,1,936.001000,0.000000,,v0.4.1-interval-core
9727742043,9727742043,9727742043,9727742043,0.000000,0,0,0,0,2,multiscale+elgendi_like,1.000000,0.000000,0,0,0,0,1.000000,4.144740,1,932.000000,0.000000,,v0.4.1-interval-core
9728574043,9728574043,9728574043,9728574043,0.000000,0,0,0,0,2,multiscale+elgendi_like,1.000000,0.000000,0,0,0,0,1.000000,4.649925,1,904.001000,0.000000,,v0.4.1-interval-core
9729390046,9729382043,9729390046,9729390046,8.003000,0,0,0,0,2,multiscale+elgendi_like,1.000000,0.000000,0,0,0,0,1.000000,4.324110,1,884.003000,8.003000,,v0.4.1-interval-core
9730198043,9730566043,9730198043,9730198043,-368.000000,0,0,0,0,2,multiscale+elgendi_like,1.000000,0.000000,0,0,0,0,1.000000,4.499308,1,880.002000,368.000000,,v0.4.1-interval-core
9731070045,9731446046,9731070045,9731070045,-376.001000,0,0,0,0,2,multiscale+elgendi_like,1.000000,0.000000,0,0,0,0,1.000000,4.538045,1,880.000000,376.001000,,v0.4.1-interval-core
9731910043,9732286046,9731910043,9731910043,-376.003000,0,0,0,0,2,multiscale+elgendi_like,1.000000,0.000000,0,0,0,0,1.000000,4.403759,1,872.001000,376.003000,,v0.4.1-interval-core
9732854043,9732854043,9732854043,9732854043,0.000000,0,0,0,0,2,multiscale+elgendi_like,1.000000,0.000000,0,0,0,0,1.000000,4.927127,1,872.001000,0.000000,,v0.4.1-interval-core
9733822046,9733822046,9733822046,9733822046,0.000000,0,0,0,0,2,multiscale+elgendi_like,1.000000,0.000000,0,0,0,0,1.000000,4.886358,1,872.001000,0.000000,,v0.4.1-interval-core
9734670046,9734670046,9734670046,9734670046,0.000000,0,0,0,0,2,multiscale+elgendi_like,1.000000,0.000000,0,0,0,0,1.000000,4.210099,1,871.997000,0.000000,,v0.4.1-interval-core
9735542043,9735542043,9735542043,9735542043,0.000000,0,0,0,0,2,multiscale+elgendi_like,1.000000,0.000000,0,0,0,0,1.000000,4.967993,1,871.997000,0.000000,,v0.4.1-interval-core
9736422046,9736422046,9736422046,9736422046,0.000000,0,0,0,0,2,multiscale+elgendi_like,1.000000,0.000000,0,0,0,0,1.000000,4.939213,1,848.000000,0.000000,,v0.4.1-interval-core
9737262043,9737262043,9737262043,9737262043,0.000000,0,0,0,0,2,multiscale+elgendi_like,1.000000,0.000000,0,0,0,0,1.000000,4.961815,1,848.000000,0.000000,,v0.4.1-interval-core
9738134044,9738134044,9738134044,9738134044,0.000000,0,0,0,0,2,multiscale+elgendi_like,1.000000,0.000000,0,0,0,0,1.000000,5.110708,1,848.000000,0.000000,,v0.4.1-interval-core
9738966044,9738966044,9738966044,9738966044,0.000000,0,0,0,0,2,multiscale+elgendi_like,1.000000,0.000000,0,0,0,0,1.000000,4.725026,1,848.000000,0.000000,,v0.4.1-interval-core
9739870043,9739870043,9739870043,9739870043,0.000000,0,0,0,0,2,multiscale+elgendi_like,1.000000,0.000000,0,0,0,0,1.000000,5.306727,1,848.000000,0.000000,,v0.4.1-interval-core
9740750043,9740750043,9740750043,9740750043,0.000000,0,0,0,0,2,multiscale+elgendi_like,1.000000,0.000000,0,0,0,0,1.000000,4.711828,1,848.000000,0.000000,,v0.4.1-interval-core
9741598043,9741598043,9741598043,9741598043,0.000000,0,0,0,0,2,multiscale+elgendi_like,1.000000,0.000000,0,0,0,0,1.000000,4.537522,1,848.000000,0.000000,,v0.4.1-interval-core
9742446043,9742446043,9742446043,9742446043,0.000000,0,0,0,0,2,multiscale+elgendi_like,1.000000,0.000000,0,0,0,0,1.000000,4.998356,1,843.999000,0.000000,,v0.4.1-interval-core
9743246043,9743246043,9743246043,9743246043,0.000000,0,0,0,0,2,multiscale+elgendi_like,1.000000,0.000000,0,0,0,0,1.000000,4.476686,1,848.000000,0.000000,,v0.4.1-interval-core
9744006043,9744006043,9744006043,9744006043,0.000000,0,0,0,0,2,multiscale+elgendi_like,1.000000,0.000000,0,0,0,0,1.000000,4.517325,1,848.000000,0.000000,,v0.4.1-interval-core
9744806043,9744806043,9744806043,9744806043,0.000000,0,0,0,0,2,multiscale+elgendi_like,1.000000,0.000000,0,0,0,0,1.000000,5.023516,1,848.000000,0.000000,,v0.4.1-interval-core
9745574043,0,9745574043,9745574043,0.000000,1,0,0,0,2,multiscale+elgendi_like,1.000000,0.000000,0,0,1,0,1.000000,4.884060,1,843.999500,0.000000,,v0.4.1-interval-core
9746358045,9746678043,9746358045,9746358045,-319.998000,0,0,0,0,2,multiscale+elgendi_like,1.000000,0.000000,0,0,0,0,1.000000,5.440106,1,843.999500,319.998000,,v0.4.1-interval-core
9747190047,9747494046,9747190047,9747190047,-303.999000,0,0,0,0,2,multiscale+elgendi_like,1.000000,0.000000,0,0,0,0,1.000000,5.542255,1,843.999500,303.999000,,v0.4.1-interval-core
9748046046,9748342046,9748046046,9748046046,-296.000000,0,0,0,0,2,multiscale+elgendi_like,1.000000,0.000000,0,0,0,0,1.000000,5.659384,1,843.999500,296.000000,,v0.4.1-interval-core
9748854047,9749150045,9748854047,9748854047,-295.998000,0,0,0,0,2,multiscale+elgendi_like,1.000000,0.000000,0,0,0,0,1.000000,5.185937,1,843.999500,295.998000,,v0.4.1-interval-core
9749686045,9749998046,9749686045,9749686045,-312.001000,0,0,0,0,2,multiscale+elgendi_like,1.000000,0.000000,0,0,0,0,1.000000,5.723226,1,840.000500,312.001000,,v0.4.1-interval-core
9750550045,9750854043,9750550045,9750550045,-303.998000,0,0,0,0,2,multiscale+elgendi_like,1.000000,0.000000,0,0,0,0,1.000000,5.455861,1,844.000000,303.998000,,v0.4.1-interval-core
9751406045,9751782043,9751406045,9751406045,-375.998000,0,0,0,0,2,multiscale+elgendi_like,1.000000,0.000000,0,0,0,0,1.000000,5.129657,1,844.000000,375.998000,,v0.4.1-interval-core
9752246044,9752246044,9752246044,9752246044,0.000000,0,0,0,0,2,multiscale+elgendi_like,1.000000,0.000000,0,0,0,0,1.000000,5.220812,1,844.000000,0.000000,,v0.4.1-interval-core
9753150043,9753150043,9753150043,9753150043,0.000000,0,0,0,0,2,multiscale+elgendi_like,1.000000,0.000000,0,0,0,0,1.000000,5.332684,1,844.000000,0.000000,,v0.4.1-interval-core
9754014043,9754014043,9754014043,9754014043,0.000000,0,0,0,0,2,multiscale+elgendi_like,1.000000,0.000000,0,0,0,0,1.000000,4.838435,1,843.999500,0.000000,,v0.4.1-interval-core
9754910043,9754902046,9754910043,9754910043,7.997000,0,0,0,0,2,multiscale+elgendi_like,1.000000,0.000000,0,0,0,0,1.000000,5.081990,1,844.000000,7.997000,,v0.4.1-interval-core
9755742043,9755742043,9755742043,9755742043,0.000000,0,0,0,0,2,multiscale+elgendi_like,1.000000,0.000000,0,0,0,0,1.000000,4.888852,1,847.997500,0.000000,,v0.4.1-interval-core
9756582045,9756582045,9756582045,9756582045,0.000000,0,0,0,0,2,multiscale+elgendi_like,1.000000,0.000000,0,0,0,0,1.000000,5.078593,1,847.998000,0.000000,,v0.4.1-interval-core
9757430043,9757430043,9757430043,9757430043,0.000000,0,0,0,0,2,multiscale+elgendi_like,1.000000,0.000000,0,0,0,0,1.000000,5.076349,1,847.998000,0.000000,,v0.4.1-interval-core
9758286043,9758286043,9758286043,9758286043,0.000000,0,0,0,0,2,multiscale+elgendi_like,1.000000,0.000000,0,0,0,0,1.000000,5.451129,1,855.999000,0.000000,,v0.4.1-interval-core
9759174043,9759166043,9759174043,9759174043,8.000000,0,0,0,0,2,multiscale+elgendi_like,1.000000,0.000000,0,0,0,0,1.000000,5.434954,1,856.000000,8.000000,,v0.4.1-interval-core
9760030046,9760030046,9760030046,9760030046,0.000000,0,0,0,0,2,multiscale+elgendi_like,1.000000,0.000000,0,0,0,0,1.000000,5.177226,1,856.000000,0.000000,,v0.4.1-interval-core
9760878043,9760870043,9760878043,9760878043,8.000000,0,0,0,0,2,multiscale+elgendi_like,1.000000,0.000000,0,0,0,0,1.000000,4.768566,1,856.003000,8.000000,,v0.4.1-interval-core
9761718043,9761710044,9761718043,9761718043,7.999000,0,0,0,0,2,multiscale+elgendi_like,1.000000,0.000000,0,0,0,0,1.000000,5.166644,1,856.000000,7.999000,,v0.4.1-interval-core
9762582043,9762574043,9762582043,9762582043,8.000000,0,0,0,0,2,multiscale+elgendi_like,1.000000,0.000000,0,0,0,0,1.000000,5.452030,1,856.000000,8.000000,,v0.4.1-interval-core
9763406043,9763398047,9763406043,9763406043,7.996000,0,0,0,0,2,multiscale+elgendi_like,1.000000,0.000000,0,0,0,0,1.000000,4.927078,1,856.000000,7.996000,,v0.4.1-interval-core
9764246043,9764246043,9764246043,9764246043,0.000000,0,0,0,0,2,multiscale+elgendi_like,1.000000,0.000000,0,0,0,0,1.000000,5.202080,1,847.998000,0.000000,,v0.4.1-interval-core
9765118043,9765118043,9765118043,9765118043,0.000000,0,0,0,0,2,multiscale+elgendi_like,1.000000,0.000000,0,0,0,0,1.000000,4.871945,1,847.997000,0.000000,,v0.4.1-interval-core
9765982046,9765982046,9765982046,9765982046,0.000000,0,0,0,0,2,multiscale+elgendi_like,1.000000,0.000000,0,0,0,0,1.000000,5.139597,1,840.001000,0.000000,,v0.4.1-interval-core
9766886047,9766886047,9766886047,9766886047,0.000000,0,0,0,0,2,multiscale+elgendi_like,1.000000,0.000000,0,0,0,0,1.000000,5.437841,1,840.001000,0.000000,,v0.4.1-interval-core
9767766046,9767758043,9767766046,9767766046,8.003000,0,0,0,0,2,multiscale+elgendi_like,1.000000,0.000000,0,0,0,0,1.000000,5.011298,1,840.000000,8.003000,,v0.4.1-interval-core
9768582047,9768582047,9768582047,9768582047,0.000000,0,0,0,0,2,multiscale+elgendi_like,1.000000,0.000000,0,0,0,0,1.000000,4.941613,1,832.000000,0.000000,,v0.4.1-interval-core
9769406045,9769406045,9769406045,9769406045,0.000000,0,0,0,0,2,multiscale+elgendi_like,1.000000,0.000000,0,0,0,0,1.000000,5.449938,1,823.999000,0.000000,,v0.4.1-interval-core
9770198043,9770190043,9770198043,9770198043,8.000000,0,0,0,0,2,multiscale+elgendi_like,1.000000,0.000000,0,0,0,0,1.000000,5.078250,1,819.999500,8.000000,,v0.4.1-interval-core
9770942043,9770942043,9770942043,9770942043,0.000000,0,0,0,0,2,multiscale+elgendi_like,1.000000,0.000000,0,0,0,0,1.000000,4.182506,1,823.998000,0.000000,,v0.4.1-interval-core
9771678043,0,9771678043,9771678043,0.000000,1,0,0,0,2,multiscale+elgendi_like,1.000000,0.000000,0,0,1,0,1.000000,5.128906,1,823.998000,0.000000,,v0.4.1-interval-core
9772422043,0,9772422043,9772422043,0.000000,1,0,0,0,2,multiscale+elgendi_like,1.000000,0.000000,0,0,1,0,1.000000,4.942631,1,823.998000,0.000000,,v0.4.1-interval-core
9773110046,0,9773110046,9773110046,0.000000,1,0,0,0,2,multiscale+elgendi_like,1.000000,0.000000,0,0,1,0,1.000000,4.337127,1,819.999500,0.000000,,v0.4.1-interval-core
9773838043,9773838043,9773838043,9773838043,0.000000,0,0,0,0,2,multiscale+elgendi_like,1.000000,0.000000,0,0,0,0,1.000000,5.216661,1,819.999500,0.000000,,v0.4.1-interval-core
9774590043,9774590043,9774590043,9774590043,0.000000,0,0,0,0,2,multiscale+elgendi_like,1.000000,0.000000,0,0,0,0,1.000000,5.418213,1,819.999500,0.000000,,v0.4.1-interval-core
9775366047,9775366047,9775366047,9775366047,0.000000,0,0,0,0,2,multiscale+elgendi_like,1.000000,0.000000,0,0,0,0,1.000000,5.542383,1,819.999500,0.000000,,v0.4.1-interval-core
9776102043,9776102043,9776102043,9776102043,0.000000,0,0,0,0,2,multiscale+elgendi_like,1.000000,0.000000,0,0,0,0,1.000000,5.312124,1,819.999500,0.000000,,v0.4.1-interval-core
9776902043,9776902043,9776902043,9776902043,0.000000,0,0,0,0,2,multiscale+elgendi_like,1.000000,0.000000,0,0,0,0,1.000000,6.014513,1,816.001000,0.000000,,v0.4.1-interval-core
9777750046,9777742044,9777750046,9777750046,8.002000,0,0,0,0,2,multiscale+elgendi_like,1.000000,0.000000,0,0,0,0,1.000000,5.719465,1,819.999500,8.002000,,v0.4.1-interval-core
9778686043,9778686043,9778686043,9778686043,0.000000,0,0,0,0,2,multiscale+elgendi_like,1.000000,0.000000,0,0,0,0,1.000000,5.874232,1,819.999500,0.000000,,v0.4.1-interval-core
9779670043,0,9779670043,9779670043,0.000000,1,0,0,0,2,multiscale+elgendi_like,1.000000,0.000000,0,0,1,0,1.000000,5.495455,1,816.001000,0.000000,,v0.4.1-interval-core
9780670043,9780670043,9780670043,9780670043,0.000000,0,0,0,0,2,multiscale+elgendi_like,1.000000,0.000000,0,0,0,0,1.000000,5.730628,1,808.000500,0.000000,,v0.4.1-interval-core
9781654044,9781654044,9781654044,9781654044,0.000000,0,0,0,0,2,multiscale+elgendi_like,1.000000,0.000000,0,0,0,0,1.000000,5.267251,1,808.000500,0.000000,,v0.4.1-interval-core
9782534047,9782534047,9782534047,9782534047,0.000000,0,0,0,0,2,multiscale+elgendi_like,1.000000,0.000000,0,0,0,0,1.000000,4.681917,1,800.001000,0.000000,,v0.4.1-interval-core
9783430046,9783422047,9783430046,9783430046,7.999000,0,0,0,0,2,multiscale+elgendi_like,1.000000,0.000000,0,0,0,0,1.000000,5.132475,1,800.001000,7.999000,,v0.4.1-interval-core
9784278043,9784278043,9784278043,9784278043,0.000000,0,0,0,0,2,multiscale+elgendi_like,1.000000,0.000000,0,0,0,0,1.000000,5.302424,1,800.001000,0.000000,,v0.4.1-interval-core
9785102043,9785102043,9785102043,9785102043,0.000000,0,0,0,0,2,multiscale+elgendi_like,1.000000,0.000000,0,0,0,0,1.000000,5.220225,1,808.000500,0.000000,,v0.4.1-interval-core
9785918043,9785910044,9785918043,9785918043,7.999000,0,0,0,0,2,multiscale+elgendi_like,1.000000,0.000000,0,0,0,0,1.000000,5.063048,1,808.000500,7.999000,,v0.4.1-interval-core
9786742043,9786742043,9786742043,9786742043,0.000000,0,0,0,0,2,multiscale+elgendi_like,1.000000,0.000000,0,0,0,0,1.000000,5.311841,1,808.000500,0.000000,,v0.4.1-interval-core
9787542044,9787542044,9787542044,9787542044,0.000000,0,0,0,0,2,multiscale+elgendi_like,1.000000,0.000000,0,0,0,0,1.000000,4.544826,1,820.000000,0.000000,,v0.4.1-interval-core
9788294047,9788294047,9788294047,9788294047,0.000000,0,0,0,0,2,multiscale+elgendi_like,1.000000,0.000000,0,0,0,0,1.000000,4.701580,1,824.000000,0.000000,,v0.4.1-interval-core
9789030044,9789030044,9789030044,9789030044,0.000000,0,0,0,0,2,multiscale+elgendi_like,1.000000,0.000000,0,0,0,0,1.000000,4.837712,1,824.000000,0.000000,,v0.4.1-interval-core
9789750043,9789750043,9789750043,9789750043,0.000000,0,0,0,0,2,multiscale+elgendi_like,1.000000,0.000000,0,0,0,0,1.000000,5.200816,1,824.000000,0.000000,,v0.4.1-interval-core
9790470043,0,9790470043,9790470043,0.000000,1,0,0,0,2,multiscale+elgendi_like,1.000000,0.000000,0,0,1,0,1.000000,5.101693,1,824.000000,0.000000,,v0.4.1-interval-core
9791206043,9791502043,9791206043,9791206043,-296.000000,0,0,0,0,2,multiscale+elgendi_like,1.000000,0.000000,0,0,0,0,1.000000,5.058003,1,824.000000,296.000000,,v0.4.1-interval-core
9791966043,0,9791966043,9791966043,0.000000,1,0,0,0,2,multiscale+elgendi_like,1.000000,0.000000,0,0,1,0,1.000000,4.936994,1,824.000000,0.000000,,v0.4.1-interval-core
9792662043,9792662043,9792662043,9792662043,0.000000,0,0,0,0,2,multiscale+elgendi_like,1.000000,0.000000,0,0,0,0,1.000000,4.514054,1,824.000000,0.000000,,v0.4.1-interval-core
9793438043,9793438043,9793438043,9793438043,0.000000,0,0,0,0,2,multiscale+elgendi_like,1.000000,0.000000,0,0,0,0,1.000000,5.481616,1,824.000000,0.000000,,v0.4.1-interval-core
9794382043,0,9794382043,9794382043,0.000000,1,0,0,0,2,multiscale+elgendi_like,1.000000,0.000000,0,0,1,0,1.000000,6.365333,1,824.000000,0.000000,,v0.4.1-interval-core
9795374043,0,9795374043,9795374043,0.000000,1,0,0,0,2,multiscale+elgendi_like,1.000000,0.000000,0,0,1,0,1.000000,6.639862,1,824.000000,0.000000,,v0.4.1-interval-core
9796382043,0,9796382043,9796382043,0.000000,1,0,0,0,2,multiscale+elgendi_like,1.000000,0.000000,0,0,1,0,1.000000,6.180137,1,824.000000,0.000000,,v0.4.1-interval-core
9797374043,0,9797374043,9797374043,0.000000,1,0,0,0,2,multiscale+elgendi_like,1.000000,0.000000,0,0,1,0,1.000000,5.759414,1,843.997500,0.000000,,v0.4.1-interval-core
9798414043,9798406043,9798414043,9798414043,8.000000,0,0,0,0,2,multiscale+elgendi_like,1.000000,0.000000,0,0,0,0,1.000000,5.585669,1,847.998500,8.000000,,v0.4.1-interval-core
9799430047,9799430047,9799430047,9799430047,0.000000,0,0,0,0,2,multiscale+elgendi_like,1.000000,0.000000,0,0,0,0,1.000000,5.339101,1,863.998000,0.000000,,v0.4.1-interval-core
9800350043,9800350043,9800350043,9800350043,0.000000,0,0,0,0,2,multiscale+elgendi_like,1.000000,0.000000,0,0,0,0,1.000000,4.760170,1,864.003000,0.000000,,v0.4.1-interval-core
9801182047,9801182047,9801182047,9801182047,0.000000,0,0,0,0,2,multiscale+elgendi_like,1.000000,0.000000,0,0,0,0,1.000000,4.564624,1,888.000000,0.000000,,v0.4.1-interval-core
9802030043,9802350045,9802030043,9802030043,-320.002000,0,0,0,0,2,multiscale+elgendi_like,1.000000,0.000000,0,0,0,0,1.000000,4.942841,1,904.003000,320.002000,,v0.4.1-interval-core
9802894046,9803254043,9802894046,9802894046,-359.997000,0,0,0,0,2,multiscale+elgendi_like,1.000000,0.000000,0,0,0,0,1.000000,4.646068,1,908.000500,359.997000,,v0.4.1-interval-core
9803742047,9804062043,9803742047,9803742047,-319.996000,0,0,0,0,2,multiscale+elgendi_like,1.000000,0.000000,0,0,0,0,1.000000,4.780855,1,915.997000,319.996000,,v0.4.1-interval-core
9804606045,9804942045,9804606045,9804606045,-336.000000,0,0,0,0,2,multiscale+elgendi_like,1.000000,0.000000,0,0,0,0,1.000000,4.880070,1,935.999000,336.000000,,v0.4.1-interval-core
9805518043,0,9805518043,9805518043,0.000000,1,0,0,0,2,multiscale+elgendi_like,1.000000,0.000000,0,0,1,0,1.000000,4.794345,1,928.000000,0.000000,,v0.4.1-interval-core
9806406043,0,9806406043,9806406043,0.000000,1,0,0,0,2,multiscale+elgendi_like,1.000000,0.000000,0,0,1,0,1.000000,4.524767,1,919.996000,0.000000,,v0.4.1-interval-core
9807310046,9807310046,9807310046,9807310046,0.000000,0,0,0,0,2,multiscale+elgendi_like,1.000000,0.000000,0,0,0,0,1.000000,4.842260,1,919.996000,0.000000,,v0.4.1-interval-core
9808294046,9808654045,9808294046,9808294046,-359.999000,0,0,0,0,2,multiscale+elgendi_like,1.000000,0.000000,0,0,0,0,1.000000,4.855521,1,919.996000,359.999000,,v0.4.1-interval-core
9809286046,0,9809286046,9809286046,0.000000,1,0,0,0,2,multiscale+elgendi_like,1.000000,0.000000,0,0,1,0,1.000000,4.708571,1,915.998500,0.000000,,v0.4.1-interval-core
9810222045,9810222045,9810222045,9810222045,0.000000,0,0,0,0,2,multiscale+elgendi_like,1.000000,0.000000,0,0,0,0,1.000000,4.334266,1,915.998500,0.000000,,v0.4.1-interval-core
9811150045,9811150045,9811150045,9811150045,0.000000,0,0,0,0,2,multiscale+elgendi_like,1.000000,0.000000,0,0,0,0,1.000000,4.711851,1,915.998500,0.000000,,v0.4.1-interval-core
9812102043,9812102043,9812102043,9812102043,0.000000,0,0,0,0,2,multiscale+elgendi_like,1.000000,0.000000,0,0,0,0,1.000000,4.500260,1,916.000000,0.000000,,v0.4.1-interval-core
9813014044,9813006043,9813014044,9813014044,8.001000,0,0,0,0,2,multiscale+elgendi_like,1.000000,0.000000,0,0,0,0,1.000000,4.321724,1,920.002000,8.001000,,v0.4.1-interval-core
9813934043,9813934043,9813934043,9813934043,0.000000,0,0,0,0,2,multiscale+elgendi_like,1.000000,0.000000,0,0,0,0,1.000000,4.531813,1,924.000500,0.000000,,v0.4.1-interval-core
9814862043,9814862043,9814862043,9814862043,0.000000,0,0,0,0,2,multiscale+elgendi_like,1.000000,0.000000,0,0,0,0,1.000000,4.654919,1,928.000000,0.000000,,v0.4.1-interval-core
9815766043,9815766043,9815766043,9815766043,0.000000,0,0,0,0,2,multiscale+elgendi_like,1.000000,0.000000,0,0,0,0,1.000000,4.556041,1,928.000000,0.000000,,v0.4.1-interval-core
9816742043,9816742043,9816742043,9816742043,0.000000,0,0,0,0,2,multiscale+elgendi_like,1.000000,0.000000,0,0,0,0,1.000000,4.829691,1,928.000000,0.000000,,v0.4.1-interval-core
9817742044,9817742044,9817742044,9817742044,0.000000,0,0,0,0,2,multiscale+elgendi_like,1.000000,0.000000,0,0,0,0,1.000000,4.677043,1,928.000000,0.000000,,v0.4.1-interval-core
9818662046,9818662046,9818662046,9818662046,0.000000,0,0,0,0,2,multiscale+elgendi_like,1.000000,0.000000,0,0,0,0,1.000000,3.957274,1,928.000000,0.000000,,v0.4.1-interval-core
9819598044,9819598044,9819598044,9819598044,0.000000,0,0,0,0,2,multiscale+elgendi_like,1.000000,0.000000,0,0,0,0,1.000000,4.326629,1,927.999500,0.000000,,v0.4.1-interval-core
9820526043,9820526043,9820526043,9820526043,0.000000,0,0,0,0,2,multiscale+elgendi_like,1.000000,0.000000,0,0,0,0,1.000000,4.245537,1,924.000500,0.000000,,v0.4.1-interval-core
9821494047,9821494047,9821494047,9821494047,0.000000,0,0,0,0,2,multiscale+elgendi_like,1.000000,0.000000,0,0,0,0,1.000000,4.610389,1,920.000500,0.000000,,v0.4.1-interval-core
9822470045,9822470045,9822470045,9822470045,0.000000,0,0,0,0,2,multiscale+elgendi_like,1.000000,0.000000,0,0,0,0,1.000000,4.580674,1,916.000000,0.000000,,v0.4.1-interval-core
9823366043,9823366043,9823366043,9823366043,0.000000,0,0,0,0,2,multiscale+elgendi_like,1.000000,0.000000,0,0,0,0,1.000000,4.350473,1,904.000000,0.000000,,v0.4.1-interval-core
9824238043,9824238043,9824238043,9824238043,0.000000,0,0,0,0,2,multiscale+elgendi_like,1.000000,0.000000,0,0,0,0,1.000000,4.295557,1,895.998000,0.000000,,v0.4.1-interval-core
9825022043,9825022043,9825022043,9825022043,0.000000,0,0,0,0,2,multiscale+elgendi_like,1.000000,0.000000,0,0,0,0,1.000000,4.189607,1,888.000000,0.000000,,v0.4.1-interval-core
9825846043,9825846043,9825846043,9825846043,0.000000,0,0,0,0,2,multiscale+elgendi_like,1.000000,0.000000,0,0,0,0,1.000000,4.831373,1,880.002000,0.000000,,v0.4.1-interval-core
9826670043,9827030043,9826670043,9826670043,-360.000000,0,0,0,0,2,multiscale+elgendi_like,1.000000,0.000000,0,0,0,0,1.000000,4.578926,1,880.002000,360.000000,,v0.4.1-interval-core
9827486043,9827822045,9827486043,9827486043,-336.002000,0,0,0,0,2,multiscale+elgendi_like,1.000000,0.000000,0,0,0,0,1.000000,4.418933,1,880.000000,336.002000,,v0.4.1-interval-core
9828366045,9828702046,9828366045,9828366045,-336.001000,0,0,0,0,2,multiscale+elgendi_like,1.000000,0.000000,0,0,0,0,1.000000,4.728358,1,880.000000,336.001000,,v0.4.1-interval-core
9829182044,0,9829182044,9829182044,0.000000,1,0,0,0,2,multiscale+elgendi_like,1.000000,0.000000,0,0,1,0,1.000000,4.126463,1,880.000000,0.000000,,v0.4.1-interval-core
9829942044,9829934047,9829942044,9829942044,7.997000,0,0,0,0,2,multiscale+elgendi_like,1.000000,0.000000,0,0,0,0,1.000000,4.251230,1,872.000000,7.997000,,v0.4.1-interval-core
9830654045,9830654045,9830654045,9830654045,0.000000,0,0,0,0,2,multiscale+elgendi_like,1.000000,0.000000,0,0,0,0,1.000000,4.403328,1,856.000000,0.000000,,v0.4.1-interval-core
9831358043,9831358043,9831358043,9831358043,0.000000,0,0,0,0,2,multiscale+elgendi_like,1.000000,0.000000,0,0,0,0,1.000000,4.216631,1,864.000000,0.000000,,v0.4.1-interval-core
9832238043,9832230043,9832238043,9832238043,8.000000,0,0,0,0,2,multiscale+elgendi_like,1.000000,0.000000,0,0,0,0,1.000000,4.998811,1,864.000000,8.000000,,v0.4.1-interval-core
9833126043,9833118045,9833126043,9833126043,7.998000,0,0,0,0,2,multiscale+elgendi_like,1.000000,0.000000,0,0,0,0,1.000000,4.699284,1,864.000000,7.998000,,v0.4.1-interval-core
9833974043,9833974043,9833974043,9833974043,0.000000,0,0,0,0,2,multiscale+elgendi_like,1.000000,0.000000,0,0,0,0,1.000000,4.585059,1,852.000000,0.000000,,v0.4.1-interval-core
9834894043,9834894043,9834894043,9834894043,0.000000,0,0,0,0,2,multiscale+elgendi_like,1.000000,0.000000,0,0,0,0,1.000000,4.919378,1,844.000000,0.000000,,v0.4.1-interval-core
9835838043,9835838043,9835838043,9835838043,0.000000,0,0,0,0,2,multiscale+elgendi_like,1.000000,0.000000,0,0,0,0,1.000000,4.841594,1,832.002000,0.000000,,v0.4.1-interval-core
9836694043,9836694043,9836694043,9836694043,0.000000,0,0,0,0,2,multiscale+elgendi_like,1.000000,0.000000,0,0,0,0,1.000000,4.711020,1,832.002000,0.000000,,v0.4.1-interval-core
9837534043,9837526043,9837534043,9837534043,8.000000,0,0,0,0,2,multiscale+elgendi_like,1.000000,0.000000,0,0,0,0,1.000000,4.723927,1,844.000000,8.000000,,v0.4.1-interval-core
9838454047,9838454047,9838454047,9838454047,0.000000,0,0,0,0,2,multiscale+elgendi_like,1.000000,0.000000,0,0,0,0,1.000000,4.913264,1,844.000000,0.000000,,v0.4.1-interval-core
9839438043,9839438043,9839438043,9839438043,0.000000,0,0,0,0,2,multiscale+elgendi_like,1.000000,0.000000,0,0,0,0,1.000000,5.157985,1,848.000000,0.000000,,v0.4.1-interval-core
9840414043,9840414043,9840414043,9840414043,0.000000,0,0,0,0,2,multiscale+elgendi_like,1.000000,0.000000,0,0,0,0,1.000000,5.108861,1,848.000000,0.000000,,v0.4.1-interval-core
9841238047,9841238047,9841238047,9841238047,0.000000,0,0,0,0,2,multiscale+elgendi_like,1.000000,0.000000,0,0,0,0,1.000000,3.664472,1,868.000000,0.000000,,v0.4.1-interval-core
9842038047,9842038047,9842038047,9842038047,0.000000,0,0,0,0,2,multiscale+elgendi_like,1.000000,0.000000,0,0,0,0,1.000000,4.318187,1,884.000000,0.000000,,v0.4.1-interval-core
9842838045,9842838045,9842838045,9842838045,0.000000,0,0,0,0,2,multiscale+elgendi_like,1.000000,0.000000,0,0,0,0,1.000000,3.925921,1,904.000000,0.000000,,v0.4.1-interval-core
9843638043,9843638043,9843638043,9843638043,0.000000,0,0,0,0,2,multiscale+elgendi_like,1.000000,0.000000,0,0,0,0,1.000000,4.014903,1,920.002000,0.000000,,v0.4.1-interval-core
9844478043,9844478043,9844478043,9844478043,0.000000,0,0,0,0,2,multiscale+elgendi_like,1.000000,0.000000,0,0,0,0,1.000000,4.423753,1,924.000500,0.000000,,v0.4.1-interval-core
9845438043,9845438043,9845438043,9845438043,0.000000,0,0,0,0,2,multiscale+elgendi_like,1.000000,0.000000,0,0,0,0,1.000000,4.638444,1,928.002000,0.000000,,v0.4.1-interval-core
9846606043,9846598046,9846606043,9846606043,7.997000,0,0,0,0,2,multiscale+elgendi_like,1.000000,0.000000,0,0,0,0,1.000000,4.887520,1,932.002000,7.997000,,v0.4.1-interval-core
9847766043,9847766043,9847766043,9847766043,0.000000,0,0,0,0,2,multiscale+elgendi_like,1.000000,0.000000,0,0,0,0,1.000000,5.030412,1,928.001000,0.000000,,v0.4.1-interval-core
9848894043,9848886043,9848894043,9848894043,8.000000,0,0,0,0,2,multiscale+elgendi_like,1.000000,0.000000,0,0,0,0,1.000000,4.617781,1,944.003000,8.000000,,v0.4.1-interval-core
9849886043,9849886043,9849886043,9849886043,0.000000,0,0,0,0,2,multiscale+elgendi_like,1.000000,0.000000,0,0,0,0,1.000000,4.040028,1,944.003000,0.000000,,v0.4.1-interval-core
9850830046,9850830046,9850830046,9850830046,0.000000,0,0,0,0,2,multiscale+elgendi_like,1.000000,0.000000,0,0,0,0,1.000000,4.341841,1,943.999000,0.000000,,v0.4.1-interval-core
9851750047,9851742043,9851750047,9851750047,8.004000,0,0,0,0,2,multiscale+elgendi_like,1.000000,0.000000,0,0,0,0,1.000000,4.402417,1,943.999000,8.004000,,v0.4.1-interval-core
9852662046,9852662046,9852662046,9852662046,0.000000,0,0,0,0,2,multiscale+elgendi_like,1.000000,0.000000,0,0,0,0,1.000000,4.456667,1,944.003000,0.000000,,v0.4.1-interval-core
9853614043,9853614043,9853614043,9853614043,0.000000,0,0,0,0,2,multiscale+elgendi_like,1.000000,0.000000,0,0,0,0,1.000000,4.197245,1,944.003000,0.000000,,v0.4.1-interval-core
9854542044,9854542044,9854542044,9854542044,0.000000,0,0,0,0,2,multiscale+elgendi_like,1.000000,0.000000,0,0,0,0,1.000000,4.035532,1,944.003000,0.000000,,v0.4.1-interval-core
9855542047,9855542047,9855542047,9855542047,0.000000,0,0,0,0,2,multiscale+elgendi_like,1.000000,0.000000,0,0,0,0,1.000000,4.274348,1,944.003000,0.000000,,v0.4.1-interval-core
9856462044,9856462044,9856462044,9856462044,0.000000,0,0,0,0,2,multiscale+elgendi_like,1.000000,0.000000,0,0,0,0,1.000000,3.912103,1,943.999000,0.000000,,v0.4.1-interval-core
9857406043,9857398047,9857406043,9857406043,7.996000,0,0,0,0,2,multiscale+elgendi_like,1.000000,0.000000,0,0,0,0,1.000000,4.201153,1,928.001000,7.996000,,v0.4.1-interval-core
9858358046,9858358046,9858358046,9858358046,0.000000,0,0,0,0,2,multiscale+elgendi_like,1.000000,0.000000,0,0,0,0,1.000000,4.266293,1,924.001000,0.000000,,v0.4.1-interval-core
9859318046,9859318046,9859318046,9859318046,0.000000,0,0,0,0,2,multiscale+elgendi_like,1.000000,0.000000,0,0,0,0,1.000000,3.852402,1,919.999000,0.000000,,v0.4.1-interval-core
9860206044,9860198047,9860206044,9860206044,7.997000,0,0,0,0,2,multiscale+elgendi_like,1.000000,0.000000,0,0,0,0,1.000000,4.130924,1,915.998000,7.997000,,v0.4.1-interval-core
9861094043,9861094043,9861094043,9861094043,0.000000,0,0,0,0,2,multiscale+elgendi_like,1.000000,0.000000,0,0,0,0,1.000000,4.364746,1,908.000500,0.000000,,v0.4.1-interval-core
9861934044,9861934044,9861934044,9861934044,0.000000,0,0,0,0,2,multiscale+elgendi_like,1.000000,0.000000,0,0,0,0,1.000000,4.124360,1,900.000500,0.000000,,v0.4.1-interval-core
9862774045,9862774045,9862774045,9862774045,0.000000,0,0,0,0,2,multiscale+elgendi_like,1.000000,0.000000,0,0,0,0,1.000000,4.458220,1,891.999000,0.000000,,v0.4.1-interval-core
9863678047,9863678047,9863678047,9863678047,0.000000,0,0,0,0,2,multiscale+elgendi_like,1.000000,0.000000,0,0,0,0,1.000000,4.566923,1,887.998500,0.000000,,v0.4.1-interval-core
9864558046,9864558046,9864558046,9864558046,0.000000,0,0,0,0,2,multiscale+elgendi_like,1.000000,0.000000,0,0,0,0,1.000000,4.565742,1,879.999000,0.000000,,v0.4.1-interval-core
9865454045,9865454045,9865454045,9865454045,0.000000,0,0,0,0,2,multiscale+elgendi_like,1.000000,0.000000,0,0,0,0,1.000000,4.357677,1,867.998500,0.000000,,v0.4.1-interval-core
9866310043,9866310043,9866310043,9866310043,0.000000,0,0,0,0,2,multiscale+elgendi_like,1.000000,0.000000,0,0,0,0,1.000000,4.283081,1,859.997000,0.000000,,v0.4.1-interval-core
9867134046,9867134046,9867134046,9867134046,0.000000,0,0,0,0,2,multiscale+elgendi_like,1.000000,0.000000,0,0,0,0,1.000000,4.233748,1,855.998000,0.000000,,v0.4.1-interval-core
9867966043,9867966043,9867966043,9867966043,0.000000,0,0,0,0,2,multiscale+elgendi_like,1.000000,0.000000,0,0,0,0,1.000000,4.334613,1,855.998000,0.000000,,v0.4.1-interval-core
9868782046,9868774043,9868782046,9868782046,8.003000,0,0,0,0,2,multiscale+elgendi_like,1.000000,0.000000,0,0,0,0,1.000000,4.394313,1,855.998000,8.003000,,v0.4.1-interval-core
9869582045,9869582045,9869582045,9869582045,0.000000,0,0,0,0,2,multiscale+elgendi_like,1.000000,0.000000,0,0,0,0,1.000000,4.456722,1,855.998000,0.000000,,v0.4.1-interval-core
9870334047,0,9870334047,9870334047,0.000000,1,0,0,0,2,multiscale+elgendi_like,1.000000,0.000000,0,0,1,0,1.000000,3.990362,1,855.998000,0.000000,,v0.4.1-interval-core
9871078047,9871406044,9871078047,9871078047,-327.997000,0,0,0,0,2,multiscale+elgendi_like,1.000000,0.000000,0,0,0,0,1.000000,4.265188,1,859.997000,327.997000,,v0.4.1-interval-core
9871854043,9872182043,9871854043,9871854043,-328.000000,0,0,0,0,2,multiscale+elgendi_like,1.000000,0.000000,0,0,0,0,1.000000,4.658191,1,859.997000,328.000000,,v0.4.1-interval-core
9872670047,9873022044,9872670047,9872670047,-351.997000,0,0,0,0,2,multiscale+elgendi_like,1.000000,0.000000,0,0,0,0,1.000000,4.768321,1,844.001000,351.997000,,v0.4.1-interval-core
9873534043,9873894045,9873534043,9873534043,-360.002000,0,0,0,0,2,multiscale+elgendi_like,1.000000,0.000000,0,0,0,0,1.000000,4.838324,1,855.998500,360.002000,,v0.4.1-interval-core
9874446043,9874782043,9874446043,9874446043,-336.000000,0,0,0,0,2,multiscale+elgendi_like,1.000000,0.000000,0,0,0,0,1.000000,5.013209,1,855.998500,336.000000,,v0.4.1-interval-core
9875374045,9875374045,9875374045,9875374045,0.000000,0,0,0,0,2,multiscale+elgendi_like,1.000000,0.000000,0,0,0,0,1.000000,4.907932,1,851.998000,0.000000,,v0.4.1-interval-core
9876382045,9876382045,9876382045,9876382045,0.000000,0,0,0,0,2,multiscale+elgendi_like,1.000000,0.000000,0,0,0,0,1.000000,5.302193,1,839.999000,0.000000,,v0.4.1-interval-core
9877350047,9877350047,9877350047,9877350047,0.000000,0,0,0,0,2,multiscale+elgendi_like,1.000000,0.000000,0,0,0,0,1.000000,4.889039,1,839.999000,0.000000,,v0.4.1-interval-core
9878230044,9878222043,9878230044,9878230044,8.001000,0,0,0,0,2,multiscale+elgendi_like,1.000000,0.000000,0,0,0,0,1.000000,4.748806,1,847.999000,8.001000,,v0.4.1-interval-core
9879086043,9879078045,9879086043,9879086043,7.998000,0,0,0,0,2,multiscale+elgendi_like,1.000000,0.000000,0,0,0,0,1.000000,4.545447,1,855.999000,7.998000,,v0.4.1-interval-core
9879902046,9879902046,9879902046,9879902046,0.000000,0,0,0,0,2,multiscale+elgendi_like,1.000000,0.000000,0,0,0,0,1.000000,4.588397,1,856.002000,0.000000,,v0.4.1-interval-core
9880742045,9880742045,9880742045,9880742045,0.000000,0,0,0,0,2,multiscale+elgendi_like,1.000000,0.000000,0,0,0,0,1.000000,4.839420,1,863.996000,0.000000,,v0.4.1-interval-core
9881598047,9881590043,9881598047,9881598047,8.004000,0,0,0,0,2,multiscale+elgendi_like,1.000000,0.000000,0,0,0,0,1.000000,4.851820,1,864.000000,8.004000,,v0.4.1-interval-core
9882446046,9882446046,9882446046,9882446046,0.000000,0,0,0,0,2,multiscale+elgendi_like,1.000000,0.000000,0,0,0,0,1.000000,4.464469,1,879.997000,0.000000,,v0.4.1-interval-core
9883262043,9883262043,9883262043,9883262043,0.000000,0,0,0,0,2,multiscale+elgendi_like,1.000000,0.000000,0,0,0,0,1.000000,4.240999,1,895.998500,0.000000,,v0.4.1-interval-core
9884126047,9884126047,9884126047,9884126047,0.000000,0,0,0,0,2,multiscale+elgendi_like,1.000000,0.000000,0,0,0,0,1.000000,4.552380,1,900.001500,0.000000,,v0.4.1-interval-core
9885046044,9885038043,9885046044,9885046044,8.001000,0,0,0,0,2,multiscale+elgendi_like,1.000000,0.000000,0,0,0,0,1.000000,4.628211,1,900.001500,8.001000,,v0.4.1-interval-core
9886038045,9886030043,9886038045,9886038045,8.002000,0,0,0,0,2,multiscale+elgendi_like,1.000000,0.000000,0,0,0,0,1.000000,4.725969,1,880.002000,8.002000,,v0.4.1-interval-core
9887014044,9887014044,9887014044,9887014044,0.000000,0,0,0,0,2,multiscale+elgendi_like,1.000000,0.000000,0,0,0,0,1.000000,4.365330,1,879.997000,0.000000,,v0.4.1-interval-core
9887926044,9887926044,9887926044,9887926044,0.000000,0,0,0,0,2,multiscale+elgendi_like,1.000000,0.000000,0,0,0,0,1.000000,4.526676,1,864.004000,0.000000,,v0.4.1-interval-core
9888838044,9888838044,9888838044,9888838044,0.000000,0,0,0,0,2,multiscale+elgendi_like,1.000000,0.000000,0,0,0,0,1.000000,4.603576,1,864.001000,0.000000,,v0.4.1-interval-core
9889766043,9889766043,9889766043,9889766043,0.000000,0,0,0,0,2,multiscale+elgendi_like,1.000000,0.000000,0,0,0,0,1.000000,4.606297,1,856.002000,0.000000,,v0.4.1-interval-core
9890654046,9890654046,9890654046,9890654046,0.000000,0,0,0,0,2,multiscale+elgendi_like,1.000000,0.000000,0,0,0,0,1.000000,4.075358,1,856.002000,0.000000,,v0.4.1-interval-core
9891510044,9891510044,9891510044,9891510044,0.000000,0,0,0,0,2,multiscale+elgendi_like,1.000000,0.000000,0,0,0,0,1.000000,4.342532,1,856.002000,0.000000,,v0.4.1-interval-core
9892390046,9892390046,9892390046,9892390046,0.000000,0,0,0,0,2,multiscale+elgendi_like,1.000000,0.000000,0,0,0,0,1.000000,4.503847,1,856.002000,0.000000,,v0.4.1-interval-core
9893230043,9893230043,9893230043,9893230043,0.000000,0,0,0,0,2,multiscale+elgendi_like,1.000000,0.000000,0,0,0,0,1.000000,4.019199,1,856.003000,0.000000,,v0.4.1-interval-core
9894086043,9894086043,9894086043,9894086043,0.000000,0,0,0,0,2,multiscale+elgendi_like,1.000000,0.000000,0,0,0,0,1.000000,4.483452,1,864.001000,0.000000,,v0.4.1-interval-core
9894950044,9894950044,9894950044,9894950044,0.000000,0,0,0,0,2,multiscale+elgendi_like,1.000000,0.000000,0,0,0,0,1.000000,4.451868,1,864.004000,0.000000,,v0.4.1-interval-core
9895766043,9895766043,9895766043,9895766043,0.000000,0,0,0,0,2,multiscale+elgendi_like,1.000000,0.000000,0,0,0,0,1.000000,3.903993,1,872.004000,0.000000,,v0.4.1-interval-core
9896582043,9896574043,9896582043,9896582043,8.000000,0,0,0,0,2,multiscale+elgendi_like,1.000000,0.000000,0,0,0,0,1.000000,4.133554,1,872.004000,8.000000,,v0.4.1-interval-core
9897422046,9897422046,9897422046,9897422046,0.000000,0,0,0,0,2,multiscale+elgendi_like,1.000000,0.000000,0,0,0,0,1.000000,4.390686,1,871.998000,0.000000,,v0.4.1-interval-core
9898270043,9898270043,9898270043,9898270043,0.000000,0,0,0,0,2,multiscale+elgendi_like,1.000000,0.000000,0,0,0,0,1.000000,4.432039,1,872.001000,0.000000,,v0.4.1-interval-core
9899118047,9899118047,9899118047,9899118047,0.000000,0,0,0,0,2,multiscale+elgendi_like,1.000000,0.000000,0,0,0,0,1.000000,4.376307,1,864.001000,0.000000,,v0.4.1-interval-core
9899958043,9899958043,9899958043,9899958043,0.000000,0,0,0,0,2,multiscale+elgendi_like,1.000000,0.000000,0,0,0,0,1.000000,4.582144,1,856.000000,0.000000,,v0.4.1-interval-core
9900830047,9900830047,9900830047,9900830047,0.000000,0,0,0,0,2,multiscale+elgendi_like,1.000000,0.000000,0,0,0,0,1.000000,4.878848,1,855.998000,0.000000,,v0.4.1-interval-core
9901718043,9901718043,9901718043,9901718043,0.000000,0,0,0,0,2,multiscale+elgendi_like,1.000000,0.000000,0,0,0,0,1.000000,4.860454,1,848.004000,0.000000,,v0.4.1-interval-core
9902670047,9902670047,9902670047,9902670047,0.000000,0,0,0,0,2,multiscale+elgendi_like,1.000000,0.000000,0,0,0,0,1.000000,4.916406,1,847.997000,0.000000,,v0.4.1-interval-core
9903550047,9903542045,9903550047,9903550047,8.002000,0,0,0,0,2,multiscale+elgendi_like,1.000000,0.000000,0,0,0,0,1.000000,4.443083,1,847.997000,8.002000,,v0.4.1-interval-core
9904438046,9904438046,9904438046,9904438046,0.000000,0,0,0,0,2,multiscale+elgendi_like,1.000000,0.000000,0,0,0,0,1.000000,4.695114,1,844.000000,0.000000,,v0.4.1-interval-core
9905310047,9905302047,9905310047,9905310047,8.000000,0,0,0,0,2,multiscale+elgendi_like,1.000000,0.000000,0,0,0,0,1.000000,4.150316,1,839.999500,8.000000,,v0.4.1-interval-core
9906126043,9906126043,9906126043,9906126043,0.000000,0,0,0,0,2,multiscale+elgendi_like,1.000000,0.000000,0,0,0,0,1.000000,4.485798,1,831.998000,0.000000,,v0.4.1-interval-core
9906950043,9906950043,9906950043,9906950043,0.000000,0,0,0,0,2,multiscale+elgendi_like,1.000000,0.000000,0,0,0,0,1.000000,4.652186,1,831.998000,0.000000,,v0.4.1-interval-core
9907774043,9907774043,9907774043,9907774043,0.000000,0,0,0,0,2,multiscale+elgendi_like,1.000000,0.000000,0,0,0,0,1.000000,4.570053,1,831.998000,0.000000,,v0.4.1-interval-core
9908542043,9908542043,9908542043,9908542043,0.000000,0,0,0,0,2,multiscale+elgendi_like,1.000000,0.000000,0,0,0,0,1.000000,3.937145,1,824.000000,0.000000,,v0.4.1-interval-core
9909278043,9909278043,9909278043,9909278043,0.000000,0,0,0,0,2,multiscale+elgendi_like,1.000000,0.000000,0,0,0,0,1.000000,4.376909,1,824.000000,0.000000,,v0.4.1-interval-core
9910126043,9910118043,9910126043,9910126043,8.000000,0,0,0,0,2,multiscale+elgendi_like,1.000000,0.000000,0,0,0,0,1.000000,4.580519,1,824.000000,8.000000,,v0.4.1-interval-core
9910934043,9910934043,9910934043,9910934043,0.000000,0,0,0,0,2,multiscale+elgendi_like,1.000000,0.000000,0,0,0,0,1.000000,4.463722,1,824.000000,0.000000,,v0.4.1-interval-core
9911686044,9911998047,9911686044,9911686044,-312.003000,0,0,0,0,2,multiscale+elgendi_like,1.000000,0.000000,0,0,0,0,1.000000,4.471348,1,824.000000,312.003000,,v0.4.1-interval-core
9912414043,9912718044,9912414043,9912414043,-304.001000,0,0,0,0,2,multiscale+elgendi_like,1.000000,0.000000,0,0,0,0,1.000000,4.600322,1,824.000000,304.001000,,v0.4.1-interval-core
9913126046,0,9913126046,9913126046,0.000000,1,0,0,0,2,multiscale+elgendi_like,1.000000,0.000000,0,0,1,0,1.000000,4.414120,1,824.000000,0.000000,,v0.4.1-interval-core
9913838043,9913838043,9913838043,9913838043,0.000000,0,0,0,0,2,multiscale+elgendi_like,1.000000,0.000000,0,0,0,0,1.000000,4.626424,1,824.000000,0.000000,,v0.4.1-interval-core
9914646043,9914646043,9914646043,9914646043,0.000000,0,0,0,0,2,multiscale+elgendi_like,1.000000,0.000000,0,0,0,0,1.000000,4.960018,1,820.000000,0.000000,,v0.4.1-interval-core
9915462043,9915454043,9915462043,9915462043,8.000000,0,0,0,0,2,multiscale+elgendi_like,1.000000,0.000000,0,0,0,0,1.000000,5.270916,1,815.998000,8.000000,,v0.4.1-interval-core
9916342043,9916342043,9916342043,9916342043,0.000000,0,0,0,0,2,multiscale+elgendi_like,1.000000,0.000000,0,0,0,0,1.000000,5.458250,1,811.998000,0.000000,,v0.4.1-interval-core
9917214047,9917214047,9917214047,9917214047,0.000000,0,0,0,0,2,multiscale+elgendi_like,1.000000,0.000000,0,0,0,0,1.000000,4.890451,1,815.996000,0.000000,,v0.4.1-interval-core
9918118043,9918118043,9918118043,9918118043,0.000000,0,0,0,0,2,multiscale+elgendi_like,1.000000,0.000000,0,0,0,0,1.000000,5.525183,1,812.000000,0.000000,,v0.4.1-interval-core
9919054043,9919054043,9919054043,9919054043,0.000000,0,0,0,0,2,multiscale+elgendi_like,1.000000,0.000000,0,0,0,0,1.000000,5.186329,1,812.000000,0.000000,,v0.4.1-interval-core
9919902045,9919902045,9919902045,9919902045,0.000000,0,0,0,0,2,multiscale+elgendi_like,1.000000,0.000000,0,0,0,0,1.000000,4.509303,1,831.999000,0.000000,,v0.4.1-interval-core
9920750043,9920750043,9920750043,9920750043,0.000000,0,0,0,0,2,multiscale+elgendi_like,1.000000,0.000000,0,0,0,0,1.000000,4.773139,1,847.999000,0.000000,,v0.4.1-interval-core
9921558043,9921558043,9921558043,9921558043,0.000000,0,0,0,0,2,multiscale+elgendi_like,1.000000,0.000000,0,0,0,0,1.000000,4.338365,1,840.000500,0.000000,,v0.4.1-interval-core
9922318043,9922318043,9922318043,9922318043,0.000000,0,0,0,0,2,multiscale+elgendi_like,1.000000,0.000000,0,0,0,0,1.000000,4.633541,1,836.000000,0.000000,,v0.4.1-interval-core
9923118043,9923110043,9923118043,9923118043,8.000000,0,0,0,0,2,multiscale+elgendi_like,1.000000,0.000000,0,0,0,0,1.000000,5.278158,1,843.999500,8.000000,,v0.4.1-interval-core
9923982043,9923982043,9923982043,9923982043,0.000000,0,0,0,0,2,multiscale+elgendi_like,1.000000,0.000000,0,0,0,0,1.000000,5.426069,1,840.000500,0.000000,,v0.4.1-interval-core
9924894043,9924894043,9924894043,9924894043,0.000000,0,0,0,0,2,multiscale+elgendi_like,1.000000,0.000000,0,0,0,0,1.000000,5.280592,1,840.000500,0.000000,,v0.4.1-interval-core
9925750046,9925750046,9925750046,9925750046,0.000000,0,0,0,0,2,multiscale+elgendi_like,1.000000,0.000000,0,0,0,0,1.000000,4.839238,1,840.000500,0.000000,,v0.4.1-interval-core
9926614043,9926606043,9926614043,9926614043,8.000000,0,0,0,0,2,multiscale+elgendi_like,1.000000,0.000000,0,0,0,0,1.000000,5.333488,1,840.000500,8.000000,,v0.4.1-interval-core
9927478044,9927478044,9927478044,9927478044,0.000000,0,0,0,0,2,multiscale+elgendi_like,1.000000,0.000000,0,0,0,0,1.000000,5.397861,1,832.001500,0.000000,,v0.4.1-interval-core
9928310047,9928302046,9928310047,9928310047,8.001000,0,0,0,0,2,multiscale+elgendi_like,1.000000,0.000000,0,0,0,0,1.000000,4.985870,1,828.001500,8.001000,,v0.4.1-interval-core
9929094043,9929094043,9929094043,9929094043,0.000000,0,0,0,0,2,multiscale+elgendi_like,1.000000,0.000000,0,0,0,0,1.000000,5.217325,1,828.001500,0.000000,,v0.4.1-interval-core
9929926043,9929926043,9929926043,9929926043,0.000000,0,0,0,0,2,multiscale+elgendi_like,1.000000,0.000000,0,0,0,0,1.000000,5.602908,1,824.003000,0.000000,,v0.4.1-interval-core
9930750046,9930750046,9930750046,9930750046,0.000000,0,0,0,0,2,multiscale+elgendi_like,1.000000,0.000000,0,0,0,0,1.000000,5.421382,1,823.996000,0.000000,,v0.4.1-interval-core
9931526043,9931526043,9931526043,9931526043,0.000000,0,0,0,0,2,multiscale+elgendi_like,1.000000,0.000000,0,0,0,0,1.000000,4.694685,1,808.002000,0.000000,,v0.4.1-interval-core
9932286043,9932278047,9932286043,9932286043,7.996000,0,0,0,0,2,multiscale+elgendi_like,1.000000,0.000000,0,0,0,0,1.000000,4.820916,1,808.000000,7.996000,,v0.4.1-interval-core
9932958043,0,9932958043,9932958043,0.000000,1,0,0,0,2,multiscale+elgendi_like,1.000000,0.000000,0,0,1,0,1.000000,4.515549,1,800.000000,0.000000,,v0.4.1-interval-core
9933654043,9933646046,9933654043,9933654043,7.997000,0,0,0,0,2,multiscale+elgendi_like,1.000000,0.000000,0,0,0,0,1.000000,4.647745,1,800.000000,7.997000,,v0.4.1-interval-core
9934438047,0,9934438047,9934438047,0.000000,1,0,0,0,2,multiscale+elgendi_like,1.000000,0.000000,0,0,1,0,1.000000,5.032421,1,784.004000,0.000000,,v0.4.1-interval-core
9935262043,9935262043,9935262043,9935262043,0.000000,0,0,0,0,2,multiscale+elgendi_like,1.000000,0.000000,0,0,0,0,1.000000,5.365966,1,779.996500,0.000000,,v0.4.1-interval-core
9936126043,0,9936126043,9936126043,0.000000,1,0,0,0,2,multiscale+elgendi_like,1.000000,0.000000,0,0,1,0,1.000000,6.112691,1,767.998500,0.000000,,v0.4.1-interval-core
9936934045,0,9936934045,9936934045,0.000000,1,0,0,0,2,multiscale+elgendi_like,1.000000,0.000000,0,0,1,0,1.000000,3.877791,1,755.999000,0.000000,,v0.4.1-interval-core
9937686043,0,9937686043,9937686043,0.000000,1,0,0,0,2,multiscale+elgendi_like,1.000000,0.000000,0,0,1,0,1.000000,4.521020,1,751.998000,0.000000,,v0.4.1-interval-core
9938430044,9938422044,9938430044,9938430044,8.000000,0,0,0,0,2,multiscale+elgendi_like,1.000000,0.000000,0,0,0,0,1.000000,4.054770,1,736.000500,8.000000,,v0.4.1-interval-core
9939158044,9939158044,9939158044,9939158044,0.000000,0,0,0,0,2,multiscale+elgendi_like,1.000000,0.000000,0,0,0,0,1.000000,3.272429,1,723.999500,0.000000,,v0.4.1-interval-core
9939878043,9939878043,9939878043,9939878043,0.000000,0,0,0,0,2,multiscale+elgendi_like,1.000000,0.000000,0,0,0,0,1.000000,4.198223,1,715.999500,0.000000,,v0.4.1-interval-core
9940590043,9940582043,9940590043,9940590043,8.000000,0,0,0,0,2,multiscale+elgendi_like,1.000000,0.000000,0,0,0,0,1.000000,3.209745,1,696.000000,8.000000,,v0.4.1-interval-core
9941262043,9941262043,9941262043,9941262043,0.000000,0,0,0,0,2,multiscale+elgendi_like,1.000000,0.000000,0,0,0,0,1.000000,3.101913,1,672.000000,0.000000,,v0.4.1-interval-core
9941926043,9941926043,9941926043,9941926043,0.000000,0,0,0,0,2,multiscale+elgendi_like,1.000000,0.000000,0,0,0,0,1.000000,4.203598,1,672.000000,0.000000,,v0.4.1-interval-core
9942574043,9942574043,9942574043,9942574043,0.000000,0,0,0,0,2,multiscale+elgendi_like,1.000000,0.000000,0,0,0,0,1.000000,4.472748,1,656.000000,0.000000,,v0.4.1-interval-core
9943198043,0,9943198043,9943198043,0.000000,1,0,0,0,2,multiscale+elgendi_like,1.000000,0.000000,0,0,1,0,1.000000,3.788632,1,719.999000,0.000000,,v0.4.1-interval-core
9943822043,9943606043,9943822043,9943822043,216.000000,0,0,0,0,2,multiscale+elgendi_like,1.000000,0.000000,0,0,0,0,1.000000,3.753182,1,712.000000,216.000000,,v0.4.1-interval-core
9944430043,9944174043,9944430043,9944430043,256.000000,0,0,0,0,2,multiscale+elgendi_like,1.000000,0.000000,0,0,0,0,1.000000,3.376394,1,672.000000,256.000000,,v0.4.1-interval-core
9945006043,9945006043,9945006043,9945006043,0.000000,0,0,0,0,2,multiscale+elgendi_like,1.000000,0.000000,0,0,0,0,1.000000,3.188571,1,608.000000,0.000000,,v0.4.1-interval-core
9945566047,9945566047,9945566047,9945566047,0.000000,0,0,0,0,2,multiscale+elgendi_like,1.000000,0.000000,0,0,0,0,1.000000,3.436187,1,576.000000,0.000000,,v0.4.1-interval-core
9946134046,9946126043,9946134046,9946134046,8.003000,0,0,0,0,2,multiscale+elgendi_like,1.000000,0.000000,0,0,0,0,1.000000,3.865696,1,571.999500,8.003000,,v0.4.1-interval-core
9946686043,9946686043,9946686043,9946686043,0.000000,0,0,0,0,2,multiscale+elgendi_like,1.000000,0.000000,0,0,0,0,1.000000,4.374436,1,564.001500,0.000000,,v0.4.1-interval-core
9947230045,0,9947230045,9947230045,0.000000,1,0,0,0,2,multiscale+elgendi_like,1.000000,0.000000,0,0,1,0,1.000000,4.937134,1,564.001500,0.000000,,v0.4.1-interval-core
9947774045,9947774045,9947774045,9947774045,0.000000,0,0,0,0,2,multiscale+elgendi_like,1.000000,0.000000,0,0,0,1,1.000000,4.303975,1,567.999000,0.000000,,v0.4.1-interval-core
9948310047,9948310047,9948310047,9948310047,0.000000,0,0,0,0,2,multiscale+elgendi_like,1.000000,0.000000,0,0,0,0,1.000000,4.427581,1,567.999000,0.000000,,v0.4.1-interval-core
9948838044,0,9948838044,9948838044,0.000000,1,0,0,0,2,multiscale+elgendi_like,1.000000,0.000000,0,0,1,0,1.000000,4.332734,1,571.999000,0.000000,,v0.4.1-interval-core
9949366043,9949366043,9949366043,9949366043,0.000000,0,0,0,0,2,multiscale+elgendi_like,1.000000,0.000000,0,0,0,0,1.000000,3.669023,1,571.999000,0.000000,,v0.4.1-interval-core
9949894047,9949886043,9949894047,9949894047,8.004000,0,0,0,0,2,multiscale+elgendi_like,1.000000,0.000000,0,0,0,0,1.000000,3.632666,1,571.999000,8.004000,,v0.4.1-interval-core
9950398043,9950398043,9950398043,9950398043,0.000000,0,0,0,0,2,multiscale+elgendi_like,1.000000,0.000000,0,0,0,0,1.000000,4.156052,1,567.999000,0.000000,,v0.4.1-interval-core
9950918047,0,9950918047,9950918047,0.000000,1,0,0,0,2,multiscale+elgendi_like,1.000000,0.000000,0,0,1,0,1.000000,4.548507,1,571.999000,0.000000,,v0.4.1-interval-core
9951438046,9951438046,9951438046,9951438046,0.000000,0,0,0,0,2,multiscale+elgendi_like,1.000000,0.000000,0,0,0,0,1.000000,4.552563,1,571.999000,0.000000,,v0.4.1-interval-core
9951982047,9951982047,9951982047,9951982047,0.000000,0,0,0,0,2,multiscale+elgendi_like,1.000000,0.000000,0,0,0,0,1.000000,4.246297,1,571.999000,0.000000,,v0.4.1-interval-core
9952518043,9952518043,9952518043,9952518043,0.000000,0,0,0,0,2,multiscale+elgendi_like,1.000000,0.000000,0,0,0,0,1.000000,4.158837,1,575.999000,0.000000,,v0.4.1-interval-core
9953046047,9953046047,9953046047,9953046047,0.000000,0,0,0,0,2,multiscale+elgendi_like,1.000000,0.000000,0,0,0,0,1.000000,4.249807,1,575.999000,0.000000,,v0.4.1-interval-core
9953606043,0,9953606043,9953606043,0.000000,1,0,0,0,2,multiscale+elgendi_like,1.000000,0.000000,0,0,1,0,1.000000,4.821375,1,575.999000,0.000000,,v0.4.1-interval-core
9954182046,9954182046,9954182046,9954182046,0.000000,0,0,0,0,2,multiscale+elgendi_like,1.000000,0.000000,0,0,0,0,1.000000,5.157273,1,568.001000,0.000000,,v0.4.1-interval-core
9954782045,9954782045,9954782045,9954782045,0.000000,0,0,0,0,2,multiscale+elgendi_like,1.000000,0.000000,0,0,0,0,1.000000,4.932349,1,568.001000,0.000000,,v0.4.1-interval-core
9955358044,9955358044,9955358044,9955358044,0.000000,0,0,0,0,2,multiscale+elgendi_like,1.000000,0.000000,0,0,0,0,1.000000,4.116511,1,568.001000,0.000000,,v0.4.1-interval-core
9955950043,9955950043,9955950043,9955950043,0.000000,0,0,0,0,2,multiscale+elgendi_like,1.000000,0.000000,0,0,0,0,1.000000,4.482602,1,568.001000,0.000000,,v0.4.1-interval-core
9956534044,0,9956534044,9956534044,0.000000,1,0,0,0,2,multiscale+elgendi_like,1.000000,0.000000,0,0,1,0,1.000000,4.845448,1,568.001000,0.000000,,v0.4.1-interval-core
9957118047,0,9957118047,9957118047,0.000000,1,0,0,0,2,multiscale+elgendi_like,1.000000,0.000000,0,0,1,0,1.000000,4.637919,1,568.002000,0.000000,,v0.4.1-interval-core
9957702043,9957510045,9957702043,9957702043,191.998000,0,0,0,0,2,multiscale+elgendi_like,1.000000,0.000000,0,0,0,0,1.000000,4.982260,1,572.001000,191.998000,,v0.4.1-interval-core
9958286043,9958286043,9958286043,9958286043,0.000000,0,0,0,0,2,multiscale+elgendi_like,1.000000,0.000000,0,0,0,0,1.000000,4.945950,1,575.999000,0.000000,,v0.4.1-interval-core
9958870047,9958862043,9958870047,9958870047,8.004000,0,0,0,0,2,multiscale+elgendi_like,1.000000,0.000000,0,0,0,0,1.000000,5.604807,1,576.001000,8.004000,,v0.4.1-interval-core
9959446046,9959446046,9959446046,9959446046,0.000000,0,0,0,0,2,multiscale+elgendi_like,1.000000,0.000000,0,0,0,0,1.000000,5.487995,1,579.999500,0.000000,,v0.4.1-interval-core
9960038043,9960030043,9960038043,9960038043,8.000000,0,0,0,0,2,multiscale+elgendi_like,1.000000,0.000000,0,0,0,0,1.000000,5.953444,1,583.998000,8.000000,,v0.4.1-interval-core
9960606046,9960606046,9960606046,9960606046,0.000000,0,0,0,0,2,multiscale+elgendi_like,1.000000,0.000000,0,0,0,0,1.000000,5.390921,1,584.000000,0.000000,,v0.4.1-interval-core
9961174047,9961174047,9961174047,9961174047,0.000000,0,0,0,0,2,multiscale+elgendi_like,1.000000,0.000000,0,0,0,0,1.000000,5.794849,1,584.001000,0.000000,,v0.4.1-interval-core
9961766043,9961766043,9961766043,9961766043,0.000000,0,0,0,0,2,multiscale+elgendi_like,1.000000,0.000000,0,0,0,0,1.000000,6.546088,1,584.003500,0.000000,,v0.4.1-interval-core
9962406043,9962406043,9962406043,9962406043,0.000000,0,0,0,0,2,multiscale+elgendi_like,1.000000,0.000000,0,0,0,0,1.000000,6.745247,1,588.000000,0.000000,,v0.4.1-interval-core
9963094043,9963094043,9963094043,9963094043,0.000000,0,0,0,0,2,multiscale+elgendi_like,1.000000,0.000000,0,0,0,0,1.000000,6.821101,1,591.996500,0.000000,,v0.4.1-interval-core
9963798043,9963790043,9963798043,9963798043,8.000000,0,0,0,0,2,multiscale+elgendi_like,1.000000,0.000000,0,0,0,0,1.000000,6.457280,1,591.998000,8.000000,,v0.4.1-interval-core
9964462043,9964462043,9964462043,9964462043,0.000000,0,0,0,0,2,multiscale+elgendi_like,1.000000,0.000000,0,0,0,0,1.000000,6.066921,1,599.999000,0.000000,,v0.4.1-interval-core
9965182047,9965174043,9965182047,9965182047,8.004000,0,0,0,0,2,multiscale+elgendi_like,1.000000,0.000000,0,0,0,0,1.000000,7.027068,1,640.000000,8.004000,,v0.4.1-interval-core
9965854045,9965854045,9965854045,9965854045,0.000000,0,0,0,0,2,multiscale+elgendi_like,1.000000,0.000000,0,0,0,0,1.000000,6.007936,1,640.000000,0.000000,,v0.4.1-interval-core
9966518043,9966518043,9966518043,9966518043,0.000000,0,0,0,0,2,multiscale+elgendi_like,1.000000,0.000000,0,0,0,0,1.000000,5.752101,1,648.000000,0.000000,,v0.4.1-interval-core
9967174043,9967174043,9967174043,9967174043,0.000000,0,0,0,0,2,multiscale+elgendi_like,1.000000,0.000000,0,0,0,0,1.000000,6.325769,1,656.000000,0.000000,,v0.4.1-interval-core
9967854043,9967854043,9967854043,9967854043,0.000000,0,0,0,0,2,multiscale+elgendi_like,1.000000,0.000000,0,0,0,0,1.000000,6.691321,1,656.000000,0.000000,,v0.4.1-interval-core
9968510043,9968510043,9968510043,9968510043,0.000000,0,0,0,0,2,multiscale+elgendi_like,1.000000,0.000000,0,0,0,0,1.000000,5.692726,1,659.999000,0.000000,,v0.4.1-interval-core
9969150043,9969150043,9969150043,9969150043,0.000000,0,0,0,0,2,multiscale+elgendi_like,1.000000,0.000000,0,0,0,0,1.000000,5.947149,1,663.999000,0.000000,,v0.4.1-interval-core
9969806043,9969806043,9969806043,9969806043,0.000000,0,0,0,0,2,multiscale+elgendi_like,1.000000,0.000000,0,0,0,0,1.000000,6.655313,1,667.999000,0.000000,,v0.4.1-interval-core
9970494043,9970494043,9970494043,9970494043,0.000000,0,0,0,0,2,multiscale+elgendi_like,1.000000,0.000000,0,0,0,0,1.000000,6.504899,1,675.997500,0.000000,,v0.4.1-interval-core
9971198046,9971198046,9971198046,9971198046,0.000000,0,0,0,0,2,multiscale+elgendi_like,1.000000,0.000000,0,0,0,0,1.000000,6.366263,1,679.998500,0.000000,,v0.4.1-interval-core
9971910046,9971910046,9971910046,9971910046,0.000000,0,0,0,0,2,multiscale+elgendi_like,1.000000,0.000000,0,0,0,0,1.000000,6.007524,1,688.000000,0.000000,,v0.4.1-interval-core
9972590043,9972590043,9972590043,9972590043,0.000000,0,0,0,0,2,multiscale+elgendi_like,1.000000,0.000000,0,0,0,0,1.000000,5.236689,1,688.000000,0.000000,,v0.4.1-interval-core
9973238043,9973238043,9973238043,9973238043,0.000000,0,0,0,0,2,multiscale+elgendi_like,1.000000,0.000000,0,0,0,0,1.000000,5.671084,1,688.000000,0.000000,,v0.4.1-interval-core
9973926045,9973926045,9973926045,9973926045,0.000000,0,0,0,0,2,multiscale+elgendi_like,1.000000,0.000000,0,0,0,0,1.000000,6.639349,1,688.000000,0.000000,,v0.4.1-interval-core
9974630044,9974630044,9974630044,9974630044,0.000000,0,0,0,0,2,multiscale+elgendi_like,1.000000,0.000000,0,0,0,0,1.000000,6.527655,1,688.000000,0.000000,,v0.4.1-interval-core
9975374044,9975374044,9975374044,9975374044,0.000000,0,0,0,0,2,multiscale+elgendi_like,1.000000,0.000000,0,0,0,0,1.000000,6.270116,1,680.000000,0.000000,,v0.4.1-interval-core
9976094045,9976094045,9976094045,9976094045,0.000000,0,0,0,0,2,multiscale+elgendi_like,1.000000,0.000000,0,0,0,0,1.000000,5.588826,1,679.998500,0.000000,,v0.4.1-interval-core
9976806043,9976806043,9976806043,9976806043,0.000000,0,0,0,0,2,multiscale+elgendi_like,1.000000,0.000000,0,0,0,0,1.000000,6.331333,1,679.998500,0.000000,,v0.4.1-interval-core
9977526043,9977526043,9977526043,9977526043,0.000000,0,0,0,0,2,multiscale+elgendi_like,1.000000,0.000000,0,0,0,0,1.000000,6.129015,1,671.998500,0.000000,,v0.4.1-interval-core
9978238044,9978238044,9978238044,9978238044,0.000000,0,0,0,0,2,multiscale+elgendi_like,1.000000,0.000000,0,0,0,0,1.000000,5.389306,1,679.998500,0.000000,,v0.4.1-interval-core
9978966043,9978966043,9978966043,9978966043,0.000000,0,0,0,0,2,multiscale+elgendi_like,1.000000,0.000000,0,0,0,0,1.000000,5.735164,1,679.997000,0.000000,,v0.4.1-interval-core
9979662043,9979662043,9979662043,9979662043,0.000000,0,0,0,0,2,multiscale+elgendi_like,1.000000,0.000000,0,0,0,0,1.000000,4.605468,1,688.000000,0.000000,,v0.4.1-interval-core
9980326043,9980326043,9980326043,9980326043,0.000000,0,0,0,0,2,multiscale+elgendi_like,1.000000,0.000000,0,0,0,0,1.000000,4.731396,1,692.001000,0.000000,,v0.4.1-interval-core
9980982043,9980982043,9980982043,9980982043,0.000000,0,0,0,0,2,multiscale+elgendi_like,1.000000,0.000000,0,0,0,0,1.000000,4.740875,1,699.999500,0.000000,,v0.4.1-interval-core
9981606043,9981606043,9981606043,9981606043,0.000000,0,0,0,0,2,multiscale+elgendi_like,1.000000,0.000000,0,0,0,0,1.000000,5.031945,1,699.999500,0.000000,,v0.4.1-interval-core
9982206043,9982206043,9982206043,9982206043,0.000000,0,0,0,0,2,multiscale+elgendi_like,1.000000,0.000000,0,0,0,0,1.000000,4.522922,1,707.998500,0.000000,,v0.4.1-interval-core
9982790043,0,9982790043,9982790043,0.000000,1,0,0,0,2,multiscale+elgendi_like,1.000000,0.000000,0,0,1,0,1.000000,4.794942,1,707.998500,0.000000,,v0.4.1-interval-core
9983374047,9983118043,9983374047,9983374047,256.004000,0,0,0,0,2,multiscale+elgendi_like,1.000000,0.000000,0,0,0,0,1.000000,5.280315,1,703.999000,256.004000,,v0.4.1-interval-core
9983950043,9983670043,9983950043,9983950043,280.000000,0,0,0,0,2,multiscale+elgendi_like,1.000000,0.000000,0,0,0,0,1.000000,5.404371,1,711.998000,280.000000,,v0.4.1-interval-core
9984606047,9984598046,9984606047,9984606047,8.001000,0,0,0,0,2,multiscale+elgendi_like,1.000000,0.000000,0,0,0,0,1.000000,6.269991,1,712.001000,8.001000,,v0.4.1-interval-core
9985350043,0,9985350043,9985350043,0.000000,1,0,0,0,2,multiscale+elgendi_like,1.000000,0.000000,0,0,1,0,1.000000,6.385265,1,720.000000,0.000000,,v0.4.1-interval-core
9986462043,0,9986462043,9986462043,0.000000,1,0,0,0,2,multiscale+elgendi_like,1.000000,0.000000,0,0,1,0,1.000000,7.759289,1,624.000000,0.000000,,v0.4.1-interval-core
9987446043,0,9987446043,9987446043,0.000000,1,0,0,0,2,multiscale+elgendi_like,1.000000,0.000000,0,0,1,0,1.000000,6.522629,1,624.000000,0.000000,,v0.4.1-interval-core
9988318046,0,9988318046,9988318046,0.000000,1,0,0,0,2,multiscale+elgendi_like,1.000000,0.000000,0,0,1,0,1.000000,5.557985,1,736.000000,0.000000,,v0.4.1-interval-core
9989134043,0,9989134043,9989134043,0.000000,1,0,0,0,2,multiscale+elgendi_like,1.000000,0.000000,0,0,1,0,1.000000,5.467691,1,743.996000,0.000000,,v0.4.1-interval-core
9989958043,9989950043,9989958043,9989958043,8.000000,0,0,0,0,2,multiscale+elgendi_like,1.000000,0.000000,0,0,0,0,1.000000,5.309334,1,743.998000,8.000000,,v0.4.1-interval-core
9990798043,9990798043,9990798043,9990798043,0.000000,0,0,0,0,2,multiscale+elgendi_like,1.000000,0.000000,0,0,0,0,1.000000,5.201814,1,768.000000,0.000000,,v0.4.1-interval-core
9991646044,9991638043,9991646044,9991646044,8.001000,0,0,0,0,2,multiscale+elgendi_like,1.000000,0.000000,0,0,0,0,1.000000,5.266635,1,815.997000,8.001000,,v0.4.1-interval-core
9992486045,9992486045,9992486045,9992486045,0.000000,0,0,0,0,2,multiscale+elgendi_like,1.000000,0.000000,0,0,0,0,1.000000,5.038800,1,816.002000,0.000000,,v0.4.1-interval-core
9993318043,9993318043,9993318043,9993318043,0.000000,0,0,0,0,2,multiscale+elgendi_like,1.000000,0.000000,0,0,0,0,1.000000,4.791406,1,824.000000,0.000000,,v0.4.1-interval-core
9994110043,9994110043,9994110043,9994110043,0.000000,0,0,0,0,2,multiscale+elgendi_like,1.000000,0.000000,0,0,0,0,1.000000,4.477887,1,827.999000,0.000000,,v0.4.1-interval-core
9994854043,9994854043,9994854043,9994854043,0.000000,0,0,0,0,2,multiscale+elgendi_like,1.000000,0.000000,0,0,0,0,1.000000,4.703200,1,827.999000,0.000000,,v0.4.1-interval-core
9995590043,9995590043,9995590043,9995590043,0.000000,0,0,0,0,2,multiscale+elgendi_like,1.000000,0.000000,0,0,0,0,1.000000,4.767700,1,827.999000,0.000000,,v0.4.1-interval-core
9996406045,9996406045,9996406045,9996406045,0.000000,0,0,0,0,2,multiscale+elgendi_like,1.000000,0.000000,0,0,0,0,1.000000,5.222828,1,827.999000,0.000000,,v0.4.1-interval-core
9997326044,9997318043,9997326044,9997326044,8.001000,0,0,0,0,2,multiscale+elgendi_like,1.000000,0.000000,0,0,0,0,1.000000,5.257741,1,824.000000,8.001000,,v0.4.1-interval-core
9998294043,9998294043,9998294043,9998294043,0.000000,0,0,0,0,2,multiscale+elgendi_like,1.000000,0.000000,0,0,0,0,1.000000,5.144675,1,820.001000,0.000000,,v0.4.1-interval-core
9999150046,9999142043,9999150046,9999150046,8.003000,0,0,0,0,2,multiscale+elgendi_like,1.000000,0.000000,0,0,0,0,1.000000,4.654547,1,816.000000,8.003000,,v0.4.1-interval-core
9999998043,9999998043,9999998043,9999998043,0.000000,0,0,0,0,2,multiscale+elgendi_like,1.000000,0.000000,0,0,0,0,1.000000,4.884356,1,815.998000,0.000000,,v0.4.1-interval-core
10000814043,10000814043,10000814043,10000814043,0.000000,0,0,0,0,2,multiscale+elgendi_like,1.000000,0.000000,0,0,0,0,1.000000,4.516725,1,816.000000,0.000000,,v0.4.1-interval-core
10001598043,10001598043,10001598043,10001598043,0.000000,0,0,0,0,2,multiscale+elgendi_like,1.000000,0.000000,0,0,0,0,1.000000,4.776002,1,808.002000,0.000000,,v0.4.1-interval-core
10002398043,10002398043,10002398043,10002398043,0.000000,0,0,0,0,2,multiscale+elgendi_like,1.000000,0.000000,0,0,0,0,1.000000,5.096324,1,808.002000,0.000000,,v0.4.1-interval-core
10003206045,10003206045,10003206045,10003206045,0.000000,0,0,0,0,2,multiscale+elgendi_like,1.000000,0.000000,0,0,0,0,1.000000,5.252191,1,800.000000,0.000000,,v0.4.1-interval-core
10004022043,10004022043,10004022043,10004022043,0.000000,0,0,0,0,2,multiscale+elgendi_like,1.000000,0.000000,0,0,0,0,1.000000,5.082107,1,792.000000,0.000000,,v0.4.1-interval-core
10004806047,10004806047,10004806047,10004806047,0.000000,0,0,0,0,2,multiscale+elgendi_like,1.000000,0.000000,0,0,0,0,1.000000,4.521693,1,791.998000,0.000000,,v0.4.1-interval-core
10005566043,10005558043,10005566043,10005566043,8.000000,0,0,0,0,2,multiscale+elgendi_like,1.000000,0.000000,0,0,0,0,1.000000,4.824667,1,784.004000,8.000000,,v0.4.1-interval-core
10006334045,10006334045,10006334045,10006334045,0.000000,0,0,0,0,2,multiscale+elgendi_like,1.000000,0.000000,0,0,0,0,1.000000,5.239639,1,784.004000,0.000000,,v0.4.1-interval-core
10007110043,10007110043,10007110043,10007110043,0.000000,0,0,0,0,2,multiscale+elgendi_like,1.000000,0.000000,0,0,0,0,1.000000,5.399272,1,784.004000,0.000000,,v0.4.1-interval-core
10007918045,10007918045,10007918045,10007918045,0.000000,0,0,0,0,2,multiscale+elgendi_like,1.000000,0.000000,0,0,0,0,1.000000,5.075375,1,784.000000,0.000000,,v0.4.1-interval-core
10008670043,10008662044,10008670043,10008670043,7.999000,0,0,0,0,2,multiscale+elgendi_like,1.000000,0.000000,0,0,0,0,1.000000,4.934826,1,775.998000,7.999000,,v0.4.1-interval-core
10009438045,10009438045,10009438045,10009438045,0.000000,0,0,0,0,2,multiscale+elgendi_like,1.000000,0.000000,0,0,0,0,1.000000,5.813123,1,775.998000,0.000000,,v0.4.1-interval-core
10010230043,10010230043,10010230043,10010230043,0.000000,0,0,0,0,2,multiscale+elgendi_like,1.000000,0.000000,0,0,0,0,1.000000,5.813037,1,775.998000,0.000000,,v0.4.1-interval-core
10010990046,10010990046,10010990046,10010990046,0.000000,0,0,0,0,2,multiscale+elgendi_like,1.000000,0.000000,0,0,0,0,1.000000,5.324707,1,775.998000,0.000000,,v0.4.1-interval-core
10011734046,10011734046,10011734046,10011734046,0.000000,0,0,0,0,2,multiscale+elgendi_like,1.000000,0.000000,0,0,0,0,1.000000,4.893311,1,779.999000,0.000000,,v0.4.1-interval-core
10012478047,10012478047,10012478047,10012478047,0.000000,0,0,0,0,2,multiscale+elgendi_like,1.000000,0.000000,0,0,0,0,1.000000,5.063191,1,779.999000,0.000000,,v0.4.1-interval-core
10013206043,10013198048,10013206043,10013206043,7.995000,0,0,0,0,2,multiscale+elgendi_like,1.000000,0.000000,0,0,0,0,1.000000,4.880758,1,776.001000,7.995000,,v0.4.1-interval-core
10013902047,0,10013902047,10013902047,0.000000,1,0,0,0,2,multiscale+elgendi_like,1.000000,0.000000,0,0,1,0,1.000000,4.811367,1,775.997000,0.000000,,v0.4.1-interval-core
10014638046,10014630043,10014638046,10014638046,8.003000,0,0,0,0,2,multiscale+elgendi_like,1.000000,0.000000,0,0,0,0,1.000000,5.644145,1,772.000000,8.003000,,v0.4.1-interval-core
10015398046,0,10015398046,10015398046,0.000000,1,0,0,0,2,multiscale+elgendi_like,1.000000,0.000000,0,0,1,0,1.000000,6.013480,1,772.000000,0.000000,,v0.4.1-interval-core
10016214043,10016206046,10016214043,10016214043,7.997000,0,0,0,0,2,multiscale+elgendi_like,1.000000,0.000000,0,0,0,0,1.000000,6.033441,1,772.000000,7.997000,,v0.4.1-interval-core
10017046043,10017038045,10017046043,10017046043,7.998000,0,0,0,0,2,multiscale+elgendi_like,1.000000,0.000000,0,0,0,0,1.000000,5.585430,1,776.000000,7.998000,,v0.4.1-interval-core
10017846043,10017846043,10017846043,10017846043,0.000000,0,0,0,0,2,multiscale+elgendi_like,1.000000,0.000000,0,0,0,0,1.000000,5.074379,1,772.000000,0.000000,,v0.4.1-interval-core
10018646044,10018646044,10018646044,10018646044,0.000000,0,0,0,0,2,multiscale+elgendi_like,1.000000,0.000000,0,0,0,0,1.000000,5.398770,1,768.001000,0.000000,,v0.4.1-interval-core
10019438043,10019438043,10019438043,10019438043,0.000000,0,0,0,0,2,multiscale+elgendi_like,1.000000,0.000000,0,0,0,0,1.000000,5.173297,1,768.001000,0.000000,,v0.4.1-interval-core
10020214047,10020214047,10020214047,10020214047,0.000000,0,0,0,0,2,multiscale+elgendi_like,1.000000,0.000000,0,0,0,0,1.000000,5.029096,1,772.003000,0.000000,,v0.4.1-interval-core
10020982043,10020982043,10020982043,10020982043,0.000000,0,0,0,0,2,multiscale+elgendi_like,1.000000,0.000000,0,0,0,0,1.000000,5.220805,1,772.001500,0.000000,,v0.4.1-interval-core
10021782043,10021774044,10021782043,10021782043,7.999000,0,0,0,0,2,multiscale+elgendi_like,1.000000,0.000000,0,0,0,0,1.000000,5.670559,1,767.999000,7.999000,,v0.4.1-interval-core
10022574043,10022574043,10022574043,10022574043,0.000000,0,0,0,0,2,multiscale+elgendi_like,1.000000,0.000000,0,0,0,0,1.000000,5.520064,1,772.001500,0.000000,,v0.4.1-interval-core
10023374043,10023374043,10023374043,10023374043,0.000000,0,0,0,0,2,multiscale+elgendi_like,1.000000,0.000000,0,0,0,0,1.000000,5.218895,1,776.003500,0.000000,,v0.4.1-interval-core
10024142043,10024142043,10024142043,10024142043,0.000000,0,0,0,0,2,multiscale+elgendi_like,1.000000,0.000000,0,0,0,0,1.000000,4.576408,1,780.002000,0.000000,,v0.4.1-interval-core
10024870045,10024870045,10024870045,10024870045,0.000000,0,0,0,0,2,multiscale+elgendi_like,1.000000,0.000000,0,0,0,0,1.000000,4.739133,1,787.999500,0.000000,,v0.4.1-interval-core
10025638043,10025630043,10025638043,10025638043,8.000000,0,0,0,0,2,multiscale+elgendi_like,1.000000,0.000000,0,0,0,0,1.000000,4.995033,1,791.999500,8.000000,,v0.4.1-interval-core
10026422043,10026422043,10026422043,10026422043,0.000000,0,0,0,0,2,multiscale+elgendi_like,1.000000,0.000000,0,0,0,0,1.000000,4.922170,1,800.000000,0.000000,,v0.4.1-interval-core
10027198046,10027198046,10027198046,10027198046,0.000000,0,0,0,0,2,multiscale+elgendi_like,1.000000,0.000000,0,0,0,0,1.000000,4.775185,1,800.000000,0.000000,,v0.4.1-interval-core
10027934046,10027934046,10027934046,10027934046,0.000000,0,0,0,0,2,multiscale+elgendi_like,1.000000,0.000000,0,0,0,0,1.000000,4.534132,1,791.999500,0.000000,,v0.4.1-interval-core
10028678043,10028678043,10028678043,10028678043,0.000000,0,0,0,0,2,multiscale+elgendi_like,1.000000,0.000000,0,0,0,0,1.000000,5.047224,1,787.999500,0.000000,,v0.4.1-interval-core
10029526043,10029526043,10029526043,10029526043,0.000000,0,0,0,0,2,multiscale+elgendi_like,1.000000,0.000000,0,0,0,0,1.000000,5.582436,1,780.002000,0.000000,,v0.4.1-interval-core
10030430043,10030430043,10030430043,10030430043,0.000000,0,0,0,0,2,multiscale+elgendi_like,1.000000,0.000000,0,0,0,0,1.000000,5.781828,1,776.003500,0.000000,,v0.4.1-interval-core
10031286045,10031278043,10031286045,10031286045,8.002000,0,0,0,0,2,multiscale+elgendi_like,1.000000,0.000000,0,0,0,0,1.000000,5.062872,1,772.000000,8.002000,,v0.4.1-interval-core
10032086047,10032086047,10032086047,10032086047,0.000000,0,0,0,0,2,multiscale+elgendi_like,1.000000,0.000000,0,0,0,0,1.000000,4.872945,1,772.000000,0.000000,,v0.4.1-interval-core
10032902045,10032902045,10032902045,10032902045,0.000000,0,0,0,0,2,multiscale+elgendi_like,1.000000,0.000000,0,0,0,0,1.000000,5.456257,1,767.999000,0.000000,,v0.4.1-interval-core
10033710043,10033702047,10033710043,10033710043,7.996000,0,0,0,0,2,multiscale+elgendi_like,1.000000,0.000000,0,0,0,0,1.000000,5.223497,1,755.997500,7.996000,,v0.4.1-interval-core
10034486043,10034486043,10034486043,10034486043,0.000000,0,0,0,0,2,multiscale+elgendi_like,1.000000,0.000000,0,0,0,0,1.000000,4.627411,1,743.997000,0.000000,,v0.4.1-interval-core
10035198043,10035198043,10035198043,10035198043,0.000000,0,0,0,0,2,multiscale+elgendi_like,1.000000,0.000000,0,0,0,0,1.000000,4.299176,1,732.001000,0.000000,,v0.4.1-interval-core
10035886043,10035886043,10035886043,10035886043,0.000000,0,0,0,0,2,multiscale+elgendi_like,1.000000,0.000000,0,0,0,0,1.000000,4.698885,1,736.000000,0.000000,,v0.4.1-interval-core
10036574043,10036574043,10036574043,10036574043,0.000000,0,0,0,0,2,multiscale+elgendi_like,1.000000,0.000000,0,0,0,0,1.000000,4.552434,1,736.004000,0.000000,,v0.4.1-interval-core
10037262044,0,10037262044,10037262044,0.000000,1,0,0,0,2,multiscale+elgendi_like,1.000000,0.000000,0,0,1,0,1.000000,4.373493,1,736.004000,0.000000,,v0.4.1-interval-core
10037926045,10037598045,10037926045,10037926045,328.000000,0,0,0,0,2,multiscale+elgendi_like,1.000000,0.000000,0,0,0,0,1.000000,4.004799,1,736.004000,328.000000,,v0.4.1-interval-core
10038582047,10038582047,10038582047,10038582047,0.000000,0,0,0,0,2,multiscale+elgendi_like,1.000000,0.000000,0,0,0,0,1.000000,4.909427,1,736.004000,0.000000,,v0.4.1-interval-core
10039238047,10039238047,10039238047,10039238047,0.000000,0,0,0,0,2,multiscale+elgendi_like,1.000000,0.000000,0,0,0,0,1.000000,4.836419,1,736.004000,0.000000,,v0.4.1-interval-core
10039910047,10039910047,10039910047,10039910047,0.000000,0,0,0,0,2,multiscale+elgendi_like,1.000000,0.000000,0,0,0,0,1.000000,5.132958,1,728.001000,0.000000,,v0.4.1-interval-core
10040590046,10040590046,10040590046,10040590046,0.000000,0,0,0,0,2,multiscale+elgendi_like,1.000000,0.000000,0,0,0,0,1.000000,5.055373,1,712.000000,0.000000,,v0.4.1-interval-core
10041278046,10041278046,10041278046,10041278046,0.000000,0,0,0,0,2,multiscale+elgendi_like,1.000000,0.000000,0,0,0,0,1.000000,5.373871,1,700.000500,0.000000,,v0.4.1-interval-core
10042006047,10042006047,10042006047,10042006047,0.000000,0,0,0,0,2,multiscale+elgendi_like,1.000000,0.000000,0,0,0,0,1.000000,5.418788,1,688.000500,0.000000,,v0.4.1-interval-core
10042758043,10042750043,10042758043,10042758043,8.000000,0,0,0,0,2,multiscale+elgendi_like,1.000000,0.000000,0,0,0,0,1.000000,5.435237,1,688.000000,8.000000,,v0.4.1-interval-core
10043494047,10043494047,10043494047,10043494047,0.000000,0,0,0,0,2,multiscale+elgendi_like,1.000000,0.000000,0,0,0,0,1.000000,5.276906,1,688.000000,0.000000,,v0.4.1-interval-core
10044246045,10044246045,10044246045,10044246045,0.000000,0,0,0,0,2,multiscale+elgendi_like,1.000000,0.000000,0,0,0,0,1.000000,5.253401,1,688.000000,0.000000,,v0.4.1-interval-core
10045014043,10045014043,10045014043,10045014043,0.000000,0,0,0,0,2,multiscale+elgendi_like,1.000000,0.000000,0,0,0,0,1.000000,5.098259,1,688.000000,0.000000,,v0.4.1-interval-core
10045766047,10045766047,10045766047,10045766047,0.000000,0,0,0,0,2,multiscale+elgendi_like,1.000000,0.000000,0,0,0,0,1.000000,4.784872,1,688.000000,0.000000,,v0.4.1-interval-core
10046446045,10046446045,10046446045,10046446045,0.000000,0,0,0,0,2,multiscale+elgendi_like,1.000000,0.000000,0,0,0,0,1.000000,4.241240,1,688.000000,0.000000,,v0.4.1-interval-core
10047126043,10047118044,10047126043,10047126043,7.999000,0,0,0,0,2,multiscale+elgendi_like,1.000000,0.000000,0,0,0,0,1.000000,4.493589,1,684.001500,7.999000,,v0.4.1-interval-core
10047806046,10047806046,10047806046,10047806046,0.000000,0,0,0,0,2,multiscale+elgendi_like,1.000000,0.000000,0,0,0,0,1.000000,4.622709,1,684.001500,0.000000,,v0.4.1-interval-core
10048478047,0,10048478047,10048478047,0.000000,1,0,0,0,2,multiscale+elgendi_like,1.000000,0.000000,0,0,1,0,1.000000,4.386579,1,688.000000,0.000000,,v0.4.1-interval-core
10049150044,10048846043,10049150044,10049150044,304.001000,0,0,0,0,2,multiscale+elgendi_like,1.000000,0.000000,0,0,0,0,1.000000,4.720553,1,704.000000,304.001000,,v0.4.1-interval-core
10049798043,10049550043,10049798043,10049798043,248.000000,0,0,0,0,2,multiscale+elgendi_like,1.000000,0.000000,0,0,0,0,1.000000,4.545400,1,724.000500,248.000000,,v0.4.1-interval-core
10050478043,10050478043,10050478043,10050478043,0.000000,0,0,0,0,2,multiscale+elgendi_like,1.000000,0.000000,0,0,0,0,1.000000,5.690173,1,736.000000,0.000000,,v0.4.1-interval-core
10051198043,10051198043,10051198043,10051198043,0.000000,0,0,0,0,2,multiscale+elgendi_like,1.000000,0.000000,0,0,0,0,1.000000,5.744231,1,736.003000,0.000000,,v0.4.1-interval-core
10051950043,10051950043,10051950043,10051950043,0.000000,0,0,0,0,2,multiscale+elgendi_like,1.000000,0.000000,0,0,0,0,1.000000,6.037435,1,736.003000,0.000000,,v0.4.1-interval-core
10052718043,10052718043,10052718043,10052718043,0.000000,0,0,0,0,2,multiscale+elgendi_like,1.000000,0.000000,0,0,0,0,1.000000,5.713816,1,736.004000,0.000000,,v0.4.1-interval-core
10053502043,10053502043,10053502043,10053502043,0.000000,0,0,0,0,2,multiscale+elgendi_like,1.000000,0.000000,0,0,0,0,1.000000,5.585910,1,744.001000,0.000000,,v0.4.1-interval-core
10054294044,10054286043,10054294044,10054294044,8.001000,0,0,0,0,2,multiscale+elgendi_like,1.000000,0.000000,0,0,0,0,1.000000,5.376308,1,744.004000,8.001000,,v0.4.1-interval-core
10055086045,10055086045,10055086045,10055086045,0.000000,0,0,0,0,2,multiscale+elgendi_like,1.000000,0.000000,0,0,0,0,1.000000,5.200703,1,751.998000,0.000000,,v0.4.1-interval-core
10055854043,10055854043,10055854043,10055854043,0.000000,0,0,0,0,2,multiscale+elgendi_like,1.000000,0.000000,0,0,0,0,1.000000,4.847731,1,752.000000,0.000000,,v0.4.1-interval-core
10056590046,10056590046,10056590046,10056590046,0.000000,0,0,0,0,2,multiscale+elgendi_like,1.000000,0.000000,0,0,0,0,1.000000,4.917021,1,752.000000,0.000000,,v0.4.1-interval-core
10057326046,10057326046,10057326046,10057326046,0.000000,0,0,0,0,2,multiscale+elgendi_like,1.000000,0.000000,0,0,0,0,1.000000,5.442881,1,752.000000,0.000000,,v0.4.1-interval-core
10058094045,10058078043,10058094045,10058094045,16.002000,0,0,0,0,2,multiscale+elgendi_like,1.000000,0.000000,0,0,0,0,1.000000,5.149905,1,767.998000,16.002000,,v0.4.1-interval-core
10058830043,10058830043,10058830043,10058830043,0.000000,0,0,0,0,2,multiscale+elgendi_like,1.000000,0.000000,0,0,0,0,1.000000,5.066948,1,767.999000,0.000000,,v0.4.1-interval-core
10059574044,10059566043,10059574044,10059574044,8.001000,0,0,0,0,2,multiscale+elgendi_like,1.000000,0.000000,0,0,0,0,1.000000,5.109323,1,768.000000,8.001000,,v0.4.1-interval-core
10060342047,10060342047,10060342047,10060342047,0.000000,0,0,0,0,2,multiscale+elgendi_like,1.000000,0.000000,0,0,0,0,1.000000,5.540466,1,776.001500,0.000000,,v0.4.1-interval-core
10061134043,10061134043,10061134043,10061134043,0.000000,0,0,0,0,2,multiscale+elgendi_like,1.000000,0.000000,0,0,0,0,1.000000,5.648515,1,784.002000,0.000000,,v0.4.1-interval-core
10061982043,10061974047,10061982043,10061982043,7.996000,0,0,0,0,2,multiscale+elgendi_like,1.000000,0.000000,0,0,0,0,1.000000,5.486804,1,788.000000,7.996000,,v0.4.1-interval-core
10062806043,10062806043,10062806043,10062806043,0.000000,0,0,0,0,2,multiscale+elgendi_like,1.000000,0.000000,0,0,0,0,1.000000,5.221428,1,791.997500,0.000000,,v0.4.1-interval-core
10063614043,10063606046,10063614043,10063614043,7.997000,0,0,0,0,2,multiscale+elgendi_like,1.000000,0.000000,0,0,0,0,1.000000,5.071665,1,791.998000,7.997000,,v0.4.1-interval-core
10064414043,10064414043,10064414043,10064414043,0.000000,0,0,0,0,2,multiscale+elgendi_like,1.000000,0.000000,0,0,0,0,1.000000,5.288689,1,792.000500,0.000000,,v0.4.1-interval-core
10065206043,10065206043,10065206043,10065206043,0.000000,0,0,0,0,2,multiscale+elgendi_like,1.000000,0.000000,0,0,0,0,1.000000,5.014843,1,792.000500,0.000000,,v0.4.1-interval-core
10065990047,10065982045,10065990047,10065990047,8.002000,0,0,0,0,2,multiscale+elgendi_like,1.000000,0.000000,0,0,0,0,1.000000,5.102339,1,792.000000,8.002000,,v0.4.1-interval-core
10066790043,10066790043,10066790043,10066790043,0.000000,0,0,0,0,2,multiscale+elgendi_like,1.000000,0.000000,0,0,0,0,1.000000,5.404125,1,792.000000,0.000000,,v0.4.1-interval-core
10067630043,10067630043,10067630043,10067630043,0.000000,0,0,0,0,2,multiscale+elgendi_like,1.000000,0.000000,0,0,0,0,1.000000,4.783751,1,792.002000,0.000000,,v0.4.1-interval-core
10068446047,10068438043,10068446047,10068446047,8.004000,0,0,0,0,2,multiscale+elgendi_like,1.000000,0.000000,0,0,0,0,1.000000,4.942130,1,799.996000,8.004000,,v0.4.1-interval-core
10069286045,10069278043,10069286045,10069286045,8.002000,0,0,0,0,2,multiscale+elgendi_like,1.000000,0.000000,0,0,0,0,1.000000,4.670825,1,799.998000,8.002000,,v0.4.1-interval-core
10070086043,10070078044,10070086043,10070086043,7.999000,0,0,0,0,2,multiscale+elgendi_like,1.000000,0.000000,0,0,0,0,1.000000,4.500820,1,800.000000,7.999000,,v0.4.1-interval-core
10070862043,10070862043,10070862043,10070862043,0.000000,0,0,0,0,2,multiscale+elgendi_like,1.000000,0.000000,0,0,0,0,1.000000,4.909927,1,804.000000,0.000000,,v0.4.1-interval-core
10071654043,10071654043,10071654043,10071654043,0.000000,0,0,0,0,2,multiscale+elgendi_like,1.000000,0.000000,0,0,0,0,1.000000,4.897324,1,808.000000,0.000000,,v0.4.1-interval-core
10072462043,10072454045,10072462043,10072462043,7.998000,0,0,0,0,2,multiscale+elgendi_like,1.000000,0.000000,0,0,0,0,1.000000,4.628253,1,808.000000,7.998000,,v0.4.1-interval-core
10073238043,10073238043,10073238043,10073238043,0.000000,0,0,0,0,2,multiscale+elgendi_like,1.000000,0.000000,0,0,0,0,1.000000,4.939887,1,808.000000,0.000000,,v0.4.1-interval-core
10074030047,10074030047,10074030047,10074030047,0.000000,0,0,0,0,2,multiscale+elgendi_like,1.000000,0.000000,0,0,0,0,1.000000,5.246663,1,800.000000,0.000000,,v0.4.1-interval-core
10074862043,10074862043,10074862043,10074862043,0.000000,0,0,0,0,2,multiscale+elgendi_like,1.000000,0.000000,0,0,0,0,1.000000,5.271021,1,799.998000,0.000000,,v0.4.1-interval-core
10075702044,10075702044,10075702044,10075702044,0.000000,0,0,0,0,2,multiscale+elgendi_like,1.000000,0.000000,0,0,0,0,1.000000,4.995205,1,799.996000,0.000000,,v0.4.1-interval-core
10076550043,10076542048,10076550043,10076550043,7.995000,0,0,0,0,2,multiscale+elgendi_like,1.000000,0.000000,0,0,0,0,1.000000,5.084497,1,799.996000,7.995000,,v0.4.1-interval-core
10077398044,10077398044,10077398044,10077398044,0.000000,0,0,0,0,2,multiscale+elgendi_like,1.000000,0.000000,0,0,0,0,1.000000,4.907669,1,800.004000,0.000000,,v0.4.1-interval-core
10078262043,10078262043,10078262043,10078262043,0.000000,0,0,0,0,2,multiscale+elgendi_like,1.000000,0.000000,0,0,0,0,1.000000,4.603101,1,799.998000,0.000000,,v0.4.1-interval-core
10079070043,10079070043,10079070043,10079070043,0.000000,0,0,0,0,2,multiscale+elgendi_like,1.000000,0.000000,0,0,0,0,1.000000,4.342500,1,800.004000,0.000000,,v0.4.1-interval-core
10079862043,10079854043,10079862043,10079862043,8.000000,0,0,0,0,2,multiscale+elgendi_like,1.000000,0.000000,0,0,0,0,1.000000,4.722378,1,800.004000,8.000000,,v0.4.1-interval-core
10080630043,10080622047,10080630043,10080630043,7.996000,0,0,0,0,2,multiscale+elgendi_like,1.000000,0.000000,0,0,0,0,1.000000,4.779472,1,808.000000,7.996000,,v0.4.1-interval-core
10081398043,10081398043,10081398043,10081398043,0.000000,0,0,0,0,2,multiscale+elgendi_like,1.000000,0.000000,0,0,0,0,1.000000,4.839005,1,808.000000,0.000000,,v0.4.1-interval-core
10082174043,10082174043,10082174043,10082174043,0.000000,0,0,0,0,2,multiscale+elgendi_like,1.000000,0.000000,0,0,0,0,1.000000,4.616257,1,808.000000,0.000000,,v0.4.1-interval-core
10082934044,10082934044,10082934044,10082934044,0.000000,0,0,0,0,2,multiscale+elgendi_like,1.000000,0.000000,0,0,0,0,1.000000,4.784786,1,808.000000,0.000000,,v0.4.1-interval-core
10083710043,10083702043,10083710043,10083710043,8.000000,0,0,0,0,2,multiscale+elgendi_like,1.000000,0.000000,0,0,0,0,1.000000,5.206777,1,811.998000,8.000000,,v0.4.1-interval-core
10084510047,10084502043,10084510047,10084510047,8.004000,0,0,0,0,2,multiscale+elgendi_like,1.000000,0.000000,0,0,0,0,1.000000,5.227293,1,815.996000,8.004000,,v0.4.1-interval-core
10085350043,10085350043,10085350043,10085350043,0.000000,0,0,0,0,2,multiscale+elgendi_like,1.000000,0.000000,0,0,0,0,1.000000,5.281207,1,815.996000,0.000000,,v0.4.1-interval-core
10086174043,10086174043,10086174043,10086174043,0.000000,0,0,0,0,2,multiscale+elgendi_like,1.000000,0.000000,0,0,0,0,1.000000,4.960103,1,808.000000,0.000000,,v0.4.1-interval-core
10086982043,10086982043,10086982043,10086982043,0.000000,0,0,0,0,2,multiscale+elgendi_like,1.000000,0.000000,0,0,0,0,1.000000,5.252334,1,808.000000,0.000000,,v0.4.1-interval-core
10087814047,10087814047,10087814047,10087814047,0.000000,0,0,0,0,2,multiscale+elgendi_like,1.000000,0.000000,0,0,0,0,1.000000,5.397233,1,800.004000,0.000000,,v0.4.1-interval-core
10088630043,10088630043,10088630043,10088630043,0.000000,0,0,0,0,2,multiscale+elgendi_like,1.000000,0.000000,0,0,0,0,1.000000,5.079636,1,792.004000,0.000000,,v0.4.1-interval-core
10089446047,10089438047,10089446047,10089446047,8.000000,0,0,0,0,2,multiscale+elgendi_like,1.000000,0.000000,0,0,0,0,1.000000,5.370214,1,792.000000,8.000000,,v0.4.1-interval-core
10090262043,10090262043,10090262043,10090262043,0.000000,0,0,0,0,2,multiscale+elgendi_like,1.000000,0.000000,0,0,0,0,1.000000,5.150310,1,791.996000,0.000000,,v0.4.1-interval-core
10091078043,10091078043,10091078043,10091078043,0.000000,0,0,0,0,2,multiscale+elgendi_like,1.000000,0.000000,0,0,0,0,1.000000,4.856268,1,776.000000,0.000000,,v0.4.1-interval-core
10091854043,10091854043,10091854043,10091854043,0.000000,0,0,0,0,2,multiscale+elgendi_like,1.000000,0.000000,0,0,0,0,1.000000,4.778185,1,776.000000,0.000000,,v0.4.1-interval-core
10092630043,10092630043,10092630043,10092630043,0.000000,0,0,0,0,2,multiscale+elgendi_like,1.000000,0.000000,0,0,0,0,1.000000,5.374811,1,776.000000,0.000000,,v0.4.1-interval-core
10093422047,10093422047,10093422047,10093422047,0.000000,0,0,0,0,2,multiscale+elgendi_like,1.000000,0.000000,0,0,0,0,1.000000,5.412424,1,791.996000,0.000000,,v0.4.1-interval-core
10094214043,10094214043,10094214043,10094214043,0.000000,0,0,0,0,2,multiscale+elgendi_like,1.000000,0.000000,0,0,0,0,1.000000,5.035952,1,791.996000,0.000000,,v0.4.1-interval-core
10094974043,10094974043,10094974043,10094974043,0.000000,0,0,0,0,2,multiscale+elgendi_like,1.000000,0.000000,0,0,0,0,1.000000,4.354090,1,791.996000,0.000000,,v0.4.1-interval-core
10095742047,10095734043,10095742047,10095742047,8.004000,0,0,0,0,2,multiscale+elgendi_like,1.000000,0.000000,0,0,0,0,1.000000,4.952300,1,784.000000,8.004000,,v0.4.1-interval-core
10096494043,10096494043,10096494043,10096494043,0.000000,0,0,0,0,2,multiscale+elgendi_like,1.000000,0.000000,0,0,0,0,1.000000,5.014617,1,776.000000,0.000000,,v0.4.1-interval-core
10097262047,10097262047,10097262047,10097262047,0.000000,0,0,0,0,2,multiscale+elgendi_like,1.000000,0.000000,0,0,0,0,1.000000,4.802191,1,776.000000,0.000000,,v0.4.1-interval-core
10098014046,10098014046,10098014046,10098014046,0.000000,0,0,0,0,2,multiscale+elgendi_like,1.000000,0.000000,0,0,0,0,1.000000,4.406030,1,776.000000,0.000000,,v0.4.1-interval-core
10098782047,10098774047,10098782047,10098782047,8.000000,0,0,0,0,2,multiscale+elgendi_like,1.000000,0.000000,0,0,0,0,1.000000,5.021646,1,776.000000,8.000000,,v0.4.1-interval-core
10099558047,10099558047,10099558047,10099558047,0.000000,0,0,0,0,2,multiscale+elgendi_like,1.000000,0.000000,0,0,0,0,1.000000,5.148649,1,772.002000,0.000000,,v0.4.1-interval-core
10100358043,10100358043,10100358043,10100358043,0.000000,0,0,0,0,2,multiscale+elgendi_like,1.000000,0.000000,0,0,0,0,1.000000,5.010174,1,768.004000,0.000000,,v0.4.1-interval-core
10101142043,10101134043,10101142043,10101142043,8.000000,0,0,0,0,2,multiscale+elgendi_like,1.000000,0.000000,0,0,0,0,1.000000,4.667605,1,768.001000,8.000000,,v0.4.1-interval-core
10101878047,10101878047,10101878047,10101878047,0.000000,0,0,0,0,2,multiscale+elgendi_like,1.000000,0.000000,0,0,0,0,1.000000,4.914549,1,764.001000,0.000000,,v0.4.1-interval-core
10102638045,10102638045,10102638045,10102638045,0.000000,0,0,0,0,2,multiscale+elgendi_like,1.000000,0.000000,0,0,0,0,1.000000,5.534742,1,760.000000,0.000000,,v0.4.1-interval-core
10103398046,10103398046,10103398046,10103398046,0.000000,0,0,0,0,2,multiscale+elgendi_like,1.000000,0.000000,0,0,0,0,1.000000,5.228777,1,759.998000,0.000000,,v0.4.1-interval-core
10104182047,10104174047,10104182047,10104182047,8.000000,0,0,0,0,2,multiscale+elgendi_like,1.000000,0.000000,0,0,0,0,1.000000,5.491956,1,755.998500,8.000000,,v0.4.1-interval-core
10104910043,10104910043,10104910043,10104910043,0.000000,0,0,0,0,2,multiscale+elgendi_like,1.000000,0.000000,0,0,0,0,1.000000,4.582822,1,751.996000,0.000000,,v0.4.1-interval-core
10105598047,10105598047,10105598047,10105598047,0.000000,0,0,0,0,2,multiscale+elgendi_like,1.000000,0.000000,0,0,0,0,1.000000,5.227283,1,744.003000,0.000000,,v0.4.1-interval-core
10106326045,10106318047,10106326045,10106326045,7.998000,0,0,0,0,2,multiscale+elgendi_like,1.000000,0.000000,0,0,0,0,1.000000,5.148436,1,744.003000,7.998000,,v0.4.1-interval-core
10107038043,10107038043,10107038043,10107038043,0.000000,0,0,0,0,2,multiscale+elgendi_like,1.000000,0.000000,0,0,0,0,1.000000,4.854362,1,736.004000,0.000000,,v0.4.1-interval-core
10107766043,10107758047,10107766043,10107766043,7.996000,0,0,0,0,2,multiscale+elgendi_like,1.000000,0.000000,0,0,0,0,1.000000,5.623048,1,736.004000,7.996000,,v0.4.1-interval-core
10108510046,10108502043,10108510046,10108510046,8.003000,0,0,0,0,2,multiscale+elgendi_like,1.000000,0.000000,0,0,0,0,1.000000,5.632633,1,736.004000,8.003000,,v0.4.1-interval-core
10109238047,10109238047,10109238047,10109238047,0.000000,0,0,0,0,2,multiscale+elgendi_like,1.000000,0.000000,0,0,0,0,1.000000,4.709797,1,732.001500,0.000000,,v0.4.1-interval-core
10109958043,10109958043,10109958043,10109958043,0.000000,0,0,0,0,2,multiscale+elgendi_like,1.000000,0.000000,0,0,0,0,1.000000,5.078185,1,728.001000,0.000000,,v0.4.1-interval-core
10110670047,10110670047,10110670047,10110670047,0.000000,0,0,0,0,2,multiscale+elgendi_like,1.000000,0.000000,0,0,0,0,1.000000,4.701065,1,728.001000,0.000000,,v0.4.1-interval-core
10111390047,10111382047,10111390047,10111390047,8.000000,0,0,0,0,2,multiscale+elgendi_like,1.000000,0.000000,0,0,0,0,1.000000,4.412600,1,728.000500,8.000000,,v0.4.1-interval-core
10112070047,10112070047,10112070047,10112070047,0.000000,0,0,0,0,2,multiscale+elgendi_like,1.000000,0.000000,0,0,0,0,1.000000,4.539042,1,727.999000,0.000000,,v0.4.1-interval-core
10112790045,10112790045,10112790045,10112790045,0.000000,0,0,0,0,2,multiscale+elgendi_like,1.000000,0.000000,0,0,0,0,1.000000,5.330806,1,727.999000,0.000000,,v0.4.1-interval-core
10113526047,10113526047,10113526047,10113526047,0.000000,0,0,0,0,2,multiscale+elgendi_like,1.000000,0.000000,0,0,0,0,1.000000,5.283336,1,727.999000,0.000000,,v0.4.1-interval-core
10114278047,10114270045,10114278047,10114278047,8.002000,0,0,0,0,2,multiscale+elgendi_like,1.000000,0.000000,0,0,0,0,1.000000,5.047987,1,727.998000,8.002000,,v0.4.1-interval-core
10115030047,10115030047,10115030047,10115030047,0.000000,0,0,0,0,2,multiscale+elgendi_like,1.000000,0.000000,0,0,0,0,1.000000,4.971976,1,727.998000,0.000000,,v0.4.1-interval-core
10115766043,10115766043,10115766043,10115766043,0.000000,0,0,0,0,2,multiscale+elgendi_like,1.000000,0.000000,0,0,0,0,1.000000,5.076938,1,728.000500,0.000000,,v0.4.1-interval-core
10116494046,10116486047,10116494046,10116494046,7.999000,0,0,0,0,2,multiscale+elgendi_like,1.000000,0.000000,0,0,0,0,1.000000,4.870940,1,728.000000,7.999000,,v0.4.1-interval-core
10117182047,10117182047,10117182047,10117182047,0.000000,0,0,0,0,2,multiscale+elgendi_like,1.000000,0.000000,0,0,0,0,1.000000,4.537256,1,728.001000,0.000000,,v0.4.1-interval-core
10117854043,10117854043,10117854043,10117854043,0.000000,0,0,0,0,2,multiscale+elgendi_like,1.000000,0.000000,0,0,0,0,1.000000,5.094708,1,728.003000,0.000000,,v0.4.1-interval-core
10118542043,10118534047,10118542043,10118542043,7.996000,0,0,0,0,2,multiscale+elgendi_like,1.000000,0.000000,0,0,0,0,1.000000,5.995338,1,728.003000,7.996000,,v0.4.1-interval-core
10119246047,10119246047,10119246047,10119246047,0.000000,0,0,0,0,2,multiscale+elgendi_like,1.000000,0.000000,0,0,0,0,1.000000,5.840131,1,728.002000,0.000000,,v0.4.1-interval-core
10119990043,10119990043,10119990043,10119990043,0.000000,0,0,0,0,2,multiscale+elgendi_like,1.000000,0.000000,0,0,0,0,1.000000,5.986184,1,724.001500,0.000000,,v0.4.1-interval-core
10120750043,10120750043,10120750043,10120750043,0.000000,0,0,0,0,2,multiscale+elgendi_like,1.000000,0.000000,0,0,0,0,1.000000,6.107657,1,719.999000,0.000000,,v0.4.1-interval-core
10121558047,10121558047,10121558047,10121558047,0.000000,0,0,0,0,2,multiscale+elgendi_like,1.000000,0.000000,0,0,0,0,1.000000,5.837466,1,719.999000,0.000000,,v0.4.1-interval-core
10122342047,10122342047,10122342047,10122342047,0.000000,0,0,0,0,2,multiscale+elgendi_like,1.000000,0.000000,0,0,0,0,1.000000,5.007468,1,724.001500,0.000000,,v0.4.1-interval-core
10123118045,10123110047,10123118045,10123118045,7.998000,0,0,0,0,2,multiscale+elgendi_like,1.000000,0.000000,0,0,0,0,1.000000,5.352722,1,731.999500,7.998000,,v0.4.1-interval-core
10123878047,10123870045,10123878047,10123878047,8.002000,0,0,0,0,2,multiscale+elgendi_like,1.000000,0.000000,0,0,0,0,1.000000,5.124544,1,736.000000,8.002000,,v0.4.1-interval-core
10124614047,10124614047,10124614047,10124614047,0.000000,0,0,0,0,2,multiscale+elgendi_like,1.000000,0.000000,0,0,0,0,1.000000,4.306218,1,739.998000,0.000000,,v0.4.1-interval-core
10125286047,10125286047,10125286047,10125286047,0.000000,0,0,0,0,2,multiscale+elgendi_like,1.000000,0.000000,0,0,0,0,1.000000,3.812515,1,739.998000,0.000000,,v0.4.1-interval-core
10125910045,10125910045,10125910045,10125910045,0.000000,0,0,0,0,2,multiscale+elgendi_like,1.000000,0.000000,0,0,0,0,1.000000,3.872056,1,739.998000,0.000000,,v0.4.1-interval-core
10126502044,0,10126502044,10126502044,0.000000,1,0,0,0,2,multiscale+elgendi_like,1.000000,0.000000,0,0,1,0,1.000000,3.673008,1,736.000000,0.000000,,v0.4.1-interval-core
10127094047,10127094047,10127094047,10127094047,0.000000,0,0,0,0,2,multiscale+elgendi_like,1.000000,0.000000,0,0,0,0,1.000000,4.762411,1,743.996000,0.000000,,v0.4.1-interval-core
10127726045,10127726045,10127726045,10127726045,0.000000,0,0,0,0,2,multiscale+elgendi_like,1.000000,0.000000,0,0,0,0,1.000000,5.715150,1,744.000000,0.000000,,v0.4.1-interval-core
10128414043,0,10128414043,10128414043,0.000000,1,0,0,0,2,multiscale+elgendi_like,1.000000,0.000000,0,0,1,0,1.000000,5.745389,1,744.000000,0.000000,,v0.4.1-interval-core
10129158043,0,10129158043,10129158043,0.000000,1,0,0,0,2,multiscale+elgendi_like,1.000000,0.000000,0,0,1,0,1.000000,6.156639,1,744.004000,0.000000,,v0.4.1-interval-core
10129950043,0,10129950043,10129950043,0.000000,1,0,0,0,2,multiscale+elgendi_like,1.000000,0.000000,0,0,1,0,1.000000,6.064842,1,744.004000,0.000000,,v0.4.1-interval-core
10130774045,10130774045,10130774045,10130774045,0.000000,0,0,0,0,2,multiscale+elgendi_like,1.000000,0.000000,0,0,0,0,1.000000,5.685510,1,744.004000,0.000000,,v0.4.1-interval-core
10131590043,10131590043,10131590043,10131590043,0.000000,0,0,0,0,2,multiscale+elgendi_like,1.000000,0.000000,0,0,0,0,1.000000,4.937197,1,744.004000,0.000000,,v0.4.1-interval-core
10132390044,10132390044,10132390044,10132390044,0.000000,0,0,0,0,2,multiscale+elgendi_like,1.000000,0.000000,0,0,0,0,1.000000,5.002602,1,740.002000,0.000000,,v0.4.1-interval-core
10133166043,10133166043,10133166043,10133166043,0.000000,0,0,0,0,2,multiscale+elgendi_like,1.000000,0.000000,0,0,0,0,1.000000,4.824563,1,736.002000,0.000000,,v0.4.1-interval-core
10133942043,10133934046,10133942043,10133942043,7.997000,0,0,0,0,2,multiscale+elgendi_like,1.000000,0.000000,0,0,0,0,1.000000,4.717011,1,727.998000,7.997000,,v0.4.1-interval-core
10134686047,10134686047,10134686047,10134686047,0.000000,0,0,0,0,2,multiscale+elgendi_like,1.000000,0.000000,0,0,0,0,1.000000,4.713030,1,715.996500,0.000000,,v0.4.1-interval-core
10135406043,10135406043,10135406043,10135406043,0.000000,0,0,0,0,2,multiscale+elgendi_like,1.000000,0.000000,0,0,0,0,1.000000,5.024011,1,708.000500,0.000000,,v0.4.1-interval-core
10136166043,10136158047,10136166043,10136166043,7.996000,0,0,0,0,2,multiscale+elgendi_like,1.000000,0.000000,0,0,0,0,1.000000,5.425018,1,704.001500,7.996000,,v0.4.1-interval-core
10136902047,10136902047,10136902047,10136902047,0.000000,0,0,0,0,2,multiscale+elgendi_like,1.000000,0.000000,0,0,0,0,1.000000,5.228453,1,704.001500,0.000000,,v0.4.1-interval-core
10137614044,10137614044,10137614044,10137614044,0.000000,0,0,0,0,2,multiscale+elgendi_like,1.000000,0.000000,0,0,0,0,1.000000,4.558866,1,708.000500,0.000000,,v0.4.1-interval-core
10138318043,10138318043,10138318043,10138318043,0.000000,0,0,0,0,2,multiscale+elgendi_like,1.000000,0.000000,0,0,0,0,1.000000,4.850197,1,715.996500,0.000000,,v0.4.1-interval-core
10139022047,0,10139022047,10139022047,0.000000,1,0,0,0,2,multiscale+elgendi_like,1.000000,0.000000,0,0,1,0,1.000000,4.817841,1,736.004000,0.000000,,v0.4.1-interval-core
10139710043,10139710043,10139710043,10139710043,0.000000,0,0,0,0,2,multiscale+elgendi_like,1.000000,0.000000,0,0,0,0,1.000000,4.971667,1,743.998000,0.000000,,v0.4.1-interval-core
10140382043,10140382043,10140382043,10140382043,0.000000,0,0,0,0,2,multiscale+elgendi_like,1.000000,0.000000,0,0,0,0,1.000000,5.459035,1,740.001000,0.000000,,v0.4.1-interval-core
10141054045,10141054045,10141054045,10141054045,0.000000,0,0,0,0,2,multiscale+elgendi_like,1.000000,0.000000,0,0,0,0,1.000000,5.160869,1,743.998000,0.000000,,v0.4.1-interval-core
10141726043,10141726043,10141726043,10141726043,0.000000,0,0,0,0,2,multiscale+elgendi_like,1.000000,0.000000,0,0,0,0,1.000000,4.950314,1,743.998000,0.000000,,v0.4.1-interval-core
10142366043,10142366043,10142366043,10142366043,0.000000,0,0,0,0,2,multiscale+elgendi_like,1.000000,0.000000,0,0,0,0,1.000000,4.698313,1,743.998000,0.000000,,v0.4.1-interval-core
10143022043,10143014043,10143022043,10143022043,8.000000,0,0,0,0,2,multiscale+elgendi_like,1.000000,0.000000,0,0,0,0,1.000000,5.382129,1,743.998000,8.000000,,v0.4.1-interval-core
10143718045,10143718045,10143718045,10143718045,0.000000,0,0,0,0,2,multiscale+elgendi_like,1.000000,0.000000,0,0,0,0,1.000000,5.775958,1,736.004000,0.000000,,v0.4.1-interval-core
10144462043,10144462043,10144462043,10144462043,0.000000,0,0,0,0,2,multiscale+elgendi_like,1.000000,0.000000,0,0,0,0,1.000000,6.080686,1,736.004000,0.000000,,v0.4.1-interval-core
10145238043,10145238043,10145238043,10145238043,0.000000,0,0,0,0,2,multiscale+elgendi_like,1.000000,0.000000,0,0,0,0,1.000000,5.920638,1,736.004000,0.000000,,v0.4.1-interval-core
10146054043,10146054043,10146054043,10146054043,0.000000,0,0,0,0,2,multiscale+elgendi_like,1.000000,0.000000,0,0,0,0,1.000000,5.790270,1,736.004000,0.000000,,v0.4.1-interval-core
10146886043,10146886043,10146886043,10146886043,0.000000,0,0,0,0,2,multiscale+elgendi_like,1.000000,0.000000,0,0,0,0,1.000000,5.726539,1,736.004000,0.000000,,v0.4.1-interval-core
10147694046,10147694046,10147694046,10147694046,0.000000,0,0,0,0,2,multiscale+elgendi_like,1.000000,0.000000,0,0,0,0,1.000000,5.350279,1,736.000000,0.000000,,v0.4.1-interval-core
10148486046,10148486046,10148486046,10148486046,0.000000,0,0,0,0,2,multiscale+elgendi_like,1.000000,0.000000,0,0,0,0,1.000000,4.975483,1,728.000000,0.000000,,v0.4.1-interval-core
10149238043,10149230047,10149238043,10149238043,7.996000,0,0,0,0,2,multiscale+elgendi_like,1.000000,0.000000,0,0,0,0,1.000000,4.895079,1,736.000000,7.996000,,v0.4.1-interval-core
10149974043,10149974043,10149974043,10149974043,0.000000,0,0,0,0,2,multiscale+elgendi_like,1.000000,0.000000,0,0,0,0,1.000000,5.227536,1,743.998000,0.000000,,v0.4.1-interval-core
10150734047,10150726045,10150734047,10150734047,8.002000,0,0,0,0,2,multiscale+elgendi_like,1.000000,0.000000,0,0,0,0,1.000000,5.026508,1,744.003000,8.002000,,v0.4.1-interval-core
10151494043,10151486047,10151494043,10151494043,7.996000,0,0,0,0,2,multiscale+elgendi_like,1.000000,0.000000,0,0,0,0,1.000000,5.035509,1,751.998500,7.996000,,v0.4.1-interval-core
10152246043,10152238047,10152246043,10152246043,7.996000,0,0,0,0,2,multiscale+elgendi_like,1.000000,0.000000,0,0,0,0,1.000000,4.649152,1,752.000000,7.996000,,v0.4.1-interval-core
10152998047,10152998047,10152998047,10152998047,0.000000,0,0,0,0,2,multiscale+elgendi_like,1.000000,0.000000,0,0,0,0,1.000000,4.464755,1,756.000000,0.000000,,v0.4.1-interval-core
10153718043,10153710047,10153718043,10153718043,7.996000,0,0,0,0,2,multiscale+elgendi_like,1.000000,0.000000,0,0,0,0,1.000000,3.937737,1,760.000000,7.996000,,v0.4.1-interval-core
10154422043,10154422043,10154422043,10154422043,0.000000,0,0,0,0,2,multiscale+elgendi_like,1.000000,0.000000,0,0,0,0,1.000000,4.371017,1,760.004000,0.000000,,v0.4.1-interval-core
10155150043,10155150043,10155150043,10155150043,0.000000,0,0,0,0,2,multiscale+elgendi_like,1.000000,0.000000,0,0,0,0,1.000000,4.644384,1,768.000000,0.000000,,v0.4.1-interval-core
10155894046,10155894046,10155894046,10155894046,0.000000,0,0,0,0,2,multiscale+elgendi_like,1.000000,0.000000,0,0,0,0,1.000000,4.972092,1,776.000000,0.000000,,v0.4.1-interval-core
10156662046,10156662046,10156662046,10156662046,0.000000,0,0,0,0,2,multiscale+elgendi_like,1.000000,0.000000,0,0,0,0,1.000000,5.058904,1,783.999000,0.000000,,v0.4.1-interval-core
10157486046,10157486046,10157486046,10157486046,0.000000,0,0,0,0,2,multiscale+elgendi_like,1.000000,0.000000,0,0,0,0,1.000000,5.196203,1,783.999000,0.000000,,v0.4.1-interval-core
10158350047,10158350047,10158350047,10158350047,0.000000,0,0,0,0,2,multiscale+elgendi_like,1.000000,0.000000,0,0,0,0,1.000000,5.291559,1,783.999000,0.000000,,v0.4.1-interval-core
10159254043,10159254043,10159254043,10159254043,0.000000,0,0,0,0,2,multiscale+elgendi_like,1.000000,0.000000,0,0,0,0,1.000000,5.187042,1,783.999000,0.000000,,v0.4.1-interval-core
10160134043,10160134043,10160134043,10160134043,0.000000,0,0,0,0,2,multiscale+elgendi_like,1.000000,0.000000,0,0,0,0,1.000000,4.811925,1,764.002000,0.000000,,v0.4.1-interval-core
10160950043,10160950043,10160950043,10160950043,0.000000,0,0,0,0,2,multiscale+elgendi_like,1.000000,0.000000,0,0,0,0,1.000000,4.640601,1,764.002000,0.000000,,v0.4.1-interval-core
10161782044,0,10161782044,10161782044,0.000000,1,0,0,0,2,multiscale+elgendi_like,1.000000,0.000000,0,0,1,0,1.000000,4.852446,1,764.002000,0.000000,,v0.4.1-interval-core
10162566043,0,10162566043,10162566043,0.000000,1,0,0,0,2,multiscale+elgendi_like,1.000000,0.000000,0,0,1,0,1.000000,4.709919,1,764.000000,0.000000,,v0.4.1-interval-core
10163382045,0,10163382045,10163382045,0.000000,1,0,0,0,2,multiscale+elgendi_like,1.000000,0.000000,0,0,1,0,1.000000,4.831478,1,764.000000,0.000000,,v0.4.1-interval-core
10164230043,0,10164230043,10164230043,0.000000,1,0,0,0,2,multiscale+elgendi_like,1.000000,0.000000,0,0,1,0,1.000000,4.844160,1,764.000000,0.000000,,v0.4.1-interval-core
10165062043,0,10165062043,10165062043,0.000000,1,0,0,0,2,multiscale+elgendi_like,1.000000,0.000000,0,0,1,0,1.000000,4.641272,1,764.000000,0.000000,,v0.4.1-interval-core
10165854043,10165854043,10165854043,10165854043,0.000000,0,0,0,0,2,multiscale+elgendi_like,1.000000,0.000000,0,0,0,0,1.000000,4.550511,1,764.000000,0.000000,,v0.4.1-interval-core
10166614043,0,10166614043,10166614043,0.000000,1,0,0,0,2,multiscale+elgendi_like,1.000000,0.000000,0,0,1,0,1.000000,4.210080,1,764.000000,0.000000,,v0.4.1-interval-core
10167358043,0,10167358043,10167358043,0.000000,1,0,0,0,2,multiscale+elgendi_like,1.000000,0.000000,0,0,1,0,1.000000,4.041565,1,760.000000,0.000000,,v0.4.1-interval-core
10168078043,10168078043,10168078043,10168078043,0.000000,0,0,0,0,2,multiscale+elgendi_like,1.000000,0.000000,0,0,0,0,1.000000,4.467351,1,764.000000,0.000000,,v0.4.1-interval-core
10168742046,10168742046,10168742046,10168742046,0.000000,0,0,0,0,2,multiscale+elgendi_like,1.000000,0.000000,0,0,0,0,1.000000,4.548006,1,764.000000,0.000000,,v0.4.1-interval-core
10169374043,10169366046,10169374043,10169374043,7.997000,0,0,0,0,2,multiscale+elgendi_like,1.000000,0.000000,0,0,0,0,1.000000,4.353228,1,752.002000,7.997000,,v0.4.1-interval-core
10169998043,10170286043,10169998043,10169998043,-288.000000,0,0,0,0,2,multiscale+elgendi_like,1.000000,0.000000,0,0,0,0,1.000000,4.376230,1,744.004000,288.000000,,v0.4.1-interval-core
10170622043,0,10170622043,10170622043,0.000000,1,0,0,0,2,multiscale+elgendi_like,1.000000,0.000000,0,0,1,0,1.000000,4.485276,1,744.000000,0.000000,,v0.4.1-interval-core
10171222046,10171222046,10171222046,10171222046,0.000000,0,0,0,0,2,multiscale+elgendi_like,1.000000,0.000000,0,0,0,0,1.000000,4.683569,1,736.000000,0.000000,,v0.4.1-interval-core
10171862047,10171854045,10171862047,10171862047,8.002000,0,0,0,0,2,multiscale+elgendi_like,1.000000,0.000000,0,0,0,0,1.000000,5.217299,1,728.000000,8.002000,,v0.4.1-interval-core
10172534047,10172534047,10172534047,10172534047,0.000000,0,0,0,0,2,multiscale+elgendi_like,1.000000,0.000000,0,0,0,0,1.000000,5.319268,1,727.998000,0.000000,,v0.4.1-interval-core
10173230043,10173222047,10173230043,10173230043,7.996000,0,0,0,0,2,multiscale+elgendi_like,1.000000,0.000000,0,0,0,0,1.000000,5.591113,1,723.998500,7.996000,,v0.4.1-interval-core
10173966043,10173966043,10173966043,10173966043,0.000000,0,0,0,0,2,multiscale+elgendi_like,1.000000,0.000000,0,0,0,0,1.000000,6.192278,1,716.000000,0.000000,,v0.4.1-interval-core
10174734043,10174726043,10174734043,10174734043,8.000000,0,0,0,0,2,multiscale+elgendi_like,1.000000,0.000000,0,0,0,0,1.000000,5.919781,1,716.000000,8.000000,,v0.4.1-interval-core
10175510043,10175502043,10175510043,10175510043,8.000000,0,0,0,0,2,multiscale+elgendi_like,1.000000,0.000000,0,0,0,0,1.000000,5.702630,1,712.001500,8.000000,,v0.4.1-interval-core
10176254047,10176254047,10176254047,10176254047,0.000000,0,0,0,0,2,multiscale+elgendi_like,1.000000,0.000000,0,0,0,0,1.000000,5.339075,1,712.001500,0.000000,,v0.4.1-interval-core
10176966047,10176966047,10176966047,10176966047,0.000000,0,0,0,0,2,multiscale+elgendi_like,1.000000,0.000000,0,0,0,0,1.000000,4.972256,1,712.001500,0.000000,,v0.4.1-interval-core
10177646047,10177646047,10177646047,10177646047,0.000000,0,0,0,0,2,multiscale+elgendi_like,1.000000,0.000000,0,0,0,0,1.000000,4.708902,1,712.001500,0.000000,,v0.4.1-interval-core
10178318043,0,10178318043,10178318043,0.000000,1,0,0,0,2,multiscale+elgendi_like,1.000000,0.000000,0,0,1,0,1.000000,5.417311,1,712.003000,0.000000,,v0.4.1-interval-core
10179014047,0,10179014047,10179014047,0.000000,1,0,0,0,2,multiscale+elgendi_like,1.000000,0.000000,0,0,1,0,1.000000,5.232200,1,712.001500,0.000000,,v0.4.1-interval-core
10179742044,0,10179742044,10179742044,0.000000,1,0,0,0,2,multiscale+elgendi_like,1.000000,0.000000,0,0,1,0,1.000000,5.288572,1,704.001000,0.000000,,v0.4.1-interval-core
10180478043,10180478043,10180478043,10180478043,0.000000,0,0,0,0,2,multiscale+elgendi_like,1.000000,0.000000,0,0,0,0,1.000000,4.951885,1,704.001000,0.000000,,v0.4.1-interval-core
10181174043,10181166047,10181174043,10181174043,7.996000,0,0,0,0,2,multiscale+elgendi_like,1.000000,0.000000,0,0,0,0,1.000000,4.933998,1,704.001000,7.996000,,v0.4.1-interval-core
10181886046,10181886046,10181886046,10181886046,0.000000,0,0,0,0,2,multiscale+elgendi_like,1.000000,0.000000,0,0,0,0,1.000000,5.614868,1,704.001000,0.000000,,v0.4.1-interval-core
10182638043,10182638043,10182638043,10182638043,0.000000,0,0,0,0,2,multiscale+elgendi_like,1.000000,0.000000,0,0,0,0,1.000000,5.686252,1,708.000500,0.000000,,v0.4.1-interval-core
10183382043,10183382043,10183382043,10183382043,0.000000,0,0,0,0,2,multiscale+elgendi_like,1.000000,0.000000,0,0,0,0,1.000000,5.289252,1,704.001000,0.000000,,v0.4.1-interval-core
10184134043,10184126046,10184134043,10184134043,7.997000,0,0,0,0,2,multiscale+elgendi_like,1.000000,0.000000,0,0,0,0,1.000000,5.067497,1,704.001000,7.997000,,v0.4.1-interval-core
10184886043,10184886043,10184886043,10184886043,0.000000,0,0,0,0,2,multiscale+elgendi_like,1.000000,0.000000,0,0,0,0,1.000000,5.418220,1,704.001000,0.000000,,v0.4.1-interval-core
10185614045,10185614045,10185614045,10185614045,0.000000,0,0,0,0,2,multiscale+elgendi_like,1.000000,0.000000,0,0,0,0,1.000000,5.576895,1,696.004000,0.000000,,v0.4.1-interval-core
10186318046,10186318046,10186318046,10186318046,0.000000,0,0,0,0,2,multiscale+elgendi_like,1.000000,0.000000,0,0,0,0,1.000000,4.912812,1,696.004000,0.000000,,v0.4.1-interval-core
10186974046,10186974046,10186974046,10186974046,0.000000,0,0,0,0,2,multiscale+elgendi_like,1.000000,0.000000,0,0,0,0,1.000000,4.522817,1,696.004000,0.000000,,v0.4.1-interval-core
10187622043,10187622043,10187622043,10187622043,0.000000,0,0,0,0,2,multiscale+elgendi_like,1.000000,0.000000,0,0,0,0,1.000000,5.036914,1,696.004000,0.000000,,v0.4.1-interval-core
10188246047,0,10188246047,10188246047,0.000000,1,0,0,0,2,multiscale+elgendi_like,1.000000,0.000000,0,0,1,0,1.000000,4.854011,1,696.004000,0.000000,,v0.4.1-interval-core
10188854043,10188854043,10188854043,10188854043,0.000000,0,0,0,0,2,multiscale+elgendi_like,1.000000,0.000000,0,0,0,0,1.000000,5.242133,1,703.998000,0.000000,,v0.4.1-interval-core
10189454046,10189454046,10189454046,10189454046,0.000000,0,0,0,0,2,multiscale+elgendi_like,1.000000,0.000000,0,0,0,0,1.000000,5.186904,1,703.998000,0.000000,,v0.4.1-interval-core
10190054043,10190054043,10190054043,10190054043,0.000000,0,0,0,0,2,multiscale+elgendi_like,1.000000,0.000000,0,0,0,0,1.000000,5.117612,1,703.998000,0.000000,,v0.4.1-interval-core
10190654047,10190646044,10190654047,10190654047,8.003000,0,0,0,0,2,multiscale+elgendi_like,1.000000,0.000000,0,0,0,0,1.000000,5.127971,1,704.000000,8.003000,,v0.4.1-interval-core
10191246047,10191246047,10191246047,10191246047,0.000000,0,0,0,0,2,multiscale+elgendi_like,1.000000,0.000000,0,0,0,0,1.000000,5.302428,1,704.000000,0.000000,,v0.4.1-interval-core
10191894046,10191894046,10191894046,10191894046,0.000000,0,0,0,0,2,multiscale+elgendi_like,1.000000,0.000000,0,0,0,0,1.000000,5.480654,1,703.998000,0.000000,,v0.4.1-interval-core
10192558045,10192558045,10192558045,10192558045,0.000000,0,0,0,0,2,multiscale+elgendi_like,1.000000,0.000000,0,0,0,0,1.000000,5.432971,1,703.998000,0.000000,,v0.4.1-interval-core
10193262045,10193254043,10193262045,10193262045,8.002000,0,0,0,0,2,multiscale+elgendi_like,1.000000,0.000000,0,0,0,0,1.000000,5.718240,1,696.000000,8.002000,,v0.4.1-interval-core
10193966045,10193966045,10193966045,10193966045,0.000000,0,0,0,0,2,multiscale+elgendi_like,1.000000,0.000000,0,0,0,0,1.000000,5.785621,1,688.000000,0.000000,,v0.4.1-interval-core
10194670043,10194670043,10194670043,10194670043,0.000000,0,0,0,0,2,multiscale+elgendi_like,1.000000,0.000000,0,0,0,0,1.000000,6.513436,1,688.000000,0.000000,,v0.4.1-interval-core
10195382043,10195382043,10195382043,10195382043,0.000000,0,0,0,0,2,multiscale+elgendi_like,1.000000,0.000000,0,0,0,0,1.000000,5.875651,1,688.000000,0.000000,,v0.4.1-interval-core
10196094047,10196094047,10196094047,10196094047,0.000000,0,0,0,0,2,multiscale+elgendi_like,1.000000,0.000000,0,0,0,0,1.000000,5.771951,1,688.000000,0.000000,,v0.4.1-interval-core
10196766043,10196766043,10196766043,10196766043,0.000000,0,0,0,0,2,multiscale+elgendi_like,1.000000,0.000000,0,0,0,0,1.000000,5.233702,1,688.000000,0.000000,,v0.4.1-interval-core
10197478047,10197478047,10197478047,10197478047,0.000000,0,0,0,0,2,multiscale+elgendi_like,1.000000,0.000000,0,0,0,0,1.000000,5.636306,1,688.000000,0.000000,,v0.4.1-interval-core
10198214043,10198214043,10198214043,10198214043,0.000000,0,0,0,0,2,multiscale+elgendi_like,1.000000,0.000000,0,0,0,0,1.000000,5.368518,1,688.000000,0.000000,,v0.4.1-interval-core
10198902043,10198902043,10198902043,10198902043,0.000000,0,0,0,0,2,multiscale+elgendi_like,1.000000,0.000000,0,0,0,0,1.000000,5.117414,1,703.998000,0.000000,,v0.4.1-interval-core
10199574043,10199566043,10199574043,10199574043,8.000000,0,0,0,0,2,multiscale+elgendi_like,1.000000,0.000000,0,0,0,0,1.000000,5.546495,1,703.999000,8.000000,,v0.4.1-interval-core
10200262043,10200262043,10200262043,10200262043,0.000000,0,0,0,0,2,multiscale+elgendi_like,1.000000,0.000000,0,0,0,0,1.000000,5.622089,1,704.000000,0.000000,,v0.4.1-interval-core
10200982043,10200982043,10200982043,10200982043,0.000000,0,0,0,0,2,multiscale+elgendi_like,1.000000,0.000000,0,0,0,0,1.000000,5.874112,1,707.999000,0.000000,,v0.4.1-interval-core
10201662045,10201662045,10201662045,10201662045,0.000000,0,0,0,0,2,multiscale+elgendi_like,1.000000,0.000000,0,0,0,0,1.000000,5.340296,1,711.999000,0.000000,,v0.4.1-interval-core
10202374043,10202374043,10202374043,10202374043,0.000000,0,0,0,0,2,multiscale+elgendi_like,1.000000,0.000000,0,0,0,0,1.000000,5.605922,1,712.002000,0.000000,,v0.4.1-interval-core
10203102043,10203102043,10203102043,10203102043,0.000000,0,0,0,0,2,multiscale+elgendi_like,1.000000,0.000000,0,0,0,0,1.000000,5.680357,1,712.004000,0.000000,,v0.4.1-interval-core
10203870045,10203870045,10203870045,10203870045,0.000000,0,0,0,0,2,multiscale+elgendi_like,1.000000,0.000000,0,0,0,0,1.000000,5.840599,1,720.000000,0.000000,,v0.4.1-interval-core
10204606043,10204606043,10204606043,10204606043,0.000000,0,0,0,0,2,multiscale+elgendi_like,1.000000,0.000000,0,0,0,0,1.000000,5.564405,1,728.000000,0.000000,,v0.4.1-interval-core
10205366043,10205366043,10205366043,10205366043,0.000000,0,0,0,0,2,multiscale+elgendi_like,1.000000,0.000000,0,0,0,0,1.000000,5.372916,1,731.998000,0.000000,,v0.4.1-interval-core
10206142047,10206134043,10206142047,10206142047,8.004000,0,0,0,0,2,multiscale+elgendi_like,1.000000,0.000000,0,0,0,0,1.000000,4.959130,1,735.997000,8.004000,,v0.4.1-interval-core
10206902044,10206902044,10206902044,10206902044,0.000000,0,0,0,0,2,multiscale+elgendi_like,1.000000,0.000000,0,0,0,0,1.000000,4.802150,1,747.997500,0.000000,,v0.4.1-interval-core
10207686043,10207686043,10207686043,10207686043,0.000000,0,0,0,0,2,multiscale+elgendi_like,1.000000,0.000000,0,0,0,0,1.000000,5.013704,1,759.998500,0.000000,,v0.4.1-interval-core
10208502043,10208502043,10208502043,10208502043,0.000000,0,0,0,0,2,multiscale+elgendi_like,1.000000,0.000000,0,0,0,0,1.000000,5.002591,1,764.001000,0.000000,,v0.4.1-interval-core
10209334043,10209334043,10209334043,10209334043,0.000000,0,0,0,0,2,multiscale+elgendi_like,1.000000,0.000000,0,0,0,0,1.000000,4.806023,1,772.003000,0.000000,,v0.4.1-interval-core
10210142047,10210142047,10210142047,10210142047,0.000000,0,0,0,0,2,multiscale+elgendi_like,1.000000,0.000000,0,0,0,0,1.000000,4.730827,1,783.999000,0.000000,,v0.4.1-interval-core
10210974044,10210974044,10210974044,10210974044,0.000000,0,0,0,0,2,multiscale+elgendi_like,1.000000,0.000000,0,0,0,0,1.000000,5.098082,1,800.000000,0.000000,,v0.4.1-interval-core
10211886043,0,10211886043,10211886043,0.000000,1,0,0,0,2,multiscale+elgendi_like,1.000000,0.000000,0,0,1,0,1.000000,5.032205,1,800.004000,0.000000,,v0.4.1-interval-core
10212790043,10212790043,10212790043,10212790043,0.000000,0,0,0,0,2,multiscale+elgendi_like,1.000000,0.000000,0,0,0,0,1.000000,4.498096,1,807.996000,0.000000,,v0.4.1-interval-core
10213630044,10213622043,10213630044,10213630044,8.001000,0,0,0,0,2,multiscale+elgendi_like,1.000000,0.000000,0,0,0,0,1.000000,4.415894,1,800.004000,8.001000,,v0.4.1-interval-core
10214454043,10214446046,10214454043,10214454043,7.997000,0,0,0,0,2,multiscale+elgendi_like,1.000000,0.000000,0,0,0,0,1.000000,4.637693,1,807.996000,7.997000,,v0.4.1-interval-core
10215278045,10215278045,10215278045,10215278045,0.000000,0,0,0,0,2,multiscale+elgendi_like,1.000000,0.000000,0,0,0,0,1.000000,4.679929,1,807.996000,0.000000,,v0.4.1-interval-core
10216118043,10216118043,10216118043,10216118043,0.000000,0,0,0,0,2,multiscale+elgendi_like,1.000000,0.000000,0,0,0,0,1.000000,4.520907,1,807.996000,0.000000,,v0.4.1-interval-core
10216926043,10216926043,10216926043,10216926043,0.000000,0,0,0,0,2,multiscale+elgendi_like,1.000000,0.000000,0,0,0,0,1.000000,4.144590,1,804.000000,0.000000,,v0.4.1-interval-core
10217726043,10217726043,10217726043,10217726043,0.000000,0,0,0,0,2,multiscale+elgendi_like,1.000000,0.000000,0,0,0,0,1.000000,4.391066,1,804.000000,0.000000,,v0.4.1-interval-core
10218526047,10218526047,10218526047,10218526047,0.000000,0,0,0,0,2,multiscale+elgendi_like,1.000000,0.000000,0,0,0,0,1.000000,4.474013,1,804.000000,0.000000,,v0.4.1-interval-core
10219334043,10219326044,10219334043,10219334043,7.999000,0,0,0,0,2,multiscale+elgendi_like,1.000000,0.000000,0,0,0,0,1.000000,4.527312,1,804.000000,7.999000,,v0.4.1-interval-core
10220102043,10220102043,10220102043,10220102043,0.000000,0,0,0,0,2,multiscale+elgendi_like,1.000000,0.000000,0,0,0,0,1.000000,4.072325,1,800.002000,0.000000,,v0.4.1-interval-core
10220846045,10220846045,10220846045,10220846045,0.000000,0,0,0,0,2,multiscale+elgendi_like,1.000000,0.000000,0,0,0,0,1.000000,4.302914,1,800.002000,0.000000,,v0.4.1-interval-core
10221542043,10221542043,10221542043,10221542043,0.000000,0,0,0,0,2,multiscale+elgendi_like,1.000000,0.000000,0,0,0,0,1.000000,4.079165,1,800.002000,0.000000,,v0.4.1-interval-core
10222214043,0,10222214043,10222214043,0.000000,1,0,0,0,2,multiscale+elgendi_like,1.000000,0.000000,0,0,1,0,1.000000,4.345081,1,800.000000,0.000000,,v0.4.1-interval-core
10222926044,10222918043,10222926044,10222926044,8.001000,0,0,0,0,2,multiscale+elgendi_like,1.000000,0.000000,0,0,0,0,1.000000,4.472797,1,792.000000,8.001000,,v0.4.1-interval-core
10223598047,10223590043,10223598047,10223598047,8.004000,0,0,0,0,2,multiscale+elgendi_like,1.000000,0.000000,0,0,0,0,1.000000,4.162534,1,776.000000,8.004000,,v0.4.1-interval-core
10224238047,10224238047,10224238047,10224238047,0.000000,0,0,0,0,2,multiscale+elgendi_like,1.000000,0.000000,0,0,0,0,1.000000,4.427370,1,776.000000,0.000000,,v0.4.1-interval-core
10224918046,10224910046,10224918046,10224918046,8.000000,0,0,0,0,2,multiscale+elgendi_like,1.000000,0.000000,0,0,0,0,1.000000,5.023408,1,776.000000,8.000000,,v0.4.1-interval-core
10225638046,10225630045,10225638046,10225638046,8.001000,0,0,0,0,2,multiscale+elgendi_like,1.000000,0.000000,0,0,0,0,1.000000,5.361442,1,767.998500,8.001000,,v0.4.1-interval-core
10226374047,10226374047,10226374047,10226374047,0.000000,0,0,0,0,2,multiscale+elgendi_like,1.000000,0.000000,0,0,0,0,1.000000,5.137407,1,767.997000,0.000000,,v0.4.1-interval-core
10227142044,10227134045,10227142044,10227142044,7.999000,0,0,0,0,2,multiscale+elgendi_like,1.000000,0.000000,0,0,0,0,1.000000,5.339909,1,767.996000,7.999000,,v0.4.1-interval-core
10227950047,10227950047,10227950047,10227950047,0.000000,0,0,0,0,2,multiscale+elgendi_like,1.000000,0.000000,0,0,0,0,1.000000,5.705720,1,767.996000,0.000000,,v0.4.1-interval-core
10228774043,10228774043,10228774043,10228774043,0.000000,0,0,0,0,2,multiscale+elgendi_like,1.000000,0.000000,0,0,0,0,1.000000,5.656200,1,767.996000,0.000000,,v0.4.1-interval-core
10229558043,10229558043,10229558043,10229558043,0.000000,0,0,0,0,2,multiscale+elgendi_like,1.000000,0.000000,0,0,0,0,1.000000,5.379783,1,767.996000,0.000000,,v0.4.1-interval-core
10230318043,10230318043,10230318043,10230318043,0.000000,0,0,0,0,2,multiscale+elgendi_like,1.000000,0.000000,0,0,0,0,1.000000,5.374143,1,763.998000,0.000000,,v0.4.1-interval-core
10231102043,10231094043,10231102043,10231102043,8.000000,0,0,0,0,2,multiscale+elgendi_like,1.000000,0.000000,0,0,0,0,1.000000,5.380168,1,763.998000,8.000000,,v0.4.1-interval-core
10231878043,10231878043,10231878043,10231878043,0.000000,0,0,0,0,2,multiscale+elgendi_like,1.000000,0.000000,0,0,0,0,1.000000,5.311496,1,767.996000,0.000000,,v0.4.1-interval-core
10232606043,10232606043,10232606043,10232606043,0.000000,0,0,0,0,2,multiscale+elgendi_like,1.000000,0.000000,0,0,0,0,1.000000,5.030125,1,767.997000,0.000000,,v0.4.1-interval-core
10233326047,10233326047,10233326047,10233326047,0.000000,0,0,0,0,2,multiscale+elgendi_like,1.000000,0.000000,0,0,0,0,1.000000,5.293730,1,776.000000,0.000000,,v0.4.1-interval-core
10234094043,10234086044,10234094043,10234094043,7.999000,0,0,0,0,2,multiscale+elgendi_like,1.000000,0.000000,0,0,0,0,1.000000,5.533243,1,783.997000,7.999000,,v0.4.1-interval-core
10234878047,10234878047,10234878047,10234878047,0.000000,0,0,0,0,2,multiscale+elgendi_like,1.000000,0.000000,0,0,0,0,1.000000,5.598554,1,784.000000,0.000000,,v0.4.1-interval-core
10235694043,10235694043,10235694043,10235694043,0.000000,0,0,0,0,2,multiscale+elgendi_like,1.000000,0.000000,0,0,0,0,1.000000,5.492852,1,784.002000,0.000000,,v0.4.1-interval-core
10236494043,10236494043,10236494043,10236494043,0.000000,0,0,0,0,2,multiscale+elgendi_like,1.000000,0.000000,0,0,0,0,1.000000,5.128945,1,784.002000,0.000000,,v0.4.1-interval-core
10237318043,10237318043,10237318043,10237318043,0.000000,0,0,0,0,2,multiscale+elgendi_like,1.000000,0.000000,0,0,0,0,1.000000,5.345353,1,788.002000,0.000000,,v0.4.1-interval-core
10238142043,10238142043,10238142043,10238142043,0.000000,0,0,0,0,2,multiscale+elgendi_like,1.000000,0.000000,0,0,0,0,1.000000,5.014665,1,792.000000,0.000000,,v0.4.1-interval-core
10238950046,10238942047,10238950046,10238950046,7.999000,0,0,0,0,2,multiscale+elgendi_like,1.000000,0.000000,0,0,0,0,1.000000,4.834217,1,792.000000,7.999000,,v0.4.1-interval-core
10239734043,10239734043,10239734043,10239734043,0.000000,0,0,0,0,2,multiscale+elgendi_like,1.000000,0.000000,0,0,0,0,1.000000,4.874662,1,792.000000,0.000000,,v0.4.1-interval-core
10240526043,10240526043,10240526043,10240526043,0.000000,0,0,0,0,2,multiscale+elgendi_like,1.000000,0.000000,0,0,0,0,1.000000,4.923883,1,792.000000,0.000000,,v0.4.1-interval-core
10241318043,10241318043,10241318043,10241318043,0.000000,0,0,0,0,2,multiscale+elgendi_like,1.000000,0.000000,0,0,0,0,1.000000,4.841856,1,792.000000,0.000000,,v0.4.1-interval-core
10242134043,10242134043,10242134043,10242134043,0.000000,0,0,0,0,2,multiscale+elgendi_like,1.000000,0.000000,0,0,0,0,1.000000,4.883283,1,792.001500,0.000000,,v0.4.1-interval-core
10242926046,10242926046,10242926046,10242926046,0.000000,0,0,0,0,2,multiscale+elgendi_like,1.000000,0.000000,0,0,0,0,1.000000,4.609099,1,792.003500,0.000000,,v0.4.1-interval-core
10243694043,10243694043,10243694043,10243694043,0.000000,0,0,0,0,2,multiscale+elgendi_like,1.000000,0.000000,0,0,0,0,1.000000,4.749206,1,800.000000,0.000000,,v0.4.1-interval-core
10244502043,10244494043,10244502043,10244502043,8.000000,0,0,0,0,2,multiscale+elgendi_like,1.000000,0.000000,0,0,0,0,1.000000,4.963561,1,804.000000,8.000000,,v0.4.1-interval-core
10245294047,10245294047,10245294047,10245294047,0.000000,0,0,0,0,2,multiscale+elgendi_like,1.000000,0.000000,0,0,0,0,1.000000,4.835644,1,808.001000,0.000000,,v0.4.1-interval-core
10246070043,10246062043,10246070043,10246070043,8.000000,0,0,0,0,2,multiscale+elgendi_like,1.000000,0.000000,0,0,0,0,1.000000,4.575217,1,808.002500,8.000000,,v0.4.1-interval-core
10246846043,10246846043,10246846043,10246846043,0.000000,0,0,0,0,2,multiscale+elgendi_like,1.000000,0.000000,0,0,0,0,1.000000,4.842471,1,808.001000,0.000000,,v0.4.1-interval-core
10247654045,10247646043,10247654045,10247654045,8.002000,0,0,0,0,2,multiscale+elgendi_like,1.000000,0.000000,0,0,0,0,1.000000,4.995068,1,808.001000,8.002000,,v0.4.1-interval-core
10248494043,10248494043,10248494043,10248494043,0.000000,0,0,0,0,2,multiscale+elgendi_like,1.000000,0.000000,0,0,0,0,1.000000,4.903161,1,792.004000,0.000000,,v0.4.1-interval-core
10249342043,10249342043,10249342043,10249342043,0.000000,0,0,0,0,2,multiscale+elgendi_like,1.000000,0.000000,0,0,0,0,1.000000,4.777926,1,792.003000,0.000000,,v0.4.1-interval-core
10250182043,10250182043,10250182043,10250182043,0.000000,0,0,0,0,2,multiscale+elgendi_like,1.000000,0.000000,0,0,0,0,1.000000,5.002304,1,792.000000,0.000000,,v0.4.1-interval-core
10251030046,10251022046,10251030046,10251030046,8.000000,0,0,0,0,2,multiscale+elgendi_like,1.000000,0.000000,0,0,0,0,1.000000,5.067833,1,792.000000,8.000000,,v0.4.1-interval-core
10251886043,10251886043,10251886043,10251886043,0.000000,0,0,0,0,2,multiscale+elgendi_like,1.000000,0.000000,0,0,0,0,1.000000,4.969578,1,792.000000,0.000000,,v0.4.1-interval-core
10252694047,10252694047,10252694047,10252694047,0.000000,0,0,0,0,2,multiscale+elgendi_like,1.000000,0.000000,0,0,0,0,1.000000,4.569931,1,792.003000,0.000000,,v0.4.1-interval-core
10253478045,10253478045,10253478045,10253478045,0.000000,0,0,0,0,2,multiscale+elgendi_like,1.000000,0.000000,0,0,0,0,1.000000,4.635656,1,792.003000,0.000000,,v0.4.1-interval-core
10254230043,10254230043,10254230043,10254230043,0.000000,0,0,0,0,2,multiscale+elgendi_like,1.000000,0.000000,0,0,0,0,1.000000,4.483059,1,792.004000,0.000000,,v0.4.1-interval-core
10254926043,10254918045,10254926043,10254926043,7.998000,0,0,0,0,2,multiscale+elgendi_like,1.000000,0.000000,0,0,0,0,1.000000,4.519576,1,800.001000,7.998000,,v0.4.1-interval-core
10255622046,10255982046,10255622046,10255622046,-360.000000,0,0,0,0,2,multiscale+elgendi_like,1.000000,0.000000,0,0,0,0,1.000000,4.627168,1,800.000500,360.000000,,v0.4.1-interval-core
10256342043,10256686043,10256342043,10256342043,-344.000000,0,0,0,0,2,multiscale+elgendi_like,1.000000,0.000000,0,0,0,0,1.000000,4.872743,1,808.002000,344.000000,,v0.4.1-interval-core
10257070044,0,10257070044,10257070044,0.000000,1,0,0,0,2,multiscale+elgendi_like,1.000000,0.000000,0,0,1,0,1.000000,4.800822,1,808.004000,0.000000,,v0.4.1-interval-core
10257822047,10257814045,10257822047,10257822047,8.002000,0,0,0,0,2,multiscale+elgendi_like,1.000000,0.000000,0,0,0,0,1.000000,4.916791,1,808.004000,8.002000,,v0.4.1-interval-core
10258614046,10258614046,10258614046,10258614046,0.000000,0,0,0,0,2,multiscale+elgendi_like,1.000000,0.000000,0,0,0,0,1.000000,5.247402,1,815.996000,0.000000,,v0.4.1-interval-core
10259414047,10259414047,10259414047,10259414047,0.000000,0,0,0,0,2,multiscale+elgendi_like,1.000000,0.000000,0,0,0,0,1.000000,5.168226,1,815.996000,0.000000,,v0.4.1-interval-core
10260230045,10260230045,10260230045,10260230045,0.000000,0,0,0,0,2,multiscale+elgendi_like,1.000000,0.000000,0,0,0,0,1.000000,5.367652,1,808.004000,0.000000,,v0.4.1-interval-core
10261054043,10261054043,10261054043,10261054043,0.000000,0,0,0,0,2,multiscale+elgendi_like,1.000000,0.000000,0,0,0,0,1.000000,5.304284,1,808.004000,0.000000,,v0.4.1-interval-core
10261862047,10261862047,10261862047,10261862047,0.000000,0,0,0,0,2,multiscale+elgendi_like,1.000000,0.000000,0,0,0,0,1.000000,5.070713,1,808.000000,0.000000,,v0.4.1-interval-core
10262678043,10262678043,10262678043,10262678043,0.000000,0,0,0,0,2,multiscale+elgendi_like,1.000000,0.000000,0,0,0,0,1.000000,5.418257,1,808.000000,0.000000,,v0.4.1-interval-core
10263518046,10263510043,10263518046,10263518046,8.003000,0,0,0,0,2,multiscale+elgendi_like,1.000000,0.000000,0,0,0,0,1.000000,5.345798,1,808.000000,8.003000,,v0.4.1-interval-core
10264350047,10264350047,10264350047,10264350047,0.000000,0,0,0,0,2,multiscale+elgendi_like,1.000000,0.000000,0,0,0,0,1.000000,5.214484,1,807.999000,0.000000,,v0.4.1-interval-core
10265174047,10265166047,10265174047,10265174047,8.000000,0,0,0,0,2,multiscale+elgendi_like,1.000000,0.000000,0,0,0,0,1.000000,5.241570,1,808.000000,8.000000,,v0.4.1-interval-core
10266006046,10266006046,10266006046,10266006046,0.000000,0,0,0,0,2,multiscale+elgendi_like,1.000000,0.000000,0,0,0,0,1.000000,5.295127,1,808.004000,0.000000,,v0.4.1-interval-core
10266814045,10266814045,10266814045,10266814045,0.000000,0,0,0,0,2,multiscale+elgendi_like,1.000000,0.000000,0,0,0,0,1.000000,4.942283,1,808.004000,0.000000,,v0.4.1-interval-core
10267614047,10267606043,10267614047,10267614047,8.004000,0,0,0,0,2,multiscale+elgendi_like,1.000000,0.000000,0,0,0,0,1.000000,5.151024,1,815.996000,8.004000,,v0.4.1-interval-core
10268422047,10268422047,10268422047,10268422047,0.000000,0,0,0,0,2,multiscale+elgendi_like,1.000000,0.000000,0,0,0,0,1.000000,5.200458,1,815.996000,0.000000,,v0.4.1-interval-core
10269238043,10269238043,10269238043,10269238043,0.000000,0,0,0,0,2,multiscale+elgendi_like,1.000000,0.000000,0,0,0,0,1.000000,4.928798,1,815.996000,0.000000,,v0.4.1-interval-core
10270054043,10270046046,10270054043,10270054043,7.997000,0,0,0,0,2,multiscale+elgendi_like,1.000000,0.000000,0,0,0,0,1.000000,4.549575,1,808.004000,7.997000,,v0.4.1-interval-core
10270854043,10270854043,10270854043,10270854043,0.000000,0,0,0,0,2,multiscale+elgendi_like,1.000000,0.000000,0,0,0,0,1.000000,4.766508,1,815.996000,0.000000,,v0.4.1-interval-core
10271670043,10271670043,10271670043,10271670043,0.000000,0,0,0,0,2,multiscale+elgendi_like,1.000000,0.000000,0,0,0,0,1.000000,4.762752,1,808.004000,0.000000,,v0.4.1-interval-core
10272494043,10272494043,10272494043,10272494043,0.000000,0,0,0,0,2,multiscale+elgendi_like,1.000000,0.000000,0,0,0,0,1.000000,4.592826,1,808.000000,0.000000,,v0.4.1-interval-core
10273310047,10273310047,10273310047,10273310047,0.000000,0,0,0,0,2,multiscale+elgendi_like,1.000000,0.000000,0,0,0,0,1.000000,4.342312,1,807.999000,0.000000,,v0.4.1-interval-core
10274094043,10274094043,10274094043,10274094043,0.000000,0,0,0,0,2,multiscale+elgendi_like,1.000000,0.000000,0,0,0,0,1.000000,4.477775,1,800.003000,0.000000,,v0.4.1-interval-core
10274894043,10274886047,10274894043,10274894043,7.996000,0,0,0,0,2,multiscale+elgendi_like,1.000000,0.000000,0,0,0,0,1.000000,4.540886,1,800.002000,7.996000,,v0.4.1-interval-core
10275694046,10275694046,10275694046,10275694046,0.000000,0,0,0,0,2,multiscale+elgendi_like,1.000000,0.000000,0,0,0,0,1.000000,4.481960,1,800.000000,0.000000,,v0.4.1-interval-core
10276486047,10276486047,10276486047,10276486047,0.000000,0,0,0,0,2,multiscale+elgendi_like,1.000000,0.000000,0,0,0,0,1.000000,4.474529,1,796.000500,0.000000,,v0.4.1-interval-core
10277270043,10277270043,10277270043,10277270043,0.000000,0,0,0,0,2,multiscale+elgendi_like,1.000000,0.000000,0,0,0,0,1.000000,4.664209,1,787.998500,0.000000,,v0.4.1-interval-core
10278038043,10278038043,10278038043,10278038043,0.000000,0,0,0,0,2,multiscale+elgendi_like,1.000000,0.000000,0,0,0,0,1.000000,4.642044,1,787.998500,0.000000,,v0.4.1-interval-core
10278814046,10278814046,10278814046,10278814046,0.000000,0,0,0,0,2,multiscale+elgendi_like,1.000000,0.000000,0,0,0,0,1.000000,4.583105,1,787.998500,0.000000,,v0.4.1-interval-core
10279582043,10279582043,10279582043,10279582043,0.000000,0,0,0,0,2,multiscale+elgendi_like,1.000000,0.000000,0,0,0,0,1.000000,4.614116,1,783.996000,0.000000,,v0.4.1-interval-core
10280334045,10280334045,10280334045,10280334045,0.000000,0,0,0,0,2,multiscale+elgendi_like,1.000000,0.000000,0,0,0,0,1.000000,4.793769,1,783.996000,0.000000,,v0.4.1-interval-core
10281086045,10281086045,10281086045,10281086045,0.000000,0,0,0,0,2,multiscale+elgendi_like,1.000000,0.000000,0,0,0,0,1.000000,4.619763,1,779.999500,0.000000,,v0.4.1-interval-core
10281806043,10281806043,10281806043,10281806043,0.000000,0,0,0,0,2,multiscale+elgendi_like,1.000000,0.000000,0,0,0,0,1.000000,4.369860,1,779.999500,0.000000,,v0.4.1-interval-core
10282462047,0,10282462047,10282462047,0.000000,1,0,0,0,2,multiscale+elgendi_like,1.000000,0.000000,0,0,1,0,1.000000,3.900860,1,772.001500,0.000000,,v0.4.1-interval-core
10283078043,10283078043,10283078043,10283078043,0.000000,0,0,0,0,2,multiscale+elgendi_like,1.000000,0.000000,0,0,0,0,1.000000,3.743380,1,767.998500,0.000000,,v0.4.1-interval-core
10283702045,10283694046,10283702045,10283702045,7.999000,0,0,0,0,2,multiscale+elgendi_like,1.000000,0.000000,0,0,0,0,1.000000,4.024042,1,763.999500,7.999000,,v0.4.1-interval-core
10284462047,10284462047,10284462047,10284462047,0.000000,0,0,0,0,2,multiscale+elgendi_like,1.000000,0.000000,0,0,0,0,1.000000,6.474537,1,756.002000,0.000000,,v0.4.1-interval-core
10285286043,0,10285286043,10285286043,0.000000,1,0,0,0,2,multiscale+elgendi_like,1.000000,0.000000,0,0,1,0,1.000000,7.379346,1,752.001000,0.000000,,v0.4.1-interval-core
10286142043,0,10286142043,10286142043,0.000000,1,0,0,0,2,multiscale+elgendi_like,1.000000,0.000000,0,0,1,0,1.000000,6.966596,1,752.000000,0.000000,,v0.4.1-interval-core
10286926043,0,10286926043,10286926043,0.000000,1,0,0,0,2,multiscale+elgendi_like,1.000000,0.000000,0,0,1,0,1.000000,6.139999,1,752.000500,0.000000,,v0.4.1-interval-core
10287646047,0,10287646047,10287646047,0.000000,1,0,0,0,2,multiscale+elgendi_like,1.000000,0.000000,0,0,1,0,1.000000,5.715075,1,748.002000,0.000000,,v0.4.1-interval-core
10288358043,10288358043,10288358043,10288358043,0.000000,0,0,0,0,2,multiscale+elgendi_like,1.000000,0.000000,0,0,0,0,1.000000,6.078660,1,744.004000,0.000000,,v0.4.1-interval-core
10289102043,10289102043,10289102043,10289102043,0.000000,0,0,0,0,2,multiscale+elgendi_like,1.000000,0.000000,0,0,0,0,1.000000,5.884488,1,744.004000,0.000000,,v0.4.1-interval-core
10289814044,10289814044,10289814044,10289814044,0.000000,0,0,0,0,2,multiscale+elgendi_like,1.000000,0.000000,0,0,0,0,1.000000,5.402894,1,743.997000,0.000000,,v0.4.1-interval-core
10290510043,10290510043,10290510043,10290510043,0.000000,0,0,0,0,2,multiscale+elgendi_like,1.000000,0.000000,0,0,0,0,1.000000,5.733968,1,743.997000,0.000000,,v0.4.1-interval-core
10291214043,10291214043,10291214043,10291214043,0.000000,0,0,0,0,2,multiscale+elgendi_like,1.000000,0.000000,0,0,0,0,1.000000,6.469761,1,739.998500,0.000000,,v0.4.1-interval-core
10291950043,0,10291950043,10291950043,0.000000,1,0,0,0,2,multiscale+elgendi_like,1.000000,0.000000,0,0,1,0,1.000000,6.363617,1,736.000000,0.000000,,v0.4.1-interval-core
10292694047,0,10292694047,10292694047,0.000000,1,0,0,0,2,multiscale+elgendi_like,1.000000,0.000000,0,0,1,0,1.000000,6.409193,1,736.000000,0.000000,,v0.4.1-interval-core
10293454047,10293454047,10293454047,10293454047,0.000000,0,0,0,0,2,multiscale+elgendi_like,1.000000,0.000000,0,0,0,0,1.000000,6.214001,1,736.002000,0.000000,,v0.4.1-interval-core
10294214043,10294214043,10294214043,10294214043,0.000000,0,0,0,0,2,multiscale+elgendi_like,1.000000,0.000000,0,0,0,0,1.000000,5.892661,1,736.003000,0.000000,,v0.4.1-interval-core
10294966046,10294958043,10294966046,10294966046,8.003000,0,0,0,0,2,multiscale+elgendi_like,1.000000,0.000000,0,0,0,0,1.000000,5.758558,1,743.998500,8.003000,,v0.4.1-interval-core
10295710043,10295710043,10295710043,10295710043,0.000000,0,0,0,0,2,multiscale+elgendi_like,1.000000,0.000000,0,0,0,0,1.000000,5.961047,1,743.998500,0.000000,,v0.4.1-interval-core
10296414043,10296414043,10296414043,10296414043,0.000000,0,0,0,0,2,multiscale+elgendi_like,1.000000,0.000000,0,0,0,0,1.000000,5.540991,1,743.998500,0.000000,,v0.4.1-interval-core
10297094046,10297094046,10297094046,10297094046,0.000000,0,0,0,0,2,multiscale+elgendi_like,1.000000,0.000000,0,0,0,0,1.000000,5.986035,1,744.000000,0.000000,,v0.4.1-interval-core
10297822043,10297814043,10297822043,10297822043,8.000000,0,0,0,0,2,multiscale+elgendi_like,1.000000,0.000000,0,0,0,0,1.000000,6.055729,1,744.000000,8.000000,,v0.4.1-interval-core
10298566043,10298566043,10298566043,10298566043,0.000000,0,0,0,0,2,multiscale+elgendi_like,1.000000,0.000000,0,0,0,0,1.000000,5.739845,1,744.000000,0.000000,,v0.4.1-interval-core
10299302044,10299302044,10299302044,10299302044,0.000000,0,0,0,0,2,multiscale+elgendi_like,1.000000,0.000000,0,0,0,0,1.000000,5.468776,1,744.000000,0.000000,,v0.4.1-interval-core
10300038047,10300038047,10300038047,10300038047,0.000000,0,0,0,0,2,multiscale+elgendi_like,1.000000,0.000000,0,0,0,0,1.000000,6.016592,1,751.997000,0.000000,,v0.4.1-interval-core
10300806043,10300806043,10300806043,10300806043,0.000000,0,0,0,0,2,multiscale+elgendi_like,1.000000,0.000000,0,0,0,0,1.000000,5.909873,1,744.000000,0.000000,,v0.4.1-interval-core
10301574043,10301574043,10301574043,10301574043,0.000000,0,0,0,0,2,multiscale+elgendi_like,1.000000,0.000000,0,0,0,0,1.000000,6.068073,1,744.002000,0.000000,,v0.4.1-interval-core
10302374043,10302374043,10302374043,10302374043,0.000000,0,0,0,0,2,multiscale+elgendi_like,1.000000,0.000000,0,0,0,0,1.000000,6.455068,1,744.000000,0.000000,,v0.4.1-interval-core
10303182043,10303174043,10303182043,10303182043,8.000000,0,0,0,0,2,multiscale+elgendi_like,1.000000,0.000000,0,0,0,0,1.000000,6.294116,1,744.002000,8.000000,,v0.4.1-interval-core
10303990043,10303990043,10303990043,10303990043,0.000000,0,0,0,0,2,multiscale+elgendi_like,1.000000,0.000000,0,0,0,0,1.000000,6.009603,1,743.998500,0.000000,,v0.4.1-interval-core
10304790043,10304790043,10304790043,10304790043,0.000000,0,0,0,0,2,multiscale+elgendi_like,1.000000,0.000000,0,0,0,0,1.000000,6.083724,1,743.997000,0.000000,,v0.4.1-interval-core
10305566043,10305566043,10305566043,10305566043,0.000000,0,0,0,0,2,multiscale+elgendi_like,1.000000,0.000000,0,0,0,0,1.000000,5.563305,1,743.997000,0.000000,,v0.4.1-interval-core
10306334046,10306334046,10306334046,10306334046,0.000000,0,0,0,0,2,multiscale+elgendi_like,1.000000,0.000000,0,0,0,0,1.000000,5.723571,1,736.003000,0.000000,,v0.4.1-interval-core
10307078043,10307078043,10307078043,10307078043,0.000000,0,0,0,0,2,multiscale+elgendi_like,1.000000,0.000000,0,0,0,0,1.000000,5.351001,1,736.003000,0.000000,,v0.4.1-interval-core
10307766043,10307758043,10307766043,10307766043,8.000000,0,0,0,0,2,multiscale+elgendi_like,1.000000,0.000000,0,0,0,0,1.000000,5.531526,1,736.003000,8.000000,,v0.4.1-interval-core
10308422047,10308422047,10308422047,10308422047,0.000000,0,0,0,0,2,multiscale+elgendi_like,1.000000,0.000000,0,0,0,0,1.000000,5.905058,1,743.997000,0.000000,,v0.4.1-interval-core
10309094047,10309094047,10309094047,10309094047,0.000000,0,0,0,0,2,multiscale+elgendi_like,1.000000,0.000000,0,0,0,0,1.000000,5.990770,1,743.998000,0.000000,,v0.4.1-interval-core
10309814043,10309806043,10309814043,10309814043,8.000000,0,0,0,0,2,multiscale+elgendi_like,1.000000,0.000000,0,0,0,0,1.000000,5.874758,1,743.997500,8.000000,,v0.4.1-interval-core
10310542044,10310542044,10310542044,10310542044,0.000000,0,0,0,0,2,multiscale+elgendi_like,1.000000,0.000000,0,0,0,0,1.000000,5.575111,1,743.997000,0.000000,,v0.4.1-interval-core
10311286043,10311278044,10311286043,10311286043,7.999000,0,0,0,0,2,multiscale+elgendi_like,1.000000,0.000000,0,0,0,0,1.000000,5.687562,1,743.997500,7.999000,,v0.4.1-interval-core
10312022043,10312022043,10312022043,10312022043,0.000000,0,0,0,0,2,multiscale+elgendi_like,1.000000,0.000000,0,0,0,0,1.000000,5.879085,1,743.997000,0.000000,,v0.4.1-interval-core
10312758046,10312750043,10312758046,10312758046,8.003000,0,0,0,0,2,multiscale+elgendi_like,1.000000,0.000000,0,0,0,0,1.000000,5.498144,1,736.002500,8.003000,,v0.4.1-interval-core
10313446044,10313446044,10313446044,10313446044,0.000000,0,0,0,0,2,multiscale+elgendi_like,1.000000,0.000000,0,0,0,0,1.000000,5.782804,1,736.002500,0.000000,,v0.4.1-interval-core
10314166047,10314166047,10314166047,10314166047,0.000000,0,0,0,0,2,multiscale+elgendi_like,1.000000,0.000000,0,0,0,0,1.000000,6.358681,1,736.003000,0.000000,,v0.4.1-interval-core
10314926043,10314926043,10314926043,10314926043,0.000000,0,0,0,0,2,multiscale+elgendi_like,1.000000,0.000000,0,0,0,0,1.000000,6.192416,1,736.003000,0.000000,,v0.4.1-interval-core
10315694046,10315694046,10315694046,10315694046,0.000000,0,0,0,0,2,multiscale+elgendi_like,1.000000,0.000000,0,0,0,0,1.000000,6.315054,1,736.003000,0.000000,,v0.4.1-interval-core
10316438044,10316430044,10316438044,10316438044,8.000000,0,0,0,0,2,multiscale+elgendi_like,1.000000,0.000000,0,0,0,0,1.000000,6.097660,1,736.003000,8.000000,,v0.4.1-interval-core
10317142043,10317142043,10317142043,10317142043,0.000000,0,0,0,0,2,multiscale+elgendi_like,1.000000,0.000000,0,0,0,0,1.000000,5.912944,1,736.002000,0.000000,,v0.4.1-interval-core
10317846045,10317846045,10317846045,10317846045,0.000000,0,0,0,0,2,multiscale+elgendi_like,1.000000,0.000000,0,0,0,0,1.000000,6.115708,1,736.000000,0.000000,,v0.4.1-interval-core
10318574043,10318574043,10318574043,10318574043,0.000000,0,0,0,0,2,multiscale+elgendi_like,1.000000,0.000000,0,0,0,0,1.000000,6.235485,1,736.000000,0.000000,,v0.4.1-interval-core
10319310045,10319310045,10319310045,10319310045,0.000000,0,0,0,0,2,multiscale+elgendi_like,1.000000,0.000000,0,0,0,0,1.000000,6.382352,1,736.002000,0.000000,,v0.4.1-interval-core
10320062047,10320062047,10320062047,10320062047,0.000000,0,0,0,0,2,multiscale+elgendi_like,1.000000,0.000000,0,0,0,0,1.000000,6.575909,1,736.003000,0.000000,,v0.4.1-interval-core
10320822043,10320822043,10320822043,10320822043,0.000000,0,0,0,0,2,multiscale+elgendi_like,1.000000,0.000000,0,0,0,0,1.000000,6.362233,1,743.998000,0.000000,,v0.4.1-interval-core
10321590043,10321582043,10321590043,10321590043,8.000000,0,0,0,0,2,multiscale+elgendi_like,1.000000,0.000000,0,0,0,0,1.000000,6.639528,1,743.999000,8.000000,,v0.4.1-interval-core
10322342043,10322342043,10322342043,10322342043,0.000000,0,0,0,0,2,multiscale+elgendi_like,1.000000,0.000000,0,0,0,0,1.000000,6.452840,1,744.000000,0.000000,,v0.4.1-interval-core
10323086043,10323086043,10323086043,10323086043,0.000000,0,0,0,0,2,multiscale+elgendi_like,1.000000,0.000000,0,0,0,0,1.000000,6.347247,1,744.000000,0.000000,,v0.4.1-interval-core
10323814043,10323814043,10323814043,10323814043,0.000000,0,0,0,0,2,multiscale+elgendi_like,1.000000,0.000000,0,0,0,0,1.000000,6.318049,1,744.001000,0.000000,,v0.4.1-interval-core
10324526043,0,10324526043,10324526043,0.000000,1,0,0,0,2,multiscale+elgendi_like,1.000000,0.000000,0,0,1,0,1.000000,6.278968,1,744.000000,0.000000,,v0.4.1-interval-core
10325270043,0,10325270043,10325270043,0.000000,1,0,0,0,2,multiscale+elgendi_like,1.000000,0.000000,0,0,1,0,1.000000,6.623943,1,744.001000,0.000000,,v0.4.1-interval-core
10326014043,0,10326014043,10326014043,0.000000,1,0,0,0,2,multiscale+elgendi_like,1.000000,0.000000,0,0,1,0,1.000000,6.349665,1,744.000000,0.000000,,v0.4.1-interval-core
10326790044,0,10326790044,10326790044,0.000000,1,0,0,0,2,multiscale+elgendi_like,1.000000,0.000000,0,0,1,0,1.000000,6.780776,1,744.000000,0.000000,,v0.4.1-interval-core
10327590043,0,10327590043,10327590043,0.000000,1,0,0,0,2,multiscale+elgendi_like,1.000000,0.000000,0,0,1,0,1.000000,6.668130,1,744.000000,0.000000,,v0.4.1-interval-core
10328382043,0,10328382043,10328382043,0.000000,1,0,0,0,2,multiscale+elgendi_like,1.000000,0.000000,0,0,1,0,1.000000,6.462929,1,744.000000,0.000000,,v0.4.1-interval-core
10329142043,0,10329142043,10329142043,0.000000,1,0,0,0,2,multiscale+elgendi_like,1.000000,0.000000,0,0,1,0,1.000000,6.251003,1,744.000000,0.000000,,v0.4.1-interval-core
10329894045,10329886044,10329894045,10329894045,8.001000,0,0,0,0,2,multiscale+elgendi_like,1.000000,0.000000,0,0,0,0,1.000000,6.316621,1,744.000000,8.001000,,v0.4.1-interval-core
10330638047,10330638047,10330638047,10330638047,0.000000,0,0,0,0,2,multiscale+elgendi_like,1.000000,0.000000,0,0,0,0,1.000000,6.174987,1,744.000000,0.000000,,v0.4.1-interval-core
10331374043,10331374043,10331374043,10331374043,0.000000,0,0,0,0,2,multiscale+elgendi_like,1.000000,0.000000,0,0,0,0,1.000000,6.044530,1,735.996000,0.000000,,v0.4.1-interval-core
10332094044,10332094044,10332094044,10332094044,0.000000,0,0,0,0,2,multiscale+elgendi_like,1.000000,0.000000,0,0,0,0,1.000000,5.943992,1,735.996000,0.000000,,v0.4.1-interval-core
10332822043,10332822043,10332822043,10332822043,0.000000,0,0,0,0,2,multiscale+elgendi_like,1.000000,0.000000,0,0,0,0,1.000000,6.142373,1,728.000000,0.000000,,v0.4.1-interval-core
10333542043,0,10333542043,10333542043,0.000000,1,0,0,0,2,multiscale+elgendi_like,1.000000,0.000000,0,0,1,0,1.000000,5.674512,1,728.000000,0.000000,,v0.4.1-interval-core
10334262043,0,10334262043,10334262043,0.000000,1,0,0,0,2,multiscale+elgendi_like,1.000000,0.000000,0,0,1,0,1.000000,5.520827,1,728.000000,0.000000,,v0.4.1-interval-core
10334934043,0,10334934043,10334934043,0.000000,1,0,0,0,2,multiscale+elgendi_like,1.000000,0.000000,0,0,1,0,1.000000,5.497476,1,735.997000,0.000000,,v0.4.1-interval-core
10335622044,10335622044,10335622044,10335622044,0.000000,0,0,0,0,2,multiscale+elgendi_like,1.000000,0.000000,0,0,0,0,1.000000,5.968618,1,739.997000,0.000000,,v0.4.1-interval-core
10336326046,10336326046,10336326046,10336326046,0.000000,0,0,0,0,2,multiscale+elgendi_like,1.000000,0.000000,0,0,0,0,1.000000,6.062202,1,744.000000,0.000000,,v0.4.1-interval-core
10337006043,10336998044,10337006043,10337006043,7.999000,0,0,0,0,2,multiscale+elgendi_like,1.000000,0.000000,0,0,0,0,1.000000,5.796270,1,743.998000,7.999000,,v0.4.1-interval-core
10337654043,10337654043,10337654043,10337654043,0.000000,0,0,0,0,2,multiscale+elgendi_like,1.000000,0.000000,0,0,0,0,1.000000,5.803574,1,743.998000,0.000000,,v0.4.1-interval-core
10338342043,10338342043,10338342043,10338342043,0.000000,0,0,0,0,2,multiscale+elgendi_like,1.000000,0.000000,0,0,0,0,1.000000,6.096095,1,743.998000,0.000000,,v0.4.1-interval-core
10339070043,10339070043,10339070043,10339070043,0.000000,0,0,0,0,2,multiscale+elgendi_like,1.000000,0.000000,0,0,0,0,1.000000,6.132052,1,743.998000,0.000000,,v0.4.1-interval-core
10339838045,10339838045,10339838045,10339838045,0.000000,0,0,0,0,2,multiscale+elgendi_like,1.000000,0.000000,0,0,0,0,1.000000,5.968949,1,743.998000,0.000000,,v0.4.1-interval-core
10340630043,10340630043,10340630043,10340630043,0.000000,0,0,0,0,2,multiscale+elgendi_like,1.000000,0.000000,0,0,0,0,1.000000,5.805321,1,743.998000,0.000000,,v0.4.1-interval-core
10341390046,10341382045,10341390046,10341390046,8.001000,0,0,0,0,2,multiscale+elgendi_like,1.000000,0.000000,0,0,0,0,1.000000,5.288780,1,743.998000,8.001000,,v0.4.1-interval-core
10342134044,10342134044,10342134044,10342134044,0.000000,0,0,0,0,2,multiscale+elgendi_like,1.000000,0.000000,0,0,0,0,1.000000,5.452793,1,739.997000,0.000000,,v0.4.1-interval-core
10342894043,10342894043,10342894043,10342894043,0.000000,0,0,0,0,2,multiscale+elgendi_like,1.000000,0.000000,0,0,0,0,1.000000,5.391207,1,751.998500,0.000000,,v0.4.1-interval-core
10343686045,10343686045,10343686045,10343686045,0.000000,0,0,0,0,2,multiscale+elgendi_like,1.000000,0.000000,0,0,0,0,1.000000,5.550613,1,760.001000,0.000000,,v0.4.1-interval-core
10344502043,10344502043,10344502043,10344502043,0.000000,0,0,0,0,2,multiscale+elgendi_like,1.000000,0.000000,0,0,0,0,1.000000,5.620695,1,764.002500,0.000000,,v0.4.1-interval-core
10345326043,0,10345326043,10345326043,0.000000,1,0,0,0,2,multiscale+elgendi_like,1.000000,0.000000,0,0,1,0,1.000000,5.393495,1,775.999000,0.000000,,v0.4.1-interval-core
10346150043,0,10346150043,10346150043,0.000000,1,0,0,0,2,multiscale+elgendi_like,1.000000,0.000000,0,0,1,0,1.000000,5.349958,1,775.999000,0.000000,,v0.4.1-interval-core
10346950044,0,10346950044,10346950044,0.000000,1,0,0,0,2,multiscale+elgendi_like,1.000000,0.000000,0,0,1,0,1.000000,5.151322,1,775.999000,0.000000,,v0.4.1-interval-core
10347766043,10347766043,10347766043,10347766043,0.000000,0,0,0,0,2,multiscale+elgendi_like,1.000000,0.000000,0,0,0,0,1.000000,5.129619,1,775.999000,0.000000,,v0.4.1-interval-core
10348622046,10348614043,10348622046,10348622046,8.003000,0,0,0,0,2,multiscale+elgendi_like,1.000000,0.000000,0,0,0,0,1.000000,5.301246,1,775.999000,8.003000,,v0.4.1-interval-core
10349494046,10349494046,10349494046,10349494046,0.000000,0,0,0,0,2,multiscale+elgendi_like,1.000000,0.000000,0,0,0,0,1.000000,5.294601,1,775.999000,0.000000,,v0.4.1-interval-core
10350342045,10350342045,10350342045,10350342045,0.000000,0,0,0,0,2,multiscale+elgendi_like,1.000000,0.000000,0,0,0,0,1.000000,5.288965,1,791.998000,0.000000,,v0.4.1-interval-core
10351198047,10351198047,10351198047,10351198047,0.000000,0,0,0,0,2,multiscale+elgendi_like,1.000000,0.000000,0,0,0,0,1.000000,5.082728,1,792.002000,0.000000,,v0.4.1-interval-core
10351982043,10351982043,10351982043,10351982043,0.000000,0,0,0,0,2,multiscale+elgendi_like,1.000000,0.000000,0,0,0,0,1.000000,4.549549,1,800.001000,0.000000,,v0.4.1-interval-core
10352686043,10352686043,10352686043,10352686043,0.000000,0,0,0,0,2,multiscale+elgendi_like,1.000000,0.000000,0,0,0,0,1.000000,4.270587,1,815.998000,0.000000,,v0.4.1-interval-core
10353326044,10353326044,10353326044,10353326044,0.000000,0,0,0,0,2,multiscale+elgendi_like,1.000000,0.000000,0,0,0,0,1.000000,4.538943,1,815.998500,0.000000,,v0.4.1-interval-core
10353982045,10353982045,10353982045,10353982045,0.000000,0,0,0,0,2,multiscale+elgendi_like,1.000000,0.000000,0,0,0,0,1.000000,5.128148,1,815.999000,0.000000,,v0.4.1-interval-core
10354670043,0,10354670043,10354670043,0.000000,1,0,0,0,2,multiscale+elgendi_like,1.000000,0.000000,0,0,1,0,1.000000,5.539210,1,824.000000,0.000000,,v0.4.1-interval-core
10355406043,0,10355406043,10355406043,0.000000,1,0,0,0,2,multiscale+elgendi_like,1.000000,0.000000,0,0,1,0,1.000000,5.753482,1,824.000000,0.000000,,v0.4.1-interval-core
10356158043,0,10356158043,10356158043,0.000000,1,0,0,0,2,multiscale+elgendi_like,1.000000,0.000000,0,0,1,0,1.000000,6.092092,1,835.999500,0.000000,,v0.4.1-interval-core
10357030045,0,10357030045,10357030045,0.000000,1,0,0,0,2,multiscale+elgendi_like,1.000000,0.000000,0,0,1,0,1.000000,6.812805,1,852.000500,0.000000,,v0.4.1-interval-core
10358006043,0,10358006043,10358006043,0.000000,1,0,0,0,2,multiscale+elgendi_like,1.000000,0.000000,0,0,1,0,1.000000,7.227714,1,856.002500,0.000000,,v0.4.1-interval-core
10358934043,0,10358934043,10358934043,0.000000,1,0,0,0,2,multiscale+elgendi_like,1.000000,0.000000,0,0,1,0,1.000000,6.993311,1,736.000000,0.000000,,v0.4.1-interval-core
10359950043,0,10359950043,10359950043,0.000000,1,0,0,0,2,multiscale+elgendi_like,1.000000,0.000000,0,0,1,0,1.000000,7.023983,1,736.000000,0.000000,,v0.4.1-interval-core
10360910043,0,10360910043,10360910043,0.000000,1,0,0,0,2,multiscale+elgendi_like,1.000000,0.000000,0,0,1,0,1.000000,6.601375,1,752.000000,0.000000,,v0.4.1-interval-core
10361942043,0,10361942043,10361942043,0.000000,1,0,0,0,2,multiscale+elgendi_like,1.000000,0.000000,0,0,1,0,1.000000,7.040213,1,872.002000,0.000000,,v0.4.1-interval-core
10362974043,0,10362974043,10362974043,0.000000,1,0,0,0,2,multiscale+elgendi_like,1.000000,0.000000,0,0,1,0,1.000000,6.993151,1,928.000000,0.000000,,v0.4.1-interval-core
10363998043,0,10363998043,10363998043,0.000000,1,0,0,0,2,multiscale+elgendi_like,1.000000,0.000000,0,0,1,0,1.000000,6.676285,1,908.000000,0.000000,,v0.4.1-interval-core
10365054043,0,10365054043,10365054043,0.000000,1,0,0,0,2,multiscale+elgendi_like,1.000000,0.000000,0,0,1,0,1.000000,6.560440,1,888.003000,0.000000,,v0.4.1-interval-core
10366102043,0,10366102043,10366102043,0.000000,1,0,0,0,2,multiscale+elgendi_like,1.000000,0.000000,0,0,1,0,1.000000,6.402662,1,924.001500,0.000000,,v0.4.1-interval-core
10367038043,0,10367038043,10367038043,0.000000,1,0,0,0,2,multiscale+elgendi_like,1.000000,0.000000,0,0,1,0,1.000000,5.945005,1,932.000000,0.000000,,v0.4.1-interval-core
10367926043,10367926043,10367926043,10367926043,0.000000,0,0,0,0,2,multiscale+elgendi_like,1.000000,0.000000,0,0,0,0,1.000000,5.720992,1,948.000000,0.000000,,v0.4.1-interval-core
10368790043,10368790043,10368790043,10368790043,0.000000,0,0,0,0,2,multiscale+elgendi_like,1.000000,0.000000,0,0,0,0,1.000000,5.150411,1,960.000000,0.000000,,v0.4.1-interval-core
10369638044,10369638044,10369638044,10369638044,0.000000,0,0,0,0,2,multiscale+elgendi_like,1.000000,0.000000,0,0,0,0,1.000000,5.604794,1,947.998000,0.000000,,v0.4.1-interval-core
10370526043,10370518043,10370526043,10370526043,8.000000,0,0,0,0,2,multiscale+elgendi_like,1.000000,0.000000,0,0,0,0,1.000000,5.613885,1,959.996000,8.000000,,v0.4.1-interval-core
10371414043,10371414043,10371414043,10371414043,0.000000,0,0,0,0,2,multiscale+elgendi_like,1.000000,0.000000,0,0,0,0,1.000000,5.329823,1,936.000000,0.000000,,v0.4.1-interval-core
10372294044,10372294044,10372294044,10372294044,0.000000,0,0,0,0,2,multiscale+elgendi_like,1.000000,0.000000,0,0,0,0,1.000000,5.179748,1,904.001500,0.000000,,v0.4.1-interval-core
10373206047,10373198043,10373206047,10373206047,8.004000,0,0,0,0,2,multiscale+elgendi_like,1.000000,0.000000,0,0,0,0,1.000000,5.104074,1,904.000000,8.004000,,v0.4.1-interval-core
10374166047,10374166047,10374166047,10374166047,0.000000,0,0,0,0,2,multiscale+elgendi_like,1.000000,0.000000,0,0,0,0,1.000000,5.023651,1,904.000000,0.000000,,v0.4.1-interval-core
10375126043,10375126043,10375126043,10375126043,0.000000,0,0,0,0,2,multiscale+elgendi_like,1.000000,0.000000,0,0,0,0,1.000000,4.877218,1,907.993000,0.000000,,v0.4.1-interval-core
10376094045,10376094045,10376094045,10376094045,0.000000,0,0,0,0,2,multiscale+elgendi_like,1.000000,0.000000,0,0,0,0,1.000000,4.984411,1,903.986000,0.000000,,v0.4.1-interval-core
10376982043,10376982043,10376982043,10376982043,0.000000,0,0,0,0,2,multiscale+elgendi_like,1.000000,0.000000,0,0,0,0,1.000000,4.620548,1,892.000500,0.000000,,v0.4.1-interval-core
10377870043,10377862043,10377870043,10377870043,8.000000,0,0,0,0,2,multiscale+elgendi_like,1.000000,0.000000,0,0,0,0,1.000000,4.585737,1,888.000000,8.000000,,v0.4.1-interval-core
10378758043,10378758043,10378758043,10378758043,0.000000,0,0,0,0,2,multiscale+elgendi_like,1.000000,0.000000,0,0,0,0,1.000000,4.497679,1,888.000000,0.000000,,v0.4.1-interval-core
10379662043,10379662043,10379662043,10379662043,0.000000,0,0,0,0,2,multiscale+elgendi_like,1.000000,0.000000,0,0,0,0,1.000000,4.655273,1,888.000000,0.000000,,v0.4.1-interval-core
10380614046,10380614046,10380614046,10380614046,0.000000,0,0,0,0,2,multiscale+elgendi_like,1.000000,0.000000,0,0,0,0,1.000000,4.845304,1,892.000000,0.000000,,v0.4.1-interval-core
10381558057,10381558057,10381558057,10381558057,0.000000,0,0,0,0,2,multiscale+elgendi_like,1.000000,0.000000,0,0,0,0,1.000000,4.469038,1,888.000000,0.000000,,v0.4.1-interval-core
10382462043,10382462043,10382462043,10382462043,0.000000,0,0,0,0,2,multiscale+elgendi_like,1.000000,0.000000,0,0,0,0,1.000000,4.715794,1,888.000000,0.000000,,v0.4.1-interval-core
10383358044,10383358044,10383358044,10383358044,0.000000,0,0,0,0,2,multiscale+elgendi_like,1.000000,0.000000,0,0,0,0,1.000000,4.614906,1,888.000000,0.000000,,v0.4.1-interval-core
10384206044,10384198043,10384206044,10384206044,8.001000,0,0,0,0,2,multiscale+elgendi_like,1.000000,0.000000,0,0,0,0,1.000000,4.381632,1,887.998000,8.001000,,v0.4.1-interval-core
10384998044,10384998044,10384998044,10384998044,0.000000,0,0,0,0,2,multiscale+elgendi_like,1.000000,0.000000,0,0,0,0,1.000000,4.424936,1,867.999000,0.000000,,v0.4.1-interval-core
10385766043,10385766043,10385766043,10385766043,0.000000,0,0,0,0,2,multiscale+elgendi_like,1.000000,0.000000,0,0,0,0,1.000000,4.419079,1,860.000000,0.000000,,v0.4.1-interval-core
10386550047,10386550047,10386550047,10386550047,0.000000,0,0,0,0,2,multiscale+elgendi_like,1.000000,0.000000,0,0,0,0,1.000000,4.578225,1,856.000000,0.000000,,v0.4.1-interval-core
10387342043,10387670043,10387342043,10387342043,-328.000000,0,0,0,0,2,multiscale+elgendi_like,1.000000,0.000000,0,0,0,0,1.000000,4.728269,1,852.000000,328.000000,,v0.4.1-interval-core
10388134044,0,10388134044,10388134044,0.000000,1,0,0,0,2,multiscale+elgendi_like,1.000000,0.000000,0,0,1,0,1.000000,4.971719,1,836.000000,0.000000,,v0.4.1-interval-core
10388894043,10388894043,10388894043,10388894043,0.000000,0,0,0,0,2,multiscale+elgendi_like,1.000000,0.000000,0,0,0,0,1.000000,5.253111,1,824.000000,0.000000,,v0.4.1-interval-core
10389670043,10389662047,10389670043,10389670043,7.996000,0,0,0,0,2,multiscale+elgendi_like,1.000000,0.000000,0,0,0,0,1.000000,5.699688,1,800.000000,7.996000,,v0.4.1-interval-core
10390446043,0,10390446043,10390446043,0.000000,1,0,0,0,2,multiscale+elgendi_like,1.000000,0.000000,0,0,1,0,1.000000,5.401813,1,792.001000,0.000000,,v0.4.1-interval-core
10391246043,0,10391246043,10391246043,0.000000,1,0,0,0,2,multiscale+elgendi_like,1.000000,0.000000,0,0,1,0,1.000000,6.075198,1,792.000000,0.000000,,v0.4.1-interval-core
10392070043,10392070043,10392070043,10392070043,0.000000,0,0,0,0,2,multiscale+elgendi_like,1.000000,0.000000,0,0,0,0,1.000000,6.151442,1,788.000000,0.000000,,v0.4.1-interval-core
10392934043,0,10392934043,10392934043,0.000000,1,0,0,0,2,multiscale+elgendi_like,1.000000,0.000000,0,0,1,0,1.000000,6.268218,1,784.004000,0.000000,,v0.4.1-interval-core
10393806043,0,10393806043,10393806043,0.000000,1,0,0,0,2,multiscale+elgendi_like,1.000000,0.000000,0,0,1,0,1.000000,6.309872,1,776.000000,0.000000,,v0.4.1-interval-core
10394654044,0,10394654044,10394654044,0.000000,1,0,0,0,2,multiscale+elgendi_like,1.000000,0.000000,0,0,1,0,1.000000,6.002018,1,775.999500,0.000000,,v0.4.1-interval-core
10395430043,0,10395430043,10395430043,0.000000,1,0,0,0,2,multiscale+elgendi_like,1.000000,0.000000,0,0,1,0,1.000000,5.496500,1,771.999000,0.000000,,v0.4.1-interval-core
10396158045,10396158045,10396158045,10396158045,0.000000,0,0,0,0,2,multiscale+elgendi_like,1.000000,0.000000,0,0,0,0,1.000000,5.765451,1,763.999000,0.000000,,v0.4.1-interval-core
10396854046,10396854046,10396854046,10396854046,0.000000,0,0,0,0,2,multiscale+elgendi_like,1.000000,0.000000,0,0,0,0,1.000000,5.563061,1,747.997500,0.000000,,v0.4.1-interval-core
10397526043,10397526043,10397526043,10397526043,0.000000,0,0,0,0,2,multiscale+elgendi_like,1.000000,0.000000,0,0,0,0,1.000000,5.822660,1,735.996000,0.000000,,v0.4.1-interval-core
10398222047,10398222047,10398222047,10398222047,0.000000,0,0,0,0,2,multiscale+elgendi_like,1.000000,0.000000,0,0,0,0,1.000000,6.351619,1,728.002000,0.000000,,v0.4.1-interval-core
10398958043,0,10398958043,10398958043,0.000000,1,0,0,0,2,multiscale+elgendi_like,1.000000,0.000000,0,0,1,0,1.000000,6.233643,1,696.002500,0.000000,,v0.4.1-interval-core
10399638046,0,10399638046,10399638046,0.000000,1,0,0,0,2,multiscale+elgendi_like,1.000000,0.000000,0,0,1,1,1.000000,4.878355,1,695.999000,0.000000,,v0.4.1-interval-core
10400334043,0,10400334043,10400334043,0.000000,1,0,0,0,2,multiscale+elgendi_like,1.000000,0.000000,0,0,1,1,1.000000,5.712875,1,688.000000,0.000000,,v0.4.1-interval-core
10401006043,0,10401006043,10401006043,0.000000,1,0,0,0,2,multiscale+elgendi_like,1.000000,0.000000,0,0,1,1,1.000000,6.118235,1,676.001500,0.000000,,v0.4.1-interval-core
10401678043,0,10401678043,10401678043,0.000000,1,0,0,0,2,multiscale+elgendi_like,1.000000,0.000000,0,0,1,0,1.000000,5.886506,1,672.000000,0.000000,,v0.4.1-interval-core
10402318043,0,10402318043,10402318043,0.000000,1,0,0,0,2,multiscale+elgendi_like,1.000000,0.000000,0,0,1,0,1.000000,5.627467,1,672.000000,0.000000,,v0.4.1-interval-core
10402974045,10402966045,10402974045,10402974045,8.000000,0,0,0,0,2,multiscale+elgendi_like,1.000000,0.000000,0,0,0,1,1.000000,6.886746,1,671.997000,8.000000,,v0.4.1-interval-core
10403622043,0,10403622043,10403622043,0.000000,1,0,0,0,2,multiscale+elgendi_like,1.000000,0.000000,0,0,1,1,1.000000,6.199953,1,656.002000,0.000000,,v0.4.1-interval-core
10404254043,0,10404254043,10404254043,0.000000,1,0,0,0,2,multiscale+elgendi_like,1.000000,0.000000,0,0,1,1,1.000000,6.069966,1,648.004000,0.000000,,v0.4.1-interval-core
10404886047,0,10404886047,10404886047,0.000000,1,0,0,0,2,multiscale+elgendi_like,1.000000,0.000000,0,0,1,1,1.000000,6.127958,1,648.000000,0.000000,,v0.4.1-interval-core
10405526043,10405526043,10405526043,10405526043,0.000000,0,0,0,0,2,multiscale+elgendi_like,1.000000,0.000000,0,0,0,0,1.000000,6.186242,1,648.002000,0.000000,,v0.4.1-interval-core
10406174043,10406174043,10406174043,10406174043,0.000000,0,0,0,0,2,multiscale+elgendi_like,1.000000,0.000000,0,0,0,0,1.000000,6.000947,1,648.002000,0.000000,,v0.4.1-interval-core
10406798046,10406798046,10406798046,10406798046,0.000000,0,0,0,0,2,multiscale+elgendi_like,1.000000,0.000000,0,0,0,0,1.000000,5.855584,1,648.002000,0.000000,,v0.4.1-interval-core
10407422043,10407422043,10407422043,10407422043,0.000000,0,0,0,0,2,multiscale+elgendi_like,1.000000,0.000000,0,0,0,0,1.000000,6.338070,1,648.002000,0.000000,,v0.4.1-interval-core
10408046043,10408046043,10408046043,10408046043,0.000000,0,0,0,0,2,multiscale+elgendi_like,1.000000,0.000000,0,0,0,0,1.000000,5.908306,1,648.002000,0.000000,,v0.4.1-interval-core
10408654044,10408654044,10408654044,10408654044,0.000000,0,0,0,0,2,multiscale+elgendi_like,1.000000,0.000000,0,0,0,0,1.000000,5.869953,1,648.002000,0.000000,,v0.4.1-interval-core
10409262043,10409262043,10409262043,10409262043,0.000000,0,0,0,0,2,multiscale+elgendi_like,1.000000,0.000000,0,0,0,0,1.000000,5.977027,1,648.002000,0.000000,,v0.4.1-interval-core
10409894043,10409894043,10409894043,10409894043,0.000000,0,0,0,0,2,multiscale+elgendi_like,1.000000,0.000000,0,0,0,0,1.000000,5.905043,1,648.002000,0.000000,,v0.4.1-interval-core
10410542047,10410542047,10410542047,10410542047,0.000000,0,0,0,0,2,multiscale+elgendi_like,1.000000,0.000000,0,0,0,0,1.000000,5.852547,1,648.002000,0.000000,,v0.4.1-interval-core
10411190043,10411190043,10411190043,10411190043,0.000000,0,0,0,0,2,multiscale+elgendi_like,1.000000,0.000000,0,0,0,0,1.000000,5.813342,1,648.002000,0.000000,,v0.4.1-interval-core
10411814045,10411814045,10411814045,10411814045,0.000000,0,0,0,0,2,multiscale+elgendi_like,1.000000,0.000000,0,0,0,0,1.000000,6.104847,1,648.002000,0.000000,,v0.4.1-interval-core
10412478043,10412470043,10412478043,10412478043,8.000000,0,0,0,0,2,multiscale+elgendi_like,1.000000,0.000000,0,0,0,0,1.000000,6.538627,1,648.002000,8.000000,,v0.4.1-interval-core
10413174043,10413174043,10413174043,10413174043,0.000000,0,0,0,0,2,multiscale+elgendi_like,1.000000,0.000000,0,0,0,0,1.000000,6.202600,1,648.000000,0.000000,,v0.4.1-interval-core
10413886047,10413886047,10413886047,10413886047,0.000000,0,0,0,0,2,multiscale+elgendi_like,1.000000,0.000000,0,0,0,0,1.000000,6.341373,1,648.002000,0.000000,,v0.4.1-interval-core
10414566043,10414566043,10414566043,10414566043,0.000000,0,0,0,0,2,multiscale+elgendi_like,1.000000,0.000000,0,0,0,0,1.000000,6.071213,1,648.002000,0.000000,,v0.4.1-interval-core
10415246043,10415246043,10415246043,10415246043,0.000000,0,0,0,0,2,multiscale+elgendi_like,1.000000,0.000000,0,0,0,0,1.000000,6.325853,1,648.002000,0.000000,,v0.4.1-interval-core
10415974047,10415974047,10415974047,10415974047,0.000000,0,0,0,0,2,multiscale+elgendi_like,1.000000,0.000000,0,0,0,0,1.000000,6.418234,1,656.001000,0.000000,,v0.4.1-interval-core
10416750043,0,10416750043,10416750043,0.000000,1,0,0,0,2,multiscale+elgendi_like,1.000000,0.000000,0,0,1,0,1.000000,6.505982,1,672.004000,0.000000,,v0.4.1-interval-core
10417542045,10417838045,10417542045,10417542045,-296.000000,0,0,0,0,2,multiscale+elgendi_like,1.000000,0.000000,0,0,0,0,1.000000,6.579983,1,679.996000,296.000000,,v0.4.1-interval-core
10418302043,10418302043,10418302043,10418302043,0.000000,0,0,0,0,2,multiscale+elgendi_like,1.000000,0.000000,0,0,0,0,1.000000,6.147453,1,679.998000,0.000000,,v0.4.1-interval-core
10419030045,10419030045,10419030045,10419030045,0.000000,0,0,0,0,2,multiscale+elgendi_like,1.000000,0.000000,0,0,0,0,1.000000,5.873098,1,680.000000,0.000000,,v0.4.1-interval-core
10419710043,10419710043,10419710043,10419710043,0.000000,0,0,0,0,2,multiscale+elgendi_like,1.000000,0.000000,0,0,0,0,1.000000,5.379811,1,696.000000,0.000000,,v0.4.1-interval-core
10420342043,0,10420342043,10420342043,0.000000,1,0,0,0,2,multiscale+elgendi_like,1.000000,0.000000,0,0,1,0,1.000000,5.470407,1,703.998000,0.000000,,v0.4.1-interval-core
10420982043,10420750043,10420982043,10420982043,232.000000,0,0,0,0,2,multiscale+elgendi_like,1.000000,0.000000,0,0,0,0,1.000000,6.580656,1,712.000000,232.000000,,v0.4.1-interval-core
10421654047,0,10421654047,10421654047,0.000000,1,0,0,0,2,multiscale+elgendi_like,1.000000,0.000000,0,0,1,0,1.000000,6.650444,1,720.003000,0.000000,,v0.4.1-interval-core
10422366043,0,10422366043,10422366043,0.000000,1,0,0,0,2,multiscale+elgendi_like,1.000000,0.000000,0,0,1,0,1.000000,6.508336,1,728.003000,0.000000,,v0.4.1-interval-core
10423158043,0,10423158043,10423158043,0.000000,1,0,0,0,2,multiscale+elgendi_like,1.000000,0.000000,0,0,1,0,1.000000,6.745121,1,736.002000,0.000000,,v0.4.1-interval-core
10423958043,0,10423958043,10423958043,0.000000,1,0,0,0,2,multiscale+elgendi_like,1.000000,0.000000,0,0,1,0,1.000000,6.009320,1,743.998000,0.000000,,v0.4.1-interval-core
10424694045,10424694045,10424694045,10424694045,0.000000,0,0,0,0,2,multiscale+elgendi_like,1.000000,0.000000,0,0,0,0,1.000000,6.212938,1,759.998000,0.000000,,v0.4.1-interval-core
10425438043,10425438043,10425438043,10425438043,0.000000,0,0,0,0,2,multiscale+elgendi_like,1.000000,0.000000,0,0,0,0,1.000000,6.371537,1,760.000000,0.000000,,v0.4.1-interval-core
10426198047,10426190043,10426198047,10426198047,8.004000,0,0,0,0,2,multiscale+elgendi_like,1.000000,0.000000,0,0,0,0,1.000000,6.550707,1,760.000000,8.004000,,v0.4.1-interval-core
10426966047,10426966047,10426966047,10426966047,0.000000,0,0,0,0,2,multiscale+elgendi_like,1.000000,0.000000,0,0,0,0,1.000000,6.241113,1,760.004000,0.000000,,v0.4.1-interval-core
10427758043,10427758043,10427758043,10427758043,0.000000,0,0,0,0,2,multiscale+elgendi_like,1.000000,0.000000,0,0,0,0,1.000000,6.375522,1,768.000000,0.000000,,v0.4.1-interval-core
10428526043,10428526043,10428526043,10428526043,0.000000,0,0,0,0,2,multiscale+elgendi_like,1.000000,0.000000,0,0,0,0,1.000000,6.394186,1,768.000000,0.000000,,v0.4.1-interval-core
10429294043,10429294043,10429294043,10429294043,0.000000,0,0,0,0,2,multiscale+elgendi_like,1.000000,0.000000,0,0,0,0,1.000000,6.210113,1,768.000000,0.000000,,v0.4.1-interval-core
10430070043,10430062043,10430070043,10430070043,8.000000,0,0,0,0,2,multiscale+elgendi_like,1.000000,0.000000,0,0,0,0,1.000000,5.977018,1,768.000000,8.000000,,v0.4.1-interval-core
10430846043,10430846043,10430846043,10430846043,0.000000,0,0,0,0,2,multiscale+elgendi_like,1.000000,0.000000,0,0,0,0,1.000000,5.725366,1,768.000000,0.000000,,v0.4.1-interval-core
10431622043,10431622043,10431622043,10431622043,0.000000,0,0,0,0,2,multiscale+elgendi_like,1.000000,0.000000,0,0,0,0,1.000000,5.788737,1,768.000000,0.000000,,v0.4.1-interval-core
10432382043,10432382043,10432382043,10432382043,0.000000,0,0,0,0,2,multiscale+elgendi_like,1.000000,0.000000,0,0,0,0,1.000000,5.727049,1,768.000000,0.000000,,v0.4.1-interval-core
10433126043,10433118043,10433126043,10433126043,8.000000,0,0,0,0,2,multiscale+elgendi_like,1.000000,0.000000,0,0,0,0,1.000000,5.662634,1,768.000000,8.000000,,v0.4.1-interval-core
10433902044,10433902044,10433902044,10433902044,0.000000,0,0,0,0,2,multiscale+elgendi_like,1.000000,0.000000,0,0,0,0,1.000000,5.713505,1,768.000000,0.000000,,v0.4.1-interval-core
10434726047,10434726047,10434726047,10434726047,0.000000,0,0,0,0,2,multiscale+elgendi_like,1.000000,0.000000,0,0,0,0,1.000000,5.688350,1,768.000000,0.000000,,v0.4.1-interval-core
10435566043,10435558047,10435566043,10435566043,7.996000,0,0,0,0,2,multiscale+elgendi_like,1.000000,0.000000,0,0,0,0,1.000000,5.825430,1,764.002000,7.996000,,v0.4.1-interval-core
10436422047,10436422047,10436422047,10436422047,0.000000,0,0,0,0,2,multiscale+elgendi_like,1.000000,0.000000,0,0,0,0,1.000000,5.749949,1,764.002000,0.000000,,v0.4.1-interval-core
10437246044,10437246044,10437246044,10437246044,0.000000,0,0,0,0,2,multiscale+elgendi_like,1.000000,0.000000,0,0,0,0,1.000000,5.411693,1,768.000000,0.000000,,v0.4.1-interval-core
10437990045,10437990045,10437990045,10437990045,0.000000,0,0,0,0,2,multiscale+elgendi_like,1.000000,0.000000,0,0,0,0,1.000000,4.952101,1,760.000000,0.000000,,v0.4.1-interval-core
10438694043,10438694043,10438694043,10438694043,0.000000,0,0,0,0,2,multiscale+elgendi_like,1.000000,0.000000,0,0,0,0,1.000000,4.780113,1,759.997000,0.000000,,v0.4.1-interval-core
10439406043,10439406043,10439406043,10439406043,0.000000,0,0,0,0,2,multiscale+elgendi_like,1.000000,0.000000,0,0,0,0,1.000000,4.511894,1,744.001000,0.000000,,v0.4.1-interval-core
10440126046,10440126046,10440126046,10440126046,0.000000,0,0,0,0,2,multiscale+elgendi_like,1.000000,0.000000,0,0,0,0,1.000000,5.305263,1,744.000000,0.000000,,v0.4.1-interval-core
10440886043,10440886043,10440886043,10440886043,0.000000,0,0,0,0,2,multiscale+elgendi_like,1.000000,0.000000,0,0,0,0,1.000000,4.820998,1,736.000000,0.000000,,v0.4.1-interval-core
10441622043,10441622043,10441622043,10441622043,0.000000,0,0,0,0,2,multiscale+elgendi_like,1.000000,0.000000,0,0,0,0,1.000000,4.853158,1,736.000000,0.000000,,v0.4.1-interval-core
10442342043,10442342043,10442342043,10442342043,0.000000,0,0,0,0,2,multiscale+elgendi_like,1.000000,0.000000,0,0,0,0,1.000000,5.375055,1,736.000000,0.000000,,v0.4.1-interval-core
10443054043,10443054043,10443054043,10443054043,0.000000,0,0,0,0,2,multiscale+elgendi_like,1.000000,0.000000,0,0,0,0,1.000000,5.244242,1,732.000000,0.000000,,v0.4.1-interval-core
10443742047,10443742047,10443742047,10443742047,0.000000,0,0,0,0,2,multiscale+elgendi_like,1.000000,0.000000,0,0,0,0,1.000000,5.108312,1,732.000000,0.000000,,v0.4.1-interval-core
10444398043,10444398043,10444398043,10444398043,0.000000,0,0,0,0,2,multiscale+elgendi_like,1.000000,0.000000,0,0,0,0,1.000000,5.605191,1,732.000000,0.000000,,v0.4.1-interval-core
10445062043,10445366046,10445062043,10445062043,-304.003000,0,0,0,0,2,multiscale+elgendi_like,1.000000,0.000000,0,0,0,0,1.000000,5.916756,1,732.000000,304.003000,,v0.4.1-interval-core
10445750045,10446038043,10445750045,10445750045,-287.998000,0,0,0,0,2,multiscale+elgendi_like,1.000000,0.000000,0,0,0,0,1.000000,5.827265,1,732.000000,287.998000,,v0.4.1-interval-core
10446422043,0,10446422043,10446422043,0.000000,1,0,0,0,2,multiscale+elgendi_like,1.000000,0.000000,0,0,1,0,1.000000,6.117051,1,732.000000,0.000000,,v0.4.1-interval-core
10447118043,0,10447118043,10447118043,0.000000,1,0,0,0,2,multiscale+elgendi_like,1.000000,0.000000,0,0,1,1,1.000000,5.980958,1,732.000000,0.000000,,v0.4.1-interval-core
10447846043,0,10447846043,10447846043,0.000000,1,0,0,0,2,multiscale+elgendi_like,1.000000,0.000000,0,0,1,0,1.000000,5.803101,1,732.000000,0.000000,,v0.4.1-interval-core
10448630044,0,10448630044,10448630044,0.000000,1,0,0,0,2,multiscale+elgendi_like,1.000000,0.000000,0,0,1,0,1.000000,6.022299,1,732.000000,0.000000,,v0.4.1-interval-core
10449574043,0,10449574043,10449574043,0.000000,1,0,0,0,2,multiscale+elgendi_like,1.000000,0.000000,0,0,1,0,1.000000,6.711788,1,732.000000,0.000000,,v0.4.1-interval-core
10450462043,0,10450462043,10450462043,0.000000,1,0,0,0,2,multiscale+elgendi_like,1.000000,0.000000,0,0,1,0,1.000000,6.345653,1,747.998500,0.000000,,v0.4.1-interval-core
10451438043,0,10451438043,10451438043,0.000000,1,0,0,0,2,multiscale+elgendi_like,1.000000,0.000000,0,0,1,0,1.000000,6.737331,1,784.001000,0.000000,,v0.4.1-interval-core
10452326043,0,10452326043,10452326043,0.000000,1,0,0,0,2,multiscale+elgendi_like,1.000000,0.000000,0,0,1,0,1.000000,5.836610,1,799.997000,0.000000,,v0.4.1-interval-core
10453206043,10453206043,10453206043,10453206043,0.000000,0,0,0,0,2,multiscale+elgendi_like,1.000000,0.000000,0,0,0,0,1.000000,6.080742,1,800.002000,0.000000,,v0.4.1-interval-core
10454070043,10454070043,10454070043,10454070043,0.000000,0,0,0,0,2,multiscale+elgendi_like,1.000000,0.000000,0,0,0,0,1.000000,6.023022,1,808.000000,0.000000,,v0.4.1-interval-core
10454926043,10454926043,10454926043,10454926043,0.000000,0,0,0,0,2,multiscale+elgendi_like,1.000000,0.000000,0,0,0,0,1.000000,5.738552,1,812.001500,0.000000,,v0.4.1-interval-core
10455742043,10455742043,10455742043,10455742043,0.000000,0,0,0,0,2,multiscale+elgendi_like,1.000000,0.000000,0,0,0,0,1.000000,5.490876,1,823.999000,0.000000,,v0.4.1-interval-core
10456550043,10456550043,10456550043,10456550043,0.000000,0,0,0,0,2,multiscale+elgendi_like,1.000000,0.000000,0,0,0,0,1.000000,5.302689,1,832.001000,0.000000,,v0.4.1-interval-core
10457358046,10457358046,10457358046,10457358046,0.000000,0,0,0,0,2,multiscale+elgendi_like,1.000000,0.000000,0,0,0,0,1.000000,5.294000,1,836.001000,0.000000,,v0.4.1-interval-core
10458158043,10458158043,10458158043,10458158043,0.000000,0,0,0,0,2,multiscale+elgendi_like,1.000000,0.000000,0,0,0,0,1.000000,5.136428,1,839.999500,0.000000,,v0.4.1-interval-core
10458958045,10458958045,10458958045,10458958045,0.000000,0,0,0,0,2,multiscale+elgendi_like,1.000000,0.000000,0,0,0,0,1.000000,5.487979,1,847.997000,0.000000,,v0.4.1-interval-core
10459790043,10459790043,10459790043,10459790043,0.000000,0,0,0,0,2,multiscale+elgendi_like,1.000000,0.000000,0,0,0,0,1.000000,5.514548,1,856.000000,0.000000,,v0.4.1-interval-core
10460686043,10460686043,10460686043,10460686043,0.000000,0,0,0,0,2,multiscale+elgendi_like,1.000000,0.000000,0,0,0,0,1.000000,5.625234,1,856.000000,0.000000,,v0.4.1-interval-core
10461606043,10461606043,10461606043,10461606043,0.000000,0,0,0,0,2,multiscale+elgendi_like,1.000000,0.000000,0,0,0,0,1.000000,5.355277,1,856.000000,0.000000,,v0.4.1-interval-core
10462494043,10462486047,10462494043,10462494043,7.996000,0,0,0,0,2,multiscale+elgendi_like,1.000000,0.000000,0,0,0,0,1.000000,4.905972,1,856.000000,7.996000,,v0.4.1-interval-core
10463326047,10463326047,10463326047,10463326047,0.000000,0,0,0,0,2,multiscale+elgendi_like,1.000000,0.000000,0,0,0,0,1.000000,4.811678,1,856.000000,0.000000,,v0.4.1-interval-core
10464166045,10464166045,10464166045,10464166045,0.000000,0,0,0,0,2,multiscale+elgendi_like,1.000000,0.000000,0,0,0,0,1.000000,5.157316,1,851.998500,0.000000,,v0.4.1-interval-core
10465006046,10465006046,10465006046,10465006046,0.000000,0,0,0,0,2,multiscale+elgendi_like,1.000000,0.000000,0,0,0,0,1.000000,5.039017,1,843.999000,0.000000,,v0.4.1-interval-core
10465854043,10465854043,10465854043,10465854043,0.000000,0,0,0,0,2,multiscale+elgendi_like,1.000000,0.000000,0,0,0,0,1.000000,5.187131,1,839.998000,0.000000,,v0.4.1-interval-core
10466710043,10466710043,10466710043,10466710043,0.000000,0,0,0,0,2,multiscale+elgendi_like,1.000000,0.000000,0,0,0,0,1.000000,5.009954,1,836.001000,0.000000,,v0.4.1-interval-core
10467582043,10467574046,10467582043,10467582043,7.997000,0,0,0,0,2,multiscale+elgendi_like,1.000000,0.000000,0,0,0,0,1.000000,4.866880,1,839.999500,7.997000,,v0.4.1-interval-core
10468438043,10468438043,10468438043,10468438043,0.000000,0,0,0,0,2,multiscale+elgendi_like,1.000000,0.000000,0,0,0,0,1.000000,5.171146,1,843.999000,0.000000,,v0.4.1-interval-core
10469334043,10469326047,10469334043,10469334043,7.996000,0,0,0,0,2,multiscale+elgendi_like,1.000000,0.000000,0,0,0,0,1.000000,5.304696,1,847.997000,7.996000,,v0.4.1-interval-core
10470206046,10470206046,10470206046,10470206046,0.000000,0,0,0,0,2,multiscale+elgendi_like,1.000000,0.000000,0,0,0,0,1.000000,5.279478,1,848.000000,0.000000,,v0.4.1-interval-core
10471038047,10471038047,10471038047,10471038047,0.000000,0,0,0,0,2,multiscale+elgendi_like,1.000000,0.000000,0,0,0,0,1.000000,4.911280,1,848.000000,0.000000,,v0.4.1-interval-core
10471830043,10471830043,10471830043,10471830043,0.000000,0,0,0,0,2,multiscale+elgendi_like,1.000000,0.000000,0,0,0,0,1.000000,5.070737,1,848.000000,0.000000,,v0.4.1-interval-core
10472614043,10472606043,10472614043,10472614043,8.000000,0,0,0,0,2,multiscale+elgendi_like,1.000000,0.000000,0,0,0,0,1.000000,5.031924,1,848.000000,8.000000,,v0.4.1-interval-core
10473422043,10473422043,10473422043,10473422043,0.000000,0,0,0,0,2,multiscale+elgendi_like,1.000000,0.000000,0,0,0,0,1.000000,5.066397,1,848.000000,0.000000,,v0.4.1-interval-core
10474270043,10474270043,10474270043,10474270043,0.000000,0,0,0,0,2,multiscale+elgendi_like,1.000000,0.000000,0,0,0,0,1.000000,5.012452,1,848.000000,0.000000,,v0.4.1-interval-core
10475134047,10475134047,10475134047,10475134047,0.000000,0,0,0,0,2,multiscale+elgendi_like,1.000000,0.000000,0,0,0,0,1.000000,5.186341,1,856.000000,0.000000,,v0.4.1-interval-core
10475982043,10475974046,10475982043,10475982043,7.997000,0,0,0,0,2,multiscale+elgendi_like,1.000000,0.000000,0,0,0,0,1.000000,5.344778,1,856.000000,7.997000,,v0.4.1-interval-core
10476830043,0,10476830043,10476830043,0.000000,1,0,0,0,2,multiscale+elgendi_like,1.000000,0.000000,0,0,1,0,1.000000,5.641415,1,856.000000,0.000000,,v0.4.1-interval-core
10477878043,0,10477878043,10477878043,0.000000,1,0,0,0,2,multiscale+elgendi_like,1.000000,0.000000,0,0,1,0,1.000000,6.086289,1,848.000000,0.000000,,v0.4.1-interval-core
10479070043,0,10479070043,10479070043,0.000000,1,0,0,0,2,multiscale+elgendi_like,1.000000,0.000000,0,0,1,0,1.000000,5.821816,1,848.000000,0.000000,,v0.4.1-interval-core
10480054045,10480054045,10480054045,10480054045,0.000000,0,0,0,0,2,multiscale+elgendi_like,1.000000,0.000000,0,0,0,0,1.000000,5.168944,1,848.000000,0.000000,,v0.4.1-interval-core
10480982043,10480974044,10480982043,10480982043,7.999000,0,0,0,0,2,multiscale+elgendi_like,1.000000,0.000000,0,0,0,0,1.000000,5.159530,1,848.000000,7.999000,,v0.4.1-interval-core
10481854044,10481846043,10481854044,10481854044,8.001000,0,0,0,0,2,multiscale+elgendi_like,1.000000,0.000000,0,0,0,0,1.000000,4.847293,1,848.000000,8.001000,,v0.4.1-interval-core
10482638044,10482638044,10482638044,10482638044,0.000000,0,0,0,0,2,multiscale+elgendi_like,1.000000,0.000000,0,0,0,0,1.000000,4.530196,1,848.000000,0.000000,,v0.4.1-interval-core
10483398043,10483742043,10483398043,10483398043,-344.000000,0,0,0,0,2,multiscale+elgendi_like,1.000000,0.000000,0,0,0,0,1.000000,4.959269,1,856.002000,344.000000,,v0.4.1-interval-core
10484174043,10484470045,10484174043,10484174043,-296.002000,0,0,0,0,2,multiscale+elgendi_like,1.000000,0.000000,0,0,0,0,1.000000,5.233168,1,856.002000,296.002000,,v0.4.1-interval-core
10484966043,10485254043,10484966043,10484966043,-288.000000,0,0,0,0,2,multiscale+elgendi_like,1.000000,0.000000,0,0,0,0,1.000000,5.156472,1,856.002000,288.000000,,v0.4.1-interval-core
10485766046,10486054043,10485766046,10485766046,-287.997000,0,0,0,0,2,multiscale+elgendi_like,1.000000,0.000000,0,0,0,0,1.000000,5.279634,1,856.002000,287.997000,,v0.4.1-interval-core
10486630043,0,10486630043,10486630043,0.000000,1,0,0,0,2,multiscale+elgendi_like,1.000000,0.000000,0,0,1,0,1.000000,5.741108,1,856.002000,0.000000,,v0.4.1-interval-core
10487526043,0,10487526043,10487526043,0.000000,1,0,0,0,2,multiscale+elgendi_like,1.000000,0.000000,0,0,1,0,1.000000,5.706039,1,863.997000,0.000000,,v0.4.1-interval-core
10488430043,0,10488430043,10488430043,0.000000,1,0,0,0,2,multiscale+elgendi_like,1.000000,0.000000,0,0,1,0,1.000000,5.432040,1,856.002000,0.000000,,v0.4.1-interval-core
10489326043,0,10489326043,10489326043,0.000000,1,0,0,0,2,multiscale+elgendi_like,1.000000,0.000000,0,0,1,0,1.000000,5.084537,1,856.000000,0.000000,,v0.4.1-interval-core
10490182045,10490174043,10490182045,10490182045,8.002000,0,0,0,0,2,multiscale+elgendi_like,1.000000,0.000000,0,0,0,0,1.000000,4.989098,1,840.000000,8.002000,,v0.4.1-interval-core
10491022045,10491014043,10491022045,10491022045,8.002000,0,0,0,0,2,multiscale+elgendi_like,1.000000,0.000000,0,0,0,0,1.000000,5.318181,1,832.004000,8.002000,,v0.4.1-interval-core
10491838047,10491830043,10491838047,10491838047,8.004000,0,0,0,0,2,multiscale+elgendi_like,1.000000,0.000000,0,0,0,0,1.000000,4.978549,1,832.000000,8.004000,,v0.4.1-interval-core
10492670043,10492662043,10492670043,10492670043,8.000000,0,0,0,0,2,multiscale+elgendi_like,1.000000,0.000000,0,0,0,0,1.000000,5.542353,1,816.004000,8.000000,,v0.4.1-interval-core
10493534043,10493534043,10493534043,10493534043,0.000000,0,0,0,0,2,multiscale+elgendi_like,1.000000,0.000000,0,0,0,0,1.000000,5.538305,1,816.002000,0.000000,,v0.4.1-interval-core
10494390043,10494390043,10494390043,10494390043,0.000000,0,0,0,0,2,multiscale+elgendi_like,1.000000,0.000000,0,0,0,0,1.000000,5.224553,1,816.002000,0.000000,,v0.4.1-interval-core
10495206047,10495198044,10495206047,10495206047,8.003000,0,0,0,0,2,multiscale+elgendi_like,1.000000,0.000000,0,0,0,0,1.000000,5.133398,1,816.002000,8.003000,,v0.4.1-interval-core
10496022043,10496022043,10496022043,10496022043,0.000000,0,0,0,0,2,multiscale+elgendi_like,1.000000,0.000000,0,0,0,0,1.000000,5.577685,1,816.003000,0.000000,,v0.4.1-interval-core
10496854047,10496854047,10496854047,10496854047,0.000000,0,0,0,0,2,multiscale+elgendi_like,1.000000,0.000000,0,0,0,0,1.000000,5.650613,1,816.003000,0.000000,,v0.4.1-interval-core
10497646043,10497638043,10497646043,10497646043,8.000000,0,0,0,0,2,multiscale+elgendi_like,1.000000,0.000000,0,0,0,0,1.000000,5.491639,1,815.999000,8.000000,,v0.4.1-interval-core
10498422047,10498422047,10498422047,10498422047,0.000000,0,0,0,0,2,multiscale+elgendi_like,1.000000,0.000000,0,0,0,0,1.000000,5.575223,1,807.997500,0.000000,,v0.4.1-interval-core
10499190046,10499190046,10499190046,10499190046,0.000000,0,0,0,0,2,multiscale+elgendi_like,1.000000,0.000000,0,0,0,0,1.000000,5.148550,1,799.998000,0.000000,,v0.4.1-interval-core
10499926044,10499926044,10499926044,10499926044,0.000000,0,0,0,0,2,multiscale+elgendi_like,1.000000,0.000000,0,0,0,0,1.000000,4.858815,1,799.999000,0.000000,,v0.4.1-interval-core
10500614044,0,10500614044,10500614044,0.000000,1,0,0,0,2,multiscale+elgendi_like,1.000000,0.000000,0,0,1,0,1.000000,4.584966,1,799.999000,0.000000,,v0.4.1-interval-core
10501294043,10501294043,10501294043,10501294043,0.000000,0,0,0,0,2,multiscale+elgendi_like,1.000000,0.000000,0,0,0,0,1.000000,4.541662,1,799.999000,0.000000,,v0.4.1-interval-core
10501958043,10501958043,10501958043,10501958043,0.000000,0,0,0,0,2,multiscale+elgendi_like,1.000000,0.000000,0,0,0,0,1.000000,4.633364,1,807.997500,0.000000,,v0.4.1-interval-core
10502646043,10502646043,10502646043,10502646043,0.000000,0,0,0,0,2,multiscale+elgendi_like,1.000000,0.000000,0,0,0,0,1.000000,5.225685,1,799.999500,0.000000,,v0.4.1-interval-core
10503374043,10503366044,10503374043,10503374043,7.999000,0,0,0,0,2,multiscale+elgendi_like,1.000000,0.000000,0,0,0,0,1.000000,5.455722,1,792.003000,7.999000,,v0.4.1-interval-core
10504150044,10504150044,10504150044,10504150044,0.000000,0,0,0,0,2,multiscale+elgendi_like,1.000000,0.000000,0,0,0,0,1.000000,5.805869,1,791.998000,0.000000,,v0.4.1-interval-core
10504950043,10504950043,10504950043,10504950043,0.000000,0,0,0,0,2,multiscale+elgendi_like,1.000000,0.000000,0,0,0,0,1.000000,5.188631,1,784.000000,0.000000,,v0.4.1-interval-core
10505742046,10505742046,10505742046,10505742046,0.000000,0,0,0,0,2,multiscale+elgendi_like,1.000000,0.000000,0,0,0,0,1.000000,5.258052,1,780.000000,0.000000,,v0.4.1-interval-core
10506558043,10506550043,10506558043,10506558043,8.000000,0,0,0,0,2,multiscale+elgendi_like,1.000000,0.000000,0,0,0,0,1.000000,5.472473,1,776.002500,8.000000,,v0.4.1-interval-core
10507406045,10507406045,10507406045,10507406045,0.000000,0,0,0,0,2,multiscale+elgendi_like,1.000000,0.000000,0,0,0,0,1.000000,5.562780,1,775.998000,0.000000,,v0.4.1-interval-core
10508254043,10508254043,10508254043,10508254043,0.000000,0,0,0,0,2,multiscale+elgendi_like,1.000000,0.000000,0,0,0,0,1.000000,5.213677,1,771.998500,0.000000,,v0.4.1-interval-core
10509062047,10509062047,10509062047,10509062047,0.000000,0,0,0,0,2,multiscale+elgendi_like,1.000000,0.000000,0,0,0,0,1.000000,5.228841,1,771.998500,0.000000,,v0.4.1-interval-core
10509854047,10509846045,10509854047,10509854047,8.002000,0,0,0,0,2,multiscale+elgendi_like,1.000000,0.000000,0,0,0,0,1.000000,5.396927,1,771.998500,8.002000,,v0.4.1-interval-core
10510630044,10510630044,10510630044,10510630044,0.000000,0,0,0,0,2,multiscale+elgendi_like,1.000000,0.000000,0,0,0,0,1.000000,5.251129,1,775.998000,0.000000,,v0.4.1-interval-core
10511406043,10511406043,10511406043,10511406043,0.000000,0,0,0,0,2,multiscale+elgendi_like,1.000000,0.000000,0,0,0,0,1.000000,4.879191,1,776.000000,0.000000,,v0.4.1-interval-core
10512158047,10512158047,10512158047,10512158047,0.000000,0,0,0,0,2,multiscale+elgendi_like,1.000000,0.000000,0,0,0,0,1.000000,4.995414,1,784.000500,0.000000,,v0.4.1-interval-core
10512918043,10512910043,10512918043,10512918043,8.000000,0,0,0,0,2,multiscale+elgendi_like,1.000000,0.000000,0,0,0,0,1.000000,5.225245,1,792.000000,8.000000,,v0.4.1-interval-core
10513686043,10513686043,10513686043,10513686043,0.000000,0,0,0,0,2,multiscale+elgendi_like,1.000000,0.000000,0,0,0,0,1.000000,5.103049,1,792.002000,0.000000,,v0.4.1-interval-core
10514446043,10514446043,10514446043,10514446043,0.000000,0,0,0,0,2,multiscale+elgendi_like,1.000000,0.000000,0,0,0,0,1.000000,4.682317,1,792.003000,0.000000,,v0.4.1-interval-core
10515198043,10515198043,10515198043,10515198043,0.000000,0,0,0,0,2,multiscale+elgendi_like,1.000000,0.000000,0,0,0,0,1.000000,4.922729,1,796.001000,0.000000,,v0.4.1-interval-core
10515990045,10515990045,10515990045,10515990045,0.000000,0,0,0,0,2,multiscale+elgendi_like,1.000000,0.000000,0,0,0,0,1.000000,5.301631,1,800.001000,0.000000,,v0.4.1-interval-core
10516846047,10516846047,10516846047,10516846047,0.000000,0,0,0,0,2,multiscale+elgendi_like,1.000000,0.000000,0,0,0,0,1.000000,5.585694,1,799.999000,0.000000,,v0.4.1-interval-core
10517734047,10517734047,10517734047,10517734047,0.000000,0,0,0,0,2,multiscale+elgendi_like,1.000000,0.000000,0,0,0,0,1.000000,5.473233,1,799.999000,0.000000,,v0.4.1-interval-core
10518606043,10518606043,10518606043,10518606043,0.000000,0,0,0,0,2,multiscale+elgendi_like,1.000000,0.000000,0,0,0,0,1.000000,5.132504,1,799.999000,0.000000,,v0.4.1-interval-core
10519454046,10519446043,10519454046,10519454046,8.003000,0,0,0,0,2,multiscale+elgendi_like,1.000000,0.000000,0,0,0,0,1.000000,5.331121,1,799.999000,8.003000,,v0.4.1-interval-core
10520294044,10520294044,10520294044,10520294044,0.000000,0,0,0,0,2,multiscale+elgendi_like,1.000000,0.000000,0,0,0,0,1.000000,5.139380,1,799.999000,0.000000,,v0.4.1-interval-core
10521094046,10521086043,10521094046,10521094046,8.003000,0,0,0,0,2,multiscale+elgendi_like,1.000000,0.000000,0,0,0,0,1.000000,4.933055,1,800.001500,8.003000,,v0.4.1-interval-core
10521878045,10521878045,10521878045,10521878045,0.000000,0,0,0,0,2,multiscale+elgendi_like,1.000000,0.000000,0,0,0,0,1.000000,5.340021,1,800.002500,0.000000,,v0.4.1-interval-core
10522678046,10522678046,10522678046,10522678046,0.000000,0,0,0,0,2,multiscale+elgendi_like,1.000000,0.000000,0,0,0,0,1.000000,5.397825,1,808.001000,0.000000,,v0.4.1-interval-core
10523478043,10523478043,10523478043,10523478043,0.000000,0,0,0,0,2,multiscale+elgendi_like,1.000000,0.000000,0,0,0,0,1.000000,5.310172,1,827.998500,0.000000,,v0.4.1-interval-core
10524278046,10524278046,10524278046,10524278046,0.000000,0,0,0,0,2,multiscale+elgendi_like,1.000000,0.000000,0,0,0,0,1.000000,4.967890,1,844.000500,0.000000,,v0.4.1-interval-core
10525094045,10525094045,10525094045,10525094045,0.000000,0,0,0,0,2,multiscale+elgendi_like,1.000000,0.000000,0,0,0,0,1.000000,5.137866,1,844.000500,0.000000,,v0.4.1-interval-core
10525950043,10525950043,10525950043,10525950043,0.000000,0,0,0,0,2,multiscale+elgendi_like,1.000000,0.000000,0,0,0,0,1.000000,5.288859,1,844.000500,0.000000,,v0.4.1-interval-core
10526854043,0,10526854043,10526854043,0.000000,1,0,0,0,2,multiscale+elgendi_like,1.000000,0.000000,0,0,1,0,1.000000,5.503755,1,844.000500,0.000000,,v0.4.1-interval-core
10527758043,0,10527758043,10527758043,0.000000,1,0,0,0,2,multiscale+elgendi_like,1.000000,0.000000,0,0,1,0,1.000000,5.270777,1,844.000500,0.000000,,v0.4.1-interval-core
10528710043,10528710043,10528710043,10528710043,0.000000,0,0,0,0,2,multiscale+elgendi_like,1.000000,0.000000,0,0,0,0,1.000000,5.978015,1,827.998500,0.000000,,v0.4.1-interval-core
10529670043,0,10529670043,10529670043,0.000000,1,0,0,0,2,multiscale+elgendi_like,1.000000,0.000000,0,0,1,0,1.000000,6.081964,1,815.999000,0.000000,,v0.4.1-interval-core
10530582043,0,10530582043,10530582043,0.000000,1,0,0,0,2,multiscale+elgendi_like,1.000000,0.000000,0,0,1,0,1.000000,5.745498,1,815.999000,0.000000,,v0.4.1-interval-core
10531438043,0,10531438043,10531438043,0.000000,1,0,0,0,2,multiscale+elgendi_like,1.000000,0.000000,0,0,1,0,1.000000,4.998873,1,815.999000,0.000000,,v0.4.1-interval-core
10532238043,10532238043,10532238043,10532238043,0.000000,0,0,0,0,2,multiscale+elgendi_like,1.000000,0.000000,0,0,0,0,1.000000,5.536130,1,847.996000,0.000000,,v0.4.1-interval-core
10533038043,10533038043,10533038043,10533038043,0.000000,0,0,0,0,2,multiscale+elgendi_like,1.000000,0.000000,0,0,0,0,1.000000,5.425249,1,848.003000,0.000000,,v0.4.1-interval-core
10533822043,10533822043,10533822043,10533822043,0.000000,0,0,0,0,2,multiscale+elgendi_like,1.000000,0.000000,0,0,0,0,1.000000,4.973427,1,855.998000,0.000000,,v0.4.1-interval-core
10534590043,10534590043,10534590043,10534590043,0.000000,0,0,0,0,2,multiscale+elgendi_like,1.000000,0.000000,0,0,0,0,1.000000,5.272392,1,856.000000,0.000000,,v0.4.1-interval-core
10535398044,10535398044,10535398044,10535398044,0.000000,0,0,0,0,2,multiscale+elgendi_like,1.000000,0.000000,0,0,0,0,1.000000,5.400910,1,872.000000,0.000000,,v0.4.1-interval-core
10536246047,10536246047,10536246047,10536246047,0.000000,0,0,0,0,2,multiscale+elgendi_like,1.000000,0.000000,0,0,0,0,1.000000,5.604715,1,880.002000,0.000000,,v0.4.1-interval-core
10537094043,10537094043,10537094043,10537094043,0.000000,0,0,0,0,2,multiscale+elgendi_like,1.000000,0.000000,0,0,0,0,1.000000,5.128181,1,888.004000,0.000000,,v0.4.1-interval-core
10537966044,10537966044,10537966044,10537966044,0.000000,0,0,0,0,2,multiscale+elgendi_like,1.000000,0.000000,0,0,0,0,1.000000,5.638220,1,880.002000,0.000000,,v0.4.1-interval-core
10538894045,10538894045,10538894045,10538894045,0.000000,0,0,0,0,2,multiscale+elgendi_like,1.000000,0.000000,0,0,0,0,1.000000,5.792138,1,872.001000,0.000000,,v0.4.1-interval-core
10539814045,10539806047,10539814045,10539814045,7.998000,0,0,0,0,2,multiscale+elgendi_like,1.000000,0.000000,0,0,0,0,1.000000,5.570764,1,856.003000,7.998000,,v0.4.1-interval-core
10540710043,10540710043,10540710043,10540710043,0.000000,0,0,0,0,2,multiscale+elgendi_like,1.000000,0.000000,0,0,0,0,1.000000,5.245539,1,856.000000,0.000000,,v0.4.1-interval-core
10541590045,10541582043,10541590045,10541590045,8.002000,0,0,0,0,2,multiscale+elgendi_like,1.000000,0.000000,0,0,0,0,1.000000,5.271138,1,856.000000,8.002000,,v0.4.1-interval-core
10542486043,10542486043,10542486043,10542486043,0.000000,0,0,0,0,2,multiscale+elgendi_like,1.000000,0.000000,0,0,0,0,1.000000,5.596716,1,855.997000,0.000000,,v0.4.1-interval-core
10543382047,10543374047,10543382047,10543382047,8.000000,0,0,0,0,2,multiscale+elgendi_like,1.000000,0.000000,0,0,0,0,1.000000,5.386485,1,855.997000,8.000000,,v0.4.1-interval-core
10544270043,10544270043,10544270043,10544270043,0.000000,0,0,0,0,2,multiscale+elgendi_like,1.000000,0.000000,0,0,0,0,1.000000,5.187175,1,855.997000,0.000000,,v0.4.1-interval-core
10545126046,10545126046,10545126046,10545126046,0.000000,0,0,0,0,2,multiscale+elgendi_like,1.000000,0.000000,0,0,0,0,1.000000,5.167617,1,855.997000,0.000000,,v0.4.1-interval-core
10545982043,10545982043,10545982043,10545982043,0.000000,0,0,0,0,2,multiscale+elgendi_like,1.000000,0.000000,0,0,0,0,1.000000,5.145863,1,856.000000,0.000000,,v0.4.1-interval-core
10546838043,10546838043,10546838043,10546838043,0.000000,0,0,0,0,2,multiscale+elgendi_like,1.000000,0.000000,0,0,0,0,1.000000,4.979041,1,856.000000,0.000000,,v0.4.1-interval-core
10547670045,10547670045,10547670045,10547670045,0.000000,0,0,0,0,2,multiscale+elgendi_like,1.000000,0.000000,0,0,0,0,1.000000,4.532200,1,855.998500,0.000000,,v0.4.1-interval-core
10548494043,10548494043,10548494043,10548494043,0.000000,0,0,0,0,2,multiscale+elgendi_like,1.000000,0.000000,0,0,0,0,1.000000,4.800019,1,855.998500,0.000000,,v0.4.1-interval-core
10549326043,10549318044,10549326043,10549326043,7.999000,0,0,0,0,2,multiscale+elgendi_like,1.000000,0.000000,0,0,0,0,1.000000,4.821042,1,851.998500,7.999000,,v0.4.1-interval-core
10550126045,10550126045,10550126045,10550126045,0.000000,0,0,0,0,2,multiscale+elgendi_like,1.000000,0.000000,0,0,0,0,1.000000,4.428236,1,844.000000,0.000000,,v0.4.1-interval-core
10550910043,10550902043,10550910043,10550910043,8.000000,0,0,0,0,2,multiscale+elgendi_like,1.000000,0.000000,0,0,0,0,1.000000,4.954525,1,836.001000,8.000000,,v0.4.1-interval-core
10551726045,10551718043,10551726045,10551726045,8.002000,0,0,0,0,2,multiscale+elgendi_like,1.000000,0.000000,0,0,0,0,1.000000,5.292812,1,832.000000,8.002000,,v0.4.1-interval-core
10552590046,10552590046,10552590046,10552590046,0.000000,0,0,0,0,2,multiscale+elgendi_like,1.000000,0.000000,0,0,0,0,1.000000,5.321039,1,823.998000,0.000000,,v0.4.1-interval-core
10553438046,10553438046,10553438046,10553438046,0.000000,0,0,0,0,2,multiscale+elgendi_like,1.000000,0.000000,0,0,0,0,1.000000,5.389194,1,816.002000,0.000000,,v0.4.1-interval-core
10554278046,10554278046,10554278046,10554278046,0.000000,0,0,0,0,2,multiscale+elgendi_like,1.000000,0.000000,0,0,0,0,1.000000,5.459298,1,820.000000,0.000000,,v0.4.1-interval-core
10555062043,10555062043,10555062043,10555062043,0.000000,0,0,0,0,2,multiscale+elgendi_like,1.000000,0.000000,0,0,0,0,1.000000,5.155630,1,816.000000,0.000000,,v0.4.1-interval-core
10555822043,10555822043,10555822043,10555822043,0.000000,0,0,0,0,2,multiscale+elgendi_like,1.000000,0.000000,0,0,0,0,1.000000,5.383425,1,815.999000,0.000000,,v0.4.1-interval-core
10556534046,0,10556534046,10556534046,0.000000,1,0,0,0,2,multiscale+elgendi_like,1.000000,0.000000,0,0,1,0,1.000000,4.969975,1,811.998000,0.000000,,v0.4.1-interval-core
10557182043,10557182043,10557182043,10557182043,0.000000,0,0,0,0,2,multiscale+elgendi_like,1.000000,0.000000,0,0,0,0,1.000000,4.564366,1,808.000000,0.000000,,v0.4.1-interval-core
10557830044,10557830044,10557830044,10557830044,0.000000,0,0,0,0,2,multiscale+elgendi_like,1.000000,0.000000,0,0,0,0,1.000000,5.386923,1,800.002000,0.000000,,v0.4.1-interval-core
10558462046,10558462046,10558462046,10558462046,0.000000,0,0,0,0,2,multiscale+elgendi_like,1.000000,0.000000,0,0,0,0,1.000000,5.145387,1,807.999500,0.000000,,v0.4.1-interval-core
10559078045,10559078045,10559078045,10559078045,0.000000,0,0,0,0,2,multiscale+elgendi_like,1.000000,0.000000,0,0,0,0,1.000000,4.752123,1,807.999500,0.000000,,v0.4.1-interval-core
10559686043,0,10559686043,10559686043,0.000000,1,0,0,0,2,multiscale+elgendi_like,1.000000,0.000000,0,0,1,0,1.000000,4.979183,1,800.000000,0.000000,,v0.4.1-interval-core
10560310045,10560310045,10560310045,10560310045,0.000000,0,0,0,0,2,multiscale+elgendi_like,1.000000,0.000000,0,0,0,0,1.000000,6.605154,1,799.998000,0.000000,,v0.4.1-interval-core
10561126043,0,10561126043,10561126043,0.000000,1,0,0,0,2,multiscale+elgendi_like,1.000000,0.000000,0,0,1,0,1.000000,8.389729,1,783.998000,0.000000,,v0.4.1-interval-core
10561942043,0,10561942043,10561942043,0.000000,1,0,0,0,2,multiscale+elgendi_like,1.000000,0.000000,0,0,1,0,1.000000,7.022443,1,783.997000,0.000000,,v0.4.1-interval-core
10562766045,0,10562766045,10562766045,0.000000,1,0,0,0,2,multiscale+elgendi_like,1.000000,0.000000,0,0,1,0,1.000000,7.369456,1,767.999500,0.000000,,v0.4.1-interval-core
10563566043,0,10563566043,10563566043,0.000000,1,0,0,0,2,multiscale+elgendi_like,1.000000,0.000000,0,0,1,0,1.000000,6.642426,1,756.000000,0.000000,,v0.4.1-interval-core
10564390046,0,10564390046,10564390046,0.000000,1,0,0,0,2,multiscale+elgendi_like,1.000000,0.000000,0,0,1,0,1.000000,6.684635,1,748.001000,0.000000,,v0.4.1-interval-core
10565206043,10565206043,10565206043,10565206043,0.000000,0,0,0,0,2,multiscale+elgendi_like,1.000000,0.000000,0,0,0,0,1.000000,6.490743,1,728.002500,0.000000,,v0.4.1-interval-core
10566038044,10566030043,10566038044,10566038044,8.001000,0,0,0,0,2,multiscale+elgendi_like,1.000000,0.000000,0,0,0,0,1.000000,6.246617,1,728.002500,8.001000,,v0.4.1-interval-core
10566814043,10566806047,10566814043,10566814043,7.996000,0,0,0,0,2,multiscale+elgendi_like,1.000000,0.000000,0,0,0,0,1.000000,5.574778,1,728.000000,7.996000,,v0.4.1-interval-core
10567566043,10567566043,10567566043,10567566043,0.000000,0,0,0,0,2,multiscale+elgendi_like,1.000000,0.000000,0,0,0,0,1.000000,5.915945,1,728.000000,0.000000,,v0.4.1-interval-core
10568310045,10568310045,10568310045,10568310045,0.000000,0,0,0,0,2,multiscale+elgendi_like,1.000000,0.000000,0,0,0,0,1.000000,6.034240,1,743.999500,0.000000,,v0.4.1-interval-core
10569014043,10569006043,10569014043,10569014043,8.000000,0,0,0,0,2,multiscale+elgendi_like,1.000000,0.000000,0,0,0,0,1.000000,5.637303,1,748.001000,8.000000,,v0.4.1-interval-core
10569686044,10569686044,10569686044,10569686044,0.000000,0,0,0,0,2,multiscale+elgendi_like,1.000000,0.000000,0,0,0,0,1.000000,5.635829,1,752.000000,0.000000,,v0.4.1-interval-core
10570318046,10570598045,10570318046,10570318046,-279.999000,0,0,0,0,2,multiscale+elgendi_like,1.000000,0.000000,0,0,0,0,1.000000,5.461487,1,775.999000,279.999000,,v0.4.1-interval-core
10570966043,0,10570966043,10570966043,0.000000,1,0,0,0,2,multiscale+elgendi_like,1.000000,0.000000,0,0,1,0,1.000000,5.613586,1,796.000000,0.000000,,v0.4.1-interval-core
10571630044,10571630044,10571630044,10571630044,0.000000,0,0,0,0,2,multiscale+elgendi_like,1.000000,0.000000,0,0,0,0,1.000000,5.618589,1,807.997500,0.000000,,v0.4.1-interval-core
10572318047,10572310043,10572318047,10572318047,8.004000,0,0,0,0,2,multiscale+elgendi_like,1.000000,0.000000,0,0,0,0,1.000000,5.759217,1,799.998000,8.004000,,v0.4.1-interval-core
10573062044,10573062044,10573062044,10573062044,0.000000,0,0,0,0,2,multiscale+elgendi_like,1.000000,0.000000,0,0,0,0,1.000000,6.455709,1,792.002000,0.000000,,v0.4.1-interval-core
10573854046,10573854046,10573854046,10573854046,0.000000,0,0,0,0,2,multiscale+elgendi_like,1.000000,0.000000,0,0,0,0,1.000000,6.731303,1,771.997500,0.000000,,v0.4.1-interval-core
10574670043,0,10574670043,10574670043,0.000000,1,0,0,0,2,multiscale+elgendi_like,1.000000,0.000000,0,0,1,0,1.000000,6.737323,1,759.998000,0.000000,,v0.4.1-interval-core
10575518043,0,10575518043,10575518043,0.000000,1,0,0,0,2,multiscale+elgendi_like,1.000000,0.000000,0,0,1,0,1.000000,6.730713,1,748.001000,0.000000,,v0.4.1-interval-core
10576374043,0,10576374043,10576374043,0.000000,1,0,0,0,2,multiscale+elgendi_like,1.000000,0.000000,0,0,1,0,1.000000,6.670744,1,748.001000,0.000000,,v0.4.1-interval-core
10577238043,10577238043,10577238043,10577238043,0.000000,0,0,0,0,2,multiscale+elgendi_like,1.000000,0.000000,0,0,0,0,1.000000,6.652823,1,748.001000,0.000000,,v0.4.1-interval-core
10578102044,10578102044,10578102044,10578102044,0.000000,0,0,0,0,2,multiscale+elgendi_like,1.000000,0.000000,0,0,0,0,1.000000,6.333988,1,751.999000,0.000000,,v0.4.1-interval-core
10578950047,10578950047,10578950047,10578950047,0.000000,0,0,0,0,2,multiscale+elgendi_like,1.000000,0.000000,0,0,0,0,1.000000,5.927762,1,755.999000,0.000000,,v0.4.1-interval-core
10579718043,10579710043,10579718043,10579718043,8.000000,0,0,0,0,2,multiscale+elgendi_like,1.000000,0.000000,0,0,0,0,1.000000,5.887147,1,775.998000,8.000000,,v0.4.1-interval-core
10580414043,10580678043,10580414043,10580414043,-264.000000,0,0,0,0,2,multiscale+elgendi_like,1.000000,0.000000,0,0,0,0,1.000000,5.346015,1,788.001000,264.000000,,v0.4.1-interval-core
10581078043,0,10581078043,10581078043,0.000000,1,0,0,0,2,multiscale+elgendi_like,1.000000,0.000000,0,0,1,0,1.000000,5.541273,1,803.999500,0.000000,,v0.4.1-interval-core
10581782043,10581782043,10581782043,10581782043,0.000000,0,0,0,0,2,multiscale+elgendi_like,1.000000,0.000000,0,0,0,0,1.000000,6.363378,1,815.997000,0.000000,,v0.4.1-interval-core
10582518043,0,10582518043,10582518043,0.000000,1,0,0,0,2,multiscale+elgendi_like,1.000000,0.000000,0,0,1,0,1.000000,6.187210,1,816.000000,0.000000,,v0.4.1-interval-core
10583302043,0,10583302043,10583302043,0.000000,1,0,0,0,2,multiscale+elgendi_like,1.000000,0.000000,0,0,1,0,1.000000,6.472025,1,816.000000,0.000000,,v0.4.1-interval-core
10584134043,0,10584134043,10584134043,0.000000,1,0,0,0,2,multiscale+elgendi_like,1.000000,0.000000,0,0,1,0,1.000000,6.360015,1,823.999500,0.000000,,v0.4.1-interval-core
10584982047,0,10584982047,10584982047,0.000000,1,0,0,0,2,multiscale+elgendi_like,1.000000,0.000000,0,0,1,0,1.000000,6.461590,1,823.999500,0.000000,,v0.4.1-interval-core
10585814043,10585814043,10585814043,10585814043,0.000000,0,0,0,0,2,multiscale+elgendi_like,1.000000,0.000000,0,0,0,0,1.000000,5.776837,1,827.998000,0.000000,,v0.4.1-interval-core
10586638043,10586638043,10586638043,10586638043,0.000000,0,0,0,0,2,multiscale+elgendi_like,1.000000,0.000000,0,0,0,0,1.000000,6.328091,1,823.999500,0.000000,,v0.4.1-interval-core
10587454043,10587454043,10587454043,10587454043,0.000000,0,0,0,0,2,multiscale+elgendi_like,1.000000,0.000000,0,0,0,0,1.000000,6.305609,1,816.000000,0.000000,,v0.4.1-interval-core
10588294047,10588294047,10588294047,10588294047,0.000000,0,0,0,0,2,multiscale+elgendi_like,1.000000,0.000000,0,0,0,0,1.000000,6.410458,1,816.000000,0.000000,,v0.4.1-interval-core
10589134046,10589126043,10589134046,10589134046,8.003000,0,0,0,0,2,multiscale+elgendi_like,1.000000,0.000000,0,0,0,0,1.000000,6.201292,1,791.998000,8.003000,,v0.4.1-interval-core
10589926044,10589918047,10589926044,10589926044,7.997000,0,0,0,0,2,multiscale+elgendi_like,1.000000,0.000000,0,0,0,0,1.000000,5.907770,1,788.001000,7.997000,,v0.4.1-interval-core
10590750043,10590750043,10590750043,10590750043,0.000000,0,0,0,0,2,multiscale+elgendi_like,1.000000,0.000000,0,0,0,0,1.000000,6.518082,1,784.002000,0.000000,,v0.4.1-interval-core
10591566043,10591566043,10591566043,10591566043,0.000000,0,0,0,0,2,multiscale+elgendi_like,1.000000,0.000000,0,0,0,0,1.000000,6.293639,1,784.002000,0.000000,,v0.4.1-interval-core
10592406046,10592406046,10592406046,10592406046,0.000000,0,0,0,0,2,multiscale+elgendi_like,1.000000,0.000000,0,0,0,0,1.000000,6.281081,1,784.002000,0.000000,,v0.4.1-interval-core
10593182043,10593174043,10593182043,10593182043,8.000000,0,0,0,0,2,multiscale+elgendi_like,1.000000,0.000000,0,0,0,0,1.000000,5.591279,1,784.002000,8.000000,,v0.4.1-interval-core
10593966047,10593958047,10593966047,10593966047,8.000000,0,0,0,0,2,multiscale+elgendi_like,1.000000,0.000000,0,0,0,0,1.000000,6.565743,1,784.002000,8.000000,,v0.4.1-interval-core
10594742043,0,10594742043,10594742043,0.000000,1,0,0,0,2,multiscale+elgendi_like,1.000000,0.000000,0,0,1,0,1.000000,6.047385,1,780.000500,0.000000,,v0.4.1-interval-core
10595454046,0,10595454046,10595454046,0.000000,1,0,0,0,2,multiscale+elgendi_like,1.000000,0.000000,0,0,1,0,1.000000,5.136716,1,775.996500,0.000000,,v0.4.1-interval-core
10596166043,10596158047,10596166043,10596166043,7.996000,0,0,0,0,2,multiscale+elgendi_like,1.000000,0.000000,0,0,0,0,1.000000,5.822229,1,743.999500,7.996000,,v0.4.1-interval-core
10596870047,10596870047,10596870047,10596870047,0.000000,0,0,0,0,2,multiscale+elgendi_like,1.000000,0.000000,0,0,0,0,1.000000,6.471080,1,712.003000,0.000000,,v0.4.1-interval-core
10597574043,0,10597574043,10597574043,0.000000,1,0,0,0,2,multiscale+elgendi_like,1.000000,0.000000,0,0,1,0,1.000000,6.113084,1,708.000500,0.000000,,v0.4.1-interval-core
10598278043,0,10598278043,10598278043,0.000000,1,0,0,0,2,multiscale+elgendi_like,1.000000,0.000000,0,0,1,0,1.000000,6.290423,1,704.002000,0.000000,,v0.4.1-interval-core
10598958043,0,10598958043,10598958043,0.000000,1,0,0,0,2,multiscale+elgendi_like,1.000000,0.000000,0,0,1,0,1.000000,6.146409,1,703.998000,0.000000,,v0.4.1-interval-core
10599622045,10599622045,10599622045,10599622045,0.000000,0,0,0,0,2,multiscale+elgendi_like,1.000000,0.000000,0,0,0,1,1.000000,6.107553,1,691.998000,0.000000,,v0.4.1-interval-core
10600294043,0,10600294043,10600294043,0.000000,1,0,0,0,2,multiscale+elgendi_like,1.000000,0.000000,0,0,1,1,1.000000,5.855980,1,691.998000,0.000000,,v0.4.1-interval-core
10600966044,10600958046,10600966044,10600966044,7.998000,0,0,0,0,2,multiscale+elgendi_like,1.000000,0.000000,0,0,0,1,1.000000,5.695955,1,684.001500,7.998000,,v0.4.1-interval-core
10601622045,10601622045,10601622045,10601622045,0.000000,0,0,0,0,2,multiscale+elgendi_like,1.000000,0.000000,0,0,0,0,1.000000,5.414896,1,688.003000,0.000000,,v0.4.1-interval-core
10602270045,10602270045,10602270045,10602270045,0.000000,0,0,0,0,2,multiscale+elgendi_like,1.000000,0.000000,0,0,0,0,1.000000,5.144079,1,684.001500,0.000000,,v0.4.1-interval-core
10602918043,10602918043,10602918043,10602918043,0.000000,0,0,0,0,2,multiscale+elgendi_like,1.000000,0.000000,0,0,0,0,1.000000,5.228326,1,684.001500,0.000000,,v0.4.1-interval-core
10603550046,10603550046,10603550046,10603550046,0.000000,0,0,0,0,2,multiscale+elgendi_like,1.000000,0.000000,0,0,0,0,1.000000,5.297507,1,684.001500,0.000000,,v0.4.1-interval-core
10604174046,10604166043,10604174046,10604174046,8.003000,0,0,0,0,2,multiscale+elgendi_like,1.000000,0.000000,0,0,0,1,1.000000,5.642899,1,688.003000,8.003000,,v0.4.1-interval-core
10604806045,10604806045,10604806045,10604806045,0.000000,0,0,0,0,2,multiscale+elgendi_like,1.000000,0.000000,0,0,0,1,1.000000,6.061617,1,688.003000,0.000000,,v0.4.1-interval-core
10605454047,10605454047,10605454047,10605454047,0.000000,0,0,0,0,2,multiscale+elgendi_like,1.000000,0.000000,0,0,0,1,1.000000,6.010010,1,688.003000,0.000000,,v0.4.1-interval-core
10606126043,10606126043,10606126043,10606126043,0.000000,0,0,0,0,2,multiscale+elgendi_like,1.000000,0.000000,0,0,0,0,1.000000,5.993994,1,688.003000,0.000000,,v0.4.1-interval-core
10606790043,10606790043,10606790043,10606790043,0.000000,0,0,0,0,2,multiscale+elgendi_like,1.000000,0.000000,0,0,0,1,1.000000,5.696307,1,684.001500,0.000000,,v0.4.1-interval-core
10607478046,10607478046,10607478046,10607478046,0.000000,0,0,0,0,2,multiscale+elgendi_like,1.000000,0.000000,0,0,0,0,1.000000,6.200921,1,684.001500,0.000000,,v0.4.1-interval-core
10608190045,10608190045,10608190045,10608190045,0.000000,0,0,0,0,2,multiscale+elgendi_like,1.000000,0.000000,0,0,0,0,1.000000,5.943320,1,684.001500,0.000000,,v0.4.1-interval-core
10608918043,10608918043,10608918043,10608918043,0.000000,0,0,0,0,2,multiscale+elgendi_like,1.000000,0.000000,0,0,0,0,1.000000,6.128372,1,684.001500,0.000000,,v0.4.1-interval-core
10609654043,10609654043,10609654043,10609654043,0.000000,0,0,0,0,2,multiscale+elgendi_like,1.000000,0.000000,0,0,0,0,1.000000,6.144581,1,684.001500,0.000000,,v0.4.1-interval-core
10610382047,10610382047,10610382047,10610382047,0.000000,0,0,0,0,2,multiscale+elgendi_like,1.000000,0.000000,0,0,0,0,1.000000,6.032002,1,696.000000,0.000000,,v0.4.1-interval-core
10611086044,10611086044,10611086044,10611086044,0.000000,0,0,0,0,2,multiscale+elgendi_like,1.000000,0.000000,0,0,0,0,1.000000,6.238772,1,707.998000,0.000000,,v0.4.1-interval-core
10611838044,10611838044,10611838044,10611838044,0.000000,0,0,0,0,2,multiscale+elgendi_like,1.000000,0.000000,0,0,0,0,1.000000,6.681731,1,715.999500,0.000000,,v0.4.1-interval-core
10612622043,10612622043,10612622043,10612622043,0.000000,0,0,0,0,2,multiscale+elgendi_like,1.000000,0.000000,0,0,0,0,1.000000,6.599796,1,723.999000,0.000000,,v0.4.1-interval-core
10613406045,10613654044,10613406045,10613406045,-247.999000,0,0,0,0,2,multiscale+elgendi_like,1.000000,0.000000,0,0,0,0,1.000000,6.503124,1,728.004000,247.999000,,v0.4.1-interval-core
10614174044,10614438043,10614174044,10614174044,-263.999000,0,0,0,0,2,multiscale+elgendi_like,1.000000,0.000000,0,0,0,0,1.000000,6.264357,1,728.002000,263.999000,,v0.4.1-interval-core
10614966043,10615222043,10614966043,10614966043,-256.000000,0,0,0,0,2,multiscale+elgendi_like,1.000000,0.000000,0,0,0,0,1.000000,6.467173,1,736.000000,256.000000,,v0.4.1-interval-core
10615798043,10615790043,10615798043,10615798043,8.000000,0,0,0,0,2,multiscale+elgendi_like,1.000000,0.000000,0,0,0,0,1.000000,6.513529,1,736.003000,8.000000,,v0.4.1-interval-core
10616574043,10616574043,10616574043,10616574043,0.000000,0,0,0,0,2,multiscale+elgendi_like,1.000000,0.000000,0,0,0,0,1.000000,6.049455,1,736.003000,0.000000,,v0.4.1-interval-core
10617350044,10617350044,10617350044,10617350044,0.000000,0,0,0,0,2,multiscale+elgendi_like,1.000000,0.000000,0,0,0,0,1.000000,6.278529,1,740.000000,0.000000,,v0.4.1-interval-core
10618110043,10618110043,10618110043,10618110043,0.000000,0,0,0,0,2,multiscale+elgendi_like,1.000000,0.000000,0,0,0,0,1.000000,6.105351,1,736.003000,0.000000,,v0.4.1-interval-core
10618830043,10618830043,10618830043,10618830043,0.000000,0,0,0,0,2,multiscale+elgendi_like,1.000000,0.000000,0,0,0,0,1.000000,5.905588,1,736.003000,0.000000,,v0.4.1-interval-core
10619566046,10619566046,10619566046,10619566046,0.000000,0,0,0,0,2,multiscale+elgendi_like,1.000000,0.000000,0,0,0,0,1.000000,6.100913,1,736.003000,0.000000,,v0.4.1-interval-core
10620310043,10620310043,10620310043,10620310043,0.000000,0,0,0,0,2,multiscale+elgendi_like,1.000000,0.000000,0,0,0,0,1.000000,6.156728,1,736.003000,0.000000,,v0.4.1-interval-core
10621038043,10621038043,10621038043,10621038043,0.000000,0,0,0,0,2,multiscale+elgendi_like,1.000000,0.000000,0,0,0,0,1.000000,5.973913,1,736.003000,0.000000,,v0.4.1-interval-core
10621790047,10621790047,10621790047,10621790047,0.000000,0,0,0,0,2,multiscale+elgendi_like,1.000000,0.000000,0,0,0,0,1.000000,6.262563,1,736.003000,0.000000,,v0.4.1-interval-core
10622558047,10622550043,10622558047,10622558047,8.004000,0,0,0,0,2,multiscale+elgendi_like,1.000000,0.000000,0,0,0,0,1.000000,6.149148,1,732.001500,8.004000,,v0.4.1-interval-core
10623278043,10623278043,10623278043,10623278043,0.000000,0,0,0,0,2,multiscale+elgendi_like,1.000000,0.000000,0,0,0,0,1.000000,5.695462,1,728.000000,0.000000,,v0.4.1-interval-core
10623998044,10623998044,10623998044,10623998044,0.000000,0,0,0,0,2,multiscale+elgendi_like,1.000000,0.000000,0,0,0,0,1.000000,5.981504,1,720.001000,0.000000,,v0.4.1-interval-core
10624702046,10624694046,10624702046,10624702046,8.000000,0,0,0,0,2,multiscale+elgendi_like,1.000000,0.000000,0,0,0,0,1.000000,5.447791,1,720.001000,8.000000,,v0.4.1-interval-core
10625358043,10625358043,10625358043,10625358043,0.000000,0,0,0,0,2,multiscale+elgendi_like,1.000000,0.000000,0,0,0,0,1.000000,4.514452,1,720.001000,0.000000,,v0.4.1-interval-core
10625998043,10625998043,10625998043,10625998043,0.000000,0,0,0,0,2,multiscale+elgendi_like,1.000000,0.000000,0,0,0,0,1.000000,5.156594,1,720.001000,0.000000,,v0.4.1-interval-core
10626638047,0,10626638047,10626638047,0.000000,1,0,0,0,2,multiscale+elgendi_like,1.000000,0.000000,0,0,1,0,1.000000,5.075075,1,724.000500,0.000000,,v0.4.1-interval-core
10627254046,10626982049,10627254046,10627254046,271.997000,0,0,0,0,2,multiscale+elgendi_like,1.000000,0.000000,0,0,0,0,1.000000,5.510629,1,720.001000,271.997000,,v0.4.1-interval-core
10627862043,10627550043,10627862043,10627862043,312.000000,0,0,0,0,2,multiscale+elgendi_like,1.000000,0.000000,0,0,0,1,1.000000,6.252945,1,720.001000,312.000000,,v0.4.1-interval-core
10628494044,10628494044,10628494044,10628494044,0.000000,0,0,0,0,2,multiscale+elgendi_like,1.000000,0.000000,0,0,0,1,1.000000,5.652090,1,720.001000,0.000000,,v0.4.1-interval-core
10629190047,10629182045,10629190047,10629190047,8.002000,0,0,0,0,2,multiscale+elgendi_like,1.000000,0.000000,0,0,0,1,1.000000,6.784182,1,720.001000,8.002000,,v0.4.1-interval-core
10629902043,0,10629902043,10629902043,0.000000,1,0,0,0,2,multiscale+elgendi_like,1.000000,0.000000,0,0,1,1,1.000000,6.625820,1,727.998500,0.000000,,v0.4.1-interval-core
10630598043,0,10630598043,10630598043,0.000000,1,0,0,0,2,multiscale+elgendi_like,1.000000,0.000000,0,0,1,1,1.000000,6.781498,1,728.000000,0.000000,,v0.4.1-interval-core
10631334043,0,10631334043,10631334043,0.000000,1,0,0,0,2,multiscale+elgendi_like,1.000000,0.000000,0,0,1,1,1.000000,7.037890,1,724.000500,0.000000,,v0.4.1-interval-core
10632134043,0,10632134043,10632134043,0.000000,1,0,0,0,2,multiscale+elgendi_like,1.000000,0.000000,0,0,1,1,1.000000,7.262943,1,719.998500,0.000000,,v0.4.1-interval-core
10632934043,0,10632934043,10632934043,0.000000,1,0,0,0,2,multiscale+elgendi_like,1.000000,0.000000,0,0,1,1,1.000000,6.991419,1,711.996000,0.000000,,v0.4.1-interval-core
10633750043,0,10633750043,10633750043,0.000000,1,0,0,0,2,multiscale+elgendi_like,1.000000,0.000000,0,0,1,0,1.000000,6.974036,1,704.002000,0.000000,,v0.4.1-interval-core
10634606043,0,10634606043,10634606043,0.000000,1,0,0,0,2,multiscale+elgendi_like,1.000000,0.000000,0,0,1,0,1.000000,7.096159,1,696.001500,0.000000,,v0.4.1-interval-core
10635454043,0,10635454043,10635454043,0.000000,1,0,0,0,2,multiscale+elgendi_like,1.000000,0.000000,0,0,1,0,1.000000,6.877990,1,696.001500,0.000000,,v0.4.1-interval-core
10636270043,0,10636270043,10636270043,0.000000,1,0,0,0,2,multiscale+elgendi_like,1.000000,0.000000,0,0,1,0,1.000000,6.384413,1,696.001500,0.000000,,v0.4.1-interval-core
10637062043,0,10637062043,10637062043,0.000000,1,0,0,0,2,multiscale+elgendi_like,1.000000,0.000000,0,0,1,0,1.000000,6.589292,1,703.999500,0.000000,,v0.4.1-interval-core
10637806043,0,10637806043,10637806043,0.000000,1,0,0,0,2,multiscale+elgendi_like,1.000000,0.000000,0,0,1,0,1.000000,6.035039,1,711.998000,0.000000,,v0.4.1-interval-core
10638502043,0,10638502043,10638502043,0.000000,1,0,0,0,2,multiscale+elgendi_like,1.000000,0.000000,0,0,1,1,1.000000,5.838517,1,719.996000,0.000000,,v0.4.1-interval-core
10639166046,0,10639166046,10639166046,0.000000,1,0,0,0,2,multiscale+elgendi_like,1.000000,0.000000,0,0,1,1,1.000000,5.493011,1,736.000000,0.000000,,v0.4.1-interval-core
10639822043,10639822043,10639822043,10639822043,0.000000,0,0,0,0,2,multiscale+elgendi_like,1.000000,0.000000,0,0,0,1,1.000000,5.554008,1,736.000000,0.000000,,v0.4.1-interval-core
10640470043,10640470043,10640470043,10640470043,0.000000,0,0,0,0,2,multiscale+elgendi_like,1.000000,0.000000,0,0,0,1,1.000000,5.270840,1,736.000000,0.000000,,v0.4.1-interval-core
10641110043,10641102045,10641110043,10641110043,7.998000,0,0,0,0,2,multiscale+elgendi_like,1.000000,0.000000,0,0,0,1,1.000000,5.393026,1,736.000000,7.998000,,v0.4.1-interval-core
10641766043,10641766043,10641766043,10641766043,0.000000,0,0,0,0,2,multiscale+elgendi_like,1.000000,0.000000,0,0,0,1,1.000000,5.972776,1,736.000000,0.000000,,v0.4.1-interval-core
10642478043,10642478043,10642478043,10642478043,0.000000,0,0,0,0,2,multiscale+elgendi_like,1.000000,0.000000,0,0,0,0,1.000000,6.126733,1,740.002000,0.000000,,v0.4.1-interval-core
10643238045,10643238045,10643238045,10643238045,0.000000,0,0,0,0,2,multiscale+elgendi_like,1.000000,0.000000,0,0,0,0,1.000000,6.241201,1,740.002000,0.000000,,v0.4.1-interval-core
10644022043,10644014043,10644022043,10644022043,8.000000,0,0,0,0,2,multiscale+elgendi_like,1.000000,0.000000,0,0,0,0,1.000000,6.045802,1,736.002000,8.000000,,v0.4.1-interval-core
10644774047,10644774047,10644774047,10644774047,0.000000,0,0,0,0,2,multiscale+elgendi_like,1.000000,0.000000,0,0,0,0,1.000000,5.737116,1,736.000000,0.000000,,v0.4.1-interval-core
10645494043,10645494043,10645494043,10645494043,0.000000,0,0,0,0,2,multiscale+elgendi_like,1.000000,0.000000,0,0,0,0,1.000000,5.883395,1,736.000000,0.000000,,v0.4.1-interval-core
10646222047,10646222047,10646222047,10646222047,0.000000,0,0,0,0,2,multiscale+elgendi_like,1.000000,0.000000,0,0,0,0,1.000000,6.097792,1,736.000000,0.000000,,v0.4.1-interval-core
10646958047,10646646043,10646958047,10646958047,312.004000,0,0,0,0,2,multiscale+elgendi_like,1.000000,0.000000,0,0,0,0,1.000000,6.178191,1,736.000000,312.004000,,v0.4.1-interval-core
10647686043,0,10647686043,10647686043,0.000000,1,0,0,0,2,multiscale+elgendi_like,1.000000,0.000000,0,0,1,0,1.000000,5.847241,1,736.000000,0.000000,,v0.4.1-interval-core
10648422047,10648710044,10648422047,10648422047,-287.997000,0,0,0,0,2,multiscale+elgendi_like,1.000000,0.000000,0,0,0,0,1.000000,6.415841,1,728.004000,287.997000,,v0.4.1-interval-core
10649182043,10649462046,10649182043,10649182043,-280.003000,0,0,0,0,2,multiscale+elgendi_like,1.000000,0.000000,0,0,0,0,1.000000,6.448409,1,728.001000,280.003000,,v0.4.1-interval-core
10649942043,0,10649942043,10649942043,0.000000,1,0,0,0,2,multiscale+elgendi_like,1.000000,0.000000,0,0,1,0,1.000000,6.188015,1,728.004000,0.000000,,v0.4.1-interval-core
10650654043,10650654043,10650654043,10650654043,0.000000,0,0,0,0,2,multiscale+elgendi_like,1.000000,0.000000,0,0,0,0,1.000000,5.969224,1,736.000000,0.000000,,v0.4.1-interval-core
10651390043,10651390043,10651390043,10651390043,0.000000,0,0,0,0,2,multiscale+elgendi_like,1.000000,0.000000,0,0,0,0,1.000000,6.481942,1,736.000000,0.000000,,v0.4.1-interval-core
10652158045,10652158045,10652158045,10652158045,0.000000,0,0,0,0,2,multiscale+elgendi_like,1.000000,0.000000,0,0,0,0,1.000000,6.280207,1,736.000000,0.000000,,v0.4.1-interval-core
10652918043,10652918043,10652918043,10652918043,0.000000,0,0,0,0,2,multiscale+elgendi_like,1.000000,0.000000,0,0,0,0,1.000000,6.031227,1,736.004000,0.000000,,v0.4.1-interval-core
10653646044,10653646044,10653646044,10653646044,0.000000,0,0,0,0,2,multiscale+elgendi_like,1.000000,0.000000,0,0,0,0,1.000000,6.186641,1,744.001500,0.000000,,v0.4.1-interval-core
10654390043,10654390043,10654390043,10654390043,0.000000,0,0,0,0,2,multiscale+elgendi_like,1.000000,0.000000,0,0,0,0,1.000000,6.428918,1,736.004000,0.000000,,v0.4.1-interval-core
10655110045,10655110045,10655110045,10655110045,0.000000,0,0,0,0,2,multiscale+elgendi_like,1.000000,0.000000,0,0,0,0,1.000000,5.654664,1,736.002000,0.000000,,v0.4.1-interval-core
10655830045,10655830045,10655830045,10655830045,0.000000,0,0,0,0,2,multiscale+elgendi_like,1.000000,0.000000,0,0,0,0,1.000000,6.275099,1,736.000000,0.000000,,v0.4.1-interval-core
10656566043,10656566043,10656566043,10656566043,0.000000,0,0,0,0,2,multiscale+elgendi_like,1.000000,0.000000,0,0,0,0,1.000000,6.110241,1,736.000000,0.000000,,v0.4.1-interval-core
10657318043,10657310046,10657318043,10657318043,7.997000,0,0,0,0,2,multiscale+elgendi_like,1.000000,0.000000,0,0,0,0,1.000000,6.119372,1,735.999000,7.997000,,v0.4.1-interval-core
10658062047,10658062047,10658062047,10658062047,0.000000,0,0,0,0,2,multiscale+elgendi_like,1.000000,0.000000,0,0,0,0,1.000000,5.886823,1,735.998000,0.000000,,v0.4.1-interval-core
10658822046,10658814046,10658822046,10658822046,8.000000,0,0,0,0,2,multiscale+elgendi_like,1.000000,0.000000,0,0,0,0,1.000000,6.416155,1,735.999000,8.000000,,v0.4.1-interval-core
10659606044,10659606044,10659606044,10659606044,0.000000,0,0,0,0,2,multiscale+elgendi_like,1.000000,0.000000,0,0,0,0,1.000000,6.273875,1,735.998000,0.000000,,v0.4.1-interval-core
10660358046,10660350047,10660358046,10660358046,7.999000,0,0,0,0,2,multiscale+elgendi_like,1.000000,0.000000,0,0,0,0,1.000000,5.705903,1,735.998000,7.999000,,v0.4.1-interval-core
10661062047,10661062047,10661062047,10661062047,0.000000,0,0,0,0,2,multiscale+elgendi_like,1.000000,0.000000,0,0,0,0,1.000000,5.800757,1,735.999000,0.000000,,v0.4.1-interval-core
10661758047,10661758047,10661758047,10661758047,0.000000,0,0,0,0,2,multiscale+elgendi_like,1.000000,0.000000,0,0,0,0,1.000000,6.021392,1,735.998000,0.000000,,v0.4.1-interval-core
10662454043,10662454043,10662454043,10662454043,0.000000,0,0,0,0,2,multiscale+elgendi_like,1.000000,0.000000,0,0,0,0,1.000000,5.911377,1,736.000000,0.000000,,v0.4.1-interval-core
10663142046,10663134047,10663142046,10663142046,7.999000,0,0,0,0,2,multiscale+elgendi_like,1.000000,0.000000,0,0,0,0,1.000000,5.608831,1,743.997500,7.999000,,v0.4.1-interval-core
10663846046,10663846046,10663846046,10663846046,0.000000,0,0,0,0,2,multiscale+elgendi_like,1.000000,0.000000,0,0,0,0,1.000000,5.845668,1,743.996000,0.000000,,v0.4.1-interval-core
10664558043,10664558043,10664558043,10664558043,0.000000,0,0,0,0,2,multiscale+elgendi_like,1.000000,0.000000,0,0,0,0,1.000000,5.792663,1,743.996000,0.000000,,v0.4.1-interval-core
10665270043,10665270043,10665270043,10665270043,0.000000,0,0,0,0,2,multiscale+elgendi_like,1.000000,0.000000,0,0,0,0,1.000000,6.258516,1,743.996000,0.000000,,v0.4.1-interval-core
10666014043,10666014043,10666014043,10666014043,0.000000,0,0,0,0,2,multiscale+elgendi_like,1.000000,0.000000,0,0,0,0,1.000000,6.226327,1,736.004000,0.000000,,v0.4.1-interval-core
10666726047,10666726047,10666726047,10666726047,0.000000,0,0,0,0,2,multiscale+elgendi_like,1.000000,0.000000,0,0,0,0,1.000000,6.212354,1,736.004000,0.000000,,v0.4.1-interval-core
10667478043,10667478043,10667478043,10667478043,0.000000,0,0,0,0,2,multiscale+elgendi_like,1.000000,0.000000,0,0,0,0,1.000000,6.621314,1,740.000000,0.000000,,v0.4.1-interval-core
10668246047,10668246047,10668246047,10668246047,0.000000,0,0,0,0,2,multiscale+elgendi_like,1.000000,0.000000,0,0,0,0,1.000000,6.412261,1,736.002000,0.000000,,v0.4.1-interval-core
10668990043,10668990043,10668990043,10668990043,0.000000,0,0,0,0,2,multiscale+elgendi_like,1.000000,0.000000,0,0,0,0,1.000000,6.050872,1,724.002000,0.000000,,v0.4.1-interval-core
10669734044,10669734044,10669734044,10669734044,0.000000,0,0,0,0,2,multiscale+elgendi_like,1.000000,0.000000,0,0,0,0,1.000000,6.139270,1,712.002000,0.000000,,v0.4.1-interval-core
10670494043,10670486046,10670494043,10670494043,7.997000,0,0,0,0,2,multiscale+elgendi_like,1.000000,0.000000,0,0,0,0,1.000000,6.264709,1,711.998500,7.997000,,v0.4.1-interval-core
10671262043,10671254043,10671262043,10671262043,8.000000,0,0,0,0,2,multiscale+elgendi_like,1.000000,0.000000,0,0,0,0,1.000000,6.106012,1,711.996500,8.000000,,v0.4.1-interval-core
10671998043,10671990043,10671998043,10671998043,8.000000,0,0,0,0,2,multiscale+elgendi_like,1.000000,0.000000,0,0,0,1,1.000000,5.865014,1,711.998500,8.000000,,v0.4.1-interval-core
10672734047,10672726047,10672734047,10672734047,8.000000,0,0,0,0,2,multiscale+elgendi_like,1.000000,0.000000,0,0,0,0,1.000000,6.710523,1,711.998500,8.000000,,v0.4.1-interval-core
10673446043,10673438047,10673446043,10673446043,7.996000,0,0,0,0,2,multiscale+elgendi_like,1.000000,0.000000,0,0,0,0,1.000000,6.542518,1,712.000000,7.996000,,v0.4.1-interval-core
10674134043,10674134043,10674134043,10674134043,0.000000,0,0,0,0,2,multiscale+elgendi_like,1.000000,0.000000,0,0,0,0,1.000000,6.240109,1,712.000000,0.000000,,v0.4.1-interval-core
10674798043,10674798043,10674798043,10674798043,0.000000,0,0,0,0,2,multiscale+elgendi_like,1.000000,0.000000,0,0,0,0,1.000000,5.875771,1,712.002000,0.000000,,v0.4.1-interval-core
10675446047,10675446047,10675446047,10675446047,0.000000,0,0,0,0,2,multiscale+elgendi_like,1.000000,0.000000,0,0,0,1,1.000000,5.605960,1,724.002000,0.000000,,v0.4.1-interval-core
10676102043,0,10676102043,10676102043,0.000000,1,0,0,0,2,multiscale+elgendi_like,1.000000,0.000000,0,0,1,0,1.000000,6.015643,1,736.002000,0.000000,,v0.4.1-interval-core
10676758043,10676526046,10676758043,10676758043,231.997000,0,0,0,0,2,multiscale+elgendi_like,1.000000,0.000000,0,0,0,1,1.000000,5.810627,1,740.000000,231.997000,,v0.4.1-interval-core
10677406048,10677398043,10677406048,10677406048,8.005000,0,0,0,0,2,multiscale+elgendi_like,1.000000,0.000000,0,0,0,1,1.000000,6.128667,1,736.004000,8.005000,,v0.4.1-interval-core
10678086043,10678086043,10678086043,10678086043,0.000000,0,0,0,0,2,multiscale+elgendi_like,1.000000,0.000000,0,0,0,1,1.000000,6.516418,1,743.996000,0.000000,,v0.4.1-interval-core
10678798043,10678790043,10678798043,10678798043,8.000000,0,0,0,0,2,multiscale+elgendi_like,1.000000,0.000000,0,0,0,1,1.000000,6.280462,1,736.004000,8.000000,,v0.4.1-interval-core
10679510043,10679510043,10679510043,10679510043,0.000000,0,0,0,0,2,multiscale+elgendi_like,1.000000,0.000000,0,0,0,0,1.000000,6.438415,1,736.000000,0.000000,,v0.4.1-interval-core
10680254043,10680254043,10680254043,10680254043,0.000000,0,0,0,0,2,multiscale+elgendi_like,1.000000,0.000000,0,0,0,0,1.000000,6.237890,1,728.004000,0.000000,,v0.4.1-interval-core
10681006043,10681006043,10681006043,10681006043,0.000000,0,0,0,0,2,multiscale+elgendi_like,1.000000,0.000000,0,0,0,0,1.000000,6.569391,1,728.004000,0.000000,,v0.4.1-interval-core
10681766043,10681758045,10681766043,10681766043,7.998000,0,0,0,0,2,multiscale+elgendi_like,1.000000,0.000000,0,0,0,0,1.000000,6.266497,1,728.004000,7.998000,,v0.4.1-interval-core
10682534047,10682534047,10682534047,10682534047,0.000000,0,0,0,0,2,multiscale+elgendi_like,1.000000,0.000000,0,0,0,0,1.000000,6.249650,1,728.004000,0.000000,,v0.4.1-interval-core
10683278046,10683278046,10683278046,10683278046,0.000000,0,0,0,0,2,multiscale+elgendi_like,1.000000,0.000000,0,0,0,0,1.000000,5.834098,1,728.004000,0.000000,,v0.4.1-interval-core
10684030045,10684022043,10684030045,10684030045,8.002000,0,0,0,0,2,multiscale+elgendi_like,1.000000,0.000000,0,0,0,0,1.000000,6.042666,1,728.000000,8.002000,,v0.4.1-interval-core
10684790043,10684782047,10684790043,10684790043,7.996000,0,0,0,0,2,multiscale+elgendi_like,1.000000,0.000000,0,0,0,0,1.000000,6.010308,1,728.004000,7.996000,,v0.4.1-interval-core
10685518043,10685510043,10685518043,10685518043,8.000000,0,0,0,0,2,multiscale+elgendi_like,1.000000,0.000000,0,0,0,0,1.000000,5.479257,1,735.996000,8.000000,,v0.4.1-interval-core
10686230043,10686222043,10686230043,10686230043,8.000000,0,0,0,0,2,multiscale+elgendi_like,1.000000,0.000000,0,0,0,0,1.000000,5.840005,1,735.996000,8.000000,,v0.4.1-interval-core
10686958047,10686958047,10686958047,10686958047,0.000000,0,0,0,0,2,multiscale+elgendi_like,1.000000,0.000000,0,0,0,0,1.000000,5.962523,1,735.996000,0.000000,,v0.4.1-interval-core
10687710047,10687710047,10687710047,10687710047,0.000000,0,0,0,0,2,multiscale+elgendi_like,1.000000,0.000000,0,0,0,0,1.000000,5.944116,1,736.000000,0.000000,,v0.4.1-interval-core
10688462044,10688462044,10688462044,10688462044,0.000000,0,0,0,0,2,multiscale+elgendi_like,1.000000,0.000000,0,0,0,0,1.000000,5.845741,1,743.999000,0.000000,,v0.4.1-interval-core
10689230045,10689230045,10689230045,10689230045,0.000000,0,0,0,0,2,multiscale+elgendi_like,1.000000,0.000000,0,0,0,0,1.000000,6.198616,1,744.000000,0.000000,,v0.4.1-interval-core
10690006043,10689998043,10690006043,10690006043,8.000000,0,0,0,0,2,multiscale+elgendi_like,1.000000,0.000000,0,0,0,0,1.000000,6.148862,1,751.996500,8.000000,,v0.4.1-interval-core
10690726047,10690726047,10690726047,10690726047,0.000000,0,0,0,0,2,multiscale+elgendi_like,1.000000,0.000000,0,0,0,0,1.000000,5.679087,1,751.997000,0.000000,,v0.4.1-interval-core
10691462043,10691462043,10691462043,10691462043,0.000000,0,0,0,0,2,multiscale+elgendi_like,1.000000,0.000000,0,0,0,0,1.000000,6.181942,1,751.998000,0.000000,,v0.4.1-interval-core
10692198043,10692198043,10692198043,10692198043,0.000000,0,0,0,0,2,multiscale+elgendi_like,1.000000,0.000000,0,0,0,0,1.000000,5.981996,1,751.998000,0.000000,,v0.4.1-interval-core
10692910044,10692910044,10692910044,10692910044,0.000000,0,0,0,0,2,multiscale+elgendi_like,1.000000,0.000000,0,0,0,0,1.000000,5.898339,1,751.996500,0.000000,,v0.4.1-interval-core
10693630047,10693630047,10693630047,10693630047,0.000000,0,0,0,0,2,multiscale+elgendi_like,1.000000,0.000000,0,0,0,0,1.000000,6.314476,1,747.997500,0.000000,,v0.4.1-interval-core
10694382043,10694382043,10694382043,10694382043,0.000000,0,0,0,0,2,multiscale+elgendi_like,1.000000,0.000000,0,0,0,0,1.000000,6.373996,1,751.996000,0.000000,,v0.4.1-interval-core
10695158043,10695158043,10695158043,10695158043,0.000000,0,0,0,0,2,multiscale+elgendi_like,1.000000,0.000000,0,0,0,0,1.000000,6.581303,1,736.003000,0.000000,,v0.4.1-interval-core
10695918043,10695910044,10695918043,10695918043,7.999000,0,0,0,0,2,multiscale+elgendi_like,1.000000,0.000000,0,0,0,0,1.000000,6.140439,1,735.999000,7.999000,,v0.4.1-interval-core
10696678043,10696678043,10696678043,10696678043,0.000000,0,0,0,0,2,multiscale+elgendi_like,1.000000,0.000000,0,0,0,0,1.000000,6.482855,1,735.999000,0.000000,,v0.4.1-interval-core
10697446043,10697446043,10697446043,10697446043,0.000000,0,0,0,0,2,multiscale+elgendi_like,1.000000,0.000000,0,0,0,0,1.000000,6.431560,1,735.999000,0.000000,,v0.4.1-interval-core
10698198043,10698190045,10698198043,10698198043,7.998000,0,0,0,0,2,multiscale+elgendi_like,1.000000,0.000000,0,0,0,0,1.000000,5.957604,1,735.999000,7.998000,,v0.4.1-interval-core
10698926045,10698926045,10698926045,10698926045,0.000000,0,0,0,0,2,multiscale+elgendi_like,1.000000,0.000000,0,0,0,0,1.000000,6.217826,1,735.999000,0.000000,,v0.4.1-interval-core
10699662043,10699662043,10699662043,10699662043,0.000000,0,0,0,0,2,multiscale+elgendi_like,1.000000,0.000000,0,0,0,0,1.000000,6.132579,1,735.996000,0.000000,,v0.4.1-interval-core
10700398046,10700398046,10700398046,10700398046,0.000000,0,0,0,0,2,multiscale+elgendi_like,1.000000,0.000000,0,0,0,0,1.000000,5.829099,1,728.003000,0.000000,,v0.4.1-interval-core
10701102046,10701094043,10701102046,10701102046,8.003000,0,0,0,0,2,multiscale+elgendi_like,1.000000,0.000000,0,0,0,0,1.000000,5.706394,1,728.003000,8.003000,,v0.4.1-interval-core
10701806047,10701806047,10701806047,10701806047,0.000000,0,0,0,0,2,multiscale+elgendi_like,1.000000,0.000000,0,0,0,0,1.000000,6.289292,1,731.999500,0.000000,,v0.4.1-interval-core
10702542046,10702542046,10702542046,10702542046,0.000000,0,0,0,0,2,multiscale+elgendi_like,1.000000,0.000000,0,0,0,0,1.000000,6.188128,1,735.998000,0.000000,,v0.4.1-interval-core
10703270043,10703270043,10703270043,10703270043,0.000000,0,0,0,0,2,multiscale+elgendi_like,1.000000,0.000000,0,0,0,0,1.000000,5.971611,1,735.998000,0.000000,,v0.4.1-interval-core
10703990045,10703990045,10703990045,10703990045,0.000000,0,0,0,0,2,multiscale+elgendi_like,1.000000,0.000000,0,0,0,0,1.000000,5.634132,1,735.998500,0.000000,,v0.4.1-interval-core
10704702047,10704702047,10704702047,10704702047,0.000000,0,0,0,0,2,multiscale+elgendi_like,1.000000,0.000000,0,0,0,0,1.000000,6.008347,1,735.999000,0.000000,,v0.4.1-interval-core
10705430043,10705422043,10705430043,10705430043,8.000000,0,0,0,0,2,multiscale+elgendi_like,1.000000,0.000000,0,0,0,0,1.000000,6.111556,1,736.000500,8.000000,,v0.4.1-interval-core
10706158046,10706150043,10706158046,10706158046,8.003000,0,0,0,0,2,multiscale+elgendi_like,1.000000,0.000000,0,0,0,0,1.000000,5.979626,1,736.002000,8.003000,,v0.4.1-interval-core
10706878045,10706878045,10706878045,10706878045,0.000000,0,0,0,0,2,multiscale+elgendi_like,1.000000,0.000000,0,0,0,0,1.000000,5.757919,1,735.999000,0.000000,,v0.4.1-interval-core
10707590046,10707590046,10707590046,10707590046,0.000000,0,0,0,0,2,multiscale+elgendi_like,1.000000,0.000000,0,0,0,0,1.000000,6.067066,1,735.999000,0.000000,,v0.4.1-interval-core
10708342043,10708342043,10708342043,10708342043,0.000000,0,0,0,0,2,multiscale+elgendi_like,1.000000,0.000000,0,0,0,0,1.000000,6.279604,1,735.998000,0.000000,,v0.4.1-interval-core
10709102043,10709102043,10709102043,10709102043,0.000000,0,0,0,0,2,multiscale+elgendi_like,1.000000,0.000000,0,0,0,0,1.000000,6.205399,1,735.998000,0.000000,,v0.4.1-interval-core
10709894045,10709894045,10709894045,10709894045,0.000000,0,0,0,0,2,multiscale+elgendi_like,1.000000,0.000000,0,0,0,0,1.000000,6.332058,1,735.999000,0.000000,,v0.4.1-interval-core
10710670043,10710670043,10710670043,10710670043,0.000000,0,0,0,0,2,multiscale+elgendi_like,1.000000,0.000000,0,0,0,0,1.000000,6.044149,1,735.999000,0.000000,,v0.4.1-interval-core
10711406045,10711406045,10711406045,10711406045,0.000000,0,0,0,0,2,multiscale+elgendi_like,1.000000,0.000000,0,0,0,0,1.000000,5.962811,1,736.002000,0.000000,,v0.4.1-interval-core
10712150046,10712150046,10712150046,10712150046,0.000000,0,0,0,0,2,multiscale+elgendi_like,1.000000,0.000000,0,0,0,0,1.000000,6.433044,1,736.002000,0.000000,,v0.4.1-interval-core
10712894043,10712894043,10712894043,10712894043,0.000000,0,0,0,0,2,multiscale+elgendi_like,1.000000,0.000000,0,0,0,0,1.000000,5.930579,1,743.997000,0.000000,,v0.4.1-interval-core
10713622043,10713622043,10713622043,10713622043,0.000000,0,0,0,0,2,multiscale+elgendi_like,1.000000,0.000000,0,0,0,0,1.000000,6.148197,1,744.001000,0.000000,,v0.4.1-interval-core
10714350043,10714350043,10714350043,10714350043,0.000000,0,0,0,0,2,multiscale+elgendi_like,1.000000,0.000000,0,0,0,0,1.000000,6.300688,1,747.999000,0.000000,,v0.4.1-interval-core
10715126047,10715126047,10715126047,10715126047,0.000000,0,0,0,0,2,multiscale+elgendi_like,1.000000,0.000000,0,0,0,0,1.000000,6.713680,1,744.001000,0.000000,,v0.4.1-interval-core
10715934047,10715926045,10715934047,10715934047,8.002000,0,0,0,0,2,multiscale+elgendi_like,1.000000,0.000000,0,0,0,0,1.000000,6.747592,1,751.997000,8.002000,,v0.4.1-interval-core
10716694043,10716694043,10716694043,10716694043,0.000000,0,0,0,0,2,multiscale+elgendi_like,1.000000,0.000000,0,0,0,0,1.000000,6.403621,1,751.997000,0.000000,,v0.4.1-interval-core
10717470046,10717470046,10717470046,10717470046,0.000000,0,0,0,0,2,multiscale+elgendi_like,1.000000,0.000000,0,0,0,0,1.000000,6.782589,1,751.997500,0.000000,,v0.4.1-interval-core
10718246045,10718246045,10718246045,10718246045,0.000000,0,0,0,0,2,multiscale+elgendi_like,1.000000,0.000000,0,0,0,0,1.000000,6.521182,1,755.997000,0.000000,,v0.4.1-interval-core
10718998043,10718998043,10718998043,10718998043,0.000000,0,0,0,0,2,multiscale+elgendi_like,1.000000,0.000000,0,0,0,0,1.000000,6.253161,1,759.997000,0.000000,,v0.4.1-interval-core
10719766046,10719766046,10719766046,10719766046,0.000000,0,0,0,0,2,multiscale+elgendi_like,1.000000,0.000000,0,0,0,0,1.000000,6.605224,1,759.999000,0.000000,,v0.4.1-interval-core
10720518043,10720518043,10720518043,10720518043,0.000000,0,0,0,0,2,multiscale+elgendi_like,1.000000,0.000000,0,0,0,0,1.000000,6.202559,1,759.997000,0.000000,,v0.4.1-interval-core
10721262043,10721262043,10721262043,10721262043,0.000000,0,0,0,0,2,multiscale+elgendi_like,1.000000,0.000000,0,0,0,0,1.000000,5.908053,1,755.997000,0.000000,,v0.4.1-interval-core
10721998047,10721998047,10721998047,10721998047,0.000000,0,0,0,0,2,multiscale+elgendi_like,1.000000,0.000000,0,0,0,0,1.000000,6.161633,1,751.997500,0.000000,,v0.4.1-interval-core
10722742045,10722742045,10722742045,10722742045,0.000000,0,0,0,0,2,multiscale+elgendi_like,1.000000,0.000000,0,0,0,0,1.000000,6.175544,1,751.997500,0.000000,,v0.4.1-interval-core
10723510045,10723510045,10723510045,10723510045,0.000000,0,0,0,0,2,multiscale+elgendi_like,1.000000,0.000000,0,0,0,0,1.000000,5.956214,1,751.997500,0.000000,,v0.4.1-interval-core
10724270043,10724270043,10724270043,10724270043,0.000000,0,0,0,0,2,multiscale+elgendi_like,1.000000,0.000000,0,0,0,0,1.000000,5.986443,1,751.997500,0.000000,,v0.4.1-interval-core
10725038043,10725038043,10725038043,10725038043,0.000000,0,0,0,0,2,multiscale+elgendi_like,1.000000,0.000000,0,0,0,0,1.000000,6.163289,1,755.997000,0.000000,,v0.4.1-interval-core
10725814043,10725806047,10725814043,10725814043,7.996000,0,0,0,0,2,multiscale+elgendi_like,1.000000,0.000000,0,0,0,0,1.000000,6.045011,1,759.997000,7.996000,,v0.4.1-interval-core
10726582043,10726582043,10726582043,10726582043,0.000000,0,0,0,0,2,multiscale+elgendi_like,1.000000,0.000000,0,0,0,0,1.000000,5.875274,1,759.997000,0.000000,,v0.4.1-interval-core
10727294045,10727286045,10727294045,10727294045,8.000000,0,0,0,0,2,multiscale+elgendi_like,1.000000,0.000000,0,0,0,0,1.000000,5.634031,1,755.997000,8.000000,,v0.4.1-interval-core
10728014045,10728006046,10728014045,10728014045,7.999000,0,0,0,0,2,multiscale+elgendi_like,1.000000,0.000000,0,0,0,0,1.000000,6.037296,1,751.997000,7.999000,,v0.4.1-interval-core
10728742043,10728742043,10728742043,10728742043,0.000000,0,0,0,0,2,multiscale+elgendi_like,1.000000,0.000000,0,0,0,0,1.000000,6.057901,1,747.998500,0.000000,,v0.4.1-interval-core
10729478047,10729478047,10729478047,10729478047,0.000000,0,0,0,0,2,multiscale+elgendi_like,1.000000,0.000000,0,0,0,0,1.000000,5.995591,1,743.999000,0.000000,,v0.4.1-interval-core
10730222046,10730222046,10730222046,10730222046,0.000000,0,0,0,0,2,multiscale+elgendi_like,1.000000,0.000000,0,0,0,0,1.000000,6.037729,1,743.998000,0.000000,,v0.4.1-interval-core
10730942043,10730942043,10730942043,10730942043,0.000000,0,0,0,0,2,multiscale+elgendi_like,1.000000,0.000000,0,0,0,0,1.000000,6.106765,1,736.004000,0.000000,,v0.4.1-interval-core
10731710044,10731710044,10731710044,10731710044,0.000000,0,0,0,0,2,multiscale+elgendi_like,1.000000,0.000000,0,0,0,0,1.000000,6.465957,1,736.000000,0.000000,,v0.4.1-interval-core
10732478043,10732478043,10732478043,10732478043,0.000000,0,0,0,0,2,multiscale+elgendi_like,1.000000,0.000000,0,0,0,0,1.000000,6.202054,1,731.997500,0.000000,,v0.4.1-interval-core
10733246046,10733246046,10733246046,10733246046,0.000000,0,0,0,0,2,multiscale+elgendi_like,1.000000,0.000000,0,0,0,0,1.000000,5.811462,1,727.998000,0.000000,,v0.4.1-interval-core
10733982043,10733982043,10733982043,10733982043,0.000000,0,0,0,0,2,multiscale+elgendi_like,1.000000,0.000000,0,0,0,0,1.000000,5.602273,1,719.998500,0.000000,,v0.4.1-interval-core
10734670046,10734670046,10734670046,10734670046,0.000000,0,0,0,0,2,multiscale+elgendi_like,1.000000,0.000000,0,0,0,0,1.000000,5.336107,1,719.997000,0.000000,,v0.4.1-interval-core
10735350047,10735350047,10735350047,10735350047,0.000000,0,0,0,0,2,multiscale+elgendi_like,1.000000,0.000000,0,0,0,0,1.000000,5.443160,1,700.002500,0.000000,,v0.4.1-interval-core
10735998043,10735998043,10735998043,10735998043,0.000000,0,0,0,0,2,multiscale+elgendi_like,1.000000,0.000000,0,0,0,0,1.000000,4.835403,1,712.002000,0.000000,,v0.4.1-interval-core
10736614043,0,10736614043,10736614043,0.000000,1,0,0,0,2,multiscale+elgendi_like,1.000000,0.000000,0,0,1,0,1.000000,5.079878,1,700.002500,0.000000,,v0.4.1-interval-core
10737222043,10737222043,10737222043,10737222043,0.000000,0,0,0,0,2,multiscale+elgendi_like,1.000000,0.000000,0,0,0,0,1.000000,5.170554,1,700.002500,0.000000,,v0.4.1-interval-core
10737814046,10737814046,10737814046,10737814046,0.000000,0,0,0,0,2,multiscale+elgendi_like,1.000000,0.000000,0,0,0,0,1.000000,5.402461,1,700.002500,0.000000,,v0.4.1-interval-core
10738454043,10738454043,10738454043,10738454043,0.000000,0,0,0,0,2,multiscale+elgendi_like,1.000000,0.000000,0,0,0,0,1.000000,6.900380,1,703.999000,0.000000,,v0.4.1-interval-core
10739110045,10739110045,10739110045,10739110045,0.000000,0,0,0,0,2,multiscale+elgendi_like,1.000000,0.000000,0,0,0,1,1.000000,6.240803,1,719.997000,0.000000,,v0.4.1-interval-core
10739790043,0,10739790043,10739790043,0.000000,1,0,0,0,2,multiscale+elgendi_like,1.000000,0.000000,0,0,1,1,1.000000,6.532875,1,719.997000,0.000000,,v0.4.1-interval-core
10740478043,0,10740478043,10740478043,0.000000,1,0,0,0,2,multiscale+elgendi_like,1.000000,0.000000,0,0,1,1,1.000000,6.571275,1,688.003000,0.000000,,v0.4.1-interval-core
10741158043,0,10741158043,10741158043,0.000000,1,0,0,0,2,multiscale+elgendi_like,1.000000,0.000000,0,0,1,1,1.000000,6.387622,1,688.003000,0.000000,,v0.4.1-interval-core
10741806043,0,10741806043,10741806043,0.000000,1,0,0,0,2,multiscale+elgendi_like,1.000000,0.000000,0,0,1,1,1.000000,6.082762,1,688.003000,0.000000,,v0.4.1-interval-core
10742478043,0,10742478043,10742478043,0.000000,1,0,0,0,2,multiscale+elgendi_like,1.000000,0.000000,0,0,1,1,1.000000,6.605131,1,688.001500,0.000000,,v0.4.1-interval-core
10743230043,10743230043,10743230043,10743230043,0.000000,0,0,0,0,2,multiscale+elgendi_like,1.000000,0.000000,0,0,0,0,1.000000,6.809514,1,688.003000,0.000000,,v0.4.1-interval-core
10743958043,10743958043,10743958043,10743958043,0.000000,0,0,0,0,2,multiscale+elgendi_like,1.000000,0.000000,0,0,0,0,1.000000,6.464145,1,688.001500,0.000000,,v0.4.1-interval-core
10744750043,10744750043,10744750043,10744750043,0.000000,0,0,0,0,2,multiscale+elgendi_like,1.000000,0.000000,0,0,0,0,1.000000,7.257152,1,688.001500,0.000000,,v0.4.1-interval-core
10745534043,0,10745534043,10745534043,0.000000,1,0,0,0,2,multiscale+elgendi_like,1.000000,0.000000,0,0,1,0,1.000000,6.711149,1,688.001500,0.000000,,v0.4.1-interval-core
10746294043,0,10746294043,10746294043,0.000000,1,0,0,0,2,multiscale+elgendi_like,1.000000,0.000000,0,0,1,0,1.000000,6.361737,1,692.001000,0.000000,,v0.4.1-interval-core
10747030043,0,10747030043,10747030043,0.000000,1,0,0,0,2,multiscale+elgendi_like,1.000000,0.000000,0,0,1,0,1.000000,6.066332,1,696.002000,0.000000,,v0.4.1-interval-core
10747726045,10747726045,10747726045,10747726045,0.000000,0,0,0,0,2,multiscale+elgendi_like,1.000000,0.000000,0,0,0,0,1.000000,5.990623,1,700.001000,0.000000,,v0.4.1-interval-core
10748398043,10748398043,10748398043,10748398043,0.000000,0,0,0,0,2,multiscale+elgendi_like,1.000000,0.000000,0,0,0,0,1.000000,5.663782,1,711.999000,0.000000,,v0.4.1-interval-core
10749102043,0,10749102043,10749102043,0.000000,1,0,0,0,2,multiscale+elgendi_like,1.000000,0.000000,0,0,1,0,1.000000,5.393115,1,728.000000,0.000000,,v0.4.1-interval-core
10749798045,0,10749798045,10749798045,0.000000,1,0,0,0,2,multiscale+elgendi_like,1.000000,0.000000,0,0,1,0,1.000000,5.646513,1,736.000000,0.000000,,v0.4.1-interval-core
10750518043,10750518043,10750518043,10750518043,0.000000,0,0,0,0,2,multiscale+elgendi_like,1.000000,0.000000,0,0,0,0,1.000000,6.150039,1,744.000000,0.000000,,v0.4.1-interval-core
10751262043,10751254045,10751262043,10751262043,7.998000,0,0,0,0,2,multiscale+elgendi_like,1.000000,0.000000,0,0,0,0,1.000000,6.103427,1,744.000000,7.998000,,v0.4.1-interval-core
10752006043,10752006043,10752006043,10752006043,0.000000,0,0,0,0,2,multiscale+elgendi_like,1.000000,0.000000,0,0,0,0,1.000000,6.117167,1,748.000000,0.000000,,v0.4.1-interval-core
10752838043,10752838043,10752838043,10752838043,0.000000,0,0,0,0,2,multiscale+elgendi_like,1.000000,0.000000,0,0,0,0,1.000000,6.664029,1,756.000000,0.000000,,v0.4.1-interval-core
10753670044,0,10753670044,10753670044,0.000000,1,0,0,0,2,multiscale+elgendi_like,1.000000,0.000000,0,0,1,0,1.000000,6.338484,1,771.998500,0.000000,,v0.4.1-interval-core
10754462043,0,10754462043,10754462043,0.000000,1,0,0,0,2,multiscale+elgendi_like,1.000000,0.000000,0,0,1,0,1.000000,5.978030,1,784.000000,0.000000,,v0.4.1-interval-core
10755286043,10755278043,10755286043,10755286043,8.000000,0,0,0,0,2,multiscale+elgendi_like,1.000000,0.000000,0,0,0,0,1.000000,6.350342,1,791.999000,8.000000,,v0.4.1-interval-core
10756118046,10756118046,10756118046,10756118046,0.000000,0,0,0,0,2,multiscale+elgendi_like,1.000000,0.000000,0,0,0,0,1.000000,6.356936,1,796.000500,0.000000,,v0.4.1-interval-core
10756982043,10756982043,10756982043,10756982043,0.000000,0,0,0,0,2,multiscale+elgendi_like,1.000000,0.000000,0,0,0,0,1.000000,6.482181,1,796.000500,0.000000,,v0.4.1-interval-core
10757838046,10757838046,10757838046,10757838046,0.000000,0,0,0,0,2,multiscale+elgendi_like,1.000000,0.000000,0,0,0,0,1.000000,6.310417,1,803.999500,0.000000,,v0.4.1-interval-core
10758686047,10758686047,10758686047,10758686047,0.000000,0,0,0,0,2,multiscale+elgendi_like,1.000000,0.000000,0,0,0,0,1.000000,6.244676,1,803.999500,0.000000,,v0.4.1-interval-core
10759470044,10759470044,10759470044,10759470044,0.000000,0,0,0,0,2,multiscale+elgendi_like,1.000000,0.000000,0,0,0,0,1.000000,5.609722,1,807.996500,0.000000,,v0.4.1-interval-core
10760270046,10760270046,10760270046,10760270046,0.000000,0,0,0,0,2,multiscale+elgendi_like,1.000000,0.000000,0,0,0,0,1.000000,6.114451,1,808.001000,0.000000,,v0.4.1-interval-core
10761078043,10761070043,10761078043,10761078043,8.000000,0,0,0,0,2,multiscale+elgendi_like,1.000000,0.000000,0,0,0,0,1.000000,6.143605,1,808.001000,8.000000,,v0.4.1-interval-core
10761886044,10761878046,10761886044,10761886044,7.998000,0,0,0,0,2,multiscale+elgendi_like,1.000000,0.000000,0,0,0,0,1.000000,5.991151,1,808.002000,7.998000,,v0.4.1-interval-core
10762694045,10762694045,10762694045,10762694045,0.000000,0,0,0,0,2,multiscale+elgendi_like,1.000000,0.000000,0,0,0,0,1.000000,5.805344,1,812.000000,0.000000,,v0.4.1-interval-core
10763502047,10763502047,10763502047,10763502047,0.000000,0,0,0,0,2,multiscale+elgendi_like,1.000000,0.000000,0,0,0,0,1.000000,5.639258,1,816.000000,0.000000,,v0.4.1-interval-core
10764302045,10764294046,10764302045,10764302045,7.999000,0,0,0,0,2,multiscale+elgendi_like,1.000000,0.000000,0,0,0,0,1.000000,5.284979,1,816.000000,7.999000,,v0.4.1-interval-core
10765102047,10765094043,10765102047,10765102047,8.004000,0,0,0,0,2,multiscale+elgendi_like,1.000000,0.000000,0,0,0,0,1.000000,5.600292,1,816.000000,8.004000,,v0.4.1-interval-core
10765934047,10765934047,10765934047,10765934047,0.000000,0,0,0,0,2,multiscale+elgendi_like,1.000000,0.000000,0,0,0,0,1.000000,5.772924,1,816.000000,0.000000,,v0.4.1-interval-core
10766750045,10766750045,10766750045,10766750045,0.000000,0,0,0,0,2,multiscale+elgendi_like,1.000000,0.000000,0,0,0,0,1.000000,5.609643,1,815.996000,0.000000,,v0.4.1-interval-core
10767542043,10767542043,10767542043,10767542043,0.000000,0,0,0,0,2,multiscale+elgendi_like,1.000000,0.000000,0,0,0,0,1.000000,5.382282,1,808.002000,0.000000,,v0.4.1-interval-core
10768358045,10768358045,10768358045,10768358045,0.000000,0,0,0,0,2,multiscale+elgendi_like,1.000000,0.000000,0,0,0,0,1.000000,5.819832,1,808.001000,0.000000,,v0.4.1-interval-core
10769190043,10769190043,10769190043,10769190043,0.000000,0,0,0,0,2,multiscale+elgendi_like,1.000000,0.000000,0,0,0,0,1.000000,5.709374,1,808.001000,0.000000,,v0.4.1-interval-core
10770038047,10770038047,10770038047,10770038047,0.000000,0,0,0,0,2,multiscale+elgendi_like,1.000000,0.000000,0,0,0,0,1.000000,5.731963,1,808.001000,0.000000,,v0.4.1-interval-core
10770902043,10770894043,10770902043,10770902043,8.000000,0,0,0,0,2,multiscale+elgendi_like,1.000000,0.000000,0,0,0,0,1.000000,5.772452,1,808.002000,8.000000,,v0.4.1-interval-core
10771734047,10771734047,10771734047,10771734047,0.000000,0,0,0,0,2,multiscale+elgendi_like,1.000000,0.000000,0,0,0,0,1.000000,5.400418,1,808.001000,0.000000,,v0.4.1-interval-core
10772550043,10772550043,10772550043,10772550043,0.000000,0,0,0,0,2,multiscale+elgendi_like,1.000000,0.000000,0,0,0,0,1.000000,5.620971,1,808.002000,0.000000,,v0.4.1-interval-core
10773310043,10773310043,10773310043,10773310043,0.000000,0,0,0,0,2,multiscale+elgendi_like,1.000000,0.000000,0,0,0,0,1.000000,5.147373,1,808.002000,0.000000,,v0.4.1-interval-core
10774046043,10774046043,10774046043,10774046043,0.000000,0,0,0,0,2,multiscale+elgendi_like,1.000000,0.000000,0,0,0,0,1.000000,5.088758,1,800.004000,0.000000,,v0.4.1-interval-core
10774830043,10774830043,10774830043,10774830043,0.000000,0,0,0,0,2,multiscale+elgendi_like,1.000000,0.000000,0,0,0,0,1.000000,5.749640,1,800.002000,0.000000,,v0.4.1-interval-core
10775614045,10775614045,10775614045,10775614045,0.000000,0,0,0,0,2,multiscale+elgendi_like,1.000000,0.000000,0,0,0,0,1.000000,6.000332,1,800.002000,0.000000,,v0.4.1-interval-core
10776438043,10776438043,10776438043,10776438043,0.000000,0,0,0,0,2,multiscale+elgendi_like,1.000000,0.000000,0,0,0,0,1.000000,5.899351,1,800.000000,0.000000,,v0.4.1-interval-core
10777286043,0,10777286043,10777286043,0.000000,1,0,0,0,2,multiscale+elgendi_like,1.000000,0.000000,0,0,1,0,1.000000,6.806365,1,799.998000,0.000000,,v0.4.1-interval-core
10778086047,0,10778086047,10778086047,0.000000,1,0,0,0,2,multiscale+elgendi_like,1.000000,0.000000,0,0,1,0,1.000000,5.800036,1,791.998000,0.000000,,v0.4.1-interval-core
10778886045,10778886045,10778886045,10778886045,0.000000,0,0,0,0,2,multiscale+elgendi_like,1.000000,0.000000,0,0,0,0,1.000000,5.880314,1,784.002000,0.000000,,v0.4.1-interval-core
10779638043,10779638043,10779638043,10779638043,0.000000,0,0,0,0,2,multiscale+elgendi_like,1.000000,0.000000,0,0,0,0,1.000000,6.124361,1,784.001000,0.000000,,v0.4.1-interval-core
10780422043,10780414043,10780422043,10780422043,8.000000,0,0,0,0,2,multiscale+elgendi_like,1.000000,0.000000,0,0,0,0,1.000000,6.351622,1,784.000000,8.000000,,v0.4.1-interval-core
10781166047,10781166047,10781166047,10781166047,0.000000,0,0,0,0,2,multiscale+elgendi_like,1.000000,0.000000,0,0,0,0,1.000000,6.001183,1,784.000000,0.000000,,v0.4.1-interval-core
10781926043,10781918044,10781926043,10781926043,7.999000,0,0,0,0,2,multiscale+elgendi_like,1.000000,0.000000,0,0,0,0,1.000000,6.470777,1,771.999500,7.999000,,v0.4.1-interval-core
10782710044,10782710044,10782710044,10782710044,0.000000,0,0,0,0,2,multiscale+elgendi_like,1.000000,0.000000,0,0,0,0,1.000000,6.282108,1,767.999000,0.000000,,v0.4.1-interval-core
10783510044,10783510044,10783510044,10783510044,0.000000,0,0,0,0,2,multiscale+elgendi_like,1.000000,0.000000,0,0,0,0,1.000000,6.439872,1,760.000000,0.000000,,v0.4.1-interval-core
10784278043,10784278043,10784278043,10784278043,0.000000,0,0,0,0,2,multiscale+elgendi_like,1.000000,0.000000,0,0,0,0,1.000000,6.161280,1,759.996000,0.000000,,v0.4.1-interval-core
10785054043,10785054043,10785054043,10785054043,0.000000,0,0,0,0,2,multiscale+elgendi_like,1.000000,0.000000,0,0,0,0,1.000000,6.064509,1,751.998000,0.000000,,v0.4.1-interval-core
10785782045,10785782045,10785782045,10785782045,0.000000,0,0,0,0,2,multiscale+elgendi_like,1.000000,0.000000,0,0,0,0,1.000000,5.775931,1,748.001000,0.000000,,v0.4.1-interval-core
10786486046,10786486046,10786486046,10786486046,0.000000,0,0,0,0,2,multiscale+elgendi_like,1.000000,0.000000,0,0,0,0,1.000000,5.736156,1,744.004000,0.000000,,v0.4.1-interval-core
10787198044,10787198044,10787198044,10787198044,0.000000,0,0,0,0,2,multiscale+elgendi_like,1.000000,0.000000,0,0,0,0,1.000000,5.991273,1,720.000000,0.000000,,v0.4.1-interval-core
10787902047,10787902047,10787902047,10787902047,0.000000,0,0,0,0,2,multiscale+elgendi_like,1.000000,0.000000,0,0,0,0,1.000000,5.698417,1,708.000500,0.000000,,v0.4.1-interval-core
10788558043,10788830046,10788558043,10788558043,-272.003000,0,0,0,0,2,multiscale+elgendi_like,1.000000,0.000000,0,0,0,1,1.000000,5.534399,1,704.003000,272.003000,,v0.4.1-interval-core
10789190043,0,10789190043,10789190043,0.000000,1,0,0,0,2,multiscale+elgendi_like,1.000000,0.000000,0,0,1,0,1.000000,5.708978,1,704.002000,0.000000,,v0.4.1-interval-core
10789814043,10789814043,10789814043,10789814043,0.000000,0,0,0,0,2,multiscale+elgendi_like,1.000000,0.000000,0,0,0,1,1.000000,6.062423,1,688.000000,0.000000,,v0.4.1-interval-core
10790454043,10790454043,10790454043,10790454043,0.000000,0,0,0,0,2,multiscale+elgendi_like,1.000000,0.000000,0,0,0,0,1.000000,6.450462,1,688.000000,0.000000,,v0.4.1-interval-core
10791094045,10791086043,10791094045,10791094045,8.002000,0,0,0,0,2,multiscale+elgendi_like,1.000000,0.000000,0,0,0,1,1.000000,6.104551,1,684.000000,8.002000,,v0.4.1-interval-core
10791750043,0,10791750043,10791750043,0.000000,1,0,0,0,2,multiscale+elgendi_like,1.000000,0.000000,0,0,1,1,1.000000,6.478741,1,680.000000,0.000000,,v0.4.1-interval-core
10792438043,0,10792438043,10792438043,0.000000,1,0,0,0,2,multiscale+elgendi_like,1.000000,0.000000,0,0,1,1,1.000000,6.683559,1,676.000000,0.000000,,v0.4.1-interval-core
10793126043,0,10793126043,10793126043,0.000000,1,0,0,0,2,multiscale+elgendi_like,1.000000,0.000000,0,0,1,1,1.000000,6.267759,1,672.000000,0.000000,,v0.4.1-interval-core
10793798043,0,10793798043,10793798043,0.000000,1,0,0,0,2,multiscale+elgendi_like,1.000000,0.000000,0,0,1,1,1.000000,6.289344,1,672.000000,0.000000,,v0.4.1-interval-core
10794478043,0,10794478043,10794478043,0.000000,1,0,0,0,2,multiscale+elgendi_like,1.000000,0.000000,0,0,1,0,1.000000,6.111473,1,672.000000,0.000000,,v0.4.1-interval-core
10795134043,0,10795134043,10795134043,0.000000,1,0,0,0,2,multiscale+elgendi_like,1.000000,0.000000,0,0,1,1,1.000000,5.916426,1,672.000000,0.000000,,v0.4.1-interval-core
10795806043,10795806043,10795806043,10795806043,0.000000,0,0,0,0,2,multiscale+elgendi_like,1.000000,0.000000,0,0,0,0,1.000000,6.393055,1,672.000000,0.000000,,v0.4.1-interval-core
10796486043,10796758043,10796486043,10796486043,-272.000000,0,0,0,0,2,multiscale+elgendi_like,1.000000,0.000000,0,0,0,1,1.000000,6.208894,1,672.000000,272.000000,,v0.4.1-interval-core
10797134046,10797134046,10797134046,10797134046,0.000000,0,0,0,0,2,multiscale+elgendi_like,1.000000,0.000000,0,0,0,0,1.000000,5.975658,1,672.000000,0.000000,,v0.4.1-interval-core
10797782044,10797774043,10797782044,10797782044,8.001000,0,0,0,0,2,multiscale+elgendi_like,1.000000,0.000000,0,0,0,1,1.000000,6.059564,1,672.000000,8.001000,,v0.4.1-interval-core
10798430044,10798422045,10798430044,10798430044,7.999000,0,0,0,0,2,multiscale+elgendi_like,1.000000,0.000000,0,0,0,0,1.000000,6.314232,1,672.000000,7.999000,,v0.4.1-interval-core
10799094043,10799086044,10799094043,10799094043,7.999000,0,0,0,0,2,multiscale+elgendi_like,1.000000,0.000000,0,0,0,1,1.000000,6.363169,1,672.000000,7.999000,,v0.4.1-interval-core
10799766043,10799766043,10799766043,10799766043,0.000000,0,0,0,0,2,multiscale+elgendi_like,1.000000,0.000000,0,0,0,1,1.000000,6.103594,1,672.000000,0.000000,,v0.4.1-interval-core
10800438044,10800438044,10800438044,10800438044,0.000000,0,0,0,0,2,multiscale+elgendi_like,1.000000,0.000000,0,0,0,0,1.000000,6.170484,1,672.000000,0.000000,,v0.4.1-interval-core
10801110043,10801110043,10801110043,10801110043,0.000000,0,0,0,0,2,multiscale+elgendi_like,1.000000,0.000000,0,0,0,0,1.000000,5.887835,1,672.001000,0.000000,,v0.4.1-interval-core
10801774043,10801774043,10801774043,10801774043,0.000000,0,0,0,0,2,multiscale+elgendi_like,1.000000,0.000000,0,0,0,0,1.000000,5.849157,1,672.004000,0.000000,,v0.4.1-interval-core
10802446047,10802446047,10802446047,10802446047,0.000000,0,0,0,0,2,multiscale+elgendi_like,1.000000,0.000000,0,0,0,0,1.000000,5.940177,1,679.996000,0.000000,,v0.4.1-interval-core
10803126043,10803126043,10803126043,10803126043,0.000000,0,0,0,0,2,multiscale+elgendi_like,1.000000,0.000000,0,0,0,0,1.000000,6.122927,1,679.998000,0.000000,,v0.4.1-interval-core
10803830047,10803822047,10803830047,10803830047,8.000000,0,0,0,0,2,multiscale+elgendi_like,1.000000,0.000000,0,0,0,0,1.000000,6.147997,1,679.998000,8.000000,,v0.4.1-interval-core
10804542043,10804542043,10804542043,10804542043,0.000000,0,0,0,0,2,multiscale+elgendi_like,1.000000,0.000000,0,0,0,0,1.000000,6.129189,1,680.000000,0.000000,,v0.4.1-interval-core
10805254046,10805254046,10805254046,10805254046,0.000000,0,0,0,0,2,multiscale+elgendi_like,1.000000,0.000000,0,0,0,0,1.000000,6.061720,1,680.000000,0.000000,,v0.4.1-interval-core
10805950043,10805950043,10805950043,10805950043,0.000000,0,0,0,0,2,multiscale+elgendi_like,1.000000,0.000000,0,0,0,0,1.000000,6.174235,1,680.000000,0.000000,,v0.4.1-interval-core
10806670048,10806662045,10806670048,10806670048,8.003000,0,0,0,0,2,multiscale+elgendi_like,1.000000,0.000000,0,0,0,0,1.000000,6.291150,1,695.997000,8.003000,,v0.4.1-interval-core
10807390045,10807382043,10807390045,10807390045,8.002000,0,0,0,0,2,multiscale+elgendi_like,1.000000,0.000000,0,0,0,0,1.000000,6.169347,1,696.000000,8.002000,,v0.4.1-interval-core
10808070043,10808070043,10808070043,10808070043,0.000000,0,0,0,0,2,multiscale+elgendi_like,1.000000,0.000000,0,0,0,0,1.000000,5.951186,1,700.000000,0.000000,,v0.4.1-interval-core
10808766043,10808758043,10808766043,10808766043,8.000000,0,0,0,0,2,multiscale+elgendi_like,1.000000,0.000000,0,0,0,0,1.000000,6.484347,1,696.000000,8.000000,,v0.4.1-interval-core
10809470043,0,10809470043,10809470043,0.000000,1,0,0,0,2,multiscale+elgendi_like,1.000000,0.000000,0,0,1,1,1.000000,6.325326,1,696.000000,0.000000,,v0.4.1-interval-core
10810190043,0,10810190043,10810190043,0.000000,1,0,0,0,2,multiscale+elgendi_like,1.000000,0.000000,0,0,1,0,1.000000,6.649814,1,696.000000,0.000000,,v0.4.1-interval-core
10810990043,0,10810990043,10810990043,0.000000,1,0,0,0,2,multiscale+elgendi_like,1.000000,0.000000,0,0,1,0,1.000000,7.055387,1,704.000000,0.000000,,v0.4.1-interval-core
10811790043,0,10811790043,10811790043,0.000000,1,0,0,0,2,multiscale+elgendi_like,1.000000,0.000000,0,0,1,0,1.000000,6.376292,1,704.002000,0.000000,,v0.4.1-interval-core
10812502045,10812502045,10812502045,10812502045,0.000000,0,0,0,0,2,multiscale+elgendi_like,1.000000,0.000000,0,0,0,0,1.000000,5.760993,1,708.000000,0.000000,,v0.4.1-interval-core
10813214043,10813214043,10813214043,10813214043,0.000000,0,0,0,0,2,multiscale+elgendi_like,1.000000,0.000000,0,0,0,0,1.000000,5.967780,1,711.997000,0.000000,,v0.4.1-interval-core
10813942043,10813942043,10813942043,10813942043,0.000000,0,0,0,0,2,multiscale+elgendi_like,1.000000,0.000000,0,0,0,0,1.000000,6.120761,1,712.000000,0.000000,,v0.4.1-interval-core
10814646043,10814646043,10814646043,10814646043,0.000000,0,0,0,0,2,multiscale+elgendi_like,1.000000,0.000000,0,0,0,0,1.000000,6.041495,1,712.002500,0.000000,,v0.4.1-interval-core
10815310043,10815310043,10815310043,10815310043,0.000000,0,0,0,0,2,multiscale+elgendi_like,1.000000,0.000000,0,0,0,0,1.000000,5.733326,1,719.996000,0.000000,,v0.4.1-interval-core
10815990043,10815982047,10815990043,10815990043,7.996000,0,0,0,0,2,multiscale+elgendi_like,1.000000,0.000000,0,0,0,0,1.000000,5.938259,1,719.997000,7.996000,,v0.4.1-interval-core
