t_us,prototype_id,quality_coefficient,score_before_quality,final_score,threshold,baseline_ready,evidence,no_match_reason,input_present_hr_bpm,raw_hr_bpm,baseline_median_hr_bpm,baseline_scale_hr_bpm,z_hr_bpm,input_present_rmssd_ms,raw_rmssd_ms,baseline_median_rmssd_ms,baseline_scale_rmssd_ms,z_rmssd_ms,input_present_total_power_ms2,raw_total_power_ms2,baseline_median_total_power_ms2,baseline_scale_total_power_ms2,z_total_power_ms2,input_present_vlf_ms2,raw_vlf_ms2,baseline_median_vlf_ms2,baseline_scale_vlf_ms2,z_vlf_ms2,input_present_lf_ms2,raw_lf_ms2,baseline_median_lf_ms2,baseline_scale_lf_ms2,z_lf_ms2,input_present_hf_ms2,raw_hf_ms2,baseline_median_hf_ms2,baseline_scale_hf_ms2,z_hf_ms2,input_present_lf_nu,raw_lf_nu,baseline_median_lf_nu,baseline_scale_lf_nu,z_lf_nu,input_present_hf_nu,raw_hf_nu,baseline_median_hf_nu,baseline_scale_hf_nu,z_hf_nu,input_present_lf_hf,raw_lf_hf,baseline_median_lf_hf,baseline_scale_lf_hf,z_lf_hf,input_present_median_frequency_hz,raw_median_frequency_hz,baseline_median_median_frequency_hz,baseline_scale_median_frequency_hz,z_median_frequency_hz,input_present_resonance_share,raw_resonance_share,baseline_median_resonance_share,baseline_scale_resonance_share,z_resonance_share,input_present_lf_peak_frequency_hz,raw_lf_peak_frequency_hz,baseline_median_lf_peak_frequency_hz,baseline_scale_lf_peak_frequency_hz,z_lf_peak_frequency_hz,input_present_lf_peak_prominence_ratio,raw_lf_peak_prominence_ratio,baseline_median_lf_peak_prominence_ratio,baseline_scale_lf_peak_prominence_ratio,z_lf_peak_prominence_ratio
8640542043,RESONANCE_0P1,0.000000,0.000000,0.000000,0.700000,0,,NO_MATCH: BASELINE_NOT_READY,1,70.754967,0.000000,0.000000,0.000000,0,0.000000,0.000000,0.000000,0.000000,0,0.000000,0.000000,0.000000,0.000000,0,0.000000,0.000000,0.000000,0.000000,0,0.000000,0.000000,0.000000,0.000000,0,0.000000,0.000000,0.000000,0.000000,0,0.000000,0.000000,0.000000,0.000000,0,0.000000,0.000000,0.000000,0.000000,0,0.000000,0.000000,0.000000,0.000000,0,0.000000,0.000000,0.000000,0.000000,0,0.000000,0.000000,0.000000,0.000000,0,0.000000,0.000000,0.000000,0.000000,0,0.000000,0.000000,0.000000,0.000000
8640542043,PHASED_VIPASSANA,0.000000,0.000000,0.000000,0.700000,0,,NO_MATCH: BASELINE_NOT_READY,1,70.754967,0.000000,0.000000,0.000000,0,0.000000,0.000000,0.000000,0.000000,0,0.000000,0.000000,0.000000,0.000000,0,0.000000,0.000000,0.000000,0.000000,0,0.000000,0.000000,0.000000,0.000000,0,0.000000,0.000000,0.000000,0.000000,0,0.000000,0.000000,0.000000,0.000000,0,0.000000,0.000000,0.000000,0.000000,0,0.000000,0.000000,0.000000,0.000000,0,0.000000,0.000000,0.000000,0.000000,0,0.000000,0.000000,0.000000,0.000000,0,0.000000,0.000000,0.000000,0.000000,0,0.000000,0.000000,0.000000,0.000000
8640542043,AROUSAL_MEDITATION,0.000000,0.000000,0.000000,0.700000,0,,NO_MATCH: BASELINE_NOT_READY,1,70.754967,0.000000,0.000000,0.000000,0,0.000000,0.000000,0.000000,0.000000,0,0.000000,0.000000,0.000000,0.000000,0,0.000000,0.000000,0.000000,0.000000,0,0.000000,0.000000,0.000000,0.000000,0,0.000000,0.000000,0.000000,0.000000,0,0.000000,0.000000,0.000000,0.000000,0,0.000000,0.000000,0.000000,0.000000,0,0.000000,0.000000,0.000000,0.000000,0,0.000000,0.000000,0.000000,0.000000,0,0.000000,0.000000,0.000000,0.000000,0,0.000000,0.000000,0.000000,0.000000,0,0.000000,0.000000,0.000000,0.000000
8640542043,TRAINED_VIPASSANA_SHIFT,0.000000,0.000000,0.000000,0.700000,0,,NO_MATCH: BASELINE_NOT_READY,1,70.754967,0.000000,0.000000,0.000000,0,0.000000,0.000000,0.000000,0.000000,0,0.000000,0.000000,0.000000,0.000000,0,0.000000,0.000000,0.000000,0.000000,0,0.000000,0.000000,0.000000,0.000000,0,0.000000,0.000000,0.000000,0.000000,0,0.000000,0.000000,0.000000,0.000000,0,0.000000,0.000000,0.000000,0.000000,0,0.000000,0.000000,0.000000,0.000000,0,0.000000,0.000000,0.000000,0.000000,0,0.000000,0.000000,0.000000,0.000000,0,0.000000,0.000000,0.000000,0.000000,0,0.000000,0.000000,0.000000,0.000000
8640542043,SLOW_RECOVERY_VLF,0.000000,0.000000,0.000000,0.700000,0,,NO_MATCH: BASELINE_NOT_READY,1,70.754967,0.000000,0.000000,0.000000,0,0.000000,0.000000,0.000000,0.000000,0,0.000000,0.000000,0.000000,0.000000,0,0.000000,0.000000,0.000000,0.000000,0,0.000000,0.000000,0.000000,0.000000,0,0.000000,0.000000,0.000000,0.000000,0,0.000000,0.000000,0.000000,0.000000,0,0.000000,0.000000,0.000000,0.000000,0,0.000000,0.000000,0.000000,0.000000,0,0.000000,0.000000,0.000000,0.000000,0,0.000000,0.000000,0.000000,0.000000,0,0.000000,0.000000,0.000000,0.000000,0,0.000000,0.000000,0.000000,0.000000
8640542043,INWARD_QUIET,0.000000,0.000000,0.000000,0.700000,0,,NO_MATCH: BASELINE_NOT_READY,1,70.754967,0.000000,0.000000,0.000000,0,0.000000,0.000000,0.000000,0.000000,0,0.000000,0.000000,0.000000,0.000000,0,0.000000,0.000000,0.000000,0.000000,0,0.000000,0.000000,0.000000,0.000000,0,0.000000,0.000000,0.000000,0.000000,0,0.000000,0.000000,0.000000,0.000000,0,0.000000,0.000000,0.000000,0.000000,0,0.000000,0.000000,0.000000,0.000000,0,0.000000,0.000000,0.000000,0.000000,0,0.000000,0.000000,0.000000,0.000000,0,0.000000,0.000000,0.000000,0.000000,0,0.000000,0.000000,0.000000,0.000000
8661174047,RESONANCE_0P1,0.000000,0.000000,0.000000,0.700000,0,,NO_MATCH: BASELINE_NOT_READY,1,77.319189,0.000000,0.000000,0.000000,1,40.486757,0.000000,0.000000,0.000000,0,0.000000,0.000000,0.000000,0.000000,0,0.000000,0.000000,0.000000,0.000000,0,0.000000,0.000000,0.000000,0.000000,0,0.000000,0.000000,0.000000,0.000000,0,0.000000,0.000000,0.000000,0.000000,0,0.000000,0.000000,0.000000,0.000000,0,0.000000,0.000000,0.000000,0.000000,0,0.000000,0.000000,0.000000,0.000000,0,0.000000,0.000000,0.000000,0.000000,0,0.000000,0.000000,0.000000,0.000000,0,0.000000,0.000000,0.000000,0.000000
8661174047,PHASED_VIPASSANA,0.000000,0.000000,0.000000,0.700000,0,,NO_MATCH: BASELINE_NOT_READY,1,77.319189,0.000000,0.000000,0.000000,1,40.486757,0.000000,0.000000,0.000000,0,0.000000,0.000000,0.000000,0.000000,0,0.000000,0.000000,0.000000,0.000000,0,0.000000,0.000000,0.000000,0.000000,0,0.000000,0.000000,0.000000,0.000000,0,0.000000,0.000000,0.000000,0.000000,0,0.000000,0.000000,0.000000,0.000000,0,0.000000,0.000000,0.000000,0.000000,0,0.000000,0.000000,0.000000,0.000000,0,0.000000,0.000000,0.000000,0.000000,0,0.000000,0.000000,0.000000,0.000000,0,0.000000,0.000000,0.000000,0.000000
8661174047,AROUSAL_MEDITATION,0.000000,0.000000,0.000000,0.700000,0,,NO_MATCH: BASELINE_NOT_READY,1,77.319189,0.000000,0.000000,0.000000,1,40.486757,0.000000,0.000000,0.000000,0,0.000000,0.000000,0.000000,0.000000,0,0.000000,0.000000,0.000000,0.000000,0,0.000000,0.000000,0.000000,0.000000,0,0.000000,0.000000,0.000000,0.000000,0,0.000000,0.000000,0.000000,0.000000,0,0.000000,0.000000,0.000000,0.000000,0,0.000000,0.000000,0.000000,0.000000,0,0.000000,0.000000,0.000000,0.000000,0,0.000000,0.000000,0.000000,0.000000,0,0.000000,0.000000,0.000000,0.000000,0,0.000000,0.000000,0.000000,0.000000
8661174047,TRAINED_VIPASSANA_SHIFT,0.000000,0.000000,0.000000,0.700000,0,,NO_MATCH: BASELINE_NOT_READY,1,77.319189,0.000000,0.000000,0.000000,1,40.486757,0.000000,0.000000,0.000000,0,0.000000,0.000000,0.000000,0.000000,0,0.000000,0.000000,0.000000,0.000000,0,0.000000,0.000000,0.000000,0.000000,0,0.000000,0.000000,0.000000,0.000000,0,0.000000,0.000000,0.000000,0.000000,0,0.000000,0.000000,0.000000,0.000000,0,0.000000,0.000000,0.000000,0.000000,0,0.000000,0.000000,0.000000,0.000000,0,0.000000,0.000000,0.000000,0.000000,0,0.000000,0.000000,0.000000,0.000000,0,0.000000,0.000000,0.000000,0.000000
8661174047,SLOW_RECOVERY_VLF,0.000000,0.000000,0.000000,0.700000,0,,NO_MATCH: BASELINE_NOT_READY,1,77.319189,0.000000,0.000000,0.000000,1,40.486757,0.000000,0.000000,0.000000,0,0.000000,0.000000,0.000000,0.000000,0,0.000000,0.000000,0.000000,0.000000,0,0.000000,0.000000,0.000000,0.000000,0,0.000000,0.000000,0.000000,0.000000,0,0.000000,0.000000,0.000000,0.000000,0,0.000000,0.000000,0.000000,0.000000,0,0.000000,0.000000,0.000000,0.000000,0,0.000000,0.000000,0.000000,0.000000,0,0.000000,0.000000,0.000000,0.000000,0,0.000000,0.000000,0.000000,0.000000,0,0.000000,0.000000,0.000000,0.000000
8661174047,INWARD_QUIET,0.000000,0.000000,0.000000,0.700000,0,,NO_MATCH: BASELINE_NOT_READY,1,77.319189,0.000000,0.000000,0.000000,1,40.486757,0.000000,0.000000,0.000000,0,0.000000,0.000000,0.000000,0.000000,0,0.000000,0.000000,0.000000,0.000000,0,0.000000,0.000000,0.000000,0.000000,0,0.000000,0.000000,0.000000,0.000000,0,0.000000,0.000000,0.000000,0.000000,0,0.000000,0.000000,0.000000,0.000000,0,0.000000,0.000000,0.000000,0.000000,0,0.000000,0.000000,0.000000,0.000000,0,0.000000,0.000000,0.000000,0.000000,0,0.000000,0.000000,0.000000,0.000000,0,0.000000,0.000000,0.000000,0.000000
8681238047,RESONANCE_0P1,0.000000,0.000000,0.000000,0.700000,0,,NO_MATCH: BASELINE_NOT_READY,1,75.757193,0.000000,0.000000,0.000000,1,45.612918,0.000000,0.000000,0.000000,0,0.000000,0.000000,0.000000,0.000000,0,0.000000,0.000000,0.000000,0.000000,0,0.000000,0.000000,0.000000,0.000000,0,0.000000,0.000000,0.000000,0.000000,0,0.000000,0.000000,0.000000,0.000000,0,0.000000,0.000000,0.000000,0.000000,0,0.000000,0.000000,0.000000,0.000000,0,0.000000,0.000000,0.000000,0.000000,0,0.000000,0.000000,0.000000,0.000000,0,0.000000,0.000000,0.000000,0.000000,0,0.000000,0.000000,0.000000,0.000000
8681238047,PHASED_VIPASSANA,0.000000,0.000000,0.000000,0.700000,0,,NO_MATCH: BASELINE_NOT_READY,1,75.757193,0.000000,0.000000,0.000000,1,45.612918,0.000000,0.000000,0.000000,0,0.000000,0.000000,0.000000,0.000000,0,0.000000,0.000000,0.000000,0.000000,0,0.000000,0.000000,0.000000,0.000000,0,0.000000,0.000000,0.000000,0.000000,0,0.000000,0.000000,0.000000,0.000000,0,0.000000,0.000000,0.000000,0.000000,0,0.000000,0.000000,0.000000,0.000000,0,0.000000,0.000000,0.000000,0.000000,0,0.000000,0.000000,0.000000,0.000000,0,0.000000,0.000000,0.000000,0.000000,0,0.000000,0.000000,0.000000,0.000000
8681238047,AROUSAL_MEDITATION,0.000000,0.000000,0.000000,0.700000,0,,NO_MATCH: BASELINE_NOT_READY,1,75.757193,0.000000,0.000000,0.000000,1,45.612918,0.000000,0.000000,0.000000,0,0.000000,0.000000,0.000000,0.000000,0,0.000000,0.000000,0.000000,0.000000,0,0.000000,0.000000,0.000000,0.000000,0,0.000000,0.000000,0.000000,0.000000,0,0.000000,0.000000,0.000000,0.000000,0,0.000000,0.000000,0.000000,0.000000,0,0.000000,0.000000,0.000000,0.000000,0,0.000000,0.000000,0.000000,0.000000,0,0.000000,0.000000,0.000000,0.000000,0,0.000000,0.000000,0.000000,0.000000,0,0.000000,0.000000,0.000000,0.000000
8681238047,TRAINED_VIPASSANA_SHIFT,0.000000,0.000000,0.000000,0.700000,0,,NO_MATCH: BASELINE_NOT_READY,1,75.757193,0.000000,0.000000,0.000000,1,45.612918,0.000000,0.000000,0.000000,0,0.000000,0.000000,0.000000,0.000000,0,0.000000,0.000000,0.000000,0.000000,0,0.000000,0.000000,0.000000,0.000000,0,0.000000,0.000000,0.000000,0.000000,0,0.000000,0.000000,0.000000,0.000000,0,0.000000,0.000000,0.000000,0.000000,0,0.000000,0.000000,0.000000,0.000000,0,0.000000,0.000000,0.000000,0.000000,0,0.000000,0.000000,0.000000,0.000000,0,0.000000,0.000000,0.000000,0.000000,0,0.000000,0.000000,0.000000,0.000000
8681238047,SLOW_RECOVERY_VLF,0.000000,0.000000,0.000000,0.700000,0,,NO_MATCH: BASELINE_NOT_READY,1,75.757193,0.000000,0.000000,0.000000,1,45.612918,0.000000,0.000000,0.000000,0,0.000000,0.000000,0.000000,0.000000,0,0.000000,0.000000,0.000000,0.000000,0,0.000000,0.000000,0.000000,0.000000,0,0.000000,0.000000,0.000000,0.000000,0,0.000000,0.000000,0.000000,0.000000,0,0.000000,0.000000,0.000000,0.000000,0,0.000000,0.000000,0.000000,0.000000,0,0.000000,0.000000,0.000000,0.000000,0,0.000000,0.000000,0.000000,0.000000,0,0.000000,0.000000,0.000000,0.000000,0,0.000000,0.000000,0.000000,0.000000
8681238047,INWARD_QUIET,0.000000,0.000000,0.000000,0.700000,0,,NO_MATCH: BASELINE_NOT_READY,1,75.757193,0.000000,0.000000,0.000000,1,45.612918,0.000000,0.000000,0.000000,0,0.000000,0.000000,0.000000,0.000000,0,0.000000,0.000000,0.000000,0.000000,0,0.000000,0.000000,0.000000,0.000000,0,0.000000,0.000000,0.000000,0.000000,0,0.000000,0.000000,0.000000,0.000000,0,0.000000,0.000000,0.000000,0.000000,0,0.000000,0.000000,0.000000,0.000000,0,0.000000,0.000000,0.000000,0.000000,0,0.000000,0.000000,0.000000,0.000000,0,0.000000,0.000000,0.000000,0.000000,0,0.000000,0.000000,0.000000,0.000000
8701894047,RESONANCE_0P1,0.000000,0.000000,0.000000,0.700000,0,,NO_MATCH: BASELINE_NOT_READY,1,70.754717,0.000000,0.000000,0.000000,1,46.775080,0.000000,0.000000,0.000000,0,0.000000,0.000000,0.000000,0.000000,0,0.000000,0.000000,0.000000,0.000000,0,0.000000,0.000000,0.000000,0.000000,0,0.000000,0.000000,0.000000,0.000000,0,0.000000,0.000000,0.000000,0.000000,0,0.000000,0.000000,0.000000,0.000000,0,0.000000,0.000000,0.000000,0.000000,0,0.000000,0.000000,0.000000,0.000000,0,0.000000,0.000000,0.000000,0.000000,0,0.000000,0.000000,0.000000,0.000000,0,0.000000,0.000000,0.000000,0.000000
8701894047,PHASED_VIPASSANA,0.000000,0.000000,0.000000,0.700000,0,,NO_MATCH: BASELINE_NOT_READY,1,70.754717,0.000000,0.000000,0.000000,1,46.775080,0.000000,0.000000,0.000000,0,0.000000,0.000000,0.000000,0.000000,0,0.000000,0.000000,0.000000,0.000000,0,0.000000,0.000000,0.000000,0.000000,0,0.000000,0.000000,0.000000,0.000000,0,0.000000,0.000000,0.000000,0.000000,0,0.000000,0.000000,0.000000,0.000000,0,0.000000,0.000000,0.000000,0.000000,0,0.000000,0.000000,0.000000,0.000000,0,0.000000,0.000000,0.000000,0.000000,0,0.000000,0.000000,0.000000,0.000000,0,0.000000,0.000000,0.000000,0.000000
8701894047,AROUSAL_MEDITATION,0.000000,0.000000,0.000000,0.700000,0,,NO_MATCH: BASELINE_NOT_READY,1,70.754717,0.000000,0.000000,0.000000,1,46.775080,0.000000,0.000000,0.000000,0,0.000000,0.000000,0.000000,0.000000,0,0.000000,0.000000,0.000000,0.000000,0,0.000000,0.000000,0.000000,0.000000,0,0.000000,0.000000,0.000000,0.000000,0,0.000000,0.000000,0.000000,0.000000,0,0.000000,0.000000,0.000000,0.000000,0,0.000000,0.000000,0.000000,0.000000,0,0.000000,0.000000,0.000000,0.000000,0,0.000000,0.000000,0.000000,0.000000,0,0.000000,0.000000,0.000000,0.000000,0,0.000000,0.000000,0.000000,0.000000
8701894047,TRAINED_VIPASSANA_SHIFT,0.000000,0.000000,0.000000,0.700000,0,,NO_MATCH: BASELINE_NOT_READY,1,70.754717,0.000000,0.000000,0.000000,1,46.775080,0.000000,0.000000,0.000000,0,0.000000,0.000000,0.000000,0.000000,0,0.000000,0.000000,0.000000,0.000000,0,0.000000,0.000000,0.000000,0.000000,0,0.000000,0.000000,0.000000,0.000000,0,0.000000,0.000000,0.000000,0.000000,0,0.000000,0.000000,0.000000,0.000000,0,0.000000,0.000000,0.000000,0.000000,0,0.000000,0.000000,0.000000,0.000000,0,0.000000,0.000000,0.000000,0.000000,0,0.000000,0.000000,0.000000,0.000000,0,0.000000,0.000000,0.000000,0.000000
8701894047,SLOW_RECOVERY_VLF,0.000000,0.000000,0.000000,0.700000,0,,NO_MATCH: BASELINE_NOT_READY,1,70.754717,0.000000,0.000000,0.000000,1,46.775080,0.000000,0.000000,0.000000,0,0.000000,0.000000,0.000000,0.000000,0,0.000000,0.000000,0.000000,0.000000,0,0.000000,0.000000,0.000000,0.000000,0,0.000000,0.000000,0.000000,0.000000,0,0.000000,0.000000,0.000000,0.000000,0,0.000000,0.000000,0.000000,0.000000,0,0.000000,0.000000,0.000000,0.000000,0,0.000000,0.000000,0.000000,0.000000,0,0.000000,0.000000,0.000000,0.000000,0,0.000000,0.000000,0.000000,0.000000,0,0.000000,0.000000,0.000000,0.000000
8701894047,INWARD_QUIET,0.000000,0.000000,0.000000,0.700000,0,,NO_MATCH: BASELINE_NOT_READY,1,70.754717,0.000000,0.000000,0.000000,1,46.775080,0.000000,0.000000,0.000000,0,0.000000,0.000000,0.000000,0.000000,0,0.000000,0.000000,0.000000,0.000000,0,0.000000,0.000000,0.000000,0.000000,0,0.000000,0.000000,0.000000,0.000000,0,0.000000,0.000000,0.000000,0.000000,0,0.000000,0.000000,0.000000,0.000000,0,0.000000,0.000000,0.000000,0.000000,0,0.000000,0.000000,0.000000,0.000000,0,0.000000,0.000000,0.000000,0.000000,0,0.000000,0.000000,0.000000,0.000000,0,0.000000,0.000000,0.000000,0.000000
8722574043,RESONANCE_0P1,0.000000,0.000000,0.000000,0.700000,0,,NO_MATCH: BASELINE_NOT_READY,1,74.257426,0.000000,0.000000,0.000000,1,32.967464,0.000000,0.000000,0.000000,0,0.000000,0.000000,0.000000,0.000000,0,0.000000,0.000000,0.000000,0.000000,0,0.000000,0.000000,0.000000,0.000000,0,0.000000,0.000000,0.000000,0.000000,0,0.000000,0.000000,0.000000,0.000000,0,0.000000,0.000000,0.000000,0.000000,0,0.000000,0.000000,0.000000,0.000000,0,0.000000,0.000000,0.000000,0.000000,0,0.000000,0.000000,0.000000,0.000000,0,0.000000,0.000000,0.000000,0.000000,0,0.000000,0.000000,0.000000,0.000000
8722574043,PHASED_VIPASSANA,0.000000,0.000000,0.000000,0.700000,0,,NO_MATCH: BASELINE_NOT_READY,1,74.257426,0.000000,0.000000,0.000000,1,32.967464,0.000000,0.000000,0.000000,0,0.000000,0.000000,0.000000,0.000000,0,0.000000,0.000000,0.000000,0.000000,0,0.000000,0.000000,0.000000,0.000000,0,0.000000,0.000000,0.000000,0.000000,0,0.000000,0.000000,0.000000,0.000000,0,0.000000,0.000000,0.000000,0.000000,0,0.000000,0.000000,0.000000,0.000000,0,0.000000,0.000000,0.000000,0.000000,0,0.000000,0.000000,0.000000,0.000000,0,0.000000,0.000000,0.000000,0.000000,0,0.000000,0.000000,0.000000,0.000000
8722574043,AROUSAL_MEDITATION,0.000000,0.000000,0.000000,0.700000,0,,NO_MATCH: BASELINE_NOT_READY,1,74.257426,0.000000,0.000000,0.000000,1,32.967464,0.000000,0.000000,0.000000,0,0.000000,0.000000,0.000000,0.000000,0,0.000000,0.000000,0.000000,0.000000,0,0.000000,0.000000,0.000000,0.000000,0,0.000000,0.000000,0.000000,0.000000,0,0.000000,0.000000,0.000000,0.000000,0,0.000000,0.000000,0.000000,0.000000,0,0.000000,0.000000,0.000000,0.000000,0,0.000000,0.000000,0.000000,0.000000,0,0.000000,0.000000,0.000000,0.000000,0,0.000000,0.000000,0.000000,0.000000,0,0.000000,0.000000,0.000000,0.000000
8722574043,TRAINED_VIPASSANA_SHIFT,0.000000,0.000000,0.000000,0.700000,0,,NO_MATCH: BASELINE_NOT_READY,1,74.257426,0.000000,0.000000,0.000000,1,32.967464,0.000000,0.000000,0.000000,0,0.000000,0.000000,0.000000,0.000000,0,0.000000,0.000000,0.000000,0.000000,0,0.000000,0.000000,0.000000,0.000000,0,0.000000,0.000000,0.000000,0.000000,0,0.000000,0.000000,0.000000,0.000000,0,0.000000,0.000000,0.000000,0.000000,0,0.000000,0.000000,0.000000,0.000000,0,0.000000,0.000000,0.000000,0.000000,0,0.000000,0.000000,0.000000,0.000000,0,0.000000,0.000000,0.000000,0.000000,0,0.000000,0.000000,0.000000,0.000000
8722574043,SLOW_RECOVERY_VLF,0.000000,0.000000,0.000000,0.700000,0,,NO_MATCH: BASELINE_NOT_READY,1,74.257426,0.000000,0.000000,0.000000,1,32.967464,0.000000,0.000000,0.000000,0,0.000000,0.000000,0.000000,0.000000,0,0.000000,0.000000,0.000000,0.000000,0,0.000000,0.000000,0.000000,0.000000,0,0.000000,0.000000,0.000000,0.000000,0,0.000000,0.000000,0.000000,0.000000,0,0.000000,0.000000,0.000000,0.000000,0,0.000000,0.000000,0.000000,0.000000,0,0.000000,0.000000,0.000000,0.000000,0,0.000000,0.000000,0.000000,0.000000,0,0.000000,0.000000,0.000000,0.000000,0,0.000000,0.000000,0.000000,0.000000
8722574043,INWARD_QUIET,0.000000,0.000000,0.000000,0.700000,0,,NO_MATCH: BASELINE_NOT_READY,1,74.257426,0.000000,0.000000,0.000000,1,32.967464,0.000000,0.000000,0.000000,0,0.000000,0.000000,0.000000,0.000000,0,0.000000,0.000000,0.000000,0.000000,0,0.000000,0.000000,0.000000,0.000000,0,0.000000,0.000000,0.000000,0.000000,0,0.000000,0.000000,0.000000,0.000000,0,0.000000,0.000000,0.000000,0.000000,0,0.000000,0.000000,0.000000,0.000000,0,0.000000,0.000000,0.000000,0.000000,0,0.000000,0.000000,0.000000,0.000000,0,0.000000,0.000000,0.000000,0.000000,0,0.000000,0.000000,0.000000,0.000000
8743246046,RESONANCE_0P1,0.000000,0.000000,0.000000,0.700000,0,,NO_MATCH: BASELINE_NOT_READY,1,68.807339,0.000000,0.000000,0.000000,1,33.001265,0.000000,0.000000,0.000000,0,0.000000,0.000000,0.000000,0.000000,0,0.000000,0.000000,0.000000,0.000000,0,0.000000,0.000000,0.000000,0.000000,0,0.000000,0.000000,0.000000,0.000000,0,0.000000,0.000000,0.000000,0.000000,0,0.000000,0.000000,0.000000,0.000000,0,0.000000,0.000000,0.000000,0.000000,0,0.000000,0.000000,0.000000,0.000000,0,0.000000,0.000000,0.000000,0.000000,0,0.000000,0.000000,0.000000,0.000000,0,0.000000,0.000000,0.000000,0.000000
8743246046,PHASED_VIPASSANA,0.000000,0.000000,0.000000,0.700000,0,,NO_MATCH: BASELINE_NOT_READY,1,68.807339,0.000000,0.000000,0.000000,1,33.001265,0.000000,0.000000,0.000000,0,0.000000,0.000000,0.000000,0.000000,0,0.000000,0.000000,0.000000,0.000000,0,0.000000,0.000000,0.000000,0.000000,0,0.000000,0.000000,0.000000,0.000000,0,0.000000,0.000000,0.000000,0.000000,0,0.000000,0.000000,0.000000,0.000000,0,0.000000,0.000000,0.000000,0.000000,0,0.000000,0.000000,0.000000,0.000000,0,0.000000,0.000000,0.000000,0.000000,0,0.000000,0.000000,0.000000,0.000000,0,0.000000,0.000000,0.000000,0.000000
8743246046,AROUSAL_MEDITATION,0.000000,0.000000,0.000000,0.700000,0,,NO_MATCH: BASELINE_NOT_READY,1,68.807339,0.000000,0.000000,0.000000,1,33.001265,0.000000,0.000000,0.000000,0,0.000000,0.000000,0.000000,0.000000,0,0.000000,0.000000,0.000000,0.000000,0,0.000000,0.000000,0.000000,0.000000,0,0.000000,0.000000,0.000000,0.000000,0,0.000000,0.000000,0.000000,0.000000,0,0.000000,0.000000,0.000000,0.000000,0,0.000000,0.000000,0.000000,0.000000,0,0.000000,0.000000,0.000000,0.000000,0,0.000000,0.000000,0.000000,0.000000,0,0.000000,0.000000,0.000000,0.000000,0,0.000000,0.000000,0.000000,0.000000
8743246046,TRAINED_VIPASSANA_SHIFT,0.000000,0.000000,0.000000,0.700000,0,,NO_MATCH: BASELINE_NOT_READY,1,68.807339,0.000000,0.000000,0.000000,1,33.001265,0.000000,0.000000,0.000000,0,0.000000,0.000000,0.000000,0.000000,0,0.000000,0.000000,0.000000,0.000000,0,0.000000,0.000000,0.000000,0.000000,0,0.000000,0.000000,0.000000,0.000000,0,0.000000,0.000000,0.000000,0.000000,0,0.000000,0.000000,0.000000,0.000000,0,0.000000,0.000000,0.000000,0.000000,0,0.000000,0.000000,0.000000,0.000000,0,0.000000,0.000000,0.000000,0.000000,0,0.000000,0.000000,0.000000,0.000000,0,0.000000,0.000000,0.000000,0.000000
8743246046,SLOW_RECOVERY_VLF,0.000000,0.000000,0.000000,0.700000,0,,NO_MATCH: BASELINE_NOT_READY,1,68.807339,0.000000,0.000000,0.000000,1,33.001265,0.000000,0.000000,0.000000,0,0.000000,0.000000,0.000000,0.000000,0,0.000000,0.000000,0.000000,0.000000,0,0.000000,0.000000,0.000000,0.000000,0,0.000000,0.000000,0.000000,0.000000,0,0.000000,0.000000,0.000000,0.000000,0,0.000000,0.000000,0.000000,0.000000,0,0.000000,0.000000,0.000000,0.000000,0,0.000000,0.000000,0.000000,0.000000,0,0.000000,0.000000,0.000000,0.000000,0,0.000000,0.000000,0.000000,0.000000,0,0.000000,0.000000,0.000000,0.000000
8743246046,INWARD_QUIET,0.000000,0.000000,0.000000,0.700000,0,,NO_MATCH: BASELINE_NOT_READY,1,68.807339,0.000000,0.000000,0.000000,1,33.001265,0.000000,0.000000,0.000000,0,0.000000,0.000000,0.000000,0.000000,0,0.000000,0.000000,0.000000,0.000000,0,0.000000,0.000000,0.000000,0.000000,0,0.000000,0.000000,0.000000,0.000000,0,0.000000,0.000000,0.000000,0.000000,0,0.000000,0.000000,0.000000,0.000000,0,0.000000,0.000000,0.000000,0.000000,0,0.000000,0.000000,0.000000,0.000000,0,0.000000,0.000000,0.000000,0.000000,0,0.000000,0.000000,0.000000,0.000000,0,0.000000,0.000000,0.000000,0.000000
8763758043,RESONANCE_0P1,0.000000,0.000000,0.000000,0.700000,0,,NO_MATCH: BASELINE_NOT_READY,1,73.529141,0.000000,0.000000,0.000000,1,31.894480,0.000000,0.000000,0.000000,0,0.000000,0.000000,0.000000,0.000000,0,0.000000,0.000000,0.000000,0.000000,0,0.000000,0.000000,0.000000,0.000000,0,0.000000,0.000000,0.000000,0.000000,0,0.000000,0.000000,0.000000,0.000000,0,0.000000,0.000000,0.000000,0.000000,0,0.000000,0.000000,0.000000,0.000000,0,0.000000,0.000000,0.000000,0.000000,0,0.000000,0.000000,0.000000,0.000000,0,0.000000,0.000000,0.000000,0.000000,0,0.000000,0.000000,0.000000,0.000000
8763758043,PHASED_VIPASSANA,0.000000,0.000000,0.000000,0.700000,0,,NO_MATCH: BASELINE_NOT_READY,1,73.529141,0.000000,0.000000,0.000000,1,31.894480,0.000000,0.000000,0.000000,0,0.000000,0.000000,0.000000,0.000000,0,0.000000,0.000000,0.000000,0.000000,0,0.000000,0.000000,0.000000,0.000000,0,0.000000,0.000000,0.000000,0.000000,0,0.000000,0.000000,0.000000,0.000000,0,0.000000,0.000000,0.000000,0.000000,0,0.000000,0.000000,0.000000,0.000000,0,0.000000,0.000000,0.000000,0.000000,0,0.000000,0.000000,0.000000,0.000000,0,0.000000,0.000000,0.000000,0.000000,0,0.000000,0.000000,0.000000,0.000000
8763758043,AROUSAL_MEDITATION,0.000000,0.000000,0.000000,0.700000,0,,NO_MATCH: BASELINE_NOT_READY,1,73.529141,0.000000,0.000000,0.000000,1,31.894480,0.000000,0.000000,0.000000,0,0.000000,0.000000,0.000000,0.000000,0,0.000000,0.000000,0.000000,0.000000,0,0.000000,0.000000,0.000000,0.000000,0,0.000000,0.000000,0.000000,0.000000,0,0.000000,0.000000,0.000000,0.000000,0,0.000000,0.000000,0.000000,0.000000,0,0.000000,0.000000,0.000000,0.000000,0,0.000000,0.000000,0.000000,0.000000,0,0.000000,0.000000,0.000000,0.000000,0,0.000000,0.000000,0.000000,0.000000,0,0.000000,0.000000,0.000000,0.000000
8763758043,TRAINED_VIPASSANA_SHIFT,0.000000,0.000000,0.000000,0.700000,0,,NO_MATCH: BASELINE_NOT_READY,1,73.529141,0.000000,0.000000,0.000000,1,31.894480,0.000000,0.000000,0.000000,0,0.000000,0.000000,0.000000,0.000000,0,0.000000,0.000000,0.000000,0.000000,0,0.000000,0.000000,0.000000,0.000000,0,0.000000,0.000000,0.000000,0.000000,0,0.000000,0.000000,0.000000,0.000000,0,0.000000,0.000000,0.000000,0.000000,0,0.000000,0.000000,0.000000,0.000000,0,0.000000,0.000000,0.000000,0.000000,0,0.000000,0.000000,0.000000,0.000000,0,0.000000,0.000000,0.000000,0.000000,0,0.000000,0.000000,0.000000,0.000000
8763758043,SLOW_RECOVERY_VLF,0.000000,0.000000,0.000000,0.700000,0,,NO_MATCH: BASELINE_NOT_READY,1,73.529141,0.000000,0.000000,0.000000,1,31.894480,0.000000,0.000000,0.000000,0,0.000000,0.000000,0.000000,0.000000,0,0.000000,0.000000,0.000000,0.000000,0,0.000000,0.000000,0.000000,0.000000,0,0.000000,0.000000,0.000000,0.000000,0,0.000000,0.000000,0.000000,0.000000,0,0.000000,0.000000,0.000000,0.000000,0,0.000000,0.000000,0.000000,0.000000,0,0.000000,0.000000,0.000000,0.000000,0,0.000000,0.000000,0.000000,0.000000,0,0.000000,0.000000,0.000000,0.000000,0,0.000000,0.000000,0.000000,0.000000
8763758043,INWARD_QUIET,0.000000,0.000000,0.000000,0.700000,0,,NO_MATCH: BASELINE_NOT_READY,1,73.529141,0.000000,0.000000,0.000000,1,31.894480,0.000000,0.000000,0.000000,0,0.000000,0.000000,0.000000,0.000000,0,0.000000,0.000000,0.000000,0.000000,0,0.000000,0.000000,0.000000,0.000000,0,0.000000,0.000000,0.000000,0.000000,0,0.000000,0.000000,0.000000,0.000000,0,0.000000,0.000000,0.000000,0.000000,0,0.000000,0.000000,0.000000,0.000000,0,0.000000,0.000000,0.000000,0.000000,0,0.000000,0.000000,0.000000,0.000000,0,0.000000,0.000000,0.000000,0.000000,0,0.000000,0.000000,0.000000,0.000000
8784110043,RESONANCE_0P1,0.000000,0.000000,0.000000,0.700000,0,,NO_MATCH: BASELINE_NOT_READY,1,66.964360,0.000000,0.000000,0.000000,1,32.203384,0.000000,0.000000,0.000000,0,0.000000,0.000000,0.000000,0.000000,0,0.000000,0.000000,0.000000,0.000000,0,0.000000,0.000000,0.000000,0.000000,0,0.000000,0.000000,0.000000,0.000000,0,0.000000,0.000000,0.000000,0.000000,0,0.000000,0.000000,0.000000,0.000000,0,0.000000,0.000000,0.000000,0.000000,0,0.000000,0.000000,0.000000,0.000000,0,0.000000,0.000000,0.000000,0.000000,0,0.000000,0.000000,0.000000,0.000000,0,0.000000,0.000000,0.000000,0.000000
8784110043,PHASED_VIPASSANA,0.000000,0.000000,0.000000,0.700000,0,,NO_MATCH: BASELINE_NOT_READY,1,66.964360,0.000000,0.000000,0.000000,1,32.203384,0.000000,0.000000,0.000000,0,0.000000,0.000000,0.000000,0.000000,0,0.000000,0.000000,0.000000,0.000000,0,0.000000,0.000000,0.000000,0.000000,0,0.000000,0.000000,0.000000,0.000000,0,0.000000,0.000000,0.000000,0.000000,0,0.000000,0.000000,0.000000,0.000000,0,0.000000,0.000000,0.000000,0.000000,0,0.000000,0.000000,0.000000,0.000000,0,0.000000,0.000000,0.000000,0.000000,0,0.000000,0.000000,0.000000,0.000000,0,0.000000,0.000000,0.000000,0.000000
8784110043,AROUSAL_MEDITATION,0.000000,0.000000,0.000000,0.700000,0,,NO_MATCH: BASELINE_NOT_READY,1,66.964360,0.000000,0.000000,0.000000,1,32.203384,0.000000,0.000000,0.000000,0,0.000000,0.000000,0.000000,0.000000,0,0.000000,0.000000,0.000000,0.000000,0,0.000000,0.000000,0.000000,0.000000,0,0.000000,0.000000,0.000000,0.000000,0,0.000000,0.000000,0.000000,0.000000,0,0.000000,0.000000,0.000000,0.000000,0,0.000000,0.000000,0.000000,0.000000,0,0.000000,0.000000,0.000000,0.000000,0,0.000000,0.000000,0.000000,0.000000,0,0.000000,0.000000,0.000000,0.000000,0,0.000000,0.000000,0.000000,0.000000
8784110043,TRAINED_VIPASSANA_SHIFT,0.000000,0.000000,0.000000,0.700000,0,,NO_MATCH: BASELINE_NOT_READY,1,66.964360,0.000000,0.000000,0.000000,1,32.203384,0.000000,0.000000,0.000000,0,0.000000,0.000000,0.000000,0.000000,0,0.000000,0.000000,0.000000,0.000000,0,0.000000,0.000000,0.000000,0.000000,0,0.000000,0.000000,0.000000,0.000000,0,0.000000,0.000000,0.000000,0.000000,0,0.000000,0.000000,0.000000,0.000000,0,0.000000,0.000000,0.000000,0.000000,0,0.000000,0.000000,0.000000,0.000000,0,0.000000,0.000000,0.000000,0.000000,0,0.000000,0.000000,0.000000,0.000000,0,0.000000,0.000000,0.000000,0.000000
8784110043,SLOW_RECOVERY_VLF,0.000000,0.000000,0.000000,0.700000,0,,NO_MATCH: BASELINE_NOT_READY,1,66.964360,0.000000,0.000000,0.000000,1,32.203384,0.000000,0.000000,0.000000,0,0.000000,0.000000,0.000000,0.000000,0,0.000000,0.000000,0.000000,0.000000,0,0.000000,0.000000,0.000000,0.000000,0,0.000000,0.000000,0.000000,0.000000,0,0.000000,0.000000,0.000000,0.000000,0,0.000000,0.000000,0.000000,0.000000,0,0.000000,0.000000,0.000000,0.000000,0,0.000000,0.000000,0.000000,0.000000,0,0.000000,0.000000,0.000000,0.000000,0,0.000000,0.000000,0.000000,0.000000,0,0.000000,0.000000,0.000000,0.000000
8784110043,INWARD_QUIET,0.000000,0.000000,0.000000,0.700000,0,,NO_MATCH: BASELINE_NOT_READY,1,66.964360,0.000000,0.000000,0.000000,1,32.203384,0.000000,0.000000,0.000000,0,0.000000,0.000000,0.000000,0.000000,0,0.000000,0.000000,0.000000,0.000000,0,0.000000,0.000000,0.000000,0.000000,0,0.000000,0.000000,0.000000,0.000000,0,0.000000,0.000000,0.000000,0.000000,0,0.000000,0.000000,0.000000,0.000000,0,0.000000,0.000000,0.000000,0.000000,0,0.000000,0.000000,0.000000,0.000000,0,0.000000,0.000000,0.000000,0.000000,0,0.000000,0.000000,0.000000,0.000000,0,0.000000,0.000000,0.000000,0.000000
8804358043,RESONANCE_0P1,0.000000,0.000000,0.000000,0.700000,0,,NO_MATCH: BASELINE_NOT_READY,1,72.815534,0.000000,0.000000,0.000000,1,43.966548,0.000000,0.000000,0.000000,0,0.000000,0.000000,0.000000,0.000000,0,0.000000,0.000000,0.000000,0.000000,0,0.000000,0.000000,0.000000,0.000000,0,0.000000,0.000000,0.000000,0.000000,0,0.000000,0.000000,0.000000,0.000000,0,0.000000,0.000000,0.000000,0.000000,0,0.000000,0.000000,0.000000,0.000000,0,0.000000,0.000000,0.000000,0.000000,0,0.000000,0.000000,0.000000,0.000000,0,0.000000,0.000000,0.000000,0.000000,0,0.000000,0.000000,0.000000,0.000000
8804358043,PHASED_VIPASSANA,0.000000,0.000000,0.000000,0.700000,0,,NO_MATCH: BASELINE_NOT_READY,1,72.815534,0.000000,0.000000,0.000000,1,43.966548,0.000000,0.000000,0.000000,0,0.000000,0.000000,0.000000,0.000000,0,0.000000,0.000000,0.000000,0.000000,0,0.000000,0.000000,0.000000,0.000000,0,0.000000,0.000000,0.000000,0.000000,0,0.000000,0.000000,0.000000,0.000000,0,0.000000,0.000000,0.000000,0.000000,0,0.000000,0.000000,0.000000,0.000000,0,0.000000,0.000000,0.000000,0.000000,0,0.000000,0.000000,0.000000,0.000000,0,0.000000,0.000000,0.000000,0.000000,0,0.000000,0.000000,0.000000,0.000000
8804358043,AROUSAL_MEDITATION,0.000000,0.000000,0.000000,0.700000,0,,NO_MATCH: BASELINE_NOT_READY,1,72.815534,0.000000,0.000000,0.000000,1,43.966548,0.000000,0.000000,0.000000,0,0.000000,0.000000,0.000000,0.000000,0,0.000000,0.000000,0.000000,0.000000,0,0.000000,0.000000,0.000000,0.000000,0,0.000000,0.000000,0.000000,0.000000,0,0.000000,0.000000,0.000000,0.000000,0,0.000000,0.000000,0.000000,0.000000,0,0.000000,0.000000,0.000000,0.000000,0,0.000000,0.000000,0.000000,0.000000,0,0.000000,0.000000,0.000000,0.000000,0,0.000000,0.000000,0.000000,0.000000,0,0.000000,0.000000,0.000000,0.000000
8804358043,TRAINED_VIPASSANA_SHIFT,0.000000,0.000000,0.000000,0.700000,0,,NO_MATCH: BASELINE_NOT_READY,1,72.815534,0.000000,0.000000,0.000000,1,43.966548,0.000000,0.000000,0.000000,0,0.000000,0.000000,0.000000,0.000000,0,0.000000,0.000000,0.000000,0.000000,0,0.000000,0.000000,0.000000,0.000000,0,0.000000,0.000000,0.000000,0.000000,0,0.000000,0.000000,0.000000,0.000000,0,0.000000,0.000000,0.000000,0.000000,0,0.000000,0.000000,0.000000,0.000000,0,0.000000,0.000000,0.000000,0.000000,0,0.000000,0.000000,0.000000,0.000000,0,0.000000,0.000000,0.000000,0.000000,0,0.000000,0.000000,0.000000,0.000000
8804358043,SLOW_RECOVERY_VLF,0.000000,0.000000,0.000000,0.700000,0,,NO_MATCH: BASELINE_NOT_READY,1,72.815534,0.000000,0.000000,0.000000,1,43.966548,0.000000,0.000000,0.000000,0,0.000000,0.000000,0.000000,0.000000,0,0.000000,0.000000,0.000000,0.000000,0,0.000000,0.000000,0.000000,0.000000,0,0.000000,0.000000,0.000000,0.000000,0,0.000000,0.000000,0.000000,0.000000,0,0.000000,0.000000,0.000000,0.000000,0,0.000000,0.000000,0.000000,0.000000,0,0.000000,0.000000,0.000000,0.000000,0,0.000000,0.000000,0.000000,0.000000,0,0.000000,0.000000,0.000000,0.000000,0,0.000000,0.000000,0.000000,0.000000
8804358043,INWARD_QUIET,0.000000,0.000000,0.000000,0.700000,0,,NO_MATCH: BASELINE_NOT_READY,1,72.815534,0.000000,0.000000,0.000000,1,43.966548,0.000000,0.000000,0.000000,0,0.000000,0.000000,0.000000,0.000000,0,0.000000,0.000000,0.000000,0.000000,0,0.000000,0.000000,0.000000,0.000000,0,0.000000,0.000000,0.000000,0.000000,0,0.000000,0.000000,0.000000,0.000000,0,0.000000,0.000000,0.000000,0.000000,0,0.000000,0.000000,0.000000,0.000000,0,0.000000,0.000000,0.000000,0.000000,0,0.000000,0.000000,0.000000,0.000000,0,0.000000,0.000000,0.000000,0.000000,0,0.000000,0.000000,0.000000,0.000000
8824926043,RESONANCE_0P1,0.000000,0.000000,0.000000,0.700000,0,,NO_MATCH: BASELINE_NOT_READY,1,71.428571,0.000000,0.000000,0.000000,1,43.282279,0.000000,0.000000,0.000000,0,0.000000,0.000000,0.000000,0.000000,0,0.000000,0.000000,0.000000,0.000000,0,0.000000,0.000000,0.000000,0.000000,0,0.000000,0.000000,0.000000,0.000000,0,0.000000,0.000000,0.000000,0.000000,0,0.000000,0.000000,0.000000,0.000000,0,0.000000,0.000000,0.000000,0.000000,0,0.000000,0.000000,0.000000,0.000000,0,0.000000,0.000000,0.000000,0.000000,0,0.000000,0.000000,0.000000,0.000000,0,0.000000,0.000000,0.000000,0.000000
8824926043,PHASED_VIPASSANA,0.000000,0.000000,0.000000,0.700000,0,,NO_MATCH: BASELINE_NOT_READY,1,71.428571,0.000000,0.000000,0.000000,1,43.282279,0.000000,0.000000,0.000000,0,0.000000,0.000000,0.000000,0.000000,0,0.000000,0.000000,0.000000,0.000000,0,0.000000,0.000000,0.000000,0.000000,0,0.000000,0.000000,0.000000,0.000000,0,0.000000,0.000000,0.000000,0.000000,0,0.000000,0.000000,0.000000,0.000000,0,0.000000,0.000000,0.000000,0.000000,0,0.000000,0.000000,0.000000,0.000000,0,0.000000,0.000000,0.000000,0.000000,0,0.000000,0.000000,0.000000,0.000000,0,0.000000,0.000000,0.000000,0.000000
8824926043,AROUSAL_MEDITATION,0.000000,0.000000,0.000000,0.700000,0,,NO_MATCH: BASELINE_NOT_READY,1,71.428571,0.000000,0.000000,0.000000,1,43.282279,0.000000,0.000000,0.000000,0,0.000000,0.000000,0.000000,0.000000,0,0.000000,0.000000,0.000000,0.000000,0,0.000000,0.000000,0.000000,0.000000,0,0.000000,0.000000,0.000000,0.000000,0,0.000000,0.000000,0.000000,0.000000,0,0.000000,0.000000,0.000000,0.000000,0,0.000000,0.000000,0.000000,0.000000,0,0.000000,0.000000,0.000000,0.000000,0,0.000000,0.000000,0.000000,0.000000,0,0.000000,0.000000,0.000000,0.000000,0,0.000000,0.000000,0.000000,0.000000
8824926043,TRAINED_VIPASSANA_SHIFT,0.000000,0.000000,0.000000,0.700000,0,,NO_MATCH: BASELINE_NOT_READY,1,71.428571,0.000000,0.000000,0.000000,1,43.282279,0.000000,0.000000,0.000000,0,0.000000,0.000000,0.000000,0.000000,0,0.000000,0.000000,0.000000,0.000000,0,0.000000,0.000000,0.000000,0.000000,0,0.000000,0.000000,0.000000,0.000000,0,0.000000,0.000000,0.000000,0.000000,0,0.000000,0.000000,0.000000,0.000000,0,0.000000,0.000000,0.000000,0.000000,0,0.000000,0.000000,0.000000,0.000000,0,0.000000,0.000000,0.000000,0.000000,0,0.000000,0.000000,0.000000,0.000000,0,0.000000,0.000000,0.000000,0.000000
8824926043,SLOW_RECOVERY_VLF,0.000000,0.000000,0.000000,0.700000,0,,NO_MATCH: BASELINE_NOT_READY,1,71.428571,0.000000,0.000000,0.000000,1,43.282279,0.000000,0.000000,0.000000,0,0.000000,0.000000,0.000000,0.000000,0,0.000000,0.000000,0.000000,0.000000,0,0.000000,0.000000,0.000000,0.000000,0,0.000000,0.000000,0.000000,0.000000,0,0.000000,0.000000,0.000000,0.000000,0,0.000000,0.000000,0.000000,0.000000,0,0.000000,0.000000,0.000000,0.000000,0,0.000000,0.000000,0.000000,0.000000,0,0.000000,0.000000,0.000000,0.000000,0,0.000000,0.000000,0.000000,0.000000,0,0.000000,0.000000,0.000000,0.000000
8824926043,INWARD_QUIET,0.000000,0.000000,0.000000,0.700000,0,,NO_MATCH: BASELINE_NOT_READY,1,71.428571,0.000000,0.000000,0.000000,1,43.282279,0.000000,0.000000,0.000000,0,0.000000,0.000000,0.000000,0.000000,0,0.000000,0.000000,0.000000,0.000000,0,0.000000,0.000000,0.000000,0.000000,0,0.000000,0.000000,0.000000,0.000000,0,0.000000,0.000000,0.000000,0.000000,0,0.000000,0.000000,0.000000,0.000000,0,0.000000,0.000000,0.000000,0.000000,0,0.000000,0.000000,0.000000,0.000000,0,0.000000,0.000000,0.000000,0.000000,0,0.000000,0.000000,0.000000,0.000000,0,0.000000,0.000000,0.000000,0.000000
8845478043,RESONANCE_0P1,0.000000,0.000000,0.000000,0.700000,0,,NO_MATCH: BASELINE_NOT_READY,1,86.206897,0.000000,0.000000,0.000000,1,40.135040,0.000000,0.000000,0.000000,0,0.000000,0.000000,0.000000,0.000000,0,0.000000,0.000000,0.000000,0.000000,0,0.000000,0.000000,0.000000,0.000000,0,0.000000,0.000000,0.000000,0.000000,0,0.000000,0.000000,0.000000,0.000000,0,0.000000,0.000000,0.000000,0.000000,0,0.000000,0.000000,0.000000,0.000000,0,0.000000,0.000000,0.000000,0.000000,0,0.000000,0.000000,0.000000,0.000000,0,0.000000,0.000000,0.000000,0.000000,0,0.000000,0.000000,0.000000,0.000000
8845478043,PHASED_VIPASSANA,0.000000,0.000000,0.000000,0.700000,0,,NO_MATCH: BASELINE_NOT_READY,1,86.206897,0.000000,0.000000,0.000000,1,40.135040,0.000000,0.000000,0.000000,0,0.000000,0.000000,0.000000,0.000000,0,0.000000,0.000000,0.000000,0.000000,0,0.000000,0.000000,0.000000,0.000000,0,0.000000,0.000000,0.000000,0.000000,0,0.000000,0.000000,0.000000,0.000000,0,0.000000,0.000000,0.000000,0.000000,0,0.000000,0.000000,0.000000,0.000000,0,0.000000,0.000000,0.000000,0.000000,0,0.000000,0.000000,0.000000,0.000000,0,0.000000,0.000000,0.000000,0.000000,0,0.000000,0.000000,0.000000,0.000000
8845478043,AROUSAL_MEDITATION,0.000000,0.000000,0.000000,0.700000,0,,NO_MATCH: BASELINE_NOT_READY,1,86.206897,0.000000,0.000000,0.000000,1,40.135040,0.000000,0.000000,0.000000,0,0.000000,0.000000,0.000000,0.000000,0,0.000000,0.000000,0.000000,0.000000,0,0.000000,0.000000,0.000000,0.000000,0,0.000000,0.000000,0.000000,0.000000,0,0.000000,0.000000,0.000000,0.000000,0,0.000000,0.000000,0.000000,0.000000,0,0.000000,0.000000,0.000000,0.000000,0,0.000000,0.000000,0.000000,0.000000,0,0.000000,0.000000,0.000000,0.000000,0,0.000000,0.000000,0.000000,0.000000,0,0.000000,0.000000,0.000000,0.000000
8845478043,TRAINED_VIPASSANA_SHIFT,0.000000,0.000000,0.000000,0.700000,0,,NO_MATCH: BASELINE_NOT_READY,1,86.206897,0.000000,0.000000,0.000000,1,40.135040,0.000000,0.000000,0.000000,0,0.000000,0.000000,0.000000,0.000000,0,0.000000,0.000000,0.000000,0.000000,0,0.000000,0.000000,0.000000,0.000000,0,0.000000,0.000000,0.000000,0.000000,0,0.000000,0.000000,0.000000,0.000000,0,0.000000,0.000000,0.000000,0.000000,0,0.000000,0.000000,0.000000,0.000000,0,0.000000,0.000000,0.000000,0.000000,0,0.000000,0.000000,0.000000,0.000000,0,0.000000,0.000000,0.000000,0.000000,0,0.000000,0.000000,0.000000,0.000000
8845478043,SLOW_RECOVERY_VLF,0.000000,0.000000,0.000000,0.700000,0,,NO_MATCH: BASELINE_NOT_READY,1,86.206897,0.000000,0.000000,0.000000,1,40.135040,0.000000,0.000000,0.000000,0,0.000000,0.000000,0.000000,0.000000,0,0.000000,0.000000,0.000000,0.000000,0,0.000000,0.000000,0.000000,0.000000,0,0.000000,0.000000,0.000000,0.000000,0,0.000000,0.000000,0.000000,0.000000,0,0.000000,0.000000,0.000000,0.000000,0,0.000000,0.000000,0.000000,0.000000,0,0.000000,0.000000,0.000000,0.000000,0,0.000000,0.000000,0.000000,0.000000,0,0.000000,0.000000,0.000000,0.000000,0,0.000000,0.000000,0.000000,0.000000
8845478043,INWARD_QUIET,0.000000,0.000000,0.000000,0.700000,0,,NO_MATCH: BASELINE_NOT_READY,1,86.206897,0.000000,0.000000,0.000000,1,40.135040,0.000000,0.000000,0.000000,0,0.000000,0.000000,0.000000,0.000000,0,0.000000,0.000000,0.000000,0.000000,0,0.000000,0.000000,0.000000,0.000000,0,0.000000,0.000000,0.000000,0.000000,0,0.000000,0.000000,0.000000,0.000000,0,0.000000,0.000000,0.000000,0.000000,0,0.000000,0.000000,0.000000,0.000000,0,0.000000,0.000000,0.000000,0.000000,0,0.000000,0.000000,0.000000,0.000000,0,0.000000,0.000000,0.000000,0.000000,0,0.000000,0.000000,0.000000,0.000000
8866102043,RESONANCE_0P1,0.000000,0.000000,0.000000,0.700000,0,,NO_MATCH: BASELINE_NOT_READY,1,70.754717,0.000000,0.000000,0.000000,1,38.465774,0.000000,0.000000,0.000000,0,0.000000,0.000000,0.000000,0.000000,0,0.000000,0.000000,0.000000,0.000000,0,0.000000,0.000000,0.000000,0.000000,0,0.000000,0.000000,0.000000,0.000000,0,0.000000,0.000000,0.000000,0.000000,0,0.000000,0.000000,0.000000,0.000000,0,0.000000,0.000000,0.000000,0.000000,0,0.000000,0.000000,0.000000,0.000000,0,0.000000,0.000000,0.000000,0.000000,0,0.000000,0.000000,0.000000,0.000000,0,0.000000,0.000000,0.000000,0.000000
8866102043,PHASED_VIPASSANA,0.000000,0.000000,0.000000,0.700000,0,,NO_MATCH: BASELINE_NOT_READY,1,70.754717,0.000000,0.000000,0.000000,1,38.465774,0.000000,0.000000,0.000000,0,0.000000,0.000000,0.000000,0.000000,0,0.000000,0.000000,0.000000,0.000000,0,0.000000,0.000000,0.000000,0.000000,0,0.000000,0.000000,0.000000,0.000000,0,0.000000,0.000000,0.000000,0.000000,0,0.000000,0.000000,0.000000,0.000000,0,0.000000,0.000000,0.000000,0.000000,0,0.000000,0.000000,0.000000,0.000000,0,0.000000,0.000000,0.000000,0.000000,0,0.000000,0.000000,0.000000,0.000000,0,0.000000,0.000000,0.000000,0.000000
8866102043,AROUSAL_MEDITATION,0.000000,0.000000,0.000000,0.700000,0,,NO_MATCH: BASELINE_NOT_READY,1,70.754717,0.000000,0.000000,0.000000,1,38.465774,0.000000,0.000000,0.000000,0,0.000000,0.000000,0.000000,0.000000,0,0.000000,0.000000,0.000000,0.000000,0,0.000000,0.000000,0.000000,0.000000,0,0.000000,0.000000,0.000000,0.000000,0,0.000000,0.000000,0.000000,0.000000,0,0.000000,0.000000,0.000000,0.000000,0,0.000000,0.000000,0.000000,0.000000,0,0.000000,0.000000,0.000000,0.000000,0,0.000000,0.000000,0.000000,0.000000,0,0.000000,0.000000,0.000000,0.000000,0,0.000000,0.000000,0.000000,0.000000
8866102043,TRAINED_VIPASSANA_SHIFT,0.000000,0.000000,0.000000,0.700000,0,,NO_MATCH: BASELINE_NOT_READY,1,70.754717,0.000000,0.000000,0.000000,1,38.465774,0.000000,0.000000,0.000000,0,0.000000,0.000000,0.000000,0.000000,0,0.000000,0.000000,0.000000,0.000000,0,0.000000,0.000000,0.000000,0.000000,0,0.000000,0.000000,0.000000,0.000000,0,0.000000,0.000000,0.000000,0.000000,0,0.000000,0.000000,0.000000,0.000000,0,0.000000,0.000000,0.000000,0.000000,0,0.000000,0.000000,0.000000,0.000000,0,0.000000,0.000000,0.000000,0.000000,0,0.000000,0.000000,0.000000,0.000000,0,0.000000,0.000000,0.000000,0.000000
8866102043,SLOW_RECOVERY_VLF,0.000000,0.000000,0.000000,0.700000,0,,NO_MATCH: BASELINE_NOT_READY,1,70.754717,0.000000,0.000000,0.000000,1,38.465774,0.000000,0.000000,0.000000,0,0.000000,0.000000,0.000000,0.000000,0,0.000000,0.000000,0.000000,0.000000,0,0.000000,0.000000,0.000000,0.000000,0,0.000000,0.000000,0.000000,0.000000,0,0.000000,0.000000,0.000000,0.000000,0,0.000000,0.000000,0.000000,0.000000,0,0.000000,0.000000,0.000000,0.000000,0,0.000000,0.000000,0.000000,0.000000,0,0.000000,0.000000,0.000000,0.000000,0,0.000000,0.000000,0.000000,0.000000,0,0.000000,0.000000,0.000000,0.000000
8866102043,INWARD_QUIET,0.000000,0.000000,0.000000,0.700000,0,,NO_MATCH: BASELINE_NOT_READY,1,70.754717,0.000000,0.000000,0.000000,1,38.465774,0.000000,0.000000,0.000000,0,0.000000,0.000000,0.000000,0.000000,0,0.000000,0.000000,0.000000,0.000000,0,0.000000,0.000000,0.000000,0.000000,0,0.000000,0.000000,0.000000,0.000000,0,0.000000,0.000000,0.000000,0.000000,0,0.000000,0.000000,0.000000,0.000000,0,0.000000,0.000000,0.000000,0.000000,0,0.000000,0.000000,0.000000,0.000000,0,0.000000,0.000000,0.000000,0.000000,0,0.000000,0.000000,0.000000,0.000000,0,0.000000,0.000000,0.000000,0.000000
8886766044,RESONANCE_0P1,0.000000,0.000000,0.000000,0.700000,0,,NO_MATCH: BASELINE_NOT_READY,1,66.964360,0.000000,0.000000,0.000000,1,41.790765,0.000000,0.000000,0.000000,0,0.000000,0.000000,0.000000,0.000000,0,0.000000,0.000000,0.000000,0.000000,0,0.000000,0.000000,0.000000,0.000000,0,0.000000,0.000000,0.000000,0.000000,0,0.000000,0.000000,0.000000,0.000000,0,0.000000,0.000000,0.000000,0.000000,0,0.000000,0.000000,0.000000,0.000000,0,0.000000,0.000000,0.000000,0.000000,0,0.000000,0.000000,0.000000,0.000000,0,0.000000,0.000000,0.000000,0.000000,0,0.000000,0.000000,0.000000,0.000000
8886766044,PHASED_VIPASSANA,0.000000,0.000000,0.000000,0.700000,0,,NO_MATCH: BASELINE_NOT_READY,1,66.964360,0.000000,0.000000,0.000000,1,41.790765,0.000000,0.000000,0.000000,0,0.000000,0.000000,0.000000,0.000000,0,0.000000,0.000000,0.000000,0.000000,0,0.000000,0.000000,0.000000,0.000000,0,0.000000,0.000000,0.000000,0.000000,0,0.000000,0.000000,0.000000,0.000000,0,0.000000,0.000000,0.000000,0.000000,0,0.000000,0.000000,0.000000,0.000000,0,0.000000,0.000000,0.000000,0.000000,0,0.000000,0.000000,0.000000,0.000000,0,0.000000,0.000000,0.000000,0.000000,0,0.000000,0.000000,0.000000,0.000000
8886766044,AROUSAL_MEDITATION,0.000000,0.000000,0.000000,0.700000,0,,NO_MATCH: BASELINE_NOT_READY,1,66.964360,0.000000,0.000000,0.000000,1,41.790765,0.000000,0.000000,0.000000,0,0.000000,0.000000,0.000000,0.000000,0,0.000000,0.000000,0.000000,0.000000,0,0.000000,0.000000,0.000000,0.000000,0,0.000000,0.000000,0.000000,0.000000,0,0.000000,0.000000,0.000000,0.000000,0,0.000000,0.000000,0.000000,0.000000,0,0.000000,0.000000,0.000000,0.000000,0,0.000000,0.000000,0.000000,0.000000,0,0.000000,0.000000,0.000000,0.000000,0,0.000000,0.000000,0.000000,0.000000,0,0.000000,0.000000,0.000000,0.000000
8886766044,TRAINED_VIPASSANA_SHIFT,0.000000,0.000000,0.000000,0.700000,0,,NO_MATCH: BASELINE_NOT_READY,1,66.964360,0.000000,0.000000,0.000000,1,41.790765,0.000000,0.000000,0.000000,0,0.000000,0.000000,0.000000,0.000000,0,0.000000,0.000000,0.000000,0.000000,0,0.000000,0.000000,0.000000,0.000000,0,0.000000,0.000000,0.000000,0.000000,0,0.000000,0.000000,0.000000,0.000000,0,0.000000,0.000000,0.000000,0.000000,0,0.000000,0.000000,0.000000,0.000000,0,0.000000,0.000000,0.000000,0.000000,0,0.000000,0.000000,0.000000,0.000000,0,0.000000,0.000000,0.000000,0.000000,0,0.000000,0.000000,0.000000,0.000000
8886766044,SLOW_RECOVERY_VLF,0.000000,0.000000,0.000000,0.700000,0,,NO_MATCH: BASELINE_NOT_READY,1,66.964360,0.000000,0.000000,0.000000,1,41.790765,0.000000,0.000000,0.000000,0,0.000000,0.000000,0.000000,0.000000,0,0.000000,0.000000,0.000000,0.000000,0,0.000000,0.000000,0.000000,0.000000,0,0.000000,0.000000,0.000000,0.000000,0,0.000000,0.000000,0.000000,0.000000,0,0.000000,0.000000,0.000000,0.000000,0,0.000000,0.000000,0.000000,0.000000,0,0.000000,0.000000,0.000000,0.000000,0,0.000000,0.000000,0.000000,0.000000,0,0.000000,0.000000,0.000000,0.000000,0,0.000000,0.000000,0.000000,0.000000
8886766044,INWARD_QUIET,0.000000,0.000000,0.000000,0.700000,0,,NO_MATCH: BASELINE_NOT_READY,1,66.964360,0.000000,0.000000,0.000000,1,41.790765,0.000000,0.000000,0.000000,0,0.000000,0.000000,0.000000,0.000000,0,0.000000,0.000000,0.000000,0.000000,0,0.000000,0.000000,0.000000,0.000000,0,0.000000,0.000000,0.000000,0.000000,0,0.000000,0.000000,0.000000,0.000000,0,0.000000,0.000000,0.000000,0.000000,0,0.000000,0.000000,0.000000,0.000000,0,0.000000,0.000000,0.000000,0.000000,0,0.000000,0.000000,0.000000,0.000000,0,0.000000,0.000000,0.000000,0.000000,0,0.000000,0.000000,0.000000,0.000000
8906998043,RESONANCE_0P1,0.000000,0.000000,0.000000,0.700000,0,,NO_MATCH: BASELINE_NOT_READY,1,96.153230,0.000000,0.000000,0.000000,1,33.940958,0.000000,0.000000,0.000000,0,0.000000,0.000000,0.000000,0.000000,0,0.000000,0.000000,0.000000,0.000000,0,0.000000,0.000000,0.000000,0.000000,0,0.000000,0.000000,0.000000,0.000000,0,0.000000,0.000000,0.000000,0.000000,0,0.000000,0.000000,0.000000,0.000000,0,0.000000,0.000000,0.000000,0.000000,0,0.000000,0.000000,0.000000,0.000000,0,0.000000,0.000000,0.000000,0.000000,0,0.000000,0.000000,0.000000,0.000000,0,0.000000,0.000000,0.000000,0.000000
8906998043,PHASED_VIPASSANA,0.000000,0.000000,0.000000,0.700000,0,,NO_MATCH: BASELINE_NOT_READY,1,96.153230,0.000000,0.000000,0.000000,1,33.940958,0.000000,0.000000,0.000000,0,0.000000,0.000000,0.000000,0.000000,0,0.000000,0.000000,0.000000,0.000000,0,0.000000,0.000000,0.000000,0.000000,0,0.000000,0.000000,0.000000,0.000000,0,0.000000,0.000000,0.000000,0.000000,0,0.000000,0.000000,0.000000,0.000000,0,0.000000,0.000000,0.000000,0.000000,0,0.000000,0.000000,0.000000,0.000000,0,0.000000,0.000000,0.000000,0.000000,0,0.000000,0.000000,0.000000,0.000000,0,0.000000,0.000000,0.000000,0.000000
8906998043,AROUSAL_MEDITATION,0.000000,0.000000,0.000000,0.700000,0,,NO_MATCH: BASELINE_NOT_READY,1,96.153230,0.000000,0.000000,0.000000,1,33.940958,0.000000,0.000000,0.000000,0,0.000000,0.000000,0.000000,0.000000,0,0.000000,0.000000,0.000000,0.000000,0,0.000000,0.000000,0.000000,0.000000,0,0.000000,0.000000,0.000000,0.000000,0,0.000000,0.000000,0.000000,0.000000,0,0.000000,0.000000,0.000000,0.000000,0,0.000000,0.000000,0.000000,0.000000,0,0.000000,0.000000,0.000000,0.000000,0,0.000000,0.000000,0.000000,0.000000,0,0.000000,0.000000,0.000000,0.000000,0,0.000000,0.000000,0.000000,0.000000
8906998043,TRAINED_VIPASSANA_SHIFT,0.000000,0.000000,0.000000,0.700000,0,,NO_MATCH: BASELINE_NOT_READY,1,96.153230,0.000000,0.000000,0.000000,1,33.940958,0.000000,0.000000,0.000000,0,0.000000,0.000000,0.000000,0.000000,0,0.000000,0.000000,0.000000,0.000000,0,0.000000,0.000000,0.000000,0.000000,0,0.000000,0.000000,0.000000,0.000000,0,0.000000,0.000000,0.000000,0.000000,0,0.000000,0.000000,0.000000,0.000000,0,0.000000,0.000000,0.000000,0.000000,0,0.000000,0.000000,0.000000,0.000000,0,0.000000,0.000000,0.000000,0.000000,0,0.000000,0.000000,0.000000,0.000000,0,0.000000,0.000000,0.000000,0.000000
8906998043,SLOW_RECOVERY_VLF,0.000000,0.000000,0.000000,0.700000,0,,NO_MATCH: BASELINE_NOT_READY,1,96.153230,0.000000,0.000000,0.000000,1,33.940958,0.000000,0.000000,0.000000,0,0.000000,0.000000,0.000000,0.000000,0,0.000000,0.000000,0.000000,0.000000,0,0.000000,0.000000,0.000000,0.000000,0,0.000000,0.000000,0.000000,0.000000,0,0.000000,0.000000,0.000000,0.000000,0,0.000000,0.000000,0.000000,0.000000,0,0.000000,0.000000,0.000000,0.000000,0,0.000000,0.000000,0.000000,0.000000,0,0.000000,0.000000,0.000000,0.000000,0,0.000000,0.000000,0.000000,0.000000,0,0.000000,0.000000,0.000000,0.000000
8906998043,INWARD_QUIET,0.000000,0.000000,0.000000,0.700000,0,,NO_MATCH: BASELINE_NOT_READY,1,96.153230,0.000000,0.000000,0.000000,1,33.940958,0.000000,0.000000,0.000000,0,0.000000,0.000000,0.000000,0.000000,0,0.000000,0.000000,0.000000,0.000000,0,0.000000,0.000000,0.000000,0.000000,0,0.000000,0.000000,0.000000,0.000000,0,0.000000,0.000000,0.000000,0.000000,0,0.000000,0.000000,0.000000,0.000000,0,0.000000,0.000000,0.000000,0.000000,0,0.000000,0.000000,0.000000,0.000000,0,0.000000,0.000000,0.000000,0.000000,0,0.000000,0.000000,0.000000,0.000000,0,0.000000,0.000000,0.000000,0.000000
8927310043,RESONANCE_0P1,0.650000,0.461566,0.300018,0.700000,0,LF主峰 0.059 Hz | 主峰/背景 4.85× | 0.075–0.11 Hz占LF+HF 33.0%,NO_MATCH: BASELINE_NOT_READY,1,86.207268,0.000000,0.000000,0.000000,1,31.966410,0.000000,0.000000,0.000000,1,3521.958647,0.000000,0.000000,0.000000,1,714.319156,0.000000,0.000000,0.000000,1,2362.322104,0.000000,0.000000,0.000000,1,358.176904,0.000000,0.000000,0.000000,1,86.834147,0.000000,0.000000,0.000000,1,13.165853,0.000000,0.000000,0.000000,1,6.595406,0.000000,0.000000,0.000000,1,0.067507,0.000000,0.000000,0.000000,1,0.329551,0.000000,0.000000,0.000000,1,0.058594,0.000000,0.000000,0.000000,1,4.853640,0.000000,0.000000,0.000000
8927310043,PHASED_VIPASSANA,0.650000,0.000000,0.000000,0.700000,0,,NO_MATCH: BASELINE_NOT_READY,1,86.207268,0.000000,0.000000,0.000000,1,31.966410,0.000000,0.000000,0.000000,1,3521.958647,0.000000,0.000000,0.000000,1,714.319156,0.000000,0.000000,0.000000,1,2362.322104,0.000000,0.000000,0.000000,1,358.176904,0.000000,0.000000,0.000000,1,86.834147,0.000000,0.000000,0.000000,1,13.165853,0.000000,0.000000,0.000000,1,6.595406,0.000000,0.000000,0.000000,1,0.067507,0.000000,0.000000,0.000000,1,0.329551,0.000000,0.000000,0.000000,1,0.058594,0.000000,0.000000,0.000000,1,4.853640,0.000000,0.000000,0.000000
8927310043,AROUSAL_MEDITATION,0.650000,0.000000,0.000000,0.700000,0,,NO_MATCH: BASELINE_NOT_READY,1,86.207268,0.000000,0.000000,0.000000,1,31.966410,0.000000,0.000000,0.000000,1,3521.958647,0.000000,0.000000,0.000000,1,714.319156,0.000000,0.000000,0.000000,1,2362.322104,0.000000,0.000000,0.000000,1,358.176904,0.000000,0.000000,0.000000,1,86.834147,0.000000,0.000000,0.000000,1,13.165853,0.000000,0.000000,0.000000,1,6.595406,0.000000,0.000000,0.000000,1,0.067507,0.000000,0.000000,0.000000,1,0.329551,0.000000,0.000000,0.000000,1,0.058594,0.000000,0.000000,0.000000,1,4.853640,0.000000,0.000000,0.000000
8927310043,TRAINED_VIPASSANA_SHIFT,0.650000,0.000000,0.000000,0.700000,0,,NO_MATCH: BASELINE_NOT_READY,1,86.207268,0.000000,0.000000,0.000000,1,31.966410,0.000000,0.000000,0.000000,1,3521.958647,0.000000,0.000000,0.000000,1,714.319156,0.000000,0.000000,0.000000,1,2362.322104,0.000000,0.000000,0.000000,1,358.176904,0.000000,0.000000,0.000000,1,86.834147,0.000000,0.000000,0.000000,1,13.165853,0.000000,0.000000,0.000000,1,6.595406,0.000000,0.000000,0.000000,1,0.067507,0.000000,0.000000,0.000000,1,0.329551,0.000000,0.000000,0.000000,1,0.058594,0.000000,0.000000,0.000000,1,4.853640,0.000000,0.000000,0.000000
8927310043,SLOW_RECOVERY_VLF,0.650000,0.000000,0.000000,0.700000,0,,NO_MATCH: BASELINE_NOT_READY,1,86.207268,0.000000,0.000000,0.000000,1,31.966410,0.000000,0.000000,0.000000,1,3521.958647,0.000000,0.000000,0.000000,1,714.319156,0.000000,0.000000,0.000000,1,2362.322104,0.000000,0.000000,0.000000,1,358.176904,0.000000,0.000000,0.000000,1,86.834147,0.000000,0.000000,0.000000,1,13.165853,0.000000,0.000000,0.000000,1,6.595406,0.000000,0.000000,0.000000,1,0.067507,0.000000,0.000000,0.000000,1,0.329551,0.000000,0.000000,0.000000,1,0.058594,0.000000,0.000000,0.000000,1,4.853640,0.000000,0.000000,0.000000
8927310043,INWARD_QUIET,0.650000,0.000000,0.000000,0.700000,0,,NO_MATCH: BASELINE_NOT_READY,1,86.207268,0.000000,0.000000,0.000000,1,31.966410,0.000000,0.000000,0.000000,1,3521.958647,0.000000,0.000000,0.000000,1,714.319156,0.000000,0.000000,0.000000,1,2362.322104,0.000000,0.000000,0.000000,1,358.176904,0.000000,0.000000,0.000000,1,86.834147,0.000000,0.000000,0.000000,1,13.165853,0.000000,0.000000,0.000000,1,6.595406,0.000000,0.000000,0.000000,1,0.067507,0.000000,0.000000,0.000000,1,0.329551,0.000000,0.000000,0.000000,1,0.058594,0.000000,0.000000,0.000000,1,4.853640,0.000000,0.000000,0.000000
8947990047,RESONANCE_0P1,0.650000,0.503652,0.327374,0.700000,0,LF主峰 0.059 Hz | 主峰/背景 6.68× | 0.075–0.11 Hz占LF+HF 36.6%,NO_MATCH: BASELINE_NOT_READY,1,81.521518,0.000000,0.000000,0.000000,1,28.334389,0.000000,0.000000,0.000000,1,4281.478514,0.000000,0.000000,0.000000,1,1005.047429,0.000000,0.000000,0.000000,1,2801.084274,0.000000,0.000000,0.000000,1,381.434070,0.000000,0.000000,0.000000,1,88.014709,0.000000,0.000000,0.000000,1,11.985291,0.000000,0.000000,0.000000,1,7.343561,0.000000,0.000000,0.000000,1,0.065849,0.000000,0.000000,0.000000,1,0.366354,0.000000,0.000000,0.000000,1,0.058594,0.000000,0.000000,0.000000,1,6.683351,0.000000,0.000000,0.000000
8947990047,PHASED_VIPASSANA,0.650000,0.000000,0.000000,0.700000,0,,NO_MATCH: BASELINE_NOT_READY,1,81.521518,0.000000,0.000000,0.000000,1,28.334389,0.000000,0.000000,0.000000,1,4281.478514,0.000000,0.000000,0.000000,1,1005.047429,0.000000,0.000000,0.000000,1,2801.084274,0.000000,0.000000,0.000000,1,381.434070,0.000000,0.000000,0.000000,1,88.014709,0.000000,0.000000,0.000000,1,11.985291,0.000000,0.000000,0.000000,1,7.343561,0.000000,0.000000,0.000000,1,0.065849,0.000000,0.000000,0.000000,1,0.366354,0.000000,0.000000,0.000000,1,0.058594,0.000000,0.000000,0.000000,1,6.683351,0.000000,0.000000,0.000000
8947990047,AROUSAL_MEDITATION,0.650000,0.000000,0.000000,0.700000,0,,NO_MATCH: BASELINE_NOT_READY,1,81.521518,0.000000,0.000000,0.000000,1,28.334389,0.000000,0.000000,0.000000,1,4281.478514,0.000000,0.000000,0.000000,1,1005.047429,0.000000,0.000000,0.000000,1,2801.084274,0.000000,0.000000,0.000000,1,381.434070,0.000000,0.000000,0.000000,1,88.014709,0.000000,0.000000,0.000000,1,11.985291,0.000000,0.000000,0.000000,1,7.343561,0.000000,0.000000,0.000000,1,0.065849,0.000000,0.000000,0.000000,1,0.366354,0.000000,0.000000,0.000000,1,0.058594,0.000000,0.000000,0.000000,1,6.683351,0.000000,0.000000,0.000000
8947990047,TRAINED_VIPASSANA_SHIFT,0.650000,0.000000,0.000000,0.700000,0,,NO_MATCH: BASELINE_NOT_READY,1,81.521518,0.000000,0.000000,0.000000,1,28.334389,0.000000,0.000000,0.000000,1,4281.478514,0.000000,0.000000,0.000000,1,1005.047429,0.000000,0.000000,0.000000,1,2801.084274,0.000000,0.000000,0.000000,1,381.434070,0.000000,0.000000,0.000000,1,88.014709,0.000000,0.000000,0.000000,1,11.985291,0.000000,0.000000,0.000000,1,7.343561,0.000000,0.000000,0.000000,1,0.065849,0.000000,0.000000,0.000000,1,0.366354,0.000000,0.000000,0.000000,1,0.058594,0.000000,0.000000,0.000000,1,6.683351,0.000000,0.000000,0.000000
8947990047,SLOW_RECOVERY_VLF,0.650000,0.000000,0.000000,0.700000,0,,NO_MATCH: BASELINE_NOT_READY,1,81.521518,0.000000,0.000000,0.000000,1,28.334389,0.000000,0.000000,0.000000,1,4281.478514,0.000000,0.000000,0.000000,1,1005.047429,0.000000,0.000000,0.000000,1,2801.084274,0.000000,0.000000,0.000000,1,381.434070,0.000000,0.000000,0.000000,1,88.014709,0.000000,0.000000,0.000000,1,11.985291,0.000000,0.000000,0.000000,1,7.343561,0.000000,0.000000,0.000000,1,0.065849,0.000000,0.000000,0.000000,1,0.366354,0.000000,0.000000,0.000000,1,0.058594,0.000000,0.000000,0.000000,1,6.683351,0.000000,0.000000,0.000000
8947990047,INWARD_QUIET,0.650000,0.000000,0.000000,0.700000,0,,NO_MATCH: BASELINE_NOT_READY,1,81.521518,0.000000,0.000000,0.000000,1,28.334389,0.000000,0.000000,0.000000,1,4281.478514,0.000000,0.000000,0.000000,1,1005.047429,0.000000,0.000000,0.000000,1,2801.084274,0.000000,0.000000,0.000000,1,381.434070,0.000000,0.000000,0.000000,1,88.014709,0.000000,0.000000,0.000000,1,11.985291,0.000000,0.000000,0.000000,1,7.343561,0.000000,0.000000,0.000000,1,0.065849,0.000000,0.000000,0.000000,1,0.366354,0.000000,0.000000,0.000000,1,0.058594,0.000000,0.000000,0.000000,1,6.683351,0.000000,0.000000,0.000000
8968326044,RESONANCE_0P1,0.650000,0.792576,0.515174,0.700000,1,LF主峰 0.098 Hz | 主峰/背景 8.58× | 0.075–0.11 Hz占LF+HF 38.3% | 近期主峰频率跨度 0.031 Hz,NO_MATCH: SCORE_BELOW_THRESHOLD 0.52 < 0.70,1,75.000000,77.319189,15.352069,-0.151067,1,27.495883,3.524622,0.120000,-1.754885,1,4752.718845,0.000000,0.000000,0.000000,1,1219.308837,0.000000,0.000000,0.000000,1,2993.374915,0.000000,0.000000,0.000000,1,418.979180,0.000000,0.000000,0.000000,1,87.721697,0.000000,0.000000,0.000000,1,12.278303,0.000000,0.000000,0.000000,1,7.144448,0.000000,0.000000,0.000000,1,0.069817,0.000000,0.000000,0.000000,1,0.382502,0.000000,0.000000,0.000000,1,0.097656,0.000000,0.000000,0.000000,1,8.579624,0.000000,0.000000,0.000000
8968326044,SLOW_RECOVERY_VLF,0.650000,0.523077,0.340000,0.700000,1,HF当前 z*=+0.00 | LF/HF当前 z*=+0.00 | VLF当前 z*=+0.00 | 前序激活证据=0.00,NO_MATCH: SCORE_BELOW_THRESHOLD 0.34 < 0.70,1,75.000000,77.319189,15.352069,-0.151067,1,27.495883,3.524622,0.120000,-1.754885,1,4752.718845,0.000000,0.000000,0.000000,1,1219.308837,0.000000,0.000000,0.000000,1,2993.374915,0.000000,0.000000,0.000000,1,418.979180,0.000000,0.000000,0.000000,1,87.721697,0.000000,0.000000,0.000000,1,12.278303,0.000000,0.000000,0.000000,1,7.144448,0.000000,0.000000,0.000000,1,0.069817,0.000000,0.000000,0.000000,1,0.382502,0.000000,0.000000,0.000000,1,0.097656,0.000000,0.000000,0.000000,1,8.579624,0.000000,0.000000,0.000000
8968326044,AROUSAL_MEDITATION,0.650000,0.239736,0.155828,0.700000,1,HF z*=+0.00 | HR z*=-0.15 | RMSSD z*=-1.75,NO_MATCH: SCORE_BELOW_THRESHOLD 0.16 < 0.70,1,75.000000,77.319189,15.352069,-0.151067,1,27.495883,3.524622,0.120000,-1.754885,1,4752.718845,0.000000,0.000000,0.000000,1,1219.308837,0.000000,0.000000,0.000000,1,2993.374915,0.000000,0.000000,0.000000,1,418.979180,0.000000,0.000000,0.000000,1,87.721697,0.000000,0.000000,0.000000,1,12.278303,0.000000,0.000000,0.000000,1,7.144448,0.000000,0.000000,0.000000,1,0.069817,0.000000,0.000000,0.000000,1,0.382502,0.000000,0.000000,0.000000,1,0.097656,0.000000,0.000000,0.000000,1,8.579624,0.000000,0.000000,0.000000
8968326044,PHASED_VIPASSANA,0.650000,0.000000,0.000000,0.700000,1,,NO_MATCH: SCORE_BELOW_THRESHOLD 0.00 < 0.70,1,75.000000,77.319189,15.352069,-0.151067,1,27.495883,3.524622,0.120000,-1.754885,1,4752.718845,0.000000,0.000000,0.000000,1,1219.308837,0.000000,0.000000,0.000000,1,2993.374915,0.000000,0.000000,0.000000,1,418.979180,0.000000,0.000000,0.000000,1,87.721697,0.000000,0.000000,0.000000,1,12.278303,0.000000,0.000000,0.000000,1,7.144448,0.000000,0.000000,0.000000,1,0.069817,0.000000,0.000000,0.000000,1,0.382502,0.000000,0.000000,0.000000,1,0.097656,0.000000,0.000000,0.000000,1,8.579624,0.000000,0.000000,0.000000
8968326044,TRAINED_VIPASSANA_SHIFT,0.650000,0.000000,0.000000,0.700000,1,HFnu z*=+0.00 | 0.06–0.10 Hz THM z*=+0.00 | LF z*=+0.00,NO_MATCH: SCORE_BELOW_THRESHOLD 0.00 < 0.70,1,75.000000,77.319189,15.352069,-0.151067,1,27.495883,3.524622,0.120000,-1.754885,1,4752.718845,0.000000,0.000000,0.000000,1,1219.308837,0.000000,0.000000,0.000000,1,2993.374915,0.000000,0.000000,0.000000,1,418.979180,0.000000,0.000000,0.000000,1,87.721697,0.000000,0.000000,0.000000,1,12.278303,0.000000,0.000000,0.000000,1,7.144448,0.000000,0.000000,0.000000,1,0.069817,0.000000,0.000000,0.000000,1,0.382502,0.000000,0.000000,0.000000,1,0.097656,0.000000,0.000000,0.000000,1,8.579624,0.000000,0.000000,0.000000
8968326044,INWARD_QUIET,0.650000,0.000000,0.000000,0.700000,1,HF z*=+0.00 | RMSSD z*=-1.75 | HR z*=-0.15 | LF/HF z*=+0.00,NO_MATCH: SCORE_BELOW_THRESHOLD 0.00 < 0.70,1,75.000000,77.319189,15.352069,-0.151067,1,27.495883,3.524622,0.120000,-1.754885,1,4752.718845,0.000000,0.000000,0.000000,1,1219.308837,0.000000,0.000000,0.000000,1,2993.374915,0.000000,0.000000,0.000000,1,418.979180,0.000000,0.000000,0.000000,1,87.721697,0.000000,0.000000,0.000000,1,12.278303,0.000000,0.000000,0.000000,1,7.144448,0.000000,0.000000,0.000000,1,0.069817,0.000000,0.000000,0.000000,1,0.382502,0.000000,0.000000,0.000000,1,0.097656,0.000000,0.000000,0.000000,1,8.579624,0.000000,0.000000,0.000000
8988606044,RESONANCE_0P1,0.650000,0.780110,0.507072,0.700000,1,LF主峰 0.098 Hz | 主峰/背景 7.53× | 0.075–0.11 Hz占LF+HF 37.8% | 近期主峰频率跨度 0.039 Hz,NO_MATCH: SCORE_BELOW_THRESHOLD 0.51 < 0.70,1,72.815534,77.319189,15.352069,-0.293358,1,29.568018,3.524622,0.120000,-1.149410,1,5143.972294,0.000000,0.000000,0.000000,1,1653.984190,0.000000,0.000000,0.000000,1,2903.169469,0.000000,0.000000,0.000000,1,442.719641,0.000000,0.000000,0.000000,1,86.768251,0.000000,0.000000,0.000000,1,13.231749,0.000000,0.000000,0.000000,1,6.557580,0.000000,0.000000,0.000000,1,0.064199,0.000000,0.000000,0.000000,1,0.377862,0.000000,0.000000,0.000000,1,0.097656,0.000000,0.000000,0.000000,1,7.532415,0.000000,0.000000,0.000000
8988606044,SLOW_RECOVERY_VLF,0.650000,0.523077,0.340000,0.700000,1,HF当前 z*=+0.00 | LF/HF当前 z*=+0.00 | VLF当前 z*=+0.00 | 前序激活证据=0.00,NO_MATCH: SCORE_BELOW_THRESHOLD 0.34 < 0.70,1,72.815534,77.319189,15.352069,-0.293358,1,29.568018,3.524622,0.120000,-1.149410,1,5143.972294,0.000000,0.000000,0.000000,1,1653.984190,0.000000,0.000000,0.000000,1,2903.169469,0.000000,0.000000,0.000000,1,442.719641,0.000000,0.000000,0.000000,1,86.768251,0.000000,0.000000,0.000000,1,13.231749,0.000000,0.000000,0.000000,1,6.557580,0.000000,0.000000,0.000000,1,0.064199,0.000000,0.000000,0.000000,1,0.377862,0.000000,0.000000,0.000000,1,0.097656,0.000000,0.000000,0.000000,1,7.532415,0.000000,0.000000,0.000000
8988606044,AROUSAL_MEDITATION,0.650000,0.209231,0.136000,0.700000,1,HF z*=+0.00 | HR z*=-0.29 | RMSSD z*=-1.15,NO_MATCH: SCORE_BELOW_THRESHOLD 0.14 < 0.70,1,72.815534,77.319189,15.352069,-0.293358,1,29.568018,3.524622,0.120000,-1.149410,1,5143.972294,0.000000,0.000000,0.000000,1,1653.984190,0.000000,0.000000,0.000000,1,2903.169469,0.000000,0.000000,0.000000,1,442.719641,0.000000,0.000000,0.000000,1,86.768251,0.000000,0.000000,0.000000,1,13.231749,0.000000,0.000000,0.000000,1,6.557580,0.000000,0.000000,0.000000,1,0.064199,0.000000,0.000000,0.000000,1,0.377862,0.000000,0.000000,0.000000,1,0.097656,0.000000,0.000000,0.000000,1,7.532415,0.000000,0.000000,0.000000
8988606044,PHASED_VIPASSANA,0.650000,0.000000,0.000000,0.700000,1,,NO_MATCH: SCORE_BELOW_THRESHOLD 0.00 < 0.70,1,72.815534,77.319189,15.352069,-0.293358,1,29.568018,3.524622,0.120000,-1.149410,1,5143.972294,0.000000,0.000000,0.000000,1,1653.984190,0.000000,0.000000,0.000000,1,2903.169469,0.000000,0.000000,0.000000,1,442.719641,0.000000,0.000000,0.000000,1,86.768251,0.000000,0.000000,0.000000,1,13.231749,0.000000,0.000000,0.000000,1,6.557580,0.000000,0.000000,0.000000,1,0.064199,0.000000,0.000000,0.000000,1,0.377862,0.000000,0.000000,0.000000,1,0.097656,0.000000,0.000000,0.000000,1,7.532415,0.000000,0.000000,0.000000
8988606044,TRAINED_VIPASSANA_SHIFT,0.650000,0.000000,0.000000,0.700000,1,HFnu z*=+0.00 | 0.06–0.10 Hz THM z*=+0.00 | LF z*=+0.00,NO_MATCH: SCORE_BELOW_THRESHOLD 0.00 < 0.70,1,72.815534,77.319189,15.352069,-0.293358,1,29.568018,3.524622,0.120000,-1.149410,1,5143.972294,0.000000,0.000000,0.000000,1,1653.984190,0.000000,0.000000,0.000000,1,2903.169469,0.000000,0.000000,0.000000,1,442.719641,0.000000,0.000000,0.000000,1,86.768251,0.000000,0.000000,0.000000,1,13.231749,0.000000,0.000000,0.000000,1,6.557580,0.000000,0.000000,0.000000,1,0.064199,0.000000,0.000000,0.000000,1,0.377862,0.000000,0.000000,0.000000,1,0.097656,0.000000,0.000000,0.000000,1,7.532415,0.000000,0.000000,0.000000
8988606044,INWARD_QUIET,0.650000,0.000000,0.000000,0.700000,1,HF z*=+0.00 | RMSSD z*=-1.15 | HR z*=-0.29 | LF/HF z*=+0.00,NO_MATCH: SCORE_BELOW_THRESHOLD 0.00 < 0.70,1,72.815534,77.319189,15.352069,-0.293358,1,29.568018,3.524622,0.120000,-1.149410,1,5143.972294,0.000000,0.000000,0.000000,1,1653.984190,0.000000,0.000000,0.000000,1,2903.169469,0.000000,0.000000,0.000000,1,442.719641,0.000000,0.000000,0.000000,1,86.768251,0.000000,0.000000,0.000000,1,13.231749,0.000000,0.000000,0.000000,1,6.557580,0.000000,0.000000,0.000000,1,0.064199,0.000000,0.000000,0.000000,1,0.377862,0.000000,0.000000,0.000000,1,0.097656,0.000000,0.000000,0.000000,1,7.532415,0.000000,0.000000,0.000000
9008750047,RESONANCE_0P1,0.650000,0.744715,0.484065,0.700000,1,LF主峰 0.102 Hz | 主峰/背景 7.37× | 0.075–0.11 Hz占LF+HF 35.9% | 近期主峰频率跨度 0.041 Hz,NO_MATCH: SCORE_BELOW_THRESHOLD 0.48 < 0.70,1,78.124593,77.319189,15.352069,0.052462,1,29.587116,3.524622,0.120000,-1.144029,1,5828.428107,0.000000,0.000000,0.000000,1,2621.253457,0.000000,0.000000,0.000000,1,2629.415902,0.000000,0.000000,0.000000,1,432.171771,0.000000,0.000000,0.000000,1,85.884064,0.000000,0.000000,0.000000,1,14.115936,0.000000,0.000000,0.000000,1,6.084192,0.000000,0.000000,0.000000,1,0.051820,0.000000,0.000000,0.000000,1,0.358611,0.000000,0.000000,0.000000,1,0.101562,0.000000,0.000000,0.000000,1,7.368891,0.000000,0.000000,0.000000
9008750047,SLOW_RECOVERY_VLF,0.650000,0.523077,0.340000,0.700000,1,HF当前 z*=+0.00 | LF/HF当前 z*=+0.00 | VLF当前 z*=+0.00 | 前序激活证据=0.00,NO_MATCH: SCORE_BELOW_THRESHOLD 0.34 < 0.70,1,78.124593,77.319189,15.352069,0.052462,1,29.587116,3.524622,0.120000,-1.144029,1,5828.428107,0.000000,0.000000,0.000000,1,2621.253457,0.000000,0.000000,0.000000,1,2629.415902,0.000000,0.000000,0.000000,1,432.171771,0.000000,0.000000,0.000000,1,85.884064,0.000000,0.000000,0.000000,1,14.115936,0.000000,0.000000,0.000000,1,6.084192,0.000000,0.000000,0.000000,1,0.051820,0.000000,0.000000,0.000000,1,0.358611,0.000000,0.000000,0.000000,1,0.101562,0.000000,0.000000,0.000000,1,7.368891,0.000000,0.000000,0.000000
9008750047,AROUSAL_MEDITATION,0.650000,0.302492,0.196620,0.700000,1,HF z*=+0.00 | HR z*=+0.05 | RMSSD z*=-1.14,NO_MATCH: SCORE_BELOW_THRESHOLD 0.20 < 0.70,1,78.124593,77.319189,15.352069,0.052462,1,29.587116,3.524622,0.120000,-1.144029,1,5828.428107,0.000000,0.000000,0.000000,1,2621.253457,0.000000,0.000000,0.000000,1,2629.415902,0.000000,0.000000,0.000000,1,432.171771,0.000000,0.000000,0.000000,1,85.884064,0.000000,0.000000,0.000000,1,14.115936,0.000000,0.000000,0.000000,1,6.084192,0.000000,0.000000,0.000000,1,0.051820,0.000000,0.000000,0.000000,1,0.358611,0.000000,0.000000,0.000000,1,0.101562,0.000000,0.000000,0.000000,1,7.368891,0.000000,0.000000,0.000000
9008750047,PHASED_VIPASSANA,0.650000,0.000000,0.000000,0.700000,1,,NO_MATCH: SCORE_BELOW_THRESHOLD 0.00 < 0.70,1,78.124593,77.319189,15.352069,0.052462,1,29.587116,3.524622,0.120000,-1.144029,1,5828.428107,0.000000,0.000000,0.000000,1,2621.253457,0.000000,0.000000,0.000000,1,2629.415902,0.000000,0.000000,0.000000,1,432.171771,0.000000,0.000000,0.000000,1,85.884064,0.000000,0.000000,0.000000,1,14.115936,0.000000,0.000000,0.000000,1,6.084192,0.000000,0.000000,0.000000,1,0.051820,0.000000,0.000000,0.000000,1,0.358611,0.000000,0.000000,0.000000,1,0.101562,0.000000,0.000000,0.000000,1,7.368891,0.000000,0.000000,0.000000
9008750047,TRAINED_VIPASSANA_SHIFT,0.650000,0.000000,0.000000,0.700000,1,HFnu z*=+0.00 | 0.06–0.10 Hz THM z*=+0.00 | LF z*=+0.00,NO_MATCH: SCORE_BELOW_THRESHOLD 0.00 < 0.70,1,78.124593,77.319189,15.352069,0.052462,1,29.587116,3.524622,0.120000,-1.144029,1,5828.428107,0.000000,0.000000,0.000000,1,2621.253457,0.000000,0.000000,0.000000,1,2629.415902,0.000000,0.000000,0.000000,1,432.171771,0.000000,0.000000,0.000000,1,85.884064,0.000000,0.000000,0.000000,1,14.115936,0.000000,0.000000,0.000000,1,6.084192,0.000000,0.000000,0.000000,1,0.051820,0.000000,0.000000,0.000000,1,0.358611,0.000000,0.000000,0.000000,1,0.101562,0.000000,0.000000,0.000000,1,7.368891,0.000000,0.000000,0.000000
9008750047,INWARD_QUIET,0.650000,0.000000,0.000000,0.700000,1,HF z*=+0.00 | RMSSD z*=-1.14 | HR z*=+0.05 | LF/HF z*=+0.00,NO_MATCH: SCORE_BELOW_THRESHOLD 0.00 < 0.70,1,78.124593,77.319189,15.352069,0.052462,1,29.587116,3.524622,0.120000,-1.144029,1,5828.428107,0.000000,0.000000,0.000000,1,2621.253457,0.000000,0.000000,0.000000,1,2629.415902,0.000000,0.000000,0.000000,1,432.171771,0.000000,0.000000,0.000000,1,85.884064,0.000000,0.000000,0.000000,1,14.115936,0.000000,0.000000,0.000000,1,6.084192,0.000000,0.000000,0.000000,1,0.051820,0.000000,0.000000,0.000000,1,0.358611,0.000000,0.000000,0.000000,1,0.101562,0.000000,0.000000,0.000000,1,7.368891,0.000000,0.000000,0.000000
9028822047,RESONANCE_0P1,1.000000,0.718390,0.718390,0.700000,1,LF主峰 0.102 Hz | 主峰/背景 8.24× | 0.075–0.11 Hz占LF+HF 33.1% | 近期主峰频率跨度 0.027 Hz,,1,73.529322,77.319189,15.352069,-0.246864,1,32.935561,3.524622,0.120000,-0.250579,1,6951.675383,0.000000,0.000000,0.000000,1,4137.296720,0.000000,0.000000,0.000000,1,2299.857635,0.000000,0.000000,0.000000,1,387.066247,0.000000,0.000000,0.000000,1,85.594447,0.000000,0.000000,0.000000,1,14.405553,0.000000,0.000000,0.000000,1,5.941767,0.000000,0.000000,0.000000,1,0.028312,0.000000,0.000000,0.000000,1,0.331392,0.000000,0.000000,0.000000,1,0.101562,0.000000,0.000000,0.000000,1,8.243510,0.000000,0.000000,0.000000
9028822047,SLOW_RECOVERY_VLF,1.000000,0.500000,0.500000,0.700000,1,HF当前 z*=+0.00 | LF/HF当前 z*=+0.00 | VLF当前 z*=+0.00 | 前序激活证据=0.00,NO_MATCH: SCORE_BELOW_THRESHOLD 0.50 < 0.70,1,73.529322,77.319189,15.352069,-0.246864,1,32.935561,3.524622,0.120000,-0.250579,1,6951.675383,0.000000,0.000000,0.000000,1,4137.296720,0.000000,0.000000,0.000000,1,2299.857635,0.000000,0.000000,0.000000,1,387.066247,0.000000,0.000000,0.000000,1,85.594447,0.000000,0.000000,0.000000,1,14.405553,0.000000,0.000000,0.000000,1,5.941767,0.000000,0.000000,0.000000,1,0.028312,0.000000,0.000000,0.000000,1,0.331392,0.000000,0.000000,0.000000,1,0.101562,0.000000,0.000000,0.000000,1,8.243510,0.000000,0.000000,0.000000
9028822047,AROUSAL_MEDITATION,1.000000,0.091939,0.091939,0.700000,1,HF z*=+0.00 | HR z*=-0.25 | RMSSD z*=-0.25,NO_MATCH: SCORE_BELOW_THRESHOLD 0.09 < 0.70,1,73.529322,77.319189,15.352069,-0.246864,1,32.935561,3.524622,0.120000,-0.250579,1,6951.675383,0.000000,0.000000,0.000000,1,4137.296720,0.000000,0.000000,0.000000,1,2299.857635,0.000000,0.000000,0.000000,1,387.066247,0.000000,0.000000,0.000000,1,85.594447,0.000000,0.000000,0.000000,1,14.405553,0.000000,0.000000,0.000000,1,5.941767,0.000000,0.000000,0.000000,1,0.028312,0.000000,0.000000,0.000000,1,0.331392,0.000000,0.000000,0.000000,1,0.101562,0.000000,0.000000,0.000000,1,8.243510,0.000000,0.000000,0.000000
9028822047,PHASED_VIPASSANA,1.000000,0.000000,0.000000,0.700000,1,,NO_MATCH: SCORE_BELOW_THRESHOLD 0.00 < 0.70,1,73.529322,77.319189,15.352069,-0.246864,1,32.935561,3.524622,0.120000,-0.250579,1,6951.675383,0.000000,0.000000,0.000000,1,4137.296720,0.000000,0.000000,0.000000,1,2299.857635,0.000000,0.000000,0.000000,1,387.066247,0.000000,0.000000,0.000000,1,85.594447,0.000000,0.000000,0.000000,1,14.405553,0.000000,0.000000,0.000000,1,5.941767,0.000000,0.000000,0.000000,1,0.028312,0.000000,0.000000,0.000000,1,0.331392,0.000000,0.000000,0.000000,1,0.101562,0.000000,0.000000,0.000000,1,8.243510,0.000000,0.000000,0.000000
9028822047,TRAINED_VIPASSANA_SHIFT,1.000000,0.000000,0.000000,0.700000,1,HFnu z*=+0.00 | 0.06–0.10 Hz THM z*=+0.00 | LF z*=+0.00,NO_MATCH: SCORE_BELOW_THRESHOLD 0.00 < 0.70,1,73.529322,77.319189,15.352069,-0.246864,1,32.935561,3.524622,0.120000,-0.250579,1,6951.675383,0.000000,0.000000,0.000000,1,4137.296720,0.000000,0.000000,0.000000,1,2299.857635,0.000000,0.000000,0.000000,1,387.066247,0.000000,0.000000,0.000000,1,85.594447,0.000000,0.000000,0.000000,1,14.405553,0.000000,0.000000,0.000000,1,5.941767,0.000000,0.000000,0.000000,1,0.028312,0.000000,0.000000,0.000000,1,0.331392,0.000000,0.000000,0.000000,1,0.101562,0.000000,0.000000,0.000000,1,8.243510,0.000000,0.000000,0.000000
9028822047,INWARD_QUIET,1.000000,0.000000,0.000000,0.700000,1,HF z*=+0.00 | RMSSD z*=-0.25 | HR z*=-0.25 | LF/HF z*=+0.00,NO_MATCH: SCORE_BELOW_THRESHOLD 0.00 < 0.70,1,73.529322,77.319189,15.352069,-0.246864,1,32.935561,3.524622,0.120000,-0.250579,1,6951.675383,0.000000,0.000000,0.000000,1,4137.296720,0.000000,0.000000,0.000000,1,2299.857635,0.000000,0.000000,0.000000,1,387.066247,0.000000,0.000000,0.000000,1,85.594447,0.000000,0.000000,0.000000,1,14.405553,0.000000,0.000000,0.000000,1,5.941767,0.000000,0.000000,0.000000,1,0.028312,0.000000,0.000000,0.000000,1,0.331392,0.000000,0.000000,0.000000,1,0.101562,0.000000,0.000000,0.000000,1,8.243510,0.000000,0.000000,0.000000
9049062043,RESONANCE_0P1,0.650000,0.558041,0.362727,0.700000,1,LF主峰 0.070 Hz | 主峰/背景 6.78× | 0.075–0.11 Hz占LF+HF 30.2% | 近期主峰频率跨度 0.020 Hz,NO_MATCH: SCORE_BELOW_THRESHOLD 0.36 < 0.70,1,86.206897,77.319189,15.352069,0.578926,1,36.586262,3.524622,0.120000,0.625420,1,8084.088712,0.000000,0.000000,0.000000,1,5658.921905,0.000000,0.000000,0.000000,1,1996.988949,0.000000,0.000000,0.000000,1,326.962639,0.000000,0.000000,0.000000,1,85.930747,0.000000,0.000000,0.000000,1,14.069253,0.000000,0.000000,0.000000,1,6.107698,0.000000,0.000000,0.000000,1,0.018307,0.000000,0.000000,0.000000,1,0.301804,0.000000,0.000000,0.000000,1,0.070312,0.000000,0.000000,0.000000,1,6.778104,0.000000,0.000000,0.000000
9049062043,SLOW_RECOVERY_VLF,0.650000,0.496102,0.322466,0.700000,1,HF当前 z*=+0.00 | LF/HF当前 z*=+0.00 | VLF当前 z*=+0.00 | 前序激活证据=0.00,NO_MATCH: SCORE_BELOW_THRESHOLD 0.32 < 0.70,1,86.206897,77.319189,15.352069,0.578926,1,36.586262,3.524622,0.120000,0.625420,1,8084.088712,0.000000,0.000000,0.000000,1,5658.921905,0.000000,0.000000,0.000000,1,1996.988949,0.000000,0.000000,0.000000,1,326.962639,0.000000,0.000000,0.000000,1,85.930747,0.000000,0.000000,0.000000,1,14.069253,0.000000,0.000000,0.000000,1,6.107698,0.000000,0.000000,0.000000,1,0.018307,0.000000,0.000000,0.000000,1,0.301804,0.000000,0.000000,0.000000,1,0.070312,0.000000,0.000000,0.000000,1,6.778104,0.000000,0.000000,0.000000
9049062043,AROUSAL_MEDITATION,0.650000,0.255591,0.166134,0.700000,1,HF z*=+0.00 | HR z*=+0.58 | RMSSD z*=+0.63,NO_MATCH: SCORE_BELOW_THRESHOLD 0.17 < 0.70,1,86.206897,77.319189,15.352069,0.578926,1,36.586262,3.524622,0.120000,0.625420,1,8084.088712,0.000000,0.000000,0.000000,1,5658.921905,0.000000,0.000000,0.000000,1,1996.988949,0.000000,0.000000,0.000000,1,326.962639,0.000000,0.000000,0.000000,1,85.930747,0.000000,0.000000,0.000000,1,14.069253,0.000000,0.000000,0.000000,1,6.107698,0.000000,0.000000,0.000000,1,0.018307,0.000000,0.000000,0.000000,1,0.301804,0.000000,0.000000,0.000000,1,0.070312,0.000000,0.000000,0.000000,1,6.778104,0.000000,0.000000,0.000000
9049062043,INWARD_QUIET,0.650000,0.088134,0.057287,0.700000,1,HF z*=+0.00 | RMSSD z*=+0.63 | HR z*=+0.58 | LF/HF z*=+0.00,NO_MATCH: SCORE_BELOW_THRESHOLD 0.06 < 0.70,1,86.206897,77.319189,15.352069,0.578926,1,36.586262,3.524622,0.120000,0.625420,1,8084.088712,0.000000,0.000000,0.000000,1,5658.921905,0.000000,0.000000,0.000000,1,1996.988949,0.000000,0.000000,0.000000,1,326.962639,0.000000,0.000000,0.000000,1,85.930747,0.000000,0.000000,0.000000,1,14.069253,0.000000,0.000000,0.000000,1,6.107698,0.000000,0.000000,0.000000,1,0.018307,0.000000,0.000000,0.000000,1,0.301804,0.000000,0.000000,0.000000,1,0.070312,0.000000,0.000000,0.000000,1,6.778104,0.000000,0.000000,0.000000
9049062043,PHASED_VIPASSANA,0.650000,0.000000,0.000000,0.700000,1,,NO_MATCH: SCORE_BELOW_THRESHOLD 0.00 < 0.70,1,86.206897,77.319189,15.352069,0.578926,1,36.586262,3.524622,0.120000,0.625420,1,8084.088712,0.000000,0.000000,0.000000,1,5658.921905,0.000000,0.000000,0.000000,1,1996.988949,0.000000,0.000000,0.000000,1,326.962639,0.000000,0.000000,0.000000,1,85.930747,0.000000,0.000000,0.000000,1,14.069253,0.000000,0.000000,0.000000,1,6.107698,0.000000,0.000000,0.000000,1,0.018307,0.000000,0.000000,0.000000,1,0.301804,0.000000,0.000000,0.000000,1,0.070312,0.000000,0.000000,0.000000,1,6.778104,0.000000,0.000000,0.000000
9049062043,TRAINED_VIPASSANA_SHIFT,0.650000,0.000000,0.000000,0.700000,1,HFnu z*=+0.00 | 0.06–0.10 Hz THM z*=+0.00 | LF z*=+0.00,NO_MATCH: SCORE_BELOW_THRESHOLD 0.00 < 0.70,1,86.206897,77.319189,15.352069,0.578926,1,36.586262,3.524622,0.120000,0.625420,1,8084.088712,0.000000,0.000000,0.000000,1,5658.921905,0.000000,0.000000,0.000000,1,1996.988949,0.000000,0.000000,0.000000,1,326.962639,0.000000,0.000000,0.000000,1,85.930747,0.000000,0.000000,0.000000,1,14.069253,0.000000,0.000000,0.000000,1,6.107698,0.000000,0.000000,0.000000,1,0.018307,0.000000,0.000000,0.000000,1,0.301804,0.000000,0.000000,0.000000,1,0.070312,0.000000,0.000000,0.000000,1,6.778104,0.000000,0.000000,0.000000
9069326047,SLOW_RECOVERY_VLF,0.650000,0.523077,0.340000,0.700000,1,HF当前 z*=+0.00 | LF/HF当前 z*=+0.00 | VLF当前 z*=+0.00 | 前序激活证据=0.00,NO_MATCH: SCORE_BELOW_THRESHOLD 0.34 < 0.70,1,82.418035,77.319189,15.352069,0.332128,1,26.736099,3.524622,0.120000,-1.988398,1,8498.064272,0.000000,0.000000,0.000000,1,6420.021134,0.000000,0.000000,0.000000,1,1722.731079,0.000000,0.000000,0.000000,1,278.622208,0.000000,0.000000,0.000000,1,86.078310,0.000000,0.000000,0.000000,1,13.921690,0.000000,0.000000,0.000000,1,6.183036,0.000000,0.000000,0.000000,1,0.015358,0.000000,0.000000,0.000000,1,0.268199,0.000000,0.000000,0.000000,1,0.070312,0.000000,0.000000,0.000000,1,7.685719,0.000000,0.000000,0.000000
9069326047,RESONANCE_0P1,0.650000,0.476485,0.309715,0.700000,1,LF主峰 0.070 Hz | 主峰/背景 7.69× | 0.075–0.11 Hz占LF+HF 26.8% | 近期主峰频率跨度 0.031 Hz,NO_MATCH: SCORE_BELOW_THRESHOLD 0.31 < 0.70,1,82.418035,77.319189,15.352069,0.332128,1,26.736099,3.524622,0.120000,-1.988398,1,8498.064272,0.000000,0.000000,0.000000,1,6420.021134,0.000000,0.000000,0.000000,1,1722.731079,0.000000,0.000000,0.000000,1,278.622208,0.000000,0.000000,0.000000,1,86.078310,0.000000,0.000000,0.000000,1,13.921690,0.000000,0.000000,0.000000,1,6.183036,0.000000,0.000000,0.000000,1,0.015358,0.000000,0.000000,0.000000,1,0.268199,0.000000,0.000000,0.000000,1,0.070312,0.000000,0.000000,0.000000,1,7.685719,0.000000,0.000000,0.000000
9069326047,AROUSAL_MEDITATION,0.650000,0.388724,0.252671,0.700000,1,HF z*=+0.00 | HR z*=+0.33 | RMSSD z*=-1.99,NO_MATCH: SCORE_BELOW_THRESHOLD 0.25 < 0.70,1,82.418035,77.319189,15.352069,0.332128,1,26.736099,3.524622,0.120000,-1.988398,1,8498.064272,0.000000,0.000000,0.000000,1,6420.021134,0.000000,0.000000,0.000000,1,1722.731079,0.000000,0.000000,0.000000,1,278.622208,0.000000,0.000000,0.000000,1,86.078310,0.000000,0.000000,0.000000,1,13.921690,0.000000,0.000000,0.000000,1,6.183036,0.000000,0.000000,0.000000,1,0.015358,0.000000,0.000000,0.000000,1,0.268199,0.000000,0.000000,0.000000,1,0.070312,0.000000,0.000000,0.000000,1,7.685719,0.000000,0.000000,0.000000
9069326047,PHASED_VIPASSANA,0.650000,0.000000,0.000000,0.700000,1,,NO_MATCH: SCORE_BELOW_THRESHOLD 0.00 < 0.70,1,82.418035,77.319189,15.352069,0.332128,1,26.736099,3.524622,0.120000,-1.988398,1,8498.064272,0.000000,0.000000,0.000000,1,6420.021134,0.000000,0.000000,0.000000,1,1722.731079,0.000000,0.000000,0.000000,1,278.622208,0.000000,0.000000,0.000000,1,86.078310,0.000000,0.000000,0.000000,1,13.921690,0.000000,0.000000,0.000000,1,6.183036,0.000000,0.000000,0.000000,1,0.015358,0.000000,0.000000,0.000000,1,0.268199,0.000000,0.000000,0.000000,1,0.070312,0.000000,0.000000,0.000000,1,7.685719,0.000000,0.000000,0.000000
9069326047,TRAINED_VIPASSANA_SHIFT,0.650000,0.000000,0.000000,0.700000,1,HFnu z*=+0.00 | 0.06–0.10 Hz THM z*=+0.00 | LF z*=+0.00,NO_MATCH: SCORE_BELOW_THRESHOLD 0.00 < 0.70,1,82.418035,77.319189,15.352069,0.332128,1,26.736099,3.524622,0.120000,-1.988398,1,8498.064272,0.000000,0.000000,0.000000,1,6420.021134,0.000000,0.000000,0.000000,1,1722.731079,0.000000,0.000000,0.000000,1,278.622208,0.000000,0.000000,0.000000,1,86.078310,0.000000,0.000000,0.000000,1,13.921690,0.000000,0.000000,0.000000,1,6.183036,0.000000,0.000000,0.000000,1,0.015358,0.000000,0.000000,0.000000,1,0.268199,0.000000,0.000000,0.000000,1,0.070312,0.000000,0.000000,0.000000,1,7.685719,0.000000,0.000000,0.000000
9069326047,INWARD_QUIET,0.650000,0.000000,0.000000,0.700000,1,HF z*=+0.00 | RMSSD z*=-1.99 | HR z*=+0.33 | LF/HF z*=+0.00,NO_MATCH: SCORE_BELOW_THRESHOLD 0.00 < 0.70,1,82.418035,77.319189,15.352069,0.332128,1,26.736099,3.524622,0.120000,-1.988398,1,8498.064272,0.000000,0.000000,0.000000,1,6420.021134,0.000000,0.000000,0.000000,1,1722.731079,0.000000,0.000000,0.000000,1,278.622208,0.000000,0.000000,0.000000,1,86.078310,0.000000,0.000000,0.000000,1,13.921690,0.000000,0.000000,0.000000,1,6.183036,0.000000,0.000000,0.000000,1,0.015358,0.000000,0.000000,0.000000,1,0.268199,0.000000,0.000000,0.000000,1,0.070312,0.000000,0.000000,0.000000,1,7.685719,0.000000,0.000000,0.000000
9089782046,AROUSAL_MEDITATION,0.650000,0.502154,0.326400,0.700000,1,HF z*=+0.00 | HR z*=+1.81 | RMSSD z*=-3.07,NO_MATCH: SCORE_BELOW_THRESHOLD 0.33 < 0.70,1,89.285714,75.424255,7.676034,1.805810,1,23.125538,3.509588,0.120000,-3.072085,1,7905.232412,0.000000,0.000000,0.000000,1,6113.256840,0.000000,0.000000,0.000000,1,1480.528753,0.000000,0.000000,0.000000,1,256.306043,0.000000,0.000000,0.000000,1,85.242923,0.000000,0.000000,0.000000,1,14.757077,0.000000,0.000000,0.000000,1,5.776410,0.000000,0.000000,0.000000,1,0.014304,0.000000,0.000000,0.000000,1,0.216693,0.000000,0.000000,0.000000,1,0.070312,0.000000,0.000000,0.000000,1,11.511723,0.000000,0.000000,0.000000
9089782046,RESONANCE_0P1,0.650000,0.438286,0.284886,0.700000,1,LF主峰 0.070 Hz | 主峰/背景 11.51× | 0.075–0.11 Hz占LF+HF 21.7% | 近期主峰频率跨度 0.031 Hz,NO_MATCH: SCORE_BELOW_THRESHOLD 0.28 < 0.70,1,89.285714,75.424255,7.676034,1.805810,1,23.125538,3.509588,0.120000,-3.072085,1,7905.232412,0.000000,0.000000,0.000000,1,6113.256840,0.000000,0.000000,0.000000,1,1480.528753,0.000000,0.000000,0.000000,1,256.306043,0.000000,0.000000,0.000000,1,85.242923,0.000000,0.000000,0.000000,1,14.757077,0.000000,0.000000,0.000000,1,5.776410,0.000000,0.000000,0.000000,1,0.014304,0.000000,0.000000,0.000000,1,0.216693,0.000000,0.000000,0.000000,1,0.070312,0.000000,0.000000,0.000000,1,11.511723,0.000000,0.000000,0.000000
9089782046,SLOW_RECOVERY_VLF,0.650000,0.366154,0.238000,0.700000,1,HF当前 z*=+0.00 | LF/HF当前 z*=+0.00 | VLF当前 z*=+0.00 | 前序激活证据=0.00,NO_MATCH: SCORE_BELOW_THRESHOLD 0.24 < 0.70,1,89.285714,75.424255,7.676034,1.805810,1,23.125538,3.509588,0.120000,-3.072085,1,7905.232412,0.000000,0.000000,0.000000,1,6113.256840,0.000000,0.000000,0.000000,1,1480.528753,0.000000,0.000000,0.000000,1,256.306043,0.000000,0.000000,0.000000,1,85.242923,0.000000,0.000000,0.000000,1,14.757077,0.000000,0.000000,0.000000,1,5.776410,0.000000,0.000000,0.000000,1,0.014304,0.000000,0.000000,0.000000,1,0.216693,0.000000,0.000000,0.000000,1,0.070312,0.000000,0.000000,0.000000,1,11.511723,0.000000,0.000000,0.000000
9089782046,PHASED_VIPASSANA,0.650000,0.000000,0.000000,0.700000,1,,NO_MATCH: SCORE_BELOW_THRESHOLD 0.00 < 0.70,1,89.285714,75.424255,7.676034,1.805810,1,23.125538,3.509588,0.120000,-3.072085,1,7905.232412,0.000000,0.000000,0.000000,1,6113.256840,0.000000,0.000000,0.000000,1,1480.528753,0.000000,0.000000,0.000000,1,256.306043,0.000000,0.000000,0.000000,1,85.242923,0.000000,0.000000,0.000000,1,14.757077,0.000000,0.000000,0.000000,1,5.776410,0.000000,0.000000,0.000000,1,0.014304,0.000000,0.000000,0.000000,1,0.216693,0.000000,0.000000,0.000000,1,0.070312,0.000000,0.000000,0.000000,1,11.511723,0.000000,0.000000,0.000000
9089782046,TRAINED_VIPASSANA_SHIFT,0.650000,0.000000,0.000000,0.700000,1,HFnu z*=+0.00 | 0.06–0.10 Hz THM z*=+0.00 | LF z*=+0.00,NO_MATCH: SCORE_BELOW_THRESHOLD 0.00 < 0.70,1,89.285714,75.424255,7.676034,1.805810,1,23.125538,3.509588,0.120000,-3.072085,1,7905.232412,0.000000,0.000000,0.000000,1,6113.256840,0.000000,0.000000,0.000000,1,1480.528753,0.000000,0.000000,0.000000,1,256.306043,0.000000,0.000000,0.000000,1,85.242923,0.000000,0.000000,0.000000,1,14.757077,0.000000,0.000000,0.000000,1,5.776410,0.000000,0.000000,0.000000,1,0.014304,0.000000,0.000000,0.000000,1,0.216693,0.000000,0.000000,0.000000,1,0.070312,0.000000,0.000000,0.000000,1,11.511723,0.000000,0.000000,0.000000
9089782046,INWARD_QUIET,0.650000,0.000000,0.000000,0.700000,1,HF z*=+0.00 | RMSSD z*=-3.07 | HR z*=+1.81 | LF/HF z*=+0.00,NO_MATCH: SCORE_BELOW_THRESHOLD 0.00 < 0.70,1,89.285714,75.424255,7.676034,1.805810,1,23.125538,3.509588,0.120000,-3.072085,1,7905.232412,0.000000,0.000000,0.000000,1,6113.256840,0.000000,0.000000,0.000000,1,1480.528753,0.000000,0.000000,0.000000,1,256.306043,0.000000,0.000000,0.000000,1,85.242923,0.000000,0.000000,0.000000,1,14.757077,0.000000,0.000000,0.000000,1,5.776410,0.000000,0.000000,0.000000,1,0.014304,0.000000,0.000000,0.000000,1,0.216693,0.000000,0.000000,0.000000,1,0.070312,0.000000,0.000000,0.000000,1,11.511723,0.000000,0.000000,0.000000
9110302043,SLOW_RECOVERY_VLF,1.000000,0.500000,0.500000,0.700000,1,HF当前 z*=+0.00 | LF/HF当前 z*=+0.00 | VLF当前 z*=+0.00 | 前序激活证据=0.00,NO_MATCH: SCORE_BELOW_THRESHOLD 0.50 < 0.70,1,75.000094,75.424255,7.676034,-0.055258,1,25.426937,3.509588,0.120000,-2.281488,1,6576.243833,0.000000,0.000000,0.000000,1,4913.846104,0.000000,0.000000,0.000000,1,1360.733448,0.000000,0.000000,0.000000,1,260.802216,0.000000,0.000000,0.000000,1,83.916344,0.000000,0.000000,0.000000,1,16.083656,0.000000,0.000000,0.000000,1,5.217492,0.000000,0.000000,0.000000,1,0.015349,0.000000,0.000000,0.000000,1,0.152859,0.000000,0.000000,0.000000,1,0.070312,0.000000,0.000000,0.000000,1,14.516812,0.000000,0.000000,0.000000
9110302043,RESONANCE_0P1,1.000000,0.478950,0.478950,0.700000,1,LF主峰 0.070 Hz | 主峰/背景 14.52× | 0.075–0.11 Hz占LF+HF 15.3% | 近期主峰频率跨度 0.019 Hz,NO_MATCH: SCORE_BELOW_THRESHOLD 0.48 < 0.70,1,75.000094,75.424255,7.676034,-0.055258,1,25.426937,3.509588,0.120000,-2.281488,1,6576.243833,0.000000,0.000000,0.000000,1,4913.846104,0.000000,0.000000,0.000000,1,1360.733448,0.000000,0.000000,0.000000,1,260.802216,0.000000,0.000000,0.000000,1,83.916344,0.000000,0.000000,0.000000,1,16.083656,0.000000,0.000000,0.000000,1,5.217492,0.000000,0.000000,0.000000,1,0.015349,0.000000,0.000000,0.000000,1,0.152859,0.000000,0.000000,0.000000,1,0.070312,0.000000,0.000000,0.000000,1,14.516812,0.000000,0.000000,0.000000
9110302043,AROUSAL_MEDITATION,1.000000,0.257398,0.257398,0.700000,1,HF z*=+0.00 | HR z*=-0.06 | RMSSD z*=-2.28,NO_MATCH: SCORE_BELOW_THRESHOLD 0.26 < 0.70,1,75.000094,75.424255,7.676034,-0.055258,1,25.426937,3.509588,0.120000,-2.281488,1,6576.243833,0.000000,0.000000,0.000000,1,4913.846104,0.000000,0.000000,0.000000,1,1360.733448,0.000000,0.000000,0.000000,1,260.802216,0.000000,0.000000,0.000000,1,83.916344,0.000000,0.000000,0.000000,1,16.083656,0.000000,0.000000,0.000000,1,5.217492,0.000000,0.000000,0.000000,1,0.015349,0.000000,0.000000,0.000000,1,0.152859,0.000000,0.000000,0.000000,1,0.070312,0.000000,0.000000,0.000000,1,14.516812,0.000000,0.000000,0.000000
9110302043,PHASED_VIPASSANA,1.000000,0.000000,0.000000,0.700000,1,,NO_MATCH: SCORE_BELOW_THRESHOLD 0.00 < 0.70,1,75.000094,75.424255,7.676034,-0.055258,1,25.426937,3.509588,0.120000,-2.281488,1,6576.243833,0.000000,0.000000,0.000000,1,4913.846104,0.000000,0.000000,0.000000,1,1360.733448,0.000000,0.000000,0.000000,1,260.802216,0.000000,0.000000,0.000000,1,83.916344,0.000000,0.000000,0.000000,1,16.083656,0.000000,0.000000,0.000000,1,5.217492,0.000000,0.000000,0.000000,1,0.015349,0.000000,0.000000,0.000000,1,0.152859,0.000000,0.000000,0.000000,1,0.070312,0.000000,0.000000,0.000000,1,14.516812,0.000000,0.000000,0.000000
9110302043,TRAINED_VIPASSANA_SHIFT,1.000000,0.000000,0.000000,0.700000,1,HFnu z*=+0.00 | 0.06–0.10 Hz THM z*=+0.00 | LF z*=+0.00,NO_MATCH: SCORE_BELOW_THRESHOLD 0.00 < 0.70,1,75.000094,75.424255,7.676034,-0.055258,1,25.426937,3.509588,0.120000,-2.281488,1,6576.243833,0.000000,0.000000,0.000000,1,4913.846104,0.000000,0.000000,0.000000,1,1360.733448,0.000000,0.000000,0.000000,1,260.802216,0.000000,0.000000,0.000000,1,83.916344,0.000000,0.000000,0.000000,1,16.083656,0.000000,0.000000,0.000000,1,5.217492,0.000000,0.000000,0.000000,1,0.015349,0.000000,0.000000,0.000000,1,0.152859,0.000000,0.000000,0.000000,1,0.070312,0.000000,0.000000,0.000000,1,14.516812,0.000000,0.000000,0.000000
9110302043,INWARD_QUIET,1.000000,0.000000,0.000000,0.700000,1,HF z*=+0.00 | RMSSD z*=-2.28 | HR z*=-0.06 | LF/HF z*=+0.00,NO_MATCH: SCORE_BELOW_THRESHOLD 0.00 < 0.70,1,75.000094,75.424255,7.676034,-0.055258,1,25.426937,3.509588,0.120000,-2.281488,1,6576.243833,0.000000,0.000000,0.000000,1,4913.846104,0.000000,0.000000,0.000000,1,1360.733448,0.000000,0.000000,0.000000,1,260.802216,0.000000,0.000000,0.000000,1,83.916344,0.000000,0.000000,0.000000,1,16.083656,0.000000,0.000000,0.000000,1,5.217492,0.000000,0.000000,0.000000,1,0.015349,0.000000,0.000000,0.000000,1,0.152859,0.000000,0.000000,0.000000,1,0.070312,0.000000,0.000000,0.000000,1,14.516812,0.000000,0.000000,0.000000
9130950047,RESONANCE_0P1,0.720000,0.501075,0.360774,0.700000,1,LF主峰 0.070 Hz | 主峰/背景 17.32× | 0.075–0.11 Hz占LF+HF 11.3% | 近期主峰频率跨度 0.000 Hz,NO_MATCH: SCORE_BELOW_THRESHOLD 0.36 < 0.70,1,74.257793,75.424255,7.676034,-0.151962,1,39.944316,3.509588,0.120000,1.482489,1,5222.337511,0.000000,0.000000,0.000000,1,3507.648310,0.000000,0.000000,0.000000,1,1401.664720,0.000000,0.000000,0.000000,1,277.085576,0.000000,0.000000,0.000000,1,83.494533,0.000000,0.000000,0.000000,1,16.505467,0.000000,0.000000,0.000000,1,5.058599,0.000000,0.000000,0.000000,1,0.021978,0.000000,0.000000,0.000000,1,0.113002,0.000000,0.000000,0.000000,1,0.070312,0.000000,0.000000,0.000000,1,17.316304,0.000000,0.000000,0.000000
9130950047,SLOW_RECOVERY_VLF,0.720000,0.472222,0.340000,0.700000,1,HF当前 z*=+0.00 | LF/HF当前 z*=+0.00 | VLF当前 z*=+0.00 | 前序激活证据=0.00,NO_MATCH: SCORE_BELOW_THRESHOLD 0.34 < 0.70,1,74.257793,75.424255,7.676034,-0.151962,1,39.944316,3.509588,0.120000,1.482489,1,5222.337511,0.000000,0.000000,0.000000,1,3507.648310,0.000000,0.000000,0.000000,1,1401.664720,0.000000,0.000000,0.000000,1,277.085576,0.000000,0.000000,0.000000,1,83.494533,0.000000,0.000000,0.000000,1,16.505467,0.000000,0.000000,0.000000,1,5.058599,0.000000,0.000000,0.000000,1,0.021978,0.000000,0.000000,0.000000,1,0.113002,0.000000,0.000000,0.000000,1,0.070312,0.000000,0.000000,0.000000,1,17.316304,0.000000,0.000000,0.000000
9130950047,INWARD_QUIET,0.720000,0.245556,0.176800,0.700000,1,HF z*=+0.00 | RMSSD z*=+1.48 | HR z*=-0.15 | LF/HF z*=+0.00,NO_MATCH: SCORE_BELOW_THRESHOLD 0.18 < 0.70,1,74.257793,75.424255,7.676034,-0.151962,1,39.944316,3.509588,0.120000,1.482489,1,5222.337511,0.000000,0.000000,0.000000,1,3507.648310,0.000000,0.000000,0.000000,1,1401.664720,0.000000,0.000000,0.000000,1,277.085576,0.000000,0.000000,0.000000,1,83.494533,0.000000,0.000000,0.000000,1,16.505467,0.000000,0.000000,0.000000,1,5.058599,0.000000,0.000000,0.000000,1,0.021978,0.000000,0.000000,0.000000,1,0.113002,0.000000,0.000000,0.000000,1,0.070312,0.000000,0.000000,0.000000,1,17.316304,0.000000,0.000000,0.000000
9130950047,AROUSAL_MEDITATION,0.720000,0.027290,0.019649,0.700000,1,HF z*=+0.00 | HR z*=-0.15 | RMSSD z*=+1.48,NO_MATCH: SCORE_BELOW_THRESHOLD 0.02 < 0.70,1,74.257793,75.424255,7.676034,-0.151962,1,39.944316,3.509588,0.120000,1.482489,1,5222.337511,0.000000,0.000000,0.000000,1,3507.648310,0.000000,0.000000,0.000000,1,1401.664720,0.000000,0.000000,0.000000,1,277.085576,0.000000,0.000000,0.000000,1,83.494533,0.000000,0.000000,0.000000,1,16.505467,0.000000,0.000000,0.000000,1,5.058599,0.000000,0.000000,0.000000,1,0.021978,0.000000,0.000000,0.000000,1,0.113002,0.000000,0.000000,0.000000,1,0.070312,0.000000,0.000000,0.000000,1,17.316304,0.000000,0.000000,0.000000
9130950047,PHASED_VIPASSANA,0.720000,0.000000,0.000000,0.700000,1,,NO_MATCH: SCORE_BELOW_THRESHOLD 0.00 < 0.70,1,74.257793,75.424255,7.676034,-0.151962,1,39.944316,3.509588,0.120000,1.482489,1,5222.337511,0.000000,0.000000,0.000000,1,3507.648310,0.000000,0.000000,0.000000,1,1401.664720,0.000000,0.000000,0.000000,1,277.085576,0.000000,0.000000,0.000000,1,83.494533,0.000000,0.000000,0.000000,1,16.505467,0.000000,0.000000,0.000000,1,5.058599,0.000000,0.000000,0.000000,1,0.021978,0.000000,0.000000,0.000000,1,0.113002,0.000000,0.000000,0.000000,1,0.070312,0.000000,0.000000,0.000000,1,17.316304,0.000000,0.000000,0.000000
9130950047,TRAINED_VIPASSANA_SHIFT,0.720000,0.000000,0.000000,0.700000,1,HFnu z*=+0.00 | 0.06–0.10 Hz THM z*=+0.00 | LF z*=+0.00,NO_MATCH: SCORE_BELOW_THRESHOLD 0.00 < 0.70,1,74.257793,75.424255,7.676034,-0.151962,1,39.944316,3.509588,0.120000,1.482489,1,5222.337511,0.000000,0.000000,0.000000,1,3507.648310,0.000000,0.000000,0.000000,1,1401.664720,0.000000,0.000000,0.000000,1,277.085576,0.000000,0.000000,0.000000,1,83.494533,0.000000,0.000000,0.000000,1,16.505467,0.000000,0.000000,0.000000,1,5.058599,0.000000,0.000000,0.000000,1,0.021978,0.000000,0.000000,0.000000,1,0.113002,0.000000,0.000000,0.000000,1,0.070312,0.000000,0.000000,0.000000,1,17.316304,0.000000,0.000000,0.000000
9151038043,RESONANCE_0P1,0.650000,0.555036,0.360774,0.700000,1,LF主峰 0.070 Hz | 主峰/背景 17.52× | 0.075–0.11 Hz占LF+HF 11.0% | 近期主峰频率跨度 0.000 Hz,NO_MATCH: SCORE_BELOW_THRESHOLD 0.36 < 0.70,1,71.428316,75.424255,7.676034,-0.520573,1,41.500754,3.509588,0.120000,1.801032,1,4438.033497,0.000000,0.000000,0.000000,1,2528.024589,0.000000,0.000000,0.000000,1,1577.633140,0.000000,0.000000,0.000000,1,294.549542,0.000000,0.000000,0.000000,1,84.267051,0.000000,0.000000,0.000000,1,15.732949,0.000000,0.000000,0.000000,1,5.356088,0.000000,0.000000,0.000000,1,0.029586,0.000000,0.000000,0.000000,1,0.110267,0.000000,0.000000,0.000000,1,0.070312,0.000000,0.000000,0.000000,1,17.515343,0.000000,0.000000,0.000000
9151038043,SLOW_RECOVERY_VLF,0.650000,0.508311,0.330402,0.700000,1,HF当前 z*=+0.00 | LF/HF当前 z*=+0.00 | VLF当前 z*=+0.00 | 前序激活证据=0.00,NO_MATCH: SCORE_BELOW_THRESHOLD 0.33 < 0.70,1,71.428316,75.424255,7.676034,-0.520573,1,41.500754,3.509588,0.120000,1.801032,1,4438.033497,0.000000,0.000000,0.000000,1,2528.024589,0.000000,0.000000,0.000000,1,1577.633140,0.000000,0.000000,0.000000,1,294.549542,0.000000,0.000000,0.000000,1,84.267051,0.000000,0.000000,0.000000,1,15.732949,0.000000,0.000000,0.000000,1,5.356088,0.000000,0.000000,0.000000,1,0.029586,0.000000,0.000000,0.000000,1,0.110267,0.000000,0.000000,0.000000,1,0.070312,0.000000,0.000000,0.000000,1,17.515343,0.000000,0.000000,0.000000
9151038043,INWARD_QUIET,0.650000,0.318186,0.206821,0.700000,1,HF z*=+0.00 | RMSSD z*=+1.80 | HR z*=-0.52 | LF/HF z*=+0.00,NO_MATCH: SCORE_BELOW_THRESHOLD 0.21 < 0.70,1,71.428316,75.424255,7.676034,-0.520573,1,41.500754,3.509588,0.120000,1.801032,1,4438.033497,0.000000,0.000000,0.000000,1,2528.024589,0.000000,0.000000,0.000000,1,1577.633140,0.000000,0.000000,0.000000,1,294.549542,0.000000,0.000000,0.000000,1,84.267051,0.000000,0.000000,0.000000,1,15.732949,0.000000,0.000000,0.000000,1,5.356088,0.000000,0.000000,0.000000,1,0.029586,0.000000,0.000000,0.000000,1,0.110267,0.000000,0.000000,0.000000,1,0.070312,0.000000,0.000000,0.000000,1,17.515343,0.000000,0.000000,0.000000
9151038043,PHASED_VIPASSANA,0.650000,0.000000,0.000000,0.700000,1,,NO_MATCH: SCORE_BELOW_THRESHOLD 0.00 < 0.70,1,71.428316,75.424255,7.676034,-0.520573,1,41.500754,3.509588,0.120000,1.801032,1,4438.033497,0.000000,0.000000,0.000000,1,2528.024589,0.000000,0.000000,0.000000,1,1577.633140,0.000000,0.000000,0.000000,1,294.549542,0.000000,0.000000,0.000000,1,84.267051,0.000000,0.000000,0.000000,1,15.732949,0.000000,0.000000,0.000000,1,5.356088,0.000000,0.000000,0.000000,1,0.029586,0.000000,0.000000,0.000000,1,0.110267,0.000000,0.000000,0.000000,1,0.070312,0.000000,0.000000,0.000000,1,17.515343,0.000000,0.000000,0.000000
9151038043,AROUSAL_MEDITATION,0.650000,0.000000,0.000000,0.700000,1,HF z*=+0.00 | HR z*=-0.52 | RMSSD z*=+1.80,NO_MATCH: SCORE_BELOW_THRESHOLD 0.00 < 0.70,1,71.428316,75.424255,7.676034,-0.520573,1,41.500754,3.509588,0.120000,1.801032,1,4438.033497,0.000000,0.000000,0.000000,1,2528.024589,0.000000,0.000000,0.000000,1,1577.633140,0.000000,0.000000,0.000000,1,294.549542,0.000000,0.000000,0.000000,1,84.267051,0.000000,0.000000,0.000000,1,15.732949,0.000000,0.000000,0.000000,1,5.356088,0.000000,0.000000,0.000000,1,0.029586,0.000000,0.000000,0.000000,1,0.110267,0.000000,0.000000,0.000000,1,0.070312,0.000000,0.000000,0.000000,1,17.515343,0.000000,0.000000,0.000000
9151038043,TRAINED_VIPASSANA_SHIFT,0.650000,0.000000,0.000000,0.700000,1,HFnu z*=+0.00 | 0.06–0.10 Hz THM z*=+0.00 | LF z*=+0.00,NO_MATCH: SCORE_BELOW_THRESHOLD 0.00 < 0.70,1,71.428316,75.424255,7.676034,-0.520573,1,41.500754,3.509588,0.120000,1.801032,1,4438.033497,0.000000,0.000000,0.000000,1,2528.024589,0.000000,0.000000,0.000000,1,1577.633140,0.000000,0.000000,0.000000,1,294.549542,0.000000,0.000000,0.000000,1,84.267051,0.000000,0.000000,0.000000,1,15.732949,0.000000,0.000000,0.000000,1,5.356088,0.000000,0.000000,0.000000,1,0.029586,0.000000,0.000000,0.000000,1,0.110267,0.000000,0.000000,0.000000,1,0.070312,0.000000,0.000000,0.000000,1,17.515343,0.000000,0.000000,0.000000
9171830043,SLOW_RECOVERY_VLF,0.650000,0.508327,0.330413,0.700000,1,HF当前 z*=+0.00 | LF/HF当前 z*=+0.00 | VLF当前 z*=+0.00 | 前序激活证据=0.00,NO_MATCH: SCORE_BELOW_THRESHOLD 0.33 < 0.70,1,71.428912,75.424255,7.676034,-0.520496,1,38.515700,3.509588,0.120000,1.178985,1,4589.001285,0.000000,0.000000,0.000000,1,2537.311793,0.000000,0.000000,0.000000,1,1706.208414,0.000000,0.000000,0.000000,1,301.223810,0.000000,0.000000,0.000000,1,84.994571,0.000000,0.000000,0.000000,1,15.005429,0.000000,0.000000,0.000000,1,5.664255,0.000000,0.000000,0.000000,1,0.029955,0.000000,0.000000,0.000000,1,0.127929,0.000000,0.000000,0.000000,1,0.058594,0.000000,0.000000,0.000000,1,13.008135,0.000000,0.000000,0.000000
9171830043,RESONANCE_0P1,0.650000,0.456707,0.296860,0.700000,1,LF主峰 0.059 Hz | 主峰/背景 13.01× | 0.075–0.11 Hz占LF+HF 12.8% | 近期主峰频率跨度 0.007 Hz,NO_MATCH: SCORE_BELOW_THRESHOLD 0.30 < 0.70,1,71.428912,75.424255,7.676034,-0.520496,1,38.515700,3.509588,0.120000,1.178985,1,4589.001285,0.000000,0.000000,0.000000,1,2537.311793,0.000000,0.000000,0.000000,1,1706.208414,0.000000,0.000000,0.000000,1,301.223810,0.000000,0.000000,0.000000,1,84.994571,0.000000,0.000000,0.000000,1,15.005429,0.000000,0.000000,0.000000,1,5.664255,0.000000,0.000000,0.000000,1,0.029955,0.000000,0.000000,0.000000,1,0.127929,0.000000,0.000000,0.000000,1,0.058594,0.000000,0.000000,0.000000,1,13.008135,0.000000,0.000000,0.000000
9171830043,INWARD_QUIET,0.650000,0.311440,0.202436,0.700000,1,HF z*=+0.00 | RMSSD z*=+1.18 | HR z*=-0.52 | LF/HF z*=+0.00,NO_MATCH: SCORE_BELOW_THRESHOLD 0.20 < 0.70,1,71.428912,75.424255,7.676034,-0.520496,1,38.515700,3.509588,0.120000,1.178985,1,4589.001285,0.000000,0.000000,0.000000,1,2537.311793,0.000000,0.000000,0.000000,1,1706.208414,0.000000,0.000000,0.000000,1,301.223810,0.000000,0.000000,0.000000,1,84.994571,0.000000,0.000000,0.000000,1,15.005429,0.000000,0.000000,0.000000,1,5.664255,0.000000,0.000000,0.000000,1,0.029955,0.000000,0.000000,0.000000,1,0.127929,0.000000,0.000000,0.000000,1,0.058594,0.000000,0.000000,0.000000,1,13.008135,0.000000,0.000000,0.000000
9171830043,PHASED_VIPASSANA,0.650000,0.000000,0.000000,0.700000,1,,NO_MATCH: SCORE_BELOW_THRESHOLD 0.00 < 0.70,1,71.428912,75.424255,7.676034,-0.520496,1,38.515700,3.509588,0.120000,1.178985,1,4589.001285,0.000000,0.000000,0.000000,1,2537.311793,0.000000,0.000000,0.000000,1,1706.208414,0.000000,0.000000,0.000000,1,301.223810,0.000000,0.000000,0.000000,1,84.994571,0.000000,0.000000,0.000000,1,15.005429,0.000000,0.000000,0.000000,1,5.664255,0.000000,0.000000,0.000000,1,0.029955,0.000000,0.000000,0.000000,1,0.127929,0.000000,0.000000,0.000000,1,0.058594,0.000000,0.000000,0.000000,1,13.008135,0.000000,0.000000,0.000000
9171830043,AROUSAL_MEDITATION,0.650000,0.000000,0.000000,0.700000,1,HF z*=+0.00 | HR z*=-0.52 | RMSSD z*=+1.18,NO_MATCH: SCORE_BELOW_THRESHOLD 0.00 < 0.70,1,71.428912,75.424255,7.676034,-0.520496,1,38.515700,3.509588,0.120000,1.178985,1,4589.001285,0.000000,0.000000,0.000000,1,2537.311793,0.000000,0.000000,0.000000,1,1706.208414,0.000000,0.000000,0.000000,1,301.223810,0.000000,0.000000,0.000000,1,84.994571,0.000000,0.000000,0.000000,1,15.005429,0.000000,0.000000,0.000000,1,5.664255,0.000000,0.000000,0.000000,1,0.029955,0.000000,0.000000,0.000000,1,0.127929,0.000000,0.000000,0.000000,1,0.058594,0.000000,0.000000,0.000000,1,13.008135,0.000000,0.000000,0.000000
9171830043,TRAINED_VIPASSANA_SHIFT,0.650000,0.000000,0.000000,0.700000,1,HFnu z*=+0.00 | 0.06–0.10 Hz THM z*=+0.00 | LF z*=+0.00,NO_MATCH: SCORE_BELOW_THRESHOLD 0.00 < 0.70,1,71.428912,75.424255,7.676034,-0.520496,1,38.515700,3.509588,0.120000,1.178985,1,4589.001285,0.000000,0.000000,0.000000,1,2537.311793,0.000000,0.000000,0.000000,1,1706.208414,0.000000,0.000000,0.000000,1,301.223810,0.000000,0.000000,0.000000,1,84.994571,0.000000,0.000000,0.000000,1,15.005429,0.000000,0.000000,0.000000,1,5.664255,0.000000,0.000000,0.000000,1,0.029955,0.000000,0.000000,0.000000,1,0.127929,0.000000,0.000000,0.000000,1,0.058594,0.000000,0.000000,0.000000,1,13.008135,0.000000,0.000000,0.000000
9192222045,RESONANCE_0P1,0.650000,0.470961,0.306125,0.700000,1,LF主峰 0.062 Hz | 主峰/背景 6.32× | 0.075–0.11 Hz占LF+HF 14.5% | 近期主峰频率跨度 0.010 Hz,NO_MATCH: SCORE_BELOW_THRESHOLD 0.31 < 0.70,1,68.181586,75.424255,7.676034,-0.943543,1,29.733506,3.509588,0.120000,-0.977610,1,5091.288253,0.000000,0.000000,0.000000,1,3073.640579,0.000000,0.000000,0.000000,1,1663.466170,0.000000,0.000000,0.000000,1,299.333836,0.000000,0.000000,0.000000,1,84.749652,0.000000,0.000000,0.000000,1,15.250348,0.000000,0.000000,0.000000,1,5.557227,0.000000,0.000000,0.000000,1,0.025597,0.000000,0.000000,0.000000,1,0.145081,0.000000,0.000000,0.000000,1,0.062500,0.000000,0.000000,0.000000,1,6.321573,0.000000,0.000000,0.000000
9192222045,SLOW_RECOVERY_VLF,0.650000,0.419813,0.272878,0.700000,1,HF当前 z*=+0.00 | LF/HF当前 z*=+0.00 | VLF当前 z*=+0.00 | 前序激活证据=0.00,NO_MATCH: SCORE_BELOW_THRESHOLD 0.27 < 0.70,1,68.181586,75.424255,7.676034,-0.943543,1,29.733506,3.509588,0.120000,-0.977610,1,5091.288253,0.000000,0.000000,0.000000,1,3073.640579,0.000000,0.000000,0.000000,1,1663.466170,0.000000,0.000000,0.000000,1,299.333836,0.000000,0.000000,0.000000,1,84.749652,0.000000,0.000000,0.000000,1,15.250348,0.000000,0.000000,0.000000,1,5.557227,0.000000,0.000000,0.000000,1,0.025597,0.000000,0.000000,0.000000,1,0.145081,0.000000,0.000000,0.000000,1,0.062500,0.000000,0.000000,0.000000,1,6.321573,0.000000,0.000000,0.000000
9192222045,AROUSAL_MEDITATION,0.650000,0.209231,0.136000,0.700000,1,HF z*=+0.00 | HR z*=-0.94 | RMSSD z*=-0.98,NO_MATCH: SCORE_BELOW_THRESHOLD 0.14 < 0.70,1,68.181586,75.424255,7.676034,-0.943543,1,29.733506,3.509588,0.120000,-0.977610,1,5091.288253,0.000000,0.000000,0.000000,1,3073.640579,0.000000,0.000000,0.000000,1,1663.466170,0.000000,0.000000,0.000000,1,299.333836,0.000000,0.000000,0.000000,1,84.749652,0.000000,0.000000,0.000000,1,15.250348,0.000000,0.000000,0.000000,1,5.557227,0.000000,0.000000,0.000000,1,0.025597,0.000000,0.000000,0.000000,1,0.145081,0.000000,0.000000,0.000000,1,0.062500,0.000000,0.000000,0.000000,1,6.321573,0.000000,0.000000,0.000000
9192222045,INWARD_QUIET,0.650000,0.160713,0.104464,0.700000,1,HF z*=+0.00 | RMSSD z*=-0.98 | HR z*=-0.94 | LF/HF z*=+0.00,NO_MATCH: SCORE_BELOW_THRESHOLD 0.10 < 0.70,1,68.181586,75.424255,7.676034,-0.943543,1,29.733506,3.509588,0.120000,-0.977610,1,5091.288253,0.000000,0.000000,0.000000,1,3073.640579,0.000000,0.000000,0.000000,1,1663.466170,0.000000,0.000000,0.000000,1,299.333836,0.000000,0.000000,0.000000,1,84.749652,0.000000,0.000000,0.000000,1,15.250348,0.000000,0.000000,0.000000,1,5.557227,0.000000,0.000000,0.000000,1,0.025597,0.000000,0.000000,0.000000,1,0.145081,0.000000,0.000000,0.000000,1,0.062500,0.000000,0.000000,0.000000,1,6.321573,0.000000,0.000000,0.000000
9192222045,PHASED_VIPASSANA,0.650000,0.000000,0.000000,0.700000,1,,NO_MATCH: SCORE_BELOW_THRESHOLD 0.00 < 0.70,1,68.181586,75.424255,7.676034,-0.943543,1,29.733506,3.509588,0.120000,-0.977610,1,5091.288253,0.000000,0.000000,0.000000,1,3073.640579,0.000000,0.000000,0.000000,1,1663.466170,0.000000,0.000000,0.000000,1,299.333836,0.000000,0.000000,0.000000,1,84.749652,0.000000,0.000000,0.000000,1,15.250348,0.000000,0.000000,0.000000,1,5.557227,0.000000,0.000000,0.000000,1,0.025597,0.000000,0.000000,0.000000,1,0.145081,0.000000,0.000000,0.000000,1,0.062500,0.000000,0.000000,0.000000,1,6.321573,0.000000,0.000000,0.000000
9192222045,TRAINED_VIPASSANA_SHIFT,0.650000,0.000000,0.000000,0.700000,1,HFnu z*=+0.00 | 0.06–0.10 Hz THM z*=+0.00 | LF z*=+0.00,NO_MATCH: SCORE_BELOW_THRESHOLD 0.00 < 0.70,1,68.181586,75.424255,7.676034,-0.943543,1,29.733506,3.509588,0.120000,-0.977610,1,5091.288253,0.000000,0.000000,0.000000,1,3073.640579,0.000000,0.000000,0.000000,1,1663.466170,0.000000,0.000000,0.000000,1,299.333836,0.000000,0.000000,0.000000,1,84.749652,0.000000,0.000000,0.000000,1,15.250348,0.000000,0.000000,0.000000,1,5.557227,0.000000,0.000000,0.000000,1,0.025597,0.000000,0.000000,0.000000,1,0.145081,0.000000,0.000000,0.000000,1,0.062500,0.000000,0.000000,0.000000,1,6.321573,0.000000,0.000000,0.000000
9212526043,SLOW_RECOVERY_VLF,0.650000,0.513912,0.334043,0.700000,1,HF当前 z*=+0.00 | LF/HF当前 z*=+0.00 | VLF当前 z*=+0.00 | 前序激活证据=0.00,NO_MATCH: SCORE_BELOW_THRESHOLD 0.33 < 0.70,1,70.754717,73.529322,5.618857,-0.493802,1,28.580591,3.524622,0.120000,-1.432455,1,5098.602983,0.000000,0.000000,0.000000,1,3204.542303,0.000000,0.000000,0.000000,1,1523.219388,0.000000,0.000000,0.000000,1,298.816066,0.000000,0.000000,0.000000,1,83.599876,0.000000,0.000000,0.000000,1,16.400124,0.000000,0.000000,0.000000,1,5.097515,0.000000,0.000000,0.000000,1,0.024074,0.000000,0.000000,0.000000,1,0.148956,0.000000,0.000000,0.000000,1,0.062500,0.000000,0.000000,0.000000,1,9.513552,0.000000,0.000000,0.000000
9212526043,RESONANCE_0P1,0.650000,0.470961,0.306125,0.700000,1,LF主峰 0.062 Hz | 主峰/背景 9.51× | 0.075–0.11 Hz占LF+HF 14.9% | 近期主峰频率跨度 0.010 Hz,NO_MATCH: SCORE_BELOW_THRESHOLD 0.31 < 0.70,1,70.754717,73.529322,5.618857,-0.493802,1,28.580591,3.524622,0.120000,-1.432455,1,5098.602983,0.000000,0.000000,0.000000,1,3204.542303,0.000000,0.000000,0.000000,1,1523.219388,0.000000,0.000000,0.000000,1,298.816066,0.000000,0.000000,0.000000,1,83.599876,0.000000,0.000000,0.000000,1,16.400124,0.000000,0.000000,0.000000,1,5.097515,0.000000,0.000000,0.000000,1,0.024074,0.000000,0.000000,0.000000,1,0.148956,0.000000,0.000000,0.000000,1,0.062500,0.000000,0.000000,0.000000,1,9.513552,0.000000,0.000000,0.000000
9212526043,AROUSAL_MEDITATION,0.650000,0.209231,0.136000,0.700000,1,HF z*=+0.00 | HR z*=-0.49 | RMSSD z*=-1.43,NO_MATCH: SCORE_BELOW_THRESHOLD 0.14 < 0.70,1,70.754717,73.529322,5.618857,-0.493802,1,28.580591,3.524622,0.120000,-1.432455,1,5098.602983,0.000000,0.000000,0.000000,1,3204.542303,0.000000,0.000000,0.000000,1,1523.219388,0.000000,0.000000,0.000000,1,298.816066,0.000000,0.000000,0.000000,1,83.599876,0.000000,0.000000,0.000000,1,16.400124,0.000000,0.000000,0.000000,1,5.097515,0.000000,0.000000,0.000000,1,0.024074,0.000000,0.000000,0.000000,1,0.148956,0.000000,0.000000,0.000000,1,0.062500,0.000000,0.000000,0.000000,1,9.513552,0.000000,0.000000,0.000000
9212526043,INWARD_QUIET,0.650000,0.038937,0.025309,0.700000,1,HF z*=+0.00 | RMSSD z*=-1.43 | HR z*=-0.49 | LF/HF z*=+0.00,NO_MATCH: SCORE_BELOW_THRESHOLD 0.03 < 0.70,1,70.754717,73.529322,5.618857,-0.493802,1,28.580591,3.524622,0.120000,-1.432455,1,5098.602983,0.000000,0.000000,0.000000,1,3204.542303,0.000000,0.000000,0.000000,1,1523.219388,0.000000,0.000000,0.000000,1,298.816066,0.000000,0.000000,0.000000,1,83.599876,0.000000,0.000000,0.000000,1,16.400124,0.000000,0.000000,0.000000,1,5.097515,0.000000,0.000000,0.000000,1,0.024074,0.000000,0.000000,0.000000,1,0.148956,0.000000,0.000000,0.000000,1,0.062500,0.000000,0.000000,0.000000,1,9.513552,0.000000,0.000000,0.000000
9212526043,PHASED_VIPASSANA,0.650000,0.000000,0.000000,0.700000,1,,NO_MATCH: SCORE_BELOW_THRESHOLD 0.00 < 0.70,1,70.754717,73.529322,5.618857,-0.493802,1,28.580591,3.524622,0.120000,-1.432455,1,5098.602983,0.000000,0.000000,0.000000,1,3204.542303,0.000000,0.000000,0.000000,1,1523.219388,0.000000,0.000000,0.000000,1,298.816066,0.000000,0.000000,0.000000,1,83.599876,0.000000,0.000000,0.000000,1,16.400124,0.000000,0.000000,0.000000,1,5.097515,0.000000,0.000000,0.000000,1,0.024074,0.000000,0.000000,0.000000,1,0.148956,0.000000,0.000000,0.000000,1,0.062500,0.000000,0.000000,0.000000,1,9.513552,0.000000,0.000000,0.000000
9212526043,TRAINED_VIPASSANA_SHIFT,0.650000,0.000000,0.000000,0.700000,1,HFnu z*=+0.00 | 0.06–0.10 Hz THM z*=+0.00 | LF z*=+0.00,NO_MATCH: SCORE_BELOW_THRESHOLD 0.00 < 0.70,1,70.754717,73.529322,5.618857,-0.493802,1,28.580591,3.524622,0.120000,-1.432455,1,5098.602983,0.000000,0.000000,0.000000,1,3204.542303,0.000000,0.000000,0.000000,1,1523.219388,0.000000,0.000000,0.000000,1,298.816066,0.000000,0.000000,0.000000,1,83.599876,0.000000,0.000000,0.000000,1,16.400124,0.000000,0.000000,0.000000,1,5.097515,0.000000,0.000000,0.000000,1,0.024074,0.000000,0.000000,0.000000,1,0.148956,0.000000,0.000000,0.000000,1,0.062500,0.000000,0.000000,0.000000,1,9.513552,0.000000,0.000000,0.000000
9232894043,RESONANCE_0P1,0.650000,0.481789,0.313163,0.700000,1,LF主峰 0.062 Hz | 主峰/背景 12.37× | 0.075–0.11 Hz占LF+HF 12.6% | 近期主峰频率跨度 0.007 Hz,NO_MATCH: SCORE_BELOW_THRESHOLD 0.31 < 0.70,1,68.807024,73.529322,5.618857,-0.840437,1,38.040664,3.524622,0.120000,0.950277,1,5259.654668,0.000000,0.000000,0.000000,1,3359.547717,0.000000,0.000000,0.000000,1,1497.273580,0.000000,0.000000,0.000000,1,311.109919,0.000000,0.000000,0.000000,1,82.796242,0.000000,0.000000,0.000000,1,17.203758,0.000000,0.000000,0.000000,1,4.812684,0.000000,0.000000,0.000000,1,0.023185,0.000000,0.000000,0.000000,1,0.125974,0.000000,0.000000,0.000000,1,0.062500,0.000000,0.000000,0.000000,1,12.371885,0.000000,0.000000,0.000000
9232894043,SLOW_RECOVERY_VLF,0.650000,0.441385,0.286901,0.700000,1,HF当前 z*=+0.00 | LF/HF当前 z*=+0.00 | VLF当前 z*=+0.00 | 前序激活证据=0.00,NO_MATCH: SCORE_BELOW_THRESHOLD 0.29 < 0.70,1,68.807024,73.529322,5.618857,-0.840437,1,38.040664,3.524622,0.120000,0.950277,1,5259.654668,0.000000,0.000000,0.000000,1,3359.547717,0.000000,0.000000,0.000000,1,1497.273580,0.000000,0.000000,0.000000,1,311.109919,0.000000,0.000000,0.000000,1,82.796242,0.000000,0.000000,0.000000,1,17.203758,0.000000,0.000000,0.000000,1,4.812684,0.000000,0.000000,0.000000,1,0.023185,0.000000,0.000000,0.000000,1,0.125974,0.000000,0.000000,0.000000,1,0.062500,0.000000,0.000000,0.000000,1,12.371885,0.000000,0.000000,0.000000
9232894043,INWARD_QUIET,0.650000,0.324884,0.211175,0.700000,1,HF z*=+0.00 | RMSSD z*=+0.95 | HR z*=-0.84 | LF/HF z*=+0.00,NO_MATCH: SCORE_BELOW_THRESHOLD 0.21 < 0.70,1,68.807024,73.529322,5.618857,-0.840437,1,38.040664,3.524622,0.120000,0.950277,1,5259.654668,0.000000,0.000000,0.000000,1,3359.547717,0.000000,0.000000,0.000000,1,1497.273580,0.000000,0.000000,0.000000,1,311.109919,0.000000,0.000000,0.000000,1,82.796242,0.000000,0.000000,0.000000,1,17.203758,0.000000,0.000000,0.000000,1,4.812684,0.000000,0.000000,0.000000,1,0.023185,0.000000,0.000000,0.000000,1,0.125974,0.000000,0.000000,0.000000,1,0.062500,0.000000,0.000000,0.000000,1,12.371885,0.000000,0.000000,0.000000
9232894043,PHASED_VIPASSANA,0.650000,0.000000,0.000000,0.700000,1,,NO_MATCH: SCORE_BELOW_THRESHOLD 0.00 < 0.70,1,68.807024,73.529322,5.618857,-0.840437,1,38.040664,3.524622,0.120000,0.950277,1,5259.654668,0.000000,0.000000,0.000000,1,3359.547717,0.000000,0.000000,0.000000,1,1497.273580,0.000000,0.000000,0.000000,1,311.109919,0.000000,0.000000,0.000000,1,82.796242,0.000000,0.000000,0.000000,1,17.203758,0.000000,0.000000,0.000000,1,4.812684,0.000000,0.000000,0.000000,1,0.023185,0.000000,0.000000,0.000000,1,0.125974,0.000000,0.000000,0.000000,1,0.062500,0.000000,0.000000,0.000000,1,12.371885,0.000000,0.000000,0.000000
9232894043,AROUSAL_MEDITATION,0.650000,0.000000,0.000000,0.700000,1,HF z*=+0.00 | HR z*=-0.84 | RMSSD z*=+0.95,NO_MATCH: SCORE_BELOW_THRESHOLD 0.00 < 0.70,1,68.807024,73.529322,5.618857,-0.840437,1,38.040664,3.524622,0.120000,0.950277,1,5259.654668,0.000000,0.000000,0.000000,1,3359.547717,0.000000,0.000000,0.000000,1,1497.273580,0.000000,0.000000,0.000000,1,311.109919,0.000000,0.000000,0.000000,1,82.796242,0.000000,0.000000,0.000000,1,17.203758,0.000000,0.000000,0.000000,1,4.812684,0.000000,0.000000,0.000000,1,0.023185,0.000000,0.000000,0.000000,1,0.125974,0.000000,0.000000,0.000000,1,0.062500,0.000000,0.000000,0.000000,1,12.371885,0.000000,0.000000,0.000000
9232894043,TRAINED_VIPASSANA_SHIFT,0.650000,0.000000,0.000000,0.700000,1,HFnu z*=+0.00 | 0.06–0.10 Hz THM z*=+0.00 | LF z*=+0.00,NO_MATCH: SCORE_BELOW_THRESHOLD 0.00 < 0.70,1,68.807024,73.529322,5.618857,-0.840437,1,38.040664,3.524622,0.120000,0.950277,1,5259.654668,0.000000,0.000000,0.000000,1,3359.547717,0.000000,0.000000,0.000000,1,1497.273580,0.000000,0.000000,0.000000,1,311.109919,0.000000,0.000000,0.000000,1,82.796242,0.000000,0.000000,0.000000,1,17.203758,0.000000,0.000000,0.000000,1,4.812684,0.000000,0.000000,0.000000,1,0.023185,0.000000,0.000000,0.000000,1,0.125974,0.000000,0.000000,0.000000,1,0.062500,0.000000,0.000000,0.000000,1,12.371885,0.000000,0.000000,0.000000
9252950047,SLOW_RECOVERY_VLF,0.650000,0.523077,0.340000,0.700000,1,HF当前 z*=+0.00 | LF/HF当前 z*=+0.00 | VLF当前 z*=+0.00 | 前序激活证据=0.00,NO_MATCH: SCORE_BELOW_THRESHOLD 0.34 < 0.70,1,72.115385,73.529322,5.618857,-0.251641,1,33.226964,3.524622,0.120000,-0.177173,1,5618.672073,0.000000,0.000000,0.000000,1,3415.434583,0.000000,0.000000,0.000000,1,1760.442766,0.000000,0.000000,0.000000,1,341.603894,0.000000,0.000000,0.000000,1,83.748986,0.000000,0.000000,0.000000,1,16.251014,0.000000,0.000000,0.000000,1,5.153462,0.000000,0.000000,0.000000,1,0.025851,0.000000,0.000000,0.000000,1,0.087724,0.000000,0.000000,0.000000,1,0.054688,0.000000,0.000000,0.000000,1,11.889679,0.000000,0.000000,0.000000
9252950047,RESONANCE_0P1,0.650000,0.438672,0.285137,0.700000,1,LF主峰 0.055 Hz | 主峰/背景 11.89× | 0.075–0.11 Hz占LF+HF 8.8% | 近期主峰频率跨度 0.006 Hz,NO_MATCH: SCORE_BELOW_THRESHOLD 0.29 < 0.70,1,72.115385,73.529322,5.618857,-0.251641,1,33.226964,3.524622,0.120000,-0.177173,1,5618.672073,0.000000,0.000000,0.000000,1,3415.434583,0.000000,0.000000,0.000000,1,1760.442766,0.000000,0.000000,0.000000,1,341.603894,0.000000,0.000000,0.000000,1,83.748986,0.000000,0.000000,0.000000,1,16.251014,0.000000,0.000000,0.000000,1,5.153462,0.000000,0.000000,0.000000,1,0.025851,0.000000,0.000000,0.000000,1,0.087724,0.000000,0.000000,0.000000,1,0.054688,0.000000,0.000000,0.000000,1,11.889679,0.000000,0.000000,0.000000
9252950047,AROUSAL_MEDITATION,0.650000,0.081252,0.052814,0.700000,1,HF z*=+0.00 | HR z*=-0.25 | RMSSD z*=-0.18,NO_MATCH: SCORE_BELOW_THRESHOLD 0.05 < 0.70,1,72.115385,73.529322,5.618857,-0.251641,1,33.226964,3.524622,0.120000,-0.177173,1,5618.672073,0.000000,0.000000,0.000000,1,3415.434583,0.000000,0.000000,0.000000,1,1760.442766,0.000000,0.000000,0.000000,1,341.603894,0.000000,0.000000,0.000000,1,83.748986,0.000000,0.000000,0.000000,1,16.251014,0.000000,0.000000,0.000000,1,5.153462,0.000000,0.000000,0.000000,1,0.025851,0.000000,0.000000,0.000000,1,0.087724,0.000000,0.000000,0.000000,1,0.054688,0.000000,0.000000,0.000000,1,11.889679,0.000000,0.000000,0.000000
9252950047,PHASED_VIPASSANA,0.650000,0.000000,0.000000,0.700000,1,,NO_MATCH: SCORE_BELOW_THRESHOLD 0.00 < 0.70,1,72.115385,73.529322,5.618857,-0.251641,1,33.226964,3.524622,0.120000,-0.177173,1,5618.672073,0.000000,0.000000,0.000000,1,3415.434583,0.000000,0.000000,0.000000,1,1760.442766,0.000000,0.000000,0.000000,1,341.603894,0.000000,0.000000,0.000000,1,83.748986,0.000000,0.000000,0.000000,1,16.251014,0.000000,0.000000,0.000000,1,5.153462,0.000000,0.000000,0.000000,1,0.025851,0.000000,0.000000,0.000000,1,0.087724,0.000000,0.000000,0.000000,1,0.054688,0.000000,0.000000,0.000000,1,11.889679,0.000000,0.000000,0.000000
9252950047,TRAINED_VIPASSANA_SHIFT,0.650000,0.000000,0.000000,0.700000,1,HFnu z*=+0.00 | 0.06–0.10 Hz THM z*=+0.00 | LF z*=+0.00,NO_MATCH: SCORE_BELOW_THRESHOLD 0.00 < 0.70,1,72.115385,73.529322,5.618857,-0.251641,1,33.226964,3.524622,0.120000,-0.177173,1,5618.672073,0.000000,0.000000,0.000000,1,3415.434583,0.000000,0.000000,0.000000,1,1760.442766,0.000000,0.000000,0.000000,1,341.603894,0.000000,0.000000,0.000000,1,83.748986,0.000000,0.000000,0.000000,1,16.251014,0.000000,0.000000,0.000000,1,5.153462,0.000000,0.000000,0.000000,1,0.025851,0.000000,0.000000,0.000000,1,0.087724,0.000000,0.000000,0.000000,1,0.054688,0.000000,0.000000,0.000000,1,11.889679,0.000000,0.000000,0.000000
9252950047,INWARD_QUIET,0.650000,0.000000,0.000000,0.700000,1,HF z*=+0.00 | RMSSD z*=-0.18 | HR z*=-0.25 | LF/HF z*=+0.00,NO_MATCH: SCORE_BELOW_THRESHOLD 0.00 < 0.70,1,72.115385,73.529322,5.618857,-0.251641,1,33.226964,3.524622,0.120000,-0.177173,1,5618.672073,0.000000,0.000000,0.000000,1,3415.434583,0.000000,0.000000,0.000000,1,1760.442766,0.000000,0.000000,0.000000,1,341.603894,0.000000,0.000000,0.000000,1,83.748986,0.000000,0.000000,0.000000,1,16.251014,0.000000,0.000000,0.000000,1,5.153462,0.000000,0.000000,0.000000,1,0.025851,0.000000,0.000000,0.000000,1,0.087724,0.000000,0.000000,0.000000,1,0.054688,0.000000,0.000000,0.000000,1,11.889679,0.000000,0.000000,0.000000
9273726043,SLOW_RECOVERY_VLF,0.650000,0.523077,0.340000,0.700000,1,HF当前 z*=+0.00 | LF/HF当前 z*=+0.00 | VLF当前 z*=+0.00 | 前序激活证据=0.00,NO_MATCH: SCORE_BELOW_THRESHOLD 0.34 < 0.70,1,75.000281,73.529322,5.618857,0.261790,1,26.722811,3.524622,0.120000,-1.992541,1,5986.002586,0.000000,0.000000,0.000000,1,3237.166708,0.000000,0.000000,0.000000,1,2271.103002,0.000000,0.000000,0.000000,1,381.272701,0.000000,0.000000,0.000000,1,85.625238,0.000000,0.000000,0.000000,1,14.374762,0.000000,0.000000,0.000000,1,5.956637,0.000000,0.000000,0.000000,1,0.034863,0.000000,0.000000,0.000000,1,0.062443,0.000000,0.000000,0.000000,1,0.054688,0.000000,0.000000,0.000000,1,16.706409,0.000000,0.000000,0.000000
9273726043,RESONANCE_0P1,0.650000,0.438672,0.285137,0.700000,1,LF主峰 0.055 Hz | 主峰/背景 16.71× | 0.075–0.11 Hz占LF+HF 6.2% | 近期主峰频率跨度 0.008 Hz,NO_MATCH: SCORE_BELOW_THRESHOLD 0.29 < 0.70,1,75.000281,73.529322,5.618857,0.261790,1,26.722811,3.524622,0.120000,-1.992541,1,5986.002586,0.000000,0.000000,0.000000,1,3237.166708,0.000000,0.000000,0.000000,1,2271.103002,0.000000,0.000000,0.000000,1,381.272701,0.000000,0.000000,0.000000,1,85.625238,0.000000,0.000000,0.000000,1,14.374762,0.000000,0.000000,0.000000,1,5.956637,0.000000,0.000000,0.000000,1,0.034863,0.000000,0.000000,0.000000,1,0.062443,0.000000,0.000000,0.000000,1,0.054688,0.000000,0.000000,0.000000,1,16.706409,0.000000,0.000000,0.000000
9273726043,AROUSAL_MEDITATION,0.650000,0.367036,0.238573,0.700000,1,HF z*=+0.00 | HR z*=+0.26 | RMSSD z*=-1.99,NO_MATCH: SCORE_BELOW_THRESHOLD 0.24 < 0.70,1,75.000281,73.529322,5.618857,0.261790,1,26.722811,3.524622,0.120000,-1.992541,1,5986.002586,0.000000,0.000000,0.000000,1,3237.166708,0.000000,0.000000,0.000000,1,2271.103002,0.000000,0.000000,0.000000,1,381.272701,0.000000,0.000000,0.000000,1,85.625238,0.000000,0.000000,0.000000,1,14.374762,0.000000,0.000000,0.000000,1,5.956637,0.000000,0.000000,0.000000,1,0.034863,0.000000,0.000000,0.000000,1,0.062443,0.000000,0.000000,0.000000,1,0.054688,0.000000,0.000000,0.000000,1,16.706409,0.000000,0.000000,0.000000
9273726043,PHASED_VIPASSANA,0.650000,0.000000,0.000000,0.700000,1,,NO_MATCH: SCORE_BELOW_THRESHOLD 0.00 < 0.70,1,75.000281,73.529322,5.618857,0.261790,1,26.722811,3.524622,0.120000,-1.992541,1,5986.002586,0.000000,0.000000,0.000000,1,3237.166708,0.000000,0.000000,0.000000,1,2271.103002,0.000000,0.000000,0.000000,1,381.272701,0.000000,0.000000,0.000000,1,85.625238,0.000000,0.000000,0.000000,1,14.374762,0.000000,0.000000,0.000000,1,5.956637,0.000000,0.000000,0.000000,1,0.034863,0.000000,0.000000,0.000000,1,0.062443,0.000000,0.000000,0.000000,1,0.054688,0.000000,0.000000,0.000000,1,16.706409,0.000000,0.000000,0.000000
9273726043,TRAINED_VIPASSANA_SHIFT,0.650000,0.000000,0.000000,0.700000,1,HFnu z*=+0.00 | 0.06–0.10 Hz THM z*=+0.00 | LF z*=+0.00,NO_MATCH: SCORE_BELOW_THRESHOLD 0.00 < 0.70,1,75.000281,73.529322,5.618857,0.261790,1,26.722811,3.524622,0.120000,-1.992541,1,5986.002586,0.000000,0.000000,0.000000,1,3237.166708,0.000000,0.000000,0.000000,1,2271.103002,0.000000,0.000000,0.000000,1,381.272701,0.000000,0.000000,0.000000,1,85.625238,0.000000,0.000000,0.000000,1,14.374762,0.000000,0.000000,0.000000,1,5.956637,0.000000,0.000000,0.000000,1,0.034863,0.000000,0.000000,0.000000,1,0.062443,0.000000,0.000000,0.000000,1,0.054688,0.000000,0.000000,0.000000,1,16.706409,0.000000,0.000000,0.000000
9273726043,INWARD_QUIET,0.650000,0.000000,0.000000,0.700000,1,HF z*=+0.00 | RMSSD z*=-1.99 | HR z*=+0.26 | LF/HF z*=+0.00,NO_MATCH: SCORE_BELOW_THRESHOLD 0.00 < 0.70,1,75.000281,73.529322,5.618857,0.261790,1,26.722811,3.524622,0.120000,-1.992541,1,5986.002586,0.000000,0.000000,0.000000,1,3237.166708,0.000000,0.000000,0.000000,1,2271.103002,0.000000,0.000000,0.000000,1,381.272701,0.000000,0.000000,0.000000,1,85.625238,0.000000,0.000000,0.000000,1,14.374762,0.000000,0.000000,0.000000,1,5.956637,0.000000,0.000000,0.000000,1,0.034863,0.000000,0.000000,0.000000,1,0.062443,0.000000,0.000000,0.000000,1,0.054688,0.000000,0.000000,0.000000,1,16.706409,0.000000,0.000000,0.000000
9293750043,AROUSAL_MEDITATION,0.650000,0.502154,0.326400,0.700000,1,HF z*=+0.00 | HR z*=+2.26 | RMSSD z*=-3.26,NO_MATCH: SCORE_BELOW_THRESHOLD 0.33 < 0.70,1,86.206897,73.529322,5.618857,2.256255,1,22.961197,3.524622,0.120000,-3.256807,1,6126.520233,0.000000,0.000000,0.000000,1,2908.200756,0.000000,0.000000,0.000000,1,2722.545631,0.000000,0.000000,0.000000,1,406.157713,0.000000,0.000000,0.000000,1,87.018337,0.000000,0.000000,0.000000,1,12.981663,0.000000,0.000000,0.000000,1,6.703174,0.000000,0.000000,0.000000,1,0.047093,0.000000,0.000000,0.000000,1,0.053978,0.000000,0.000000,0.000000,1,0.054688,0.000000,0.000000,0.000000,1,21.558316,0.000000,0.000000,0.000000
9293750043,RESONANCE_0P1,0.650000,0.438672,0.285137,0.700000,1,LF主峰 0.055 Hz | 主峰/背景 21.56× | 0.075–0.11 Hz占LF+HF 5.4% | 近期主峰频率跨度 0.008 Hz,NO_MATCH: SCORE_BELOW_THRESHOLD 0.29 < 0.70,1,86.206897,73.529322,5.618857,2.256255,1,22.961197,3.524622,0.120000,-3.256807,1,6126.520233,0.000000,0.000000,0.000000,1,2908.200756,0.000000,0.000000,0.000000,1,2722.545631,0.000000,0.000000,0.000000,1,406.157713,0.000000,0.000000,0.000000,1,87.018337,0.000000,0.000000,0.000000,1,12.981663,0.000000,0.000000,0.000000,1,6.703174,0.000000,0.000000,0.000000,1,0.047093,0.000000,0.000000,0.000000,1,0.053978,0.000000,0.000000,0.000000,1,0.054688,0.000000,0.000000,0.000000,1,21.558316,0.000000,0.000000,0.000000
9293750043,SLOW_RECOVERY_VLF,0.650000,0.366154,0.238000,0.700000,1,HF当前 z*=+0.00 | LF/HF当前 z*=+0.00 | VLF当前 z*=+0.00 | 前序激活证据=0.00,NO_MATCH: SCORE_BELOW_THRESHOLD 0.24 < 0.70,1,86.206897,73.529322,5.618857,2.256255,1,22.961197,3.524622,0.120000,-3.256807,1,6126.520233,0.000000,0.000000,0.000000,1,2908.200756,0.000000,0.000000,0.000000,1,2722.545631,0.000000,0.000000,0.000000,1,406.157713,0.000000,0.000000,0.000000,1,87.018337,0.000000,0.000000,0.000000,1,12.981663,0.000000,0.000000,0.000000,1,6.703174,0.000000,0.000000,0.000000,1,0.047093,0.000000,0.000000,0.000000,1,0.053978,0.000000,0.000000,0.000000,1,0.054688,0.000000,0.000000,0.000000,1,21.558316,0.000000,0.000000,0.000000
9293750043,PHASED_VIPASSANA,0.650000,0.000000,0.000000,0.700000,1,,NO_MATCH: SCORE_BELOW_THRESHOLD 0.00 < 0.70,1,86.206897,73.529322,5.618857,2.256255,1,22.961197,3.524622,0.120000,-3.256807,1,6126.520233,0.000000,0.000000,0.000000,1,2908.200756,0.000000,0.000000,0.000000,1,2722.545631,0.000000,0.000000,0.000000,1,406.157713,0.000000,0.000000,0.000000,1,87.018337,0.000000,0.000000,0.000000,1,12.981663,0.000000,0.000000,0.000000,1,6.703174,0.000000,0.000000,0.000000,1,0.047093,0.000000,0.000000,0.000000,1,0.053978,0.000000,0.000000,0.000000,1,0.054688,0.000000,0.000000,0.000000,1,21.558316,0.000000,0.000000,0.000000
9293750043,TRAINED_VIPASSANA_SHIFT,0.650000,0.000000,0.000000,0.700000,1,HFnu z*=+0.00 | 0.06–0.10 Hz THM z*=+0.00 | LF z*=+0.00,NO_MATCH: SCORE_BELOW_THRESHOLD 0.00 < 0.70,1,86.206897,73.529322,5.618857,2.256255,1,22.961197,3.524622,0.120000,-3.256807,1,6126.520233,0.000000,0.000000,0.000000,1,2908.200756,0.000000,0.000000,0.000000,1,2722.545631,0.000000,0.000000,0.000000,1,406.157713,0.000000,0.000000,0.000000,1,87.018337,0.000000,0.000000,0.000000,1,12.981663,0.000000,0.000000,0.000000,1,6.703174,0.000000,0.000000,0.000000,1,0.047093,0.000000,0.000000,0.000000,1,0.053978,0.000000,0.000000,0.000000,1,0.054688,0.000000,0.000000,0.000000,1,21.558316,0.000000,0.000000,0.000000
9293750043,INWARD_QUIET,0.650000,0.000000,0.000000,0.700000,1,HF z*=+0.00 | RMSSD z*=-3.26 | HR z*=+2.26 | LF/HF z*=+0.00,NO_MATCH: SCORE_BELOW_THRESHOLD 0.00 < 0.70,1,86.206897,73.529322,5.618857,2.256255,1,22.961197,3.524622,0.120000,-3.256807,1,6126.520233,0.000000,0.000000,0.000000,1,2908.200756,0.000000,0.000000,0.000000,1,2722.545631,0.000000,0.000000,0.000000,1,406.157713,0.000000,0.000000,0.000000,1,87.018337,0.000000,0.000000,0.000000,1,12.981663,0.000000,0.000000,0.000000,1,6.703174,0.000000,0.000000,0.000000,1,0.047093,0.000000,0.000000,0.000000,1,0.053978,0.000000,0.000000,0.000000,1,0.054688,0.000000,0.000000,0.000000,1,21.558316,0.000000,0.000000,0.000000
9313878044,AROUSAL_MEDITATION,0.650000,0.502154,0.326400,0.700000,1,HF z*=+0.00 | HR z*=+2.80 | RMSSD z*=-4.20,NO_MATCH: SCORE_BELOW_THRESHOLD 0.33 < 0.70,1,89.285980,73.529322,5.618857,2.804246,1,20.515764,3.524622,0.120000,-4.195241,1,5870.084254,0.000000,0.000000,0.000000,1,2485.241799,0.000000,0.000000,0.000000,1,2902.667275,0.000000,0.000000,0.000000,1,402.326993,0.000000,0.000000,0.000000,1,87.826696,0.000000,0.000000,0.000000,1,12.173304,0.000000,0.000000,0.000000,1,7.214697,0.000000,0.000000,0.000000,1,0.049209,0.000000,0.000000,0.000000,1,0.054756,0.000000,0.000000,0.000000,1,0.050781,0.000000,0.000000,0.000000,1,21.150246,0.000000,0.000000,0.000000
9313878044,RESONANCE_0P1,0.650000,0.426426,0.277177,0.700000,1,LF主峰 0.051 Hz | 主峰/背景 21.15× | 0.075–0.11 Hz占LF+HF 5.5% | 近期主峰频率跨度 0.007 Hz,NO_MATCH: SCORE_BELOW_THRESHOLD 0.28 < 0.70,1,89.285980,73.529322,5.618857,2.804246,1,20.515764,3.524622,0.120000,-4.195241,1,5870.084254,0.000000,0.000000,0.000000,1,2485.241799,0.000000,0.000000,0.000000,1,2902.667275,0.000000,0.000000,0.000000,1,402.326993,0.000000,0.000000,0.000000,1,87.826696,0.000000,0.000000,0.000000,1,12.173304,0.000000,0.000000,0.000000,1,7.214697,0.000000,0.000000,0.000000,1,0.049209,0.000000,0.000000,0.000000,1,0.054756,0.000000,0.000000,0.000000,1,0.050781,0.000000,0.000000,0.000000,1,21.150246,0.000000,0.000000,0.000000
9313878044,SLOW_RECOVERY_VLF,0.650000,0.366154,0.238000,0.700000,1,HF当前 z*=+0.00 | LF/HF当前 z*=+0.00 | VLF当前 z*=+0.00 | 前序激活证据=0.00,NO_MATCH: SCORE_BELOW_THRESHOLD 0.24 < 0.70,1,89.285980,73.529322,5.618857,2.804246,1,20.515764,3.524622,0.120000,-4.195241,1,5870.084254,0.000000,0.000000,0.000000,1,2485.241799,0.000000,0.000000,0.000000,1,2902.667275,0.000000,0.000000,0.000000,1,402.326993,0.000000,0.000000,0.000000,1,87.826696,0.000000,0.000000,0.000000,1,12.173304,0.000000,0.000000,0.000000,1,7.214697,0.000000,0.000000,0.000000,1,0.049209,0.000000,0.000000,0.000000,1,0.054756,0.000000,0.000000,0.000000,1,0.050781,0.000000,0.000000,0.000000,1,21.150246,0.000000,0.000000,0.000000
9313878044,PHASED_VIPASSANA,0.650000,0.000000,0.000000,0.700000,1,,NO_MATCH: SCORE_BELOW_THRESHOLD 0.00 < 0.70,1,89.285980,73.529322,5.618857,2.804246,1,20.515764,3.524622,0.120000,-4.195241,1,5870.084254,0.000000,0.000000,0.000000,1,2485.241799,0.000000,0.000000,0.000000,1,2902.667275,0.000000,0.000000,0.000000,1,402.326993,0.000000,0.000000,0.000000,1,87.826696,0.000000,0.000000,0.000000,1,12.173304,0.000000,0.000000,0.000000,1,7.214697,0.000000,0.000000,0.000000,1,0.049209,0.000000,0.000000,0.000000,1,0.054756,0.000000,0.000000,0.000000,1,0.050781,0.000000,0.000000,0.000000,1,21.150246,0.000000,0.000000,0.000000
9313878044,TRAINED_VIPASSANA_SHIFT,0.650000,0.000000,0.000000,0.700000,1,HFnu z*=+0.00 | 0.06–0.10 Hz THM z*=+0.00 | LF z*=+0.00,NO_MATCH: SCORE_BELOW_THRESHOLD 0.00 < 0.70,1,89.285980,73.529322,5.618857,2.804246,1,20.515764,3.524622,0.120000,-4.195241,1,5870.084254,0.000000,0.000000,0.000000,1,2485.241799,0.000000,0.000000,0.000000,1,2902.667275,0.000000,0.000000,0.000000,1,402.326993,0.000000,0.000000,0.000000,1,87.826696,0.000000,0.000000,0.000000,1,12.173304,0.000000,0.000000,0.000000,1,7.214697,0.000000,0.000000,0.000000,1,0.049209,0.000000,0.000000,0.000000,1,0.054756,0.000000,0.000000,0.000000,1,0.050781,0.000000,0.000000,0.000000,1,21.150246,0.000000,0.000000,0.000000
9313878044,INWARD_QUIET,0.650000,0.000000,0.000000,0.700000,1,HF z*=+0.00 | RMSSD z*=-4.20 | HR z*=+2.80 | LF/HF z*=+0.00,NO_MATCH: SCORE_BELOW_THRESHOLD 0.00 < 0.70,1,89.285980,73.529322,5.618857,2.804246,1,20.515764,3.524622,0.120000,-4.195241,1,5870.084254,0.000000,0.000000,0.000000,1,2485.241799,0.000000,0.000000,0.000000,1,2902.667275,0.000000,0.000000,0.000000,1,402.326993,0.000000,0.000000,0.000000,1,87.826696,0.000000,0.000000,0.000000,1,12.173304,0.000000,0.000000,0.000000,1,7.214697,0.000000,0.000000,0.000000,1,0.049209,0.000000,0.000000,0.000000,1,0.054756,0.000000,0.000000,0.000000,1,0.050781,0.000000,0.000000,0.000000,1,21.150246,0.000000,0.000000,0.000000
9334086043,SLOW_RECOVERY_VLF,0.650000,0.659077,0.428400,0.700000,1,HF当前 z*=-0.25 | LF/HF当前 z*=+1.97 | VLF当前 z*=-1.20 | 前序激活证据=0.60,NO_MATCH: SCORE_BELOW_THRESHOLD 0.43 < 0.70,1,90.361446,74.264801,4.366904,3.686054,1,16.401323,3.509588,0.169686,-4.197313,1,5315.497313,8.697179,0.221736,-0.535760,1,2091.606978,8.082454,0.363747,-1.200740,1,2785.759509,7.728021,0.120000,1.702124,1,369.978642,5.943515,0.120000,-0.250580,1,88.276003,85.594447,0.080000,33.519453,1,11.723997,14.405553,0.080000,-33.519453,1,7.529514,1.782007,0.120000,1.973533,1,0.048753,0.029586,0.080000,0.239586,1,0.063974,0.110267,0.080000,-0.578667,1,0.050781,0.070312,0.120000,-0.162760,1,23.963297,2.815792,0.120000,3.006091
9334086043,AROUSAL_MEDITATION,0.650000,0.502154,0.326400,0.700000,1,HF z*=-0.25 | HR z*=+3.69 | RMSSD z*=-4.20,NO_MATCH: SCORE_BELOW_THRESHOLD 0.33 < 0.70,1,90.361446,74.264801,4.366904,3.686054,1,16.401323,3.509588,0.169686,-4.197313,1,5315.497313,8.697179,0.221736,-0.535760,1,2091.606978,8.082454,0.363747,-1.200740,1,2785.759509,7.728021,0.120000,1.702124,1,369.978642,5.943515,0.120000,-0.250580,1,88.276003,85.594447,0.080000,33.519453,1,11.723997,14.405553,0.080000,-33.519453,1,7.529514,1.782007,0.120000,1.973533,1,0.048753,0.029586,0.080000,0.239586,1,0.063974,0.110267,0.080000,-0.578667,1,0.050781,0.070312,0.120000,-0.162760,1,23.963297,2.815792,0.120000,3.006091
9334086043,TRAINED_VIPASSANA_SHIFT,0.650000,0.439385,0.285600,0.700000,1,HFnu z*=-33.52 | 0.06–0.10 Hz THM z*=-1.30 | LF z*=+1.70,NO_MATCH: SCORE_BELOW_THRESHOLD 0.29 < 0.70,1,90.361446,74.264801,4.366904,3.686054,1,16.401323,3.509588,0.169686,-4.197313,1,5315.497313,8.697179,0.221736,-0.535760,1,2091.606978,8.082454,0.363747,-1.200740,1,2785.759509,7.728021,0.120000,1.702124,1,369.978642,5.943515,0.120000,-0.250580,1,88.276003,85.594447,0.080000,33.519453,1,11.723997,14.405553,0.080000,-33.519453,1,7.529514,1.782007,0.120000,1.973533,1,0.048753,0.029586,0.080000,0.239586,1,0.063974,0.110267,0.080000,-0.578667,1,0.050781,0.070312,0.120000,-0.162760,1,23.963297,2.815792,0.120000,3.006091
9334086043,RESONANCE_0P1,0.650000,0.426426,0.277177,0.700000,1,LF主峰 0.051 Hz | 主峰/背景 23.96× | 0.075–0.11 Hz占LF+HF 6.4% | 近期主峰频率跨度 0.004 Hz,NO_MATCH: SCORE_BELOW_THRESHOLD 0.28 < 0.70,1,90.361446,74.264801,4.366904,3.686054,1,16.401323,3.509588,0.169686,-4.197313,1,5315.497313,8.697179,0.221736,-0.535760,1,2091.606978,8.082454,0.363747,-1.200740,1,2785.759509,7.728021,0.120000,1.702124,1,369.978642,5.943515,0.120000,-0.250580,1,88.276003,85.594447,0.080000,33.519453,1,11.723997,14.405553,0.080000,-33.519453,1,7.529514,1.782007,0.120000,1.973533,1,0.048753,0.029586,0.080000,0.239586,1,0.063974,0.110267,0.080000,-0.578667,1,0.050781,0.070312,0.120000,-0.162760,1,23.963297,2.815792,0.120000,3.006091
9334086043,PHASED_VIPASSANA,0.650000,0.000000,0.000000,0.700000,1,,NO_MATCH: SCORE_BELOW_THRESHOLD 0.00 < 0.70,1,90.361446,74.264801,4.366904,3.686054,1,16.401323,3.509588,0.169686,-4.197313,1,5315.497313,8.697179,0.221736,-0.535760,1,2091.606978,8.082454,0.363747,-1.200740,1,2785.759509,7.728021,0.120000,1.702124,1,369.978642,5.943515,0.120000,-0.250580,1,88.276003,85.594447,0.080000,33.519453,1,11.723997,14.405553,0.080000,-33.519453,1,7.529514,1.782007,0.120000,1.973533,1,0.048753,0.029586,0.080000,0.239586,1,0.063974,0.110267,0.080000,-0.578667,1,0.050781,0.070312,0.120000,-0.162760,1,23.963297,2.815792,0.120000,3.006091
9334086043,INWARD_QUIET,0.650000,0.000000,0.000000,0.700000,1,HF z*=-0.25 | RMSSD z*=-4.20 | HR z*=+3.69 | LF/HF z*=+1.97,NO_MATCH: SCORE_BELOW_THRESHOLD 0.00 < 0.70,1,90.361446,74.264801,4.366904,3.686054,1,16.401323,3.509588,0.169686,-4.197313,1,5315.497313,8.697179,0.221736,-0.535760,1,2091.606978,8.082454,0.363747,-1.200740,1,2785.759509,7.728021,0.120000,1.702124,1,369.978642,5.943515,0.120000,-0.250580,1,88.276003,85.594447,0.080000,33.519453,1,11.723997,14.405553,0.080000,-33.519453,1,7.529514,1.782007,0.120000,1.973533,1,0.048753,0.029586,0.080000,0.239586,1,0.063974,0.110267,0.080000,-0.578667,1,0.050781,0.070312,0.120000,-0.162760,1,23.963297,2.815792,0.120000,3.006091
9354206047,AROUSAL_MEDITATION,0.650000,1.046154,0.680000,0.700000,1,HF z*=-1.31 | HR z*=+1.66 | RMSSD z*=-2.78,NO_MATCH: SCORE_BELOW_THRESHOLD 0.68 < 0.70,1,81.521739,74.264801,4.366904,1.661804,1,20.856534,3.509588,0.169686,-2.781138,1,4681.435638,8.697179,0.221736,-1.108611,1,1746.776763,8.082454,0.363747,-1.696030,1,2542.119431,7.728021,0.120000,0.939438,1,325.633720,5.943515,0.120000,-1.314514,1,88.644988,85.594447,0.080000,38.131762,1,11.355012,14.405553,0.080000,-38.131762,1,7.806684,1.782007,0.120000,2.274780,1,0.047945,0.029586,0.080000,0.229491,1,0.081338,0.110267,0.080000,-0.361618,1,0.050781,0.070312,0.120000,-0.162760,1,27.769598,2.815792,0.120000,4.234579
9354206047,TRAINED_VIPASSANA_SHIFT,0.650000,0.439385,0.285600,0.700000,1,HFnu z*=-38.13 | 0.06–0.10 Hz THM z*=-2.08 | LF z*=+0.94,NO_MATCH: SCORE_BELOW_THRESHOLD 0.29 < 0.70,1,81.521739,74.264801,4.366904,1.661804,1,20.856534,3.509588,0.169686,-2.781138,1,4681.435638,8.697179,0.221736,-1.108611,1,1746.776763,8.082454,0.363747,-1.696030,1,2542.119431,7.728021,0.120000,0.939438,1,325.633720,5.943515,0.120000,-1.314514,1,88.644988,85.594447,0.080000,38.131762,1,11.355012,14.405553,0.080000,-38.131762,1,7.806684,1.782007,0.120000,2.274780,1,0.047945,0.029586,0.080000,0.229491,1,0.081338,0.110267,0.080000,-0.361618,1,0.050781,0.070312,0.120000,-0.162760,1,27.769598,2.815792,0.120000,4.234579
9354206047,SLOW_RECOVERY_VLF,0.650000,0.439385,0.285600,0.700000,1,HF当前 z*=-1.31 | LF/HF当前 z*=+2.27 | VLF当前 z*=-1.70 | 前序激活证据=0.60,NO_MATCH: SCORE_BELOW_THRESHOLD 0.29 < 0.70,1,81.521739,74.264801,4.366904,1.661804,1,20.856534,3.509588,0.169686,-2.781138,1,4681.435638,8.697179,0.221736,-1.108611,1,1746.776763,8.082454,0.363747,-1.696030,1,2542.119431,7.728021,0.120000,0.939438,1,325.633720,5.943515,0.120000,-1.314514,1,88.644988,85.594447,0.080000,38.131762,1,11.355012,14.405553,0.080000,-38.131762,1,7.806684,1.782007,0.120000,2.274780,1,0.047945,0.029586,0.080000,0.229491,1,0.081338,0.110267,0.080000,-0.361618,1,0.050781,0.070312,0.120000,-0.162760,1,27.769598,2.815792,0.120000,4.234579
9354206047,RESONANCE_0P1,0.650000,0.426426,0.277177,0.700000,1,LF主峰 0.051 Hz | 主峰/背景 27.77× | 0.075–0.11 Hz占LF+HF 8.1% | 近期主峰频率跨度 0.004 Hz,NO_MATCH: SCORE_BELOW_THRESHOLD 0.28 < 0.70,1,81.521739,74.264801,4.366904,1.661804,1,20.856534,3.509588,0.169686,-2.781138,1,4681.435638,8.697179,0.221736,-1.108611,1,1746.776763,8.082454,0.363747,-1.696030,1,2542.119431,7.728021,0.120000,0.939438,1,325.633720,5.943515,0.120000,-1.314514,1,88.644988,85.594447,0.080000,38.131762,1,11.355012,14.405553,0.080000,-38.131762,1,7.806684,1.782007,0.120000,2.274780,1,0.047945,0.029586,0.080000,0.229491,1,0.081338,0.110267,0.080000,-0.361618,1,0.050781,0.070312,0.120000,-0.162760,1,27.769598,2.815792,0.120000,4.234579
9354206047,PHASED_VIPASSANA,0.650000,0.000000,0.000000,0.700000,1,,NO_MATCH: SCORE_BELOW_THRESHOLD 0.00 < 0.70,1,81.521739,74.264801,4.366904,1.661804,1,20.856534,3.509588,0.169686,-2.781138,1,4681.435638,8.697179,0.221736,-1.108611,1,1746.776763,8.082454,0.363747,-1.696030,1,2542.119431,7.728021,0.120000,0.939438,1,325.633720,5.943515,0.120000,-1.314514,1,88.644988,85.594447,0.080000,38.131762,1,11.355012,14.405553,0.080000,-38.131762,1,7.806684,1.782007,0.120000,2.274780,1,0.047945,0.029586,0.080000,0.229491,1,0.081338,0.110267,0.080000,-0.361618,1,0.050781,0.070312,0.120000,-0.162760,1,27.769598,2.815792,0.120000,4.234579
9354206047,INWARD_QUIET,0.650000,0.000000,0.000000,0.700000,1,HF z*=-1.31 | RMSSD z*=-2.78 | HR z*=+1.66 | LF/HF z*=+2.27,NO_MATCH: SCORE_BELOW_THRESHOLD 0.00 < 0.70,1,81.521739,74.264801,4.366904,1.661804,1,20.856534,3.509588,0.169686,-2.781138,1,4681.435638,8.697179,0.221736,-1.108611,1,1746.776763,8.082454,0.363747,-1.696030,1,2542.119431,7.728021,0.120000,0.939438,1,325.633720,5.943515,0.120000,-1.314514,1,88.644988,85.594447,0.080000,38.131762,1,11.355012,14.405553,0.080000,-38.131762,1,7.806684,1.782007,0.120000,2.274780,1,0.047945,0.029586,0.080000,0.229491,1,0.081338,0.110267,0.080000,-0.361618,1,0.050781,0.070312,0.120000,-0.162760,1,27.769598,2.815792,0.120000,4.234579
9374630047,AROUSAL_MEDITATION,0.650000,1.032723,0.671270,0.700000,1,HF z*=-2.45 | HR z*=+4.20 | RMSSD z*=-0.78,NO_MATCH: SCORE_BELOW_THRESHOLD 0.67 < 0.70,1,92.593164,74.264801,4.366904,4.197107,1,29.292637,3.509588,0.169686,-0.779389,1,4144.360069,8.697179,0.221736,-1.658168,1,1458.986958,8.082454,0.363747,-2.190962,1,2321.142190,7.728021,0.120000,0.181615,1,284.119458,5.943515,0.120000,-2.451001,1,89.094398,85.594447,0.080000,43.749393,1,10.905602,14.405553,0.080000,-43.749393,1,8.169600,1.782007,0.120000,2.653444,1,0.047368,0.029586,0.080000,0.222274,1,0.101836,0.110267,0.080000,-0.105386,1,0.050781,0.070312,0.120000,-0.162760,1,37.030023,2.815792,0.120000,6.632805
9374630047,TRAINED_VIPASSANA_SHIFT,0.650000,0.439385,0.285600,0.700000,1,HFnu z*=-43.75 | 0.06–0.10 Hz THM z*=-2.56 | LF z*=+0.18,NO_MATCH: SCORE_BELOW_THRESHOLD 0.29 < 0.70,1,92.593164,74.264801,4.366904,4.197107,1,29.292637,3.509588,0.169686,-0.779389,1,4144.360069,8.697179,0.221736,-1.658168,1,1458.986958,8.082454,0.363747,-2.190962,1,2321.142190,7.728021,0.120000,0.181615,1,284.119458,5.943515,0.120000,-2.451001,1,89.094398,85.594447,0.080000,43.749393,1,10.905602,14.405553,0.080000,-43.749393,1,8.169600,1.782007,0.120000,2.653444,1,0.047368,0.029586,0.080000,0.222274,1,0.101836,0.110267,0.080000,-0.105386,1,0.050781,0.070312,0.120000,-0.162760,1,37.030023,2.815792,0.120000,6.632805
9374630047,SLOW_RECOVERY_VLF,0.650000,0.439385,0.285600,0.700000,1,HF当前 z*=-2.45 | LF/HF当前 z*=+2.65 | VLF当前 z*=-2.19 | 前序激活证据=0.60,NO_MATCH: SCORE_BELOW_THRESHOLD 0.29 < 0.70,1,92.593164,74.264801,4.366904,4.197107,1,29.292637,3.509588,0.169686,-0.779389,1,4144.360069,8.697179,0.221736,-1.658168,1,1458.986958,8.082454,0.363747,-2.190962,1,2321.142190,7.728021,0.120000,0.181615,1,284.119458,5.943515,0.120000,-2.451001,1,89.094398,85.594447,0.080000,43.749393,1,10.905602,14.405553,0.080000,-43.749393,1,8.169600,1.782007,0.120000,2.653444,1,0.047368,0.029586,0.080000,0.222274,1,0.101836,0.110267,0.080000,-0.105386,1,0.050781,0.070312,0.120000,-0.162760,1,37.030023,2.815792,0.120000,6.632805
9374630047,RESONANCE_0P1,0.650000,0.426426,0.277177,0.700000,1,LF主峰 0.051 Hz | 主峰/背景 37.03× | 0.075–0.11 Hz占LF+HF 10.2% | 近期主峰频率跨度 0.002 Hz,NO_MATCH: SCORE_BELOW_THRESHOLD 0.28 < 0.70,1,92.593164,74.264801,4.366904,4.197107,1,29.292637,3.509588,0.169686,-0.779389,1,4144.360069,8.697179,0.221736,-1.658168,1,1458.986958,8.082454,0.363747,-2.190962,1,2321.142190,7.728021,0.120000,0.181615,1,284.119458,5.943515,0.120000,-2.451001,1,89.094398,85.594447,0.080000,43.749393,1,10.905602,14.405553,0.080000,-43.749393,1,8.169600,1.782007,0.120000,2.653444,1,0.047368,0.029586,0.080000,0.222274,1,0.101836,0.110267,0.080000,-0.105386,1,0.050781,0.070312,0.120000,-0.162760,1,37.030023,2.815792,0.120000,6.632805
9374630047,PHASED_VIPASSANA,0.650000,0.000000,0.000000,0.700000,1,,NO_MATCH: SCORE_BELOW_THRESHOLD 0.00 < 0.70,1,92.593164,74.264801,4.366904,4.197107,1,29.292637,3.509588,0.169686,-0.779389,1,4144.360069,8.697179,0.221736,-1.658168,1,1458.986958,8.082454,0.363747,-2.190962,1,2321.142190,7.728021,0.120000,0.181615,1,284.119458,5.943515,0.120000,-2.451001,1,89.094398,85.594447,0.080000,43.749393,1,10.905602,14.405553,0.080000,-43.749393,1,8.169600,1.782007,0.120000,2.653444,1,0.047368,0.029586,0.080000,0.222274,1,0.101836,0.110267,0.080000,-0.105386,1,0.050781,0.070312,0.120000,-0.162760,1,37.030023,2.815792,0.120000,6.632805
9374630047,INWARD_QUIET,0.650000,0.000000,0.000000,0.700000,1,HF z*=-2.45 | RMSSD z*=-0.78 | HR z*=+4.20 | LF/HF z*=+2.65,NO_MATCH: SCORE_BELOW_THRESHOLD 0.00 < 0.70,1,92.593164,74.264801,4.366904,4.197107,1,29.292637,3.509588,0.169686,-0.779389,1,4144.360069,8.697179,0.221736,-1.658168,1,1458.986958,8.082454,0.363747,-2.190962,1,2321.142190,7.728021,0.120000,0.181615,1,284.119458,5.943515,0.120000,-2.451001,1,89.094398,85.594447,0.080000,43.749393,1,10.905602,14.405553,0.080000,-43.749393,1,8.169600,1.782007,0.120000,2.653444,1,0.047368,0.029586,0.080000,0.222274,1,0.101836,0.110267,0.080000,-0.105386,1,0.050781,0.070312,0.120000,-0.162760,1,37.030023,2.815792,0.120000,6.632805
9394670043,AROUSAL_MEDITATION,0.650000,0.621440,0.403936,0.700000,1,HF z*=-3.37 | HR z*=-0.49 | RMSSD z*=-0.16,NO_MATCH: SCORE_BELOW_THRESHOLD 0.40 < 0.70,1,72.115471,74.264801,4.366904,-0.492186,1,32.554801,3.509588,0.169686,-0.157131,1,3607.705029,8.697179,0.221736,-2.283581,1,1111.374575,8.082454,0.363747,-2.939131,1,2132.766679,7.728021,0.120000,-0.523713,1,254.538865,5.943515,0.120000,-3.367178,1,89.337818,85.594447,0.080000,46.792137,1,10.662182,14.405553,0.080000,-46.792137,1,8.378943,1.782007,0.120000,2.864293,1,0.047503,0.029586,0.080000,0.223962,1,0.114622,0.110267,0.080000,0.054429,1,0.046875,0.070312,0.120000,-0.195312,1,37.318460,2.815792,0.120000,6.697464
9394670043,SLOW_RECOVERY_VLF,0.650000,0.587481,0.381863,0.700000,1,HF当前 z*=-3.37 | LF/HF当前 z*=+2.86 | VLF当前 z*=-2.94 | 前序激活证据=0.60,NO_MATCH: SCORE_BELOW_THRESHOLD 0.38 < 0.70,1,72.115471,74.264801,4.366904,-0.492186,1,32.554801,3.509588,0.169686,-0.157131,1,3607.705029,8.697179,0.221736,-2.283581,1,1111.374575,8.082454,0.363747,-2.939131,1,2132.766679,7.728021,0.120000,-0.523713,1,254.538865,5.943515,0.120000,-3.367178,1,89.337818,85.594447,0.080000,46.792137,1,10.662182,14.405553,0.080000,-46.792137,1,8.378943,1.782007,0.120000,2.864293,1,0.047503,0.029586,0.080000,0.223962,1,0.114622,0.110267,0.080000,0.054429,1,0.046875,0.070312,0.120000,-0.195312,1,37.318460,2.815792,0.120000,6.697464
9394670043,TRAINED_VIPASSANA_SHIFT,0.650000,0.460765,0.299497,0.700000,1,HFnu z*=-46.79 | 0.06–0.10 Hz THM z*=-2.87 | LF z*=-0.52,NO_MATCH: SCORE_BELOW_THRESHOLD 0.30 < 0.70,1,72.115471,74.264801,4.366904,-0.492186,1,32.554801,3.509588,0.169686,-0.157131,1,3607.705029,8.697179,0.221736,-2.283581,1,1111.374575,8.082454,0.363747,-2.939131,1,2132.766679,7.728021,0.120000,-0.523713,1,254.538865,5.943515,0.120000,-3.367178,1,89.337818,85.594447,0.080000,46.792137,1,10.662182,14.405553,0.080000,-46.792137,1,8.378943,1.782007,0.120000,2.864293,1,0.047503,0.029586,0.080000,0.223962,1,0.114622,0.110267,0.080000,0.054429,1,0.046875,0.070312,0.120000,-0.195312,1,37.318460,2.815792,0.120000,6.697464
9394670043,RESONANCE_0P1,0.650000,0.418561,0.272064,0.700000,1,LF主峰 0.047 Hz | 主峰/背景 37.32× | 0.075–0.11 Hz占LF+HF 11.5% | 近期主峰频率跨度 0.002 Hz,NO_MATCH: SCORE_BELOW_THRESHOLD 0.27 < 0.70,1,72.115471,74.264801,4.366904,-0.492186,1,32.554801,3.509588,0.169686,-0.157131,1,3607.705029,8.697179,0.221736,-2.283581,1,1111.374575,8.082454,0.363747,-2.939131,1,2132.766679,7.728021,0.120000,-0.523713,1,254.538865,5.943515,0.120000,-3.367178,1,89.337818,85.594447,0.080000,46.792137,1,10.662182,14.405553,0.080000,-46.792137,1,8.378943,1.782007,0.120000,2.864293,1,0.047503,0.029586,0.080000,0.223962,1,0.114622,0.110267,0.080000,0.054429,1,0.046875,0.070312,0.120000,-0.195312,1,37.318460,2.815792,0.120000,6.697464
9394670043,INWARD_QUIET,0.650000,0.038500,0.025025,0.700000,1,HF z*=-3.37 | RMSSD z*=-0.16 | HR z*=-0.49 | LF/HF z*=+2.86,NO_MATCH: SCORE_BELOW_THRESHOLD 0.03 < 0.70,1,72.115471,74.264801,4.366904,-0.492186,1,32.554801,3.509588,0.169686,-0.157131,1,3607.705029,8.697179,0.221736,-2.283581,1,1111.374575,8.082454,0.363747,-2.939131,1,2132.766679,7.728021,0.120000,-0.523713,1,254.538865,5.943515,0.120000,-3.367178,1,89.337818,85.594447,0.080000,46.792137,1,10.662182,14.405553,0.080000,-46.792137,1,8.378943,1.782007,0.120000,2.864293,1,0.047503,0.029586,0.080000,0.223962,1,0.114622,0.110267,0.080000,0.054429,1,0.046875,0.070312,0.120000,-0.195312,1,37.318460,2.815792,0.120000,6.697464
9394670043,PHASED_VIPASSANA,0.650000,0.000000,0.000000,0.700000,1,,NO_MATCH: SCORE_BELOW_THRESHOLD 0.00 < 0.70,1,72.115471,74.264801,4.366904,-0.492186,1,32.554801,3.509588,0.169686,-0.157131,1,3607.705029,8.697179,0.221736,-2.283581,1,1111.374575,8.082454,0.363747,-2.939131,1,2132.766679,7.728021,0.120000,-0.523713,1,254.538865,5.943515,0.120000,-3.367178,1,89.337818,85.594447,0.080000,46.792137,1,10.662182,14.405553,0.080000,-46.792137,1,8.378943,1.782007,0.120000,2.864293,1,0.047503,0.029586,0.080000,0.223962,1,0.114622,0.110267,0.080000,0.054429,1,0.046875,0.070312,0.120000,-0.195312,1,37.318460,2.815792,0.120000,6.697464
9414926044,AROUSAL_MEDITATION,0.650000,0.836772,0.543901,0.700000,1,HF z*=-4.11 | HR z*=+0.70 | RMSSD z*=+1.27,NO_MATCH: SCORE_BELOW_THRESHOLD 0.54 < 0.70,1,77.319488,74.264801,4.366904,0.699509,1,41.490616,3.509588,0.169686,1.272229,1,3544.703695,8.697179,0.221736,-2.363033,1,1297.162848,8.082454,0.363747,-2.514161,1,1871.816199,7.728021,0.120000,-1.611304,1,232.713229,5.943515,0.120000,-4.114233,1,88.942268,85.594447,0.080000,41.847761,1,11.057732,14.405553,0.080000,-41.847761,1,8.043446,1.782007,0.120000,2.523758,1,0.046135,0.029586,0.080000,0.206861,1,0.115834,0.110267,0.080000,0.069579,1,0.046875,0.070312,0.120000,-0.195312,1,43.009073,2.815792,0.120000,7.880156
9414926044,SLOW_RECOVERY_VLF,0.650000,0.544103,0.353667,0.700000,1,HF当前 z*=-4.11 | LF/HF当前 z*=+2.52 | VLF当前 z*=-2.51 | 前序激活证据=0.60,NO_MATCH: SCORE_BELOW_THRESHOLD 0.35 < 0.70,1,77.319488,74.264801,4.366904,0.699509,1,41.490616,3.509588,0.169686,1.272229,1,3544.703695,8.697179,0.221736,-2.363033,1,1297.162848,8.082454,0.363747,-2.514161,1,1871.816199,7.728021,0.120000,-1.611304,1,232.713229,5.943515,0.120000,-4.114233,1,88.942268,85.594447,0.080000,41.847761,1,11.057732,14.405553,0.080000,-41.847761,1,8.043446,1.782007,0.120000,2.523758,1,0.046135,0.029586,0.080000,0.206861,1,0.115834,0.110267,0.080000,0.069579,1,0.046875,0.070312,0.120000,-0.195312,1,43.009073,2.815792,0.120000,7.880156
9414926044,TRAINED_VIPASSANA_SHIFT,0.650000,0.544000,0.353600,0.700000,1,HFnu z*=-41.85 | 0.06–0.10 Hz THM z*=-3.54 | LF z*=-1.61,NO_MATCH: SCORE_BELOW_THRESHOLD 0.35 < 0.70,1,77.319488,74.264801,4.366904,0.699509,1,41.490616,3.509588,0.169686,1.272229,1,3544.703695,8.697179,0.221736,-2.363033,1,1297.162848,8.082454,0.363747,-2.514161,1,1871.816199,7.728021,0.120000,-1.611304,1,232.713229,5.943515,0.120000,-4.114233,1,88.942268,85.594447,0.080000,41.847761,1,11.057732,14.405553,0.080000,-41.847761,1,8.043446,1.782007,0.120000,2.523758,1,0.046135,0.029586,0.080000,0.206861,1,0.115834,0.110267,0.080000,0.069579,1,0.046875,0.070312,0.120000,-0.195312,1,43.009073,2.815792,0.120000,7.880156
9414926044,RESONANCE_0P1,0.650000,0.418561,0.272064,0.700000,1,LF主峰 0.047 Hz | 主峰/背景 43.01× | 0.075–0.11 Hz占LF+HF 11.6% | 近期主峰频率跨度 0.004 Hz,NO_MATCH: SCORE_BELOW_THRESHOLD 0.27 < 0.70,1,77.319488,74.264801,4.366904,0.699509,1,41.490616,3.509588,0.169686,1.272229,1,3544.703695,8.697179,0.221736,-2.363033,1,1297.162848,8.082454,0.363747,-2.514161,1,1871.816199,7.728021,0.120000,-1.611304,1,232.713229,5.943515,0.120000,-4.114233,1,88.942268,85.594447,0.080000,41.847761,1,11.057732,14.405553,0.080000,-41.847761,1,8.043446,1.782007,0.120000,2.523758,1,0.046135,0.029586,0.080000,0.206861,1,0.115834,0.110267,0.080000,0.069579,1,0.046875,0.070312,0.120000,-0.195312,1,43.009073,2.815792,0.120000,7.880156
9414926044,INWARD_QUIET,0.650000,0.272000,0.176800,0.700000,1,HF z*=-4.11 | RMSSD z*=+1.27 | HR z*=+0.70 | LF/HF z*=+2.52,NO_MATCH: SCORE_BELOW_THRESHOLD 0.18 < 0.70,1,77.319488,74.264801,4.366904,0.699509,1,41.490616,3.509588,0.169686,1.272229,1,3544.703695,8.697179,0.221736,-2.363033,1,1297.162848,8.082454,0.363747,-2.514161,1,1871.816199,7.728021,0.120000,-1.611304,1,232.713229,5.943515,0.120000,-4.114233,1,88.942268,85.594447,0.080000,41.847761,1,11.057732,14.405553,0.080000,-41.847761,1,8.043446,1.782007,0.120000,2.523758,1,0.046135,0.029586,0.080000,0.206861,1,0.115834,0.110267,0.080000,0.069579,1,0.046875,0.070312,0.120000,-0.195312,1,43.009073,2.815792,0.120000,7.880156
9414926044,PHASED_VIPASSANA,0.650000,0.000000,0.000000,0.700000,1,,NO_MATCH: SCORE_BELOW_THRESHOLD 0.00 < 0.70,1,77.319488,74.264801,4.366904,0.699509,1,41.490616,3.509588,0.169686,1.272229,1,3544.703695,8.697179,0.221736,-2.363033,1,1297.162848,8.082454,0.363747,-2.514161,1,1871.816199,7.728021,0.120000,-1.611304,1,232.713229,5.943515,0.120000,-4.114233,1,88.942268,85.594447,0.080000,41.847761,1,11.057732,14.405553,0.080000,-41.847761,1,8.043446,1.782007,0.120000,2.523758,1,0.046135,0.029586,0.080000,0.206861,1,0.115834,0.110267,0.080000,0.069579,1,0.046875,0.070312,0.120000,-0.195312,1,43.009073,2.815792,0.120000,7.880156
9434950045,AROUSAL_MEDITATION,0.650000,0.544000,0.353600,0.700000,1,HF z*=-4.91 | HR z*=-0.96 | RMSSD z*=+1.95,NO_MATCH: SCORE_BELOW_THRESHOLD 0.35 < 0.70,1,70.093130,74.264801,4.366904,-0.955293,1,46.574885,3.509588,0.169686,1.953453,1,4014.567541,8.697179,0.221736,-1.801666,1,2179.222013,8.082454,0.363747,-1.087927,1,1464.833589,7.728021,0.120000,-3.654366,1,211.405591,5.943515,0.120000,-4.914470,1,87.388101,85.594447,0.080000,22.420677,1,12.611899,14.405553,0.080000,-22.420677,1,6.929020,1.782007,0.120000,1.280931,1,0.019201,0.029586,0.080000,-0.129810,1,0.107975,0.110267,0.080000,-0.028657,1,0.050781,0.070312,0.120000,-0.162760,1,41.689135,2.815792,0.120000,7.620401
9434950045,TRAINED_VIPASSANA_SHIFT,0.650000,0.544000,0.353600,0.700000,1,HFnu z*=-22.42 | 0.06–0.10 Hz THM z*=-5.07 | LF z*=-3.65,NO_MATCH: SCORE_BELOW_THRESHOLD 0.35 < 0.70,1,70.093130,74.264801,4.366904,-0.955293,1,46.574885,3.509588,0.169686,1.953453,1,4014.567541,8.697179,0.221736,-1.801666,1,2179.222013,8.082454,0.363747,-1.087927,1,1464.833589,7.728021,0.120000,-3.654366,1,211.405591,5.943515,0.120000,-4.914470,1,87.388101,85.594447,0.080000,22.420677,1,12.611899,14.405553,0.080000,-22.420677,1,6.929020,1.782007,0.120000,1.280931,1,0.019201,0.029586,0.080000,-0.129810,1,0.107975,0.110267,0.080000,-0.028657,1,0.050781,0.070312,0.120000,-0.162760,1,41.689135,2.815792,0.120000,7.620401
9434950045,SLOW_RECOVERY_VLF,0.650000,0.462755,0.300790,0.700000,1,HF当前 z*=-4.91 | LF/HF当前 z*=+1.28 | VLF当前 z*=-1.09 | 前序激活证据=0.60,NO_MATCH: SCORE_BELOW_THRESHOLD 0.30 < 0.70,1,70.093130,74.264801,4.366904,-0.955293,1,46.574885,3.509588,0.169686,1.953453,1,4014.567541,8.697179,0.221736,-1.801666,1,2179.222013,8.082454,0.363747,-1.087927,1,1464.833589,7.728021,0.120000,-3.654366,1,211.405591,5.943515,0.120000,-4.914470,1,87.388101,85.594447,0.080000,22.420677,1,12.611899,14.405553,0.080000,-22.420677,1,6.929020,1.782007,0.120000,1.280931,1,0.019201,0.029586,0.080000,-0.129810,1,0.107975,0.110267,0.080000,-0.028657,1,0.050781,0.070312,0.120000,-0.162760,1,41.689135,2.815792,0.120000,7.620401
9434950045,INWARD_QUIET,0.650000,0.435895,0.283331,0.700000,1,HF z*=-4.91 | RMSSD z*=+1.95 | HR z*=-0.96 | LF/HF z*=+1.28,NO_MATCH: SCORE_BELOW_THRESHOLD 0.28 < 0.70,1,70.093130,74.264801,4.366904,-0.955293,1,46.574885,3.509588,0.169686,1.953453,1,4014.567541,8.697179,0.221736,-1.801666,1,2179.222013,8.082454,0.363747,-1.087927,1,1464.833589,7.728021,0.120000,-3.654366,1,211.405591,5.943515,0.120000,-4.914470,1,87.388101,85.594447,0.080000,22.420677,1,12.611899,14.405553,0.080000,-22.420677,1,6.929020,1.782007,0.120000,1.280931,1,0.019201,0.029586,0.080000,-0.129810,1,0.107975,0.110267,0.080000,-0.028657,1,0.050781,0.070312,0.120000,-0.162760,1,41.689135,2.815792,0.120000,7.620401
9434950045,RESONANCE_0P1,0.650000,0.426426,0.277177,0.700000,1,LF主峰 0.051 Hz | 主峰/背景 41.69× | 0.075–0.11 Hz占LF+HF 10.8% | 近期主峰频率跨度 0.004 Hz,NO_MATCH: SCORE_BELOW_THRESHOLD 0.28 < 0.70,1,70.093130,74.264801,4.366904,-0.955293,1,46.574885,3.509588,0.169686,1.953453,1,4014.567541,8.697179,0.221736,-1.801666,1,2179.222013,8.082454,0.363747,-1.087927,1,1464.833589,7.728021,0.120000,-3.654366,1,211.405591,5.943515,0.120000,-4.914470,1,87.388101,85.594447,0.080000,22.420677,1,12.611899,14.405553,0.080000,-22.420677,1,6.929020,1.782007,0.120000,1.280931,1,0.019201,0.029586,0.080000,-0.129810,1,0.107975,0.110267,0.080000,-0.028657,1,0.050781,0.070312,0.120000,-0.162760,1,41.689135,2.815792,0.120000,7.620401
9434950045,PHASED_VIPASSANA,0.650000,0.000000,0.000000,0.700000,1,,NO_MATCH: SCORE_BELOW_THRESHOLD 0.00 < 0.70,1,70.093130,74.264801,4.366904,-0.955293,1,46.574885,3.509588,0.169686,1.953453,1,4014.567541,8.697179,0.221736,-1.801666,1,2179.222013,8.082454,0.363747,-1.087927,1,1464.833589,7.728021,0.120000,-3.654366,1,211.405591,5.943515,0.120000,-4.914470,1,87.388101,85.594447,0.080000,22.420677,1,12.611899,14.405553,0.080000,-22.420677,1,6.929020,1.782007,0.120000,1.280931,1,0.019201,0.029586,0.080000,-0.129810,1,0.107975,0.110267,0.080000,-0.028657,1,0.050781,0.070312,0.120000,-0.162760,1,41.689135,2.815792,0.120000,7.620401
9455566043,TRAINED_VIPASSANA_SHIFT,0.650000,1.021239,0.663805,0.700000,1,HFnu z*=+1.16 | 0.06–0.10 Hz THM z*=-5.90 | LF z*=-6.13,NO_MATCH: SCORE_BELOW_THRESHOLD 0.66 < 0.70,1,62.500260,73.529322,3.114950,-3.540686,1,53.434037,3.494553,0.120000,4.032458,1,4943.770741,8.547573,0.332674,-0.125316,1,3557.266782,7.958824,0.365168,0.596778,1,1054.237159,7.696598,0.120000,-6.133545,1,194.206438,5.814481,0.202485,-2.694319,1,84.444116,85.609842,1.006824,-1.157826,1,15.555884,14.390158,1.006824,1.157826,1,5.428436,1.783256,0.120000,-0.763378,1,0.008217,0.032225,0.080000,-0.300097,1,0.114435,0.112444,0.080000,0.024879,1,0.050781,0.062500,0.120000,-0.097656,1,31.871848,2.839435,0.558681,1.113852
9455566043,INWARD_QUIET,0.650000,0.603908,0.392540,0.700000,1,HF z*=-2.69 | RMSSD z*=+4.03 | HR z*=-3.54 | LF/HF z*=-0.76,NO_MATCH: SCORE_BELOW_THRESHOLD 0.39 < 0.70,1,62.500260,73.529322,3.114950,-3.540686,1,53.434037,3.494553,0.120000,4.032458,1,4943.770741,8.547573,0.332674,-0.125316,1,3557.266782,7.958824,0.365168,0.596778,1,1054.237159,7.696598,0.120000,-6.133545,1,194.206438,5.814481,0.202485,-2.694319,1,84.444116,85.609842,1.006824,-1.157826,1,15.555884,14.390158,1.006824,1.157826,1,5.428436,1.783256,0.120000,-0.763378,1,0.008217,0.032225,0.080000,-0.300097,1,0.114435,0.112444,0.080000,0.024879,1,0.050781,0.062500,0.120000,-0.097656,1,31.871848,2.839435,0.558681,1.113852
9455566043,AROUSAL_MEDITATION,0.650000,0.544000,0.353600,0.700000,1,HF z*=-2.69 | HR z*=-3.54 | RMSSD z*=+4.03,NO_MATCH: SCORE_BELOW_THRESHOLD 0.35 < 0.70,1,62.500260,73.529322,3.114950,-3.540686,1,53.434037,3.494553,0.120000,4.032458,1,4943.770741,8.547573,0.332674,-0.125316,1,3557.266782,7.958824,0.365168,0.596778,1,1054.237159,7.696598,0.120000,-6.133545,1,194.206438,5.814481,0.202485,-2.694319,1,84.444116,85.609842,1.006824,-1.157826,1,15.555884,14.390158,1.006824,1.157826,1,5.428436,1.783256,0.120000,-0.763378,1,0.008217,0.032225,0.080000,-0.300097,1,0.114435,0.112444,0.080000,0.024879,1,0.050781,0.062500,0.120000,-0.097656,1,31.871848,2.839435,0.558681,1.113852
9455566043,RESONANCE_0P1,0.650000,0.426426,0.277177,0.700000,1,LF主峰 0.051 Hz | 主峰/背景 31.87× | 0.075–0.11 Hz占LF+HF 11.4% | 近期主峰频率跨度 0.004 Hz,NO_MATCH: SCORE_BELOW_THRESHOLD 0.28 < 0.70,1,62.500260,73.529322,3.114950,-3.540686,1,53.434037,3.494553,0.120000,4.032458,1,4943.770741,8.547573,0.332674,-0.125316,1,3557.266782,7.958824,0.365168,0.596778,1,1054.237159,7.696598,0.120000,-6.133545,1,194.206438,5.814481,0.202485,-2.694319,1,84.444116,85.609842,1.006824,-1.157826,1,15.555884,14.390158,1.006824,1.157826,1,5.428436,1.783256,0.120000,-0.763378,1,0.008217,0.032225,0.080000,-0.300097,1,0.114435,0.112444,0.080000,0.024879,1,0.050781,0.062500,0.120000,-0.097656,1,31.871848,2.839435,0.558681,1.113852
9455566043,SLOW_RECOVERY_VLF,0.650000,0.210803,0.137022,0.700000,1,HF当前 z*=-2.69 | LF/HF当前 z*=-0.76 | VLF当前 z*=+0.60 | 前序激活证据=0.60,NO_MATCH: SCORE_BELOW_THRESHOLD 0.14 < 0.70,1,62.500260,73.529322,3.114950,-3.540686,1,53.434037,3.494553,0.120000,4.032458,1,4943.770741,8.547573,0.332674,-0.125316,1,3557.266782,7.958824,0.365168,0.596778,1,1054.237159,7.696598,0.120000,-6.133545,1,194.206438,5.814481,0.202485,-2.694319,1,84.444116,85.609842,1.006824,-1.157826,1,15.555884,14.390158,1.006824,1.157826,1,5.428436,1.783256,0.120000,-0.763378,1,0.008217,0.032225,0.080000,-0.300097,1,0.114435,0.112444,0.080000,0.024879,1,0.050781,0.062500,0.120000,-0.097656,1,31.871848,2.839435,0.558681,1.113852
9455566043,PHASED_VIPASSANA,0.650000,0.000000,0.000000,0.700000,1,,NO_MATCH: SCORE_BELOW_THRESHOLD 0.00 < 0.70,1,62.500260,73.529322,3.114950,-3.540686,1,53.434037,3.494553,0.120000,4.032458,1,4943.770741,8.547573,0.332674,-0.125316,1,3557.266782,7.958824,0.365168,0.596778,1,1054.237159,7.696598,0.120000,-6.133545,1,194.206438,5.814481,0.202485,-2.694319,1,84.444116,85.609842,1.006824,-1.157826,1,15.555884,14.390158,1.006824,1.157826,1,5.428436,1.783256,0.120000,-0.763378,1,0.008217,0.032225,0.080000,-0.300097,1,0.114435,0.112444,0.080000,0.024879,1,0.050781,0.062500,0.120000,-0.097656,1,31.871848,2.839435,0.558681,1.113852
9476438043,TRAINED_VIPASSANA_SHIFT,0.650000,1.046154,0.680000,0.700000,1,HFnu z*=+3.92 | 0.06–0.10 Hz THM z*=-5.37 | LF z*=-7.99,NO_MATCH: SCORE_BELOW_THRESHOLD 0.68 < 0.70,1,68.181663,73.529322,3.114950,-1.716772,1,48.092437,3.494553,0.120000,3.154766,1,5632.193384,8.547573,0.332674,0.266571,1,4505.328532,7.958824,0.365168,1.243792,1,843.669126,7.696598,0.120000,-7.990314,1,189.435112,5.814481,0.202485,-2.817168,1,81.663504,85.609842,1.006824,-3.919592,1,18.336496,14.390158,1.006824,3.919592,1,4.453605,1.783256,0.120000,-2.412854,1,0.007538,0.032225,0.080000,-0.308578,1,0.201265,0.112444,0.080000,1.110252,1,0.050781,0.062500,0.120000,-0.097656,1,15.706623,2.839435,0.558681,-0.152775
9476438043,INWARD_QUIET,0.650000,0.711385,0.462400,0.700000,1,HF z*=-2.82 | RMSSD z*=+3.15 | HR z*=-1.72 | LF/HF z*=-2.41,NO_MATCH: SCORE_BELOW_THRESHOLD 0.46 < 0.70,1,68.181663,73.529322,3.114950,-1.716772,1,48.092437,3.494553,0.120000,3.154766,1,5632.193384,8.547573,0.332674,0.266571,1,4505.328532,7.958824,0.365168,1.243792,1,843.669126,7.696598,0.120000,-7.990314,1,189.435112,5.814481,0.202485,-2.817168,1,81.663504,85.609842,1.006824,-3.919592,1,18.336496,14.390158,1.006824,3.919592,1,4.453605,1.783256,0.120000,-2.412854,1,0.007538,0.032225,0.080000,-0.308578,1,0.201265,0.112444,0.080000,1.110252,1,0.050781,0.062500,0.120000,-0.097656,1,15.706623,2.839435,0.558681,-0.152775
9476438043,AROUSAL_MEDITATION,0.650000,0.544000,0.353600,0.700000,1,HF z*=-2.82 | HR z*=-1.72 | RMSSD z*=+3.15,NO_MATCH: SCORE_BELOW_THRESHOLD 0.35 < 0.70,1,68.181663,73.529322,3.114950,-1.716772,1,48.092437,3.494553,0.120000,3.154766,1,5632.193384,8.547573,0.332674,0.266571,1,4505.328532,7.958824,0.365168,1.243792,1,843.669126,7.696598,0.120000,-7.990314,1,189.435112,5.814481,0.202485,-2.817168,1,81.663504,85.609842,1.006824,-3.919592,1,18.336496,14.390158,1.006824,3.919592,1,4.453605,1.783256,0.120000,-2.412854,1,0.007538,0.032225,0.080000,-0.308578,1,0.201265,0.112444,0.080000,1.110252,1,0.050781,0.062500,0.120000,-0.097656,1,15.706623,2.839435,0.558681,-0.152775
9476438043,RESONANCE_0P1,0.650000,0.426426,0.277177,0.700000,1,LF主峰 0.051 Hz | 主峰/背景 15.71× | 0.075–0.11 Hz占LF+HF 20.1% | 近期主峰频率跨度 0.004 Hz,NO_MATCH: SCORE_BELOW_THRESHOLD 0.28 < 0.70,1,68.181663,73.529322,3.114950,-1.716772,1,48.092437,3.494553,0.120000,3.154766,1,5632.193384,8.547573,0.332674,0.266571,1,4505.328532,7.958824,0.365168,1.243792,1,843.669126,7.696598,0.120000,-7.990314,1,189.435112,5.814481,0.202485,-2.817168,1,81.663504,85.609842,1.006824,-3.919592,1,18.336496,14.390158,1.006824,3.919592,1,4.453605,1.783256,0.120000,-2.412854,1,0.007538,0.032225,0.080000,-0.308578,1,0.201265,0.112444,0.080000,1.110252,1,0.050781,0.062500,0.120000,-0.097656,1,15.706623,2.839435,0.558681,-0.152775
9476438043,SLOW_RECOVERY_VLF,0.650000,0.125538,0.081600,0.700000,1,HF当前 z*=-2.82 | LF/HF当前 z*=-2.41 | VLF当前 z*=+1.24 | 前序激活证据=0.60,NO_MATCH: SCORE_BELOW_THRESHOLD 0.08 < 0.70,1,68.181663,73.529322,3.114950,-1.716772,1,48.092437,3.494553,0.120000,3.154766,1,5632.193384,8.547573,0.332674,0.266571,1,4505.328532,7.958824,0.365168,1.243792,1,843.669126,7.696598,0.120000,-7.990314,1,189.435112,5.814481,0.202485,-2.817168,1,81.663504,85.609842,1.006824,-3.919592,1,18.336496,14.390158,1.006824,3.919592,1,4.453605,1.783256,0.120000,-2.412854,1,0.007538,0.032225,0.080000,-0.308578,1,0.201265,0.112444,0.080000,1.110252,1,0.050781,0.062500,0.120000,-0.097656,1,15.706623,2.839435,0.558681,-0.152775
9476438043,PHASED_VIPASSANA,0.650000,0.000000,0.000000,0.700000,1,,NO_MATCH: SCORE_BELOW_THRESHOLD 0.00 < 0.70,1,68.181663,73.529322,3.114950,-1.716772,1,48.092437,3.494553,0.120000,3.154766,1,5632.193384,8.547573,0.332674,0.266571,1,4505.328532,7.958824,0.365168,1.243792,1,843.669126,7.696598,0.120000,-7.990314,1,189.435112,5.814481,0.202485,-2.817168,1,81.663504,85.609842,1.006824,-3.919592,1,18.336496,14.390158,1.006824,3.919592,1,4.453605,1.783256,0.120000,-2.412854,1,0.007538,0.032225,0.080000,-0.308578,1,0.201265,0.112444,0.080000,1.110252,1,0.050781,0.062500,0.120000,-0.097656,1,15.706623,2.839435,0.558681,-0.152775
9497302043,TRAINED_VIPASSANA_SHIFT,0.650000,1.046154,0.680000,0.700000,1,HFnu z*=+3.34 | 0.06–0.10 Hz THM z*=-2.68 | LF z*=-6.89,NO_MATCH: SCORE_BELOW_THRESHOLD 0.68 < 0.70,1,70.754717,73.529322,3.114950,-0.890738,1,40.618029,3.494553,0.120000,1.747159,1,5528.270456,8.547573,0.332674,0.210589,1,4303.339711,7.958824,0.365168,1.118180,1,963.282045,7.696598,0.120000,-6.885432,1,207.927124,5.814481,0.202485,-2.357178,1,82.246798,85.609842,1.006824,-3.340251,1,17.753202,14.390158,1.006824,3.340251,1,4.632787,1.783256,0.120000,-2.084148,1,0.007790,0.032225,0.080000,-0.305437,1,0.349018,0.112444,0.080000,2.957167,1,0.054688,0.062500,0.120000,-0.065104,1,6.549275,2.839435,0.558681,-1.718475
9497302043,INWARD_QUIET,0.650000,0.627646,0.407970,0.700000,1,HF z*=-2.36 | RMSSD z*=+1.75 | HR z*=-0.89 | LF/HF z*=-2.08,NO_MATCH: SCORE_BELOW_THRESHOLD 0.41 < 0.70,1,70.754717,73.529322,3.114950,-0.890738,1,40.618029,3.494553,0.120000,1.747159,1,5528.270456,8.547573,0.332674,0.210589,1,4303.339711,7.958824,0.365168,1.118180,1,963.282045,7.696598,0.120000,-6.885432,1,207.927124,5.814481,0.202485,-2.357178,1,82.246798,85.609842,1.006824,-3.340251,1,17.753202,14.390158,1.006824,3.340251,1,4.632787,1.783256,0.120000,-2.084148,1,0.007790,0.032225,0.080000,-0.305437,1,0.349018,0.112444,0.080000,2.957167,1,0.054688,0.062500,0.120000,-0.065104,1,6.549275,2.839435,0.558681,-1.718475
9497302043,AROUSAL_MEDITATION,0.650000,0.544000,0.353600,0.700000,1,HF z*=-2.36 | HR z*=-0.89 | RMSSD z*=+1.75,NO_MATCH: SCORE_BELOW_THRESHOLD 0.35 < 0.70,1,70.754717,73.529322,3.114950,-0.890738,1,40.618029,3.494553,0.120000,1.747159,1,5528.270456,8.547573,0.332674,0.210589,1,4303.339711,7.958824,0.365168,1.118180,1,963.282045,7.696598,0.120000,-6.885432,1,207.927124,5.814481,0.202485,-2.357178,1,82.246798,85.609842,1.006824,-3.340251,1,17.753202,14.390158,1.006824,3.340251,1,4.632787,1.783256,0.120000,-2.084148,1,0.007790,0.032225,0.080000,-0.305437,1,0.349018,0.112444,0.080000,2.957167,1,0.054688,0.062500,0.120000,-0.065104,1,6.549275,2.839435,0.558681,-1.718475
9497302043,RESONANCE_0P1,0.650000,0.540924,0.351601,0.700000,1,LF主峰 0.055 Hz | 主峰/背景 6.55× | 0.075–0.11 Hz占LF+HF 34.9% | 近期主峰频率跨度 0.005 Hz,NO_MATCH: SCORE_BELOW_THRESHOLD 0.35 < 0.70,1,70.754717,73.529322,3.114950,-0.890738,1,40.618029,3.494553,0.120000,1.747159,1,5528.270456,8.547573,0.332674,0.210589,1,4303.339711,7.958824,0.365168,1.118180,1,963.282045,7.696598,0.120000,-6.885432,1,207.927124,5.814481,0.202485,-2.357178,1,82.246798,85.609842,1.006824,-3.340251,1,17.753202,14.390158,1.006824,3.340251,1,4.632787,1.783256,0.120000,-2.084148,1,0.007790,0.032225,0.080000,-0.305437,1,0.349018,0.112444,0.080000,2.957167,1,0.054688,0.062500,0.120000,-0.065104,1,6.549275,2.839435,0.558681,-1.718475
9497302043,SLOW_RECOVERY_VLF,0.650000,0.190246,0.123660,0.700000,1,HF当前 z*=-2.36 | LF/HF当前 z*=-2.08 | VLF当前 z*=+1.12 | 前序激活证据=0.60,NO_MATCH: SCORE_BELOW_THRESHOLD 0.12 < 0.70,1,70.754717,73.529322,3.114950,-0.890738,1,40.618029,3.494553,0.120000,1.747159,1,5528.270456,8.547573,0.332674,0.210589,1,4303.339711,7.958824,0.365168,1.118180,1,963.282045,7.696598,0.120000,-6.885432,1,207.927124,5.814481,0.202485,-2.357178,1,82.246798,85.609842,1.006824,-3.340251,1,17.753202,14.390158,1.006824,3.340251,1,4.632787,1.783256,0.120000,-2.084148,1,0.007790,0.032225,0.080000,-0.305437,1,0.349018,0.112444,0.080000,2.957167,1,0.054688,0.062500,0.120000,-0.065104,1,6.549275,2.839435,0.558681,-1.718475
9497302043,PHASED_VIPASSANA,0.650000,0.000000,0.000000,0.700000,1,,NO_MATCH: SCORE_BELOW_THRESHOLD 0.00 < 0.70,1,70.754717,73.529322,3.114950,-0.890738,1,40.618029,3.494553,0.120000,1.747159,1,5528.270456,8.547573,0.332674,0.210589,1,4303.339711,7.958824,0.365168,1.118180,1,963.282045,7.696598,0.120000,-6.885432,1,207.927124,5.814481,0.202485,-2.357178,1,82.246798,85.609842,1.006824,-3.340251,1,17.753202,14.390158,1.006824,3.340251,1,4.632787,1.783256,0.120000,-2.084148,1,0.007790,0.032225,0.080000,-0.305437,1,0.349018,0.112444,0.080000,2.957167,1,0.054688,0.062500,0.120000,-0.065104,1,6.549275,2.839435,0.558681,-1.718475
9517862045,AROUSAL_MEDITATION,0.650000,0.766700,0.498355,0.700000,1,HF z*=-1.33 | HR z*=+0.47 | RMSSD z*=+1.59,NO_MATCH: SCORE_BELOW_THRESHOLD 0.50 < 0.70,1,75.000375,73.529322,3.114950,0.472256,1,39.836803,3.494553,0.120000,1.585318,1,4793.375178,8.547573,0.332674,-0.218180,1,3143.709724,7.958824,0.365168,0.258334,1,1358.153485,7.696598,0.120000,-4.022640,1,256.060873,5.814481,0.202485,-1.328818,1,84.137121,85.609842,1.006824,-1.462740,1,15.862879,14.390158,1.006824,1.462740,1,5.304026,1.783256,0.120000,-0.956585,1,0.010553,0.032225,0.080000,-0.270891,1,0.412435,0.112444,0.080000,3.749888,1,0.054688,0.062500,0.120000,-0.065104,1,6.102634,2.839435,0.558681,-1.844905
9517862045,TRAINED_VIPASSANA_SHIFT,0.650000,0.618503,0.402027,0.700000,1,HFnu z*=+1.46 | 0.06–0.10 Hz THM z*=-0.37 | LF z*=-4.02,NO_MATCH: SCORE_BELOW_THRESHOLD 0.40 < 0.70,1,75.000375,73.529322,3.114950,0.472256,1,39.836803,3.494553,0.120000,1.585318,1,4793.375178,8.547573,0.332674,-0.218180,1,3143.709724,7.958824,0.365168,0.258334,1,1358.153485,7.696598,0.120000,-4.022640,1,256.060873,5.814481,0.202485,-1.328818,1,84.137121,85.609842,1.006824,-1.462740,1,15.862879,14.390158,1.006824,1.462740,1,5.304026,1.783256,0.120000,-0.956585,1,0.010553,0.032225,0.080000,-0.270891,1,0.412435,0.112444,0.080000,3.749888,1,0.054688,0.062500,0.120000,-0.065104,1,6.102634,2.839435,0.558681,-1.844905
9517862045,RESONANCE_0P1,0.650000,0.591185,0.384270,0.700000,1,LF主峰 0.055 Hz | 主峰/背景 6.10× | 0.075–0.11 Hz占LF+HF 41.2% | 近期主峰频率跨度 0.004 Hz,NO_MATCH: SCORE_BELOW_THRESHOLD 0.38 < 0.70,1,75.000375,73.529322,3.114950,0.472256,1,39.836803,3.494553,0.120000,1.585318,1,4793.375178,8.547573,0.332674,-0.218180,1,3143.709724,7.958824,0.365168,0.258334,1,1358.153485,7.696598,0.120000,-4.022640,1,256.060873,5.814481,0.202485,-1.328818,1,84.137121,85.609842,1.006824,-1.462740,1,15.862879,14.390158,1.006824,1.462740,1,5.304026,1.783256,0.120000,-0.956585,1,0.010553,0.032225,0.080000,-0.270891,1,0.412435,0.112444,0.080000,3.749888,1,0.054688,0.062500,0.120000,-0.065104,1,6.102634,2.839435,0.558681,-1.844905
9517862045,INWARD_QUIET,0.650000,0.421313,0.273854,0.700000,1,HF z*=-1.33 | RMSSD z*=+1.59 | HR z*=+0.47 | LF/HF z*=-0.96,NO_MATCH: SCORE_BELOW_THRESHOLD 0.27 < 0.70,1,75.000375,73.529322,3.114950,0.472256,1,39.836803,3.494553,0.120000,1.585318,1,4793.375178,8.547573,0.332674,-0.218180,1,3143.709724,7.958824,0.365168,0.258334,1,1358.153485,7.696598,0.120000,-4.022640,1,256.060873,5.814481,0.202485,-1.328818,1,84.137121,85.609842,1.006824,-1.462740,1,15.862879,14.390158,1.006824,1.462740,1,5.304026,1.783256,0.120000,-0.956585,1,0.010553,0.032225,0.080000,-0.270891,1,0.412435,0.112444,0.080000,3.749888,1,0.054688,0.062500,0.120000,-0.065104,1,6.102634,2.839435,0.558681,-1.844905
9517862045,SLOW_RECOVERY_VLF,0.650000,0.325340,0.211471,0.700000,1,HF当前 z*=-1.33 | LF/HF当前 z*=-0.96 | VLF当前 z*=+0.26 | 前序激活证据=0.60,NO_MATCH: SCORE_BELOW_THRESHOLD 0.21 < 0.70,1,75.000375,73.529322,3.114950,0.472256,1,39.836803,3.494553,0.120000,1.585318,1,4793.375178,8.547573,0.332674,-0.218180,1,3143.709724,7.958824,0.365168,0.258334,1,1358.153485,7.696598,0.120000,-4.022640,1,256.060873,5.814481,0.202485,-1.328818,1,84.137121,85.609842,1.006824,-1.462740,1,15.862879,14.390158,1.006824,1.462740,1,5.304026,1.783256,0.120000,-0.956585,1,0.010553,0.032225,0.080000,-0.270891,1,0.412435,0.112444,0.080000,3.749888,1,0.054688,0.062500,0.120000,-0.065104,1,6.102634,2.839435,0.558681,-1.844905
9517862045,PHASED_VIPASSANA,0.650000,0.000000,0.000000,0.700000,1,,NO_MATCH: SCORE_BELOW_THRESHOLD 0.00 < 0.70,1,75.000375,73.529322,3.114950,0.472256,1,39.836803,3.494553,0.120000,1.585318,1,4793.375178,8.547573,0.332674,-0.218180,1,3143.709724,7.958824,0.365168,0.258334,1,1358.153485,7.696598,0.120000,-4.022640,1,256.060873,5.814481,0.202485,-1.328818,1,84.137121,85.609842,1.006824,-1.462740,1,15.862879,14.390158,1.006824,1.462740,1,5.304026,1.783256,0.120000,-0.956585,1,0.010553,0.032225,0.080000,-0.270891,1,0.412435,0.112444,0.080000,3.749888,1,0.054688,0.062500,0.120000,-0.065104,1,6.102634,2.839435,0.558681,-1.844905
9538454043,RESONANCE_0P1,0.650000,0.839256,0.545516,0.700000,1,LF主峰 0.094 Hz | 主峰/背景 5.68× | 0.075–0.11 Hz占LF+HF 41.3% | 近期主峰频率跨度 0.027 Hz,NO_MATCH: SCORE_BELOW_THRESHOLD 0.55 < 0.70,1,82.417922,73.529322,3.114950,2.853529,1,40.310799,3.494553,0.120000,1.683887,1,4453.913143,8.547573,0.332674,-0.438972,1,2193.805648,7.958824,0.365168,-0.726873,1,1893.319396,7.696598,0.120000,-1.254260,1,338.393918,5.814481,0.202485,0.048051,1,84.837035,85.609842,1.006824,-0.767570,1,15.162965,14.390158,1.006824,0.767570,1,5.595016,1.783256,0.120000,-0.511501,1,0.050856,0.032225,0.080000,0.232898,1,0.412650,0.112444,0.080000,3.752567,1,0.093750,0.062500,0.120000,0.260417,1,5.676421,2.839435,0.558681,-1.974495
9538454043,SLOW_RECOVERY_VLF,0.650000,0.603819,0.392482,0.700000,1,HF当前 z*=+0.05 | LF/HF当前 z*=-0.51 | VLF当前 z*=-0.73 | 前序激活证据=0.60,NO_MATCH: SCORE_BELOW_THRESHOLD 0.39 < 0.70,1,82.417922,73.529322,3.114950,2.853529,1,40.310799,3.494553,0.120000,1.683887,1,4453.913143,8.547573,0.332674,-0.438972,1,2193.805648,7.958824,0.365168,-0.726873,1,1893.319396,7.696598,0.120000,-1.254260,1,338.393918,5.814481,0.202485,0.048051,1,84.837035,85.609842,1.006824,-0.767570,1,15.162965,14.390158,1.006824,0.767570,1,5.595016,1.783256,0.120000,-0.511501,1,0.050856,0.032225,0.080000,0.232898,1,0.412650,0.112444,0.080000,3.752567,1,0.093750,0.062500,0.120000,0.260417,1,5.676421,2.839435,0.558681,-1.974495
9538454043,TRAINED_VIPASSANA_SHIFT,0.650000,0.351303,0.228347,0.700000,1,HFnu z*=+0.77 | 0.06–0.10 Hz THM z*=+1.20 | LF z*=-1.25,NO_MATCH: SCORE_BELOW_THRESHOLD 0.23 < 0.70,1,82.417922,73.529322,3.114950,2.853529,1,40.310799,3.494553,0.120000,1.683887,1,4453.913143,8.547573,0.332674,-0.438972,1,2193.805648,7.958824,0.365168,-0.726873,1,1893.319396,7.696598,0.120000,-1.254260,1,338.393918,5.814481,0.202485,0.048051,1,84.837035,85.609842,1.006824,-0.767570,1,15.162965,14.390158,1.006824,0.767570,1,5.595016,1.783256,0.120000,-0.511501,1,0.050856,0.032225,0.080000,0.232898,1,0.412650,0.112444,0.080000,3.752567,1,0.093750,0.062500,0.120000,0.260417,1,5.676421,2.839435,0.558681,-1.974495
9538454043,INWARD_QUIET,0.650000,0.311754,0.202640,0.700000,1,HF z*=+0.05 | RMSSD z*=+1.68 | HR z*=+2.85 | LF/HF z*=-0.51,NO_MATCH: SCORE_BELOW_THRESHOLD 0.20 < 0.70,1,82.417922,73.529322,3.114950,2.853529,1,40.310799,3.494553,0.120000,1.683887,1,4453.913143,8.547573,0.332674,-0.438972,1,2193.805648,7.958824,0.365168,-0.726873,1,1893.319396,7.696598,0.120000,-1.254260,1,338.393918,5.814481,0.202485,0.048051,1,84.837035,85.609842,1.006824,-0.767570,1,15.162965,14.390158,1.006824,0.767570,1,5.595016,1.783256,0.120000,-0.511501,1,0.050856,0.032225,0.080000,0.232898,1,0.412650,0.112444,0.080000,3.752567,1,0.093750,0.062500,0.120000,0.260417,1,5.676421,2.839435,0.558681,-1.974495
9538454043,AROUSAL_MEDITATION,0.650000,0.292923,0.190400,0.700000,1,HF z*=+0.05 | HR z*=+2.85 | RMSSD z*=+1.68,NO_MATCH: SCORE_BELOW_THRESHOLD 0.19 < 0.70,1,82.417922,73.529322,3.114950,2.853529,1,40.310799,3.494553,0.120000,1.683887,1,4453.913143,8.547573,0.332674,-0.438972,1,2193.805648,7.958824,0.365168,-0.726873,1,1893.319396,7.696598,0.120000,-1.254260,1,338.393918,5.814481,0.202485,0.048051,1,84.837035,85.609842,1.006824,-0.767570,1,15.162965,14.390158,1.006824,0.767570,1,5.595016,1.783256,0.120000,-0.511501,1,0.050856,0.032225,0.080000,0.232898,1,0.412650,0.112444,0.080000,3.752567,1,0.093750,0.062500,0.120000,0.260417,1,5.676421,2.839435,0.558681,-1.974495
9538454043,PHASED_VIPASSANA,0.650000,0.000000,0.000000,0.700000,1,,NO_MATCH: SCORE_BELOW_THRESHOLD 0.00 < 0.70,1,82.417922,73.529322,3.114950,2.853529,1,40.310799,3.494553,0.120000,1.683887,1,4453.913143,8.547573,0.332674,-0.438972,1,2193.805648,7.958824,0.365168,-0.726873,1,1893.319396,7.696598,0.120000,-1.254260,1,338.393918,5.814481,0.202485,0.048051,1,84.837035,85.609842,1.006824,-0.767570,1,15.162965,14.390158,1.006824,0.767570,1,5.595016,1.783256,0.120000,-0.511501,1,0.050856,0.032225,0.080000,0.232898,1,0.412650,0.112444,0.080000,3.752567,1,0.093750,0.062500,0.120000,0.260417,1,5.676421,2.839435,0.558681,-1.974495
9559054043,RESONANCE_0P1,0.650000,0.708363,0.460436,0.700000,1,LF主峰 0.082 Hz | 主峰/背景 6.89× | 0.075–0.11 Hz占LF+HF 39.1% | 近期主峰频率跨度 0.037 Hz,NO_MATCH: SCORE_BELOW_THRESHOLD 0.46 < 0.70,1,78.947161,73.529322,3.114950,1.739302,1,33.344098,3.494553,0.120000,0.102732,1,4565.609396,8.547573,0.332674,-0.364518,1,1676.990133,7.958824,0.365168,-1.462528,1,2418.015048,7.696598,0.120000,0.784201,1,449.571112,5.814481,0.202485,1.451035,1,84.322315,85.609842,1.006824,-1.278801,1,15.677685,14.390158,1.006824,1.278801,1,5.378493,1.783256,0.120000,-0.840401,1,0.075949,0.032225,0.080000,0.546558,1,0.390819,0.112444,0.080000,3.479687,1,0.082031,0.062500,0.120000,0.162760,1,6.894931,2.839435,0.558681,-1.626416
9559054043,SLOW_RECOVERY_VLF,0.650000,0.555422,0.361024,0.700000,1,HF当前 z*=+1.45 | LF/HF当前 z*=-0.84 | VLF当前 z*=-1.46 | 前序激活证据=0.82,NO_MATCH: SCORE_BELOW_THRESHOLD 0.36 < 0.70,1,78.947161,73.529322,3.114950,1.739302,1,33.344098,3.494553,0.120000,0.102732,1,4565.609396,8.547573,0.332674,-0.364518,1,1676.990133,7.958824,0.365168,-1.462528,1,2418.015048,7.696598,0.120000,0.784201,1,449.571112,5.814481,0.202485,1.451035,1,84.322315,85.609842,1.006824,-1.278801,1,15.677685,14.390158,1.006824,1.278801,1,5.378493,1.783256,0.120000,-0.840401,1,0.075949,0.032225,0.080000,0.546558,1,0.390819,0.112444,0.080000,3.479687,1,0.082031,0.062500,0.120000,0.162760,1,6.894931,2.839435,0.558681,-1.626416
9559054043,TRAINED_VIPASSANA_SHIFT,0.650000,0.502154,0.326400,0.700000,1,HFnu z*=+1.28 | 0.06–0.10 Hz THM z*=+2.16 | LF z*=+0.78,NO_MATCH: SCORE_BELOW_THRESHOLD 0.33 < 0.70,1,78.947161,73.529322,3.114950,1.739302,1,33.344098,3.494553,0.120000,0.102732,1,4565.609396,8.547573,0.332674,-0.364518,1,1676.990133,7.958824,0.365168,-1.462528,1,2418.015048,7.696598,0.120000,0.784201,1,449.571112,5.814481,0.202485,1.451035,1,84.322315,85.609842,1.006824,-1.278801,1,15.677685,14.390158,1.006824,1.278801,1,5.378493,1.783256,0.120000,-0.840401,1,0.075949,0.032225,0.080000,0.546558,1,0.390819,0.112444,0.080000,3.479687,1,0.082031,0.062500,0.120000,0.162760,1,6.894931,2.839435,0.558681,-1.626416
9559054043,INWARD_QUIET,0.650000,0.455483,0.296064,0.700000,1,HF z*=+1.45 | RMSSD z*=+0.10 | HR z*=+1.74 | LF/HF z*=-0.84,NO_MATCH: SCORE_BELOW_THRESHOLD 0.30 < 0.70,1,78.947161,73.529322,3.114950,1.739302,1,33.344098,3.494553,0.120000,0.102732,1,4565.609396,8.547573,0.332674,-0.364518,1,1676.990133,7.958824,0.365168,-1.462528,1,2418.015048,7.696598,0.120000,0.784201,1,449.571112,5.814481,0.202485,1.451035,1,84.322315,85.609842,1.006824,-1.278801,1,15.677685,14.390158,1.006824,1.278801,1,5.378493,1.783256,0.120000,-0.840401,1,0.075949,0.032225,0.080000,0.546558,1,0.390819,0.112444,0.080000,3.479687,1,0.082031,0.062500,0.120000,0.162760,1,6.894931,2.839435,0.558681,-1.626416
9559054043,AROUSAL_MEDITATION,0.650000,0.320935,0.208608,0.700000,1,HF z*=+1.45 | HR z*=+1.74 | RMSSD z*=+0.10,NO_MATCH: SCORE_BELOW_THRESHOLD 0.21 < 0.70,1,78.947161,73.529322,3.114950,1.739302,1,33.344098,3.494553,0.120000,0.102732,1,4565.609396,8.547573,0.332674,-0.364518,1,1676.990133,7.958824,0.365168,-1.462528,1,2418.015048,7.696598,0.120000,0.784201,1,449.571112,5.814481,0.202485,1.451035,1,84.322315,85.609842,1.006824,-1.278801,1,15.677685,14.390158,1.006824,1.278801,1,5.378493,1.783256,0.120000,-0.840401,1,0.075949,0.032225,0.080000,0.546558,1,0.390819,0.112444,0.080000,3.479687,1,0.082031,0.062500,0.120000,0.162760,1,6.894931,2.839435,0.558681,-1.626416
9559054043,PHASED_VIPASSANA,0.650000,0.000000,0.000000,0.700000,1,,NO_MATCH: SCORE_BELOW_THRESHOLD 0.00 < 0.70,1,78.947161,73.529322,3.114950,1.739302,1,33.344098,3.494553,0.120000,0.102732,1,4565.609396,8.547573,0.332674,-0.364518,1,1676.990133,7.958824,0.365168,-1.462528,1,2418.015048,7.696598,0.120000,0.784201,1,449.571112,5.814481,0.202485,1.451035,1,84.322315,85.609842,1.006824,-1.278801,1,15.677685,14.390158,1.006824,1.278801,1,5.378493,1.783256,0.120000,-0.840401,1,0.075949,0.032225,0.080000,0.546558,1,0.390819,0.112444,0.080000,3.479687,1,0.082031,0.062500,0.120000,0.162760,1,6.894931,2.839435,0.558681,-1.626416
9579102043,RESONANCE_0P1,0.650000,0.687479,0.446862,0.700000,1,LF主峰 0.082 Hz | 主峰/背景 6.54× | 0.075–0.11 Hz占LF+HF 36.4% | 近期主峰频率跨度 0.034 Hz,NO_MATCH: SCORE_BELOW_THRESHOLD 0.45 < 0.70,1,71.428656,74.264801,3.695985,-0.767358,1,33.279285,3.509588,0.157689,-0.029505,1,4958.084295,8.474990,0.329417,0.102559,1,1614.003320,8.053159,0.323155,-2.063050,1,2762.466055,7.665175,0.120000,2.155864,1,558.760464,5.685447,0.216450,2.958064,1,83.176081,85.594447,1.967997,-1.228847,1,16.823919,14.405553,1.967997,1.228847,1,4.943918,1.782007,0.153854,-1.194957,1,0.078628,0.029586,0.080000,0.613025,1,0.364469,0.114622,0.080000,3.123089,1,0.082031,0.054688,0.120000,0.227865,1,6.537842,2.815792,1.047258,-0.895849
9579102043,INWARD_QUIET,0.650000,0.655766,0.426248,0.700000,1,HF z*=+2.96 | RMSSD z*=-0.03 | HR z*=-0.77 | LF/HF z*=-1.19,NO_MATCH: SCORE_BELOW_THRESHOLD 0.43 < 0.70,1,71.428656,74.264801,3.695985,-0.767358,1,33.279285,3.509588,0.157689,-0.029505,1,4958.084295,8.474990,0.329417,0.102559,1,1614.003320,8.053159,0.323155,-2.063050,1,2762.466055,7.665175,0.120000,2.155864,1,558.760464,5.685447,0.216450,2.958064,1,83.176081,85.594447,1.967997,-1.228847,1,16.823919,14.405553,1.967997,1.228847,1,4.943918,1.782007,0.153854,-1.194957,1,0.078628,0.029586,0.080000,0.613025,1,0.364469,0.114622,0.080000,3.123089,1,0.082031,0.054688,0.120000,0.227865,1,6.537842,2.815792,1.047258,-0.895849
9579102043,SLOW_RECOVERY_VLF,0.650000,0.562841,0.365847,0.700000,1,HF当前 z*=+2.96 | LF/HF当前 z*=-1.19 | VLF当前 z*=-2.06 | 前序激活证据=0.75,NO_MATCH: SCORE_BELOW_THRESHOLD 0.37 < 0.70,1,71.428656,74.264801,3.695985,-0.767358,1,33.279285,3.509588,0.157689,-0.029505,1,4958.084295,8.474990,0.329417,0.102559,1,1614.003320,8.053159,0.323155,-2.063050,1,2762.466055,7.665175,0.120000,2.155864,1,558.760464,5.685447,0.216450,2.958064,1,83.176081,85.594447,1.967997,-1.228847,1,16.823919,14.405553,1.967997,1.228847,1,4.943918,1.782007,0.153854,-1.194957,1,0.078628,0.029586,0.080000,0.613025,1,0.364469,0.114622,0.080000,3.123089,1,0.082031,0.054688,0.120000,0.227865,1,6.537842,2.815792,1.047258,-0.895849
9579102043,TRAINED_VIPASSANA_SHIFT,0.650000,0.502154,0.326400,0.700000,1,HFnu z*=+1.23 | 0.06–0.10 Hz THM z*=+2.72 | LF z*=+2.16,NO_MATCH: SCORE_BELOW_THRESHOLD 0.33 < 0.70,1,71.428656,74.264801,3.695985,-0.767358,1,33.279285,3.509588,0.157689,-0.029505,1,4958.084295,8.474990,0.329417,0.102559,1,1614.003320,8.053159,0.323155,-2.063050,1,2762.466055,7.665175,0.120000,2.155864,1,558.760464,5.685447,0.216450,2.958064,1,83.176081,85.594447,1.967997,-1.228847,1,16.823919,14.405553,1.967997,1.228847,1,4.943918,1.782007,0.153854,-1.194957,1,0.078628,0.029586,0.080000,0.613025,1,0.364469,0.114622,0.080000,3.123089,1,0.082031,0.054688,0.120000,0.227865,1,6.537842,2.815792,1.047258,-0.895849
9579102043,AROUSAL_MEDITATION,0.650000,0.053165,0.034557,0.700000,1,HF z*=+2.96 | HR z*=-0.77 | RMSSD z*=-0.03,NO_MATCH: SCORE_BELOW_THRESHOLD 0.03 < 0.70,1,71.428656,74.264801,3.695985,-0.767358,1,33.279285,3.509588,0.157689,-0.029505,1,4958.084295,8.474990,0.329417,0.102559,1,1614.003320,8.053159,0.323155,-2.063050,1,2762.466055,7.665175,0.120000,2.155864,1,558.760464,5.685447,0.216450,2.958064,1,83.176081,85.594447,1.967997,-1.228847,1,16.823919,14.405553,1.967997,1.228847,1,4.943918,1.782007,0.153854,-1.194957,1,0.078628,0.029586,0.080000,0.613025,1,0.364469,0.114622,0.080000,3.123089,1,0.082031,0.054688,0.120000,0.227865,1,6.537842,2.815792,1.047258,-0.895849
9579102043,PHASED_VIPASSANA,0.650000,0.000000,0.000000,0.700000,1,,NO_MATCH: SCORE_BELOW_THRESHOLD 0.00 < 0.70,1,71.428656,74.264801,3.695985,-0.767358,1,33.279285,3.509588,0.157689,-0.029505,1,4958.084295,8.474990,0.329417,0.102559,1,1614.003320,8.053159,0.323155,-2.063050,1,2762.466055,7.665175,0.120000,2.155864,1,558.760464,5.685447,0.216450,2.958064,1,83.176081,85.594447,1.967997,-1.228847,1,16.823919,14.405553,1.967997,1.228847,1,4.943918,1.782007,0.153854,-1.194957,1,0.078628,0.029586,0.080000,0.613025,1,0.364469,0.114622,0.080000,3.123089,1,0.082031,0.054688,0.120000,0.227865,1,6.537842,2.815792,1.047258,-0.895849
9599686046,INWARD_QUIET,0.650000,0.754825,0.490636,0.700000,1,HF z*=+3.55 | RMSSD z*=+0.14 | HR z*=-1.13 | LF/HF z*=-1.86,NO_MATCH: SCORE_BELOW_THRESHOLD 0.49 < 0.70,1,70.093458,74.264801,3.695985,-1.128615,1,34.195986,3.509588,0.157689,0.142816,1,5441.920290,8.474990,0.329417,0.385217,1,1915.363384,8.053159,0.323155,-1.533306,1,2835.167898,7.665175,0.120000,2.372343,1,634.875908,5.685447,0.216450,3.548078,1,81.704095,85.594447,1.967997,-1.976808,1,18.295905,14.405553,1.967997,1.976808,1,4.465704,1.782007,0.153854,-1.856178,1,0.075329,0.029586,0.080000,0.571782,1,0.337379,0.114622,0.080000,2.784464,1,0.082031,0.054688,0.120000,0.227865,1,4.876892,2.815792,1.047258,-1.175722
9599686046,RESONANCE_0P1,0.650000,0.703161,0.457055,0.700000,1,LF主峰 0.082 Hz | 主峰/背景 4.88× | 0.075–0.11 Hz占LF+HF 33.7% | 近期主峰频率跨度 0.023 Hz,NO_MATCH: SCORE_BELOW_THRESHOLD 0.46 < 0.70,1,70.093458,74.264801,3.695985,-1.128615,1,34.195986,3.509588,0.157689,0.142816,1,5441.920290,8.474990,0.329417,0.385217,1,1915.363384,8.053159,0.323155,-1.533306,1,2835.167898,7.665175,0.120000,2.372343,1,634.875908,5.685447,0.216450,3.548078,1,81.704095,85.594447,1.967997,-1.976808,1,18.295905,14.405553,1.967997,1.976808,1,4.465704,1.782007,0.153854,-1.856178,1,0.075329,0.029586,0.080000,0.571782,1,0.337379,0.114622,0.080000,2.784464,1,0.082031,0.054688,0.120000,0.227865,1,4.876892,2.815792,1.047258,-1.175722
9599686046,SLOW_RECOVERY_VLF,0.650000,0.527050,0.342582,0.700000,1,HF当前 z*=+3.55 | LF/HF当前 z*=-1.86 | VLF当前 z*=-1.53 | 前序激活证据=0.95,NO_MATCH: SCORE_BELOW_THRESHOLD 0.34 < 0.70,1,70.093458,74.264801,3.695985,-1.128615,1,34.195986,3.509588,0.157689,0.142816,1,5441.920290,8.474990,0.329417,0.385217,1,1915.363384,8.053159,0.323155,-1.533306,1,2835.167898,7.665175,0.120000,2.372343,1,634.875908,5.685447,0.216450,3.548078,1,81.704095,85.594447,1.967997,-1.976808,1,18.295905,14.405553,1.967997,1.976808,1,4.465704,1.782007,0.153854,-1.856178,1,0.075329,0.029586,0.080000,0.571782,1,0.337379,0.114622,0.080000,2.784464,1,0.082031,0.054688,0.120000,0.227865,1,4.876892,2.815792,1.047258,-1.175722
9599686046,TRAINED_VIPASSANA_SHIFT,0.650000,0.502154,0.326400,0.700000,1,HFnu z*=+1.98 | 0.06–0.10 Hz THM z*=+2.70 | LF z*=+2.37,NO_MATCH: SCORE_BELOW_THRESHOLD 0.33 < 0.70,1,70.093458,74.264801,3.695985,-1.128615,1,34.195986,3.509588,0.157689,0.142816,1,5441.920290,8.474990,0.329417,0.385217,1,1915.363384,8.053159,0.323155,-1.533306,1,2835.167898,7.665175,0.120000,2.372343,1,634.875908,5.685447,0.216450,3.548078,1,81.704095,85.594447,1.967997,-1.976808,1,18.295905,14.405553,1.967997,1.976808,1,4.465704,1.782007,0.153854,-1.856178,1,0.075329,0.029586,0.080000,0.571782,1,0.337379,0.114622,0.080000,2.784464,1,0.082031,0.054688,0.120000,0.227865,1,4.876892,2.815792,1.047258,-1.175722
9599686046,AROUSAL_MEDITATION,0.650000,0.020387,0.013252,0.700000,1,HF z*=+3.55 | HR z*=-1.13 | RMSSD z*=+0.14,NO_MATCH: SCORE_BELOW_THRESHOLD 0.01 < 0.70,1,70.093458,74.264801,3.695985,-1.128615,1,34.195986,3.509588,0.157689,0.142816,1,5441.920290,8.474990,0.329417,0.385217,1,1915.363384,8.053159,0.323155,-1.533306,1,2835.167898,7.665175,0.120000,2.372343,1,634.875908,5.685447,0.216450,3.548078,1,81.704095,85.594447,1.967997,-1.976808,1,18.295905,14.405553,1.967997,1.976808,1,4.465704,1.782007,0.153854,-1.856178,1,0.075329,0.029586,0.080000,0.571782,1,0.337379,0.114622,0.080000,2.784464,1,0.082031,0.054688,0.120000,0.227865,1,4.876892,2.815792,1.047258,-1.175722
9599686046,PHASED_VIPASSANA,0.650000,0.000000,0.000000,0.700000,1,,NO_MATCH: SCORE_BELOW_THRESHOLD 0.00 < 0.70,1,70.093458,74.264801,3.695985,-1.128615,1,34.195986,3.509588,0.157689,0.142816,1,5441.920290,8.474990,0.329417,0.385217,1,1915.363384,8.053159,0.323155,-1.533306,1,2835.167898,7.665175,0.120000,2.372343,1,634.875908,5.685447,0.216450,3.548078,1,81.704095,85.594447,1.967997,-1.976808,1,18.295905,14.405553,1.967997,1.976808,1,4.465704,1.782007,0.153854,-1.856178,1,0.075329,0.029586,0.080000,0.571782,1,0.337379,0.114622,0.080000,2.784464,1,0.082031,0.054688,0.120000,0.227865,1,4.876892,2.815792,1.047258,-1.175722
9619734047,RESONANCE_0P1,1.000000,0.627387,0.627387,0.700000,1,LF主峰 0.082 Hz | 主峰/背景 3.75× | 0.075–0.11 Hz占LF+HF 30.6% | 近期主峰频率跨度 0.007 Hz,NO_MATCH: SCORE_BELOW_THRESHOLD 0.63 < 0.70,1,72.815534,74.264801,3.695985,-0.392119,1,34.417315,3.509588,0.157689,0.183729,1,5688.781915,8.474990,0.329417,0.519892,1,2238.552517,8.053159,0.323155,-1.050807,1,2644.791691,7.665175,0.120000,1.793102,1,666.717996,5.685447,0.216450,3.774170,1,79.866645,85.594447,1.967997,-2.910473,1,20.133355,14.405553,1.967997,2.910473,1,3.966882,1.782007,0.153854,-2.626042,1,0.056893,0.029586,0.080000,0.341336,1,0.306109,0.114622,0.080000,2.393587,1,0.082031,0.054688,0.120000,0.227865,1,3.749033,2.815792,1.047258,-1.426863
9619734047,SLOW_RECOVERY_VLF,1.000000,0.597010,0.597010,0.700000,1,HF当前 z*=+3.77 | LF/HF当前 z*=-2.63 | VLF当前 z*=-1.05 | 前序激活证据=0.95,NO_MATCH: SCORE_BELOW_THRESHOLD 0.60 < 0.70,1,72.815534,74.264801,3.695985,-0.392119,1,34.417315,3.509588,0.157689,0.183729,1,5688.781915,8.474990,0.329417,0.519892,1,2238.552517,8.053159,0.323155,-1.050807,1,2644.791691,7.665175,0.120000,1.793102,1,666.717996,5.685447,0.216450,3.774170,1,79.866645,85.594447,1.967997,-2.910473,1,20.133355,14.405553,1.967997,2.910473,1,3.966882,1.782007,0.153854,-2.626042,1,0.056893,0.029586,0.080000,0.341336,1,0.306109,0.114622,0.080000,2.393587,1,0.082031,0.054688,0.120000,0.227865,1,3.749033,2.815792,1.047258,-1.426863
9619734047,INWARD_QUIET,1.000000,0.530901,0.530901,0.700000,1,HF z*=+3.77 | RMSSD z*=+0.18 | HR z*=-0.39 | LF/HF z*=-2.63,NO_MATCH: SCORE_BELOW_THRESHOLD 0.53 < 0.70,1,72.815534,74.264801,3.695985,-0.392119,1,34.417315,3.509588,0.157689,0.183729,1,5688.781915,8.474990,0.329417,0.519892,1,2238.552517,8.053159,0.323155,-1.050807,1,2644.791691,7.665175,0.120000,1.793102,1,666.717996,5.685447,0.216450,3.774170,1,79.866645,85.594447,1.967997,-2.910473,1,20.133355,14.405553,1.967997,2.910473,1,3.966882,1.782007,0.153854,-2.626042,1,0.056893,0.029586,0.080000,0.341336,1,0.306109,0.114622,0.080000,2.393587,1,0.082031,0.054688,0.120000,0.227865,1,3.749033,2.815792,1.047258,-1.426863
9619734047,TRAINED_VIPASSANA_SHIFT,1.000000,0.480000,0.480000,0.700000,1,HFnu z*=+2.91 | 0.06–0.10 Hz THM z*=+2.26 | LF z*=+1.79,NO_MATCH: SCORE_BELOW_THRESHOLD 0.48 < 0.70,1,72.815534,74.264801,3.695985,-0.392119,1,34.417315,3.509588,0.157689,0.183729,1,5688.781915,8.474990,0.329417,0.519892,1,2238.552517,8.053159,0.323155,-1.050807,1,2644.791691,7.665175,0.120000,1.793102,1,666.717996,5.685447,0.216450,3.774170,1,79.866645,85.594447,1.967997,-2.910473,1,20.133355,14.405553,1.967997,2.910473,1,3.966882,1.782007,0.153854,-2.626042,1,0.056893,0.029586,0.080000,0.341336,1,0.306109,0.114622,0.080000,2.393587,1,0.082031,0.054688,0.120000,0.227865,1,3.749033,2.815792,1.047258,-1.426863
9619734047,AROUSAL_MEDITATION,1.000000,0.012049,0.012049,0.700000,1,HF z*=+3.77 | HR z*=-0.39 | RMSSD z*=+0.18,NO_MATCH: SCORE_BELOW_THRESHOLD 0.01 < 0.70,1,72.815534,74.264801,3.695985,-0.392119,1,34.417315,3.509588,0.157689,0.183729,1,5688.781915,8.474990,0.329417,0.519892,1,2238.552517,8.053159,0.323155,-1.050807,1,2644.791691,7.665175,0.120000,1.793102,1,666.717996,5.685447,0.216450,3.774170,1,79.866645,85.594447,1.967997,-2.910473,1,20.133355,14.405553,1.967997,2.910473,1,3.966882,1.782007,0.153854,-2.626042,1,0.056893,0.029586,0.080000,0.341336,1,0.306109,0.114622,0.080000,2.393587,1,0.082031,0.054688,0.120000,0.227865,1,3.749033,2.815792,1.047258,-1.426863
9619734047,PHASED_VIPASSANA,1.000000,0.000000,0.000000,0.700000,1,,NO_MATCH: SCORE_BELOW_THRESHOLD 0.00 < 0.70,1,72.815534,74.264801,3.695985,-0.392119,1,34.417315,3.509588,0.157689,0.183729,1,5688.781915,8.474990,0.329417,0.519892,1,2238.552517,8.053159,0.323155,-1.050807,1,2644.791691,7.665175,0.120000,1.793102,1,666.717996,5.685447,0.216450,3.774170,1,79.866645,85.594447,1.967997,-2.910473,1,20.133355,14.405553,1.967997,2.910473,1,3.966882,1.782007,0.153854,-2.626042,1,0.056893,0.029586,0.080000,0.341336,1,0.306109,0.114622,0.080000,2.393587,1,0.082031,0.054688,0.120000,0.227865,1,3.749033,2.815792,1.047258,-1.426863
9640238047,INWARD_QUIET,1.000000,1.000000,1.000000,0.700000,1,HF z*=+3.67 | RMSSD z*=+1.52 | HR z*=-2.29 | LF/HF z*=-3.41,,1,65.789185,74.264801,3.695985,-2.293196,1,42.510786,3.509588,0.157689,1.523061,1,5604.795581,8.474990,0.329417,0.474740,1,2389.425587,8.053159,0.323155,-0.848974,1,2294.179517,7.665175,0.120000,0.607960,1,652.438361,5.685447,0.216450,3.674145,1,77.858060,85.594447,1.967997,-3.931097,1,22.141940,14.405553,1.967997,3.931097,1,3.516316,1.782007,0.153854,-3.409687,1,0.045839,0.029586,0.080000,0.203161,1,0.264129,0.114622,0.080000,1.868839,1,0.042969,0.054688,0.120000,-0.097656,1,3.864140,2.815792,1.047258,-1.397986
9640238047,TRAINED_VIPASSANA_SHIFT,1.000000,0.480000,0.480000,0.700000,1,HFnu z*=+3.93 | 0.06–0.10 Hz THM z*=+1.36 | LF z*=+0.61,NO_MATCH: SCORE_BELOW_THRESHOLD 0.48 < 0.70,1,65.789185,74.264801,3.695985,-2.293196,1,42.510786,3.509588,0.157689,1.523061,1,5604.795581,8.474990,0.329417,0.474740,1,2389.425587,8.053159,0.323155,-0.848974,1,2294.179517,7.665175,0.120000,0.607960,1,652.438361,5.685447,0.216450,3.674145,1,77.858060,85.594447,1.967997,-3.931097,1,22.141940,14.405553,1.967997,3.931097,1,3.516316,1.782007,0.153854,-3.409687,1,0.045839,0.029586,0.080000,0.203161,1,0.264129,0.114622,0.080000,1.868839,1,0.042969,0.054688,0.120000,-0.097656,1,3.864140,2.815792,1.047258,-1.397986
9640238047,SLOW_RECOVERY_VLF,1.000000,0.360510,0.360510,0.700000,1,HF当前 z*=+3.67 | LF/HF当前 z*=-3.41 | VLF当前 z*=-0.85 | 前序激活证据=0.95,NO_MATCH: SCORE_BELOW_THRESHOLD 0.36 < 0.70,1,65.789185,74.264801,3.695985,-2.293196,1,42.510786,3.509588,0.157689,1.523061,1,5604.795581,8.474990,0.329417,0.474740,1,2389.425587,8.053159,0.323155,-0.848974,1,2294.179517,7.665175,0.120000,0.607960,1,652.438361,5.685447,0.216450,3.674145,1,77.858060,85.594447,1.967997,-3.931097,1,22.141940,14.405553,1.967997,3.931097,1,3.516316,1.782007,0.153854,-3.409687,1,0.045839,0.029586,0.080000,0.203161,1,0.264129,0.114622,0.080000,1.868839,1,0.042969,0.054688,0.120000,-0.097656,1,3.864140,2.815792,1.047258,-1.397986
9640238047,RESONANCE_0P1,1.000000,0.259012,0.259012,0.700000,1,LF主峰 0.043 Hz | 主峰/背景 3.86× | 0.075–0.11 Hz占LF+HF 26.4% | 近期主峰频率跨度 0.023 Hz,NO_MATCH: SCORE_BELOW_THRESHOLD 0.26 < 0.70,1,65.789185,74.264801,3.695985,-2.293196,1,42.510786,3.509588,0.157689,1.523061,1,5604.795581,8.474990,0.329417,0.474740,1,2389.425587,8.053159,0.323155,-0.848974,1,2294.179517,7.665175,0.120000,0.607960,1,652.438361,5.685447,0.216450,3.674145,1,77.858060,85.594447,1.967997,-3.931097,1,22.141940,14.405553,1.967997,3.931097,1,3.516316,1.782007,0.153854,-3.409687,1,0.045839,0.029586,0.080000,0.203161,1,0.264129,0.114622,0.080000,1.868839,1,0.042969,0.054688,0.120000,-0.097656,1,3.864140,2.815792,1.047258,-1.397986
9640238047,PHASED_VIPASSANA,1.000000,0.000000,0.000000,0.700000,1,,NO_MATCH: SCORE_BELOW_THRESHOLD 0.00 < 0.70,1,65.789185,74.264801,3.695985,-2.293196,1,42.510786,3.509588,0.157689,1.523061,1,5604.795581,8.474990,0.329417,0.474740,1,2389.425587,8.053159,0.323155,-0.848974,1,2294.179517,7.665175,0.120000,0.607960,1,652.438361,5.685447,0.216450,3.674145,1,77.858060,85.594447,1.967997,-3.931097,1,22.141940,14.405553,1.967997,3.931097,1,3.516316,1.782007,0.153854,-3.409687,1,0.045839,0.029586,0.080000,0.203161,1,0.264129,0.114622,0.080000,1.868839,1,0.042969,0.054688,0.120000,-0.097656,1,3.864140,2.815792,1.047258,-1.397986
9640238047,AROUSAL_MEDITATION,1.000000,0.000000,0.000000,0.700000,1,HF z*=+3.67 | HR z*=-2.29 | RMSSD z*=+1.52,NO_MATCH: SCORE_BELOW_THRESHOLD 0.00 < 0.70,1,65.789185,74.264801,3.695985,-2.293196,1,42.510786,3.509588,0.157689,1.523061,1,5604.795581,8.474990,0.329417,0.474740,1,2389.425587,8.053159,0.323155,-0.848974,1,2294.179517,7.665175,0.120000,0.607960,1,652.438361,5.685447,0.216450,3.674145,1,77.858060,85.594447,1.967997,-3.931097,1,22.141940,14.405553,1.967997,3.931097,1,3.516316,1.782007,0.153854,-3.409687,1,0.045839,0.029586,0.080000,0.203161,1,0.264129,0.114622,0.080000,1.868839,1,0.042969,0.054688,0.120000,-0.097656,1,3.864140,2.815792,1.047258,-1.397986
9660942043,INWARD_QUIET,1.000000,0.780000,0.780000,0.700000,1,HF z*=+3.27 | RMSSD z*=+2.35 | HR z*=+1.49 | LF/HF z*=-3.71,,1,79.787340,74.264801,3.695985,1.494199,1,48.449861,3.509588,0.157689,2.352362,1,5590.351896,8.474990,0.329417,0.466907,1,2571.281246,8.053159,0.323155,-0.621989,1,2007.581738,7.665175,0.120000,-0.504076,1,598.384855,5.685447,0.216450,3.274595,1,77.037892,85.594447,1.967997,-4.347850,1,22.962108,14.405553,1.967997,4.347850,1,3.355001,1.782007,0.153854,-3.714924,1,0.041444,0.029586,0.080000,0.148229,1,0.207508,0.114622,0.080000,1.161082,1,0.042969,0.054688,0.120000,-0.097656,1,7.905470,2.815792,1.047258,-0.714473
9660942043,TRAINED_VIPASSANA_SHIFT,1.000000,0.498127,0.498127,0.700000,1,HFnu z*=+4.35 | 0.06–0.10 Hz THM z*=+0.15 | LF z*=-0.50,NO_MATCH: SCORE_BELOW_THRESHOLD 0.50 < 0.70,1,79.787340,74.264801,3.695985,1.494199,1,48.449861,3.509588,0.157689,2.352362,1,5590.351896,8.474990,0.329417,0.466907,1,2571.281246,8.053159,0.323155,-0.621989,1,2007.581738,7.665175,0.120000,-0.504076,1,598.384855,5.685447,0.216450,3.274595,1,77.037892,85.594447,1.967997,-4.347850,1,22.962108,14.405553,1.967997,4.347850,1,3.355001,1.782007,0.153854,-3.714924,1,0.041444,0.029586,0.080000,0.148229,1,0.207508,0.114622,0.080000,1.161082,1,0.042969,0.054688,0.120000,-0.097656,1,7.905470,2.815792,1.047258,-0.714473
9660942043,PHASED_VIPASSANA,1.000000,0.465838,0.465838,0.700000,1,中段LF相对两侧 1.12× | 中段HF相对两侧 0.88× | 中段LF/HF相对两侧 1.28×,NO_MATCH: SCORE_BELOW_THRESHOLD 0.47 < 0.70,1,79.787340,74.264801,3.695985,1.494199,1,48.449861,3.509588,0.157689,2.352362,1,5590.351896,8.474990,0.329417,0.466907,1,2571.281246,8.053159,0.323155,-0.621989,1,2007.581738,7.665175,0.120000,-0.504076,1,598.384855,5.685447,0.216450,3.274595,1,77.037892,85.594447,1.967997,-4.347850,1,22.962108,14.405553,1.967997,4.347850,1,3.355001,1.782007,0.153854,-3.714924,1,0.041444,0.029586,0.080000,0.148229,1,0.207508,0.114622,0.080000,1.161082,1,0.042969,0.054688,0.120000,-0.097656,1,7.905470,2.815792,1.047258,-0.714473
9660942043,AROUSAL_MEDITATION,1.000000,0.280000,0.280000,0.700000,1,HF z*=+3.27 | HR z*=+1.49 | RMSSD z*=+2.35,NO_MATCH: SCORE_BELOW_THRESHOLD 0.28 < 0.70,1,79.787340,74.264801,3.695985,1.494199,1,48.449861,3.509588,0.157689,2.352362,1,5590.351896,8.474990,0.329417,0.466907,1,2571.281246,8.053159,0.323155,-0.621989,1,2007.581738,7.665175,0.120000,-0.504076,1,598.384855,5.685447,0.216450,3.274595,1,77.037892,85.594447,1.967997,-4.347850,1,22.962108,14.405553,1.967997,4.347850,1,3.355001,1.782007,0.153854,-3.714924,1,0.041444,0.029586,0.080000,0.148229,1,0.207508,0.114622,0.080000,1.161082,1,0.042969,0.054688,0.120000,-0.097656,1,7.905470,2.815792,1.047258,-0.714473
9660942043,RESONANCE_0P1,1.000000,0.275519,0.275519,0.700000,1,LF主峰 0.043 Hz | 主峰/背景 7.91× | 0.075–0.11 Hz占LF+HF 20.8% | 近期主峰频率跨度 0.039 Hz,NO_MATCH: SCORE_BELOW_THRESHOLD 0.28 < 0.70,1,79.787340,74.264801,3.695985,1.494199,1,48.449861,3.509588,0.157689,2.352362,1,5590.351896,8.474990,0.329417,0.466907,1,2571.281246,8.053159,0.323155,-0.621989,1,2007.581738,7.665175,0.120000,-0.504076,1,598.384855,5.685447,0.216450,3.274595,1,77.037892,85.594447,1.967997,-4.347850,1,22.962108,14.405553,1.967997,4.347850,1,3.355001,1.782007,0.153854,-3.714924,1,0.041444,0.029586,0.080000,0.148229,1,0.207508,0.114622,0.080000,1.161082,1,0.042969,0.054688,0.120000,-0.097656,1,7.905470,2.815792,1.047258,-0.714473
9660942043,SLOW_RECOVERY_VLF,1.000000,0.263230,0.263230,0.700000,1,HF当前 z*=+3.27 | LF/HF当前 z*=-3.71 | VLF当前 z*=-0.62 | 前序激活证据=0.95,NO_MATCH: SCORE_BELOW_THRESHOLD 0.26 < 0.70,1,79.787340,74.264801,3.695985,1.494199,1,48.449861,3.509588,0.157689,2.352362,1,5590.351896,8.474990,0.329417,0.466907,1,2571.281246,8.053159,0.323155,-0.621989,1,2007.581738,7.665175,0.120000,-0.504076,1,598.384855,5.685447,0.216450,3.274595,1,77.037892,85.594447,1.967997,-4.347850,1,22.962108,14.405553,1.967997,4.347850,1,3.355001,1.782007,0.153854,-3.714924,1,0.041444,0.029586,0.080000,0.148229,1,0.207508,0.114622,0.080000,1.161082,1,0.042969,0.054688,0.120000,-0.097656,1,7.905470,2.815792,1.047258,-0.714473
9681150043,INWARD_QUIET,0.650000,0.929014,0.603859,0.700000,1,HF z*=+2.64 | RMSSD z*=+1.85 | HR z*=-0.77 | LF/HF z*=-3.05,NO_MATCH: SCORE_BELOW_THRESHOLD 0.60 < 0.70,1,71.428571,74.264801,3.695985,-0.767381,1,44.785449,3.509588,0.157689,1.853620,1,5776.085137,8.474990,0.329417,0.566125,1,2798.007045,8.053159,0.323155,-0.360496,1,1940.331250,7.665175,0.120000,-0.788011,1,522.091636,5.685447,0.216450,2.644469,1,78.797645,85.594447,1.967997,-3.453665,1,21.202355,14.405553,1.967997,3.453665,1,3.716457,1.782007,0.153854,-3.049884,1,0.039810,0.029586,0.080000,0.127795,1,0.155937,0.114622,0.080000,0.516436,1,0.042969,0.054688,0.120000,-0.097656,1,12.824916,2.815792,1.047258,-0.252471
9681150043,TRAINED_VIPASSANA_SHIFT,0.650000,0.776708,0.504860,0.700000,1,HFnu z*=+3.45 | 0.06–0.10 Hz THM z*=-0.78 | LF z*=-0.79,NO_MATCH: SCORE_BELOW_THRESHOLD 0.50 < 0.70,1,71.428571,74.264801,3.695985,-0.767381,1,44.785449,3.509588,0.157689,1.853620,1,5776.085137,8.474990,0.329417,0.566125,1,2798.007045,8.053159,0.323155,-0.360496,1,1940.331250,7.665175,0.120000,-0.788011,1,522.091636,5.685447,0.216450,2.644469,1,78.797645,85.594447,1.967997,-3.453665,1,21.202355,14.405553,1.967997,3.453665,1,3.716457,1.782007,0.153854,-3.049884,1,0.039810,0.029586,0.080000,0.127795,1,0.155937,0.114622,0.080000,0.516436,1,0.042969,0.054688,0.120000,-0.097656,1,12.824916,2.815792,1.047258,-0.252471
9681150043,PHASED_VIPASSANA,0.650000,0.490917,0.319096,0.700000,1,中段LF相对两侧 1.12× | 中段HF相对两侧 0.82× | 中段LF/HF相对两侧 1.30×,NO_MATCH: SCORE_BELOW_THRESHOLD 0.32 < 0.70,1,71.428571,74.264801,3.695985,-0.767381,1,44.785449,3.509588,0.157689,1.853620,1,5776.085137,8.474990,0.329417,0.566125,1,2798.007045,8.053159,0.323155,-0.360496,1,1940.331250,7.665175,0.120000,-0.788011,1,522.091636,5.685447,0.216450,2.644469,1,78.797645,85.594447,1.967997,-3.453665,1,21.202355,14.405553,1.967997,3.453665,1,3.716457,1.782007,0.153854,-3.049884,1,0.039810,0.029586,0.080000,0.127795,1,0.155937,0.114622,0.080000,0.516436,1,0.042969,0.054688,0.120000,-0.097656,1,12.824916,2.815792,1.047258,-0.252471
9681150043,SLOW_RECOVERY_VLF,0.650000,0.288785,0.187710,0.700000,1,HF当前 z*=+2.64 | LF/HF当前 z*=-3.05 | VLF当前 z*=-0.36 | 前序激活证据=0.95,NO_MATCH: SCORE_BELOW_THRESHOLD 0.19 < 0.70,1,71.428571,74.264801,3.695985,-0.767381,1,44.785449,3.509588,0.157689,1.853620,1,5776.085137,8.474990,0.329417,0.566125,1,2798.007045,8.053159,0.323155,-0.360496,1,1940.331250,7.665175,0.120000,-0.788011,1,522.091636,5.685447,0.216450,2.644469,1,78.797645,85.594447,1.967997,-3.453665,1,21.202355,14.405553,1.967997,3.453665,1,3.716457,1.782007,0.153854,-3.049884,1,0.039810,0.029586,0.080000,0.127795,1,0.155937,0.114622,0.080000,0.516436,1,0.042969,0.054688,0.120000,-0.097656,1,12.824916,2.815792,1.047258,-0.252471
9681150043,RESONANCE_0P1,0.650000,0.288236,0.187353,0.700000,1,LF主峰 0.043 Hz | 主峰/背景 12.82× | 0.075–0.11 Hz占LF+HF 15.6% | 近期主峰频率跨度 0.039 Hz,NO_MATCH: SCORE_BELOW_THRESHOLD 0.19 < 0.70,1,71.428571,74.264801,3.695985,-0.767381,1,44.785449,3.509588,0.157689,1.853620,1,5776.085137,8.474990,0.329417,0.566125,1,2798.007045,8.053159,0.323155,-0.360496,1,1940.331250,7.665175,0.120000,-0.788011,1,522.091636,5.685447,0.216450,2.644469,1,78.797645,85.594447,1.967997,-3.453665,1,21.202355,14.405553,1.967997,3.453665,1,3.716457,1.782007,0.153854,-3.049884,1,0.039810,0.029586,0.080000,0.127795,1,0.155937,0.114622,0.080000,0.516436,1,0.042969,0.054688,0.120000,-0.097656,1,12.824916,2.815792,1.047258,-0.252471
9681150043,AROUSAL_MEDITATION,0.650000,0.000000,0.000000,0.700000,1,HF z*=+2.64 | HR z*=-0.77 | RMSSD z*=+1.85,NO_MATCH: SCORE_BELOW_THRESHOLD 0.00 < 0.70,1,71.428571,74.264801,3.695985,-0.767381,1,44.785449,3.509588,0.157689,1.853620,1,5776.085137,8.474990,0.329417,0.566125,1,2798.007045,8.053159,0.323155,-0.360496,1,1940.331250,7.665175,0.120000,-0.788011,1,522.091636,5.685447,0.216450,2.644469,1,78.797645,85.594447,1.967997,-3.453665,1,21.202355,14.405553,1.967997,3.453665,1,3.716457,1.782007,0.153854,-3.049884,1,0.039810,0.029586,0.080000,0.127795,1,0.155937,0.114622,0.080000,0.516436,1,0.042969,0.054688,0.120000,-0.097656,1,12.824916,2.815792,1.047258,-0.252471
9701222046,TRAINED_VIPASSANA_SHIFT,0.650000,0.977609,0.635446,0.700000,1,HFnu z*=+2.41 | 0.06–0.10 Hz THM z*=-1.32 | LF z*=-0.64,NO_MATCH: SCORE_BELOW_THRESHOLD 0.64 < 0.70,1,69.444444,73.529322,3.114950,-1.311378,1,45.968573,3.524622,0.237466,1.277384,1,5920.236924,8.553184,0.221806,0.599387,1,2912.823752,7.944176,0.225092,0.145283,1,2037.399379,7.696598,0.120000,-0.643072,1,439.046004,5.814481,0.306291,0.881917,1,82.271121,84.930749,1.103141,-2.410959,1,17.728879,15.069251,1.103141,2.410959,1,4.640515,1.730120,0.120000,-1.627458,1,0.039434,0.032225,0.080000,0.090121,1,0.133840,0.189375,0.152738,-0.363599,1,0.042969,0.054688,0.120000,-0.097656,1,12.509240,2.462609,0.781595,0.081702
9701222046,INWARD_QUIET,0.650000,0.920878,0.598571,0.700000,1,HF z*=+0.88 | RMSSD z*=+1.28 | HR z*=-1.31 | LF/HF z*=-1.63,NO_MATCH: SCORE_BELOW_THRESHOLD 0.60 < 0.70,1,69.444444,73.529322,3.114950,-1.311378,1,45.968573,3.524622,0.237466,1.277384,1,5920.236924,8.553184,0.221806,0.599387,1,2912.823752,7.944176,0.225092,0.145283,1,2037.399379,7.696598,0.120000,-0.643072,1,439.046004,5.814481,0.306291,0.881917,1,82.271121,84.930749,1.103141,-2.410959,1,17.728879,15.069251,1.103141,2.410959,1,4.640515,1.730120,0.120000,-1.627458,1,0.039434,0.032225,0.080000,0.090121,1,0.133840,0.189375,0.152738,-0.363599,1,0.042969,0.054688,0.120000,-0.097656,1,12.509240,2.462609,0.781595,0.081702
9701222046,PHASED_VIPASSANA,0.650000,0.422798,0.274819,0.700000,1,中段LF相对两侧 1.07× | 中段HF相对两侧 0.80× | 中段LF/HF相对两侧 1.29×,NO_MATCH: SCORE_BELOW_THRESHOLD 0.27 < 0.70,1,69.444444,73.529322,3.114950,-1.311378,1,45.968573,3.524622,0.237466,1.277384,1,5920.236924,8.553184,0.221806,0.599387,1,2912.823752,7.944176,0.225092,0.145283,1,2037.399379,7.696598,0.120000,-0.643072,1,439.046004,5.814481,0.306291,0.881917,1,82.271121,84.930749,1.103141,-2.410959,1,17.728879,15.069251,1.103141,2.410959,1,4.640515,1.730120,0.120000,-1.627458,1,0.039434,0.032225,0.080000,0.090121,1,0.133840,0.189375,0.152738,-0.363599,1,0.042969,0.054688,0.120000,-0.097656,1,12.509240,2.462609,0.781595,0.081702
9701222046,RESONANCE_0P1,0.650000,0.336254,0.218565,0.700000,1,LF主峰 0.043 Hz | 主峰/背景 12.51× | 0.075–0.11 Hz占LF+HF 13.4% | 近期主峰频率跨度 0.023 Hz,NO_MATCH: SCORE_BELOW_THRESHOLD 0.22 < 0.70,1,69.444444,73.529322,3.114950,-1.311378,1,45.968573,3.524622,0.237466,1.277384,1,5920.236924,8.553184,0.221806,0.599387,1,2912.823752,7.944176,0.225092,0.145283,1,2037.399379,7.696598,0.120000,-0.643072,1,439.046004,5.814481,0.306291,0.881917,1,82.271121,84.930749,1.103141,-2.410959,1,17.728879,15.069251,1.103141,2.410959,1,4.640515,1.730120,0.120000,-1.627458,1,0.039434,0.032225,0.080000,0.090121,1,0.133840,0.189375,0.152738,-0.363599,1,0.042969,0.054688,0.120000,-0.097656,1,12.509240,2.462609,0.781595,0.081702
9701222046,SLOW_RECOVERY_VLF,0.650000,0.301480,0.195962,0.700000,1,HF当前 z*=+0.88 | LF/HF当前 z*=-1.63 | VLF当前 z*=+0.15 | 前序激活证据=1.00,NO_MATCH: SCORE_BELOW_THRESHOLD 0.20 < 0.70,1,69.444444,73.529322,3.114950,-1.311378,1,45.968573,3.524622,0.237466,1.277384,1,5920.236924,8.553184,0.221806,0.599387,1,2912.823752,7.944176,0.225092,0.145283,1,2037.399379,7.696598,0.120000,-0.643072,1,439.046004,5.814481,0.306291,0.881917,1,82.271121,84.930749,1.103141,-2.410959,1,17.728879,15.069251,1.103141,2.410959,1,4.640515,1.730120,0.120000,-1.627458,1,0.039434,0.032225,0.080000,0.090121,1,0.133840,0.189375,0.152738,-0.363599,1,0.042969,0.054688,0.120000,-0.097656,1,12.509240,2.462609,0.781595,0.081702
9701222046,AROUSAL_MEDITATION,0.650000,0.000000,0.000000,0.700000,1,HF z*=+0.88 | HR z*=-1.31 | RMSSD z*=+1.28,NO_MATCH: SCORE_BELOW_THRESHOLD 0.00 < 0.70,1,69.444444,73.529322,3.114950,-1.311378,1,45.968573,3.524622,0.237466,1.277384,1,5920.236924,8.553184,0.221806,0.599387,1,2912.823752,7.944176,0.225092,0.145283,1,2037.399379,7.696598,0.120000,-0.643072,1,439.046004,5.814481,0.306291,0.881917,1,82.271121,84.930749,1.103141,-2.410959,1,17.728879,15.069251,1.103141,2.410959,1,4.640515,1.730120,0.120000,-1.627458,1,0.039434,0.032225,0.080000,0.090121,1,0.133840,0.189375,0.152738,-0.363599,1,0.042969,0.054688,0.120000,-0.097656,1,12.509240,2.462609,0.781595,0.081702
9721334044,SLOW_RECOVERY_VLF,1.000000,0.509823,0.509823,0.700000,1,HF当前 z*=+0.20 | LF/HF当前 z*=+0.66 | VLF当前 z*=-0.39 | 前序激活证据=1.00,NO_MATCH: SCORE_BELOW_THRESHOLD 0.51 < 0.70,1,63.559322,73.529322,3.114950,-3.200693,1,43.768770,3.524622,0.237466,1.070882,1,5559.693388,8.553184,0.221806,0.316106,1,2581.059113,7.944176,0.225092,-0.391933,1,2175.887914,7.696598,0.120000,-0.095050,1,356.313812,5.814481,0.306291,0.200237,1,85.928696,84.930749,1.103141,0.904641,1,14.071304,15.069251,1.103141,-0.904641,1,6.106662,1.730120,0.120000,0.660500,1,0.040883,0.032225,0.080000,0.108229,1,0.158428,0.189375,0.152738,-0.202615,1,0.042969,0.054688,0.120000,-0.097656,1,8.927009,2.462609,0.781595,-0.349961
9721334044,INWARD_QUIET,1.000000,0.440505,0.440505,0.700000,1,HF z*=+0.20 | RMSSD z*=+1.07 | HR z*=-3.20 | LF/HF z*=+0.66,NO_MATCH: SCORE_BELOW_THRESHOLD 0.44 < 0.70,1,63.559322,73.529322,3.114950,-3.200693,1,43.768770,3.524622,0.237466,1.070882,1,5559.693388,8.553184,0.221806,0.316106,1,2581.059113,7.944176,0.225092,-0.391933,1,2175.887914,7.696598,0.120000,-0.095050,1,356.313812,5.814481,0.306291,0.200237,1,85.928696,84.930749,1.103141,0.904641,1,14.071304,15.069251,1.103141,-0.904641,1,6.106662,1.730120,0.120000,0.660500,1,0.040883,0.032225,0.080000,0.108229,1,0.158428,0.189375,0.152738,-0.202615,1,0.042969,0.054688,0.120000,-0.097656,1,8.927009,2.462609,0.781595,-0.349961
9721334044,RESONANCE_0P1,1.000000,0.395519,0.395519,0.700000,1,LF主峰 0.043 Hz | 主峰/背景 8.93× | 0.075–0.11 Hz占LF+HF 15.8% | 近期主峰频率跨度 0.000 Hz,NO_MATCH: SCORE_BELOW_THRESHOLD 0.40 < 0.70,1,63.559322,73.529322,3.114950,-3.200693,1,43.768770,3.524622,0.237466,1.070882,1,5559.693388,8.553184,0.221806,0.316106,1,2581.059113,7.944176,0.225092,-0.391933,1,2175.887914,7.696598,0.120000,-0.095050,1,356.313812,5.814481,0.306291,0.200237,1,85.928696,84.930749,1.103141,0.904641,1,14.071304,15.069251,1.103141,-0.904641,1,6.106662,1.730120,0.120000,0.660500,1,0.040883,0.032225,0.080000,0.108229,1,0.158428,0.189375,0.152738,-0.202615,1,0.042969,0.054688,0.120000,-0.097656,1,8.927009,2.462609,0.781595,-0.349961
9721334044,PHASED_VIPASSANA,1.000000,0.320000,0.320000,0.700000,1,中段LF相对两侧 0.99× | 中段HF相对两侧 0.79× | 中段LF/HF相对两侧 1.27×,NO_MATCH: SCORE_BELOW_THRESHOLD 0.32 < 0.70,1,63.559322,73.529322,3.114950,-3.200693,1,43.768770,3.524622,0.237466,1.070882,1,5559.693388,8.553184,0.221806,0.316106,1,2581.059113,7.944176,0.225092,-0.391933,1,2175.887914,7.696598,0.120000,-0.095050,1,356.313812,5.814481,0.306291,0.200237,1,85.928696,84.930749,1.103141,0.904641,1,14.071304,15.069251,1.103141,-0.904641,1,6.106662,1.730120,0.120000,0.660500,1,0.040883,0.032225,0.080000,0.108229,1,0.158428,0.189375,0.152738,-0.202615,1,0.042969,0.054688,0.120000,-0.097656,1,8.927009,2.462609,0.781595,-0.349961
9721334044,TRAINED_VIPASSANA_SHIFT,1.000000,0.115619,0.115619,0.700000,1,HFnu z*=-0.90 | 0.06–0.10 Hz THM z*=-0.58 | LF z*=-0.10,NO_MATCH: SCORE_BELOW_THRESHOLD 0.12 < 0.70,1,63.559322,73.529322,3.114950,-3.200693,1,43.768770,3.524622,0.237466,1.070882,1,5559.693388,8.553184,0.221806,0.316106,1,2581.059113,7.944176,0.225092,-0.391933,1,2175.887914,7.696598,0.120000,-0.095050,1,356.313812,5.814481,0.306291,0.200237,1,85.928696,84.930749,1.103141,0.904641,1,14.071304,15.069251,1.103141,-0.904641,1,6.106662,1.730120,0.120000,0.660500,1,0.040883,0.032225,0.080000,0.108229,1,0.158428,0.189375,0.152738,-0.202615,1,0.042969,0.054688,0.120000,-0.097656,1,8.927009,2.462609,0.781595,-0.349961
9721334044,AROUSAL_MEDITATION,1.000000,0.000000,0.000000,0.700000,1,HF z*=+0.20 | HR z*=-3.20 | RMSSD z*=+1.07,NO_MATCH: SCORE_BELOW_THRESHOLD 0.00 < 0.70,1,63.559322,73.529322,3.114950,-3.200693,1,43.768770,3.524622,0.237466,1.070882,1,5559.693388,8.553184,0.221806,0.316106,1,2581.059113,7.944176,0.225092,-0.391933,1,2175.887914,7.696598,0.120000,-0.095050,1,356.313812,5.814481,0.306291,0.200237,1,85.928696,84.930749,1.103141,0.904641,1,14.071304,15.069251,1.103141,-0.904641,1,6.106662,1.730120,0.120000,0.660500,1,0.040883,0.032225,0.080000,0.108229,1,0.158428,0.189375,0.152738,-0.202615,1,0.042969,0.054688,0.120000,-0.097656,1,8.927009,2.462609,0.781595,-0.349961
9741598043,SLOW_RECOVERY_VLF,1.000000,0.709117,0.709117,0.700000,1,HF当前 z*=-0.43 | LF/HF当前 z*=+2.67 | VLF当前 z*=-1.59 | 前序激活证据=1.00,,1,68.807576,73.529322,3.114950,-1.515833,1,48.056932,3.524622,0.237466,1.464478,1,4851.256135,8.553184,0.221806,-0.298418,1,1970.473676,7.944176,0.225092,-1.591111,1,2286.395936,7.696598,0.120000,0.317783,1,294.034074,5.814481,0.306291,-0.426997,1,88.605230,84.930749,1.103141,3.330925,1,11.394770,15.069251,1.103141,-3.330925,1,7.775956,1.730120,0.120000,2.674301,1,0.044603,0.032225,0.080000,0.154732,1,0.240600,0.189375,0.152738,0.335380,1,0.046875,0.054688,0.120000,-0.065104,1,9.236107,2.462609,0.781595,-0.306410
9741598043,INWARD_QUIET,1.000000,0.480000,0.480000,0.700000,1,HF z*=-0.43 | RMSSD z*=+1.46 | HR z*=-1.52 | LF/HF z*=+2.67,NO_MATCH: SCORE_BELOW_THRESHOLD 0.48 < 0.70,1,68.807576,73.529322,3.114950,-1.515833,1,48.056932,3.524622,0.237466,1.464478,1,4851.256135,8.553184,0.221806,-0.298418,1,1970.473676,7.944176,0.225092,-1.591111,1,2286.395936,7.696598,0.120000,0.317783,1,294.034074,5.814481,0.306291,-0.426997,1,88.605230,84.930749,1.103141,3.330925,1,11.394770,15.069251,1.103141,-3.330925,1,7.775956,1.730120,0.120000,2.674301,1,0.044603,0.032225,0.080000,0.154732,1,0.240600,0.189375,0.152738,0.335380,1,0.046875,0.054688,0.120000,-0.065104,1,9.236107,2.462609,0.781595,-0.306410
9741598043,PHASED_VIPASSANA,1.000000,0.416876,0.416876,0.700000,1,中段LF相对两侧 1.08× | 中段HF相对两侧 0.82× | 中段LF/HF相对两侧 1.30×,NO_MATCH: SCORE_BELOW_THRESHOLD 0.42 < 0.70,1,68.807576,73.529322,3.114950,-1.515833,1,48.056932,3.524622,0.237466,1.464478,1,4851.256135,8.553184,0.221806,-0.298418,1,1970.473676,7.944176,0.225092,-1.591111,1,2286.395936,7.696598,0.120000,0.317783,1,294.034074,5.814481,0.306291,-0.426997,1,88.605230,84.930749,1.103141,3.330925,1,11.394770,15.069251,1.103141,-3.330925,1,7.775956,1.730120,0.120000,2.674301,1,0.044603,0.032225,0.080000,0.154732,1,0.240600,0.189375,0.152738,0.335380,1,0.046875,0.054688,0.120000,-0.065104,1,9.236107,2.462609,0.781595,-0.306410
9741598043,RESONANCE_0P1,1.000000,0.415701,0.415701,0.700000,1,LF主峰 0.047 Hz | 主峰/背景 9.24× | 0.075–0.11 Hz占LF+HF 24.1% | 近期主峰频率跨度 0.002 Hz,NO_MATCH: SCORE_BELOW_THRESHOLD 0.42 < 0.70,1,68.807576,73.529322,3.114950,-1.515833,1,48.056932,3.524622,0.237466,1.464478,1,4851.256135,8.553184,0.221806,-0.298418,1,1970.473676,7.944176,0.225092,-1.591111,1,2286.395936,7.696598,0.120000,0.317783,1,294.034074,5.814481,0.306291,-0.426997,1,88.605230,84.930749,1.103141,3.330925,1,11.394770,15.069251,1.103141,-3.330925,1,7.775956,1.730120,0.120000,2.674301,1,0.044603,0.032225,0.080000,0.154732,1,0.240600,0.189375,0.152738,0.335380,1,0.046875,0.054688,0.120000,-0.065104,1,9.236107,2.462609,0.781595,-0.306410
9741598043,AROUSAL_MEDITATION,1.000000,0.047104,0.047104,0.700000,1,HF z*=-0.43 | HR z*=-1.52 | RMSSD z*=+1.46,NO_MATCH: SCORE_BELOW_THRESHOLD 0.05 < 0.70,1,68.807576,73.529322,3.114950,-1.515833,1,48.056932,3.524622,0.237466,1.464478,1,4851.256135,8.553184,0.221806,-0.298418,1,1970.473676,7.944176,0.225092,-1.591111,1,2286.395936,7.696598,0.120000,0.317783,1,294.034074,5.814481,0.306291,-0.426997,1,88.605230,84.930749,1.103141,3.330925,1,11.394770,15.069251,1.103141,-3.330925,1,7.775956,1.730120,0.120000,2.674301,1,0.044603,0.032225,0.080000,0.154732,1,0.240600,0.189375,0.152738,0.335380,1,0.046875,0.054688,0.120000,-0.065104,1,9.236107,2.462609,0.781595,-0.306410
9741598043,TRAINED_VIPASSANA_SHIFT,1.000000,0.000000,0.000000,0.700000,1,HFnu z*=-3.33 | 0.06–0.10 Hz THM z*=+0.59 | LF z*=+0.32,NO_MATCH: SCORE_BELOW_THRESHOLD 0.00 < 0.70,1,68.807576,73.529322,3.114950,-1.515833,1,48.056932,3.524622,0.237466,1.464478,1,4851.256135,8.553184,0.221806,-0.298418,1,1970.473676,7.944176,0.225092,-1.591111,1,2286.395936,7.696598,0.120000,0.317783,1,294.034074,5.814481,0.306291,-0.426997,1,88.605230,84.930749,1.103141,3.330925,1,11.394770,15.069251,1.103141,-3.330925,1,7.775956,1.730120,0.120000,2.674301,1,0.044603,0.032225,0.080000,0.154732,1,0.240600,0.189375,0.152738,0.335380,1,0.046875,0.054688,0.120000,-0.065104,1,9.236107,2.462609,0.781595,-0.306410
9761718043,SLOW_RECOVERY_VLF,0.650000,0.714353,0.464329,0.700000,1,HF当前 z*=-0.76 | LF/HF当前 z*=+4.03 | VLF当前 z*=-2.61 | 前序激活证据=1.00,NO_MATCH: SCORE_BELOW_THRESHOLD 0.46 < 0.70,1,70.754884,73.529322,3.114950,-0.890684,1,45.696164,3.524622,0.237466,1.252355,1,4418.799024,8.553184,0.221806,-0.719370,1,1565.584975,7.944176,0.225092,-2.612977,1,2424.658353,7.696598,0.120000,0.807065,1,265.133024,5.814481,0.306291,-0.764794,1,90.142989,84.930749,1.103141,4.724908,1,9.857011,15.069251,1.103141,-4.724908,1,9.145064,1.730120,0.120000,4.025783,1,0.048909,0.032225,0.080000,0.208550,1,0.369128,0.189375,0.152738,1.176872,1,0.046875,0.054688,0.120000,-0.065104,1,12.375629,2.462609,0.781595,0.067963
9761718043,RESONANCE_0P1,0.650000,0.536750,0.348888,0.700000,1,LF主峰 0.047 Hz | 主峰/背景 12.38× | 0.075–0.11 Hz占LF+HF 36.9% | 近期主峰频率跨度 0.004 Hz,NO_MATCH: SCORE_BELOW_THRESHOLD 0.35 < 0.70,1,70.754884,73.529322,3.114950,-0.890684,1,45.696164,3.524622,0.237466,1.252355,1,4418.799024,8.553184,0.221806,-0.719370,1,1565.584975,7.944176,0.225092,-2.612977,1,2424.658353,7.696598,0.120000,0.807065,1,265.133024,5.814481,0.306291,-0.764794,1,90.142989,84.930749,1.103141,4.724908,1,9.857011,15.069251,1.103141,-4.724908,1,9.145064,1.730120,0.120000,4.025783,1,0.048909,0.032225,0.080000,0.208550,1,0.369128,0.189375,0.152738,1.176872,1,0.046875,0.054688,0.120000,-0.065104,1,12.375629,2.462609,0.781595,0.067963
9761718043,INWARD_QUIET,0.650000,0.418401,0.271960,0.700000,1,HF z*=-0.76 | RMSSD z*=+1.25 | HR z*=-0.89 | LF/HF z*=+4.03,NO_MATCH: SCORE_BELOW_THRESHOLD 0.27 < 0.70,1,70.754884,73.529322,3.114950,-0.890684,1,45.696164,3.524622,0.237466,1.252355,1,4418.799024,8.553184,0.221806,-0.719370,1,1565.584975,7.944176,0.225092,-2.612977,1,2424.658353,7.696598,0.120000,0.807065,1,265.133024,5.814481,0.306291,-0.764794,1,90.142989,84.930749,1.103141,4.724908,1,9.857011,15.069251,1.103141,-4.724908,1,9.145064,1.730120,0.120000,4.025783,1,0.048909,0.032225,0.080000,0.208550,1,0.369128,0.189375,0.152738,1.176872,1,0.046875,0.054688,0.120000,-0.065104,1,12.375629,2.462609,0.781595,0.067963
9761718043,PHASED_VIPASSANA,0.650000,0.334769,0.217600,0.700000,1,中段LF相对两侧 0.98× | 中段HF相对两侧 0.80× | 中段LF/HF相对两侧 1.26×,NO_MATCH: SCORE_BELOW_THRESHOLD 0.22 < 0.70,1,70.754884,73.529322,3.114950,-0.890684,1,45.696164,3.524622,0.237466,1.252355,1,4418.799024,8.553184,0.221806,-0.719370,1,1565.584975,7.944176,0.225092,-2.612977,1,2424.658353,7.696598,0.120000,0.807065,1,265.133024,5.814481,0.306291,-0.764794,1,90.142989,84.930749,1.103141,4.724908,1,9.857011,15.069251,1.103141,-4.724908,1,9.145064,1.730120,0.120000,4.025783,1,0.048909,0.032225,0.080000,0.208550,1,0.369128,0.189375,0.152738,1.176872,1,0.046875,0.054688,0.120000,-0.065104,1,12.375629,2.462609,0.781595,0.067963
9761718043,AROUSAL_MEDITATION,0.650000,0.265468,0.172554,0.700000,1,HF z*=-0.76 | HR z*=-0.89 | RMSSD z*=+1.25,NO_MATCH: SCORE_BELOW_THRESHOLD 0.17 < 0.70,1,70.754884,73.529322,3.114950,-0.890684,1,45.696164,3.524622,0.237466,1.252355,1,4418.799024,8.553184,0.221806,-0.719370,1,1565.584975,7.944176,0.225092,-2.612977,1,2424.658353,7.696598,0.120000,0.807065,1,265.133024,5.814481,0.306291,-0.764794,1,90.142989,84.930749,1.103141,4.724908,1,9.857011,15.069251,1.103141,-4.724908,1,9.145064,1.730120,0.120000,4.025783,1,0.048909,0.032225,0.080000,0.208550,1,0.369128,0.189375,0.152738,1.176872,1,0.046875,0.054688,0.120000,-0.065104,1,12.375629,2.462609,0.781595,0.067963
9761718043,TRAINED_VIPASSANA_SHIFT,0.650000,0.000000,0.000000,0.700000,1,HFnu z*=-4.72 | 0.06–0.10 Hz THM z*=+1.88 | LF z*=+0.81,NO_MATCH: SCORE_BELOW_THRESHOLD 0.00 < 0.70,1,70.754884,73.529322,3.114950,-0.890684,1,45.696164,3.524622,0.237466,1.252355,1,4418.799024,8.553184,0.221806,-0.719370,1,1565.584975,7.944176,0.225092,-2.612977,1,2424.658353,7.696598,0.120000,0.807065,1,265.133024,5.814481,0.306291,-0.764794,1,90.142989,84.930749,1.103141,4.724908,1,9.857011,15.069251,1.103141,-4.724908,1,9.145064,1.730120,0.120000,4.025783,1,0.048909,0.032225,0.080000,0.208550,1,0.369128,0.189375,0.152738,1.176872,1,0.046875,0.054688,0.120000,-0.065104,1,12.375629,2.462609,0.781595,0.067963
9782534047,SLOW_RECOVERY_VLF,0.650000,0.648863,0.421761,0.700000,1,HF当前 z*=-0.77 | LF/HF当前 z*=+4.86 | VLF当前 z*=-2.72 | 前序激活证据=1.00,NO_MATCH: SCORE_BELOW_THRESHOLD 0.42 < 0.70,1,68.181586,73.529322,3.114950,-1.716796,1,41.634425,3.524622,0.237466,0.860354,1,4539.827491,8.553184,0.221806,-0.597547,1,1528.268363,7.944176,0.225092,-2.720152,1,2679.375600,7.696598,0.120000,1.639508,1,264.919191,5.814481,0.306291,-0.767428,1,91.002287,84.930749,1.103141,5.503864,1,8.997713,15.069251,1.103141,-5.503864,1,10.113935,1.730120,0.120000,4.864950,1,0.054755,0.032225,0.080000,0.281634,1,0.503907,0.189375,0.152738,2.059294,1,0.046875,0.054688,0.120000,-0.065104,1,11.457505,2.462609,0.781595,-0.030661
9782534047,RESONANCE_0P1,0.650000,0.643568,0.418319,0.700000,1,LF主峰 0.047 Hz | 主峰/背景 11.46× | 0.075–0.11 Hz占LF+HF 50.4% | 近期主峰频率跨度 0.004 Hz,NO_MATCH: SCORE_BELOW_THRESHOLD 0.42 < 0.70,1,68.181586,73.529322,3.114950,-1.716796,1,41.634425,3.524622,0.237466,0.860354,1,4539.827491,8.553184,0.221806,-0.597547,1,1528.268363,7.944176,0.225092,-2.720152,1,2679.375600,7.696598,0.120000,1.639508,1,264.919191,5.814481,0.306291,-0.767428,1,91.002287,84.930749,1.103141,5.503864,1,8.997713,15.069251,1.103141,-5.503864,1,10.113935,1.730120,0.120000,4.864950,1,0.054755,0.032225,0.080000,0.281634,1,0.503907,0.189375,0.152738,2.059294,1,0.046875,0.054688,0.120000,-0.065104,1,11.457505,2.462609,0.781595,-0.030661
9782534047,INWARD_QUIET,0.650000,0.393467,0.255754,0.700000,1,HF z*=-0.77 | RMSSD z*=+0.86 | HR z*=-1.72 | LF/HF z*=+4.86,NO_MATCH: SCORE_BELOW_THRESHOLD 0.26 < 0.70,1,68.181586,73.529322,3.114950,-1.716796,1,41.634425,3.524622,0.237466,0.860354,1,4539.827491,8.553184,0.221806,-0.597547,1,1528.268363,7.944176,0.225092,-2.720152,1,2679.375600,7.696598,0.120000,1.639508,1,264.919191,5.814481,0.306291,-0.767428,1,91.002287,84.930749,1.103141,5.503864,1,8.997713,15.069251,1.103141,-5.503864,1,10.113935,1.730120,0.120000,4.864950,1,0.054755,0.032225,0.080000,0.281634,1,0.503907,0.189375,0.152738,2.059294,1,0.046875,0.054688,0.120000,-0.065104,1,11.457505,2.462609,0.781595,-0.030661
9782534047,PHASED_VIPASSANA,0.650000,0.278234,0.180852,0.700000,1,中段LF相对两侧 0.90× | 中段HF相对两侧 0.79× | 中段LF/HF相对两侧 1.20×,NO_MATCH: SCORE_BELOW_THRESHOLD 0.18 < 0.70,1,68.181586,73.529322,3.114950,-1.716796,1,41.634425,3.524622,0.237466,0.860354,1,4539.827491,8.553184,0.221806,-0.597547,1,1528.268363,7.944176,0.225092,-2.720152,1,2679.375600,7.696598,0.120000,1.639508,1,264.919191,5.814481,0.306291,-0.767428,1,91.002287,84.930749,1.103141,5.503864,1,8.997713,15.069251,1.103141,-5.503864,1,10.113935,1.730120,0.120000,4.864950,1,0.054755,0.032225,0.080000,0.281634,1,0.503907,0.189375,0.152738,2.059294,1,0.046875,0.054688,0.120000,-0.065104,1,11.457505,2.462609,0.781595,-0.030661
9782534047,AROUSAL_MEDITATION,0.650000,0.267154,0.173650,0.700000,1,HF z*=-0.77 | HR z*=-1.72 | RMSSD z*=+0.86,NO_MATCH: SCORE_BELOW_THRESHOLD 0.17 < 0.70,1,68.181586,73.529322,3.114950,-1.716796,1,41.634425,3.524622,0.237466,0.860354,1,4539.827491,8.553184,0.221806,-0.597547,1,1528.268363,7.944176,0.225092,-2.720152,1,2679.375600,7.696598,0.120000,1.639508,1,264.919191,5.814481,0.306291,-0.767428,1,91.002287,84.930749,1.103141,5.503864,1,8.997713,15.069251,1.103141,-5.503864,1,10.113935,1.730120,0.120000,4.864950,1,0.054755,0.032225,0.080000,0.281634,1,0.503907,0.189375,0.152738,2.059294,1,0.046875,0.054688,0.120000,-0.065104,1,11.457505,2.462609,0.781595,-0.030661
9782534047,TRAINED_VIPASSANA_SHIFT,0.650000,0.000000,0.000000,0.700000,1,HFnu z*=-5.50 | 0.06–0.10 Hz THM z*=+3.18 | LF z*=+1.64,NO_MATCH: SCORE_BELOW_THRESHOLD 0.00 < 0.70,1,68.181586,73.529322,3.114950,-1.716796,1,41.634425,3.524622,0.237466,0.860354,1,4539.827491,8.553184,0.221806,-0.597547,1,1528.268363,7.944176,0.225092,-2.720152,1,2679.375600,7.696598,0.120000,1.639508,1,264.919191,5.814481,0.306291,-0.767428,1,91.002287,84.930749,1.103141,5.503864,1,8.997713,15.069251,1.103141,-5.503864,1,10.113935,1.730120,0.120000,4.864950,1,0.054755,0.032225,0.080000,0.281634,1,0.503907,0.189375,0.152738,2.059294,1,0.046875,0.054688,0.120000,-0.065104,1,11.457505,2.462609,0.781595,-0.030661
9802894046,RESONANCE_0P1,0.650000,0.912033,0.592821,0.700000,1,LF主峰 0.086 Hz | 主峰/背景 12.37× | 0.075–0.11 Hz占LF+HF 58.5% | 近期主峰频率跨度 0.026 Hz,NO_MATCH: SCORE_BELOW_THRESHOLD 0.59 < 0.70,1,60.483871,73.529322,3.114950,-4.188012,1,46.402554,3.524622,0.237466,1.316954,1,4991.367992,8.553184,0.221806,-0.170052,1,1713.931898,7.944176,0.225092,-2.210785,1,2972.694658,7.696598,0.120000,2.505217,1,276.593255,5.814481,0.306291,-0.626637,1,91.487573,84.930749,1.103141,5.943777,1,8.512427,15.069251,1.103141,-5.943777,1,10.747531,1.730120,0.120000,5.371299,1,0.064635,0.032225,0.080000,0.405130,1,0.584597,0.189375,0.152738,2.587590,1,0.085938,0.054688,0.120000,0.260417,1,12.370408,2.462609,0.781595,0.067424
9802894046,SLOW_RECOVERY_VLF,0.650000,0.690104,0.448568,0.700000,1,HF当前 z*=-0.63 | LF/HF当前 z*=+5.37 | VLF当前 z*=-2.21 | 前序激活证据=1.00,NO_MATCH: SCORE_BELOW_THRESHOLD 0.45 < 0.70,1,60.483871,73.529322,3.114950,-4.188012,1,46.402554,3.524622,0.237466,1.316954,1,4991.367992,8.553184,0.221806,-0.170052,1,1713.931898,7.944176,0.225092,-2.210785,1,2972.694658,7.696598,0.120000,2.505217,1,276.593255,5.814481,0.306291,-0.626637,1,91.487573,84.930749,1.103141,5.943777,1,8.512427,15.069251,1.103141,-5.943777,1,10.747531,1.730120,0.120000,5.371299,1,0.064635,0.032225,0.080000,0.405130,1,0.584597,0.189375,0.152738,2.587590,1,0.085938,0.054688,0.120000,0.260417,1,12.370408,2.462609,0.781595,0.067424
9802894046,INWARD_QUIET,0.650000,0.502154,0.326400,0.700000,1,HF z*=-0.63 | RMSSD z*=+1.32 | HR z*=-4.19 | LF/HF z*=+5.37,NO_MATCH: SCORE_BELOW_THRESHOLD 0.33 < 0.70,1,60.483871,73.529322,3.114950,-4.188012,1,46.402554,3.524622,0.237466,1.316954,1,4991.367992,8.553184,0.221806,-0.170052,1,1713.931898,7.944176,0.225092,-2.210785,1,2972.694658,7.696598,0.120000,2.505217,1,276.593255,5.814481,0.306291,-0.626637,1,91.487573,84.930749,1.103141,5.943777,1,8.512427,15.069251,1.103141,-5.943777,1,10.747531,1.730120,0.120000,5.371299,1,0.064635,0.032225,0.080000,0.405130,1,0.584597,0.189375,0.152738,2.587590,1,0.085938,0.054688,0.120000,0.260417,1,12.370408,2.462609,0.781595,0.067424
9802894046,PHASED_VIPASSANA,0.650000,0.288707,0.187659,0.700000,1,中段LF相对两侧 1.00× | 中段HF相对两侧 0.80× | 中段LF/HF相对两侧 1.21×,NO_MATCH: SCORE_BELOW_THRESHOLD 0.19 < 0.70,1,60.483871,73.529322,3.114950,-4.188012,1,46.402554,3.524622,0.237466,1.316954,1,4991.367992,8.553184,0.221806,-0.170052,1,1713.931898,7.944176,0.225092,-2.210785,1,2972.694658,7.696598,0.120000,2.505217,1,276.593255,5.814481,0.306291,-0.626637,1,91.487573,84.930749,1.103141,5.943777,1,8.512427,15.069251,1.103141,-5.943777,1,10.747531,1.730120,0.120000,5.371299,1,0.064635,0.032225,0.080000,0.405130,1,0.584597,0.189375,0.152738,2.587590,1,0.085938,0.054688,0.120000,0.260417,1,12.370408,2.462609,0.781595,0.067424
9802894046,AROUSAL_MEDITATION,0.650000,0.177047,0.115081,0.700000,1,HF z*=-0.63 | HR z*=-4.19 | RMSSD z*=+1.32,NO_MATCH: SCORE_BELOW_THRESHOLD 0.12 < 0.70,1,60.483871,73.529322,3.114950,-4.188012,1,46.402554,3.524622,0.237466,1.316954,1,4991.367992,8.553184,0.221806,-0.170052,1,1713.931898,7.944176,0.225092,-2.210785,1,2972.694658,7.696598,0.120000,2.505217,1,276.593255,5.814481,0.306291,-0.626637,1,91.487573,84.930749,1.103141,5.943777,1,8.512427,15.069251,1.103141,-5.943777,1,10.747531,1.730120,0.120000,5.371299,1,0.064635,0.032225,0.080000,0.405130,1,0.584597,0.189375,0.152738,2.587590,1,0.085938,0.054688,0.120000,0.260417,1,12.370408,2.462609,0.781595,0.067424
9802894046,TRAINED_VIPASSANA_SHIFT,0.650000,0.000000,0.000000,0.700000,1,HFnu z*=-5.94 | 0.06–0.10 Hz THM z*=+4.10 | LF z*=+2.51,NO_MATCH: SCORE_BELOW_THRESHOLD 0.00 < 0.70,1,60.483871,73.529322,3.114950,-4.188012,1,46.402554,3.524622,0.237466,1.316954,1,4991.367992,8.553184,0.221806,-0.170052,1,1713.931898,7.944176,0.225092,-2.210785,1,2972.694658,7.696598,0.120000,2.505217,1,276.593255,5.814481,0.306291,-0.626637,1,91.487573,84.930749,1.103141,5.943777,1,8.512427,15.069251,1.103141,-5.943777,1,10.747531,1.730120,0.120000,5.371299,1,0.064635,0.032225,0.080000,0.405130,1,0.584597,0.189375,0.152738,2.587590,1,0.085938,0.054688,0.120000,0.260417,1,12.370408,2.462609,0.781595,0.067424
9823366043,RESONANCE_0P1,0.650000,0.875783,0.569259,0.700000,1,LF主峰 0.086 Hz | 主峰/背景 22.09× | 0.075–0.11 Hz占LF+HF 60.7% | 近期主峰频率跨度 0.039 Hz,NO_MATCH: SCORE_BELOW_THRESHOLD 0.57 < 0.70,1,64.102701,72.822396,3.229001,-2.700431,1,48.961891,3.604707,0.179978,1.590948,1,5414.072400,8.474990,0.231861,0.525172,1,1969.427370,7.835193,0.366588,-0.681133,1,3132.545890,7.728021,0.120000,2.679837,1,286.520710,5.685447,0.216450,-0.127680,1,91.619914,85.594447,2.160632,2.788753,1,8.380086,14.405553,2.160632,-2.788753,1,10.933052,1.782007,0.168335,3.622439,1,0.060582,0.034863,0.080000,0.321490,1,0.607192,0.264129,0.219880,1.560231,1,0.085938,0.054688,0.120000,0.260417,1,22.091969,2.515729,0.602385,0.961985
9823366043,SLOW_RECOVERY_VLF,0.650000,0.521589,0.339033,0.700000,1,HF当前 z*=-0.13 | LF/HF当前 z*=+3.62 | VLF当前 z*=-0.68 | 前序激活证据=0.95,NO_MATCH: SCORE_BELOW_THRESHOLD 0.34 < 0.70,1,64.102701,72.822396,3.229001,-2.700431,1,48.961891,3.604707,0.179978,1.590948,1,5414.072400,8.474990,0.231861,0.525172,1,1969.427370,7.835193,0.366588,-0.681133,1,3132.545890,7.728021,0.120000,2.679837,1,286.520710,5.685447,0.216450,-0.127680,1,91.619914,85.594447,2.160632,2.788753,1,8.380086,14.405553,2.160632,-2.788753,1,10.933052,1.782007,0.168335,3.622439,1,0.060582,0.034863,0.080000,0.321490,1,0.607192,0.264129,0.219880,1.560231,1,0.085938,0.054688,0.120000,0.260417,1,22.091969,2.515729,0.602385,0.961985
9823366043,INWARD_QUIET,0.650000,0.502154,0.326400,0.700000,1,HF z*=-0.13 | RMSSD z*=+1.59 | HR z*=-2.70 | LF/HF z*=+3.62,NO_MATCH: SCORE_BELOW_THRESHOLD 0.33 < 0.70,1,64.102701,72.822396,3.229001,-2.700431,1,48.961891,3.604707,0.179978,1.590948,1,5414.072400,8.474990,0.231861,0.525172,1,1969.427370,7.835193,0.366588,-0.681133,1,3132.545890,7.728021,0.120000,2.679837,1,286.520710,5.685447,0.216450,-0.127680,1,91.619914,85.594447,2.160632,2.788753,1,8.380086,14.405553,2.160632,-2.788753,1,10.933052,1.782007,0.168335,3.622439,1,0.060582,0.034863,0.080000,0.321490,1,0.607192,0.264129,0.219880,1.560231,1,0.085938,0.054688,0.120000,0.260417,1,22.091969,2.515729,0.602385,0.961985
9823366043,PHASED_VIPASSANA,0.650000,0.253742,0.164932,0.700000,1,中段LF相对两侧 0.90× | 中段HF相对两侧 0.77× | 中段LF/HF相对两侧 1.18×,NO_MATCH: SCORE_BELOW_THRESHOLD 0.16 < 0.70,1,64.102701,72.822396,3.229001,-2.700431,1,48.961891,3.604707,0.179978,1.590948,1,5414.072400,8.474990,0.231861,0.525172,1,1969.427370,7.835193,0.366588,-0.681133,1,3132.545890,7.728021,0.120000,2.679837,1,286.520710,5.685447,0.216450,-0.127680,1,91.619914,85.594447,2.160632,2.788753,1,8.380086,14.405553,2.160632,-2.788753,1,10.933052,1.782007,0.168335,3.622439,1,0.060582,0.034863,0.080000,0.321490,1,0.607192,0.264129,0.219880,1.560231,1,0.085938,0.054688,0.120000,0.260417,1,22.091969,2.515729,0.602385,0.961985
9823366043,AROUSAL_MEDITATION,0.650000,0.000000,0.000000,0.700000,1,HF z*=-0.13 | HR z*=-2.70 | RMSSD z*=+1.59,NO_MATCH: SCORE_BELOW_THRESHOLD 0.00 < 0.70,1,64.102701,72.822396,3.229001,-2.700431,1,48.961891,3.604707,0.179978,1.590948,1,5414.072400,8.474990,0.231861,0.525172,1,1969.427370,7.835193,0.366588,-0.681133,1,3132.545890,7.728021,0.120000,2.679837,1,286.520710,5.685447,0.216450,-0.127680,1,91.619914,85.594447,2.160632,2.788753,1,8.380086,14.405553,2.160632,-2.788753,1,10.933052,1.782007,0.168335,3.622439,1,0.060582,0.034863,0.080000,0.321490,1,0.607192,0.264129,0.219880,1.560231,1,0.085938,0.054688,0.120000,0.260417,1,22.091969,2.515729,0.602385,0.961985
9823366043,TRAINED_VIPASSANA_SHIFT,0.650000,0.000000,0.000000,0.700000,1,HFnu z*=-2.79 | 0.06–0.10 Hz THM z*=+3.77 | LF z*=+2.68,NO_MATCH: SCORE_BELOW_THRESHOLD 0.00 < 0.70,1,64.102701,72.822396,3.229001,-2.700431,1,48.961891,3.604707,0.179978,1.590948,1,5414.072400,8.474990,0.231861,0.525172,1,1969.427370,7.835193,0.366588,-0.681133,1,3132.545890,7.728021,0.120000,2.679837,1,286.520710,5.685447,0.216450,-0.127680,1,91.619914,85.594447,2.160632,2.788753,1,8.380086,14.405553,2.160632,-2.788753,1,10.933052,1.782007,0.168335,3.622439,1,0.060582,0.034863,0.080000,0.321490,1,0.607192,0.264129,0.219880,1.560231,1,0.085938,0.054688,0.120000,0.260417,1,22.091969,2.515729,0.602385,0.961985
9843638043,RESONANCE_0P1,0.650000,0.875783,0.569259,0.700000,1,LF主峰 0.086 Hz | 主峰/背景 17.39× | 0.075–0.11 Hz占LF+HF 58.3% | 近期主峰频率跨度 0.039 Hz,NO_MATCH: SCORE_BELOW_THRESHOLD 0.57 < 0.70,1,71.428571,72.822396,3.229001,-0.431658,1,58.732199,3.604707,0.179978,2.601883,1,5546.326998,8.474990,0.231861,0.629262,1,2220.794768,7.835193,0.366588,-0.353457,1,2995.874205,7.728021,0.120000,2.308087,1,290.712100,5.685447,0.216450,-0.060586,1,91.154588,85.594447,2.160632,2.573387,1,8.845412,14.405553,2.160632,-2.573387,1,10.305296,1.782007,0.168335,3.271160,1,0.053987,0.034863,0.080000,0.239047,1,0.583498,0.264129,0.219880,1.452474,1,0.085938,0.054688,0.120000,0.260417,1,17.391206,2.515729,0.602385,0.564814
9843638043,SLOW_RECOVERY_VLF,0.650000,0.574883,0.373674,0.700000,1,HF当前 z*=-0.06 | LF/HF当前 z*=+3.27 | VLF当前 z*=-0.35 | 前序激活证据=0.95,NO_MATCH: SCORE_BELOW_THRESHOLD 0.37 < 0.70,1,71.428571,72.822396,3.229001,-0.431658,1,58.732199,3.604707,0.179978,2.601883,1,5546.326998,8.474990,0.231861,0.629262,1,2220.794768,7.835193,0.366588,-0.353457,1,2995.874205,7.728021,0.120000,2.308087,1,290.712100,5.685447,0.216450,-0.060586,1,91.154588,85.594447,2.160632,2.573387,1,8.845412,14.405553,2.160632,-2.573387,1,10.305296,1.782007,0.168335,3.271160,1,0.053987,0.034863,0.080000,0.239047,1,0.583498,0.264129,0.219880,1.452474,1,0.085938,0.054688,0.120000,0.260417,1,17.391206,2.515729,0.602385,0.564814
9843638043,INWARD_QUIET,0.650000,0.294111,0.191172,0.700000,1,HF z*=-0.06 | RMSSD z*=+2.60 | HR z*=-0.43 | LF/HF z*=+3.27,NO_MATCH: SCORE_BELOW_THRESHOLD 0.19 < 0.70,1,71.428571,72.822396,3.229001,-0.431658,1,58.732199,3.604707,0.179978,2.601883,1,5546.326998,8.474990,0.231861,0.629262,1,2220.794768,7.835193,0.366588,-0.353457,1,2995.874205,7.728021,0.120000,2.308087,1,290.712100,5.685447,0.216450,-0.060586,1,91.154588,85.594447,2.160632,2.573387,1,8.845412,14.405553,2.160632,-2.573387,1,10.305296,1.782007,0.168335,3.271160,1,0.053987,0.034863,0.080000,0.239047,1,0.583498,0.264129,0.219880,1.452474,1,0.085938,0.054688,0.120000,0.260417,1,17.391206,2.515729,0.602385,0.564814
9843638043,PHASED_VIPASSANA,0.650000,0.239463,0.155651,0.700000,1,中段LF相对两侧 0.90× | 中段HF相对两侧 0.81× | 中段LF/HF相对两侧 1.17×,NO_MATCH: SCORE_BELOW_THRESHOLD 0.16 < 0.70,1,71.428571,72.822396,3.229001,-0.431658,1,58.732199,3.604707,0.179978,2.601883,1,5546.326998,8.474990,0.231861,0.629262,1,2220.794768,7.835193,0.366588,-0.353457,1,2995.874205,7.728021,0.120000,2.308087,1,290.712100,5.685447,0.216450,-0.060586,1,91.154588,85.594447,2.160632,2.573387,1,8.845412,14.405553,2.160632,-2.573387,1,10.305296,1.782007,0.168335,3.271160,1,0.053987,0.034863,0.080000,0.239047,1,0.583498,0.264129,0.219880,1.452474,1,0.085938,0.054688,0.120000,0.260417,1,17.391206,2.515729,0.602385,0.564814
9843638043,AROUSAL_MEDITATION,0.650000,0.000000,0.000000,0.700000,1,HF z*=-0.06 | HR z*=-0.43 | RMSSD z*=+2.60,NO_MATCH: SCORE_BELOW_THRESHOLD 0.00 < 0.70,1,71.428571,72.822396,3.229001,-0.431658,1,58.732199,3.604707,0.179978,2.601883,1,5546.326998,8.474990,0.231861,0.629262,1,2220.794768,7.835193,0.366588,-0.353457,1,2995.874205,7.728021,0.120000,2.308087,1,290.712100,5.685447,0.216450,-0.060586,1,91.154588,85.594447,2.160632,2.573387,1,8.845412,14.405553,2.160632,-2.573387,1,10.305296,1.782007,0.168335,3.271160,1,0.053987,0.034863,0.080000,0.239047,1,0.583498,0.264129,0.219880,1.452474,1,0.085938,0.054688,0.120000,0.260417,1,17.391206,2.515729,0.602385,0.564814
9843638043,TRAINED_VIPASSANA_SHIFT,0.650000,0.000000,0.000000,0.700000,1,HFnu z*=-2.57 | 0.06–0.10 Hz THM z*=+3.54 | LF z*=+2.31,NO_MATCH: SCORE_BELOW_THRESHOLD 0.00 < 0.70,1,71.428571,72.822396,3.229001,-0.431658,1,58.732199,3.604707,0.179978,2.601883,1,5546.326998,8.474990,0.231861,0.629262,1,2220.794768,7.835193,0.366588,-0.353457,1,2995.874205,7.728021,0.120000,2.308087,1,290.712100,5.685447,0.216450,-0.060586,1,91.154588,85.594447,2.160632,2.573387,1,8.845412,14.405553,2.160632,-2.573387,1,10.305296,1.782007,0.168335,3.271160,1,0.053987,0.034863,0.080000,0.239047,1,0.583498,0.264129,0.219880,1.452474,1,0.085938,0.054688,0.120000,0.260417,1,17.391206,2.515729,0.602385,0.564814
9863678047,RESONANCE_0P1,1.000000,0.855746,0.855746,0.700000,1,LF主峰 0.086 Hz | 主峰/背景 14.35× | 0.075–0.11 Hz占LF+HF 51.4% | 近期主峰频率跨度 0.023 Hz,,1,66.371535,72.822396,3.229001,-1.997788,1,63.198440,3.604707,0.179978,3.009109,1,5135.582784,8.474990,0.231861,0.297414,1,2161.048148,7.835193,0.366588,-0.427850,1,2631.521559,7.728021,0.120000,1.227472,1,288.943762,5.685447,0.216450,-0.088774,1,90.106242,85.594447,2.160632,2.088184,1,9.893758,14.405553,2.160632,-2.088184,1,9.107383,1.782007,0.168335,2.537074,1,0.051117,0.034863,0.080000,0.203169,1,0.513964,0.264129,0.219880,1.136235,1,0.085938,0.054688,0.120000,0.260417,1,14.346339,2.515729,0.602385,0.245301
9863678047,INWARD_QUIET,1.000000,0.480000,0.480000,0.700000,1,HF z*=-0.09 | RMSSD z*=+3.01 | HR z*=-2.00 | LF/HF z*=+2.54,NO_MATCH: SCORE_BELOW_THRESHOLD 0.48 < 0.70,1,66.371535,72.822396,3.229001,-1.997788,1,63.198440,3.604707,0.179978,3.009109,1,5135.582784,8.474990,0.231861,0.297414,1,2161.048148,7.835193,0.366588,-0.427850,1,2631.521559,7.728021,0.120000,1.227472,1,288.943762,5.685447,0.216450,-0.088774,1,90.106242,85.594447,2.160632,2.088184,1,9.893758,14.405553,2.160632,-2.088184,1,9.107383,1.782007,0.168335,2.537074,1,0.051117,0.034863,0.080000,0.203169,1,0.513964,0.264129,0.219880,1.136235,1,0.085938,0.054688,0.120000,0.260417,1,14.346339,2.515729,0.602385,0.245301
9863678047,SLOW_RECOVERY_VLF,1.000000,0.399521,0.399521,0.700000,1,HF当前 z*=-0.09 | LF/HF当前 z*=+2.54 | VLF当前 z*=-0.43 | 前序激活证据=0.95,NO_MATCH: SCORE_BELOW_THRESHOLD 0.40 < 0.70,1,66.371535,72.822396,3.229001,-1.997788,1,63.198440,3.604707,0.179978,3.009109,1,5135.582784,8.474990,0.231861,0.297414,1,2161.048148,7.835193,0.366588,-0.427850,1,2631.521559,7.728021,0.120000,1.227472,1,288.943762,5.685447,0.216450,-0.088774,1,90.106242,85.594447,2.160632,2.088184,1,9.893758,14.405553,2.160632,-2.088184,1,9.107383,1.782007,0.168335,2.537074,1,0.051117,0.034863,0.080000,0.203169,1,0.513964,0.264129,0.219880,1.136235,1,0.085938,0.054688,0.120000,0.260417,1,14.346339,2.515729,0.602385,0.245301
9863678047,PHASED_VIPASSANA,1.000000,0.207335,0.207335,0.700000,1,中段LF相对两侧 0.89× | 中段HF相对两侧 0.81× | 中段LF/HF相对两侧 1.16×,NO_MATCH: SCORE_BELOW_THRESHOLD 0.21 < 0.70,1,66.371535,72.822396,3.229001,-1.997788,1,63.198440,3.604707,0.179978,3.009109,1,5135.582784,8.474990,0.231861,0.297414,1,2161.048148,7.835193,0.366588,-0.427850,1,2631.521559,7.728021,0.120000,1.227472,1,288.943762,5.685447,0.216450,-0.088774,1,90.106242,85.594447,2.160632,2.088184,1,9.893758,14.405553,2.160632,-2.088184,1,9.107383,1.782007,0.168335,2.537074,1,0.051117,0.034863,0.080000,0.203169,1,0.513964,0.264129,0.219880,1.136235,1,0.085938,0.054688,0.120000,0.260417,1,14.346339,2.515729,0.602385,0.245301
9863678047,AROUSAL_MEDITATION,1.000000,0.000000,0.000000,0.700000,1,HF z*=-0.09 | HR z*=-2.00 | RMSSD z*=+3.01,NO_MATCH: SCORE_BELOW_THRESHOLD 0.00 < 0.70,1,66.371535,72.822396,3.229001,-1.997788,1,63.198440,3.604707,0.179978,3.009109,1,5135.582784,8.474990,0.231861,0.297414,1,2161.048148,7.835193,0.366588,-0.427850,1,2631.521559,7.728021,0.120000,1.227472,1,288.943762,5.685447,0.216450,-0.088774,1,90.106242,85.594447,2.160632,2.088184,1,9.893758,14.405553,2.160632,-2.088184,1,9.107383,1.782007,0.168335,2.537074,1,0.051117,0.034863,0.080000,0.203169,1,0.513964,0.264129,0.219880,1.136235,1,0.085938,0.054688,0.120000,0.260417,1,14.346339,2.515729,0.602385,0.245301
9863678047,TRAINED_VIPASSANA_SHIFT,1.000000,0.000000,0.000000,0.700000,1,HFnu z*=-2.09 | 0.06–0.10 Hz THM z*=+2.80 | LF z*=+1.23,NO_MATCH: SCORE_BELOW_THRESHOLD 0.00 < 0.70,1,66.371535,72.822396,3.229001,-1.997788,1,63.198440,3.604707,0.179978,3.009109,1,5135.582784,8.474990,0.231861,0.297414,1,2161.048148,7.835193,0.366588,-0.427850,1,2631.521559,7.728021,0.120000,1.227472,1,288.943762,5.685447,0.216450,-0.088774,1,90.106242,85.594447,2.160632,2.088184,1,9.893758,14.405553,2.160632,-2.088184,1,9.107383,1.782007,0.168335,2.537074,1,0.051117,0.034863,0.080000,0.203169,1,0.513964,0.264129,0.219880,1.136235,1,0.085938,0.054688,0.120000,0.260417,1,14.346339,2.515729,0.602385,0.245301
9884126047,SLOW_RECOVERY_VLF,1.000000,0.530380,0.530380,0.700000,1,HF当前 z*=-0.15 | LF/HF当前 z*=+2.02 | VLF当前 z*=-0.59 | 前序激活证据=0.95,NO_MATCH: SCORE_BELOW_THRESHOLD 0.53 < 0.70,1,70.093540,72.822396,3.229001,-0.845109,1,61.687121,3.604707,0.179978,2.874623,1,4777.527486,8.474990,0.231861,-0.014283,1,2036.541127,7.835193,0.366588,-0.589723,1,2382.099516,7.728021,0.120000,0.397639,1,285.387003,5.685447,0.216450,-0.145997,1,89.301277,85.594447,2.160632,1.715623,1,10.698723,14.405553,2.160632,-1.715623,1,8.346910,1.782007,0.168335,2.019095,1,0.049372,0.034863,0.080000,0.181364,1,0.376665,0.264129,0.219880,0.511806,1,0.046875,0.054688,0.120000,-0.065104,1,6.398809,2.515729,0.602385,-1.095010
9884126047,RESONANCE_0P1,1.000000,0.444680,0.444680,0.700000,1,LF主峰 0.047 Hz | 主峰/背景 6.40× | 0.075–0.11 Hz占LF+HF 37.7% | 近期主峰频率跨度 0.023 Hz,NO_MATCH: SCORE_BELOW_THRESHOLD 0.44 < 0.70,1,70.093540,72.822396,3.229001,-0.845109,1,61.687121,3.604707,0.179978,2.874623,1,4777.527486,8.474990,0.231861,-0.014283,1,2036.541127,7.835193,0.366588,-0.589723,1,2382.099516,7.728021,0.120000,0.397639,1,285.387003,5.685447,0.216450,-0.145997,1,89.301277,85.594447,2.160632,1.715623,1,10.698723,14.405553,2.160632,-1.715623,1,8.346910,1.782007,0.168335,2.019095,1,0.049372,0.034863,0.080000,0.181364,1,0.376665,0.264129,0.219880,0.511806,1,0.046875,0.054688,0.120000,-0.065104,1,6.398809,2.515729,0.602385,-1.095010
9884126047,INWARD_QUIET,1.000000,0.388146,0.388146,0.700000,1,HF z*=-0.15 | RMSSD z*=+2.87 | HR z*=-0.85 | LF/HF z*=+2.02,NO_MATCH: SCORE_BELOW_THRESHOLD 0.39 < 0.70,1,70.093540,72.822396,3.229001,-0.845109,1,61.687121,3.604707,0.179978,2.874623,1,4777.527486,8.474990,0.231861,-0.014283,1,2036.541127,7.835193,0.366588,-0.589723,1,2382.099516,7.728021,0.120000,0.397639,1,285.387003,5.685447,0.216450,-0.145997,1,89.301277,85.594447,2.160632,1.715623,1,10.698723,14.405553,2.160632,-1.715623,1,8.346910,1.782007,0.168335,2.019095,1,0.049372,0.034863,0.080000,0.181364,1,0.376665,0.264129,0.219880,0.511806,1,0.046875,0.054688,0.120000,-0.065104,1,6.398809,2.515729,0.602385,-1.095010
9884126047,PHASED_VIPASSANA,1.000000,0.000000,0.000000,0.700000,1,中段LF相对两侧 0.95× | 中段HF相对两侧 0.97× | 中段LF/HF相对两侧 0.99×,NO_MATCH: SCORE_BELOW_THRESHOLD 0.00 < 0.70,1,70.093540,72.822396,3.229001,-0.845109,1,61.687121,3.604707,0.179978,2.874623,1,4777.527486,8.474990,0.231861,-0.014283,1,2036.541127,7.835193,0.366588,-0.589723,1,2382.099516,7.728021,0.120000,0.397639,1,285.387003,5.685447,0.216450,-0.145997,1,89.301277,85.594447,2.160632,1.715623,1,10.698723,14.405553,2.160632,-1.715623,1,8.346910,1.782007,0.168335,2.019095,1,0.049372,0.034863,0.080000,0.181364,1,0.376665,0.264129,0.219880,0.511806,1,0.046875,0.054688,0.120000,-0.065104,1,6.398809,2.515729,0.602385,-1.095010
9884126047,AROUSAL_MEDITATION,1.000000,0.000000,0.000000,0.700000,1,HF z*=-0.15 | HR z*=-0.85 | RMSSD z*=+2.87,NO_MATCH: SCORE_BELOW_THRESHOLD 0.00 < 0.70,1,70.093540,72.822396,3.229001,-0.845109,1,61.687121,3.604707,0.179978,2.874623,1,4777.527486,8.474990,0.231861,-0.014283,1,2036.541127,7.835193,0.366588,-0.589723,1,2382.099516,7.728021,0.120000,0.397639,1,285.387003,5.685447,0.216450,-0.145997,1,89.301277,85.594447,2.160632,1.715623,1,10.698723,14.405553,2.160632,-1.715623,1,8.346910,1.782007,0.168335,2.019095,1,0.049372,0.034863,0.080000,0.181364,1,0.376665,0.264129,0.219880,0.511806,1,0.046875,0.054688,0.120000,-0.065104,1,6.398809,2.515729,0.602385,-1.095010
9884126047,TRAINED_VIPASSANA_SHIFT,1.000000,0.000000,0.000000,0.700000,1,HFnu z*=-1.72 | 0.06–0.10 Hz THM z*=+2.01 | LF z*=+0.40,NO_MATCH: SCORE_BELOW_THRESHOLD 0.00 < 0.70,1,70.093540,72.822396,3.229001,-0.845109,1,61.687121,3.604707,0.179978,2.874623,1,4777.527486,8.474990,0.231861,-0.014283,1,2036.541127,7.835193,0.366588,-0.589723,1,2382.099516,7.728021,0.120000,0.397639,1,285.387003,5.685447,0.216450,-0.145997,1,89.301277,85.594447,2.160632,1.715623,1,10.698723,14.405553,2.160632,-1.715623,1,8.346910,1.782007,0.168335,2.019095,1,0.049372,0.034863,0.080000,0.181364,1,0.376665,0.264129,0.219880,0.511806,1,0.046875,0.054688,0.120000,-0.065104,1,6.398809,2.515729,0.602385,-1.095010
9904438046,SLOW_RECOVERY_VLF,1.000000,0.569979,0.569979,0.700000,1,HF当前 z*=-0.01 | LF/HF当前 z*=+2.25 | VLF当前 z*=-0.85 | 前序激活证据=0.95,NO_MATCH: SCORE_BELOW_THRESHOLD 0.57 < 0.70,1,68.807024,72.822396,3.229001,-1.243534,1,39.865054,3.604707,0.179978,0.448907,1,4789.054801,8.474990,0.231861,-0.003889,1,1852.744842,7.835193,0.366588,-0.847736,1,2550.503165,7.728021,0.120000,0.966875,1,294.086347,5.685447,0.216450,-0.007271,1,89.661554,85.594447,2.160632,1.882370,1,10.338446,14.405553,2.160632,-1.882370,1,8.672634,1.782007,0.168335,2.246505,1,0.052893,0.034863,0.080000,0.225370,1,0.225331,0.264129,0.219880,-0.176448,1,0.070312,0.054688,0.120000,0.130208,1,4.846275,2.515729,0.602385,-1.556346
9904438046,RESONANCE_0P1,1.000000,0.417518,0.417518,0.700000,1,LF主峰 0.070 Hz | 主峰/背景 4.85× | 0.075–0.11 Hz占LF+HF 22.5% | 近期主峰频率跨度 0.030 Hz,NO_MATCH: SCORE_BELOW_THRESHOLD 0.42 < 0.70,1,68.807024,72.822396,3.229001,-1.243534,1,39.865054,3.604707,0.179978,0.448907,1,4789.054801,8.474990,0.231861,-0.003889,1,1852.744842,7.835193,0.366588,-0.847736,1,2550.503165,7.728021,0.120000,0.966875,1,294.086347,5.685447,0.216450,-0.007271,1,89.661554,85.594447,2.160632,1.882370,1,10.338446,14.405553,2.160632,-1.882370,1,8.672634,1.782007,0.168335,2.246505,1,0.052893,0.034863,0.080000,0.225370,1,0.225331,0.264129,0.219880,-0.176448,1,0.070312,0.054688,0.120000,0.130208,1,4.846275,2.515729,0.602385,-1.556346
9904438046,INWARD_QUIET,1.000000,0.250254,0.250254,0.700000,1,HF z*=-0.01 | RMSSD z*=+0.45 | HR z*=-1.24 | LF/HF z*=+2.25,NO_MATCH: SCORE_BELOW_THRESHOLD 0.25 < 0.70,1,68.807024,72.822396,3.229001,-1.243534,1,39.865054,3.604707,0.179978,0.448907,1,4789.054801,8.474990,0.231861,-0.003889,1,1852.744842,7.835193,0.366588,-0.847736,1,2550.503165,7.728021,0.120000,0.966875,1,294.086347,5.685447,0.216450,-0.007271,1,89.661554,85.594447,2.160632,1.882370,1,10.338446,14.405553,2.160632,-1.882370,1,8.672634,1.782007,0.168335,2.246505,1,0.052893,0.034863,0.080000,0.225370,1,0.225331,0.264129,0.219880,-0.176448,1,0.070312,0.054688,0.120000,0.130208,1,4.846275,2.515729,0.602385,-1.556346
9904438046,PHASED_VIPASSANA,1.000000,0.000000,0.000000,0.700000,1,中段LF相对两侧 1.00× | 中段HF相对两侧 0.94× | 中段LF/HF相对两侧 0.99×,NO_MATCH: SCORE_BELOW_THRESHOLD 0.00 < 0.70,1,68.807024,72.822396,3.229001,-1.243534,1,39.865054,3.604707,0.179978,0.448907,1,4789.054801,8.474990,0.231861,-0.003889,1,1852.744842,7.835193,0.366588,-0.847736,1,2550.503165,7.728021,0.120000,0.966875,1,294.086347,5.685447,0.216450,-0.007271,1,89.661554,85.594447,2.160632,1.882370,1,10.338446,14.405553,2.160632,-1.882370,1,8.672634,1.782007,0.168335,2.246505,1,0.052893,0.034863,0.080000,0.225370,1,0.225331,0.264129,0.219880,-0.176448,1,0.070312,0.054688,0.120000,0.130208,1,4.846275,2.515729,0.602385,-1.556346
9904438046,AROUSAL_MEDITATION,1.000000,0.000000,0.000000,0.700000,1,HF z*=-0.01 | HR z*=-1.24 | RMSSD z*=+0.45,NO_MATCH: SCORE_BELOW_THRESHOLD 0.00 < 0.70,1,68.807024,72.822396,3.229001,-1.243534,1,39.865054,3.604707,0.179978,0.448907,1,4789.054801,8.474990,0.231861,-0.003889,1,1852.744842,7.835193,0.366588,-0.847736,1,2550.503165,7.728021,0.120000,0.966875,1,294.086347,5.685447,0.216450,-0.007271,1,89.661554,85.594447,2.160632,1.882370,1,10.338446,14.405553,2.160632,-1.882370,1,8.672634,1.782007,0.168335,2.246505,1,0.052893,0.034863,0.080000,0.225370,1,0.225331,0.264129,0.219880,-0.176448,1,0.070312,0.054688,0.120000,0.130208,1,4.846275,2.515729,0.602385,-1.556346
9904438046,TRAINED_VIPASSANA_SHIFT,1.000000,0.000000,0.000000,0.700000,1,HFnu z*=-1.88 | 0.06–0.10 Hz THM z*=+1.88 | LF z*=+0.97,NO_MATCH: SCORE_BELOW_THRESHOLD 0.00 < 0.70,1,68.807024,72.822396,3.229001,-1.243534,1,39.865054,3.604707,0.179978,0.448907,1,4789.054801,8.474990,0.231861,-0.003889,1,1852.744842,7.835193,0.366588,-0.847736,1,2550.503165,7.728021,0.120000,0.966875,1,294.086347,5.685447,0.216450,-0.007271,1,89.661554,85.594447,2.160632,1.882370,1,10.338446,14.405553,2.160632,-1.882370,1,8.672634,1.782007,0.168335,2.246505,1,0.052893,0.034863,0.080000,0.225370,1,0.225331,0.264129,0.219880,-0.176448,1,0.070312,0.054688,0.120000,0.130208,1,4.846275,2.515729,0.602385,-1.556346
9924894043,SLOW_RECOVERY_VLF,0.650000,0.747489,0.485868,0.700000,1,HF当前 z*=+0.80 | LF/HF当前 z*=+2.42 | VLF当前 z*=-1.18 | 前序激活证据=0.95,NO_MATCH: SCORE_BELOW_THRESHOLD 0.49 < 0.70,1,70.754550,72.822396,3.229001,-0.640398,1,44.139142,3.604707,0.179978,1.014793,1,5216.888399,8.474990,0.231861,0.365161,1,1639.381255,7.835193,0.366588,-1.181488,1,3122.888152,7.728021,0.120000,2.654105,1,349.946350,5.685447,0.216450,0.796177,1,89.923322,85.594447,2.160632,2.003523,1,10.076678,14.405553,2.160632,-2.003523,1,8.923905,1.782007,0.168335,2.416174,1,0.058224,0.034863,0.080000,0.292011,1,0.137500,0.264129,0.219880,-0.575901,1,0.070312,0.054688,0.120000,0.130208,1,7.167460,2.515729,0.602385,-0.906693
9924894043,INWARD_QUIET,0.650000,0.467089,0.303608,0.700000,1,HF z*=+0.80 | RMSSD z*=+1.01 | HR z*=-0.64 | LF/HF z*=+2.42,NO_MATCH: SCORE_BELOW_THRESHOLD 0.30 < 0.70,1,70.754550,72.822396,3.229001,-0.640398,1,44.139142,3.604707,0.179978,1.014793,1,5216.888399,8.474990,0.231861,0.365161,1,1639.381255,7.835193,0.366588,-1.181488,1,3122.888152,7.728021,0.120000,2.654105,1,349.946350,5.685447,0.216450,0.796177,1,89.923322,85.594447,2.160632,2.003523,1,10.076678,14.405553,2.160632,-2.003523,1,8.923905,1.782007,0.168335,2.416174,1,0.058224,0.034863,0.080000,0.292011,1,0.137500,0.264129,0.219880,-0.575901,1,0.070312,0.054688,0.120000,0.130208,1,7.167460,2.515729,0.602385,-0.906693
9924894043,RESONANCE_0P1,0.650000,0.446132,0.289986,0.700000,1,LF主峰 0.070 Hz | 主峰/背景 7.17× | 0.075–0.11 Hz占LF+HF 13.7% | 近期主峰频率跨度 0.030 Hz,NO_MATCH: SCORE_BELOW_THRESHOLD 0.29 < 0.70,1,70.754550,72.822396,3.229001,-0.640398,1,44.139142,3.604707,0.179978,1.014793,1,5216.888399,8.474990,0.231861,0.365161,1,1639.381255,7.835193,0.366588,-1.181488,1,3122.888152,7.728021,0.120000,2.654105,1,349.946350,5.685447,0.216450,0.796177,1,89.923322,85.594447,2.160632,2.003523,1,10.076678,14.405553,2.160632,-2.003523,1,8.923905,1.782007,0.168335,2.416174,1,0.058224,0.034863,0.080000,0.292011,1,0.137500,0.264129,0.219880,-0.575901,1,0.070312,0.054688,0.120000,0.130208,1,7.167460,2.515729,0.602385,-0.906693
9924894043,PHASED_VIPASSANA,0.650000,0.051836,0.033693,0.700000,1,中段LF相对两侧 1.03× | 中段HF相对两侧 1.01× | 中段LF/HF相对两侧 0.90×,NO_MATCH: SCORE_BELOW_THRESHOLD 0.03 < 0.70,1,70.754550,72.822396,3.229001,-0.640398,1,44.139142,3.604707,0.179978,1.014793,1,5216.888399,8.474990,0.231861,0.365161,1,1639.381255,7.835193,0.366588,-1.181488,1,3122.888152,7.728021,0.120000,2.654105,1,349.946350,5.685447,0.216450,0.796177,1,89.923322,85.594447,2.160632,2.003523,1,10.076678,14.405553,2.160632,-2.003523,1,8.923905,1.782007,0.168335,2.416174,1,0.058224,0.034863,0.080000,0.292011,1,0.137500,0.264129,0.219880,-0.575901,1,0.070312,0.054688,0.120000,0.130208,1,7.167460,2.515729,0.602385,-0.906693
9924894043,AROUSAL_MEDITATION,0.650000,0.000000,0.000000,0.700000,1,HF z*=+0.80 | HR z*=-0.64 | RMSSD z*=+1.01,NO_MATCH: SCORE_BELOW_THRESHOLD 0.00 < 0.70,1,70.754550,72.822396,3.229001,-0.640398,1,44.139142,3.604707,0.179978,1.014793,1,5216.888399,8.474990,0.231861,0.365161,1,1639.381255,7.835193,0.366588,-1.181488,1,3122.888152,7.728021,0.120000,2.654105,1,349.946350,5.685447,0.216450,0.796177,1,89.923322,85.594447,2.160632,2.003523,1,10.076678,14.405553,2.160632,-2.003523,1,8.923905,1.782007,0.168335,2.416174,1,0.058224,0.034863,0.080000,0.292011,1,0.137500,0.264129,0.219880,-0.575901,1,0.070312,0.054688,0.120000,0.130208,1,7.167460,2.515729,0.602385,-0.906693
9924894043,TRAINED_VIPASSANA_SHIFT,0.650000,0.000000,0.000000,0.700000,1,HFnu z*=-2.00 | 0.06–0.10 Hz THM z*=+2.42 | LF z*=+2.65,NO_MATCH: SCORE_BELOW_THRESHOLD 0.00 < 0.70,1,70.754550,72.822396,3.229001,-0.640398,1,44.139142,3.604707,0.179978,1.014793,1,5216.888399,8.474990,0.231861,0.365161,1,1639.381255,7.835193,0.366588,-1.181488,1,3122.888152,7.728021,0.120000,2.654105,1,349.946350,5.685447,0.216450,0.796177,1,89.923322,85.594447,2.160632,2.003523,1,10.076678,14.405553,2.160632,-2.003523,1,8.923905,1.782007,0.168335,2.416174,1,0.058224,0.034863,0.080000,0.292011,1,0.137500,0.264129,0.219880,-0.575901,1,0.070312,0.054688,0.120000,0.130208,1,7.167460,2.515729,0.602385,-0.906693
9945006043,RESONANCE_0P1,0.650000,0.477516,0.310386,0.700000,1,LF主峰 0.070 Hz | 主峰/背景 7.29× | 0.075–0.11 Hz占LF+HF 12.5% | 近期主峰频率跨度 0.023 Hz,NO_MATCH: SCORE_BELOW_THRESHOLD 0.31 < 0.70,1,92.592593,72.115471,4.277019,4.787708,1,43.719376,3.684791,0.237466,0.391636,1,6134.763001,8.473334,0.176248,1.409339,1,1781.617229,7.807001,0.386670,-0.832038,1,3767.263432,7.733076,0.120000,4.175237,1,473.127814,5.669647,0.188605,2.596532,1,88.842355,85.609842,3.828189,0.844397,1,11.157645,14.390158,3.828189,-0.844397,1,7.962465,1.783256,0.336124,0.867186,1,0.059639,0.040351,0.080000,0.241096,1,0.124636,0.297760,0.143500,-1.206439,1,0.070312,0.050781,0.120000,0.162760,1,7.288764,2.312578,0.746542,-0.437006
9945006043,SLOW_RECOVERY_VLF,0.650000,0.423496,0.275273,0.700000,1,HF当前 z*=+2.60 | LF/HF当前 z*=+0.87 | VLF当前 z*=-0.83 | 前序激活证据=0.89,NO_MATCH: SCORE_BELOW_THRESHOLD 0.28 < 0.70,1,92.592593,72.115471,4.277019,4.787708,1,43.719376,3.684791,0.237466,0.391636,1,6134.763001,8.473334,0.176248,1.409339,1,1781.617229,7.807001,0.386670,-0.832038,1,3767.263432,7.733076,0.120000,4.175237,1,473.127814,5.669647,0.188605,2.596532,1,88.842355,85.609842,3.828189,0.844397,1,11.157645,14.390158,3.828189,-0.844397,1,7.962465,1.783256,0.336124,0.867186,1,0.059639,0.040351,0.080000,0.241096,1,0.124636,0.297760,0.143500,-1.206439,1,0.070312,0.050781,0.120000,0.162760,1,7.288764,2.312578,0.746542,-0.437006
9945006043,INWARD_QUIET,0.650000,0.348093,0.226260,0.700000,1,HF z*=+2.60 | RMSSD z*=+0.39 | HR z*=+4.79 | LF/HF z*=+0.87,NO_MATCH: SCORE_BELOW_THRESHOLD 0.23 < 0.70,1,92.592593,72.115471,4.277019,4.787708,1,43.719376,3.684791,0.237466,0.391636,1,6134.763001,8.473334,0.176248,1.409339,1,1781.617229,7.807001,0.386670,-0.832038,1,3767.263432,7.733076,0.120000,4.175237,1,473.127814,5.669647,0.188605,2.596532,1,88.842355,85.609842,3.828189,0.844397,1,11.157645,14.390158,3.828189,-0.844397,1,7.962465,1.783256,0.336124,0.867186,1,0.059639,0.040351,0.080000,0.241096,1,0.124636,0.297760,0.143500,-1.206439,1,0.070312,0.050781,0.120000,0.162760,1,7.288764,2.312578,0.746542,-0.437006
9945006043,AROUSAL_MEDITATION,0.650000,0.292923,0.190400,0.700000,1,HF z*=+2.60 | HR z*=+4.79 | RMSSD z*=+0.39,NO_MATCH: SCORE_BELOW_THRESHOLD 0.19 < 0.70,1,92.592593,72.115471,4.277019,4.787708,1,43.719376,3.684791,0.237466,0.391636,1,6134.763001,8.473334,0.176248,1.409339,1,1781.617229,7.807001,0.386670,-0.832038,1,3767.263432,7.733076,0.120000,4.175237,1,473.127814,5.669647,0.188605,2.596532,1,88.842355,85.609842,3.828189,0.844397,1,11.157645,14.390158,3.828189,-0.844397,1,7.962465,1.783256,0.336124,0.867186,1,0.059639,0.040351,0.080000,0.241096,1,0.124636,0.297760,0.143500,-1.206439,1,0.070312,0.050781,0.120000,0.162760,1,7.288764,2.312578,0.746542,-0.437006
9945006043,PHASED_VIPASSANA,0.650000,0.181426,0.117927,0.700000,1,中段LF相对两侧 1.06× | 中段HF相对两侧 1.08× | 中段LF/HF相对两侧 0.84×,NO_MATCH: SCORE_BELOW_THRESHOLD 0.12 < 0.70,1,92.592593,72.115471,4.277019,4.787708,1,43.719376,3.684791,0.237466,0.391636,1,6134.763001,8.473334,0.176248,1.409339,1,1781.617229,7.807001,0.386670,-0.832038,1,3767.263432,7.733076,0.120000,4.175237,1,473.127814,5.669647,0.188605,2.596532,1,88.842355,85.609842,3.828189,0.844397,1,11.157645,14.390158,3.828189,-0.844397,1,7.962465,1.783256,0.336124,0.867186,1,0.059639,0.040351,0.080000,0.241096,1,0.124636,0.297760,0.143500,-1.206439,1,0.070312,0.050781,0.120000,0.162760,1,7.288764,2.312578,0.746542,-0.437006
9945006043,TRAINED_VIPASSANA_SHIFT,0.650000,0.000000,0.000000,0.700000,1,HFnu z*=-0.84 | 0.06–0.10 Hz THM z*=+1.95 | LF z*=+4.18,NO_MATCH: SCORE_BELOW_THRESHOLD 0.00 < 0.70,1,92.592593,72.115471,4.277019,4.787708,1,43.719376,3.684791,0.237466,0.391636,1,6134.763001,8.473334,0.176248,1.409339,1,1781.617229,7.807001,0.386670,-0.832038,1,3767.263432,7.733076,0.120000,4.175237,1,473.127814,5.669647,0.188605,2.596532,1,88.842355,85.609842,3.828189,0.844397,1,11.157645,14.390158,3.828189,-0.844397,1,7.962465,1.783256,0.336124,0.867186,1,0.059639,0.040351,0.080000,0.241096,1,0.124636,0.297760,0.143500,-1.206439,1,0.070312,0.050781,0.120000,0.162760,1,7.288764,2.312578,0.746542,-0.437006
9965182047,RESONANCE_0P1,0.650000,0.559190,0.363474,0.700000,1,LF主峰 0.074 Hz | 主峰/背景 5.73× | 0.075–0.11 Hz占LF+HF 14.9% | 近期主峰频率跨度 0.016 Hz,NO_MATCH: SCORE_BELOW_THRESHOLD 0.36 < 0.70,1,93.750000,72.115471,4.277019,5.058319,1,29.656024,3.684791,0.237466,-1.242813,1,7718.568073,8.473334,0.176248,2.712378,1,2768.753772,7.807001,0.386670,0.308148,1,4190.142633,7.733076,0.120000,5.061786,1,640.348713,5.669647,0.188605,4.201194,1,86.743611,85.609842,3.828189,0.296163,1,13.256389,14.390158,3.828189,-0.296163,1,6.543533,1.783256,0.336124,0.283291,1,0.056805,0.040351,0.080000,0.205677,1,0.148626,0.297760,0.143500,-1.039261,1,0.074219,0.050781,0.120000,0.195312,1,5.733081,2.312578,0.746542,-0.758597
9965182047,AROUSAL_MEDITATION,0.650000,0.502154,0.326400,0.700000,1,HF z*=+4.20 | HR z*=+5.06 | RMSSD z*=-1.24,NO_MATCH: SCORE_BELOW_THRESHOLD 0.33 < 0.70,1,93.750000,72.115471,4.277019,5.058319,1,29.656024,3.684791,0.237466,-1.242813,1,7718.568073,8.473334,0.176248,2.712378,1,2768.753772,7.807001,0.386670,0.308148,1,4190.142633,7.733076,0.120000,5.061786,1,640.348713,5.669647,0.188605,4.201194,1,86.743611,85.609842,3.828189,0.296163,1,13.256389,14.390158,3.828189,-0.296163,1,6.543533,1.783256,0.336124,0.283291,1,0.056805,0.040351,0.080000,0.205677,1,0.148626,0.297760,0.143500,-1.039261,1,0.074219,0.050781,0.120000,0.195312,1,5.733081,2.312578,0.746542,-0.758597
9965182047,INWARD_QUIET,0.650000,0.334769,0.217600,0.700000,1,HF z*=+4.20 | RMSSD z*=-1.24 | HR z*=+5.06 | LF/HF z*=+0.28,NO_MATCH: SCORE_BELOW_THRESHOLD 0.22 < 0.70,1,93.750000,72.115471,4.277019,5.058319,1,29.656024,3.684791,0.237466,-1.242813,1,7718.568073,8.473334,0.176248,2.712378,1,2768.753772,7.807001,0.386670,0.308148,1,4190.142633,7.733076,0.120000,5.061786,1,640.348713,5.669647,0.188605,4.201194,1,86.743611,85.609842,3.828189,0.296163,1,13.256389,14.390158,3.828189,-0.296163,1,6.543533,1.783256,0.336124,0.283291,1,0.056805,0.040351,0.080000,0.205677,1,0.148626,0.297760,0.143500,-1.039261,1,0.074219,0.050781,0.120000,0.195312,1,5.733081,2.312578,0.746542,-0.758597
9965182047,SLOW_RECOVERY_VLF,0.650000,0.333678,0.216891,0.700000,1,HF当前 z*=+4.20 | LF/HF当前 z*=+0.28 | VLF当前 z*=+0.31 | 前序激活证据=0.89,NO_MATCH: SCORE_BELOW_THRESHOLD 0.22 < 0.70,1,93.750000,72.115471,4.277019,5.058319,1,29.656024,3.684791,0.237466,-1.242813,1,7718.568073,8.473334,0.176248,2.712378,1,2768.753772,7.807001,0.386670,0.308148,1,4190.142633,7.733076,0.120000,5.061786,1,640.348713,5.669647,0.188605,4.201194,1,86.743611,85.609842,3.828189,0.296163,1,13.256389,14.390158,3.828189,-0.296163,1,6.543533,1.783256,0.336124,0.283291,1,0.056805,0.040351,0.080000,0.205677,1,0.148626,0.297760,0.143500,-1.039261,1,0.074219,0.050781,0.120000,0.195312,1,5.733081,2.312578,0.746542,-0.758597
9965182047,PHASED_VIPASSANA,0.650000,0.109044,0.070879,0.700000,1,中段LF相对两侧 1.05× | 中段HF相对两侧 1.03× | 中段LF/HF相对两侧 0.86×,NO_MATCH: SCORE_BELOW_THRESHOLD 0.07 < 0.70,1,93.750000,72.115471,4.277019,5.058319,1,29.656024,3.684791,0.237466,-1.242813,1,7718.568073,8.473334,0.176248,2.712378,1,2768.753772,7.807001,0.386670,0.308148,1,4190.142633,7.733076,0.120000,5.061786,1,640.348713,5.669647,0.188605,4.201194,1,86.743611,85.609842,3.828189,0.296163,1,13.256389,14.390158,3.828189,-0.296163,1,6.543533,1.783256,0.336124,0.283291,1,0.056805,0.040351,0.080000,0.205677,1,0.148626,0.297760,0.143500,-1.039261,1,0.074219,0.050781,0.120000,0.195312,1,5.733081,2.312578,0.746542,-0.758597
9965182047,TRAINED_VIPASSANA_SHIFT,0.650000,0.000000,0.000000,0.700000,1,HFnu z*=-0.30 | 0.06–0.10 Hz THM z*=+2.20 | LF z*=+5.06,NO_MATCH: SCORE_BELOW_THRESHOLD 0.00 < 0.70,1,93.750000,72.115471,4.277019,5.058319,1,29.656024,3.684791,0.237466,-1.242813,1,7718.568073,8.473334,0.176248,2.712378,1,2768.753772,7.807001,0.386670,0.308148,1,4190.142633,7.733076,0.120000,5.061786,1,640.348713,5.669647,0.188605,4.201194,1,86.743611,85.609842,3.828189,0.296163,1,13.256389,14.390158,3.828189,-0.296163,1,6.543533,1.783256,0.336124,0.283291,1,0.056805,0.040351,0.080000,0.205677,1,0.148626,0.297760,0.143500,-1.039261,1,0.074219,0.050781,0.120000,0.195312,1,5.733081,2.312578,0.746542,-0.758597
9985350043,RESONANCE_0P1,0.650000,0.601402,0.390912,0.700000,1,LF主峰 0.074 Hz | 主峰/背景 8.34× | 0.075–0.11 Hz占LF+HF 19.2% | 近期主峰频率跨度 0.004 Hz,NO_MATCH: SCORE_BELOW_THRESHOLD 0.39 < 0.70,1,96.153846,72.115471,4.277019,5.620357,1,27.791354,3.684791,0.237466,-1.516285,1,8865.676261,8.473334,0.176248,3.498536,1,3700.689481,7.807001,0.386670,1.058457,1,4235.255378,7.733076,0.120000,5.151027,1,804.867496,5.669647,0.188605,5.413595,1,84.030796,85.609842,3.828189,-0.412479,1,15.969204,14.390158,3.828189,0.412479,1,5.262053,1.783256,0.336124,-0.365148,1,0.054781,0.040351,0.080000,0.180369,1,0.191641,0.297760,0.143500,-0.739503,1,0.074219,0.050781,0.120000,0.195312,1,8.338305,2.312578,0.746542,-0.256808
9985350043,AROUSAL_MEDITATION,0.650000,0.502154,0.326400,0.700000,1,HF z*=+5.41 | HR z*=+5.62 | RMSSD z*=-1.52,NO_MATCH: SCORE_BELOW_THRESHOLD 0.33 < 0.70,1,96.153846,72.115471,4.277019,5.620357,1,27.791354,3.684791,0.237466,-1.516285,1,8865.676261,8.473334,0.176248,3.498536,1,3700.689481,7.807001,0.386670,1.058457,1,4235.255378,7.733076,0.120000,5.151027,1,804.867496,5.669647,0.188605,5.413595,1,84.030796,85.609842,3.828189,-0.412479,1,15.969204,14.390158,3.828189,0.412479,1,5.262053,1.783256,0.336124,-0.365148,1,0.054781,0.040351,0.080000,0.180369,1,0.191641,0.297760,0.143500,-0.739503,1,0.074219,0.050781,0.120000,0.195312,1,8.338305,2.312578,0.746542,-0.256808
9985350043,INWARD_QUIET,0.650000,0.338498,0.220024,0.700000,1,HF z*=+5.41 | RMSSD z*=-1.52 | HR z*=+5.62 | LF/HF z*=-0.37,NO_MATCH: SCORE_BELOW_THRESHOLD 0.22 < 0.70,1,96.153846,72.115471,4.277019,5.620357,1,27.791354,3.684791,0.237466,-1.516285,1,8865.676261,8.473334,0.176248,3.498536,1,3700.689481,7.807001,0.386670,1.058457,1,4235.255378,7.733076,0.120000,5.151027,1,804.867496,5.669647,0.188605,5.413595,1,84.030796,85.609842,3.828189,-0.412479,1,15.969204,14.390158,3.828189,0.412479,1,5.262053,1.783256,0.336124,-0.365148,1,0.054781,0.040351,0.080000,0.180369,1,0.191641,0.297760,0.143500,-0.739503,1,0.074219,0.050781,0.120000,0.195312,1,8.338305,2.312578,0.746542,-0.256808
9985350043,SLOW_RECOVERY_VLF,0.650000,0.333678,0.216891,0.700000,1,HF当前 z*=+5.41 | LF/HF当前 z*=-0.37 | VLF当前 z*=+1.06 | 前序激活证据=0.89,NO_MATCH: SCORE_BELOW_THRESHOLD 0.22 < 0.70,1,96.153846,72.115471,4.277019,5.620357,1,27.791354,3.684791,0.237466,-1.516285,1,8865.676261,8.473334,0.176248,3.498536,1,3700.689481,7.807001,0.386670,1.058457,1,4235.255378,7.733076,0.120000,5.151027,1,804.867496,5.669647,0.188605,5.413595,1,84.030796,85.609842,3.828189,-0.412479,1,15.969204,14.390158,3.828189,0.412479,1,5.262053,1.783256,0.336124,-0.365148,1,0.054781,0.040351,0.080000,0.180369,1,0.191641,0.297760,0.143500,-0.739503,1,0.074219,0.050781,0.120000,0.195312,1,8.338305,2.312578,0.746542,-0.256808
9985350043,PHASED_VIPASSANA,0.650000,0.117019,0.076063,0.700000,1,中段LF相对两侧 1.07× | 中段HF相对两侧 1.02× | 中段LF/HF相对两侧 0.80×,NO_MATCH: SCORE_BELOW_THRESHOLD 0.08 < 0.70,1,96.153846,72.115471,4.277019,5.620357,1,27.791354,3.684791,0.237466,-1.516285,1,8865.676261,8.473334,0.176248,3.498536,1,3700.689481,7.807001,0.386670,1.058457,1,4235.255378,7.733076,0.120000,5.151027,1,804.867496,5.669647,0.188605,5.413595,1,84.030796,85.609842,3.828189,-0.412479,1,15.969204,14.390158,3.828189,0.412479,1,5.262053,1.783256,0.336124,-0.365148,1,0.054781,0.040351,0.080000,0.180369,1,0.191641,0.297760,0.143500,-0.739503,1,0.074219,0.050781,0.120000,0.195312,1,8.338305,2.312578,0.746542,-0.256808
9985350043,TRAINED_VIPASSANA_SHIFT,0.650000,0.036910,0.023992,0.700000,1,HFnu z*=+0.41 | 0.06–0.10 Hz THM z*=+2.19 | LF z*=+5.15,NO_MATCH: SCORE_BELOW_THRESHOLD 0.02 < 0.70,1,96.153846,72.115471,4.277019,5.620357,1,27.791354,3.684791,0.237466,-1.516285,1,8865.676261,8.473334,0.176248,3.498536,1,3700.689481,7.807001,0.386670,1.058457,1,4235.255378,7.733076,0.120000,5.151027,1,804.867496,5.669647,0.188605,5.413595,1,84.030796,85.609842,3.828189,-0.412479,1,15.969204,14.390158,3.828189,0.412479,1,5.262053,1.783256,0.336124,-0.365148,1,0.054781,0.040351,0.080000,0.180369,1,0.191641,0.297760,0.143500,-0.739503,1,0.074219,0.050781,0.120000,0.195312,1,8.338305,2.312578,0.746542,-0.256808
10005566043,RESONANCE_0P1,0.650000,0.613708,0.398910,0.700000,1,LF主峰 0.074 Hz | 主峰/背景 10.29× | 0.075–0.11 Hz占LF+HF 23.6% | 近期主峰频率跨度 0.004 Hz,NO_MATCH: SCORE_BELOW_THRESHOLD 0.40 < 0.70,1,74.257242,72.115471,4.277019,0.500762,1,41.052829,3.684791,0.237466,0.126623,1,8569.965341,8.473334,0.176248,3.306059,1,3662.534191,7.807001,0.386670,1.031654,1,3916.580478,7.733076,0.120000,4.499154,1,871.962603,5.669647,0.188605,5.838127,1,81.790649,85.609842,3.828189,-0.997650,1,18.209351,14.390158,3.828189,0.997650,1,4.491684,1.783256,0.336124,-0.836086,1,0.057101,0.040351,0.080000,0.209375,1,0.235527,0.297760,0.143500,-0.433679,1,0.074219,0.050781,0.120000,0.195312,1,10.289582,2.312578,0.746542,0.024854
10005566043,INWARD_QUIET,0.650000,0.454421,0.295374,0.700000,1,HF z*=+5.84 | RMSSD z*=+0.13 | HR z*=+0.50 | LF/HF z*=-0.84,NO_MATCH: SCORE_BELOW_THRESHOLD 0.30 < 0.70,1,74.257242,72.115471,4.277019,0.500762,1,41.052829,3.684791,0.237466,0.126623,1,8569.965341,8.473334,0.176248,3.306059,1,3662.534191,7.807001,0.386670,1.031654,1,3916.580478,7.733076,0.120000,4.499154,1,871.962603,5.669647,0.188605,5.838127,1,81.790649,85.609842,3.828189,-0.997650,1,18.209351,14.390158,3.828189,0.997650,1,4.491684,1.783256,0.336124,-0.836086,1,0.057101,0.040351,0.080000,0.209375,1,0.235527,0.297760,0.143500,-0.433679,1,0.074219,0.050781,0.120000,0.195312,1,10.289582,2.312578,0.746542,0.024854
10005566043,SLOW_RECOVERY_VLF,0.650000,0.404584,0.262980,0.700000,1,HF当前 z*=+5.84 | LF/HF当前 z*=-0.84 | VLF当前 z*=+1.03 | 前序激活证据=0.89,NO_MATCH: SCORE_BELOW_THRESHOLD 0.26 < 0.70,1,74.257242,72.115471,4.277019,0.500762,1,41.052829,3.684791,0.237466,0.126623,1,8569.965341,8.473334,0.176248,3.306059,1,3662.534191,7.807001,0.386670,1.031654,1,3916.580478,7.733076,0.120000,4.499154,1,871.962603,5.669647,0.188605,5.838127,1,81.790649,85.609842,3.828189,-0.997650,1,18.209351,14.390158,3.828189,0.997650,1,4.491684,1.783256,0.336124,-0.836086,1,0.057101,0.040351,0.080000,0.209375,1,0.235527,0.297760,0.143500,-0.433679,1,0.074219,0.050781,0.120000,0.195312,1,10.289582,2.312578,0.746542,0.024854
10005566043,TRAINED_VIPASSANA_SHIFT,0.650000,0.382612,0.248698,0.700000,1,HFnu z*=+1.00 | 0.06–0.10 Hz THM z*=+1.96 | LF z*=+4.50,NO_MATCH: SCORE_BELOW_THRESHOLD 0.25 < 0.70,1,74.257242,72.115471,4.277019,0.500762,1,41.052829,3.684791,0.237466,0.126623,1,8569.965341,8.473334,0.176248,3.306059,1,3662.534191,7.807001,0.386670,1.031654,1,3916.580478,7.733076,0.120000,4.499154,1,871.962603,5.669647,0.188605,5.838127,1,81.790649,85.609842,3.828189,-0.997650,1,18.209351,14.390158,3.828189,0.997650,1,4.491684,1.783256,0.336124,-0.836086,1,0.057101,0.040351,0.080000,0.209375,1,0.235527,0.297760,0.143500,-0.433679,1,0.074219,0.050781,0.120000,0.195312,1,10.289582,2.312578,0.746542,0.024854
10005566043,AROUSAL_MEDITATION,0.650000,0.254958,0.165723,0.700000,1,HF z*=+5.84 | HR z*=+0.50 | RMSSD z*=+0.13,NO_MATCH: SCORE_BELOW_THRESHOLD 0.17 < 0.70,1,74.257242,72.115471,4.277019,0.500762,1,41.052829,3.684791,0.237466,0.126623,1,8569.965341,8.473334,0.176248,3.306059,1,3662.534191,7.807001,0.386670,1.031654,1,3916.580478,7.733076,0.120000,4.499154,1,871.962603,5.669647,0.188605,5.838127,1,81.790649,85.609842,3.828189,-0.997650,1,18.209351,14.390158,3.828189,0.997650,1,4.491684,1.783256,0.336124,-0.836086,1,0.057101,0.040351,0.080000,0.209375,1,0.235527,0.297760,0.143500,-0.433679,1,0.074219,0.050781,0.120000,0.195312,1,10.289582,2.312578,0.746542,0.024854
10005566043,PHASED_VIPASSANA,0.650000,0.113783,0.073959,0.700000,1,中段LF相对两侧 1.05× | 中段HF相对两侧 1.04× | 中段LF/HF相对两侧 0.79×,NO_MATCH: SCORE_BELOW_THRESHOLD 0.07 < 0.70,1,74.257242,72.115471,4.277019,0.500762,1,41.052829,3.684791,0.237466,0.126623,1,8569.965341,8.473334,0.176248,3.306059,1,3662.534191,7.807001,0.386670,1.031654,1,3916.580478,7.733076,0.120000,4.499154,1,871.962603,5.669647,0.188605,5.838127,1,81.790649,85.609842,3.828189,-0.997650,1,18.209351,14.390158,3.828189,0.997650,1,4.491684,1.783256,0.336124,-0.836086,1,0.057101,0.040351,0.080000,0.209375,1,0.235527,0.297760,0.143500,-0.433679,1,0.074219,0.050781,0.120000,0.195312,1,10.289582,2.312578,0.746542,0.024854
10025638043,RESONANCE_0P1,0.650000,0.640708,0.416460,0.700000,1,LF主峰 0.074 Hz | 主峰/背景 11.94× | 0.075–0.11 Hz占LF+HF 27.0% | 近期主峰频率跨度 0.002 Hz,NO_MATCH: SCORE_BELOW_THRESHOLD 0.42 < 0.70,1,77.319189,72.115471,4.277019,1.216669,1,40.501658,3.684791,0.237466,0.069701,1,8045.961421,8.473334,0.176248,2.948077,1,3686.864730,7.807001,0.386670,1.048777,1,3429.111547,7.733076,0.120000,3.391506,1,832.167964,5.669647,0.188605,5.590455,1,80.471406,85.609842,3.828189,-1.342263,1,19.528594,14.390158,3.828189,1.342263,1,4.120696,1.783256,0.336124,-1.092555,1,0.056416,0.040351,0.080000,0.200809,1,0.269594,0.297760,0.143500,-0.196282,1,0.074219,0.050781,0.120000,0.195312,1,11.940764,2.312578,0.746542,0.224207
10025638043,INWARD_QUIET,0.650000,0.517552,0.336409,0.700000,1,HF z*=+5.59 | RMSSD z*=+0.07 | HR z*=+1.22 | LF/HF z*=-1.09,NO_MATCH: SCORE_BELOW_THRESHOLD 0.34 < 0.70,1,77.319189,72.115471,4.277019,1.216669,1,40.501658,3.684791,0.237466,0.069701,1,8045.961421,8.473334,0.176248,2.948077,1,3686.864730,7.807001,0.386670,1.048777,1,3429.111547,7.733076,0.120000,3.391506,1,832.167964,5.669647,0.188605,5.590455,1,80.471406,85.609842,3.828189,-1.342263,1,19.528594,14.390158,3.828189,1.342263,1,4.120696,1.783256,0.336124,-1.092555,1,0.056416,0.040351,0.080000,0.200809,1,0.269594,0.297760,0.143500,-0.196282,1,0.074219,0.050781,0.120000,0.195312,1,11.940764,2.312578,0.746542,0.224207
10025638043,TRAINED_VIPASSANA_SHIFT,0.650000,0.502154,0.326400,0.700000,1,HFnu z*=+1.34 | 0.06–0.10 Hz THM z*=+1.60 | LF z*=+3.39,NO_MATCH: SCORE_BELOW_THRESHOLD 0.33 < 0.70,1,77.319189,72.115471,4.277019,1.216669,1,40.501658,3.684791,0.237466,0.069701,1,8045.961421,8.473334,0.176248,2.948077,1,3686.864730,7.807001,0.386670,1.048777,1,3429.111547,7.733076,0.120000,3.391506,1,832.167964,5.669647,0.188605,5.590455,1,80.471406,85.609842,3.828189,-1.342263,1,19.528594,14.390158,3.828189,1.342263,1,4.120696,1.783256,0.336124,-1.092555,1,0.056416,0.040351,0.080000,0.200809,1,0.269594,0.297760,0.143500,-0.196282,1,0.074219,0.050781,0.120000,0.195312,1,11.940764,2.312578,0.746542,0.224207
10025638043,AROUSAL_MEDITATION,0.650000,0.327218,0.212691,0.700000,1,HF z*=+5.59 | HR z*=+1.22 | RMSSD z*=+0.07,NO_MATCH: SCORE_BELOW_THRESHOLD 0.21 < 0.70,1,77.319189,72.115471,4.277019,1.216669,1,40.501658,3.684791,0.237466,0.069701,1,8045.961421,8.473334,0.176248,2.948077,1,3686.864730,7.807001,0.386670,1.048777,1,3429.111547,7.733076,0.120000,3.391506,1,832.167964,5.669647,0.188605,5.590455,1,80.471406,85.609842,3.828189,-1.342263,1,19.528594,14.390158,3.828189,1.342263,1,4.120696,1.783256,0.336124,-1.092555,1,0.056416,0.040351,0.080000,0.200809,1,0.269594,0.297760,0.143500,-0.196282,1,0.074219,0.050781,0.120000,0.195312,1,11.940764,2.312578,0.746542,0.224207
10025638043,SLOW_RECOVERY_VLF,0.650000,0.208198,0.135329,0.700000,1,HF当前 z*=+5.59 | LF/HF当前 z*=-1.09 | VLF当前 z*=+1.05 | 前序激活证据=0.89,NO_MATCH: SCORE_BELOW_THRESHOLD 0.14 < 0.70,1,77.319189,72.115471,4.277019,1.216669,1,40.501658,3.684791,0.237466,0.069701,1,8045.961421,8.473334,0.176248,2.948077,1,3686.864730,7.807001,0.386670,1.048777,1,3429.111547,7.733076,0.120000,3.391506,1,832.167964,5.669647,0.188605,5.590455,1,80.471406,85.609842,3.828189,-1.342263,1,19.528594,14.390158,3.828189,1.342263,1,4.120696,1.783256,0.336124,-1.092555,1,0.056416,0.040351,0.080000,0.200809,1,0.269594,0.297760,0.143500,-0.196282,1,0.074219,0.050781,0.120000,0.195312,1,11.940764,2.312578,0.746542,0.224207
10025638043,PHASED_VIPASSANA,0.650000,0.059992,0.038995,0.700000,1,中段LF相对两侧 1.04× | 中段HF相对两侧 0.99× | 中段LF/HF相对两侧 0.80×,NO_MATCH: SCORE_BELOW_THRESHOLD 0.04 < 0.70,1,77.319189,72.115471,4.277019,1.216669,1,40.501658,3.684791,0.237466,0.069701,1,8045.961421,8.473334,0.176248,2.948077,1,3686.864730,7.807001,0.386670,1.048777,1,3429.111547,7.733076,0.120000,3.391506,1,832.167964,5.669647,0.188605,5.590455,1,80.471406,85.609842,3.828189,-1.342263,1,19.528594,14.390158,3.828189,1.342263,1,4.120696,1.783256,0.336124,-1.092555,1,0.056416,0.040351,0.080000,0.200809,1,0.269594,0.297760,0.143500,-0.196282,1,0.074219,0.050781,0.120000,0.195312,1,11.940764,2.312578,0.746542,0.224207
10045766047,RESONANCE_0P1,0.650000,0.652584,0.424179,0.700000,1,LF主峰 0.074 Hz | 主峰/背景 8.64× | 0.075–0.11 Hz占LF+HF 28.5% | 近期主峰频率跨度 0.000 Hz,NO_MATCH: SCORE_BELOW_THRESHOLD 0.42 < 0.70,1,81.521296,72.115471,4.277019,2.199154,1,30.436045,3.684791,0.237466,-1.133482,1,7661.767386,8.473334,0.176248,2.670470,1,3980.012005,7.807001,0.386670,1.246642,1,2895.329777,7.733076,0.120000,1.981488,1,721.885649,5.669647,0.188605,4.836670,1,80.043056,85.609842,3.828189,-1.454157,1,19.956944,14.390158,3.828189,1.454157,1,4.010787,1.783256,0.336124,-1.172986,1,0.033332,0.040351,0.080000,-0.087733,1,0.284579,0.297760,0.143500,-0.091858,1,0.074219,0.050781,0.120000,0.195312,1,8.641269,2.312578,0.746542,-0.209001
10045766047,INWARD_QUIET,0.650000,0.537350,0.349278,0.700000,1,HF z*=+4.84 | RMSSD z*=-1.13 | HR z*=+2.20 | LF/HF z*=-1.17,NO_MATCH: SCORE_BELOW_THRESHOLD 0.35 < 0.70,1,81.521296,72.115471,4.277019,2.199154,1,30.436045,3.684791,0.237466,-1.133482,1,7661.767386,8.473334,0.176248,2.670470,1,3980.012005,7.807001,0.386670,1.246642,1,2895.329777,7.733076,0.120000,1.981488,1,721.885649,5.669647,0.188605,4.836670,1,80.043056,85.609842,3.828189,-1.454157,1,19.956944,14.390158,3.828189,1.454157,1,4.010787,1.783256,0.336124,-1.172986,1,0.033332,0.040351,0.080000,-0.087733,1,0.284579,0.297760,0.143500,-0.091858,1,0.074219,0.050781,0.120000,0.195312,1,8.641269,2.312578,0.746542,-0.209001
10045766047,AROUSAL_MEDITATION,0.650000,0.502154,0.326400,0.700000,1,HF z*=+4.84 | HR z*=+2.20 | RMSSD z*=-1.13,NO_MATCH: SCORE_BELOW_THRESHOLD 0.33 < 0.70,1,81.521296,72.115471,4.277019,2.199154,1,30.436045,3.684791,0.237466,-1.133482,1,7661.767386,8.473334,0.176248,2.670470,1,3980.012005,7.807001,0.386670,1.246642,1,2895.329777,7.733076,0.120000,1.981488,1,721.885649,5.669647,0.188605,4.836670,1,80.043056,85.609842,3.828189,-1.454157,1,19.956944,14.390158,3.828189,1.454157,1,4.010787,1.783256,0.336124,-1.172986,1,0.033332,0.040351,0.080000,-0.087733,1,0.284579,0.297760,0.143500,-0.091858,1,0.074219,0.050781,0.120000,0.195312,1,8.641269,2.312578,0.746542,-0.209001
10045766047,TRAINED_VIPASSANA_SHIFT,0.650000,0.502154,0.326400,0.700000,1,HFnu z*=+1.45 | 0.06–0.10 Hz THM z*=+1.09 | LF z*=+1.98,NO_MATCH: SCORE_BELOW_THRESHOLD 0.33 < 0.70,1,81.521296,72.115471,4.277019,2.199154,1,30.436045,3.684791,0.237466,-1.133482,1,7661.767386,8.473334,0.176248,2.670470,1,3980.012005,7.807001,0.386670,1.246642,1,2895.329777,7.733076,0.120000,1.981488,1,721.885649,5.669647,0.188605,4.836670,1,80.043056,85.609842,3.828189,-1.454157,1,19.956944,14.390158,3.828189,1.454157,1,4.010787,1.783256,0.336124,-1.172986,1,0.033332,0.040351,0.080000,-0.087733,1,0.284579,0.297760,0.143500,-0.091858,1,0.074219,0.050781,0.120000,0.195312,1,8.641269,2.312578,0.746542,-0.209001
10045766047,SLOW_RECOVERY_VLF,0.650000,0.192492,0.125120,0.700000,1,HF当前 z*=+4.84 | LF/HF当前 z*=-1.17 | VLF当前 z*=+1.25 | 前序激活证据=0.89,NO_MATCH: SCORE_BELOW_THRESHOLD 0.13 < 0.70,1,81.521296,72.115471,4.277019,2.199154,1,30.436045,3.684791,0.237466,-1.133482,1,7661.767386,8.473334,0.176248,2.670470,1,3980.012005,7.807001,0.386670,1.246642,1,2895.329777,7.733076,0.120000,1.981488,1,721.885649,5.669647,0.188605,4.836670,1,80.043056,85.609842,3.828189,-1.454157,1,19.956944,14.390158,3.828189,1.454157,1,4.010787,1.783256,0.336124,-1.172986,1,0.033332,0.040351,0.080000,-0.087733,1,0.284579,0.297760,0.143500,-0.091858,1,0.074219,0.050781,0.120000,0.195312,1,8.641269,2.312578,0.746542,-0.209001
10045766047,PHASED_VIPASSANA,0.650000,0.000000,0.000000,0.700000,1,中段LF相对两侧 0.95× | 中段HF相对两侧 0.98× | 中段LF/HF相对两侧 0.78×,NO_MATCH: SCORE_BELOW_THRESHOLD 0.00 < 0.70,1,81.521296,72.115471,4.277019,2.199154,1,30.436045,3.684791,0.237466,-1.133482,1,7661.767386,8.473334,0.176248,2.670470,1,3980.012005,7.807001,0.386670,1.246642,1,2895.329777,7.733076,0.120000,1.981488,1,721.885649,5.669647,0.188605,4.836670,1,80.043056,85.609842,3.828189,-1.454157,1,19.956944,14.390158,3.828189,1.454157,1,4.010787,1.783256,0.336124,-1.172986,1,0.033332,0.040351,0.080000,-0.087733,1,0.284579,0.297760,0.143500,-0.091858,1,0.074219,0.050781,0.120000,0.195312,1,8.641269,2.312578,0.746542,-0.209001
10065990047,RESONANCE_0P1,1.000000,0.731889,0.731889,0.700000,1,LF主峰 0.102 Hz | 主峰/背景 6.07× | 0.075–0.11 Hz占LF+HF 28.0% | 近期主峰频率跨度 0.016 Hz,,1,75.757576,72.822396,3.229001,0.909005,1,30.543102,3.692883,0.220457,-1.241715,1,8314.827730,8.474990,0.231861,2.375590,1,5274.233512,7.835193,0.366588,2.006053,1,2399.542683,7.738131,0.120000,0.374191,1,607.890339,5.685447,0.216450,3.347408,1,79.787070,85.594447,5.495746,-1.056704,1,20.212930,14.405553,5.495746,1.056704,1,3.947328,1.782007,0.414800,-0.985939,1,0.024291,0.045839,0.080000,-0.269356,1,0.279911,0.264129,0.166846,0.094592,1,0.101562,0.054688,0.120000,0.390625,1,6.068244,2.331132,0.718558,-0.734893
10065990047,AROUSAL_MEDITATION,1.000000,0.480000,0.480000,0.700000,1,HF z*=+3.35 | HR z*=+0.91 | RMSSD z*=-1.24,NO_MATCH: SCORE_BELOW_THRESHOLD 0.48 < 0.70,1,75.757576,72.822396,3.229001,0.909005,1,30.543102,3.692883,0.220457,-1.241715,1,8314.827730,8.474990,0.231861,2.375590,1,5274.233512,7.835193,0.366588,2.006053,1,2399.542683,7.738131,0.120000,0.374191,1,607.890339,5.685447,0.216450,3.347408,1,79.787070,85.594447,5.495746,-1.056704,1,20.212930,14.405553,5.495746,1.056704,1,3.947328,1.782007,0.414800,-0.985939,1,0.024291,0.045839,0.080000,-0.269356,1,0.279911,0.264129,0.166846,0.094592,1,0.101562,0.054688,0.120000,0.390625,1,6.068244,2.331132,0.718558,-0.734893
10065990047,INWARD_QUIET,1.000000,0.469633,0.469633,0.700000,1,HF z*=+3.35 | RMSSD z*=-1.24 | HR z*=+0.91 | LF/HF z*=-0.99,NO_MATCH: SCORE_BELOW_THRESHOLD 0.47 < 0.70,1,75.757576,72.822396,3.229001,0.909005,1,30.543102,3.692883,0.220457,-1.241715,1,8314.827730,8.474990,0.231861,2.375590,1,5274.233512,7.835193,0.366588,2.006053,1,2399.542683,7.738131,0.120000,0.374191,1,607.890339,5.685447,0.216450,3.347408,1,79.787070,85.594447,5.495746,-1.056704,1,20.212930,14.405553,5.495746,1.056704,1,3.947328,1.782007,0.414800,-0.985939,1,0.024291,0.045839,0.080000,-0.269356,1,0.279911,0.264129,0.166846,0.094592,1,0.101562,0.054688,0.120000,0.390625,1,6.068244,2.331132,0.718558,-0.734893
10065990047,TRAINED_VIPASSANA_SHIFT,1.000000,0.399080,0.399080,0.700000,1,HFnu z*=+1.06 | 0.06–0.10 Hz THM z*=+0.17 | LF z*=+0.37,NO_MATCH: SCORE_BELOW_THRESHOLD 0.40 < 0.70,1,75.757576,72.822396,3.229001,0.909005,1,30.543102,3.692883,0.220457,-1.241715,1,8314.827730,8.474990,0.231861,2.375590,1,5274.233512,7.835193,0.366588,2.006053,1,2399.542683,7.738131,0.120000,0.374191,1,607.890339,5.685447,0.216450,3.347408,1,79.787070,85.594447,5.495746,-1.056704,1,20.212930,14.405553,5.495746,1.056704,1,3.947328,1.782007,0.414800,-0.985939,1,0.024291,0.045839,0.080000,-0.269356,1,0.279911,0.264129,0.166846,0.094592,1,0.101562,0.054688,0.120000,0.390625,1,6.068244,2.331132,0.718558,-0.734893
10065990047,SLOW_RECOVERY_VLF,1.000000,0.260037,0.260037,0.700000,1,HF当前 z*=+3.35 | LF/HF当前 z*=-0.99 | VLF当前 z*=+2.01 | 前序激活证据=0.81,NO_MATCH: SCORE_BELOW_THRESHOLD 0.26 < 0.70,1,75.757576,72.822396,3.229001,0.909005,1,30.543102,3.692883,0.220457,-1.241715,1,8314.827730,8.474990,0.231861,2.375590,1,5274.233512,7.835193,0.366588,2.006053,1,2399.542683,7.738131,0.120000,0.374191,1,607.890339,5.685447,0.216450,3.347408,1,79.787070,85.594447,5.495746,-1.056704,1,20.212930,14.405553,5.495746,1.056704,1,3.947328,1.782007,0.414800,-0.985939,1,0.024291,0.045839,0.080000,-0.269356,1,0.279911,0.264129,0.166846,0.094592,1,0.101562,0.054688,0.120000,0.390625,1,6.068244,2.331132,0.718558,-0.734893
10065990047,PHASED_VIPASSANA,1.000000,0.000000,0.000000,0.700000,1,中段LF相对两侧 0.92× | 中段HF相对两侧 1.00× | 中段LF/HF相对两侧 0.77×,NO_MATCH: SCORE_BELOW_THRESHOLD 0.00 < 0.70,1,75.757576,72.822396,3.229001,0.909005,1,30.543102,3.692883,0.220457,-1.241715,1,8314.827730,8.474990,0.231861,2.375590,1,5274.233512,7.835193,0.366588,2.006053,1,2399.542683,7.738131,0.120000,0.374191,1,607.890339,5.685447,0.216450,3.347408,1,79.787070,85.594447,5.495746,-1.056704,1,20.212930,14.405553,5.495746,1.056704,1,3.947328,1.782007,0.414800,-0.985939,1,0.024291,0.045839,0.080000,-0.269356,1,0.279911,0.264129,0.166846,0.094592,1,0.101562,0.054688,0.120000,0.390625,1,6.068244,2.331132,0.718558,-0.734893
10086174043,RESONANCE_0P1,1.000000,0.679445,0.679445,0.700000,1,LF主峰 0.102 Hz | 主峰/背景 5.90× | 0.075–0.11 Hz占LF+HF 28.0% | 近期主峰频率跨度 0.027 Hz,NO_MATCH: SCORE_BELOW_THRESHOLD 0.68 < 0.70,1,77.319588,72.822396,3.229001,1.392750,1,25.468604,3.692883,0.220457,-2.065879,1,10317.311324,8.474990,0.231861,3.306248,1,7713.317596,7.835193,0.366588,3.042953,1,2019.108695,7.738131,0.120000,-1.064326,1,556.297975,5.685447,0.216450,2.937659,1,78.399606,85.594447,5.495746,-1.309165,1,21.600394,14.405553,5.495746,1.309165,1,3.629545,1.782007,0.414800,-1.188281,1,0.014008,0.045839,0.080000,-0.397892,1,0.279985,0.264129,0.166846,0.095035,1,0.101562,0.054688,0.120000,0.390625,1,5.904360,2.331132,0.718558,-0.772994
10086174043,TRAINED_VIPASSANA_SHIFT,1.000000,0.564038,0.564038,0.700000,1,HFnu z*=+1.31 | 0.06–0.10 Hz THM z*=-0.33 | LF z*=-1.06,NO_MATCH: SCORE_BELOW_THRESHOLD 0.56 < 0.70,1,77.319588,72.822396,3.229001,1.392750,1,25.468604,3.692883,0.220457,-2.065879,1,10317.311324,8.474990,0.231861,3.306248,1,7713.317596,7.835193,0.366588,3.042953,1,2019.108695,7.738131,0.120000,-1.064326,1,556.297975,5.685447,0.216450,2.937659,1,78.399606,85.594447,5.495746,-1.309165,1,21.600394,14.405553,5.495746,1.309165,1,3.629545,1.782007,0.414800,-1.188281,1,0.014008,0.045839,0.080000,-0.397892,1,0.279985,0.264129,0.166846,0.095035,1,0.101562,0.054688,0.120000,0.390625,1,5.904360,2.331132,0.718558,-0.772994
10086174043,INWARD_QUIET,1.000000,0.517243,0.517243,0.700000,1,HF z*=+2.94 | RMSSD z*=-2.07 | HR z*=+1.39 | LF/HF z*=-1.19,NO_MATCH: SCORE_BELOW_THRESHOLD 0.52 < 0.70,1,77.319588,72.822396,3.229001,1.392750,1,25.468604,3.692883,0.220457,-2.065879,1,10317.311324,8.474990,0.231861,3.306248,1,7713.317596,7.835193,0.366588,3.042953,1,2019.108695,7.738131,0.120000,-1.064326,1,556.297975,5.685447,0.216450,2.937659,1,78.399606,85.594447,5.495746,-1.309165,1,21.600394,14.405553,5.495746,1.309165,1,3.629545,1.782007,0.414800,-1.188281,1,0.014008,0.045839,0.080000,-0.397892,1,0.279985,0.264129,0.166846,0.095035,1,0.101562,0.054688,0.120000,0.390625,1,5.904360,2.331132,0.718558,-0.772994
10086174043,AROUSAL_MEDITATION,1.000000,0.480000,0.480000,0.700000,1,HF z*=+2.94 | HR z*=+1.39 | RMSSD z*=-2.07,NO_MATCH: SCORE_BELOW_THRESHOLD 0.48 < 0.70,1,77.319588,72.822396,3.229001,1.392750,1,25.468604,3.692883,0.220457,-2.065879,1,10317.311324,8.474990,0.231861,3.306248,1,7713.317596,7.835193,0.366588,3.042953,1,2019.108695,7.738131,0.120000,-1.064326,1,556.297975,5.685447,0.216450,2.937659,1,78.399606,85.594447,5.495746,-1.309165,1,21.600394,14.405553,5.495746,1.309165,1,3.629545,1.782007,0.414800,-1.188281,1,0.014008,0.045839,0.080000,-0.397892,1,0.279985,0.264129,0.166846,0.095035,1,0.101562,0.054688,0.120000,0.390625,1,5.904360,2.331132,0.718558,-0.772994
10086174043,SLOW_RECOVERY_VLF,1.000000,0.164068,0.164068,0.700000,1,HF当前 z*=+2.94 | LF/HF当前 z*=-1.19 | VLF当前 z*=+3.04 | 前序激活证据=0.81,NO_MATCH: SCORE_BELOW_THRESHOLD 0.16 < 0.70,1,77.319588,72.822396,3.229001,1.392750,1,25.468604,3.692883,0.220457,-2.065879,1,10317.311324,8.474990,0.231861,3.306248,1,7713.317596,7.835193,0.366588,3.042953,1,2019.108695,7.738131,0.120000,-1.064326,1,556.297975,5.685447,0.216450,2.937659,1,78.399606,85.594447,5.495746,-1.309165,1,21.600394,14.405553,5.495746,1.309165,1,3.629545,1.782007,0.414800,-1.188281,1,0.014008,0.045839,0.080000,-0.397892,1,0.279985,0.264129,0.166846,0.095035,1,0.101562,0.054688,0.120000,0.390625,1,5.904360,2.331132,0.718558,-0.772994
10086174043,PHASED_VIPASSANA,1.000000,0.000000,0.000000,0.700000,1,中段LF相对两侧 0.94× | 中段HF相对两侧 1.00× | 中段LF/HF相对两侧 0.78×,NO_MATCH: SCORE_BELOW_THRESHOLD 0.00 < 0.70,1,77.319588,72.822396,3.229001,1.392750,1,25.468604,3.692883,0.220457,-2.065879,1,10317.311324,8.474990,0.231861,3.306248,1,7713.317596,7.835193,0.366588,3.042953,1,2019.108695,7.738131,0.120000,-1.064326,1,556.297975,5.685447,0.216450,2.937659,1,78.399606,85.594447,5.495746,-1.309165,1,21.600394,14.405553,5.495746,1.309165,1,3.629545,1.782007,0.414800,-1.188281,1,0.014008,0.045839,0.080000,-0.397892,1,0.279985,0.264129,0.166846,0.095035,1,0.101562,0.054688,0.120000,0.390625,1,5.904360,2.331132,0.718558,-0.772994
10106326045,RESONANCE_0P1,1.000000,0.716574,0.716574,0.700000,1,LF主峰 0.098 Hz | 主峰/背景 5.00× | 0.075–0.11 Hz占LF+HF 30.4% | 近期主峰频率跨度 0.027 Hz,,1,78.947576,72.822396,3.229001,1.896927,1,25.038926,3.692883,0.220457,-2.143059,1,12743.607554,8.474990,0.231861,4.217169,1,10307.130308,7.835193,0.366588,3.833725,1,1809.853376,7.738131,0.120000,-1.976079,1,584.254428,5.685447,0.216450,3.164189,1,75.596152,85.594447,5.495746,-1.819279,1,24.403848,14.405553,5.495746,1.819279,1,3.097714,1.782007,0.414800,-1.570255,1,0.011580,0.045839,0.080000,-0.428239,1,0.303664,0.264129,0.166846,0.236957,1,0.097656,0.054688,0.120000,0.358073,1,4.999297,2.331132,0.718558,-1.004561
10106326045,TRAINED_VIPASSANA_SHIFT,1.000000,0.657022,0.657022,0.700000,1,HFnu z*=+1.82 | 0.06–0.10 Hz THM z*=-0.51 | LF z*=-1.98,NO_MATCH: SCORE_BELOW_THRESHOLD 0.66 < 0.70,1,78.947576,72.822396,3.229001,1.896927,1,25.038926,3.692883,0.220457,-2.143059,1,12743.607554,8.474990,0.231861,4.217169,1,10307.130308,7.835193,0.366588,3.833725,1,1809.853376,7.738131,0.120000,-1.976079,1,584.254428,5.685447,0.216450,3.164189,1,75.596152,85.594447,5.495746,-1.819279,1,24.403848,14.405553,5.495746,1.819279,1,3.097714,1.782007,0.414800,-1.570255,1,0.011580,0.045839,0.080000,-0.428239,1,0.303664,0.264129,0.166846,0.236957,1,0.097656,0.054688,0.120000,0.358073,1,4.999297,2.331132,0.718558,-1.004561
10106326045,INWARD_QUIET,1.000000,0.520000,0.520000,0.700000,1,HF z*=+3.16 | RMSSD z*=-2.14 | HR z*=+1.90 | LF/HF z*=-1.57,NO_MATCH: SCORE_BELOW_THRESHOLD 0.52 < 0.70,1,78.947576,72.822396,3.229001,1.896927,1,25.038926,3.692883,0.220457,-2.143059,1,12743.607554,8.474990,0.231861,4.217169,1,10307.130308,7.835193,0.366588,3.833725,1,1809.853376,7.738131,0.120000,-1.976079,1,584.254428,5.685447,0.216450,3.164189,1,75.596152,85.594447,5.495746,-1.819279,1,24.403848,14.405553,5.495746,1.819279,1,3.097714,1.782007,0.414800,-1.570255,1,0.011580,0.045839,0.080000,-0.428239,1,0.303664,0.264129,0.166846,0.236957,1,0.097656,0.054688,0.120000,0.358073,1,4.999297,2.331132,0.718558,-1.004561
10106326045,AROUSAL_MEDITATION,1.000000,0.480000,0.480000,0.700000,1,HF z*=+3.16 | HR z*=+1.90 | RMSSD z*=-2.14,NO_MATCH: SCORE_BELOW_THRESHOLD 0.48 < 0.70,1,78.947576,72.822396,3.229001,1.896927,1,25.038926,3.692883,0.220457,-2.143059,1,12743.607554,8.474990,0.231861,4.217169,1,10307.130308,7.835193,0.366588,3.833725,1,1809.853376,7.738131,0.120000,-1.976079,1,584.254428,5.685447,0.216450,3.164189,1,75.596152,85.594447,5.495746,-1.819279,1,24.403848,14.405553,5.495746,1.819279,1,3.097714,1.782007,0.414800,-1.570255,1,0.011580,0.045839,0.080000,-0.428239,1,0.303664,0.264129,0.166846,0.236957,1,0.097656,0.054688,0.120000,0.358073,1,4.999297,2.331132,0.718558,-1.004561
10106326045,SLOW_RECOVERY_VLF,1.000000,0.161880,0.161880,0.700000,1,HF当前 z*=+3.16 | LF/HF当前 z*=-1.57 | VLF当前 z*=+3.83 | 前序激活证据=0.81,NO_MATCH: SCORE_BELOW_THRESHOLD 0.16 < 0.70,1,78.947576,72.822396,3.229001,1.896927,1,25.038926,3.692883,0.220457,-2.143059,1,12743.607554,8.474990,0.231861,4.217169,1,10307.130308,7.835193,0.366588,3.833725,1,1809.853376,7.738131,0.120000,-1.976079,1,584.254428,5.685447,0.216450,3.164189,1,75.596152,85.594447,5.495746,-1.819279,1,24.403848,14.405553,5.495746,1.819279,1,3.097714,1.782007,0.414800,-1.570255,1,0.011580,0.045839,0.080000,-0.428239,1,0.303664,0.264129,0.166846,0.236957,1,0.097656,0.054688,0.120000,0.358073,1,4.999297,2.331132,0.718558,-1.004561
10106326045,PHASED_VIPASSANA,1.000000,0.000000,0.000000,0.700000,1,中段LF相对两侧 0.87× | 中段HF相对两侧 0.98× | 中段LF/HF相对两侧 0.77×,NO_MATCH: SCORE_BELOW_THRESHOLD 0.00 < 0.70,1,78.947576,72.822396,3.229001,1.896927,1,25.038926,3.692883,0.220457,-2.143059,1,12743.607554,8.474990,0.231861,4.217169,1,10307.130308,7.835193,0.366588,3.833725,1,1809.853376,7.738131,0.120000,-1.976079,1,584.254428,5.685447,0.216450,3.164189,1,75.596152,85.594447,5.495746,-1.819279,1,24.403848,14.405553,5.495746,1.819279,1,3.097714,1.782007,0.414800,-1.570255,1,0.011580,0.045839,0.080000,-0.428239,1,0.303664,0.264129,0.166846,0.236957,1,0.097656,0.054688,0.120000,0.358073,1,4.999297,2.331132,0.718558,-1.004561
10126502044,RESONANCE_0P1,1.000000,0.789707,0.789707,0.700000,1,LF主峰 0.098 Hz | 主峰/背景 5.03× | 0.075–0.11 Hz占LF+HF 34.1% | 近期主峰频率跨度 0.018 Hz,,1,78.947368,72.822396,3.229001,1.896863,1,25.828551,3.692883,0.220457,-2.002220,1,13755.461498,8.474990,0.231861,4.546704,1,11257.896362,7.835193,0.366588,4.074414,1,1774.708971,7.738131,0.120000,-2.139490,1,663.761841,5.685447,0.216450,3.753640,1,72.779586,85.594447,5.495746,-2.331778,1,27.220414,14.405553,5.495746,2.331778,1,2.673713,1.782007,0.414800,-1.925115,1,0.011478,0.045839,0.080000,-0.429517,1,0.340721,0.264129,0.166846,0.459061,1,0.097656,0.054688,0.120000,0.358073,1,5.031218,2.331132,0.718558,-0.995703
10126502044,TRAINED_VIPASSANA_SHIFT,1.000000,0.580000,0.580000,0.700000,1,HFnu z*=+2.33 | 0.06–0.10 Hz THM z*=-0.22 | LF z*=-2.14,NO_MATCH: SCORE_BELOW_THRESHOLD 0.58 < 0.70,1,78.947368,72.822396,3.229001,1.896863,1,25.828551,3.692883,0.220457,-2.002220,1,13755.461498,8.474990,0.231861,4.546704,1,11257.896362,7.835193,0.366588,4.074414,1,1774.708971,7.738131,0.120000,-2.139490,1,663.761841,5.685447,0.216450,3.753640,1,72.779586,85.594447,5.495746,-2.331778,1,27.220414,14.405553,5.495746,2.331778,1,2.673713,1.782007,0.414800,-1.925115,1,0.011478,0.045839,0.080000,-0.429517,1,0.340721,0.264129,0.166846,0.459061,1,0.097656,0.054688,0.120000,0.358073,1,5.031218,2.331132,0.718558,-0.995703
10126502044,INWARD_QUIET,1.000000,0.520000,0.520000,0.700000,1,HF z*=+3.75 | RMSSD z*=-2.00 | HR z*=+1.90 | LF/HF z*=-1.93,NO_MATCH: SCORE_BELOW_THRESHOLD 0.52 < 0.70,1,78.947368,72.822396,3.229001,1.896863,1,25.828551,3.692883,0.220457,-2.002220,1,13755.461498,8.474990,0.231861,4.546704,1,11257.896362,7.835193,0.366588,4.074414,1,1774.708971,7.738131,0.120000,-2.139490,1,663.761841,5.685447,0.216450,3.753640,1,72.779586,85.594447,5.495746,-2.331778,1,27.220414,14.405553,5.495746,2.331778,1,2.673713,1.782007,0.414800,-1.925115,1,0.011478,0.045839,0.080000,-0.429517,1,0.340721,0.264129,0.166846,0.459061,1,0.097656,0.054688,0.120000,0.358073,1,5.031218,2.331132,0.718558,-0.995703
10126502044,AROUSAL_MEDITATION,1.000000,0.480000,0.480000,0.700000,1,HF z*=+3.75 | HR z*=+1.90 | RMSSD z*=-2.00,NO_MATCH: SCORE_BELOW_THRESHOLD 0.48 < 0.70,1,78.947368,72.822396,3.229001,1.896863,1,25.828551,3.692883,0.220457,-2.002220,1,13755.461498,8.474990,0.231861,4.546704,1,11257.896362,7.835193,0.366588,4.074414,1,1774.708971,7.738131,0.120000,-2.139490,1,663.761841,5.685447,0.216450,3.753640,1,72.779586,85.594447,5.495746,-2.331778,1,27.220414,14.405553,5.495746,2.331778,1,2.673713,1.782007,0.414800,-1.925115,1,0.011478,0.045839,0.080000,-0.429517,1,0.340721,0.264129,0.166846,0.459061,1,0.097656,0.054688,0.120000,0.358073,1,5.031218,2.331132,0.718558,-0.995703
10126502044,SLOW_RECOVERY_VLF,1.000000,0.161880,0.161880,0.700000,1,HF当前 z*=+3.75 | LF/HF当前 z*=-1.93 | VLF当前 z*=+4.07 | 前序激活证据=0.81,NO_MATCH: SCORE_BELOW_THRESHOLD 0.16 < 0.70,1,78.947368,72.822396,3.229001,1.896863,1,25.828551,3.692883,0.220457,-2.002220,1,13755.461498,8.474990,0.231861,4.546704,1,11257.896362,7.835193,0.366588,4.074414,1,1774.708971,7.738131,0.120000,-2.139490,1,663.761841,5.685447,0.216450,3.753640,1,72.779586,85.594447,5.495746,-2.331778,1,27.220414,14.405553,5.495746,2.331778,1,2.673713,1.782007,0.414800,-1.925115,1,0.011478,0.045839,0.080000,-0.429517,1,0.340721,0.264129,0.166846,0.459061,1,0.097656,0.054688,0.120000,0.358073,1,5.031218,2.331132,0.718558,-0.995703
10126502044,PHASED_VIPASSANA,1.000000,0.000000,0.000000,0.700000,1,中段LF相对两侧 0.89× | 中段HF相对两侧 0.93× | 中段LF/HF相对两侧 0.77×,NO_MATCH: SCORE_BELOW_THRESHOLD 0.00 < 0.70,1,78.947368,72.822396,3.229001,1.896863,1,25.828551,3.692883,0.220457,-2.002220,1,13755.461498,8.474990,0.231861,4.546704,1,11257.896362,7.835193,0.366588,4.074414,1,1774.708971,7.738131,0.120000,-2.139490,1,663.761841,5.685447,0.216450,3.753640,1,72.779586,85.594447,5.495746,-2.331778,1,27.220414,14.405553,5.495746,2.331778,1,2.673713,1.782007,0.414800,-1.925115,1,0.011478,0.045839,0.080000,-0.429517,1,0.340721,0.264129,0.166846,0.459061,1,0.097656,0.054688,0.120000,0.358073,1,5.031218,2.331132,0.718558,-0.995703
10146886043,RESONANCE_0P1,1.000000,0.763020,0.763020,0.700000,1,LF主峰 0.090 Hz | 主峰/背景 4.01× | 0.075–0.11 Hz占LF+HF 37.0% | 近期主峰频率跨度 0.009 Hz,,1,86.206649,72.822396,3.229001,4.145013,1,29.715236,3.692883,0.220457,-1.366360,1,12492.028455,8.474990,0.231861,4.131173,1,9880.302490,7.835193,0.366588,3.718356,1,1809.137299,7.738131,0.120000,-1.979376,1,737.192002,5.685447,0.216450,4.238393,1,71.048835,85.594447,5.495746,-2.646704,1,28.951165,14.405553,5.495746,2.646704,1,2.454092,1.782007,0.414800,-2.131748,1,0.012279,0.045839,0.080000,-0.419503,1,0.370304,0.264129,0.166846,0.636368,1,0.089844,0.054688,0.120000,0.292969,1,4.010080,2.331132,0.718558,-1.311406
10146886043,TRAINED_VIPASSANA_SHIFT,1.000000,0.580000,0.580000,0.700000,1,HFnu z*=+2.65 | 0.06–0.10 Hz THM z*=+0.25 | LF z*=-1.98,NO_MATCH: SCORE_BELOW_THRESHOLD 0.58 < 0.70,1,86.206649,72.822396,3.229001,4.145013,1,29.715236,3.692883,0.220457,-1.366360,1,12492.028455,8.474990,0.231861,4.131173,1,9880.302490,7.835193,0.366588,3.718356,1,1809.137299,7.738131,0.120000,-1.979376,1,737.192002,5.685447,0.216450,4.238393,1,71.048835,85.594447,5.495746,-2.646704,1,28.951165,14.405553,5.495746,2.646704,1,2.454092,1.782007,0.414800,-2.131748,1,0.012279,0.045839,0.080000,-0.419503,1,0.370304,0.264129,0.166846,0.636368,1,0.089844,0.054688,0.120000,0.292969,1,4.010080,2.331132,0.718558,-1.311406
10146886043,INWARD_QUIET,1.000000,0.520000,0.520000,0.700000,1,HF z*=+4.24 | RMSSD z*=-1.37 | HR z*=+4.15 | LF/HF z*=-2.13,NO_MATCH: SCORE_BELOW_THRESHOLD 0.52 < 0.70,1,86.206649,72.822396,3.229001,4.145013,1,29.715236,3.692883,0.220457,-1.366360,1,12492.028455,8.474990,0.231861,4.131173,1,9880.302490,7.835193,0.366588,3.718356,1,1809.137299,7.738131,0.120000,-1.979376,1,737.192002,5.685447,0.216450,4.238393,1,71.048835,85.594447,5.495746,-2.646704,1,28.951165,14.405553,5.495746,2.646704,1,2.454092,1.782007,0.414800,-2.131748,1,0.012279,0.045839,0.080000,-0.419503,1,0.370304,0.264129,0.166846,0.636368,1,0.089844,0.054688,0.120000,0.292969,1,4.010080,2.331132,0.718558,-1.311406
10146886043,AROUSAL_MEDITATION,1.000000,0.480000,0.480000,0.700000,1,HF z*=+4.24 | HR z*=+4.15 | RMSSD z*=-1.37,NO_MATCH: SCORE_BELOW_THRESHOLD 0.48 < 0.70,1,86.206649,72.822396,3.229001,4.145013,1,29.715236,3.692883,0.220457,-1.366360,1,12492.028455,8.474990,0.231861,4.131173,1,9880.302490,7.835193,0.366588,3.718356,1,1809.137299,7.738131,0.120000,-1.979376,1,737.192002,5.685447,0.216450,4.238393,1,71.048835,85.594447,5.495746,-2.646704,1,28.951165,14.405553,5.495746,2.646704,1,2.454092,1.782007,0.414800,-2.131748,1,0.012279,0.045839,0.080000,-0.419503,1,0.370304,0.264129,0.166846,0.636368,1,0.089844,0.054688,0.120000,0.292969,1,4.010080,2.331132,0.718558,-1.311406
10146886043,SLOW_RECOVERY_VLF,1.000000,0.161880,0.161880,0.700000,1,HF当前 z*=+4.24 | LF/HF当前 z*=-2.13 | VLF当前 z*=+3.72 | 前序激活证据=0.81,NO_MATCH: SCORE_BELOW_THRESHOLD 0.16 < 0.70,1,86.206649,72.822396,3.229001,4.145013,1,29.715236,3.692883,0.220457,-1.366360,1,12492.028455,8.474990,0.231861,4.131173,1,9880.302490,7.835193,0.366588,3.718356,1,1809.137299,7.738131,0.120000,-1.979376,1,737.192002,5.685447,0.216450,4.238393,1,71.048835,85.594447,5.495746,-2.646704,1,28.951165,14.405553,5.495746,2.646704,1,2.454092,1.782007,0.414800,-2.131748,1,0.012279,0.045839,0.080000,-0.419503,1,0.370304,0.264129,0.166846,0.636368,1,0.089844,0.054688,0.120000,0.292969,1,4.010080,2.331132,0.718558,-1.311406
10146886043,PHASED_VIPASSANA,1.000000,0.000000,0.000000,0.700000,1,中段LF相对两侧 0.91× | 中段HF相对两侧 0.86× | 中段LF/HF相对两侧 0.78×,NO_MATCH: SCORE_BELOW_THRESHOLD 0.00 < 0.70,1,86.206649,72.822396,3.229001,4.145013,1,29.715236,3.692883,0.220457,-1.366360,1,12492.028455,8.474990,0.231861,4.131173,1,9880.302490,7.835193,0.366588,3.718356,1,1809.137299,7.738131,0.120000,-1.979376,1,737.192002,5.685447,0.216450,4.238393,1,71.048835,85.594447,5.495746,-2.646704,1,28.951165,14.405553,5.495746,2.646704,1,2.454092,1.782007,0.414800,-2.131748,1,0.012279,0.045839,0.080000,-0.419503,1,0.370304,0.264129,0.166846,0.636368,1,0.089844,0.054688,0.120000,0.292969,1,4.010080,2.331132,0.718558,-1.311406
10167358043,RESONANCE_0P1,1.000000,0.851303,0.851303,0.700000,1,LF主峰 0.090 Hz | 主峰/背景 7.20× | 0.075–0.11 Hz占LF+HF 38.6% | 近期主峰频率跨度 0.010 Hz,,1,73.529412,72.822396,3.229001,0.218958,1,31.384094,3.692883,0.220457,-1.118505,1,9270.153315,8.474990,0.231861,2.844663,1,6695.091238,7.835193,0.366588,2.656760,1,1778.153546,7.738131,0.120000,-2.123331,1,740.553386,5.685447,0.216450,4.259411,1,70.597874,85.594447,5.495746,-2.728760,1,29.402126,14.405553,5.495746,2.728760,1,2.401115,1.782007,0.414800,-2.184361,1,0.014497,0.045839,0.080000,-0.391776,1,0.386485,0.264129,0.166846,0.733350,1,0.089844,0.054688,0.120000,0.292969,1,7.198448,2.331132,0.718558,-0.497199
10167358043,TRAINED_VIPASSANA_SHIFT,1.000000,0.580000,0.580000,0.700000,1,HFnu z*=+2.73 | 0.06–0.10 Hz THM z*=+0.53 | LF z*=-2.12,NO_MATCH: SCORE_BELOW_THRESHOLD 0.58 < 0.70,1,73.529412,72.822396,3.229001,0.218958,1,31.384094,3.692883,0.220457,-1.118505,1,9270.153315,8.474990,0.231861,2.844663,1,6695.091238,7.835193,0.366588,2.656760,1,1778.153546,7.738131,0.120000,-2.123331,1,740.553386,5.685447,0.216450,4.259411,1,70.597874,85.594447,5.495746,-2.728760,1,29.402126,14.405553,5.495746,2.728760,1,2.401115,1.782007,0.414800,-2.184361,1,0.014497,0.045839,0.080000,-0.391776,1,0.386485,0.264129,0.166846,0.733350,1,0.089844,0.054688,0.120000,0.292969,1,7.198448,2.331132,0.718558,-0.497199
10167358043,INWARD_QUIET,1.000000,0.520000,0.520000,0.700000,1,HF z*=+4.26 | RMSSD z*=-1.12 | HR z*=+0.22 | LF/HF z*=-2.18,NO_MATCH: SCORE_BELOW_THRESHOLD 0.52 < 0.70,1,73.529412,72.822396,3.229001,0.218958,1,31.384094,3.692883,0.220457,-1.118505,1,9270.153315,8.474990,0.231861,2.844663,1,6695.091238,7.835193,0.366588,2.656760,1,1778.153546,7.738131,0.120000,-2.123331,1,740.553386,5.685447,0.216450,4.259411,1,70.597874,85.594447,5.495746,-2.728760,1,29.402126,14.405553,5.495746,2.728760,1,2.401115,1.782007,0.414800,-2.184361,1,0.014497,0.045839,0.080000,-0.391776,1,0.386485,0.264129,0.166846,0.733350,1,0.089844,0.054688,0.120000,0.292969,1,7.198448,2.331132,0.718558,-0.497199
10167358043,AROUSAL_MEDITATION,1.000000,0.338219,0.338219,0.700000,1,HF z*=+4.26 | HR z*=+0.22 | RMSSD z*=-1.12,NO_MATCH: SCORE_BELOW_THRESHOLD 0.34 < 0.70,1,73.529412,72.822396,3.229001,0.218958,1,31.384094,3.692883,0.220457,-1.118505,1,9270.153315,8.474990,0.231861,2.844663,1,6695.091238,7.835193,0.366588,2.656760,1,1778.153546,7.738131,0.120000,-2.123331,1,740.553386,5.685447,0.216450,4.259411,1,70.597874,85.594447,5.495746,-2.728760,1,29.402126,14.405553,5.495746,2.728760,1,2.401115,1.782007,0.414800,-2.184361,1,0.014497,0.045839,0.080000,-0.391776,1,0.386485,0.264129,0.166846,0.733350,1,0.089844,0.054688,0.120000,0.292969,1,7.198448,2.331132,0.718558,-0.497199
10167358043,SLOW_RECOVERY_VLF,1.000000,0.311880,0.311880,0.700000,1,HF当前 z*=+4.26 | LF/HF当前 z*=-2.18 | VLF当前 z*=+2.66 | 前序激活证据=0.81,NO_MATCH: SCORE_BELOW_THRESHOLD 0.31 < 0.70,1,73.529412,72.822396,3.229001,0.218958,1,31.384094,3.692883,0.220457,-1.118505,1,9270.153315,8.474990,0.231861,2.844663,1,6695.091238,7.835193,0.366588,2.656760,1,1778.153546,7.738131,0.120000,-2.123331,1,740.553386,5.685447,0.216450,4.259411,1,70.597874,85.594447,5.495746,-2.728760,1,29.402126,14.405553,5.495746,2.728760,1,2.401115,1.782007,0.414800,-2.184361,1,0.014497,0.045839,0.080000,-0.391776,1,0.386485,0.264129,0.166846,0.733350,1,0.089844,0.054688,0.120000,0.292969,1,7.198448,2.331132,0.718558,-0.497199
10167358043,PHASED_VIPASSANA,1.000000,0.000000,0.000000,0.700000,1,中段LF相对两侧 0.89× | 中段HF相对两侧 0.74× | 中段LF/HF相对两侧 0.85×,NO_MATCH: SCORE_BELOW_THRESHOLD 0.00 < 0.70,1,73.529412,72.822396,3.229001,0.218958,1,31.384094,3.692883,0.220457,-1.118505,1,9270.153315,8.474990,0.231861,2.844663,1,6695.091238,7.835193,0.366588,2.656760,1,1778.153546,7.738131,0.120000,-2.123331,1,740.553386,5.685447,0.216450,4.259411,1,70.597874,85.594447,5.495746,-2.728760,1,29.402126,14.405553,5.495746,2.728760,1,2.401115,1.782007,0.414800,-2.184361,1,0.014497,0.045839,0.080000,-0.391776,1,0.386485,0.264129,0.166846,0.733350,1,0.089844,0.054688,0.120000,0.292969,1,7.198448,2.331132,0.718558,-0.497199
10187622043,RESONANCE_0P1,1.000000,0.869861,0.869861,0.700000,1,LF主峰 0.090 Hz | 主峰/背景 12.23× | 0.075–0.11 Hz占LF+HF 39.7% | 近期主峰频率跨度 0.008 Hz,,1,82.417356,73.529322,4.113381,2.160761,1,30.005442,3.684791,0.237466,-1.193486,1,6432.065316,8.553184,0.233345,0.925098,1,4117.465750,7.944176,0.435071,0.870702,1,1620.790924,7.733076,0.120000,-2.853385,1,654.891469,5.814481,0.373108,1.795698,1,71.222194,84.930749,5.567628,-2.462189,1,28.777806,15.069251,5.567628,2.462189,1,2.474900,1.730120,0.459357,-1.793639,1,0.021803,0.040351,0.080000,-0.231851,1,0.397320,0.297760,0.111396,0.893739,1,0.089844,0.054688,0.120000,0.292969,1,12.232812,2.220279,0.746542,0.380210
10187622043,TRAINED_VIPASSANA_SHIFT,1.000000,0.580000,0.580000,0.700000,1,HFnu z*=+2.46 | 0.06–0.10 Hz THM z*=+0.72 | LF z*=-2.85,NO_MATCH: SCORE_BELOW_THRESHOLD 0.58 < 0.70,1,82.417356,73.529322,4.113381,2.160761,1,30.005442,3.684791,0.237466,-1.193486,1,6432.065316,8.553184,0.233345,0.925098,1,4117.465750,7.944176,0.435071,0.870702,1,1620.790924,7.733076,0.120000,-2.853385,1,654.891469,5.814481,0.373108,1.795698,1,71.222194,84.930749,5.567628,-2.462189,1,28.777806,15.069251,5.567628,2.462189,1,2.474900,1.730120,0.459357,-1.793639,1,0.021803,0.040351,0.080000,-0.231851,1,0.397320,0.297760,0.111396,0.893739,1,0.089844,0.054688,0.120000,0.292969,1,12.232812,2.220279,0.746542,0.380210
10187622043,INWARD_QUIET,1.000000,0.520000,0.520000,0.700000,1,HF z*=+1.80 | RMSSD z*=-1.19 | HR z*=+2.16 | LF/HF z*=-1.79,NO_MATCH: SCORE_BELOW_THRESHOLD 0.52 < 0.70,1,82.417356,73.529322,4.113381,2.160761,1,30.005442,3.684791,0.237466,-1.193486,1,6432.065316,8.553184,0.233345,0.925098,1,4117.465750,7.944176,0.435071,0.870702,1,1620.790924,7.733076,0.120000,-2.853385,1,654.891469,5.814481,0.373108,1.795698,1,71.222194,84.930749,5.567628,-2.462189,1,28.777806,15.069251,5.567628,2.462189,1,2.474900,1.730120,0.459357,-1.793639,1,0.021803,0.040351,0.080000,-0.231851,1,0.397320,0.297760,0.111396,0.893739,1,0.089844,0.054688,0.120000,0.292969,1,12.232812,2.220279,0.746542,0.380210
10187622043,AROUSAL_MEDITATION,1.000000,0.480000,0.480000,0.700000,1,HF z*=+1.80 | HR z*=+2.16 | RMSSD z*=-1.19,NO_MATCH: SCORE_BELOW_THRESHOLD 0.48 < 0.70,1,82.417356,73.529322,4.113381,2.160761,1,30.005442,3.684791,0.237466,-1.193486,1,6432.065316,8.553184,0.233345,0.925098,1,4117.465750,7.944176,0.435071,0.870702,1,1620.790924,7.733076,0.120000,-2.853385,1,654.891469,5.814481,0.373108,1.795698,1,71.222194,84.930749,5.567628,-2.462189,1,28.777806,15.069251,5.567628,2.462189,1,2.474900,1.730120,0.459357,-1.793639,1,0.021803,0.040351,0.080000,-0.231851,1,0.397320,0.297760,0.111396,0.893739,1,0.089844,0.054688,0.120000,0.292969,1,12.232812,2.220279,0.746542,0.380210
10187622043,SLOW_RECOVERY_VLF,1.000000,0.153887,0.153887,0.700000,1,HF当前 z*=+1.80 | LF/HF当前 z*=-1.79 | VLF当前 z*=+0.87 | 前序激活证据=0.77,NO_MATCH: SCORE_BELOW_THRESHOLD 0.15 < 0.70,1,82.417356,73.529322,4.113381,2.160761,1,30.005442,3.684791,0.237466,-1.193486,1,6432.065316,8.553184,0.233345,0.925098,1,4117.465750,7.944176,0.435071,0.870702,1,1620.790924,7.733076,0.120000,-2.853385,1,654.891469,5.814481,0.373108,1.795698,1,71.222194,84.930749,5.567628,-2.462189,1,28.777806,15.069251,5.567628,2.462189,1,2.474900,1.730120,0.459357,-1.793639,1,0.021803,0.040351,0.080000,-0.231851,1,0.397320,0.297760,0.111396,0.893739,1,0.089844,0.054688,0.120000,0.292969,1,12.232812,2.220279,0.746542,0.380210
10187622043,PHASED_VIPASSANA,1.000000,0.000000,0.000000,0.700000,1,中段LF相对两侧 0.91× | 中段HF相对两侧 0.70× | 中段LF/HF相对两侧 0.96×,NO_MATCH: SCORE_BELOW_THRESHOLD 0.00 < 0.70,1,82.417356,73.529322,4.113381,2.160761,1,30.005442,3.684791,0.237466,-1.193486,1,6432.065316,8.553184,0.233345,0.925098,1,4117.465750,7.944176,0.435071,0.870702,1,1620.790924,7.733076,0.120000,-2.853385,1,654.891469,5.814481,0.373108,1.795698,1,71.222194,84.930749,5.567628,-2.462189,1,28.777806,15.069251,5.567628,2.462189,1,2.474900,1.730120,0.459357,-1.793639,1,0.021803,0.040351,0.080000,-0.231851,1,0.397320,0.297760,0.111396,0.893739,1,0.089844,0.054688,0.120000,0.292969,1,12.232812,2.220279,0.746542,0.380210
10207686043,RESONANCE_0P1,1.000000,0.877767,0.877767,0.700000,1,LF主峰 0.090 Hz | 主峰/背景 18.83× | 0.075–0.11 Hz占LF+HF 40.8% | 近期主峰频率跨度 0.005 Hz,,1,78.947680,73.529322,4.113381,1.317252,1,27.378195,3.684791,0.237466,-1.579359,1,4512.932941,8.553184,0.233345,-0.593462,1,2611.255189,7.944176,0.435071,-0.176040,1,1374.155138,7.733076,0.120000,-4.229011,1,503.590902,5.814481,0.373108,1.091597,1,73.181096,84.930749,5.567628,-2.110352,1,26.818904,15.069251,5.567628,2.110352,1,2.728713,1.730120,0.459357,-1.581103,1,0.030238,0.040351,0.080000,-0.126408,1,0.407754,0.297760,0.111396,0.987412,1,0.089844,0.054688,0.120000,0.292969,1,18.834563,2.220279,0.746542,0.958304
10207686043,TRAINED_VIPASSANA_SHIFT,1.000000,0.580000,0.580000,0.700000,1,HFnu z*=+2.11 | 0.06–0.10 Hz THM z*=+0.31 | LF z*=-4.23,NO_MATCH: SCORE_BELOW_THRESHOLD 0.58 < 0.70,1,78.947680,73.529322,4.113381,1.317252,1,27.378195,3.684791,0.237466,-1.579359,1,4512.932941,8.553184,0.233345,-0.593462,1,2611.255189,7.944176,0.435071,-0.176040,1,1374.155138,7.733076,0.120000,-4.229011,1,503.590902,5.814481,0.373108,1.091597,1,73.181096,84.930749,5.567628,-2.110352,1,26.818904,15.069251,5.567628,2.110352,1,2.728713,1.730120,0.459357,-1.581103,1,0.030238,0.040351,0.080000,-0.126408,1,0.407754,0.297760,0.111396,0.987412,1,0.089844,0.054688,0.120000,0.292969,1,18.834563,2.220279,0.746542,0.958304
10207686043,AROUSAL_MEDITATION,1.000000,0.480000,0.480000,0.700000,1,HF z*=+1.09 | HR z*=+1.32 | RMSSD z*=-1.58,NO_MATCH: SCORE_BELOW_THRESHOLD 0.48 < 0.70,1,78.947680,73.529322,4.113381,1.317252,1,27.378195,3.684791,0.237466,-1.579359,1,4512.932941,8.553184,0.233345,-0.593462,1,2611.255189,7.944176,0.435071,-0.176040,1,1374.155138,7.733076,0.120000,-4.229011,1,503.590902,5.814481,0.373108,1.091597,1,73.181096,84.930749,5.567628,-2.110352,1,26.818904,15.069251,5.567628,2.110352,1,2.728713,1.730120,0.459357,-1.581103,1,0.030238,0.040351,0.080000,-0.126408,1,0.407754,0.297760,0.111396,0.987412,1,0.089844,0.054688,0.120000,0.292969,1,18.834563,2.220279,0.746542,0.958304
10207686043,INWARD_QUIET,1.000000,0.479190,0.479190,0.700000,1,HF z*=+1.09 | RMSSD z*=-1.58 | HR z*=+1.32 | LF/HF z*=-1.58,NO_MATCH: SCORE_BELOW_THRESHOLD 0.48 < 0.70,1,78.947680,73.529322,4.113381,1.317252,1,27.378195,3.684791,0.237466,-1.579359,1,4512.932941,8.553184,0.233345,-0.593462,1,2611.255189,7.944176,0.435071,-0.176040,1,1374.155138,7.733076,0.120000,-4.229011,1,503.590902,5.814481,0.373108,1.091597,1,73.181096,84.930749,5.567628,-2.110352,1,26.818904,15.069251,5.567628,2.110352,1,2.728713,1.730120,0.459357,-1.581103,1,0.030238,0.040351,0.080000,-0.126408,1,0.407754,0.297760,0.111396,0.987412,1,0.089844,0.054688,0.120000,0.292969,1,18.834563,2.220279,0.746542,0.958304
10207686043,SLOW_RECOVERY_VLF,1.000000,0.184240,0.184240,0.700000,1,HF当前 z*=+1.09 | LF/HF当前 z*=-1.58 | VLF当前 z*=-0.18 | 前序激活证据=0.77,NO_MATCH: SCORE_BELOW_THRESHOLD 0.18 < 0.70,1,78.947680,73.529322,4.113381,1.317252,1,27.378195,3.684791,0.237466,-1.579359,1,4512.932941,8.553184,0.233345,-0.593462,1,2611.255189,7.944176,0.435071,-0.176040,1,1374.155138,7.733076,0.120000,-4.229011,1,503.590902,5.814481,0.373108,1.091597,1,73.181096,84.930749,5.567628,-2.110352,1,26.818904,15.069251,5.567628,2.110352,1,2.728713,1.730120,0.459357,-1.581103,1,0.030238,0.040351,0.080000,-0.126408,1,0.407754,0.297760,0.111396,0.987412,1,0.089844,0.054688,0.120000,0.292969,1,18.834563,2.220279,0.746542,0.958304
10207686043,PHASED_VIPASSANA,1.000000,0.000000,0.000000,0.700000,1,中段LF相对两侧 0.92× | 中段HF相对两侧 0.71× | 中段LF/HF相对两侧 0.99×,NO_MATCH: SCORE_BELOW_THRESHOLD 0.00 < 0.70,1,78.947680,73.529322,4.113381,1.317252,1,27.378195,3.684791,0.237466,-1.579359,1,4512.932941,8.553184,0.233345,-0.593462,1,2611.255189,7.944176,0.435071,-0.176040,1,1374.155138,7.733076,0.120000,-4.229011,1,503.590902,5.814481,0.373108,1.091597,1,73.181096,84.930749,5.567628,-2.110352,1,26.818904,15.069251,5.567628,2.110352,1,2.728713,1.730120,0.459357,-1.581103,1,0.030238,0.040351,0.080000,-0.126408,1,0.407754,0.297760,0.111396,0.987412,1,0.089844,0.054688,0.120000,0.292969,1,18.834563,2.220279,0.746542,0.958304
10227950047,RESONANCE_0P1,1.000000,0.876087,0.876087,0.700000,1,LF主峰 0.090 Hz | 主峰/背景 19.95× | 0.075–0.11 Hz占LF+HF 40.6% | 近期主峰频率跨度 0.000 Hz,,1,84.269545,73.529322,4.113381,2.611045,1,30.347345,3.684791,0.237466,-1.145772,1,3455.772422,8.553184,0.233345,-1.737268,1,1942.744899,7.944176,0.435071,-0.855766,1,1160.947359,7.733076,0.120000,-5.634034,1,337.279438,5.814481,0.373108,0.017236,1,77.488092,84.930749,5.567628,-1.336773,1,22.511908,15.069251,5.567628,1.336773,1,3.442093,1.730120,0.459357,-1.075505,1,0.029953,0.040351,0.080000,-0.129978,1,0.405538,0.297760,0.111396,0.967513,1,0.089844,0.054688,0.120000,0.292969,1,19.953204,2.220279,0.746542,1.035588
10227950047,TRAINED_VIPASSANA_SHIFT,1.000000,0.580000,0.580000,0.700000,1,HFnu z*=+1.34 | 0.06–0.10 Hz THM z*=-0.31 | LF z*=-5.63,NO_MATCH: SCORE_BELOW_THRESHOLD 0.58 < 0.70,1,84.269545,73.529322,4.113381,2.611045,1,30.347345,3.684791,0.237466,-1.145772,1,3455.772422,8.553184,0.233345,-1.737268,1,1942.744899,7.944176,0.435071,-0.855766,1,1160.947359,7.733076,0.120000,-5.634034,1,337.279438,5.814481,0.373108,0.017236,1,77.488092,84.930749,5.567628,-1.336773,1,22.511908,15.069251,5.567628,1.336773,1,3.442093,1.730120,0.459357,-1.075505,1,0.029953,0.040351,0.080000,-0.129978,1,0.405538,0.297760,0.111396,0.967513,1,0.089844,0.054688,0.120000,0.292969,1,19.953204,2.220279,0.746542,1.035588
10227950047,SLOW_RECOVERY_VLF,1.000000,0.561026,0.561026,0.700000,1,HF当前 z*=+0.02 | LF/HF当前 z*=-1.08 | VLF当前 z*=-0.86 | 前序激活证据=0.77,NO_MATCH: SCORE_BELOW_THRESHOLD 0.56 < 0.70,1,84.269545,73.529322,4.113381,2.611045,1,30.347345,3.684791,0.237466,-1.145772,1,3455.772422,8.553184,0.233345,-1.737268,1,1942.744899,7.944176,0.435071,-0.855766,1,1160.947359,7.733076,0.120000,-5.634034,1,337.279438,5.814481,0.373108,0.017236,1,77.488092,84.930749,5.567628,-1.336773,1,22.511908,15.069251,5.567628,1.336773,1,3.442093,1.730120,0.459357,-1.075505,1,0.029953,0.040351,0.080000,-0.129978,1,0.405538,0.297760,0.111396,0.967513,1,0.089844,0.054688,0.120000,0.292969,1,19.953204,2.220279,0.746542,1.035588
10227950047,AROUSAL_MEDITATION,1.000000,0.480000,0.480000,0.700000,1,HF z*=+0.02 | HR z*=+2.61 | RMSSD z*=-1.15,NO_MATCH: SCORE_BELOW_THRESHOLD 0.48 < 0.70,1,84.269545,73.529322,4.113381,2.611045,1,30.347345,3.684791,0.237466,-1.145772,1,3455.772422,8.553184,0.233345,-1.737268,1,1942.744899,7.944176,0.435071,-0.855766,1,1160.947359,7.733076,0.120000,-5.634034,1,337.279438,5.814481,0.373108,0.017236,1,77.488092,84.930749,5.567628,-1.336773,1,22.511908,15.069251,5.567628,1.336773,1,3.442093,1.730120,0.459357,-1.075505,1,0.029953,0.040351,0.080000,-0.129978,1,0.405538,0.297760,0.111396,0.967513,1,0.089844,0.054688,0.120000,0.292969,1,19.953204,2.220279,0.746542,1.035588
10227950047,INWARD_QUIET,1.000000,0.170707,0.170707,0.700000,1,HF z*=+0.02 | RMSSD z*=-1.15 | HR z*=+2.61 | LF/HF z*=-1.08,NO_MATCH: SCORE_BELOW_THRESHOLD 0.17 < 0.70,1,84.269545,73.529322,4.113381,2.611045,1,30.347345,3.684791,0.237466,-1.145772,1,3455.772422,8.553184,0.233345,-1.737268,1,1942.744899,7.944176,0.435071,-0.855766,1,1160.947359,7.733076,0.120000,-5.634034,1,337.279438,5.814481,0.373108,0.017236,1,77.488092,84.930749,5.567628,-1.336773,1,22.511908,15.069251,5.567628,1.336773,1,3.442093,1.730120,0.459357,-1.075505,1,0.029953,0.040351,0.080000,-0.129978,1,0.405538,0.297760,0.111396,0.967513,1,0.089844,0.054688,0.120000,0.292969,1,19.953204,2.220279,0.746542,1.035588
10227950047,PHASED_VIPASSANA,1.000000,0.058555,0.058555,0.700000,1,中段LF相对两侧 0.90× | 中段HF相对两侧 0.65× | 中段LF/HF相对两侧 1.04×,NO_MATCH: SCORE_BELOW_THRESHOLD 0.06 < 0.70,1,84.269545,73.529322,4.113381,2.611045,1,30.347345,3.684791,0.237466,-1.145772,1,3455.772422,8.553184,0.233345,-1.737268,1,1942.744899,7.944176,0.435071,-0.855766,1,1160.947359,7.733076,0.120000,-5.634034,1,337.279438,5.814481,0.373108,0.017236,1,77.488092,84.930749,5.567628,-1.336773,1,22.511908,15.069251,5.567628,1.336773,1,3.442093,1.730120,0.459357,-1.075505,1,0.029953,0.040351,0.080000,-0.129978,1,0.405538,0.297760,0.111396,0.967513,1,0.089844,0.054688,0.120000,0.292969,1,19.953204,2.220279,0.746542,1.035588
10248494043,RESONANCE_0P1,1.000000,0.839210,0.839210,0.700000,1,LF主峰 0.090 Hz | 主峰/背景 16.11× | 0.075–0.11 Hz占LF+HF 35.7% | 近期主峰频率跨度 0.000 Hz,,1,75.757193,73.529322,4.113381,0.541616,1,29.458250,3.684791,0.237466,-1.270991,1,2977.375430,8.553184,0.233345,-2.375824,1,1601.739793,7.944176,0.435071,-1.299399,1,1139.911349,7.733076,0.120000,-5.786416,1,221.639637,5.814481,0.373108,-1.108067,1,83.721532,84.930749,5.567628,-0.217187,1,16.278468,15.069251,5.567628,0.217187,1,5.143084,1.730120,0.459357,-0.201297,1,0.030419,0.040351,0.080000,-0.124145,1,0.356860,0.297760,0.111396,0.530537,1,0.089844,0.054688,0.120000,0.292969,1,16.113556,2.220279,0.746542,0.749297
10248494043,AROUSAL_MEDITATION,1.000000,0.897077,0.897077,0.700000,1,HF z*=-1.11 | HR z*=+0.54 | RMSSD z*=-1.27,,1,75.757193,73.529322,4.113381,0.541616,1,29.458250,3.684791,0.237466,-1.270991,1,2977.375430,8.553184,0.233345,-2.375824,1,1601.739793,7.944176,0.435071,-1.299399,1,1139.911349,7.733076,0.120000,-5.786416,1,221.639637,5.814481,0.373108,-1.108067,1,83.721532,84.930749,5.567628,-0.217187,1,16.278468,15.069251,5.567628,0.217187,1,5.143084,1.730120,0.459357,-0.201297,1,0.030419,0.040351,0.080000,-0.124145,1,0.356860,0.297760,0.111396,0.530537,1,0.089844,0.054688,0.120000,0.292969,1,16.113556,2.220279,0.746542,0.749297
10248494043,SLOW_RECOVERY_VLF,1.000000,0.751305,0.751305,0.700000,1,HF当前 z*=-1.11 | LF/HF当前 z*=-0.20 | VLF当前 z*=-1.30 | 前序激活证据=0.77,,1,75.757193,73.529322,4.113381,0.541616,1,29.458250,3.684791,0.237466,-1.270991,1,2977.375430,8.553184,0.233345,-2.375824,1,1601.739793,7.944176,0.435071,-1.299399,1,1139.911349,7.733076,0.120000,-5.786416,1,221.639637,5.814481,0.373108,-1.108067,1,83.721532,84.930749,5.567628,-0.217187,1,16.278468,15.069251,5.567628,0.217187,1,5.143084,1.730120,0.459357,-0.201297,1,0.030419,0.040351,0.080000,-0.124145,1,0.356860,0.297760,0.111396,0.530537,1,0.089844,0.054688,0.120000,0.292969,1,16.113556,2.220279,0.746542,0.749297
10248494043,TRAINED_VIPASSANA_SHIFT,1.000000,0.259973,0.259973,0.700000,1,HFnu z*=+0.22 | 0.06–0.10 Hz THM z*=-0.67 | LF z*=-5.79,NO_MATCH: SCORE_BELOW_THRESHOLD 0.26 < 0.70,1,75.757193,73.529322,4.113381,0.541616,1,29.458250,3.684791,0.237466,-1.270991,1,2977.375430,8.553184,0.233345,-2.375824,1,1601.739793,7.944176,0.435071,-1.299399,1,1139.911349,7.733076,0.120000,-5.786416,1,221.639637,5.814481,0.373108,-1.108067,1,83.721532,84.930749,5.567628,-0.217187,1,16.278468,15.069251,5.567628,0.217187,1,5.143084,1.730120,0.459357,-0.201297,1,0.030419,0.040351,0.080000,-0.124145,1,0.356860,0.297760,0.111396,0.530537,1,0.089844,0.054688,0.120000,0.292969,1,16.113556,2.220279,0.746542,0.749297
10248494043,PHASED_VIPASSANA,1.000000,0.065198,0.065198,0.700000,1,中段LF相对两侧 0.93× | 中段HF相对两侧 0.64× | 中段LF/HF相对两侧 1.05×,NO_MATCH: SCORE_BELOW_THRESHOLD 0.07 < 0.70,1,75.757193,73.529322,4.113381,0.541616,1,29.458250,3.684791,0.237466,-1.270991,1,2977.375430,8.553184,0.233345,-2.375824,1,1601.739793,7.944176,0.435071,-1.299399,1,1139.911349,7.733076,0.120000,-5.786416,1,221.639637,5.814481,0.373108,-1.108067,1,83.721532,84.930749,5.567628,-0.217187,1,16.278468,15.069251,5.567628,0.217187,1,5.143084,1.730120,0.459357,-0.201297,1,0.030419,0.040351,0.080000,-0.124145,1,0.356860,0.297760,0.111396,0.530537,1,0.089844,0.054688,0.120000,0.292969,1,16.113556,2.220279,0.746542,0.749297
10248494043,INWARD_QUIET,1.000000,0.000000,0.000000,0.700000,1,HF z*=-1.11 | RMSSD z*=-1.27 | HR z*=+0.54 | LF/HF z*=-0.20,NO_MATCH: SCORE_BELOW_THRESHOLD 0.00 < 0.70,1,75.757193,73.529322,4.113381,0.541616,1,29.458250,3.684791,0.237466,-1.270991,1,2977.375430,8.553184,0.233345,-2.375824,1,1601.739793,7.944176,0.435071,-1.299399,1,1139.911349,7.733076,0.120000,-5.786416,1,221.639637,5.814481,0.373108,-1.108067,1,83.721532,84.930749,5.567628,-0.217187,1,16.278468,15.069251,5.567628,0.217187,1,5.143084,1.730120,0.459357,-0.201297,1,0.030419,0.040351,0.080000,-0.124145,1,0.356860,0.297760,0.111396,0.530537,1,0.089844,0.054688,0.120000,0.292969,1,16.113556,2.220279,0.746542,0.749297
10269238043,AROUSAL_MEDITATION,1.000000,0.793716,0.793716,0.700000,1,HF z*=-1.73 | HR z*=+0.00 | RMSSD z*=-1.92,,1,73.529772,73.529322,4.113381,0.000110,1,25.276076,3.684791,0.237466,-1.915780,1,2876.334759,8.553184,0.233345,-2.523782,1,1306.830562,7.944176,0.435071,-1.767106,1,1366.847559,7.733076,0.120000,-4.273445,1,175.797217,5.814481,0.373108,-1.729126,1,88.604167,84.930749,5.567628,0.659782,1,11.395833,15.069251,5.567628,-0.659782,1,7.775138,1.730120,0.459357,0.698392,1,0.063631,0.040351,0.080000,0.291002,1,0.272678,0.297760,0.111396,-0.225159,1,0.070312,0.054688,0.120000,0.130208,1,5.973482,2.220279,0.746542,-0.579939
10269238043,SLOW_RECOVERY_VLF,1.000000,0.697521,0.697521,0.700000,1,HF当前 z*=-1.73 | LF/HF当前 z*=+0.70 | VLF当前 z*=-1.77 | 前序激活证据=0.77,NO_MATCH: SCORE_BELOW_THRESHOLD 0.70 < 0.70,1,73.529772,73.529322,4.113381,0.000110,1,25.276076,3.684791,0.237466,-1.915780,1,2876.334759,8.553184,0.233345,-2.523782,1,1306.830562,7.944176,0.435071,-1.767106,1,1366.847559,7.733076,0.120000,-4.273445,1,175.797217,5.814481,0.373108,-1.729126,1,88.604167,84.930749,5.567628,0.659782,1,11.395833,15.069251,5.567628,-0.659782,1,7.775138,1.730120,0.459357,0.698392,1,0.063631,0.040351,0.080000,0.291002,1,0.272678,0.297760,0.111396,-0.225159,1,0.070312,0.054688,0.120000,0.130208,1,5.973482,2.220279,0.746542,-0.579939
10269238043,RESONANCE_0P1,1.000000,0.552607,0.552607,0.700000,1,LF主峰 0.070 Hz | 主峰/背景 5.97× | 0.075–0.11 Hz占LF+HF 27.3% | 近期主峰频率跨度 0.012 Hz,NO_MATCH: SCORE_BELOW_THRESHOLD 0.55 < 0.70,1,73.529772,73.529322,4.113381,0.000110,1,25.276076,3.684791,0.237466,-1.915780,1,2876.334759,8.553184,0.233345,-2.523782,1,1306.830562,7.944176,0.435071,-1.767106,1,1366.847559,7.733076,0.120000,-4.273445,1,175.797217,5.814481,0.373108,-1.729126,1,88.604167,84.930749,5.567628,0.659782,1,11.395833,15.069251,5.567628,-0.659782,1,7.775138,1.730120,0.459357,0.698392,1,0.063631,0.040351,0.080000,0.291002,1,0.272678,0.297760,0.111396,-0.225159,1,0.070312,0.054688,0.120000,0.130208,1,5.973482,2.220279,0.746542,-0.579939
10269238043,TRAINED_VIPASSANA_SHIFT,1.000000,0.164530,0.164530,0.700000,1,HFnu z*=-0.66 | 0.06–0.10 Hz THM z*=-0.48 | LF z*=-4.27,NO_MATCH: SCORE_BELOW_THRESHOLD 0.16 < 0.70,1,73.529772,73.529322,4.113381,0.000110,1,25.276076,3.684791,0.237466,-1.915780,1,2876.334759,8.553184,0.233345,-2.523782,1,1306.830562,7.944176,0.435071,-1.767106,1,1366.847559,7.733076,0.120000,-4.273445,1,175.797217,5.814481,0.373108,-1.729126,1,88.604167,84.930749,5.567628,0.659782,1,11.395833,15.069251,5.567628,-0.659782,1,7.775138,1.730120,0.459357,0.698392,1,0.063631,0.040351,0.080000,0.291002,1,0.272678,0.297760,0.111396,-0.225159,1,0.070312,0.054688,0.120000,0.130208,1,5.973482,2.220279,0.746542,-0.579939
10269238043,PHASED_VIPASSANA,1.000000,0.039667,0.039667,0.700000,1,中段LF相对两侧 0.95× | 中段HF相对两侧 0.65× | 中段LF/HF相对两侧 1.03×,NO_MATCH: SCORE_BELOW_THRESHOLD 0.04 < 0.70,1,73.529772,73.529322,4.113381,0.000110,1,25.276076,3.684791,0.237466,-1.915780,1,2876.334759,8.553184,0.233345,-2.523782,1,1306.830562,7.944176,0.435071,-1.767106,1,1366.847559,7.733076,0.120000,-4.273445,1,175.797217,5.814481,0.373108,-1.729126,1,88.604167,84.930749,5.567628,0.659782,1,11.395833,15.069251,5.567628,-0.659782,1,7.775138,1.730120,0.459357,0.698392,1,0.063631,0.040351,0.080000,0.291002,1,0.272678,0.297760,0.111396,-0.225159,1,0.070312,0.054688,0.120000,0.130208,1,5.973482,2.220279,0.746542,-0.579939
10269238043,INWARD_QUIET,1.000000,0.000000,0.000000,0.700000,1,HF z*=-1.73 | RMSSD z*=-1.92 | HR z*=+0.00 | LF/HF z*=+0.70,NO_MATCH: SCORE_BELOW_THRESHOLD 0.00 < 0.70,1,73.529772,73.529322,4.113381,0.000110,1,25.276076,3.684791,0.237466,-1.915780,1,2876.334759,8.553184,0.233345,-2.523782,1,1306.830562,7.944176,0.435071,-1.767106,1,1366.847559,7.733076,0.120000,-4.273445,1,175.797217,5.814481,0.373108,-1.729126,1,88.604167,84.930749,5.567628,0.659782,1,11.395833,15.069251,5.567628,-0.659782,1,7.775138,1.730120,0.459357,0.698392,1,0.063631,0.040351,0.080000,0.291002,1,0.272678,0.297760,0.111396,-0.225159,1,0.070312,0.054688,0.120000,0.130208,1,5.973482,2.220279,0.746542,-0.579939
10289814044,AROUSAL_MEDITATION,0.650000,1.046154,0.680000,0.700000,1,HF z*=-1.72 | HR z*=+1.73 | RMSSD z*=-0.90,NO_MATCH: SCORE_BELOW_THRESHOLD 0.68 < 0.70,1,80.645161,73.529322,4.113381,1.729925,1,32.151902,3.684791,0.237466,-0.902527,1,3231.023214,8.553184,0.233345,-2.025455,1,1283.866955,7.944176,0.435071,-1.807854,1,1714.517372,7.733076,0.120000,-2.384907,1,176.266382,5.814481,0.373108,-1.721982,1,90.677602,84.930749,5.567628,1.032191,1,9.322398,15.069251,5.567628,-1.032191,1,9.726854,1.730120,0.459357,1.185942,1,0.065035,0.040351,0.080000,0.308550,1,0.214803,0.297760,0.111396,-0.744706,1,0.066406,0.054688,0.120000,0.097656,1,3.574356,2.220279,0.746542,-1.267837
10289814044,SLOW_RECOVERY_VLF,0.650000,0.477581,0.310428,0.700000,1,HF当前 z*=-1.72 | LF/HF当前 z*=+1.19 | VLF当前 z*=-1.81 | 前序激活证据=0.77,NO_MATCH: SCORE_BELOW_THRESHOLD 0.31 < 0.70,1,80.645161,73.529322,4.113381,1.729925,1,32.151902,3.684791,0.237466,-0.902527,1,3231.023214,8.553184,0.233345,-2.025455,1,1283.866955,7.944176,0.435071,-1.807854,1,1714.517372,7.733076,0.120000,-2.384907,1,176.266382,5.814481,0.373108,-1.721982,1,90.677602,84.930749,5.567628,1.032191,1,9.322398,15.069251,5.567628,-1.032191,1,9.726854,1.730120,0.459357,1.185942,1,0.065035,0.040351,0.080000,0.308550,1,0.214803,0.297760,0.111396,-0.744706,1,0.066406,0.054688,0.120000,0.097656,1,3.574356,2.220279,0.746542,-1.267837
10289814044,RESONANCE_0P1,0.650000,0.319129,0.207434,0.700000,1,LF主峰 0.066 Hz | 主峰/背景 3.57× | 0.075–0.11 Hz占LF+HF 21.5% | 近期主峰频率跨度 0.022 Hz,NO_MATCH: SCORE_BELOW_THRESHOLD 0.21 < 0.70,1,80.645161,73.529322,4.113381,1.729925,1,32.151902,3.684791,0.237466,-0.902527,1,3231.023214,8.553184,0.233345,-2.025455,1,1283.866955,7.944176,0.435071,-1.807854,1,1714.517372,7.733076,0.120000,-2.384907,1,176.266382,5.814481,0.373108,-1.721982,1,90.677602,84.930749,5.567628,1.032191,1,9.322398,15.069251,5.567628,-1.032191,1,9.726854,1.730120,0.459357,1.185942,1,0.065035,0.040351,0.080000,0.308550,1,0.214803,0.297760,0.111396,-0.744706,1,0.066406,0.054688,0.120000,0.097656,1,3.574356,2.220279,0.746542,-1.267837
10289814044,TRAINED_VIPASSANA_SHIFT,0.650000,0.104615,0.068000,0.700000,1,HFnu z*=-1.03 | 0.06–0.10 Hz THM z*=-0.08 | LF z*=-2.38,NO_MATCH: SCORE_BELOW_THRESHOLD 0.07 < 0.70,1,80.645161,73.529322,4.113381,1.729925,1,32.151902,3.684791,0.237466,-0.902527,1,3231.023214,8.553184,0.233345,-2.025455,1,1283.866955,7.944176,0.435071,-1.807854,1,1714.517372,7.733076,0.120000,-2.384907,1,176.266382,5.814481,0.373108,-1.721982,1,90.677602,84.930749,5.567628,1.032191,1,9.322398,15.069251,5.567628,-1.032191,1,9.726854,1.730120,0.459357,1.185942,1,0.065035,0.040351,0.080000,0.308550,1,0.214803,0.297760,0.111396,-0.744706,1,0.066406,0.054688,0.120000,0.097656,1,3.574356,2.220279,0.746542,-1.267837
10289814044,PHASED_VIPASSANA,0.650000,0.032423,0.021075,0.700000,1,中段LF相对两侧 0.93× | 中段HF相对两侧 0.66× | 中段LF/HF相对两侧 1.02×,NO_MATCH: SCORE_BELOW_THRESHOLD 0.02 < 0.70,1,80.645161,73.529322,4.113381,1.729925,1,32.151902,3.684791,0.237466,-0.902527,1,3231.023214,8.553184,0.233345,-2.025455,1,1283.866955,7.944176,0.435071,-1.807854,1,1714.517372,7.733076,0.120000,-2.384907,1,176.266382,5.814481,0.373108,-1.721982,1,90.677602,84.930749,5.567628,1.032191,1,9.322398,15.069251,5.567628,-1.032191,1,9.726854,1.730120,0.459357,1.185942,1,0.065035,0.040351,0.080000,0.308550,1,0.214803,0.297760,0.111396,-0.744706,1,0.066406,0.054688,0.120000,0.097656,1,3.574356,2.220279,0.746542,-1.267837
10289814044,INWARD_QUIET,0.650000,0.000000,0.000000,0.700000,1,HF z*=-1.72 | RMSSD z*=-0.90 | HR z*=+1.73 | LF/HF z*=+1.19,NO_MATCH: SCORE_BELOW_THRESHOLD 0.00 < 0.70,1,80.645161,73.529322,4.113381,1.729925,1,32.151902,3.684791,0.237466,-0.902527,1,3231.023214,8.553184,0.233345,-2.025455,1,1283.866955,7.944176,0.435071,-1.807854,1,1714.517372,7.733076,0.120000,-2.384907,1,176.266382,5.814481,0.373108,-1.721982,1,90.677602,84.930749,5.567628,1.032191,1,9.322398,15.069251,5.567628,-1.032191,1,9.726854,1.730120,0.459357,1.185942,1,0.065035,0.040351,0.080000,0.308550,1,0.214803,0.297760,0.111396,-0.744706,1,0.066406,0.054688,0.120000,0.097656,1,3.574356,2.220279,0.746542,-1.267837
10310542044,AROUSAL_MEDITATION,1.000000,0.915254,0.915254,0.700000,1,HF z*=-1.12 | HR z*=+2.05 | RMSSD z*=-0.67,,1,82.417469,73.893282,4.153773,2.052155,1,32.420354,3.604707,0.188600,-0.667660,1,3815.107435,8.474990,0.329417,-0.692938,1,1497.720880,7.835193,0.549625,-0.952456,1,2019.878449,7.728021,0.120000,-0.976902,1,192.208586,5.685447,0.382611,-1.115666,1,91.310984,84.267051,3.671514,1.918537,1,8.689016,15.732949,3.671514,-1.918537,1,10.508784,1.678234,0.260947,2.582818,1,0.061819,0.034863,0.080000,0.336954,1,0.187901,0.331392,0.099724,-1.438880,1,0.066406,0.054688,0.120000,0.097656,1,3.176782,2.331132,0.718558,-1.635587
10310542044,SLOW_RECOVERY_VLF,1.000000,0.383975,0.383975,0.700000,1,HF当前 z*=-1.12 | LF/HF当前 z*=+2.58 | VLF当前 z*=-0.95 | 前序激活证据=0.73,NO_MATCH: SCORE_BELOW_THRESHOLD 0.38 < 0.70,1,82.417469,73.893282,4.153773,2.052155,1,32.420354,3.604707,0.188600,-0.667660,1,3815.107435,8.474990,0.329417,-0.692938,1,1497.720880,7.835193,0.549625,-0.952456,1,2019.878449,7.728021,0.120000,-0.976902,1,192.208586,5.685447,0.382611,-1.115666,1,91.310984,84.267051,3.671514,1.918537,1,8.689016,15.732949,3.671514,-1.918537,1,10.508784,1.678234,0.260947,2.582818,1,0.061819,0.034863,0.080000,0.336954,1,0.187901,0.331392,0.099724,-1.438880,1,0.066406,0.054688,0.120000,0.097656,1,3.176782,2.331132,0.718558,-1.635587
10310542044,RESONANCE_0P1,1.000000,0.264005,0.264005,0.700000,1,LF主峰 0.066 Hz | 主峰/背景 3.18× | 0.075–0.11 Hz占LF+HF 18.8% | 近期主峰频率跨度 0.023 Hz,NO_MATCH: SCORE_BELOW_THRESHOLD 0.26 < 0.70,1,82.417469,73.893282,4.153773,2.052155,1,32.420354,3.604707,0.188600,-0.667660,1,3815.107435,8.474990,0.329417,-0.692938,1,1497.720880,7.835193,0.549625,-0.952456,1,2019.878449,7.728021,0.120000,-0.976902,1,192.208586,5.685447,0.382611,-1.115666,1,91.310984,84.267051,3.671514,1.918537,1,8.689016,15.732949,3.671514,-1.918537,1,10.508784,1.678234,0.260947,2.582818,1,0.061819,0.034863,0.080000,0.336954,1,0.187901,0.331392,0.099724,-1.438880,1,0.066406,0.054688,0.120000,0.097656,1,3.176782,2.331132,0.718558,-1.635587
10310542044,TRAINED_VIPASSANA_SHIFT,1.000000,0.073753,0.073753,0.700000,1,HFnu z*=-1.92 | 0.06–0.10 Hz THM z*=+0.35 | LF z*=-0.98,NO_MATCH: SCORE_BELOW_THRESHOLD 0.07 < 0.70,1,82.417469,73.893282,4.153773,2.052155,1,32.420354,3.604707,0.188600,-0.667660,1,3815.107435,8.474990,0.329417,-0.692938,1,1497.720880,7.835193,0.549625,-0.952456,1,2019.878449,7.728021,0.120000,-0.976902,1,192.208586,5.685447,0.382611,-1.115666,1,91.310984,84.267051,3.671514,1.918537,1,8.689016,15.732949,3.671514,-1.918537,1,10.508784,1.678234,0.260947,2.582818,1,0.061819,0.034863,0.080000,0.336954,1,0.187901,0.331392,0.099724,-1.438880,1,0.066406,0.054688,0.120000,0.097656,1,3.176782,2.331132,0.718558,-1.635587
10310542044,PHASED_VIPASSANA,1.000000,0.056356,0.056356,0.700000,1,中段LF相对两侧 1.01× | 中段HF相对两侧 0.66× | 中段LF/HF相对两侧 1.03×,NO_MATCH: SCORE_BELOW_THRESHOLD 0.06 < 0.70,1,82.417469,73.893282,4.153773,2.052155,1,32.420354,3.604707,0.188600,-0.667660,1,3815.107435,8.474990,0.329417,-0.692938,1,1497.720880,7.835193,0.549625,-0.952456,1,2019.878449,7.728021,0.120000,-0.976902,1,192.208586,5.685447,0.382611,-1.115666,1,91.310984,84.267051,3.671514,1.918537,1,8.689016,15.732949,3.671514,-1.918537,1,10.508784,1.678234,0.260947,2.582818,1,0.061819,0.034863,0.080000,0.336954,1,0.187901,0.331392,0.099724,-1.438880,1,0.066406,0.054688,0.120000,0.097656,1,3.176782,2.331132,0.718558,-1.635587
10310542044,INWARD_QUIET,1.000000,0.000000,0.000000,0.700000,1,HF z*=-1.12 | RMSSD z*=-0.67 | HR z*=+2.05 | LF/HF z*=+2.58,NO_MATCH: SCORE_BELOW_THRESHOLD 0.00 < 0.70,1,82.417469,73.893282,4.153773,2.052155,1,32.420354,3.604707,0.188600,-0.667660,1,3815.107435,8.474990,0.329417,-0.692938,1,1497.720880,7.835193,0.549625,-0.952456,1,2019.878449,7.728021,0.120000,-0.976902,1,192.208586,5.685447,0.382611,-1.115666,1,91.310984,84.267051,3.671514,1.918537,1,8.689016,15.732949,3.671514,-1.918537,1,10.508784,1.678234,0.260947,2.582818,1,0.061819,0.034863,0.080000,0.336954,1,0.187901,0.331392,0.099724,-1.438880,1,0.066406,0.054688,0.120000,0.097656,1,3.176782,2.331132,0.718558,-1.635587
10330638047,AROUSAL_MEDITATION,1.000000,0.831910,0.831910,0.700000,1,HF z*=-0.93 | HR z*=+1.42 | RMSSD z*=-2.10,,1,79.787022,73.893282,4.153773,1.418888,1,24.755718,3.604707,0.188600,-2.097833,1,4319.549047,8.474990,0.329417,-0.315963,1,1854.728101,7.835193,0.549625,-0.563475,1,2104.634031,7.728021,0.120000,-0.634367,1,206.735658,5.685447,0.382611,-0.925238,1,91.055708,84.267051,3.671514,1.849008,1,8.944292,15.732949,3.671514,-1.849008,1,10.180315,1.678234,0.260947,2.461124,1,0.055384,0.034863,0.080000,0.256514,1,0.184480,0.331392,0.099724,-1.473182,1,0.062500,0.054688,0.120000,0.065104,1,3.664101,2.331132,0.718558,-1.436974
10330638047,RESONANCE_0P1,1.000000,0.299967,0.299967,0.700000,1,LF主峰 0.062 Hz | 主峰/背景 3.66× | 0.075–0.11 Hz占LF+HF 18.4% | 近期主峰频率跨度 0.018 Hz,NO_MATCH: SCORE_BELOW_THRESHOLD 0.30 < 0.70,1,79.787022,73.893282,4.153773,1.418888,1,24.755718,3.604707,0.188600,-2.097833,1,4319.549047,8.474990,0.329417,-0.315963,1,1854.728101,7.835193,0.549625,-0.563475,1,2104.634031,7.728021,0.120000,-0.634367,1,206.735658,5.685447,0.382611,-0.925238,1,91.055708,84.267051,3.671514,1.849008,1,8.944292,15.732949,3.671514,-1.849008,1,10.180315,1.678234,0.260947,2.461124,1,0.055384,0.034863,0.080000,0.256514,1,0.184480,0.331392,0.099724,-1.473182,1,0.062500,0.054688,0.120000,0.065104,1,3.664101,2.331132,0.718558,-1.436974
10330638047,SLOW_RECOVERY_VLF,1.000000,0.270589,0.270589,0.700000,1,HF当前 z*=-0.93 | LF/HF当前 z*=+2.46 | VLF当前 z*=-0.56 | 前序激活证据=0.73,NO_MATCH: SCORE_BELOW_THRESHOLD 0.27 < 0.70,1,79.787022,73.893282,4.153773,1.418888,1,24.755718,3.604707,0.188600,-2.097833,1,4319.549047,8.474990,0.329417,-0.315963,1,1854.728101,7.835193,0.549625,-0.563475,1,2104.634031,7.728021,0.120000,-0.634367,1,206.735658,5.685447,0.382611,-0.925238,1,91.055708,84.267051,3.671514,1.849008,1,8.944292,15.732949,3.671514,-1.849008,1,10.180315,1.678234,0.260947,2.461124,1,0.055384,0.034863,0.080000,0.256514,1,0.184480,0.331392,0.099724,-1.473182,1,0.062500,0.054688,0.120000,0.065104,1,3.664101,2.331132,0.718558,-1.436974
10330638047,PHASED_VIPASSANA,1.000000,0.060523,0.060523,0.700000,1,中段LF相对两侧 1.05× | 中段HF相对两侧 0.68× | 中段LF/HF相对两侧 0.99×,NO_MATCH: SCORE_BELOW_THRESHOLD 0.06 < 0.70,1,79.787022,73.893282,4.153773,1.418888,1,24.755718,3.604707,0.188600,-2.097833,1,4319.549047,8.474990,0.329417,-0.315963,1,1854.728101,7.835193,0.549625,-0.563475,1,2104.634031,7.728021,0.120000,-0.634367,1,206.735658,5.685447,0.382611,-0.925238,1,91.055708,84.267051,3.671514,1.849008,1,8.944292,15.732949,3.671514,-1.849008,1,10.180315,1.678234,0.260947,2.461124,1,0.055384,0.034863,0.080000,0.256514,1,0.184480,0.331392,0.099724,-1.473182,1,0.062500,0.054688,0.120000,0.065104,1,3.664101,2.331132,0.718558,-1.436974
10330638047,TRAINED_VIPASSANA_SHIFT,1.000000,0.033455,0.033455,0.700000,1,HFnu z*=-1.85 | 0.06–0.10 Hz THM z*=+0.16 | LF z*=-0.63,NO_MATCH: SCORE_BELOW_THRESHOLD 0.03 < 0.70,1,79.787022,73.893282,4.153773,1.418888,1,24.755718,3.604707,0.188600,-2.097833,1,4319.549047,8.474990,0.329417,-0.315963,1,1854.728101,7.835193,0.549625,-0.563475,1,2104.634031,7.728021,0.120000,-0.634367,1,206.735658,5.685447,0.382611,-0.925238,1,91.055708,84.267051,3.671514,1.849008,1,8.944292,15.732949,3.671514,-1.849008,1,10.180315,1.678234,0.260947,2.461124,1,0.055384,0.034863,0.080000,0.256514,1,0.184480,0.331392,0.099724,-1.473182,1,0.062500,0.054688,0.120000,0.065104,1,3.664101,2.331132,0.718558,-1.436974
10330638047,INWARD_QUIET,1.000000,0.000000,0.000000,0.700000,1,HF z*=-0.93 | RMSSD z*=-2.10 | HR z*=+1.42 | LF/HF z*=+2.46,NO_MATCH: SCORE_BELOW_THRESHOLD 0.00 < 0.70,1,79.787022,73.893282,4.153773,1.418888,1,24.755718,3.604707,0.188600,-2.097833,1,4319.549047,8.474990,0.329417,-0.315963,1,1854.728101,7.835193,0.549625,-0.563475,1,2104.634031,7.728021,0.120000,-0.634367,1,206.735658,5.685447,0.382611,-0.925238,1,91.055708,84.267051,3.671514,1.849008,1,8.944292,15.732949,3.671514,-1.849008,1,10.180315,1.678234,0.260947,2.461124,1,0.055384,0.034863,0.080000,0.256514,1,0.184480,0.331392,0.099724,-1.473182,1,0.062500,0.054688,0.120000,0.065104,1,3.664101,2.331132,0.718558,-1.436974
10351198047,AROUSAL_MEDITATION,1.000000,0.505939,0.505939,0.700000,1,HF z*=-0.85 | HR z*=-0.26 | RMSSD z*=-2.06,NO_MATCH: SCORE_BELOW_THRESHOLD 0.51 < 0.70,1,72.815534,73.893282,4.153773,-0.259462,1,24.952582,3.604707,0.188600,-2.055835,1,4630.164792,8.474990,0.329417,-0.105162,1,2289.574712,7.835193,0.549625,-0.180254,1,1950.171136,7.728021,0.120000,-1.269571,1,212.765812,5.685447,0.382611,-0.850093,1,90.163106,84.267051,3.671514,1.605892,1,9.836894,15.732949,3.671514,-1.605892,1,9.165811,1.678234,0.260947,2.058837,1,0.039658,0.034863,0.080000,0.059936,1,0.198290,0.331392,0.099724,-1.334700,1,0.058594,0.054688,0.120000,0.032552,1,4.998690,2.331132,0.718558,-1.004730
10351198047,RESONANCE_0P1,1.000000,0.433598,0.433598,0.700000,1,LF主峰 0.059 Hz | 主峰/背景 5.00× | 0.075–0.11 Hz占LF+HF 19.8% | 近期主峰频率跨度 0.009 Hz,NO_MATCH: SCORE_BELOW_THRESHOLD 0.43 < 0.70,1,72.815534,73.893282,4.153773,-0.259462,1,24.952582,3.604707,0.188600,-2.055835,1,4630.164792,8.474990,0.329417,-0.105162,1,2289.574712,7.835193,0.549625,-0.180254,1,1950.171136,7.728021,0.120000,-1.269571,1,212.765812,5.685447,0.382611,-0.850093,1,90.163106,84.267051,3.671514,1.605892,1,9.836894,15.732949,3.671514,-1.605892,1,9.165811,1.678234,0.260947,2.058837,1,0.039658,0.034863,0.080000,0.059936,1,0.198290,0.331392,0.099724,-1.334700,1,0.058594,0.054688,0.120000,0.032552,1,4.998690,2.331132,0.718558,-1.004730
10351198047,SLOW_RECOVERY_VLF,1.000000,0.392997,0.392997,0.700000,1,HF当前 z*=-0.85 | LF/HF当前 z*=+2.06 | VLF当前 z*=-0.18 | 前序激活证据=0.73,NO_MATCH: SCORE_BELOW_THRESHOLD 0.39 < 0.70,1,72.815534,73.893282,4.153773,-0.259462,1,24.952582,3.604707,0.188600,-2.055835,1,4630.164792,8.474990,0.329417,-0.105162,1,2289.574712,7.835193,0.549625,-0.180254,1,1950.171136,7.728021,0.120000,-1.269571,1,212.765812,5.685447,0.382611,-0.850093,1,90.163106,84.267051,3.671514,1.605892,1,9.836894,15.732949,3.671514,-1.605892,1,9.165811,1.678234,0.260947,2.058837,1,0.039658,0.034863,0.080000,0.059936,1,0.198290,0.331392,0.099724,-1.334700,1,0.058594,0.054688,0.120000,0.032552,1,4.998690,2.331132,0.718558,-1.004730
10351198047,TRAINED_VIPASSANA_SHIFT,1.000000,0.161630,0.161630,0.700000,1,HFnu z*=-1.61 | 0.06–0.10 Hz THM z*=-0.47 | LF z*=-1.27,NO_MATCH: SCORE_BELOW_THRESHOLD 0.16 < 0.70,1,72.815534,73.893282,4.153773,-0.259462,1,24.952582,3.604707,0.188600,-2.055835,1,4630.164792,8.474990,0.329417,-0.105162,1,2289.574712,7.835193,0.549625,-0.180254,1,1950.171136,7.728021,0.120000,-1.269571,1,212.765812,5.685447,0.382611,-0.850093,1,90.163106,84.267051,3.671514,1.605892,1,9.836894,15.732949,3.671514,-1.605892,1,9.165811,1.678234,0.260947,2.058837,1,0.039658,0.034863,0.080000,0.059936,1,0.198290,0.331392,0.099724,-1.334700,1,0.058594,0.054688,0.120000,0.032552,1,4.998690,2.331132,0.718558,-1.004730
10351198047,PHASED_VIPASSANA,1.000000,0.106563,0.106563,0.700000,1,中段LF相对两侧 1.08× | 中段HF相对两侧 0.68× | 中段LF/HF相对两侧 0.99×,NO_MATCH: SCORE_BELOW_THRESHOLD 0.11 < 0.70,1,72.815534,73.893282,4.153773,-0.259462,1,24.952582,3.604707,0.188600,-2.055835,1,4630.164792,8.474990,0.329417,-0.105162,1,2289.574712,7.835193,0.549625,-0.180254,1,1950.171136,7.728021,0.120000,-1.269571,1,212.765812,5.685447,0.382611,-0.850093,1,90.163106,84.267051,3.671514,1.605892,1,9.836894,15.732949,3.671514,-1.605892,1,9.165811,1.678234,0.260947,2.058837,1,0.039658,0.034863,0.080000,0.059936,1,0.198290,0.331392,0.099724,-1.334700,1,0.058594,0.054688,0.120000,0.032552,1,4.998690,2.331132,0.718558,-1.004730
10351198047,INWARD_QUIET,1.000000,0.000000,0.000000,0.700000,1,HF z*=-0.85 | RMSSD z*=-2.06 | HR z*=-0.26 | LF/HF z*=+2.06,NO_MATCH: SCORE_BELOW_THRESHOLD 0.00 < 0.70,1,72.815534,73.893282,4.153773,-0.259462,1,24.952582,3.604707,0.188600,-2.055835,1,4630.164792,8.474990,0.329417,-0.105162,1,2289.574712,7.835193,0.549625,-0.180254,1,1950.171136,7.728021,0.120000,-1.269571,1,212.765812,5.685447,0.382611,-0.850093,1,90.163106,84.267051,3.671514,1.605892,1,9.836894,15.732949,3.671514,-1.605892,1,9.165811,1.678234,0.260947,2.058837,1,0.039658,0.034863,0.080000,0.059936,1,0.198290,0.331392,0.099724,-1.334700,1,0.058594,0.054688,0.120000,0.032552,1,4.998690,2.331132,0.718558,-1.004730
10371414043,TRAINED_VIPASSANA_SHIFT,1.000000,0.520000,0.520000,0.700000,1,HFnu z*=-1.19 | 0.06–0.10 Hz THM z*=-1.29 | LF z*=-2.53,NO_MATCH: SCORE_BELOW_THRESHOLD 0.52 < 0.70,1,67.567568,73.893282,4.153773,-1.522884,1,41.660321,3.604707,0.188600,0.661944,1,4379.316281,8.474990,0.329417,-0.274248,1,2322.738001,7.835193,0.549625,-0.154090,1,1677.277978,7.728021,0.120000,-2.525778,1,215.327504,5.685447,0.382611,-0.818813,1,88.622695,84.267051,3.671514,1.186335,1,11.377305,15.732949,3.671514,-1.186335,1,7.789428,1.678234,0.260947,1.435288,1,0.037318,0.034863,0.080000,0.030687,1,0.226326,0.331392,0.099724,-1.053569,1,0.058594,0.054688,0.120000,0.032552,1,7.473252,2.331132,0.718558,-0.445061
10371414043,RESONANCE_0P1,1.000000,0.441351,0.441351,0.700000,1,LF主峰 0.059 Hz | 主峰/背景 7.47× | 0.075–0.11 Hz占LF+HF 22.6% | 近期主峰频率跨度 0.008 Hz,NO_MATCH: SCORE_BELOW_THRESHOLD 0.44 < 0.70,1,67.567568,73.893282,4.153773,-1.522884,1,41.660321,3.604707,0.188600,0.661944,1,4379.316281,8.474990,0.329417,-0.274248,1,2322.738001,7.835193,0.549625,-0.154090,1,1677.277978,7.728021,0.120000,-2.525778,1,215.327504,5.685447,0.382611,-0.818813,1,88.622695,84.267051,3.671514,1.186335,1,11.377305,15.732949,3.671514,-1.186335,1,7.789428,1.678234,0.260947,1.435288,1,0.037318,0.034863,0.080000,0.030687,1,0.226326,0.331392,0.099724,-1.053569,1,0.058594,0.054688,0.120000,0.032552,1,7.473252,2.331132,0.718558,-0.445061
10371414043,INWARD_QUIET,1.000000,0.315418,0.315418,0.700000,1,HF z*=-0.82 | RMSSD z*=+0.66 | HR z*=-1.52 | LF/HF z*=+1.44,NO_MATCH: SCORE_BELOW_THRESHOLD 0.32 < 0.70,1,67.567568,73.893282,4.153773,-1.522884,1,41.660321,3.604707,0.188600,0.661944,1,4379.316281,8.474990,0.329417,-0.274248,1,2322.738001,7.835193,0.549625,-0.154090,1,1677.277978,7.728021,0.120000,-2.525778,1,215.327504,5.685447,0.382611,-0.818813,1,88.622695,84.267051,3.671514,1.186335,1,11.377305,15.732949,3.671514,-1.186335,1,7.789428,1.678234,0.260947,1.435288,1,0.037318,0.034863,0.080000,0.030687,1,0.226326,0.331392,0.099724,-1.053569,1,0.058594,0.054688,0.120000,0.032552,1,7.473252,2.331132,0.718558,-0.445061
10371414043,AROUSAL_MEDITATION,1.000000,0.286803,0.286803,0.700000,1,HF z*=-0.82 | HR z*=-1.52 | RMSSD z*=+0.66,NO_MATCH: SCORE_BELOW_THRESHOLD 0.29 < 0.70,1,67.567568,73.893282,4.153773,-1.522884,1,41.660321,3.604707,0.188600,0.661944,1,4379.316281,8.474990,0.329417,-0.274248,1,2322.738001,7.835193,0.549625,-0.154090,1,1677.277978,7.728021,0.120000,-2.525778,1,215.327504,5.685447,0.382611,-0.818813,1,88.622695,84.267051,3.671514,1.186335,1,11.377305,15.732949,3.671514,-1.186335,1,7.789428,1.678234,0.260947,1.435288,1,0.037318,0.034863,0.080000,0.030687,1,0.226326,0.331392,0.099724,-1.053569,1,0.058594,0.054688,0.120000,0.032552,1,7.473252,2.331132,0.718558,-0.445061
10371414043,SLOW_RECOVERY_VLF,1.000000,0.251756,0.251756,0.700000,1,HF当前 z*=-0.82 | LF/HF当前 z*=+1.44 | VLF当前 z*=-0.15 | 前序激活证据=0.73,NO_MATCH: SCORE_BELOW_THRESHOLD 0.25 < 0.70,1,67.567568,73.893282,4.153773,-1.522884,1,41.660321,3.604707,0.188600,0.661944,1,4379.316281,8.474990,0.329417,-0.274248,1,2322.738001,7.835193,0.549625,-0.154090,1,1677.277978,7.728021,0.120000,-2.525778,1,215.327504,5.685447,0.382611,-0.818813,1,88.622695,84.267051,3.671514,1.186335,1,11.377305,15.732949,3.671514,-1.186335,1,7.789428,1.678234,0.260947,1.435288,1,0.037318,0.034863,0.080000,0.030687,1,0.226326,0.331392,0.099724,-1.053569,1,0.058594,0.054688,0.120000,0.032552,1,7.473252,2.331132,0.718558,-0.445061
10371414043,PHASED_VIPASSANA,1.000000,0.166508,0.166508,0.700000,1,中段LF相对两侧 1.13× | 中段HF相对两侧 0.69× | 中段LF/HF相对两侧 0.99×,NO_MATCH: SCORE_BELOW_THRESHOLD 0.17 < 0.70,1,67.567568,73.893282,4.153773,-1.522884,1,41.660321,3.604707,0.188600,0.661944,1,4379.316281,8.474990,0.329417,-0.274248,1,2322.738001,7.835193,0.549625,-0.154090,1,1677.277978,7.728021,0.120000,-2.525778,1,215.327504,5.685447,0.382611,-0.818813,1,88.622695,84.267051,3.671514,1.186335,1,11.377305,15.732949,3.671514,-1.186335,1,7.789428,1.678234,0.260947,1.435288,1,0.037318,0.034863,0.080000,0.030687,1,0.226326,0.331392,0.099724,-1.053569,1,0.058594,0.054688,0.120000,0.032552,1,7.473252,2.331132,0.718558,-0.445061
10392070043,SLOW_RECOVERY_VLF,1.000000,0.552150,0.552150,0.700000,1,HF当前 z*=-0.64 | LF/HF当前 z*=+0.47 | VLF当前 z*=-0.42 | 前序激活证据=0.73,NO_MATCH: SCORE_BELOW_THRESHOLD 0.55 < 0.70,1,76.530222,73.893282,4.153773,0.634830,1,43.169867,3.604707,0.188600,0.850670,1,3757.025957,8.474990,0.329417,-0.739509,1,2010.129563,7.835193,0.549625,-0.417082,1,1395.652295,7.728021,0.120000,-4.057531,1,230.700011,5.685447,0.382611,-0.638583,1,85.814881,84.267051,3.671514,0.421578,1,14.185119,15.732949,3.671514,-0.421578,1,6.049641,1.678234,0.260947,0.466629,1,0.037159,0.034863,0.080000,0.028701,1,0.258053,0.331392,0.099724,-0.735414,1,0.058594,0.054688,0.120000,0.032552,1,8.212207,2.331132,0.718558,-0.313837
10392070043,TRAINED_VIPASSANA_SHIFT,1.000000,0.520000,0.520000,0.700000,1,HFnu z*=-0.42 | 0.06–0.10 Hz THM z*=-1.95 | LF z*=-4.06,NO_MATCH: SCORE_BELOW_THRESHOLD 0.52 < 0.70,1,76.530222,73.893282,4.153773,0.634830,1,43.169867,3.604707,0.188600,0.850670,1,3757.025957,8.474990,0.329417,-0.739509,1,2010.129563,7.835193,0.549625,-0.417082,1,1395.652295,7.728021,0.120000,-4.057531,1,230.700011,5.685447,0.382611,-0.638583,1,85.814881,84.267051,3.671514,0.421578,1,14.185119,15.732949,3.671514,-0.421578,1,6.049641,1.678234,0.260947,0.466629,1,0.037159,0.034863,0.080000,0.028701,1,0.258053,0.331392,0.099724,-0.735414,1,0.058594,0.054688,0.120000,0.032552,1,8.212207,2.331132,0.718558,-0.313837
10392070043,RESONANCE_0P1,1.000000,0.465387,0.465387,0.700000,1,LF主峰 0.059 Hz | 主峰/背景 8.21× | 0.075–0.11 Hz占LF+HF 25.8% | 近期主峰频率跨度 0.006 Hz,NO_MATCH: SCORE_BELOW_THRESHOLD 0.47 < 0.70,1,76.530222,73.893282,4.153773,0.634830,1,43.169867,3.604707,0.188600,0.850670,1,3757.025957,8.474990,0.329417,-0.739509,1,2010.129563,7.835193,0.549625,-0.417082,1,1395.652295,7.728021,0.120000,-4.057531,1,230.700011,5.685447,0.382611,-0.638583,1,85.814881,84.267051,3.671514,0.421578,1,14.185119,15.732949,3.671514,-0.421578,1,6.049641,1.678234,0.260947,0.466629,1,0.037159,0.034863,0.080000,0.028701,1,0.258053,0.331392,0.099724,-0.735414,1,0.058594,0.054688,0.120000,0.032552,1,8.212207,2.331132,0.718558,-0.313837
10392070043,AROUSAL_MEDITATION,1.000000,0.437337,0.437337,0.700000,1,HF z*=-0.64 | HR z*=+0.63 | RMSSD z*=+0.85,NO_MATCH: SCORE_BELOW_THRESHOLD 0.44 < 0.70,1,76.530222,73.893282,4.153773,0.634830,1,43.169867,3.604707,0.188600,0.850670,1,3757.025957,8.474990,0.329417,-0.739509,1,2010.129563,7.835193,0.549625,-0.417082,1,1395.652295,7.728021,0.120000,-4.057531,1,230.700011,5.685447,0.382611,-0.638583,1,85.814881,84.267051,3.671514,0.421578,1,14.185119,15.732949,3.671514,-0.421578,1,6.049641,1.678234,0.260947,0.466629,1,0.037159,0.034863,0.080000,0.028701,1,0.258053,0.331392,0.099724,-0.735414,1,0.058594,0.054688,0.120000,0.032552,1,8.212207,2.331132,0.718558,-0.313837
10392070043,PHASED_VIPASSANA,1.000000,0.296353,0.296353,0.700000,1,中段LF相对两侧 1.25× | 中段HF相对两侧 0.70× | 中段LF/HF相对两侧 0.99×,NO_MATCH: SCORE_BELOW_THRESHOLD 0.30 < 0.70,1,76.530222,73.893282,4.153773,0.634830,1,43.169867,3.604707,0.188600,0.850670,1,3757.025957,8.474990,0.329417,-0.739509,1,2010.129563,7.835193,0.549625,-0.417082,1,1395.652295,7.728021,0.120000,-4.057531,1,230.700011,5.685447,0.382611,-0.638583,1,85.814881,84.267051,3.671514,0.421578,1,14.185119,15.732949,3.671514,-0.421578,1,6.049641,1.678234,0.260947,0.466629,1,0.037159,0.034863,0.080000,0.028701,1,0.258053,0.331392,0.099724,-0.735414,1,0.058594,0.054688,0.120000,0.032552,1,8.212207,2.331132,0.718558,-0.313837
10392070043,INWARD_QUIET,1.000000,0.153146,0.153146,0.700000,1,HF z*=-0.64 | RMSSD z*=+0.85 | HR z*=+0.63 | LF/HF z*=+0.47,NO_MATCH: SCORE_BELOW_THRESHOLD 0.15 < 0.70,1,76.530222,73.893282,4.153773,0.634830,1,43.169867,3.604707,0.188600,0.850670,1,3757.025957,8.474990,0.329417,-0.739509,1,2010.129563,7.835193,0.549625,-0.417082,1,1395.652295,7.728021,0.120000,-4.057531,1,230.700011,5.685447,0.382611,-0.638583,1,85.814881,84.267051,3.671514,0.421578,1,14.185119,15.732949,3.671514,-0.421578,1,6.049641,1.678234,0.260947,0.466629,1,0.037159,0.034863,0.080000,0.028701,1,0.258053,0.331392,0.099724,-0.735414,1,0.058594,0.054688,0.120000,0.032552,1,8.212207,2.331132,0.718558,-0.313837
10412478043,RESONANCE_0P1,0.000000,0.000000,0.000000,0.700000,1,,NO_MATCH: QUALITY_CEILING 0.00 < 0.70,1,96.153538,73.893282,4.153773,5.359045,0,0.000000,3.604707,0.188600,0.000000,1,3306.228669,8.474990,0.329417,-1.127526,1,1757.072616,7.835193,0.549625,-0.661886,1,1204.747840,7.728021,0.120000,-5.283294,1,268.413326,5.685447,0.382611,-0.242855,1,81.779772,84.267051,3.671514,-0.677453,1,18.220228,15.732949,3.671514,0.677453,1,4.488405,1.678234,0.260947,-0.677289,1,0.037169,0.034863,0.080000,0.028823,1,0.262873,0.331392,0.099724,-0.687087,1,0.058594,0.054688,0.120000,0.032552,1,5.834415,2.331132,0.718558,-0.789579
10412478043,PHASED_VIPASSANA,0.000000,0.000000,0.000000,0.700000,1,,NO_MATCH: QUALITY_CEILING 0.00 < 0.70,1,96.153538,73.893282,4.153773,5.359045,0,0.000000,3.604707,0.188600,0.000000,1,3306.228669,8.474990,0.329417,-1.127526,1,1757.072616,7.835193,0.549625,-0.661886,1,1204.747840,7.728021,0.120000,-5.283294,1,268.413326,5.685447,0.382611,-0.242855,1,81.779772,84.267051,3.671514,-0.677453,1,18.220228,15.732949,3.671514,0.677453,1,4.488405,1.678234,0.260947,-0.677289,1,0.037169,0.034863,0.080000,0.028823,1,0.262873,0.331392,0.099724,-0.687087,1,0.058594,0.054688,0.120000,0.032552,1,5.834415,2.331132,0.718558,-0.789579
10412478043,AROUSAL_MEDITATION,0.000000,0.000000,0.000000,0.700000,1,,NO_MATCH: QUALITY_CEILING 0.00 < 0.70,1,96.153538,73.893282,4.153773,5.359045,0,0.000000,3.604707,0.188600,0.000000,1,3306.228669,8.474990,0.329417,-1.127526,1,1757.072616,7.835193,0.549625,-0.661886,1,1204.747840,7.728021,0.120000,-5.283294,1,268.413326,5.685447,0.382611,-0.242855,1,81.779772,84.267051,3.671514,-0.677453,1,18.220228,15.732949,3.671514,0.677453,1,4.488405,1.678234,0.260947,-0.677289,1,0.037169,0.034863,0.080000,0.028823,1,0.262873,0.331392,0.099724,-0.687087,1,0.058594,0.054688,0.120000,0.032552,1,5.834415,2.331132,0.718558,-0.789579
10412478043,TRAINED_VIPASSANA_SHIFT,0.000000,0.000000,0.000000,0.700000,1,,NO_MATCH: QUALITY_CEILING 0.00 < 0.70,1,96.153538,73.893282,4.153773,5.359045,0,0.000000,3.604707,0.188600,0.000000,1,3306.228669,8.474990,0.329417,-1.127526,1,1757.072616,7.835193,0.549625,-0.661886,1,1204.747840,7.728021,0.120000,-5.283294,1,268.413326,5.685447,0.382611,-0.242855,1,81.779772,84.267051,3.671514,-0.677453,1,18.220228,15.732949,3.671514,0.677453,1,4.488405,1.678234,0.260947,-0.677289,1,0.037169,0.034863,0.080000,0.028823,1,0.262873,0.331392,0.099724,-0.687087,1,0.058594,0.054688,0.120000,0.032552,1,5.834415,2.331132,0.718558,-0.789579
10412478043,SLOW_RECOVERY_VLF,0.000000,0.000000,0.000000,0.700000,1,,NO_MATCH: QUALITY_CEILING 0.00 < 0.70,1,96.153538,73.893282,4.153773,5.359045,0,0.000000,3.604707,0.188600,0.000000,1,3306.228669,8.474990,0.329417,-1.127526,1,1757.072616,7.835193,0.549625,-0.661886,1,1204.747840,7.728021,0.120000,-5.283294,1,268.413326,5.685447,0.382611,-0.242855,1,81.779772,84.267051,3.671514,-0.677453,1,18.220228,15.732949,3.671514,0.677453,1,4.488405,1.678234,0.260947,-0.677289,1,0.037169,0.034863,0.080000,0.028823,1,0.262873,0.331392,0.099724,-0.687087,1,0.058594,0.054688,0.120000,0.032552,1,5.834415,2.331132,0.718558,-0.789579
10412478043,INWARD_QUIET,0.000000,0.000000,0.000000,0.700000,1,,NO_MATCH: QUALITY_CEILING 0.00 < 0.70,1,96.153538,73.893282,4.153773,5.359045,0,0.000000,3.604707,0.188600,0.000000,1,3306.228669,8.474990,0.329417,-1.127526,1,1757.072616,7.835193,0.549625,-0.661886,1,1204.747840,7.728021,0.120000,-5.283294,1,268.413326,5.685447,0.382611,-0.242855,1,81.779772,84.267051,3.671514,-0.677453,1,18.220228,15.732949,3.671514,0.677453,1,4.488405,1.678234,0.260947,-0.677289,1,0.037169,0.034863,0.080000,0.028823,1,0.262873,0.331392,0.099724,-0.687087,1,0.058594,0.054688,0.120000,0.032552,1,5.834415,2.331132,0.718558,-0.789579
10433126043,RESONANCE_0P1,0.000000,0.000000,0.000000,0.700000,1,,NO_MATCH: QUALITY_CEILING 0.00 < 0.70,1,78.125000,73.529322,4.113381,1.117251,0,0.000000,3.684791,0.237466,0.000000,1,2948.510594,8.473334,0.283094,-1.710665,1,1455.707643,7.807001,0.499905,-1.047706,1,1113.705248,7.696598,0.231326,-2.944550,1,325.417546,5.669647,0.402127,0.287129,1,77.387785,84.930749,5.064595,-1.489352,1,22.612215,15.069251,5.064595,1.489352,1,3.422388,1.730120,0.408115,-1.224609,1,0.041121,0.036091,0.080000,0.062877,1,0.230583,0.297760,0.105859,-0.634587,1,0.054688,0.056641,0.120000,-0.016276,1,4.677496,2.220279,0.719758,-0.941311
10433126043,PHASED_VIPASSANA,0.000000,0.000000,0.000000,0.700000,1,,NO_MATCH: QUALITY_CEILING 0.00 < 0.70,1,78.125000,73.529322,4.113381,1.117251,0,0.000000,3.684791,0.237466,0.000000,1,2948.510594,8.473334,0.283094,-1.710665,1,1455.707643,7.807001,0.499905,-1.047706,1,1113.705248,7.696598,0.231326,-2.944550,1,325.417546,5.669647,0.402127,0.287129,1,77.387785,84.930749,5.064595,-1.489352,1,22.612215,15.069251,5.064595,1.489352,1,3.422388,1.730120,0.408115,-1.224609,1,0.041121,0.036091,0.080000,0.062877,1,0.230583,0.297760,0.105859,-0.634587,1,0.054688,0.056641,0.120000,-0.016276,1,4.677496,2.220279,0.719758,-0.941311
10433126043,AROUSAL_MEDITATION,0.000000,0.000000,0.000000,0.700000,1,,NO_MATCH: QUALITY_CEILING 0.00 < 0.70,1,78.125000,73.529322,4.113381,1.117251,0,0.000000,3.684791,0.237466,0.000000,1,2948.510594,8.473334,0.283094,-1.710665,1,1455.707643,7.807001,0.499905,-1.047706,1,1113.705248,7.696598,0.231326,-2.944550,1,325.417546,5.669647,0.402127,0.287129,1,77.387785,84.930749,5.064595,-1.489352,1,22.612215,15.069251,5.064595,1.489352,1,3.422388,1.730120,0.408115,-1.224609,1,0.041121,0.036091,0.080000,0.062877,1,0.230583,0.297760,0.105859,-0.634587,1,0.054688,0.056641,0.120000,-0.016276,1,4.677496,2.220279,0.719758,-0.941311
10433126043,TRAINED_VIPASSANA_SHIFT,0.000000,0.000000,0.000000,0.700000,1,,NO_MATCH: QUALITY_CEILING 0.00 < 0.70,1,78.125000,73.529322,4.113381,1.117251,0,0.000000,3.684791,0.237466,0.000000,1,2948.510594,8.473334,0.283094,-1.710665,1,1455.707643,7.807001,0.499905,-1.047706,1,1113.705248,7.696598,0.231326,-2.944550,1,325.417546,5.669647,0.402127,0.287129,1,77.387785,84.930749,5.064595,-1.489352,1,22.612215,15.069251,5.064595,1.489352,1,3.422388,1.730120,0.408115,-1.224609,1,0.041121,0.036091,0.080000,0.062877,1,0.230583,0.297760,0.105859,-0.634587,1,0.054688,0.056641,0.120000,-0.016276,1,4.677496,2.220279,0.719758,-0.941311
10433126043,SLOW_RECOVERY_VLF,0.000000,0.000000,0.000000,0.700000,1,,NO_MATCH: QUALITY_CEILING 0.00 < 0.70,1,78.125000,73.529322,4.113381,1.117251,0,0.000000,3.684791,0.237466,0.000000,1,2948.510594,8.473334,0.283094,-1.710665,1,1455.707643,7.807001,0.499905,-1.047706,1,1113.705248,7.696598,0.231326,-2.944550,1,325.417546,5.669647,0.402127,0.287129,1,77.387785,84.930749,5.064595,-1.489352,1,22.612215,15.069251,5.064595,1.489352,1,3.422388,1.730120,0.408115,-1.224609,1,0.041121,0.036091,0.080000,0.062877,1,0.230583,0.297760,0.105859,-0.634587,1,0.054688,0.056641,0.120000,-0.016276,1,4.677496,2.220279,0.719758,-0.941311
10433126043,INWARD_QUIET,0.000000,0.000000,0.000000,0.700000,1,,NO_MATCH: QUALITY_CEILING 0.00 < 0.70,1,78.125000,73.529322,4.113381,1.117251,0,0.000000,3.684791,0.237466,0.000000,1,2948.510594,8.473334,0.283094,-1.710665,1,1455.707643,7.807001,0.499905,-1.047706,1,1113.705248,7.696598,0.231326,-2.944550,1,325.417546,5.669647,0.402127,0.287129,1,77.387785,84.930749,5.064595,-1.489352,1,22.612215,15.069251,5.064595,1.489352,1,3.422388,1.730120,0.408115,-1.224609,1,0.041121,0.036091,0.080000,0.062877,1,0.230583,0.297760,0.105859,-0.634587,1,0.054688,0.056641,0.120000,-0.016276,1,4.677496,2.220279,0.719758,-0.941311
10453206043,TRAINED_VIPASSANA_SHIFT,0.650000,1.046154,0.680000,0.700000,1,HFnu z*=+1.78 | 0.06–0.10 Hz THM z*=-2.26 | LF z*=-2.58,NO_MATCH: SCORE_BELOW_THRESHOLD 0.68 < 0.70,1,68.181818,73.529322,4.113381,-1.300026,1,31.616056,3.684791,0.237466,-0.973301,1,3163.792632,8.473334,0.283094,-1.461732,1,1519.571421,7.807001,0.499905,-0.961817,1,1211.997845,7.696598,0.231326,-2.578929,1,384.486323,5.669647,0.402127,0.701921,1,75.916684,84.930749,5.064595,-1.779819,1,24.083316,15.069251,5.064595,1.779819,1,3.152252,1.730120,0.408115,-1.426076,1,0.047979,0.036091,0.080000,0.148609,1,0.173353,0.297760,0.105859,-1.175215,1,0.054688,0.056641,0.120000,-0.016276,1,3.653562,2.220279,0.719758,-1.284566
10453206043,PHASED_VIPASSANA,0.650000,0.753231,0.489600,0.700000,1,中段LF相对两侧 1.45× | 中段HF相对两侧 0.85× | 中段LF/HF相对两侧 1.32×,NO_MATCH: SCORE_BELOW_THRESHOLD 0.49 < 0.70,1,68.181818,73.529322,4.113381,-1.300026,1,31.616056,3.684791,0.237466,-0.973301,1,3163.792632,8.473334,0.283094,-1.461732,1,1519.571421,7.807001,0.499905,-0.961817,1,1211.997845,7.696598,0.231326,-2.578929,1,384.486323,5.669647,0.402127,0.701921,1,75.916684,84.930749,5.064595,-1.779819,1,24.083316,15.069251,5.064595,1.779819,1,3.152252,1.730120,0.408115,-1.426076,1,0.047979,0.036091,0.080000,0.148609,1,0.173353,0.297760,0.105859,-1.175215,1,0.054688,0.056641,0.120000,-0.016276,1,3.653562,2.220279,0.719758,-1.284566
10453206043,INWARD_QUIET,0.650000,0.577987,0.375692,0.700000,1,HF z*=+0.70 | RMSSD z*=-0.97 | HR z*=-1.30 | LF/HF z*=-1.43,NO_MATCH: SCORE_BELOW_THRESHOLD 0.38 < 0.70,1,68.181818,73.529322,4.113381,-1.300026,1,31.616056,3.684791,0.237466,-0.973301,1,3163.792632,8.473334,0.283094,-1.461732,1,1519.571421,7.807001,0.499905,-0.961817,1,1211.997845,7.696598,0.231326,-2.578929,1,384.486323,5.669647,0.402127,0.701921,1,75.916684,84.930749,5.064595,-1.779819,1,24.083316,15.069251,5.064595,1.779819,1,3.152252,1.730120,0.408115,-1.426076,1,0.047979,0.036091,0.080000,0.148609,1,0.173353,0.297760,0.105859,-1.175215,1,0.054688,0.056641,0.120000,-0.016276,1,3.653562,2.220279,0.719758,-1.284566
10453206043,SLOW_RECOVERY_VLF,0.650000,0.559132,0.363436,0.700000,1,HF当前 z*=+0.70 | LF/HF当前 z*=-1.43 | VLF当前 z*=-0.96 | 前序激活证据=0.88,NO_MATCH: SCORE_BELOW_THRESHOLD 0.36 < 0.70,1,68.181818,73.529322,4.113381,-1.300026,1,31.616056,3.684791,0.237466,-0.973301,1,3163.792632,8.473334,0.283094,-1.461732,1,1519.571421,7.807001,0.499905,-0.961817,1,1211.997845,7.696598,0.231326,-2.578929,1,384.486323,5.669647,0.402127,0.701921,1,75.916684,84.930749,5.064595,-1.779819,1,24.083316,15.069251,5.064595,1.779819,1,3.152252,1.730120,0.408115,-1.426076,1,0.047979,0.036091,0.080000,0.148609,1,0.173353,0.297760,0.105859,-1.175215,1,0.054688,0.056641,0.120000,-0.016276,1,3.653562,2.220279,0.719758,-1.284566
10453206043,RESONANCE_0P1,0.650000,0.319823,0.207885,0.700000,1,LF主峰 0.055 Hz | 主峰/背景 3.65× | 0.075–0.11 Hz占LF+HF 17.3% | 近期主峰频率跨度 0.004 Hz,NO_MATCH: SCORE_BELOW_THRESHOLD 0.21 < 0.70,1,68.181818,73.529322,4.113381,-1.300026,1,31.616056,3.684791,0.237466,-0.973301,1,3163.792632,8.473334,0.283094,-1.461732,1,1519.571421,7.807001,0.499905,-0.961817,1,1211.997845,7.696598,0.231326,-2.578929,1,384.486323,5.669647,0.402127,0.701921,1,75.916684,84.930749,5.064595,-1.779819,1,24.083316,15.069251,5.064595,1.779819,1,3.152252,1.730120,0.408115,-1.426076,1,0.047979,0.036091,0.080000,0.148609,1,0.173353,0.297760,0.105859,-1.175215,1,0.054688,0.056641,0.120000,-0.016276,1,3.653562,2.220279,0.719758,-1.284566
10453206043,AROUSAL_MEDITATION,0.650000,0.209231,0.136000,0.700000,1,HF z*=+0.70 | HR z*=-1.30 | RMSSD z*=-0.97,NO_MATCH: SCORE_BELOW_THRESHOLD 0.14 < 0.70,1,68.181818,73.529322,4.113381,-1.300026,1,31.616056,3.684791,0.237466,-0.973301,1,3163.792632,8.473334,0.283094,-1.461732,1,1519.571421,7.807001,0.499905,-0.961817,1,1211.997845,7.696598,0.231326,-2.578929,1,384.486323,5.669647,0.402127,0.701921,1,75.916684,84.930749,5.064595,-1.779819,1,24.083316,15.069251,5.064595,1.779819,1,3.152252,1.730120,0.408115,-1.426076,1,0.047979,0.036091,0.080000,0.148609,1,0.173353,0.297760,0.105859,-1.175215,1,0.054688,0.056641,0.120000,-0.016276,1,3.653562,2.220279,0.719758,-1.284566
10473422043,TRAINED_VIPASSANA_SHIFT,0.650000,1.046154,0.680000,0.700000,1,HFnu z*=+1.25 | 0.06–0.10 Hz THM z*=-1.62 | LF z*=-1.49,NO_MATCH: SCORE_BELOW_THRESHOLD 0.68 < 0.70,1,70.093458,73.529322,4.113381,-0.835289,1,38.493516,3.684791,0.237466,-0.144447,1,4425.246336,8.473334,0.283094,-0.276421,1,2386.372339,7.807001,0.499905,-0.058954,1,1559.610965,7.696598,0.231326,-1.488837,1,425.177647,5.669647,0.402127,0.952088,1,78.578190,84.930749,5.064595,-1.254307,1,21.421810,15.069251,5.064595,1.254307,1,3.668140,1.730120,0.408115,-1.054692,1,0.029652,0.036091,0.080000,-0.080484,1,0.121769,0.297760,0.105859,-1.662498,1,0.054688,0.056641,0.120000,-0.016276,1,4.813486,2.220279,0.719758,-0.901494
10473422043,PHASED_VIPASSANA,0.650000,0.753231,0.489600,0.700000,1,中段LF相对两侧 1.52× | 中段HF相对两侧 0.95× | 中段LF/HF相对两侧 1.35×,NO_MATCH: SCORE_BELOW_THRESHOLD 0.49 < 0.70,1,70.093458,73.529322,4.113381,-0.835289,1,38.493516,3.684791,0.237466,-0.144447,1,4425.246336,8.473334,0.283094,-0.276421,1,2386.372339,7.807001,0.499905,-0.058954,1,1559.610965,7.696598,0.231326,-1.488837,1,425.177647,5.669647,0.402127,0.952088,1,78.578190,84.930749,5.064595,-1.254307,1,21.421810,15.069251,5.064595,1.254307,1,3.668140,1.730120,0.408115,-1.054692,1,0.029652,0.036091,0.080000,-0.080484,1,0.121769,0.297760,0.105859,-1.662498,1,0.054688,0.056641,0.120000,-0.016276,1,4.813486,2.220279,0.719758,-0.901494
10473422043,INWARD_QUIET,0.650000,0.541994,0.352296,0.700000,1,HF z*=+0.95 | RMSSD z*=-0.14 | HR z*=-0.84 | LF/HF z*=-1.05,NO_MATCH: SCORE_BELOW_THRESHOLD 0.35 < 0.70,1,70.093458,73.529322,4.113381,-0.835289,1,38.493516,3.684791,0.237466,-0.144447,1,4425.246336,8.473334,0.283094,-0.276421,1,2386.372339,7.807001,0.499905,-0.058954,1,1559.610965,7.696598,0.231326,-1.488837,1,425.177647,5.669647,0.402127,0.952088,1,78.578190,84.930749,5.064595,-1.254307,1,21.421810,15.069251,5.064595,1.254307,1,3.668140,1.730120,0.408115,-1.054692,1,0.029652,0.036091,0.080000,-0.080484,1,0.121769,0.297760,0.105859,-1.662498,1,0.054688,0.056641,0.120000,-0.016276,1,4.813486,2.220279,0.719758,-0.901494
10473422043,RESONANCE_0P1,0.650000,0.422209,0.274436,0.700000,1,LF主峰 0.055 Hz | 主峰/背景 4.81× | 0.075–0.11 Hz占LF+HF 12.2% | 近期主峰频率跨度 0.004 Hz,NO_MATCH: SCORE_BELOW_THRESHOLD 0.27 < 0.70,1,70.093458,73.529322,4.113381,-0.835289,1,38.493516,3.684791,0.237466,-0.144447,1,4425.246336,8.473334,0.283094,-0.276421,1,2386.372339,7.807001,0.499905,-0.058954,1,1559.610965,7.696598,0.231326,-1.488837,1,425.177647,5.669647,0.402127,0.952088,1,78.578190,84.930749,5.064595,-1.254307,1,21.421810,15.069251,5.064595,1.254307,1,3.668140,1.730120,0.408115,-1.054692,1,0.029652,0.036091,0.080000,-0.080484,1,0.121769,0.297760,0.105859,-1.662498,1,0.054688,0.056641,0.120000,-0.016276,1,4.813486,2.220279,0.719758,-0.901494
10473422043,SLOW_RECOVERY_VLF,0.650000,0.386535,0.251248,0.700000,1,HF当前 z*=+0.95 | LF/HF当前 z*=-1.05 | VLF当前 z*=-0.06 | 前序激活证据=1.00,NO_MATCH: SCORE_BELOW_THRESHOLD 0.25 < 0.70,1,70.093458,73.529322,4.113381,-0.835289,1,38.493516,3.684791,0.237466,-0.144447,1,4425.246336,8.473334,0.283094,-0.276421,1,2386.372339,7.807001,0.499905,-0.058954,1,1559.610965,7.696598,0.231326,-1.488837,1,425.177647,5.669647,0.402127,0.952088,1,78.578190,84.930749,5.064595,-1.254307,1,21.421810,15.069251,5.064595,1.254307,1,3.668140,1.730120,0.408115,-1.054692,1,0.029652,0.036091,0.080000,-0.080484,1,0.121769,0.297760,0.105859,-1.662498,1,0.054688,0.056641,0.120000,-0.016276,1,4.813486,2.220279,0.719758,-0.901494
10473422043,AROUSAL_MEDITATION,0.650000,0.075028,0.048768,0.700000,1,HF z*=+0.95 | HR z*=-0.84 | RMSSD z*=-0.14,NO_MATCH: SCORE_BELOW_THRESHOLD 0.05 < 0.70,1,70.093458,73.529322,4.113381,-0.835289,1,38.493516,3.684791,0.237466,-0.144447,1,4425.246336,8.473334,0.283094,-0.276421,1,2386.372339,7.807001,0.499905,-0.058954,1,1559.610965,7.696598,0.231326,-1.488837,1,425.177647,5.669647,0.402127,0.952088,1,78.578190,84.930749,5.064595,-1.254307,1,21.421810,15.069251,5.064595,1.254307,1,3.668140,1.730120,0.408115,-1.054692,1,0.029652,0.036091,0.080000,-0.080484,1,0.121769,0.297760,0.105859,-1.662498,1,0.054688,0.056641,0.120000,-0.016276,1,4.813486,2.220279,0.719758,-0.901494
10493534043,PHASED_VIPASSANA,0.650000,1.009347,0.656075,0.700000,1,中段LF相对两侧 1.53× | 中段HF相对两侧 1.22× | 中段LF/HF相对两侧 1.36×,NO_MATCH: SCORE_BELOW_THRESHOLD 0.66 < 0.70,1,69.444686,73.529322,4.113381,-0.993012,1,41.362561,3.684791,0.237466,0.158275,1,6631.972418,8.473334,0.283094,1.152703,1,4047.653798,7.807001,0.499905,0.997973,1,2080.714850,7.696598,0.231326,-0.242651,1,441.051517,5.669647,0.402127,1.043240,1,82.510215,84.930749,5.064595,-0.477932,1,17.489785,15.069251,5.064595,0.477932,1,4.717623,1.730120,0.408115,-0.438149,1,0.016421,0.036091,0.080000,-0.245875,1,0.094838,0.297760,0.105859,-1.916908,1,0.054688,0.056641,0.120000,-0.016276,1,5.771044,2.220279,0.719758,-0.649421
10493534043,INWARD_QUIET,0.650000,0.468836,0.304743,0.700000,1,HF z*=+1.04 | RMSSD z*=+0.16 | HR z*=-0.99 | LF/HF z*=-0.44,NO_MATCH: SCORE_BELOW_THRESHOLD 0.30 < 0.70,1,69.444686,73.529322,4.113381,-0.993012,1,41.362561,3.684791,0.237466,0.158275,1,6631.972418,8.473334,0.283094,1.152703,1,4047.653798,7.807001,0.499905,0.997973,1,2080.714850,7.696598,0.231326,-0.242651,1,441.051517,5.669647,0.402127,1.043240,1,82.510215,84.930749,5.064595,-0.477932,1,17.489785,15.069251,5.064595,0.477932,1,4.717623,1.730120,0.408115,-0.438149,1,0.016421,0.036091,0.080000,-0.245875,1,0.094838,0.297760,0.105859,-1.916908,1,0.054688,0.056641,0.120000,-0.016276,1,5.771044,2.220279,0.719758,-0.649421
10493534043,SLOW_RECOVERY_VLF,0.650000,0.444919,0.289198,0.700000,1,HF当前 z*=+1.04 | LF/HF当前 z*=-0.44 | VLF当前 z*=+1.00 | 前序激活证据=1.00,NO_MATCH: SCORE_BELOW_THRESHOLD 0.29 < 0.70,1,69.444686,73.529322,4.113381,-0.993012,1,41.362561,3.684791,0.237466,0.158275,1,6631.972418,8.473334,0.283094,1.152703,1,4047.653798,7.807001,0.499905,0.997973,1,2080.714850,7.696598,0.231326,-0.242651,1,441.051517,5.669647,0.402127,1.043240,1,82.510215,84.930749,5.064595,-0.477932,1,17.489785,15.069251,5.064595,0.477932,1,4.717623,1.730120,0.408115,-0.438149,1,0.016421,0.036091,0.080000,-0.245875,1,0.094838,0.297760,0.105859,-1.916908,1,0.054688,0.056641,0.120000,-0.016276,1,5.771044,2.220279,0.719758,-0.649421
10493534043,RESONANCE_0P1,0.650000,0.438672,0.285137,0.700000,1,LF主峰 0.055 Hz | 主峰/背景 5.77× | 0.075–0.11 Hz占LF+HF 9.5% | 近期主峰频率跨度 0.002 Hz,NO_MATCH: SCORE_BELOW_THRESHOLD 0.29 < 0.70,1,69.444686,73.529322,4.113381,-0.993012,1,41.362561,3.684791,0.237466,0.158275,1,6631.972418,8.473334,0.283094,1.152703,1,4047.653798,7.807001,0.499905,0.997973,1,2080.714850,7.696598,0.231326,-0.242651,1,441.051517,5.669647,0.402127,1.043240,1,82.510215,84.930749,5.064595,-0.477932,1,17.489785,15.069251,5.064595,0.477932,1,4.717623,1.730120,0.408115,-0.438149,1,0.016421,0.036091,0.080000,-0.245875,1,0.094838,0.297760,0.105859,-1.916908,1,0.054688,0.056641,0.120000,-0.016276,1,5.771044,2.220279,0.719758,-0.649421
10493534043,TRAINED_VIPASSANA_SHIFT,0.650000,0.265812,0.172778,0.700000,1,HFnu z*=+0.48 | 0.06–0.10 Hz THM z*=-0.72 | LF z*=-0.24,NO_MATCH: SCORE_BELOW_THRESHOLD 0.17 < 0.70,1,69.444686,73.529322,4.113381,-0.993012,1,41.362561,3.684791,0.237466,0.158275,1,6631.972418,8.473334,0.283094,1.152703,1,4047.653798,7.807001,0.499905,0.997973,1,2080.714850,7.696598,0.231326,-0.242651,1,441.051517,5.669647,0.402127,1.043240,1,82.510215,84.930749,5.064595,-0.477932,1,17.489785,15.069251,5.064595,0.477932,1,4.717623,1.730120,0.408115,-0.438149,1,0.016421,0.036091,0.080000,-0.245875,1,0.094838,0.297760,0.105859,-1.916908,1,0.054688,0.056641,0.120000,-0.016276,1,5.771044,2.220279,0.719758,-0.649421
10493534043,AROUSAL_MEDITATION,0.650000,0.017447,0.011341,0.700000,1,HF z*=+1.04 | HR z*=-0.99 | RMSSD z*=+0.16,NO_MATCH: SCORE_BELOW_THRESHOLD 0.01 < 0.70,1,69.444686,73.529322,4.113381,-0.993012,1,41.362561,3.684791,0.237466,0.158275,1,6631.972418,8.473334,0.283094,1.152703,1,4047.653798,7.807001,0.499905,0.997973,1,2080.714850,7.696598,0.231326,-0.242651,1,441.051517,5.669647,0.402127,1.043240,1,82.510215,84.930749,5.064595,-0.477932,1,17.489785,15.069251,5.064595,0.477932,1,4.717623,1.730120,0.408115,-0.438149,1,0.016421,0.036091,0.080000,-0.245875,1,0.094838,0.297760,0.105859,-1.916908,1,0.054688,0.056641,0.120000,-0.016276,1,5.771044,2.220279,0.719758,-0.649421
10513686043,PHASED_VIPASSANA,0.650000,0.996062,0.647440,0.700000,1,中段LF相对两侧 1.55× | 中段HF相对两侧 1.20× | 中段LF/HF相对两侧 1.37×,NO_MATCH: SCORE_BELOW_THRESHOLD 0.65 < 0.70,1,77.319687,73.529322,4.113381,0.921472,1,29.856830,3.684791,0.237466,-1.214395,1,9315.217181,8.473334,0.283094,2.352825,1,6236.421456,7.807001,0.499905,1.862676,1,2567.414385,7.696598,0.231326,0.665972,1,444.316255,5.669647,0.402127,1.061579,1,85.247145,84.930749,5.064595,0.062472,1,14.752855,15.069251,5.064595,-0.062472,1,5.778349,1.730120,0.408115,0.058802,1,0.014667,0.036091,0.080000,-0.267790,1,0.089939,0.297760,0.105859,-1.963183,1,0.054688,0.056641,0.120000,-0.016276,1,7.100062,2.220279,0.719758,-0.361476
10513686043,AROUSAL_MEDITATION,0.650000,0.502154,0.326400,0.700000,1,HF z*=+1.06 | HR z*=+0.92 | RMSSD z*=-1.21,NO_MATCH: SCORE_BELOW_THRESHOLD 0.33 < 0.70,1,77.319687,73.529322,4.113381,0.921472,1,29.856830,3.684791,0.237466,-1.214395,1,9315.217181,8.473334,0.283094,2.352825,1,6236.421456,7.807001,0.499905,1.862676,1,2567.414385,7.696598,0.231326,0.665972,1,444.316255,5.669647,0.402127,1.061579,1,85.247145,84.930749,5.064595,0.062472,1,14.752855,15.069251,5.064595,-0.062472,1,5.778349,1.730120,0.408115,0.058802,1,0.014667,0.036091,0.080000,-0.267790,1,0.089939,0.297760,0.105859,-1.963183,1,0.054688,0.056641,0.120000,-0.016276,1,7.100062,2.220279,0.719758,-0.361476
10513686043,SLOW_RECOVERY_VLF,0.650000,0.454516,0.295435,0.700000,1,HF当前 z*=+1.06 | LF/HF当前 z*=+0.06 | VLF当前 z*=+1.86 | 前序激活证据=1.00,NO_MATCH: SCORE_BELOW_THRESHOLD 0.30 < 0.70,1,77.319687,73.529322,4.113381,0.921472,1,29.856830,3.684791,0.237466,-1.214395,1,9315.217181,8.473334,0.283094,2.352825,1,6236.421456,7.807001,0.499905,1.862676,1,2567.414385,7.696598,0.231326,0.665972,1,444.316255,5.669647,0.402127,1.061579,1,85.247145,84.930749,5.064595,0.062472,1,14.752855,15.069251,5.064595,-0.062472,1,5.778349,1.730120,0.408115,0.058802,1,0.014667,0.036091,0.080000,-0.267790,1,0.089939,0.297760,0.105859,-1.963183,1,0.054688,0.056641,0.120000,-0.016276,1,7.100062,2.220279,0.719758,-0.361476
10513686043,RESONANCE_0P1,0.650000,0.438672,0.285137,0.700000,1,LF主峰 0.055 Hz | 主峰/背景 7.10× | 0.075–0.11 Hz占LF+HF 9.0% | 近期主峰频率跨度 0.000 Hz,NO_MATCH: SCORE_BELOW_THRESHOLD 0.29 < 0.70,1,77.319687,73.529322,4.113381,0.921472,1,29.856830,3.684791,0.237466,-1.214395,1,9315.217181,8.473334,0.283094,2.352825,1,6236.421456,7.807001,0.499905,1.862676,1,2567.414385,7.696598,0.231326,0.665972,1,444.316255,5.669647,0.402127,1.061579,1,85.247145,84.930749,5.064595,0.062472,1,14.752855,15.069251,5.064595,-0.062472,1,5.778349,1.730120,0.408115,0.058802,1,0.014667,0.036091,0.080000,-0.267790,1,0.089939,0.297760,0.105859,-1.963183,1,0.054688,0.056641,0.120000,-0.016276,1,7.100062,2.220279,0.719758,-0.361476
10513686043,INWARD_QUIET,0.650000,0.280253,0.182164,0.700000,1,HF z*=+1.06 | RMSSD z*=-1.21 | HR z*=+0.92 | LF/HF z*=+0.06,NO_MATCH: SCORE_BELOW_THRESHOLD 0.18 < 0.70,1,77.319687,73.529322,4.113381,0.921472,1,29.856830,3.684791,0.237466,-1.214395,1,9315.217181,8.473334,0.283094,2.352825,1,6236.421456,7.807001,0.499905,1.862676,1,2567.414385,7.696598,0.231326,0.665972,1,444.316255,5.669647,0.402127,1.061579,1,85.247145,84.930749,5.064595,0.062472,1,14.752855,15.069251,5.064595,-0.062472,1,5.778349,1.730120,0.408115,0.058802,1,0.014667,0.036091,0.080000,-0.267790,1,0.089939,0.297760,0.105859,-1.963183,1,0.054688,0.056641,0.120000,-0.016276,1,7.100062,2.220279,0.719758,-0.361476
10513686043,TRAINED_VIPASSANA_SHIFT,0.650000,0.000000,0.000000,0.700000,1,HFnu z*=-0.06 | 0.06–0.10 Hz THM z*=+0.04 | LF z*=+0.67,NO_MATCH: SCORE_BELOW_THRESHOLD 0.00 < 0.70,1,77.319687,73.529322,4.113381,0.921472,1,29.856830,3.684791,0.237466,-1.214395,1,9315.217181,8.473334,0.283094,2.352825,1,6236.421456,7.807001,0.499905,1.862676,1,2567.414385,7.696598,0.231326,0.665972,1,444.316255,5.669647,0.402127,1.061579,1,85.247145,84.930749,5.064595,0.062472,1,14.752855,15.069251,5.064595,-0.062472,1,5.778349,1.730120,0.408115,0.058802,1,0.014667,0.036091,0.080000,-0.267790,1,0.089939,0.297760,0.105859,-1.963183,1,0.054688,0.056641,0.120000,-0.016276,1,7.100062,2.220279,0.719758,-0.361476
10533822043,PHASED_VIPASSANA,0.650000,0.991766,0.644648,0.700000,1,中段LF相对两侧 1.53× | 中段HF相对两侧 1.20× | 中段LF/HF相对两侧 1.33×,NO_MATCH: SCORE_BELOW_THRESHOLD 0.64 < 0.70,1,66.371681,73.529322,4.113381,-1.740087,1,29.458011,3.684791,0.237466,-1.271025,1,11287.558328,8.473334,0.283094,3.031228,1,7996.273837,7.807001,0.499905,2.359909,1,2772.670349,7.696598,0.231326,0.998454,1,454.994882,5.669647,0.402127,1.120639,1,85.903282,84.930749,5.064595,0.192026,1,14.096718,15.069251,5.064595,-0.192026,1,6.093850,1.730120,0.408115,0.189064,1,0.014131,0.036091,0.080000,-0.274496,1,0.099346,0.297760,0.105859,-1.874319,1,0.054688,0.056641,0.120000,-0.016276,1,8.304036,2.220279,0.719758,-0.143850
10533822043,INWARD_QUIET,0.650000,0.533667,0.346884,0.700000,1,HF z*=+1.12 | RMSSD z*=-1.27 | HR z*=-1.74 | LF/HF z*=+0.19,NO_MATCH: SCORE_BELOW_THRESHOLD 0.35 < 0.70,1,66.371681,73.529322,4.113381,-1.740087,1,29.458011,3.684791,0.237466,-1.271025,1,11287.558328,8.473334,0.283094,3.031228,1,7996.273837,7.807001,0.499905,2.359909,1,2772.670349,7.696598,0.231326,0.998454,1,454.994882,5.669647,0.402127,1.120639,1,85.903282,84.930749,5.064595,0.192026,1,14.096718,15.069251,5.064595,-0.192026,1,6.093850,1.730120,0.408115,0.189064,1,0.014131,0.036091,0.080000,-0.274496,1,0.099346,0.297760,0.105859,-1.874319,1,0.054688,0.056641,0.120000,-0.016276,1,8.304036,2.220279,0.719758,-0.143850
10533822043,RESONANCE_0P1,0.650000,0.438672,0.285137,0.700000,1,LF主峰 0.055 Hz | 主峰/背景 8.30× | 0.075–0.11 Hz占LF+HF 9.9% | 近期主峰频率跨度 0.000 Hz,NO_MATCH: SCORE_BELOW_THRESHOLD 0.29 < 0.70,1,66.371681,73.529322,4.113381,-1.740087,1,29.458011,3.684791,0.237466,-1.271025,1,11287.558328,8.473334,0.283094,3.031228,1,7996.273837,7.807001,0.499905,2.359909,1,2772.670349,7.696598,0.231326,0.998454,1,454.994882,5.669647,0.402127,1.120639,1,85.903282,84.930749,5.064595,0.192026,1,14.096718,15.069251,5.064595,-0.192026,1,6.093850,1.730120,0.408115,0.189064,1,0.014131,0.036091,0.080000,-0.274496,1,0.099346,0.297760,0.105859,-1.874319,1,0.054688,0.056641,0.120000,-0.016276,1,8.304036,2.220279,0.719758,-0.143850
10533822043,SLOW_RECOVERY_VLF,0.650000,0.378939,0.246310,0.700000,1,HF当前 z*=+1.12 | LF/HF当前 z*=+0.19 | VLF当前 z*=+2.36 | 前序激活证据=1.00,NO_MATCH: SCORE_BELOW_THRESHOLD 0.25 < 0.70,1,66.371681,73.529322,4.113381,-1.740087,1,29.458011,3.684791,0.237466,-1.271025,1,11287.558328,8.473334,0.283094,3.031228,1,7996.273837,7.807001,0.499905,2.359909,1,2772.670349,7.696598,0.231326,0.998454,1,454.994882,5.669647,0.402127,1.120639,1,85.903282,84.930749,5.064595,0.192026,1,14.096718,15.069251,5.064595,-0.192026,1,6.093850,1.730120,0.408115,0.189064,1,0.014131,0.036091,0.080000,-0.274496,1,0.099346,0.297760,0.105859,-1.874319,1,0.054688,0.056641,0.120000,-0.016276,1,8.304036,2.220279,0.719758,-0.143850
10533822043,AROUSAL_MEDITATION,0.650000,0.209231,0.136000,0.700000,1,HF z*=+1.12 | HR z*=-1.74 | RMSSD z*=-1.27,NO_MATCH: SCORE_BELOW_THRESHOLD 0.14 < 0.70,1,66.371681,73.529322,4.113381,-1.740087,1,29.458011,3.684791,0.237466,-1.271025,1,11287.558328,8.473334,0.283094,3.031228,1,7996.273837,7.807001,0.499905,2.359909,1,2772.670349,7.696598,0.231326,0.998454,1,454.994882,5.669647,0.402127,1.120639,1,85.903282,84.930749,5.064595,0.192026,1,14.096718,15.069251,5.064595,-0.192026,1,6.093850,1.730120,0.408115,0.189064,1,0.014131,0.036091,0.080000,-0.274496,1,0.099346,0.297760,0.105859,-1.874319,1,0.054688,0.056641,0.120000,-0.016276,1,8.304036,2.220279,0.719758,-0.143850
10533822043,TRAINED_VIPASSANA_SHIFT,0.650000,0.000000,0.000000,0.700000,1,HFnu z*=-0.19 | 0.06–0.10 Hz THM z*=+0.38 | LF z*=+1.00,NO_MATCH: SCORE_BELOW_THRESHOLD 0.00 < 0.70,1,66.371681,73.529322,4.113381,-1.740087,1,29.458011,3.684791,0.237466,-1.271025,1,11287.558328,8.473334,0.283094,3.031228,1,7996.273837,7.807001,0.499905,2.359909,1,2772.670349,7.696598,0.231326,0.998454,1,454.994882,5.669647,0.402127,1.120639,1,85.903282,84.930749,5.064595,0.192026,1,14.096718,15.069251,5.064595,-0.192026,1,6.093850,1.730120,0.408115,0.189064,1,0.014131,0.036091,0.080000,-0.274496,1,0.099346,0.297760,0.105859,-1.874319,1,0.054688,0.056641,0.120000,-0.016276,1,8.304036,2.220279,0.719758,-0.143850
10554278046,PHASED_VIPASSANA,0.650000,0.989610,0.643246,0.700000,1,中段LF相对两侧 1.47× | 中段HF相对两侧 1.20× | 中段LF/HF相对两侧 1.26×,NO_MATCH: SCORE_BELOW_THRESHOLD 0.64 < 0.70,1,72.115385,72.822396,4.198466,-0.168398,1,27.535907,3.692883,0.220457,-1.711866,1,12186.885256,8.474990,0.329417,2.832654,1,8982.914586,7.835193,0.549625,2.306820,1,2662.023747,7.665175,0.190174,1.165599,1,486.312642,5.685447,0.404970,1.238127,1,84.553346,84.267051,3.671514,0.077977,1,15.446654,15.732949,3.671514,-0.077977,1,5.473894,1.678234,0.260947,0.083375,1,0.013661,0.034863,0.080000,-0.265024,1,0.120243,0.264129,0.155672,-0.924290,1,0.054688,0.054688,0.120000,0.000000,1,9.132982,2.109426,0.602385,0.170101
10554278046,SLOW_RECOVERY_VLF,0.650000,0.512615,0.333200,0.700000,1,HF当前 z*=+1.24 | LF/HF当前 z*=+0.08 | VLF当前 z*=+2.31 | 前序激活证据=1.00,NO_MATCH: SCORE_BELOW_THRESHOLD 0.33 < 0.70,1,72.115385,72.822396,4.198466,-0.168398,1,27.535907,3.692883,0.220457,-1.711866,1,12186.885256,8.474990,0.329417,2.832654,1,8982.914586,7.835193,0.549625,2.306820,1,2662.023747,7.665175,0.190174,1.165599,1,486.312642,5.685447,0.404970,1.238127,1,84.553346,84.267051,3.671514,0.077977,1,15.446654,15.732949,3.671514,-0.077977,1,5.473894,1.678234,0.260947,0.083375,1,0.013661,0.034863,0.080000,-0.265024,1,0.120243,0.264129,0.155672,-0.924290,1,0.054688,0.054688,0.120000,0.000000,1,9.132982,2.109426,0.602385,0.170101
10554278046,RESONANCE_0P1,0.650000,0.438672,0.285137,0.700000,1,LF主峰 0.055 Hz | 主峰/背景 9.13× | 0.075–0.11 Hz占LF+HF 12.0% | 近期主峰频率跨度 0.000 Hz,NO_MATCH: SCORE_BELOW_THRESHOLD 0.29 < 0.70,1,72.115385,72.822396,4.198466,-0.168398,1,27.535907,3.692883,0.220457,-1.711866,1,12186.885256,8.474990,0.329417,2.832654,1,8982.914586,7.835193,0.549625,2.306820,1,2662.023747,7.665175,0.190174,1.165599,1,486.312642,5.685447,0.404970,1.238127,1,84.553346,84.267051,3.671514,0.077977,1,15.446654,15.732949,3.671514,-0.077977,1,5.473894,1.678234,0.260947,0.083375,1,0.013661,0.034863,0.080000,-0.265024,1,0.120243,0.264129,0.155672,-0.924290,1,0.054688,0.054688,0.120000,0.000000,1,9.132982,2.109426,0.602385,0.170101
10554278046,INWARD_QUIET,0.650000,0.334769,0.217600,0.700000,1,HF z*=+1.24 | RMSSD z*=-1.71 | HR z*=-0.17 | LF/HF z*=+0.08,NO_MATCH: SCORE_BELOW_THRESHOLD 0.22 < 0.70,1,72.115385,72.822396,4.198466,-0.168398,1,27.535907,3.692883,0.220457,-1.711866,1,12186.885256,8.474990,0.329417,2.832654,1,8982.914586,7.835193,0.549625,2.306820,1,2662.023747,7.665175,0.190174,1.165599,1,486.312642,5.685447,0.404970,1.238127,1,84.553346,84.267051,3.671514,0.077977,1,15.446654,15.732949,3.671514,-0.077977,1,5.473894,1.678234,0.260947,0.083375,1,0.013661,0.034863,0.080000,-0.265024,1,0.120243,0.264129,0.155672,-0.924290,1,0.054688,0.054688,0.120000,0.000000,1,9.132982,2.109426,0.602385,0.170101
10554278046,AROUSAL_MEDITATION,0.650000,0.234392,0.152355,0.700000,1,HF z*=+1.24 | HR z*=-0.17 | RMSSD z*=-1.71,NO_MATCH: SCORE_BELOW_THRESHOLD 0.15 < 0.70,1,72.115385,72.822396,4.198466,-0.168398,1,27.535907,3.692883,0.220457,-1.711866,1,12186.885256,8.474990,0.329417,2.832654,1,8982.914586,7.835193,0.549625,2.306820,1,2662.023747,7.665175,0.190174,1.165599,1,486.312642,5.685447,0.404970,1.238127,1,84.553346,84.267051,3.671514,0.077977,1,15.446654,15.732949,3.671514,-0.077977,1,5.473894,1.678234,0.260947,0.083375,1,0.013661,0.034863,0.080000,-0.265024,1,0.120243,0.264129,0.155672,-0.924290,1,0.054688,0.054688,0.120000,0.000000,1,9.132982,2.109426,0.602385,0.170101
10554278046,TRAINED_VIPASSANA_SHIFT,0.650000,0.000000,0.000000,0.700000,1,HFnu z*=-0.08 | 0.06–0.10 Hz THM z*=+0.49 | LF z*=+1.17,NO_MATCH: SCORE_BELOW_THRESHOLD 0.00 < 0.70,1,72.115385,72.822396,4.198466,-0.168398,1,27.535907,3.692883,0.220457,-1.711866,1,12186.885256,8.474990,0.329417,2.832654,1,8982.914586,7.835193,0.549625,2.306820,1,2662.023747,7.665175,0.190174,1.165599,1,486.312642,5.685447,0.404970,1.238127,1,84.553346,84.267051,3.671514,0.077977,1,15.446654,15.732949,3.671514,-0.077977,1,5.473894,1.678234,0.260947,0.083375,1,0.013661,0.034863,0.080000,-0.265024,1,0.120243,0.264129,0.155672,-0.924290,1,0.054688,0.054688,0.120000,0.000000,1,9.132982,2.109426,0.602385,0.170101
10574670043,RESONANCE_0P1,0.000000,0.000000,0.000000,0.700000,1,,NO_MATCH: QUALITY_CEILING 0.00 < 0.70,1,87.208922,72.822396,4.198466,3.426615,0,0.000000,3.692883,0.220457,0.000000,0,0.000000,8.474990,0.329417,0.000000,0,0.000000,7.835193,0.549625,0.000000,0,0.000000,7.665175,0.190174,0.000000,0,0.000000,5.685447,0.404970,0.000000,0,0.000000,84.267051,3.671514,0.000000,0,0.000000,15.732949,3.671514,0.000000,0,0.000000,1.678234,0.260947,0.000000,0,0.000000,0.034863,0.080000,0.000000,0,0.000000,0.264129,0.155672,0.000000,0,0.000000,0.054688,0.120000,0.000000,0,0.000000,2.109426,0.602385,0.000000
10574670043,PHASED_VIPASSANA,0.000000,0.000000,0.000000,0.700000,1,,NO_MATCH: QUALITY_CEILING 0.00 < 0.70,1,87.208922,72.822396,4.198466,3.426615,0,0.000000,3.692883,0.220457,0.000000,0,0.000000,8.474990,0.329417,0.000000,0,0.000000,7.835193,0.549625,0.000000,0,0.000000,7.665175,0.190174,0.000000,0,0.000000,5.685447,0.404970,0.000000,0,0.000000,84.267051,3.671514,0.000000,0,0.000000,15.732949,3.671514,0.000000,0,0.000000,1.678234,0.260947,0.000000,0,0.000000,0.034863,0.080000,0.000000,0,0.000000,0.264129,0.155672,0.000000,0,0.000000,0.054688,0.120000,0.000000,0,0.000000,2.109426,0.602385,0.000000
10574670043,AROUSAL_MEDITATION,0.000000,0.000000,0.000000,0.700000,1,,NO_MATCH: QUALITY_CEILING 0.00 < 0.70,1,87.208922,72.822396,4.198466,3.426615,0,0.000000,3.692883,0.220457,0.000000,0,0.000000,8.474990,0.329417,0.000000,0,0.000000,7.835193,0.549625,0.000000,0,0.000000,7.665175,0.190174,0.000000,0,0.000000,5.685447,0.404970,0.000000,0,0.000000,84.267051,3.671514,0.000000,0,0.000000,15.732949,3.671514,0.000000,0,0.000000,1.678234,0.260947,0.000000,0,0.000000,0.034863,0.080000,0.000000,0,0.000000,0.264129,0.155672,0.000000,0,0.000000,0.054688,0.120000,0.000000,0,0.000000,2.109426,0.602385,0.000000
10574670043,TRAINED_VIPASSANA_SHIFT,0.000000,0.000000,0.000000,0.700000,1,,NO_MATCH: QUALITY_CEILING 0.00 < 0.70,1,87.208922,72.822396,4.198466,3.426615,0,0.000000,3.692883,0.220457,0.000000,0,0.000000,8.474990,0.329417,0.000000,0,0.000000,7.835193,0.549625,0.000000,0,0.000000,7.665175,0.190174,0.000000,0,0.000000,5.685447,0.404970,0.000000,0,0.000000,84.267051,3.671514,0.000000,0,0.000000,15.732949,3.671514,0.000000,0,0.000000,1.678234,0.260947,0.000000,0,0.000000,0.034863,0.080000,0.000000,0,0.000000,0.264129,0.155672,0.000000,0,0.000000,0.054688,0.120000,0.000000,0,0.000000,2.109426,0.602385,0.000000
10574670043,SLOW_RECOVERY_VLF,0.000000,0.000000,0.000000,0.700000,1,,NO_MATCH: QUALITY_CEILING 0.00 < 0.70,1,87.208922,72.822396,4.198466,3.426615,0,0.000000,3.692883,0.220457,0.000000,0,0.000000,8.474990,0.329417,0.000000,0,0.000000,7.835193,0.549625,0.000000,0,0.000000,7.665175,0.190174,0.000000,0,0.000000,5.685447,0.404970,0.000000,0,0.000000,84.267051,3.671514,0.000000,0,0.000000,15.732949,3.671514,0.000000,0,0.000000,1.678234,0.260947,0.000000,0,0.000000,0.034863,0.080000,0.000000,0,0.000000,0.264129,0.155672,0.000000,0,0.000000,0.054688,0.120000,0.000000,0,0.000000,2.109426,0.602385,0.000000
10574670043,INWARD_QUIET,0.000000,0.000000,0.000000,0.700000,1,,NO_MATCH: QUALITY_CEILING 0.00 < 0.70,1,87.208922,72.822396,4.198466,3.426615,0,0.000000,3.692883,0.220457,0.000000,0,0.000000,8.474990,0.329417,0.000000,0,0.000000,7.835193,0.549625,0.000000,0,0.000000,7.665175,0.190174,0.000000,0,0.000000,5.685447,0.404970,0.000000,0,0.000000,84.267051,3.671514,0.000000,0,0.000000,15.732949,3.671514,0.000000,0,0.000000,1.678234,0.260947,0.000000,0,0.000000,0.034863,0.080000,0.000000,0,0.000000,0.264129,0.155672,0.000000,0,0.000000,0.054688,0.120000,0.000000,0,0.000000,2.109426,0.602385,0.000000
10594742043,RESONANCE_0P1,0.000000,0.000000,0.000000,0.700000,1,,NO_MATCH: QUALITY_CEILING 0.00 < 0.70,1,73.529412,72.822396,4.198466,0.168398,0,0.000000,3.692883,0.220457,0.000000,0,0.000000,8.474990,0.329417,0.000000,0,0.000000,7.835193,0.549625,0.000000,0,0.000000,7.665175,0.190174,0.000000,0,0.000000,5.685447,0.404970,0.000000,0,0.000000,84.267051,3.671514,0.000000,0,0.000000,15.732949,3.671514,0.000000,0,0.000000,1.678234,0.260947,0.000000,0,0.000000,0.034863,0.080000,0.000000,0,0.000000,0.264129,0.155672,0.000000,0,0.000000,0.054688,0.120000,0.000000,0,0.000000,2.109426,0.602385,0.000000
10594742043,PHASED_VIPASSANA,0.000000,0.000000,0.000000,0.700000,1,,NO_MATCH: QUALITY_CEILING 0.00 < 0.70,1,73.529412,72.822396,4.198466,0.168398,0,0.000000,3.692883,0.220457,0.000000,0,0.000000,8.474990,0.329417,0.000000,0,0.000000,7.835193,0.549625,0.000000,0,0.000000,7.665175,0.190174,0.000000,0,0.000000,5.685447,0.404970,0.000000,0,0.000000,84.267051,3.671514,0.000000,0,0.000000,15.732949,3.671514,0.000000,0,0.000000,1.678234,0.260947,0.000000,0,0.000000,0.034863,0.080000,0.000000,0,0.000000,0.264129,0.155672,0.000000,0,0.000000,0.054688,0.120000,0.000000,0,0.000000,2.109426,0.602385,0.000000
10594742043,AROUSAL_MEDITATION,0.000000,0.000000,0.000000,0.700000,1,,NO_MATCH: QUALITY_CEILING 0.00 < 0.70,1,73.529412,72.822396,4.198466,0.168398,0,0.000000,3.692883,0.220457,0.000000,0,0.000000,8.474990,0.329417,0.000000,0,0.000000,7.835193,0.549625,0.000000,0,0.000000,7.665175,0.190174,0.000000,0,0.000000,5.685447,0.404970,0.000000,0,0.000000,84.267051,3.671514,0.000000,0,0.000000,15.732949,3.671514,0.000000,0,0.000000,1.678234,0.260947,0.000000,0,0.000000,0.034863,0.080000,0.000000,0,0.000000,0.264129,0.155672,0.000000,0,0.000000,0.054688,0.120000,0.000000,0,0.000000,2.109426,0.602385,0.000000
10594742043,TRAINED_VIPASSANA_SHIFT,0.000000,0.000000,0.000000,0.700000,1,,NO_MATCH: QUALITY_CEILING 0.00 < 0.70,1,73.529412,72.822396,4.198466,0.168398,0,0.000000,3.692883,0.220457,0.000000,0,0.000000,8.474990,0.329417,0.000000,0,0.000000,7.835193,0.549625,0.000000,0,0.000000,7.665175,0.190174,0.000000,0,0.000000,5.685447,0.404970,0.000000,0,0.000000,84.267051,3.671514,0.000000,0,0.000000,15.732949,3.671514,0.000000,0,0.000000,1.678234,0.260947,0.000000,0,0.000000,0.034863,0.080000,0.000000,0,0.000000,0.264129,0.155672,0.000000,0,0.000000,0.054688,0.120000,0.000000,0,0.000000,2.109426,0.602385,0.000000
10594742043,SLOW_RECOVERY_VLF,0.000000,0.000000,0.000000,0.700000,1,,NO_MATCH: QUALITY_CEILING 0.00 < 0.70,1,73.529412,72.822396,4.198466,0.168398,0,0.000000,3.692883,0.220457,0.000000,0,0.000000,8.474990,0.329417,0.000000,0,0.000000,7.835193,0.549625,0.000000,0,0.000000,7.665175,0.190174,0.000000,0,0.000000,5.685447,0.404970,0.000000,0,0.000000,84.267051,3.671514,0.000000,0,0.000000,15.732949,3.671514,0.000000,0,0.000000,1.678234,0.260947,0.000000,0,0.000000,0.034863,0.080000,0.000000,0,0.000000,0.264129,0.155672,0.000000,0,0.000000,0.054688,0.120000,0.000000,0,0.000000,2.109426,0.602385,0.000000
10594742043,INWARD_QUIET,0.000000,0.000000,0.000000,0.700000,1,,NO_MATCH: QUALITY_CEILING 0.00 < 0.70,1,73.529412,72.822396,4.198466,0.168398,0,0.000000,3.692883,0.220457,0.000000,0,0.000000,8.474990,0.329417,0.000000,0,0.000000,7.835193,0.549625,0.000000,0,0.000000,7.665175,0.190174,0.000000,0,0.000000,5.685447,0.404970,0.000000,0,0.000000,84.267051,3.671514,0.000000,0,0.000000,15.732949,3.671514,0.000000,0,0.000000,1.678234,0.260947,0.000000,0,0.000000,0.034863,0.080000,0.000000,0,0.000000,0.264129,0.155672,0.000000,0,0.000000,0.054688,0.120000,0.000000,0,0.000000,2.109426,0.602385,0.000000
10614966043,RESONANCE_0P1,0.000000,0.000000,0.000000,0.700000,1,,NO_MATCH: QUALITY_CEILING 0.00 < 0.70,1,79.787234,72.822396,4.198466,1.658900,0,0.000000,3.692883,0.220457,0.000000,0,0.000000,8.474990,0.329417,0.000000,0,0.000000,7.835193,0.549625,0.000000,0,0.000000,7.665175,0.190174,0.000000,0,0.000000,5.685447,0.404970,0.000000,0,0.000000,84.267051,3.671514,0.000000,0,0.000000,15.732949,3.671514,0.000000,0,0.000000,1.678234,0.260947,0.000000,0,0.000000,0.034863,0.080000,0.000000,0,0.000000,0.264129,0.155672,0.000000,0,0.000000,0.054688,0.120000,0.000000,0,0.000000,2.109426,0.602385,0.000000
10614966043,PHASED_VIPASSANA,0.000000,0.000000,0.000000,0.700000,1,,NO_MATCH: QUALITY_CEILING 0.00 < 0.70,1,79.787234,72.822396,4.198466,1.658900,0,0.000000,3.692883,0.220457,0.000000,0,0.000000,8.474990,0.329417,0.000000,0,0.000000,7.835193,0.549625,0.000000,0,0.000000,7.665175,0.190174,0.000000,0,0.000000,5.685447,0.404970,0.000000,0,0.000000,84.267051,3.671514,0.000000,0,0.000000,15.732949,3.671514,0.000000,0,0.000000,1.678234,0.260947,0.000000,0,0.000000,0.034863,0.080000,0.000000,0,0.000000,0.264129,0.155672,0.000000,0,0.000000,0.054688,0.120000,0.000000,0,0.000000,2.109426,0.602385,0.000000
10614966043,AROUSAL_MEDITATION,0.000000,0.000000,0.000000,0.700000,1,,NO_MATCH: QUALITY_CEILING 0.00 < 0.70,1,79.787234,72.822396,4.198466,1.658900,0,0.000000,3.692883,0.220457,0.000000,0,0.000000,8.474990,0.329417,0.000000,0,0.000000,7.835193,0.549625,0.000000,0,0.000000,7.665175,0.190174,0.000000,0,0.000000,5.685447,0.404970,0.000000,0,0.000000,84.267051,3.671514,0.000000,0,0.000000,15.732949,3.671514,0.000000,0,0.000000,1.678234,0.260947,0.000000,0,0.000000,0.034863,0.080000,0.000000,0,0.000000,0.264129,0.155672,0.000000,0,0.000000,0.054688,0.120000,0.000000,0,0.000000,2.109426,0.602385,0.000000
10614966043,TRAINED_VIPASSANA_SHIFT,0.000000,0.000000,0.000000,0.700000,1,,NO_MATCH: QUALITY_CEILING 0.00 < 0.70,1,79.787234,72.822396,4.198466,1.658900,0,0.000000,3.692883,0.220457,0.000000,0,0.000000,8.474990,0.329417,0.000000,0,0.000000,7.835193,0.549625,0.000000,0,0.000000,7.665175,0.190174,0.000000,0,0.000000,5.685447,0.404970,0.000000,0,0.000000,84.267051,3.671514,0.000000,0,0.000000,15.732949,3.671514,0.000000,0,0.000000,1.678234,0.260947,0.000000,0,0.000000,0.034863,0.080000,0.000000,0,0.000000,0.264129,0.155672,0.000000,0,0.000000,0.054688,0.120000,0.000000,0,0.000000,2.109426,0.602385,0.000000
10614966043,SLOW_RECOVERY_VLF,0.000000,0.000000,0.000000,0.700000,1,,NO_MATCH: QUALITY_CEILING 0.00 < 0.70,1,79.787234,72.822396,4.198466,1.658900,0,0.000000,3.692883,0.220457,0.000000,0,0.000000,8.474990,0.329417,0.000000,0,0.000000,7.835193,0.549625,0.000000,0,0.000000,7.665175,0.190174,0.000000,0,0.000000,5.685447,0.404970,0.000000,0,0.000000,84.267051,3.671514,0.000000,0,0.000000,15.732949,3.671514,0.000000,0,0.000000,1.678234,0.260947,0.000000,0,0.000000,0.034863,0.080000,0.000000,0,0.000000,0.264129,0.155672,0.000000,0,0.000000,0.054688,0.120000,0.000000,0,0.000000,2.109426,0.602385,0.000000
10614966043,INWARD_QUIET,0.000000,0.000000,0.000000,0.700000,1,,NO_MATCH: QUALITY_CEILING 0.00 < 0.70,1,79.787234,72.822396,4.198466,1.658900,0,0.000000,3.692883,0.220457,0.000000,0,0.000000,8.474990,0.329417,0.000000,0,0.000000,7.835193,0.549625,0.000000,0,0.000000,7.665175,0.190174,0.000000,0,0.000000,5.685447,0.404970,0.000000,0,0.000000,84.267051,3.671514,0.000000,0,0.000000,15.732949,3.671514,0.000000,0,0.000000,1.678234,0.260947,0.000000,0,0.000000,0.034863,0.080000,0.000000,0,0.000000,0.264129,0.155672,0.000000,0,0.000000,0.054688,0.120000,0.000000,0,0.000000,2.109426,0.602385,0.000000
10635454043,RESONANCE_0P1,0.000000,0.000000,0.000000,0.700000,1,,NO_MATCH: QUALITY_CEILING 0.00 < 0.70,1,75.000000,72.822396,4.198466,0.518666,0,0.000000,3.692883,0.220457,0.000000,0,0.000000,8.474990,0.329417,0.000000,0,0.000000,7.835193,0.549625,0.000000,0,0.000000,7.665175,0.190174,0.000000,0,0.000000,5.685447,0.404970,0.000000,0,0.000000,84.267051,3.671514,0.000000,0,0.000000,15.732949,3.671514,0.000000,0,0.000000,1.678234,0.260947,0.000000,0,0.000000,0.034863,0.080000,0.000000,0,0.000000,0.264129,0.155672,0.000000,0,0.000000,0.054688,0.120000,0.000000,0,0.000000,2.109426,0.602385,0.000000
10635454043,PHASED_VIPASSANA,0.000000,0.000000,0.000000,0.700000,1,,NO_MATCH: QUALITY_CEILING 0.00 < 0.70,1,75.000000,72.822396,4.198466,0.518666,0,0.000000,3.692883,0.220457,0.000000,0,0.000000,8.474990,0.329417,0.000000,0,0.000000,7.835193,0.549625,0.000000,0,0.000000,7.665175,0.190174,0.000000,0,0.000000,5.685447,0.404970,0.000000,0,0.000000,84.267051,3.671514,0.000000,0,0.000000,15.732949,3.671514,0.000000,0,0.000000,1.678234,0.260947,0.000000,0,0.000000,0.034863,0.080000,0.000000,0,0.000000,0.264129,0.155672,0.000000,0,0.000000,0.054688,0.120000,0.000000,0,0.000000,2.109426,0.602385,0.000000
10635454043,AROUSAL_MEDITATION,0.000000,0.000000,0.000000,0.700000,1,,NO_MATCH: QUALITY_CEILING 0.00 < 0.70,1,75.000000,72.822396,4.198466,0.518666,0,0.000000,3.692883,0.220457,0.000000,0,0.000000,8.474990,0.329417,0.000000,0,0.000000,7.835193,0.549625,0.000000,0,0.000000,7.665175,0.190174,0.000000,0,0.000000,5.685447,0.404970,0.000000,0,0.000000,84.267051,3.671514,0.000000,0,0.000000,15.732949,3.671514,0.000000,0,0.000000,1.678234,0.260947,0.000000,0,0.000000,0.034863,0.080000,0.000000,0,0.000000,0.264129,0.155672,0.000000,0,0.000000,0.054688,0.120000,0.000000,0,0.000000,2.109426,0.602385,0.000000
10635454043,TRAINED_VIPASSANA_SHIFT,0.000000,0.000000,0.000000,0.700000,1,,NO_MATCH: QUALITY_CEILING 0.00 < 0.70,1,75.000000,72.822396,4.198466,0.518666,0,0.000000,3.692883,0.220457,0.000000,0,0.000000,8.474990,0.329417,0.000000,0,0.000000,7.835193,0.549625,0.000000,0,0.000000,7.665175,0.190174,0.000000,0,0.000000,5.685447,0.404970,0.000000,0,0.000000,84.267051,3.671514,0.000000,0,0.000000,15.732949,3.671514,0.000000,0,0.000000,1.678234,0.260947,0.000000,0,0.000000,0.034863,0.080000,0.000000,0,0.000000,0.264129,0.155672,0.000000,0,0.000000,0.054688,0.120000,0.000000,0,0.000000,2.109426,0.602385,0.000000
10635454043,SLOW_RECOVERY_VLF,0.000000,0.000000,0.000000,0.700000,1,,NO_MATCH: QUALITY_CEILING 0.00 < 0.70,1,75.000000,72.822396,4.198466,0.518666,0,0.000000,3.692883,0.220457,0.000000,0,0.000000,8.474990,0.329417,0.000000,0,0.000000,7.835193,0.549625,0.000000,0,0.000000,7.665175,0.190174,0.000000,0,0.000000,5.685447,0.404970,0.000000,0,0.000000,84.267051,3.671514,0.000000,0,0.000000,15.732949,3.671514,0.000000,0,0.000000,1.678234,0.260947,0.000000,0,0.000000,0.034863,0.080000,0.000000,0,0.000000,0.264129,0.155672,0.000000,0,0.000000,0.054688,0.120000,0.000000,0,0.000000,2.109426,0.602385,0.000000
10635454043,INWARD_QUIET,0.000000,0.000000,0.000000,0.700000,1,,NO_MATCH: QUALITY_CEILING 0.00 < 0.70,1,75.000000,72.822396,4.198466,0.518666,0,0.000000,3.692883,0.220457,0.000000,0,0.000000,8.474990,0.329417,0.000000,0,0.000000,7.835193,0.549625,0.000000,0,0.000000,7.665175,0.190174,0.000000,0,0.000000,5.685447,0.404970,0.000000,0,0.000000,84.267051,3.671514,0.000000,0,0.000000,15.732949,3.671514,0.000000,0,0.000000,1.678234,0.260947,0.000000,0,0.000000,0.034863,0.080000,0.000000,0,0.000000,0.264129,0.155672,0.000000,0,0.000000,0.054688,0.120000,0.000000,0,0.000000,2.109426,0.602385,0.000000
10655830045,RESONANCE_0P1,0.000000,0.000000,0.000000,0.700000,1,,NO_MATCH: QUALITY_CEILING 0.00 < 0.70,1,81.521739,72.822396,4.198466,2.072029,0,0.000000,3.692883,0.220457,0.000000,0,0.000000,8.474990,0.329417,0.000000,0,0.000000,7.835193,0.549625,0.000000,0,0.000000,7.665175,0.190174,0.000000,0,0.000000,5.685447,0.404970,0.000000,0,0.000000,84.267051,3.671514,0.000000,0,0.000000,15.732949,3.671514,0.000000,0,0.000000,1.678234,0.260947,0.000000,0,0.000000,0.034863,0.080000,0.000000,0,0.000000,0.264129,0.155672,0.000000,0,0.000000,0.054688,0.120000,0.000000,0,0.000000,2.109426,0.602385,0.000000
10655830045,PHASED_VIPASSANA,0.000000,0.000000,0.000000,0.700000,1,,NO_MATCH: QUALITY_CEILING 0.00 < 0.70,1,81.521739,72.822396,4.198466,2.072029,0,0.000000,3.692883,0.220457,0.000000,0,0.000000,8.474990,0.329417,0.000000,0,0.000000,7.835193,0.549625,0.000000,0,0.000000,7.665175,0.190174,0.000000,0,0.000000,5.685447,0.404970,0.000000,0,0.000000,84.267051,3.671514,0.000000,0,0.000000,15.732949,3.671514,0.000000,0,0.000000,1.678234,0.260947,0.000000,0,0.000000,0.034863,0.080000,0.000000,0,0.000000,0.264129,0.155672,0.000000,0,0.000000,0.054688,0.120000,0.000000,0,0.000000,2.109426,0.602385,0.000000
10655830045,AROUSAL_MEDITATION,0.000000,0.000000,0.000000,0.700000,1,,NO_MATCH: QUALITY_CEILING 0.00 < 0.70,1,81.521739,72.822396,4.198466,2.072029,0,0.000000,3.692883,0.220457,0.000000,0,0.000000,8.474990,0.329417,0.000000,0,0.000000,7.835193,0.549625,0.000000,0,0.000000,7.665175,0.190174,0.000000,0,0.000000,5.685447,0.404970,0.000000,0,0.000000,84.267051,3.671514,0.000000,0,0.000000,15.732949,3.671514,0.000000,0,0.000000,1.678234,0.260947,0.000000,0,0.000000,0.034863,0.080000,0.000000,0,0.000000,0.264129,0.155672,0.000000,0,0.000000,0.054688,0.120000,0.000000,0,0.000000,2.109426,0.602385,0.000000
10655830045,TRAINED_VIPASSANA_SHIFT,0.000000,0.000000,0.000000,0.700000,1,,NO_MATCH: QUALITY_CEILING 0.00 < 0.70,1,81.521739,72.822396,4.198466,2.072029,0,0.000000,3.692883,0.220457,0.000000,0,0.000000,8.474990,0.329417,0.000000,0,0.000000,7.835193,0.549625,0.000000,0,0.000000,7.665175,0.190174,0.000000,0,0.000000,5.685447,0.404970,0.000000,0,0.000000,84.267051,3.671514,0.000000,0,0.000000,15.732949,3.671514,0.000000,0,0.000000,1.678234,0.260947,0.000000,0,0.000000,0.034863,0.080000,0.000000,0,0.000000,0.264129,0.155672,0.000000,0,0.000000,0.054688,0.120000,0.000000,0,0.000000,2.109426,0.602385,0.000000
10655830045,SLOW_RECOVERY_VLF,0.000000,0.000000,0.000000,0.700000,1,,NO_MATCH: QUALITY_CEILING 0.00 < 0.70,1,81.521739,72.822396,4.198466,2.072029,0,0.000000,3.692883,0.220457,0.000000,0,0.000000,8.474990,0.329417,0.000000,0,0.000000,7.835193,0.549625,0.000000,0,0.000000,7.665175,0.190174,0.000000,0,0.000000,5.685447,0.404970,0.000000,0,0.000000,84.267051,3.671514,0.000000,0,0.000000,15.732949,3.671514,0.000000,0,0.000000,1.678234,0.260947,0.000000,0,0.000000,0.034863,0.080000,0.000000,0,0.000000,0.264129,0.155672,0.000000,0,0.000000,0.054688,0.120000,0.000000,0,0.000000,2.109426,0.602385,0.000000
10655830045,INWARD_QUIET,0.000000,0.000000,0.000000,0.700000,1,,NO_MATCH: QUALITY_CEILING 0.00 < 0.70,1,81.521739,72.822396,4.198466,2.072029,0,0.000000,3.692883,0.220457,0.000000,0,0.000000,8.474990,0.329417,0.000000,0,0.000000,7.835193,0.549625,0.000000,0,0.000000,7.665175,0.190174,0.000000,0,0.000000,5.685447,0.404970,0.000000,0,0.000000,84.267051,3.671514,0.000000,0,0.000000,15.732949,3.671514,0.000000,0,0.000000,1.678234,0.260947,0.000000,0,0.000000,0.034863,0.080000,0.000000,0,0.000000,0.264129,0.155672,0.000000,0,0.000000,0.054688,0.120000,0.000000,0,0.000000,2.109426,0.602385,0.000000
10676102043,RESONANCE_0P1,0.000000,0.000000,0.000000,0.700000,1,,NO_MATCH: QUALITY_CEILING 0.00 < 0.70,1,84.270136,72.822396,4.198466,2.726648,0,0.000000,3.692883,0.220457,0.000000,0,0.000000,8.474990,0.329417,0.000000,0,0.000000,7.835193,0.549625,0.000000,0,0.000000,7.665175,0.190174,0.000000,0,0.000000,5.685447,0.404970,0.000000,0,0.000000,84.267051,3.671514,0.000000,0,0.000000,15.732949,3.671514,0.000000,0,0.000000,1.678234,0.260947,0.000000,0,0.000000,0.034863,0.080000,0.000000,0,0.000000,0.264129,0.155672,0.000000,0,0.000000,0.054688,0.120000,0.000000,0,0.000000,2.109426,0.602385,0.000000
10676102043,PHASED_VIPASSANA,0.000000,0.000000,0.000000,0.700000,1,,NO_MATCH: QUALITY_CEILING 0.00 < 0.70,1,84.270136,72.822396,4.198466,2.726648,0,0.000000,3.692883,0.220457,0.000000,0,0.000000,8.474990,0.329417,0.000000,0,0.000000,7.835193,0.549625,0.000000,0,0.000000,7.665175,0.190174,0.000000,0,0.000000,5.685447,0.404970,0.000000,0,0.000000,84.267051,3.671514,0.000000,0,0.000000,15.732949,3.671514,0.000000,0,0.000000,1.678234,0.260947,0.000000,0,0.000000,0.034863,0.080000,0.000000,0,0.000000,0.264129,0.155672,0.000000,0,0.000000,0.054688,0.120000,0.000000,0,0.000000,2.109426,0.602385,0.000000
10676102043,AROUSAL_MEDITATION,0.000000,0.000000,0.000000,0.700000,1,,NO_MATCH: QUALITY_CEILING 0.00 < 0.70,1,84.270136,72.822396,4.198466,2.726648,0,0.000000,3.692883,0.220457,0.000000,0,0.000000,8.474990,0.329417,0.000000,0,0.000000,7.835193,0.549625,0.000000,0,0.000000,7.665175,0.190174,0.000000,0,0.000000,5.685447,0.404970,0.000000,0,0.000000,84.267051,3.671514,0.000000,0,0.000000,15.732949,3.671514,0.000000,0,0.000000,1.678234,0.260947,0.000000,0,0.000000,0.034863,0.080000,0.000000,0,0.000000,0.264129,0.155672,0.000000,0,0.000000,0.054688,0.120000,0.000000,0,0.000000,2.109426,0.602385,0.000000
10676102043,TRAINED_VIPASSANA_SHIFT,0.000000,0.000000,0.000000,0.700000,1,,NO_MATCH: QUALITY_CEILING 0.00 < 0.70,1,84.270136,72.822396,4.198466,2.726648,0,0.000000,3.692883,0.220457,0.000000,0,0.000000,8.474990,0.329417,0.000000,0,0.000000,7.835193,0.549625,0.000000,0,0.000000,7.665175,0.190174,0.000000,0,0.000000,5.685447,0.404970,0.000000,0,0.000000,84.267051,3.671514,0.000000,0,0.000000,15.732949,3.671514,0.000000,0,0.000000,1.678234,0.260947,0.000000,0,0.000000,0.034863,0.080000,0.000000,0,0.000000,0.264129,0.155672,0.000000,0,0.000000,0.054688,0.120000,0.000000,0,0.000000,2.109426,0.602385,0.000000
10676102043,SLOW_RECOVERY_VLF,0.000000,0.000000,0.000000,0.700000,1,,NO_MATCH: QUALITY_CEILING 0.00 < 0.70,1,84.270136,72.822396,4.198466,2.726648,0,0.000000,3.692883,0.220457,0.000000,0,0.000000,8.474990,0.329417,0.000000,0,0.000000,7.835193,0.549625,0.000000,0,0.000000,7.665175,0.190174,0.000000,0,0.000000,5.685447,0.404970,0.000000,0,0.000000,84.267051,3.671514,0.000000,0,0.000000,15.732949,3.671514,0.000000,0,0.000000,1.678234,0.260947,0.000000,0,0.000000,0.034863,0.080000,0.000000,0,0.000000,0.264129,0.155672,0.000000,0,0.000000,0.054688,0.120000,0.000000,0,0.000000,2.109426,0.602385,0.000000
10676102043,INWARD_QUIET,0.000000,0.000000,0.000000,0.700000,1,,NO_MATCH: QUALITY_CEILING 0.00 < 0.70,1,84.270136,72.822396,4.198466,2.726648,0,0.000000,3.692883,0.220457,0.000000,0,0.000000,8.474990,0.329417,0.000000,0,0.000000,7.835193,0.549625,0.000000,0,0.000000,7.665175,0.190174,0.000000,0,0.000000,5.685447,0.404970,0.000000,0,0.000000,84.267051,3.671514,0.000000,0,0.000000,15.732949,3.671514,0.000000,0,0.000000,1.678234,0.260947,0.000000,0,0.000000,0.034863,0.080000,0.000000,0,0.000000,0.264129,0.155672,0.000000,0,0.000000,0.054688,0.120000,0.000000,0,0.000000,2.109426,0.602385,0.000000
10696678043,RESONANCE_0P1,0.000000,0.000000,0.000000,0.700000,1,,NO_MATCH: QUALITY_CEILING 0.00 < 0.70,1,81.521739,72.822396,4.198466,2.072029,0,0.000000,3.692883,0.220457,0.000000,0,0.000000,8.474990,0.329417,0.000000,0,0.000000,7.835193,0.549625,0.000000,0,0.000000,7.665175,0.190174,0.000000,0,0.000000,5.685447,0.404970,0.000000,0,0.000000,84.267051,3.671514,0.000000,0,0.000000,15.732949,3.671514,0.000000,0,0.000000,1.678234,0.260947,0.000000,0,0.000000,0.034863,0.080000,0.000000,0,0.000000,0.264129,0.155672,0.000000,0,0.000000,0.054688,0.120000,0.000000,0,0.000000,2.109426,0.602385,0.000000
10696678043,PHASED_VIPASSANA,0.000000,0.000000,0.000000,0.700000,1,,NO_MATCH: QUALITY_CEILING 0.00 < 0.70,1,81.521739,72.822396,4.198466,2.072029,0,0.000000,3.692883,0.220457,0.000000,0,0.000000,8.474990,0.329417,0.000000,0,0.000000,7.835193,0.549625,0.000000,0,0.000000,7.665175,0.190174,0.000000,0,0.000000,5.685447,0.404970,0.000000,0,0.000000,84.267051,3.671514,0.000000,0,0.000000,15.732949,3.671514,0.000000,0,0.000000,1.678234,0.260947,0.000000,0,0.000000,0.034863,0.080000,0.000000,0,0.000000,0.264129,0.155672,0.000000,0,0.000000,0.054688,0.120000,0.000000,0,0.000000,2.109426,0.602385,0.000000
10696678043,AROUSAL_MEDITATION,0.000000,0.000000,0.000000,0.700000,1,,NO_MATCH: QUALITY_CEILING 0.00 < 0.70,1,81.521739,72.822396,4.198466,2.072029,0,0.000000,3.692883,0.220457,0.000000,0,0.000000,8.474990,0.329417,0.000000,0,0.000000,7.835193,0.549625,0.000000,0,0.000000,7.665175,0.190174,0.000000,0,0.000000,5.685447,0.404970,0.000000,0,0.000000,84.267051,3.671514,0.000000,0,0.000000,15.732949,3.671514,0.000000,0,0.000000,1.678234,0.260947,0.000000,0,0.000000,0.034863,0.080000,0.000000,0,0.000000,0.264129,0.155672,0.000000,0,0.000000,0.054688,0.120000,0.000000,0,0.000000,2.109426,0.602385,0.000000
10696678043,TRAINED_VIPASSANA_SHIFT,0.000000,0.000000,0.000000,0.700000,1,,NO_MATCH: QUALITY_CEILING 0.00 < 0.70,1,81.521739,72.822396,4.198466,2.072029,0,0.000000,3.692883,0.220457,0.000000,0,0.000000,8.474990,0.329417,0.000000,0,0.000000,7.835193,0.549625,0.000000,0,0.000000,7.665175,0.190174,0.000000,0,0.000000,5.685447,0.404970,0.000000,0,0.000000,84.267051,3.671514,0.000000,0,0.000000,15.732949,3.671514,0.000000,0,0.000000,1.678234,0.260947,0.000000,0,0.000000,0.034863,0.080000,0.000000,0,0.000000,0.264129,0.155672,0.000000,0,0.000000,0.054688,0.120000,0.000000,0,0.000000,2.109426,0.602385,0.000000
10696678043,SLOW_RECOVERY_VLF,0.000000,0.000000,0.000000,0.700000,1,,NO_MATCH: QUALITY_CEILING 0.00 < 0.70,1,81.521739,72.822396,4.198466,2.072029,0,0.000000,3.692883,0.220457,0.000000,0,0.000000,8.474990,0.329417,0.000000,0,0.000000,7.835193,0.549625,0.000000,0,0.000000,7.665175,0.190174,0.000000,0,0.000000,5.685447,0.404970,0.000000,0,0.000000,84.267051,3.671514,0.000000,0,0.000000,15.732949,3.671514,0.000000,0,0.000000,1.678234,0.260947,0.000000,0,0.000000,0.034863,0.080000,0.000000,0,0.000000,0.264129,0.155672,0.000000,0,0.000000,0.054688,0.120000,0.000000,0,0.000000,2.109426,0.602385,0.000000
10696678043,INWARD_QUIET,0.000000,0.000000,0.000000,0.700000,1,,NO_MATCH: QUALITY_CEILING 0.00 < 0.70,1,81.521739,72.822396,4.198466,2.072029,0,0.000000,3.692883,0.220457,0.000000,0,0.000000,8.474990,0.329417,0.000000,0,0.000000,7.835193,0.549625,0.000000,0,0.000000,7.665175,0.190174,0.000000,0,0.000000,5.685447,0.404970,0.000000,0,0.000000,84.267051,3.671514,0.000000,0,0.000000,15.732949,3.671514,0.000000,0,0.000000,1.678234,0.260947,0.000000,0,0.000000,0.034863,0.080000,0.000000,0,0.000000,0.264129,0.155672,0.000000,0,0.000000,0.054688,0.120000,0.000000,0,0.000000,2.109426,0.602385,0.000000
10716694043,RESONANCE_0P1,0.000000,0.000000,0.000000,0.700000,1,,NO_MATCH: QUALITY_CEILING 0.00 < 0.70,1,80.645053,72.822396,4.198466,1.863218,0,0.000000,3.692883,0.220457,0.000000,0,0.000000,8.474990,0.329417,0.000000,0,0.000000,7.835193,0.549625,0.000000,0,0.000000,7.665175,0.190174,0.000000,0,0.000000,5.685447,0.404970,0.000000,0,0.000000,84.267051,3.671514,0.000000,0,0.000000,15.732949,3.671514,0.000000,0,0.000000,1.678234,0.260947,0.000000,0,0.000000,0.034863,0.080000,0.000000,0,0.000000,0.264129,0.155672,0.000000,0,0.000000,0.054688,0.120000,0.000000,0,0.000000,2.109426,0.602385,0.000000
10716694043,PHASED_VIPASSANA,0.000000,0.000000,0.000000,0.700000,1,,NO_MATCH: QUALITY_CEILING 0.00 < 0.70,1,80.645053,72.822396,4.198466,1.863218,0,0.000000,3.692883,0.220457,0.000000,0,0.000000,8.474990,0.329417,0.000000,0,0.000000,7.835193,0.549625,0.000000,0,0.000000,7.665175,0.190174,0.000000,0,0.000000,5.685447,0.404970,0.000000,0,0.000000,84.267051,3.671514,0.000000,0,0.000000,15.732949,3.671514,0.000000,0,0.000000,1.678234,0.260947,0.000000,0,0.000000,0.034863,0.080000,0.000000,0,0.000000,0.264129,0.155672,0.000000,0,0.000000,0.054688,0.120000,0.000000,0,0.000000,2.109426,0.602385,0.000000
10716694043,AROUSAL_MEDITATION,0.000000,0.000000,0.000000,0.700000,1,,NO_MATCH: QUALITY_CEILING 0.00 < 0.70,1,80.645053,72.822396,4.198466,1.863218,0,0.000000,3.692883,0.220457,0.000000,0,0.000000,8.474990,0.329417,0.000000,0,0.000000,7.835193,0.549625,0.000000,0,0.000000,7.665175,0.190174,0.000000,0,0.000000,5.685447,0.404970,0.000000,0,0.000000,84.267051,3.671514,0.000000,0,0.000000,15.732949,3.671514,0.000000,0,0.000000,1.678234,0.260947,0.000000,0,0.000000,0.034863,0.080000,0.000000,0,0.000000,0.264129,0.155672,0.000000,0,0.000000,0.054688,0.120000,0.000000,0,0.000000,2.109426,0.602385,0.000000
10716694043,TRAINED_VIPASSANA_SHIFT,0.000000,0.000000,0.000000,0.700000,1,,NO_MATCH: QUALITY_CEILING 0.00 < 0.70,1,80.645053,72.822396,4.198466,1.863218,0,0.000000,3.692883,0.220457,0.000000,0,0.000000,8.474990,0.329417,0.000000,0,0.000000,7.835193,0.549625,0.000000,0,0.000000,7.665175,0.190174,0.000000,0,0.000000,5.685447,0.404970,0.000000,0,0.000000,84.267051,3.671514,0.000000,0,0.000000,15.732949,3.671514,0.000000,0,0.000000,1.678234,0.260947,0.000000,0,0.000000,0.034863,0.080000,0.000000,0,0.000000,0.264129,0.155672,0.000000,0,0.000000,0.054688,0.120000,0.000000,0,0.000000,2.109426,0.602385,0.000000
10716694043,SLOW_RECOVERY_VLF,0.000000,0.000000,0.000000,0.700000,1,,NO_MATCH: QUALITY_CEILING 0.00 < 0.70,1,80.645053,72.822396,4.198466,1.863218,0,0.000000,3.692883,0.220457,0.000000,0,0.000000,8.474990,0.329417,0.000000,0,0.000000,7.835193,0.549625,0.000000,0,0.000000,7.665175,0.190174,0.000000,0,0.000000,5.685447,0.404970,0.000000,0,0.000000,84.267051,3.671514,0.000000,0,0.000000,15.732949,3.671514,0.000000,0,0.000000,1.678234,0.260947,0.000000,0,0.000000,0.034863,0.080000,0.000000,0,0.000000,0.264129,0.155672,0.000000,0,0.000000,0.054688,0.120000,0.000000,0,0.000000,2.109426,0.602385,0.000000
10716694043,INWARD_QUIET,0.000000,0.000000,0.000000,0.700000,1,,NO_MATCH: QUALITY_CEILING 0.00 < 0.70,1,80.645053,72.822396,4.198466,1.863218,0,0.000000,3.692883,0.220457,0.000000,0,0.000000,8.474990,0.329417,0.000000,0,0.000000,7.835193,0.549625,0.000000,0,0.000000,7.665175,0.190174,0.000000,0,0.000000,5.685447,0.404970,0.000000,0,0.000000,84.267051,3.671514,0.000000,0,0.000000,15.732949,3.671514,0.000000,0,0.000000,1.678234,0.260947,0.000000,0,0.000000,0.034863,0.080000,0.000000,0,0.000000,0.264129,0.155672,0.000000,0,0.000000,0.054688,0.120000,0.000000,0,0.000000,2.109426,0.602385,0.000000
10737222043,RESONANCE_0P1,0.000000,0.000000,0.000000,0.700000,1,,NO_MATCH: QUALITY_CEILING 0.00 < 0.70,1,87.208922,72.822396,4.198466,3.426615,1,22.579499,3.692883,0.220457,-2.612037,0,0.000000,8.474990,0.329417,0.000000,0,0.000000,7.835193,0.549625,0.000000,0,0.000000,7.665175,0.190174,0.000000,0,0.000000,5.685447,0.404970,0.000000,0,0.000000,84.267051,3.671514,0.000000,0,0.000000,15.732949,3.671514,0.000000,0,0.000000,1.678234,0.260947,0.000000,0,0.000000,0.034863,0.080000,0.000000,0,0.000000,0.264129,0.155672,0.000000,0,0.000000,0.054688,0.120000,0.000000,0,0.000000,2.109426,0.602385,0.000000
10737222043,PHASED_VIPASSANA,0.000000,0.000000,0.000000,0.700000,1,,NO_MATCH: QUALITY_CEILING 0.00 < 0.70,1,87.208922,72.822396,4.198466,3.426615,1,22.579499,3.692883,0.220457,-2.612037,0,0.000000,8.474990,0.329417,0.000000,0,0.000000,7.835193,0.549625,0.000000,0,0.000000,7.665175,0.190174,0.000000,0,0.000000,5.685447,0.404970,0.000000,0,0.000000,84.267051,3.671514,0.000000,0,0.000000,15.732949,3.671514,0.000000,0,0.000000,1.678234,0.260947,0.000000,0,0.000000,0.034863,0.080000,0.000000,0,0.000000,0.264129,0.155672,0.000000,0,0.000000,0.054688,0.120000,0.000000,0,0.000000,2.109426,0.602385,0.000000
10737222043,AROUSAL_MEDITATION,0.000000,0.000000,0.000000,0.700000,1,,NO_MATCH: QUALITY_CEILING 0.00 < 0.70,1,87.208922,72.822396,4.198466,3.426615,1,22.579499,3.692883,0.220457,-2.612037,0,0.000000,8.474990,0.329417,0.000000,0,0.000000,7.835193,0.549625,0.000000,0,0.000000,7.665175,0.190174,0.000000,0,0.000000,5.685447,0.404970,0.000000,0,0.000000,84.267051,3.671514,0.000000,0,0.000000,15.732949,3.671514,0.000000,0,0.000000,1.678234,0.260947,0.000000,0,0.000000,0.034863,0.080000,0.000000,0,0.000000,0.264129,0.155672,0.000000,0,0.000000,0.054688,0.120000,0.000000,0,0.000000,2.109426,0.602385,0.000000
10737222043,TRAINED_VIPASSANA_SHIFT,0.000000,0.000000,0.000000,0.700000,1,,NO_MATCH: QUALITY_CEILING 0.00 < 0.70,1,87.208922,72.822396,4.198466,3.426615,1,22.579499,3.692883,0.220457,-2.612037,0,0.000000,8.474990,0.329417,0.000000,0,0.000000,7.835193,0.549625,0.000000,0,0.000000,7.665175,0.190174,0.000000,0,0.000000,5.685447,0.404970,0.000000,0,0.000000,84.267051,3.671514,0.000000,0,0.000000,15.732949,3.671514,0.000000,0,0.000000,1.678234,0.260947,0.000000,0,0.000000,0.034863,0.080000,0.000000,0,0.000000,0.264129,0.155672,0.000000,0,0.000000,0.054688,0.120000,0.000000,0,0.000000,2.109426,0.602385,0.000000
10737222043,SLOW_RECOVERY_VLF,0.000000,0.000000,0.000000,0.700000,1,,NO_MATCH: QUALITY_CEILING 0.00 < 0.70,1,87.208922,72.822396,4.198466,3.426615,1,22.579499,3.692883,0.220457,-2.612037,0,0.000000,8.474990,0.329417,0.000000,0,0.000000,7.835193,0.549625,0.000000,0,0.000000,7.665175,0.190174,0.000000,0,0.000000,5.685447,0.404970,0.000000,0,0.000000,84.267051,3.671514,0.000000,0,0.000000,15.732949,3.671514,0.000000,0,0.000000,1.678234,0.260947,0.000000,0,0.000000,0.034863,0.080000,0.000000,0,0.000000,0.264129,0.155672,0.000000,0,0.000000,0.054688,0.120000,0.000000,0,0.000000,2.109426,0.602385,0.000000
10737222043,INWARD_QUIET,0.000000,0.000000,0.000000,0.700000,1,,NO_MATCH: QUALITY_CEILING 0.00 < 0.70,1,87.208922,72.822396,4.198466,3.426615,1,22.579499,3.692883,0.220457,-2.612037,0,0.000000,8.474990,0.329417,0.000000,0,0.000000,7.835193,0.549625,0.000000,0,0.000000,7.665175,0.190174,0.000000,0,0.000000,5.685447,0.404970,0.000000,0,0.000000,84.267051,3.671514,0.000000,0,0.000000,15.732949,3.671514,0.000000,0,0.000000,1.678234,0.260947,0.000000,0,0.000000,0.034863,0.080000,0.000000,0,0.000000,0.264129,0.155672,0.000000,0,0.000000,0.054688,0.120000,0.000000,0,0.000000,2.109426,0.602385,0.000000
10757838046,RESONANCE_0P1,0.000000,0.000000,0.000000,0.700000,1,,NO_MATCH: QUALITY_CEILING 0.00 < 0.70,1,72.115385,72.822396,4.198466,-0.168398,0,0.000000,3.692883,0.220457,0.000000,0,0.000000,8.474990,0.329417,0.000000,0,0.000000,7.835193,0.549625,0.000000,0,0.000000,7.665175,0.190174,0.000000,0,0.000000,5.685447,0.404970,0.000000,0,0.000000,84.267051,3.671514,0.000000,0,0.000000,15.732949,3.671514,0.000000,0,0.000000,1.678234,0.260947,0.000000,0,0.000000,0.034863,0.080000,0.000000,0,0.000000,0.264129,0.155672,0.000000,0,0.000000,0.054688,0.120000,0.000000,0,0.000000,2.109426,0.602385,0.000000
10757838046,PHASED_VIPASSANA,0.000000,0.000000,0.000000,0.700000,1,,NO_MATCH: QUALITY_CEILING 0.00 < 0.70,1,72.115385,72.822396,4.198466,-0.168398,0,0.000000,3.692883,0.220457,0.000000,0,0.000000,8.474990,0.329417,0.000000,0,0.000000,7.835193,0.549625,0.000000,0,0.000000,7.665175,0.190174,0.000000,0,0.000000,5.685447,0.404970,0.000000,0,0.000000,84.267051,3.671514,0.000000,0,0.000000,15.732949,3.671514,0.000000,0,0.000000,1.678234,0.260947,0.000000,0,0.000000,0.034863,0.080000,0.000000,0,0.000000,0.264129,0.155672,0.000000,0,0.000000,0.054688,0.120000,0.000000,0,0.000000,2.109426,0.602385,0.000000
10757838046,AROUSAL_MEDITATION,0.000000,0.000000,0.000000,0.700000,1,,NO_MATCH: QUALITY_CEILING 0.00 < 0.70,1,72.115385,72.822396,4.198466,-0.168398,0,0.000000,3.692883,0.220457,0.000000,0,0.000000,8.474990,0.329417,0.000000,0,0.000000,7.835193,0.549625,0.000000,0,0.000000,7.665175,0.190174,0.000000,0,0.000000,5.685447,0.404970,0.000000,0,0.000000,84.267051,3.671514,0.000000,0,0.000000,15.732949,3.671514,0.000000,0,0.000000,1.678234,0.260947,0.000000,0,0.000000,0.034863,0.080000,0.000000,0,0.000000,0.264129,0.155672,0.000000,0,0.000000,0.054688,0.120000,0.000000,0,0.000000,2.109426,0.602385,0.000000
10757838046,TRAINED_VIPASSANA_SHIFT,0.000000,0.000000,0.000000,0.700000,1,,NO_MATCH: QUALITY_CEILING 0.00 < 0.70,1,72.115385,72.822396,4.198466,-0.168398,0,0.000000,3.692883,0.220457,0.000000,0,0.000000,8.474990,0.329417,0.000000,0,0.000000,7.835193,0.549625,0.000000,0,0.000000,7.665175,0.190174,0.000000,0,0.000000,5.685447,0.404970,0.000000,0,0.000000,84.267051,3.671514,0.000000,0,0.000000,15.732949,3.671514,0.000000,0,0.000000,1.678234,0.260947,0.000000,0,0.000000,0.034863,0.080000,0.000000,0,0.000000,0.264129,0.155672,0.000000,0,0.000000,0.054688,0.120000,0.000000,0,0.000000,2.109426,0.602385,0.000000
10757838046,SLOW_RECOVERY_VLF,0.000000,0.000000,0.000000,0.700000,1,,NO_MATCH: QUALITY_CEILING 0.00 < 0.70,1,72.115385,72.822396,4.198466,-0.168398,0,0.000000,3.692883,0.220457,0.000000,0,0.000000,8.474990,0.329417,0.000000,0,0.000000,7.835193,0.549625,0.000000,0,0.000000,7.665175,0.190174,0.000000,0,0.000000,5.685447,0.404970,0.000000,0,0.000000,84.267051,3.671514,0.000000,0,0.000000,15.732949,3.671514,0.000000,0,0.000000,1.678234,0.260947,0.000000,0,0.000000,0.034863,0.080000,0.000000,0,0.000000,0.264129,0.155672,0.000000,0,0.000000,0.054688,0.120000,0.000000,0,0.000000,2.109426,0.602385,0.000000
10757838046,INWARD_QUIET,0.000000,0.000000,0.000000,0.700000,1,,NO_MATCH: QUALITY_CEILING 0.00 < 0.70,1,72.115385,72.822396,4.198466,-0.168398,0,0.000000,3.692883,0.220457,0.000000,0,0.000000,8.474990,0.329417,0.000000,0,0.000000,7.835193,0.549625,0.000000,0,0.000000,7.665175,0.190174,0.000000,0,0.000000,5.685447,0.404970,0.000000,0,0.000000,84.267051,3.671514,0.000000,0,0.000000,15.732949,3.671514,0.000000,0,0.000000,1.678234,0.260947,0.000000,0,0.000000,0.034863,0.080000,0.000000,0,0.000000,0.264129,0.155672,0.000000,0,0.000000,0.054688,0.120000,0.000000,0,0.000000,2.109426,0.602385,0.000000
10778086047,RESONANCE_0P1,0.000000,0.000000,0.000000,0.700000,1,,NO_MATCH: QUALITY_CEILING 0.00 < 0.70,1,74.999625,72.822396,4.198466,0.518577,0,0.000000,3.692883,0.220457,0.000000,0,0.000000,8.474990,0.329417,0.000000,0,0.000000,7.835193,0.549625,0.000000,0,0.000000,7.665175,0.190174,0.000000,0,0.000000,5.685447,0.404970,0.000000,0,0.000000,84.267051,3.671514,0.000000,0,0.000000,15.732949,3.671514,0.000000,0,0.000000,1.678234,0.260947,0.000000,0,0.000000,0.034863,0.080000,0.000000,0,0.000000,0.264129,0.155672,0.000000,0,0.000000,0.054688,0.120000,0.000000,0,0.000000,2.109426,0.602385,0.000000
10778086047,PHASED_VIPASSANA,0.000000,0.000000,0.000000,0.700000,1,,NO_MATCH: QUALITY_CEILING 0.00 < 0.70,1,74.999625,72.822396,4.198466,0.518577,0,0.000000,3.692883,0.220457,0.000000,0,0.000000,8.474990,0.329417,0.000000,0,0.000000,7.835193,0.549625,0.000000,0,0.000000,7.665175,0.190174,0.000000,0,0.000000,5.685447,0.404970,0.000000,0,0.000000,84.267051,3.671514,0.000000,0,0.000000,15.732949,3.671514,0.000000,0,0.000000,1.678234,0.260947,0.000000,0,0.000000,0.034863,0.080000,0.000000,0,0.000000,0.264129,0.155672,0.000000,0,0.000000,0.054688,0.120000,0.000000,0,0.000000,2.109426,0.602385,0.000000
10778086047,AROUSAL_MEDITATION,0.000000,0.000000,0.000000,0.700000,1,,NO_MATCH: QUALITY_CEILING 0.00 < 0.70,1,74.999625,72.822396,4.198466,0.518577,0,0.000000,3.692883,0.220457,0.000000,0,0.000000,8.474990,0.329417,0.000000,0,0.000000,7.835193,0.549625,0.000000,0,0.000000,7.665175,0.190174,0.000000,0,0.000000,5.685447,0.404970,0.000000,0,0.000000,84.267051,3.671514,0.000000,0,0.000000,15.732949,3.671514,0.000000,0,0.000000,1.678234,0.260947,0.000000,0,0.000000,0.034863,0.080000,0.000000,0,0.000000,0.264129,0.155672,0.000000,0,0.000000,0.054688,0.120000,0.000000,0,0.000000,2.109426,0.602385,0.000000
10778086047,TRAINED_VIPASSANA_SHIFT,0.000000,0.000000,0.000000,0.700000,1,,NO_MATCH: QUALITY_CEILING 0.00 < 0.70,1,74.999625,72.822396,4.198466,0.518577,0,0.000000,3.692883,0.220457,0.000000,0,0.000000,8.474990,0.329417,0.000000,0,0.000000,7.835193,0.549625,0.000000,0,0.000000,7.665175,0.190174,0.000000,0,0.000000,5.685447,0.404970,0.000000,0,0.000000,84.267051,3.671514,0.000000,0,0.000000,15.732949,3.671514,0.000000,0,0.000000,1.678234,0.260947,0.000000,0,0.000000,0.034863,0.080000,0.000000,0,0.000000,0.264129,0.155672,0.000000,0,0.000000,0.054688,0.120000,0.000000,0,0.000000,2.109426,0.602385,0.000000
10778086047,SLOW_RECOVERY_VLF,0.000000,0.000000,0.000000,0.700000,1,,NO_MATCH: QUALITY_CEILING 0.00 < 0.70,1,74.999625,72.822396,4.198466,0.518577,0,0.000000,3.692883,0.220457,0.000000,0,0.000000,8.474990,0.329417,0.000000,0,0.000000,7.835193,0.549625,0.000000,0,0.000000,7.665175,0.190174,0.000000,0,0.000000,5.685447,0.404970,0.000000,0,0.000000,84.267051,3.671514,0.000000,0,0.000000,15.732949,3.671514,0.000000,0,0.000000,1.678234,0.260947,0.000000,0,0.000000,0.034863,0.080000,0.000000,0,0.000000,0.264129,0.155672,0.000000,0,0.000000,0.054688,0.120000,0.000000,0,0.000000,2.109426,0.602385,0.000000
10778086047,INWARD_QUIET,0.000000,0.000000,0.000000,0.700000,1,,NO_MATCH: QUALITY_CEILING 0.00 < 0.70,1,74.999625,72.822396,4.198466,0.518577,0,0.000000,3.692883,0.220457,0.000000,0,0.000000,8.474990,0.329417,0.000000,0,0.000000,7.835193,0.549625,0.000000,0,0.000000,7.665175,0.190174,0.000000,0,0.000000,5.685447,0.404970,0.000000,0,0.000000,84.267051,3.671514,0.000000,0,0.000000,15.732949,3.671514,0.000000,0,0.000000,1.678234,0.260947,0.000000,0,0.000000,0.034863,0.080000,0.000000,0,0.000000,0.264129,0.155672,0.000000,0,0.000000,0.054688,0.120000,0.000000,0,0.000000,2.109426,0.602385,0.000000
10798430044,RESONANCE_0P1,0.000000,0.000000,0.000000,0.700000,1,,NO_MATCH: QUALITY_CEILING 0.00 < 0.70,1,89.285714,72.822396,4.198466,3.921270,0,0.000000,3.692883,0.220457,0.000000,0,0.000000,8.474990,0.329417,0.000000,0,0.000000,7.835193,0.549625,0.000000,0,0.000000,7.665175,0.190174,0.000000,0,0.000000,5.685447,0.404970,0.000000,0,0.000000,84.267051,3.671514,0.000000,0,0.000000,15.732949,3.671514,0.000000,0,0.000000,1.678234,0.260947,0.000000,0,0.000000,0.034863,0.080000,0.000000,0,0.000000,0.264129,0.155672,0.000000,0,0.000000,0.054688,0.120000,0.000000,0,0.000000,2.109426,0.602385,0.000000
10798430044,PHASED_VIPASSANA,0.000000,0.000000,0.000000,0.700000,1,,NO_MATCH: QUALITY_CEILING 0.00 < 0.70,1,89.285714,72.822396,4.198466,3.921270,0,0.000000,3.692883,0.220457,0.000000,0,0.000000,8.474990,0.329417,0.000000,0,0.000000,7.835193,0.549625,0.000000,0,0.000000,7.665175,0.190174,0.000000,0,0.000000,5.685447,0.404970,0.000000,0,0.000000,84.267051,3.671514,0.000000,0,0.000000,15.732949,3.671514,0.000000,0,0.000000,1.678234,0.260947,0.000000,0,0.000000,0.034863,0.080000,0.000000,0,0.000000,0.264129,0.155672,0.000000,0,0.000000,0.054688,0.120000,0.000000,0,0.000000,2.109426,0.602385,0.000000
10798430044,AROUSAL_MEDITATION,0.000000,0.000000,0.000000,0.700000,1,,NO_MATCH: QUALITY_CEILING 0.00 < 0.70,1,89.285714,72.822396,4.198466,3.921270,0,0.000000,3.692883,0.220457,0.000000,0,0.000000,8.474990,0.329417,0.000000,0,0.000000,7.835193,0.549625,0.000000,0,0.000000,7.665175,0.190174,0.000000,0,0.000000,5.685447,0.404970,0.000000,0,0.000000,84.267051,3.671514,0.000000,0,0.000000,15.732949,3.671514,0.000000,0,0.000000,1.678234,0.260947,0.000000,0,0.000000,0.034863,0.080000,0.000000,0,0.000000,0.264129,0.155672,0.000000,0,0.000000,0.054688,0.120000,0.000000,0,0.000000,2.109426,0.602385,0.000000
10798430044,TRAINED_VIPASSANA_SHIFT,0.000000,0.000000,0.000000,0.700000,1,,NO_MATCH: QUALITY_CEILING 0.00 < 0.70,1,89.285714,72.822396,4.198466,3.921270,0,0.000000,3.692883,0.220457,0.000000,0,0.000000,8.474990,0.329417,0.000000,0,0.000000,7.835193,0.549625,0.000000,0,0.000000,7.665175,0.190174,0.000000,0,0.000000,5.685447,0.404970,0.000000,0,0.000000,84.267051,3.671514,0.000000,0,0.000000,15.732949,3.671514,0.000000,0,0.000000,1.678234,0.260947,0.000000,0,0.000000,0.034863,0.080000,0.000000,0,0.000000,0.264129,0.155672,0.000000,0,0.000000,0.054688,0.120000,0.000000,0,0.000000,2.109426,0.602385,0.000000
10798430044,SLOW_RECOVERY_VLF,0.000000,0.000000,0.000000,0.700000,1,,NO_MATCH: QUALITY_CEILING 0.00 < 0.70,1,89.285714,72.822396,4.198466,3.921270,0,0.000000,3.692883,0.220457,0.000000,0,0.000000,8.474990,0.329417,0.000000,0,0.000000,7.835193,0.549625,0.000000,0,0.000000,7.665175,0.190174,0.000000,0,0.000000,5.685447,0.404970,0.000000,0,0.000000,84.267051,3.671514,0.000000,0,0.000000,15.732949,3.671514,0.000000,0,0.000000,1.678234,0.260947,0.000000,0,0.000000,0.034863,0.080000,0.000000,0,0.000000,0.264129,0.155672,0.000000,0,0.000000,0.054688,0.120000,0.000000,0,0.000000,2.109426,0.602385,0.000000
10798430044,INWARD_QUIET,0.000000,0.000000,0.000000,0.700000,1,,NO_MATCH: QUALITY_CEILING 0.00 < 0.70,1,89.285714,72.822396,4.198466,3.921270,0,0.000000,3.692883,0.220457,0.000000,0,0.000000,8.474990,0.329417,0.000000,0,0.000000,7.835193,0.549625,0.000000,0,0.000000,7.665175,0.190174,0.000000,0,0.000000,5.685447,0.404970,0.000000,0,0.000000,84.267051,3.671514,0.000000,0,0.000000,15.732949,3.671514,0.000000,0,0.000000,1.678234,0.260947,0.000000,0,0.000000,0.034863,0.080000,0.000000,0,0.000000,0.264129,0.155672,0.000000,0,0.000000,0.054688,0.120000,0.000000,0,0.000000,2.109426,0.602385,0.000000
