host_read_start_ns,host_read_end_ns,read_duration_ms,bytes_read,decoded_message_count,sample_count,first_sample_seq,last_sample_seq,first_sample_t_us,last_sample_t_us,serial_in_waiting,protocol_ok_frames,crc_errors,format_errors,resync_count,sample_seq_gaps
81644203000000,81644734000000,531.0,4096,67,66,1077242,1077307,8618478045,8618998043,32,67,0,1,1,0
81644734000000,81645265000000,531.0,4096,67,67,1077308,1077374,8619006043,8619534043,52,134,0,1,1,0
81645281000000,81645812000000,531.0,4096,68,67,1077375,1077441,8619542043,8620070043,33,202,0,1,1,0
81645812000000,81646343000000,531.0,4096,68,67,1077442,1077508,8620078046,8620606043,88,270,0,1,1,0
81646359000000,81646875000000,516.0,4096,68,67,1077509,1077575,8620614045,8621142043,47,338,0,1,1,0
81646890000000,81647406000000,516.0,4096,68,67,1077576,1077642,8621150046,8621678043,44,406,0,1,1,0
81647421000000,81647937000000,516.0,4096,68,66,1077643,1077708,8621686047,8622206043,41,474,0,1,1,0
81647953000000,81648484000000,531.0,4096,69,68,1077709,1077776,8622214043,8622750043,115,543,0,1,1,0
81648500000000,81649031000000,531.0,4096,67,67,1077777,1077843,8622758043,8623286043,48,610,0,1,1,0
81649031000000,81649562000000,531.0,4096,69,68,1077844,1077911,8623294043,8623830043,139,679,0,1,1,0
81649578000000,81650093000000,515.0,4096,68,67,1077912,1077978,8623838043,8624366046,28,747,0,1,1,0
81650109000000,81650640000000,531.0,4096,68,67,1077979,1078045,8624374045,8624902047,43,815,0,1,1,0
81650640000000,81651171000000,531.0,4096,68,67,1078046,1078112,8624910043,8625438043,59,883,0,1,1,0
81651187000000,81651718000000,531.0,4096,68,68,1078113,1078180,8625446043,8625982043,298,951,0,1,1,0
81651750000000,81652250000000,500.0,4096,68,66,1078181,1078246,8625990043,8626510043,168,1019,0,1,1,0
81652265000000,81652781000000,516.0,4096,68,67,1078247,1078313,8626518045,8627046043,149,1087,0,1,1,0
81652796000000,81653328000000,532.0,4096,67,67,1078314,1078380,8627054043,8627582043,81,1154,0,1,1,0
81653328000000,81653859000000,531.0,4096,68,67,1078381,1078447,8627590043,8628118047,117,1222,0,1,1,0
81653875000000,81654390000000,515.0,4096,68,67,1078448,1078514,8628126044,8628654043,229,1290,0,1,1,0
81654421000000,81654921000000,500.0,4096,67,67,1078515,1078581,8628662047,8629190044,103,1357,0,1,1,0
81654937000000,81655468000000,531.0,4096,68,67,1078582,1078648,8629198043,8629726044,236,1425,0,1,1,0
81655500000000,81656000000000,500.0,4096,68,67,1078649,1078715,8629734043,8630262046,167,1493,0,1,1,0
81656015000000,81656531000000,516.0,4096,68,67,1078716,1078782,8630270046,8630798043,91,1561,0,1,1,0
81656546000000,81657062000000,516.0,4096,69,67,1078783,1078849,8630806043,8631334043,190,1630,0,1,1,0
81657093000000,81657609000000,516.0,4096,68,68,1078850,1078917,8631342043,8631878043,159,1698,0,1,1,0
81657640000000,81658156000000,516.0,4096,68,67,1078918,1078984,8631886046,8632414046,175,1766,0,1,1,0
81658171000000,81658687000000,516.0,4096,68,67,1078985,1079051,8632422043,8632950043,128,1834,0,1,1,0
81658703000000,81659234000000,531.0,4096,69,68,1079052,1079119,8632958043,8633494046,160,1903,0,1,1,0
81659250000000,81659765000000,515.0,4096,67,67,1079120,1079186,8633502043,8634030043,92,1970,0,1,1,0
81659781000000,81660312000000,531.0,4096,69,68,1079187,1079254,8634038046,8634574043,131,2039,0,1,1,0
81660328000000,81660843000000,515.0,4096,68,67,1079255,1079321,8634582043,8635110043,290,2107,0,1,1,0
81660890000000,81661390000000,500.0,4096,68,68,1079322,1079389,8635118043,8635654043,134,2175,0,1,1,0
81661406000000,81661921000000,515.0,4096,69,67,1079390,1079456,8635662043,8636190043,145,2244,0,1,1,0
81661937000000,81662468000000,531.0,4096,68,68,1079457,1079524,8636198047,8636734044,178,2312,0,1,1,0
81662484000000,81663000000000,516.0,4096,67,66,1079525,1079590,8636742047,8637262046,103,2379,0,1,1,0
81663015000000,81663531000000,516.0,4096,68,68,1079591,1079658,8637270043,8637806047,226,2447,0,1,1,0
81663562000000,81664078000000,516.0,4096,68,67,1079659,1079725,8637814043,8638342043,145,2515,0,1,1,0
81664093000000,81664609000000,516.0,4096,68,67,1079726,1079792,8638350046,8638878043,159,2583,0,1,1,0
81664640000000,81665156000000,516.0,4096,68,67,1079793,1079859,8638886047,8639414047,178,2651,0,1,1,0
81665171000000,81665687000000,516.0,4096,68,68,1079860,1079927,8639422043,8639958043,174,2719,0,1,1,0
81665718000000,81666234000000,516.0,4096,68,67,1079928,1079994,8639966046,8640494043,164,2787,0,1,1,0
81666250000000,81666765000000,515.0,4096,68,67,1079995,1080061,8640502047,8641030043,215,2855,0,1,1,0
81666796000000,81667296000000,500.0,4096,68,67,1080062,1080128,8641038043,8641566043,158,2923,0,1,1,0
81667328000000,81667828000000,500.0,4096,68,66,1080129,1080194,8641574043,8642094043,155,2991,0,1,1,0
81667859000000,81668375000000,516.0,4096,68,67,1080195,1080261,8642102047,8642630043,228,3059,0,1,1,0
81668406000000,81668906000000,500.0,4096,68,67,1080262,1080328,8642638043,8643166043,131,3127,0,1,1,0
81668921000000,81669437000000,516.0,4096,68,67,1080329,1080395,8643174043,8643702043,268,3195,0,1,1,0
81669468000000,81669984000000,516.0,4096,67,67,1080396,1080462,8643710047,8644238047,158,3262,0,1,1,0
81670000000000,81670515000000,515.0,4096,68,67,1080463,1080529,8644246043,8644774043,123,3330,0,1,1,0
81670531000000,81671046000000,515.0,4096,68,68,1080530,1080597,8644782043,8645318047,151,3398,0,1,1,0
81671078000000,81671593000000,515.0,4096,68,67,1080598,1080664,8645326043,8645854043,147,3466,0,1,1,0
81671609000000,81672125000000,516.0,4096,68,67,1080665,1080731,8645862043,8646390043,128,3534,0,1,1,0
81672140000000,81672671000000,531.0,4096,68,67,1080732,1080798,8646398043,8646926043,176,3602,0,1,1,0
81672687000000,81673203000000,516.0,4096,68,67,1080799,1080865,8646934043,8647462043,164,3670,0,1,1,0
81673218000000,81673734000000,516.0,4096,67,67,1080866,1080932,8647470043,8647998046,271,3737,0,1,1,0
81673781000000,81674281000000,500.0,4096,69,68,1080933,1081000,8648006043,8648542044,336,3806,0,1,1,0
81674328000000,81674812000000,484.0,4096,68,67,1081001,1081067,8648550043,8649078043,179,3874,0,1,1,0
81674828000000,81675359000000,531.0,4096,67,67,1081068,1081134,8649086043,8649614044,117,3941,0,1,1,0
81675375000000,81675890000000,515.0,4096,67,67,1081135,1081201,8649622043,8650150044,222,4008,0,1,1,0
81675921000000,81676421000000,500.0,4096,68,67,1081202,1081268,8650158043,8650686043,176,4076,0,1,1,0
81676453000000,81676953000000,500.0,4096,68,66,1081269,1081334,8650694043,8651214047,127,4144,0,1,1,0
81676968000000,81677484000000,516.0,4096,68,67,1081335,1081401,8651222043,8651750044,189,4212,0,1,1,0
81677515000000,81678031000000,516.0,4096,68,68,1081402,1081469,8651758043,8652294047,164,4280,0,1,1,0
81678046000000,81678562000000,516.0,4096,68,67,1081470,1081536,8652302046,8652830046,129,4348,0,1,1,0
81678578000000,81679109000000,531.0,4096,68,67,1081537,1081603,8652838047,8653366043,181,4416,0,1,1,0
81679125000000,81679640000000,515.0,4096,68,68,1081604,1081671,8653374043,8653910043,239,4484,0,1,1,0
81679671000000,81680171000000,500.0,4096,67,66,1081672,1081737,8653918043,8654438043,118,4551,0,1,1,0
81680187000000,81680703000000,516.0,4096,68,67,1081738,1081804,8654446043,8654974043,164,4619,0,1,1,0
81680734000000,81681250000000,516.0,4096,68,67,1081805,1081871,8654982043,8655510047,115,4687,0,1,1,0
81681265000000,81681781000000,516.0,4096,67,66,1081872,1081937,8655518043,8656038043,256,4754,0,1,1,0
81681812000000,81682312000000,500.0,4096,68,67,1081938,1082004,8656046047,8656574043,166,4822,0,1,1,0
81682328000000,81682843000000,515.0,4096,68,67,1082005,1082071,8656582043,8657110043,118,4890,0,1,1,0
81682859000000,81683375000000,516.0,4096,68,67,1082072,1082138,8657118043,8657646044,171,4958,0,1,1,0
81683406000000,81683921000000,515.0,4096,67,67,1082139,1082205,8657654043,8658182043,205,5025,0,1,1,0
81683937000000,81684468000000,531.0,4096,69,68,1082206,1082273,8658190043,8658726047,172,5094,0,1,1,0
81684484000000,81685000000000,516.0,4096,68,67,1082274,1082340,8658734045,8659262043,152,5162,0,1,1,0
81685015000000,81685531000000,516.0,4096,68,67,1082341,1082407,8659270043,8659798046,177,5230,0,1,1,0
81685562000000,81686078000000,516.0,4096,68,68,1082408,1082475,8659806043,8660342045,198,5298,0,1,1,0
81686109000000,81686609000000,500.0,4096,68,67,1082476,1082542,8660350045,8660878043,145,5366,0,1,1,0
81686640000000,81687156000000,516.0,4096,69,67,1082543,1082609,8660886043,8661414043,109,5435,0,1,1,0
81687171000000,81687687000000,516.0,4096,68,66,1082610,1082675,8661422043,8661942043,197,5503,0,1,1,0
81687703000000,81688218000000,515.0,4096,68,68,1082676,1082743,8661950043,8662486045,280,5571,0,1,1,0
81688265000000,81688750000000,485.0,4096,68,67,1082744,1082810,8662494045,8663022046,152,5639,0,1,1,0
81688781000000,81689296000000,515.0,4096,67,66,1082811,1082876,8663030045,8663550043,229,5706,0,1,1,0
81689312000000,81689828000000,516.0,4096,68,68,1082877,1082944,8663558043,8664094046,267,5774,0,1,1,0
81689859000000,81690359000000,500.0,4096,67,67,1082945,1083011,8664102043,8664630043,124,5841,0,1,1,0
81690390000000,81690906000000,516.0,4096,68,67,1083012,1083078,8664638043,8665166046,206,5909,0,1,1,0
81690921000000,81691437000000,516.0,4096,67,66,1083079,1083144,8665174043,8665694043,141,5976,0,1,1,0
81691453000000,81691968000000,515.0,4096,68,67,1083145,1083211,8665702043,8666230043,229,6044,0,1,1,0
81692000000000,81692500000000,500.0,4096,68,67,1083212,1083278,8666238043,8666766043,254,6112,0,1,1,0
81692531000000,81693031000000,500.0,4096,68,67,1083279,1083345,8666774047,8667302043,122,6180,0,1,1,0
81693046000000,81693562000000,516.0,4096,67,66,1083346,1083411,8667310043,8667830047,134,6247,0,1,1,0
81693593000000,81694109000000,516.0,4096,67,67,1083412,1083478,8667838047,8668366043,203,6314,0,1,1,0
81694125000000,81694640000000,515.0,4096,68,67,1083479,1083545,8668374043,8668902043,780,6382,0,1,1,0
81694734000000,81695171000000,437.0,4096,68,67,1083546,1083612,8668910047,8669438043,154,6450,0,1,1,0
81695187000000,81695703000000,516.0,4096,67,66,1083613,1083678,8669446043,8669966043,156,6517,0,1,1,0
81695718000000,81696250000000,532.0,4096,68,68,1083679,1083746,8669974043,8670510045,254,6585,0,1,1,0
81696281000000,81696781000000,500.0,4096,68,67,1083747,1083813,8670518046,8671046046,239,6653,0,1,1,0
81696812000000,81697312000000,500.0,4096,68,66,1083814,1083879,8671054043,8671574043,236,6721,0,1,1,0
81697343000000,81697843000000,500.0,4096,68,67,1083880,1083946,8671582044,8672110047,190,6789,0,1,1,0
81697875000000,81698390000000,515.0,4096,68,68,1083947,1084014,8672118047,8672654043,162,6857,0,1,1,0
81698406000000,81698921000000,515.0,4096,68,67,1084015,1084081,8672662043,8673190043,151,6925,0,1,1,0
81698953000000,81699468000000,515.0,4096,68,67,1084082,1084148,8673198045,8673726047,165,6993,0,1,1,0
81699484000000,81700000000000,516.0,4096,67,66,1084149,1084214,8673734047,8674254043,158,7060,0,1,1,0
81700015000000,81700531000000,516.0,4096,68,68,1084215,1084282,8674262043,8674798043,161,7128,0,1,1,0
81700562000000,81701078000000,516.0,4096,68,67,1084283,1084349,8674806043,8675334044,145,7196,0,1,1,0
81701093000000,81701609000000,516.0,4096,68,67,1084350,1084416,8675342045,8675870043,181,7264,0,1,1,0
81701625000000,81702140000000,515.0,4096,68,66,1084417,1084482,8675878044,8676398045,200,7332,0,1,1,0
81702156000000,81702671000000,515.0,4096,68,68,1084483,1084550,8676406045,8676942045,160,7400,0,1,1,0
81702703000000,81703218000000,515.0,4096,68,67,1084551,1084617,8676950043,8677478043,190,7468,0,1,1,0
81703234000000,81703750000000,516.0,4096,68,67,1084618,1084684,8677486043,8678014043,122,7536,0,1,1,0
81703765000000,81704296000000,531.0,4096,68,68,1084685,1084752,8678022046,8678558047,347,7604,0,1,1,0
81704328000000,81704828000000,500.0,4096,68,67,1084753,1084819,8678566046,8679094043,279,7672,0,1,1,0
81704875000000,81705359000000,484.0,4096,68,67,1084820,1084886,8679102047,8679630043,148,7740,0,1,1,0
81705390000000,81705906000000,516.0,4096,68,67,1084887,1084953,8679638043,8680166043,208,7808,0,1,1,0
81705937000000,81706453000000,516.0,4096,68,68,1084954,1085021,8680174043,8680710043,210,7876,0,1,1,0
81706468000000,81706984000000,516.0,4096,68,66,1085022,1085087,8680718046,8681238047,143,7944,0,1,1,0
81707000000000,81707515000000,515.0,4096,69,68,1085088,1085155,8681246043,8681782047,242,8013,0,1,1,0
81707546000000,81708046000000,500.0,4096,68,67,1085156,1085222,8681790043,8682318043,177,8081,0,1,1,0
81708078000000,81708593000000,515.0,4096,68,67,1085223,1085289,8682326043,8682854043,140,8149,0,1,1,0
81708609000000,81709125000000,516.0,4096,68,67,1085290,1085356,8682862045,8683390043,256,8217,0,1,1,0
81709156000000,81709656000000,500.0,4096,68,67,1085357,1085423,8683398043,8683926043,148,8285,0,1,1,0
81709687000000,81710203000000,516.0,4096,69,68,1085424,1085491,8683934043,8684470045,212,8354,0,1,1,0
81710234000000,81710750000000,516.0,4096,68,68,1085492,1085559,8684478044,8685014043,176,8422,0,1,1,0
81710765000000,81711281000000,516.0,4096,68,67,1085560,1085626,8685022043,8685550043,210,8490,0,1,1,0
81711312000000,81711828000000,516.0,4096,68,67,1085627,1085693,8685558043,8686086046,302,8558,0,1,1,0
81711859000000,81712359000000,500.0,4096,68,67,1085694,1085760,8686094043,8686622043,270,8626,0,1,1,0
81712390000000,81712890000000,500.0,4096,68,67,1085761,1085827,8686630043,8687158043,132,8694,0,1,1,0
81712921000000,81713437000000,516.0,4096,68,67,1085828,1085894,8687166043,8687694043,218,8762,0,1,1,0
81713468000000,81713968000000,500.0,4096,68,67,1085895,1085961,8687702043,8688230043,252,8830,0,1,1,0
81714000000000,81714515000000,515.0,4096,69,68,1085962,1086029,8688238043,8688774043,975,8899,0,1,1,0
81714640000000,81715046000000,406.0,4096,67,67,1086030,1086096,8688782043,8689310043,151,8966,0,1,1,0
81715062000000,81715578000000,516.0,4096,68,67,1086097,1086163,8689318043,8689846043,224,9034,0,1,1,0
81715609000000,81716125000000,516.0,4096,68,67,1086164,1086230,8689854043,8690382043,136,9102,0,1,1,0
81716140000000,81716656000000,516.0,4096,68,68,1086231,1086298,8690390043,8690926043,166,9170,0,1,1,0
81716687000000,81717187000000,500.0,4096,68,66,1086299,1086364,8690934043,8691454043,170,9238,0,1,1,0
81717218000000,81717734000000,516.0,4096,68,68,1086365,1086432,8691462043,8691998046,208,9306,0,1,1,0
81717765000000,81718281000000,516.0,4096,68,67,1086433,1086499,8692006043,8692534043,195,9374,0,1,1,0
81718296000000,81718812000000,516.0,4096,68,68,1086500,1086567,8692542043,8693078043,192,9442,0,1,1,0
81718843000000,81719359000000,516.0,4096,68,67,1086568,1086634,8693086045,8693614043,180,9510,0,1,1,0
81719375000000,81719890000000,515.0,4096,68,67,1086635,1086701,8693622043,8694150043,215,9578,0,1,1,0
81719921000000,81720421000000,500.0,4096,69,68,1086702,1086769,8694158047,8694694046,296,9647,0,1,1,0
81720468000000,81720968000000,500.0,4096,67,67,1086770,1086836,8694702045,8695230047,177,9714,0,1,1,0
81720984000000,81721500000000,516.0,4096,68,67,1086837,1086903,8695238045,8695766043,193,9782,0,1,1,0
81721531000000,81722031000000,500.0,4096,69,67,1086904,1086970,8695774043,8696302046,156,9851,0,1,1,0
81722062000000,81722578000000,516.0,4096,68,67,1086971,1087037,8696310047,8696838047,170,9919,0,1,1,0
81722593000000,81723109000000,516.0,4096,67,67,1087038,1087104,8696846043,8697374043,189,9986,0,1,1,0
81723140000000,81723656000000,516.0,4096,68,67,1087105,1087171,8697382043,8697910043,193,10054,0,1,1,0
81723671000000,81724187000000,516.0,4096,68,67,1087172,1087238,8697918043,8698446047,130,10122,0,1,1,0
81724203000000,81724718000000,515.0,4096,69,68,1087239,1087306,8698454043,8698990043,201,10191,0,1,1,0
81724750000000,81725265000000,515.0,4096,67,67,1087307,1087373,8698998043,8699526043,262,10258,0,1,1,0
81725296000000,81725796000000,500.0,4096,68,67,1087374,1087440,8699534043,8700062044,165,10326,0,1,1,0
81725828000000,81726343000000,515.0,4096,68,67,1087441,1087507,8700070047,8700598043,185,10394,0,1,1,0
81726359000000,81726875000000,516.0,4096,68,68,1087508,1087575,8700606043,8701142043,342,10462,0,1,1,0
81726921000000,81727406000000,485.0,4096,68,66,1087576,1087641,8701150043,8701670045,148,10530,0,1,1,0
81727421000000,81727937000000,516.0,4096,68,66,1087642,1087707,8701678047,8702198047,195,10598,0,1,1,0
81727968000000,81728468000000,500.0,4096,68,67,1087708,1087774,8702206045,8702734043,165,10666,0,1,1,0
81728500000000,81729015000000,515.0,4096,68,68,1087775,1087842,8702742043,8703278045,195,10734,0,1,1,0
81729046000000,81729546000000,500.0,4096,68,67,1087843,1087909,8703286047,8703814043,234,10802,0,1,1,0
81729578000000,81730093000000,515.0,4096,68,67,1087910,1087976,8703822047,8704350043,142,10870,0,1,1,0
81730109000000,81730625000000,516.0,4096,68,67,1087977,1088043,8704358043,8704886043,165,10938,0,1,1,0
81730640000000,81731156000000,516.0,4096,67,67,1088044,1088110,8704894043,8705422043,213,11005,0,1,1,0
81731187000000,81731703000000,516.0,4096,69,68,1088111,1088178,8705430045,8705966043,147,11074,0,1,1,0
81731718000000,81732234000000,516.0,4096,68,66,1088179,1088244,8705974045,8706494043,184,11142,0,1,1,0
81732265000000,81732781000000,516.0,4096,69,68,1088245,1088312,8706502043,8707038047,227,11211,0,1,1,0
81732796000000,81733312000000,516.0,4096,67,67,1088313,1088379,8707046047,8707574043,130,11278,0,1,1,0
81733328000000,81733859000000,531.0,4096,69,68,1088380,1088447,8707582043,8708118043,229,11347,0,1,1,0
81733875000000,81734390000000,515.0,4096,68,67,1088448,1088514,8708126043,8708654045,282,11415,0,1,1,0
81734421000000,81734921000000,500.0,4096,68,67,1088515,1088581,8708662045,8709190047,221,11483,0,1,1,0
81734953000000,81735468000000,515.0,4096,68,68,1088582,1088649,8709198045,8709734044,1042,11551,0,1,1,0
81735609000000,81736000000000,391.0,4096,68,67,1088650,1088716,8709742043,8710270043,205,11619,0,1,1,0
81736031000000,81736546000000,515.0,4096,68,67,1088717,1088783,8710278043,8710806046,148,11687,0,1,1,0
81736562000000,81737078000000,516.0,4096,69,67,1088784,1088850,8710814043,8711342046,187,11756,0,1,1,0
81737109000000,81737609000000,500.0,4096,67,67,1088851,1088917,8711350046,8711878043,190,11823,0,1,1,0
81737640000000,81738156000000,516.0,4096,69,68,1088918,1088985,8711886043,8712422043,443,11892,0,1,1,0
81738218000000,81738703000000,485.0,4096,67,67,1088986,1089052,8712430043,8712958043,330,11959,0,1,1,0
81738734000000,81739234000000,500.0,4096,68,67,1089053,1089119,8712966043,8713494043,296,12027,0,1,1,0
81739265000000,81739781000000,516.0,4096,69,68,1089120,1089187,8713502043,8714038043,167,12096,0,1,1,0
81739796000000,81740312000000,516.0,4096,67,66,1089188,1089253,8714046043,8714566043,184,12163,0,1,1,0
81740328000000,81740843000000,515.0,4096,69,68,1089254,1089321,8714574043,8715110043,164,12232,0,1,1,0
81740875000000,81741390000000,515.0,4096,68,68,1089322,1089389,8715118043,8715654043,166,12300,0,1,1,0
81741406000000,81741921000000,515.0,4096,67,66,1089390,1089455,8715662043,8716182043,271,12367,0,1,1,0
81741953000000,81742453000000,500.0,4096,69,67,1089456,1089522,8716190043,8716718043,364,12436,0,1,1,0
81742500000000,81743000000000,500.0,4096,68,68,1089523,1089590,8716726043,8717262046,133,12504,0,1,1,0
81743015000000,81743531000000,516.0,4096,68,67,1089591,1089657,8717270047,8717798045,221,12572,0,1,1,0
81743562000000,81744078000000,516.0,4096,68,67,1089658,1089724,8717806043,8718334043,206,12640,0,1,1,0
81744093000000,81744609000000,516.0,4096,68,68,1089725,1089792,8718342043,8718878043,185,12708,0,1,1,0
81744640000000,81745156000000,516.0,4096,68,67,1089793,1089859,8718886045,8719414043,215,12776,0,1,1,0
81745171000000,81745703000000,532.0,4096,68,68,1089860,1089927,8719422043,8719958043,232,12844,0,1,1,0
81745734000000,81746234000000,500.0,4096,68,67,1089928,1089994,8719966043,8720494046,124,12912,0,1,1,0
81746250000000,81746765000000,515.0,4096,68,67,1089995,1090061,8720502044,8721030045,218,12980,0,1,1,0
81746796000000,81747312000000,516.0,4096,69,67,1090062,1090128,8721038043,8721566043,255,13049,0,1,1,0
81747343000000,81747843000000,500.0,4096,69,68,1090129,1090196,8721574043,8722110046,177,13118,0,1,1,0
81747875000000,81748375000000,500.0,4096,68,67,1090197,1090263,8722118046,8722646046,236,13186,0,1,1,0
81748406000000,81748921000000,515.0,4096,68,67,1090264,1090330,8722654047,8723182043,265,13254,0,1,1,0
81748953000000,81749468000000,515.0,4096,68,68,1090331,1090398,8723190043,8723726043,251,13322,0,1,1,0
81749500000000,81750000000000,500.0,4096,68,67,1090399,1090465,8723734045,8724262046,187,13390,0,1,1,0
81750015000000,81750531000000,516.0,4096,68,67,1090466,1090532,8724270044,8724798046,190,13458,0,1,1,0
81750562000000,81751078000000,516.0,4096,68,68,1090533,1090600,8724806043,8725342043,162,13526,0,1,1,0
81751093000000,81751625000000,532.0,4096,68,68,1090601,1090668,8725350043,8725886043,225,13594,0,1,1,0
81751656000000,81752156000000,500.0,4096,69,67,1090669,1090735,8725894047,8726422043,200,13663,0,1,1,0
81752187000000,81752687000000,500.0,4096,68,67,1090736,1090802,8726430047,8726958043,127,13731,0,1,1,0
81752718000000,81753234000000,516.0,4096,68,67,1090803,1090869,8726966043,8727494044,194,13799,0,1,1,0
81753265000000,81753781000000,516.0,4096,68,68,1090870,1090937,8727502043,8728038043,203,13867,0,1,1,0
81753796000000,81754312000000,516.0,4096,68,67,1090938,1091004,8728046043,8728574047,208,13935,0,1,1,0
81754343000000,81754843000000,500.0,4096,68,67,1091005,1091071,8728582047,8729110044,162,14003,0,1,1,0
81754875000000,81755390000000,515.0,4096,68,68,1091072,1091139,8729118043,8729654044,192,14071,0,1,1,0
81755421000000,81755937000000,516.0,4096,68,68,1091140,1091207,8729662043,8730198043,1110,14139,0,1,1,0
81756078000000,81756468000000,390.0,4096,68,67,1091208,1091274,8730206043,8730734043,344,14207,0,1,1,0
81756515000000,81757000000000,485.0,4096,69,67,1091275,1091341,8730742043,8731270043,232,14276,0,1,1,0
81757031000000,81757546000000,515.0,4096,68,67,1091342,1091408,8731278043,8731806043,127,14344,0,1,1,0
81757562000000,81758078000000,516.0,4096,67,67,1091409,1091475,8731814046,8732342043,183,14411,0,1,1,0
81758109000000,81758625000000,516.0,4096,69,68,1091476,1091543,8732350047,8732886043,286,14480,0,1,1,0
81758656000000,81759156000000,500.0,4096,68,67,1091544,1091610,8732894047,8733422046,122,14548,0,1,1,0
81759171000000,81759703000000,532.0,4096,68,68,1091611,1091678,8733430046,8733966045,266,14616,0,1,1,0
81759734000000,81760250000000,516.0,4096,68,68,1091679,1091746,8733974043,8734510043,193,14684,0,1,1,0
81760265000000,81760781000000,516.0,4096,68,67,1091747,1091813,8734518045,8735046043,217,14752,0,1,1,0
81760812000000,81761312000000,500.0,4096,68,67,1091814,1091880,8735054043,8735582043,222,14820,0,1,1,0
81761343000000,81761859000000,516.0,4096,68,67,1091881,1091947,8735590047,8736118043,226,14888,0,1,1,0
81761890000000,81762390000000,500.0,4096,69,68,1091948,1092015,8736126043,8736662045,260,14957,0,1,1,0
81762437000000,81762937000000,500.0,4096,68,67,1092016,1092082,8736670046,8737198047,194,15025,0,1,1,0
81762953000000,81763468000000,515.0,4096,68,67,1092083,1092149,8737206043,8737734043,251,15093,0,1,1,0
81763500000000,81764015000000,515.0,4096,68,68,1092150,1092217,8737742043,8738278045,183,15161,0,1,1,0
81764046000000,81764546000000,500.0,4096,68,67,1092218,1092284,8738286046,8738814043,223,15229,0,1,1,0
81764578000000,81765093000000,515.0,4096,69,68,1092285,1092352,8738822043,8739358044,208,15298,0,1,1,0
81765125000000,81765625000000,500.0,4096,67,66,1092353,1092418,8739366047,8739886044,182,15365,0,1,1,0
81765656000000,81766171000000,515.0,4096,69,69,1092419,1092487,8739894047,8740438043,274,15434,0,1,1,0
81766203000000,81766703000000,500.0,4096,68,67,1092488,1092554,8740446043,8740974043,202,15502,0,1,1,0
81766734000000,81767234000000,500.0,4096,69,67,1092555,1092621,8740982043,8741510043,183,15571,0,1,1,0
81767265000000,81767781000000,516.0,4096,68,66,1092622,1092687,8741518043,8742038043,197,15639,0,1,1,0
81767796000000,81768312000000,516.0,4096,68,68,1092688,1092755,8742046046,8742582043,127,15707,0,1,1,0
81768343000000,81768859000000,516.0,4096,69,68,1092756,1092823,8742590043,8743126046,181,15776,0,1,1,0
81768890000000,81769390000000,500.0,4096,68,67,1092824,1092890,8743134046,8743662043,205,15844,0,1,1,0
81769421000000,81769937000000,516.0,4096,67,67,1092891,1092957,8743670047,8744198045,128,15911,0,1,1,0
81769953000000,81770484000000,531.0,4096,69,69,1092958,1093026,8744206044,8744750043,263,15980,0,1,1,0
81770515000000,81771015000000,500.0,4096,68,67,1093027,1093093,8744758043,8745286043,169,16048,0,1,1,0
81771046000000,81771562000000,516.0,4096,68,67,1093094,1093160,8745294043,8745822047,134,16116,0,1,1,0
81771578000000,81772093000000,515.0,4096,69,67,1093161,1093227,8745830043,8746358046,166,16185,0,1,1,0
81772109000000,81772640000000,531.0,4096,67,67,1093228,1093294,8746366045,8746894043,187,16252,0,1,1,0
81772656000000,81773171000000,515.0,4096,69,68,1093295,1093362,8746902043,8747438043,136,16321,0,1,1,0
81773187000000,81773718000000,531.0,4096,68,67,1093363,1093429,8747446043,8747974043,197,16389,0,1,1,0
81773734000000,81774250000000,516.0,4096,68,68,1093430,1093497,8747982047,8748518043,155,16457,0,1,1,0
81774281000000,81774796000000,515.0,4096,68,67,1093498,1093564,8748526043,8749054043,170,16525,0,1,1,0
81774812000000,81775328000000,516.0,4096,69,68,1093565,1093632,8749062043,8749598043,224,16594,0,1,1,0
81775359000000,81775875000000,516.0,4096,68,68,1093633,1093700,8749606046,8750142044,175,16662,0,1,1,0
81775906000000,81776406000000,500.0,4096,68,67,1093701,1093767,8750150045,8750678043,170,16730,0,1,1,0
81776437000000,81776953000000,516.0,4096,69,68,1093768,1093835,8750686043,8751222043,1091,16799,0,1,1,0
81777093000000,81777484000000,391.0,4096,67,66,1093836,1093901,8751230043,8751750043,213,16866,0,1,1,0
81777515000000,81778031000000,516.0,4096,69,68,1093902,1093969,8751758043,8752294043,329,16935,0,1,1,0
81778078000000,81778562000000,484.0,4096,68,67,1093970,1094036,8752302043,8752830047,143,17003,0,1,1,0
81778593000000,81779109000000,516.0,4096,68,68,1094037,1094104,8752838045,8753374043,261,17071,0,1,1,0
81779140000000,81779656000000,516.0,4096,68,67,1094105,1094171,8753382043,8753910043,208,17139,0,1,1,0
81779671000000,81780187000000,516.0,4096,68,67,1094172,1094238,8753918043,8754446046,243,17207,0,1,1,0
81780218000000,81780718000000,500.0,4096,68,68,1094239,1094306,8754454047,8754990043,209,17275,0,1,1,0
81780750000000,81781265000000,515.0,4096,68,67,1094307,1094373,8754998043,8755526043,123,17343,0,1,1,0
81781281000000,81781812000000,531.0,4096,69,68,1094374,1094441,8755534043,8756070047,186,17412,0,1,1,0
81781828000000,81782343000000,515.0,4096,68,67,1094442,1094508,8756078046,8756606043,202,17480,0,1,1,0
81782375000000,81782875000000,500.0,4096,68,67,1094509,1094575,8756614043,8757142043,184,17548,0,1,1,0
81782906000000,81783421000000,515.0,4096,69,68,1094576,1094643,8757150043,8757686045,212,17617,0,1,1,0
81783453000000,81783953000000,500.0,4096,68,67,1094644,1094710,8757694047,8758222046,186,17685,0,1,1,0
81783984000000,81784500000000,516.0,4096,68,67,1094711,1094777,8758230043,8758758047,197,17753,0,1,1,0
81784515000000,81785046000000,531.0,4096,69,69,1094778,1094846,8758766045,8759310043,332,17822,0,1,1,0
81785093000000,81785578000000,485.0,4096,67,66,1094847,1094912,8759318045,8759838043,274,17889,0,1,1,0
81785609000000,81786125000000,516.0,4096,69,68,1094913,1094980,8759846043,8760382043,129,17958,0,1,1,0
81786140000000,81786656000000,516.0,4096,68,67,1094981,1095047,8760390045,8760918043,199,18026,0,1,1,0
81786687000000,81787203000000,516.0,4096,69,68,1095048,1095115,8760926043,8761462043,290,18095,0,1,1,0
81787234000000,81787734000000,500.0,4096,68,66,1095116,1095181,8761470044,8761990044,127,18163,0,1,1,0
81787750000000,81788265000000,515.0,4096,69,68,1095182,1095249,8761998044,8762534043,231,18232,0,1,1,0
81788296000000,81788812000000,516.0,4096,68,68,1095250,1095317,8762542043,8763078043,204,18300,0,1,1,0
81788843000000,81789359000000,516.0,4096,68,67,1095318,1095384,8763086044,8763614043,176,18368,0,1,1,0
81789375000000,81789890000000,515.0,4096,68,68,1095385,1095452,8763622045,8764158043,212,18436,0,1,1,0
81789921000000,81790437000000,516.0,4096,68,67,1095453,1095519,8764166043,8764694043,203,18504,0,1,1,0
81790453000000,81790968000000,515.0,4096,69,68,1095520,1095587,8764702047,8765238047,164,18573,0,1,1,0
81791000000000,81791515000000,515.0,4096,68,68,1095588,1095655,8765246045,8765782044,265,18641,0,1,1,0
81791546000000,81792046000000,500.0,4096,68,66,1095656,1095721,8765790043,8766310043,249,18709,0,1,1,0
81792078000000,81792593000000,515.0,4096,69,68,1095722,1095789,8766318043,8766854043,136,18778,0,1,1,0
81792609000000,81793140000000,531.0,4096,68,68,1095790,1095857,8766862043,8767398046,247,18846,0,1,1,0
81793156000000,81793671000000,515.0,4096,68,67,1095858,1095924,8767406046,8767934043,211,18914,0,1,1,0
81793703000000,81794218000000,515.0,4096,69,68,1095925,1095992,8767942045,8768478043,138,18983,0,1,1,0
81794234000000,81794750000000,516.0,4096,68,67,1095993,1096059,8768486043,8769014043,228,19051,0,1,1,0
81794781000000,81795296000000,515.0,4096,68,68,1096060,1096127,8769022046,8769558043,242,19119,0,1,1,0
81795328000000,81795828000000,500.0,4096,68,67,1096128,1096194,8769566044,8770094043,156,19187,0,1,1,0
81795859000000,81796375000000,516.0,4096,69,68,1096195,1096262,8770102046,8770638047,268,19256,0,1,1,0
81796406000000,81796906000000,500.0,4096,68,67,1096263,1096329,8770646043,8771174043,1064,19324,0,1,1,0
81797046000000,81797453000000,407.0,4096,69,68,1096330,1096397,8771182045,8771718043,162,19393,0,1,1,0
81797468000000,81797984000000,516.0,4096,68,67,1096398,1096464,8771726047,8772254044,216,19461,0,1,1,0
81798015000000,81798531000000,516.0,4096,68,67,1096465,1096531,8772262043,8772790043,240,19529,0,1,1,0
81798562000000,81799062000000,500.0,4096,69,68,1096532,1096599,8772798043,8773334043,330,19598,0,1,1,0
81799109000000,81799609000000,500.0,4096,67,67,1096600,1096666,8773342043,8773870043,274,19665,0,1,1,0
81799640000000,81800156000000,516.0,4096,69,68,1096667,1096734,8773878045,8774414046,241,19734,0,1,1,0
81800171000000,81800687000000,516.0,4096,68,67,1096735,1096801,8774422047,8774950043,145,19802,0,1,1,0
81800703000000,81801234000000,531.0,4096,68,68,1096802,1096869,8774958043,8775494043,219,19870,0,1,1,0
81801250000000,81801765000000,515.0,4096,68,67,1096870,1096936,8775502043,8776030043,236,19938,0,1,1,0
81801796000000,81802296000000,500.0,4096,69,67,1096937,1097003,8776038047,8776566043,163,20007,0,1,1,0
81802328000000,81802843000000,515.0,4096,68,67,1097004,1097070,8776574043,8777102043,289,20075,0,1,1,0
81802875000000,81803375000000,500.0,4096,68,67,1097071,1097137,8777110047,8777638043,197,20143,0,1,1,0
81803406000000,81803921000000,515.0,4096,68,68,1097138,1097205,8777646043,8778182043,161,20211,0,1,1,0
81803937000000,81804453000000,516.0,4096,68,67,1097206,1097272,8778190044,8778718044,235,20279,0,1,1,0
81804484000000,81805000000000,516.0,4096,68,67,1097273,1097339,8778726046,8779254043,224,20347,0,1,1,0
81805015000000,81805531000000,516.0,4096,68,68,1097340,1097407,8779262043,8779798043,126,20415,0,1,1,0
81805546000000,81806078000000,532.0,4096,68,67,1097408,1097474,8779806043,8780334043,313,20483,0,1,1,0
81806109000000,81806609000000,500.0,4096,68,67,1097475,1097541,8780342043,8780870043,222,20551,0,1,1,0
81806640000000,81807140000000,500.0,4096,69,67,1097542,1097608,8780878043,8781406047,124,20620,0,1,1,0
81807156000000,81807687000000,531.0,4096,68,67,1097609,1097675,8781414043,8781942043,262,20688,0,1,1,0
81807703000000,81808218000000,515.0,4096,68,67,1097676,1097742,8781950043,8782478043,295,20756,0,1,1,0
81808250000000,81808750000000,500.0,4096,68,67,1097743,1097809,8782486043,8783014043,184,20824,0,1,1,0
81808781000000,81809296000000,515.0,4096,68,68,1097810,1097877,8783022043,8783558043,292,20892,0,1,1,0
81809328000000,81809828000000,500.0,4096,68,67,1097878,1097944,8783566043,8784094043,249,20960,0,1,1,0
81809859000000,81810375000000,516.0,4096,69,68,1097945,1098012,8784102043,8784638044,124,21029,0,1,1,0
81810390000000,81810906000000,516.0,4096,68,67,1098013,1098079,8784646047,8785174043,233,21097,0,1,1,0
81810937000000,81811453000000,516.0,4096,68,67,1098080,1098146,8785182043,8785710043,214,21165,0,1,1,0
81811468000000,81811984000000,516.0,4096,68,67,1098147,1098213,8785718043,8786246043,162,21233,0,1,1,0
81812000000000,81812515000000,515.0,4096,68,67,1098214,1098280,8786254046,8786782045,189,21301,0,1,1,0
81812546000000,81813062000000,516.0,4096,69,68,1098281,1098348,8786790043,8787326043,196,21370,0,1,1,0
81813093000000,81813609000000,516.0,4096,68,68,1098349,1098416,8787334043,8787870043,251,21438,0,1,1,0
81813640000000,81814140000000,500.0,4096,68,67,1098417,1098483,8787878043,8788406043,219,21506,0,1,1,0
81814171000000,81814671000000,500.0,4096,68,67,1098484,1098550,8788414043,8788942043,244,21574,0,1,1,0
81814718000000,81815218000000,500.0,4096,69,68,1098551,1098618,8788950043,8789486047,173,21643,0,1,1,0
81815250000000,81815765000000,515.0,4096,68,68,1098619,1098686,8789494045,8790030043,258,21711,0,1,1,0
81815796000000,81816296000000,500.0,4096,68,67,1098687,1098753,8790038043,8790566044,206,21779,0,1,1,0
81816328000000,81816843000000,515.0,4096,68,67,1098754,1098820,8790574043,8791102047,147,21847,0,1,1,0
81816859000000,81817375000000,516.0,4096,69,67,1098821,1098887,8791110043,8791638043,1296,21916,0,1,1,0
81817546000000,81817906000000,360.0,4096,68,68,1098888,1098955,8791646043,8792182043,181,21984,0,1,1,0
81817937000000,81818453000000,516.0,4096,68,67,1098956,1099022,8792190043,8792718043,185,22052,0,1,1,0
81818484000000,81819000000000,516.0,4096,68,67,1099023,1099089,8792726046,8793254043,194,22120,0,1,1,0
81819015000000,81819531000000,516.0,4096,69,68,1099090,1099157,8793262043,8793798043,211,22189,0,1,1,0
81819562000000,81820078000000,516.0,4096,68,68,1099158,1099225,8793806043,8794342043,294,22257,0,1,1,0
81820109000000,81820609000000,500.0,4096,68,67,1099226,1099292,8794350043,8794878043,239,22325,0,1,1,0
81820640000000,81821171000000,531.0,4096,68,67,1099293,1099359,8794886043,8795414043,407,22393,0,1,1,0
81821203000000,81821703000000,500.0,4096,68,68,1099360,1099427,8795422043,8795958045,237,22461,0,1,1,0
81821734000000,81822234000000,500.0,4096,69,68,1099428,1099495,8795966046,8796502045,263,22530,0,1,1,0
81822265000000,81822765000000,500.0,4096,68,67,1099496,1099562,8796510043,8797038043,176,22598,0,1,1,0
81822796000000,81823312000000,516.0,4096,68,67,1099563,1099629,8797046047,8797574043,208,22666,0,1,1,0
81823343000000,81823843000000,500.0,4096,68,67,1099630,1099696,8797582046,8798110045,289,22734,0,1,1,0
81823890000000,81824390000000,500.0,4096,68,68,1099697,1099764,8798118043,8798654044,186,22802,0,1,1,0
81824421000000,81824937000000,516.0,4096,68,67,1099765,1099831,8798662044,8799190047,187,22870,0,1,1,0
81824953000000,81825468000000,515.0,4096,69,68,1099832,1099899,8799198043,8799734045,267,22939,0,1,1,0
81825500000000,81826000000000,500.0,4096,68,67,1099900,1099966,8799742043,8800270043,160,23007,0,1,1,0
81826031000000,81826546000000,515.0,4096,68,68,1099967,1100034,8800278043,8800814043,263,23075,0,1,1,0
81826593000000,81827078000000,485.0,4096,69,67,1100035,1100101,8800822043,8801350043,190,23144,0,1,1,0
81827109000000,81827609000000,500.0,4096,68,66,1100102,1100167,8801358043,8801878043,170,23212,0,1,1,0
81827640000000,81828156000000,516.0,4096,69,68,1100168,1100235,8801886043,8802422043,289,23281,0,1,1,0
81828203000000,81828703000000,500.0,4096,68,68,1100236,1100303,8802430043,8802966043,206,23349,0,1,1,0
81828734000000,81829234000000,500.0,4096,68,67,1100304,1100370,8802974043,8803502043,208,23417,0,1,1,0
81829265000000,81829781000000,516.0,4096,68,67,1100371,1100437,8803510043,8804038043,265,23485,0,1,1,0
81829812000000,81830312000000,500.0,4096,68,68,1100438,1100505,8804046043,8804582046,261,23553,0,1,1,0
81830343000000,81830859000000,516.0,4096,68,67,1100506,1100572,8804590046,8805118046,184,23621,0,1,1,0
81830875000000,81831390000000,515.0,4096,68,68,1100573,1100640,8805126043,8805662043,220,23689,0,1,1,0
81831421000000,81831937000000,516.0,4096,68,67,1100641,1100707,8805670043,8806198043,225,23757,0,1,1,0
81831953000000,81832468000000,515.0,4096,69,67,1100708,1100774,8806206043,8806734043,164,23826,0,1,1,0
81832500000000,81833015000000,515.0,4096,67,67,1100775,1100841,8806742043,8807270043,250,23893,0,1,1,0
81833046000000,81833546000000,500.0,4096,69,68,1100842,1100909,8807278043,8807814043,233,23962,0,1,1,0
81833578000000,81834078000000,500.0,4096,68,67,1100910,1100976,8807822043,8808350047,150,24030,0,1,1,0
81834109000000,81834625000000,516.0,4096,68,68,1100977,1101044,8808358046,8808894043,301,24098,0,1,1,0
81834671000000,81835171000000,500.0,4096,68,67,1101045,1101111,8808902043,8809430046,274,24166,0,1,1,0
81835203000000,81835718000000,515.0,4096,68,68,1101112,1101179,8809438043,8809974043,160,24234,0,1,1,0
81835734000000,81836250000000,516.0,4096,68,67,1101180,1101246,8809982043,8810510045,223,24302,0,1,1,0
81836281000000,81836796000000,515.0,4096,68,68,1101247,1101314,8810518043,8811054043,288,24370,0,1,1,0
81836828000000,81837328000000,500.0,4096,69,67,1101315,1101381,8811062043,8811590044,161,24439,0,1,1,0
81837343000000,81837859000000,516.0,4096,68,67,1101382,1101448,8811598045,8812126043,1213,24507,0,1,1,0
81838031000000,81838406000000,375.0,4096,68,67,1101449,1101515,8812134043,8812662043,172,24575,0,1,1,0
81838421000000,81838953000000,532.0,4096,68,68,1101516,1101583,8812670043,8813206045,233,24643,0,1,1,0
81838968000000,81839484000000,516.0,4096,68,67,1101584,1101650,8813214046,8813742046,297,24711,0,1,1,0
81839515000000,81840015000000,500.0,4096,69,68,1101651,1101718,8813750047,8814286043,201,24780,0,1,1,0
81840046000000,81840562000000,516.0,4096,67,67,1101719,1101785,8814294043,8814822043,230,24847,0,1,1,0
81840593000000,81841093000000,500.0,4096,69,68,1101786,1101853,8814830043,8815366047,209,24916,0,1,1,0
81841125000000,81841640000000,515.0,4096,67,67,1101854,1101920,8815374043,8815902043,157,24983,0,1,1,0
81841656000000,81842171000000,515.0,4096,69,67,1101921,1101987,8815910043,8816438043,337,25052,0,1,1,0
81842218000000,81842718000000,500.0,4096,68,67,1101988,1102054,8816446043,8816974043,219,25120,0,1,1,0
81842750000000,81843250000000,500.0,4096,68,68,1102055,1102122,8816982047,8817518045,163,25188,0,1,1,0
81843281000000,81843796000000,515.0,4096,68,67,1102123,1102189,8817526044,8818054044,266,25256,0,1,1,0
81843828000000,81844328000000,500.0,4096,68,67,1102190,1102256,8818062043,8818590045,262,25324,0,1,1,0
81844359000000,81844859000000,500.0,4096,68,67,1102257,1102323,8818598044,8819126043,137,25392,0,1,1,0
81844890000000,81845406000000,516.0,4096,68,68,1102324,1102391,8819134047,8819670043,191,25460,0,1,1,0
81845437000000,81845937000000,500.0,4096,68,67,1102392,1102458,8819678043,8820206047,303,25528,0,1,1,0
81845984000000,81846484000000,500.0,4096,68,67,1102459,1102525,8820214043,8820742043,130,25596,0,1,1,0
81846500000000,81847015000000,515.0,4096,69,67,1102526,1102592,8820750047,8821278045,206,25665,0,1,1,0
81847046000000,81847562000000,516.0,4096,68,68,1102593,1102660,8821286043,8821822043,237,25733,0,1,1,0
81847578000000,81848093000000,515.0,4096,69,67,1102661,1102727,8821830043,8822358043,215,25802,0,1,1,0
81848125000000,81848625000000,500.0,4096,68,67,1102728,1102794,8822366043,8822894043,253,25870,0,1,1,0
81848656000000,81849171000000,515.0,4096,67,67,1102795,1102861,8822902043,8823430043,188,25937,0,1,1,0
81849203000000,81849703000000,500.0,4096,69,68,1102862,1102929,8823438044,8823974043,282,26006,0,1,1,0
81849750000000,81850250000000,500.0,4096,68,67,1102930,1102996,8823982044,8824510043,213,26074,0,1,1,0
81850281000000,81850781000000,500.0,4096,68,67,1102997,1103063,8824518046,8825046043,188,26142,0,1,1,0
81850812000000,81851328000000,516.0,4096,68,68,1103064,1103131,8825054043,8825590045,205,26210,0,1,1,0
81851359000000,81851859000000,500.0,4096,68,67,1103132,1103198,8825598047,8826126046,258,26278,0,1,1,0
81851906000000,81852390000000,484.0,4096,69,67,1103199,1103265,8826134043,8826662046,262,26347,0,1,1,0
81852437000000,81852937000000,500.0,4096,68,67,1103266,1103332,8826670045,8827198043,170,26415,0,1,1,0
81852953000000,81853484000000,531.0,4096,68,68,1103333,1103400,8827206045,8827742045,278,26483,0,1,1,0
81853515000000,81854015000000,500.0,4096,68,67,1103401,1103467,8827750044,8828278043,210,26551,0,1,1,0
81854046000000,81854546000000,500.0,4096,68,67,1103468,1103534,8828286046,8828814045,280,26619,0,1,1,0
81854593000000,81855093000000,500.0,4096,68,68,1103535,1103602,8828822047,8829358046,221,26687,0,1,1,0
81855125000000,81855640000000,515.0,4096,68,67,1103603,1103669,8829366044,8829894046,260,26755,0,1,1,0
81855671000000,81856171000000,500.0,4096,68,67,1103670,1103736,8829902045,8830430043,167,26823,0,1,1,0
81856187000000,81856703000000,516.0,4096,68,67,1103737,1103803,8830438043,8830966043,356,26891,0,1,1,0
81856750000000,81857250000000,500.0,4096,69,67,1103804,1103870,8830974043,8831502043,305,26960,0,1,1,0
81857281000000,81857781000000,500.0,4096,68,68,1103871,1103938,8831510043,8832046043,196,27028,0,1,1,0
81857812000000,81858312000000,500.0,4096,68,67,1103939,1104005,8832054043,8832582044,1305,27096,0,1,1,0
81858500000000,81858859000000,359.0,4096,68,67,1104006,1104072,8832590044,8833118043,260,27164,0,1,1,0
81858890000000,81859390000000,500.0,4096,68,68,1104073,1104140,8833126043,8833662043,186,27232,0,1,1,0
81859421000000,81859937000000,516.0,4096,68,67,1104141,1104207,8833670045,8834198043,331,27300,0,1,1,0
81859984000000,81860468000000,484.0,4096,69,68,1104208,1104275,8834206046,8834742043,244,27369,0,1,1,0
81860515000000,81861015000000,500.0,4096,67,67,1104276,1104342,8834750043,8835278043,181,27436,0,1,1,0
81861031000000,81861546000000,515.0,4096,68,67,1104343,1104409,8835286044,8835814044,466,27504,0,1,1,0
81861609000000,81862093000000,484.0,4096,69,68,1104410,1104477,8835822043,8836358043,267,27573,0,1,1,0
81862125000000,81862640000000,515.0,4096,68,67,1104478,1104544,8836366047,8836894043,230,27641,0,1,1,0
81862656000000,81863171000000,515.0,4096,68,67,1104545,1104611,8836902043,8837430046,255,27709,0,1,1,0
81863203000000,81863718000000,515.0,4096,69,69,1104612,1104680,8837438043,8837982047,248,27778,0,1,1,0
81863750000000,81864250000000,500.0,4096,68,67,1104681,1104747,8837990043,8838518043,231,27846,0,1,1,0
81864296000000,81864796000000,500.0,4096,68,67,1104748,1104814,8838526043,8839054045,367,27914,0,1,1,0
81864843000000,81865328000000,485.0,4096,68,67,1104815,1104881,8839062046,8839590043,133,27982,0,1,1,0
81865343000000,81865875000000,532.0,4096,69,69,1104882,1104950,8839598043,8840142043,417,28051,0,1,1,0
81865921000000,81866421000000,500.0,4096,68,67,1104951,1105017,8840150043,8840678046,254,28119,0,1,1,0
81866453000000,81866953000000,500.0,4096,68,66,1105018,1105083,8840686043,8841206043,185,28187,0,1,1,0
81866968000000,81867484000000,516.0,4096,69,68,1105084,1105151,8841214046,8841750043,326,28256,0,1,1,0
81867531000000,81868015000000,484.0,4096,68,67,1105152,1105218,8841758043,8842286047,223,28324,0,1,1,0
81868046000000,81868562000000,516.0,4096,69,68,1105219,1105286,8842294043,8842830047,185,28393,0,1,1,0
81868593000000,81869125000000,532.0,4096,70,69,1105287,1105355,8842838043,8843382046,259,28463,0,1,1,0
81869156000000,81869656000000,500.0,4096,68,67,1105356,1105422,8843390045,8843918045,339,28531,0,1,1,0
81869703000000,81870234000000,531.0,4096,72,72,1105423,1105494,8843926043,8844494043,230,28603,0,1,1,0
81870265000000,81870812000000,547.0,4096,73,73,1105495,1105567,8844502043,8845078045,272,28676,0,1,1,0
81870843000000,81871375000000,532.0,4096,71,71,1105568,1105638,8845086043,8845646044,168,28747,0,1,1,0
81871406000000,81871953000000,547.0,4096,73,72,1105639,1105710,8845654047,8846222047,206,28820,0,1,1,0
81872000000000,81872515000000,515.0,4096,71,70,1105711,1105780,8846230043,8846782047,313,28891,0,1,1,0
81872546000000,81873046000000,500.0,4096,68,67,1105781,1105847,8846790043,8847318043,222,28959,0,1,1,0
81873078000000,81873593000000,515.0,4096,68,67,1105848,1105914,8847326043,8847854046,254,29027,0,1,1,0
81873625000000,81874140000000,515.0,4096,68,68,1105915,1105982,8847862047,8848398043,359,29095,0,1,1,0
81874187000000,81874671000000,484.0,4096,68,67,1105983,1106049,8848406043,8848934043,291,29163,0,1,1,0
81874718000000,81875218000000,500.0,4096,69,68,1106050,1106117,8848942043,8849478043,162,29232,0,1,1,0
81875234000000,81875765000000,531.0,4096,68,68,1106118,1106185,8849486043,8850022043,226,29300,0,1,1,0
81875796000000,81876312000000,516.0,4096,69,68,1106186,1106253,8850030043,8850566043,320,29369,0,1,1,0
81876343000000,81876843000000,500.0,4096,68,67,1106254,1106320,8850574043,8851102044,202,29437,0,1,1,0
81876875000000,81877375000000,500.0,4096,68,67,1106321,1106387,8851110044,8851638046,306,29505,0,1,1,0
81877421000000,81877921000000,500.0,4096,69,68,1106388,1106455,8851646043,8852182043,341,29574,0,1,1,0
81877968000000,81878468000000,500.0,4096,69,68,1106456,1106523,8852190043,8852726043,151,29643,0,1,1,0
81878484000000,81879000000000,516.0,4096,68,68,1106524,1106591,8852734043,8853270045,1353,29711,0,1,1,0
81879187000000,81879546000000,359.0,4096,69,68,1106592,1106659,8853278043,8853814045,307,29780,0,1,1,0
81879593000000,81880093000000,500.0,4096,68,68,1106660,1106727,8853822043,8854358043,230,29848,0,1,1,0
81880125000000,81880625000000,500.0,4096,68,67,1106728,1106794,8854366043,8854894045,160,29916,0,1,1,0
81880656000000,81881171000000,515.0,4096,68,67,1106795,1106861,8854902043,8855430044,237,29984,0,1,1,0
81881203000000,81881703000000,500.0,4096,68,68,1106862,1106929,8855438043,8855974043,249,30052,0,1,1,0
81881750000000,81882250000000,500.0,4096,69,67,1106930,1106996,8855982045,8856510043,160,30121,0,1,1,0
81882265000000,81882781000000,516.0,4096,68,68,1106997,1107064,8856518043,8857054047,273,30189,0,1,1,0
81882812000000,81883328000000,516.0,4096,68,67,1107065,1107131,8857062043,8857590043,370,30257,0,1,1,0
81883375000000,81883859000000,484.0,4096,68,67,1107132,1107198,8857598043,8858126043,157,30325,0,1,1,0
81883890000000,81884406000000,516.0,4096,68,68,1107199,1107266,8858134043,8858670043,294,30393,0,1,1,0
81884453000000,81884953000000,500.0,4096,69,68,1107267,1107334,8858678043,8859214043,240,30462,0,1,1,0
81884984000000,81885484000000,500.0,4096,68,67,1107335,1107401,8859222043,8859750045,206,30530,0,1,1,0
81885515000000,81886031000000,516.0,4096,67,67,1107402,1107468,8859758043,8860286047,220,30597,0,1,1,0
81886062000000,81886562000000,500.0,4096,69,68,1107469,1107536,8860294044,8860830043,225,30666,0,1,1,0
81886593000000,81887109000000,516.0,4096,68,67,1107537,1107603,8860838044,8861366046,177,30734,0,1,1,0
81887125000000,81887640000000,515.0,4096,69,67,1107604,1107670,8861374043,8861902043,239,30803,0,1,1,0
81887671000000,81888171000000,500.0,4096,68,67,1107671,1107737,8861910043,8862438043,155,30871,0,1,1,0
81888203000000,81888718000000,515.0,4096,68,68,1107738,1107805,8862446043,8862982043,268,30939,0,1,1,0
81888750000000,81889250000000,500.0,4096,68,67,1107806,1107872,8862990043,8863518044,239,31007,0,1,1,0
81889281000000,81889796000000,515.0,4096,68,67,1107873,1107939,8863526045,8864054044,230,31075,0,1,1,0
81889828000000,81890328000000,500.0,4096,68,68,1107940,1108007,8864062044,8864598043,214,31143,0,1,1,0
81890359000000,81890875000000,516.0,4096,68,67,1108008,1108074,8864606043,8865134043,309,31211,0,1,1,0
81890921000000,81891421000000,500.0,4096,68,68,1108075,1108142,8865142043,8865678044,198,31279,0,1,1,0
81891437000000,81891953000000,516.0,4096,69,67,1108143,1108209,8865686043,8866214043,288,31348,0,1,1,0
81891984000000,81892484000000,500.0,4096,68,67,1108210,1108276,8866222043,8866750043,289,31416,0,1,1,0
81892531000000,81893031000000,500.0,4096,68,68,1108277,1108344,8866758043,8867294043,203,31484,0,1,1,0
81893062000000,81893562000000,500.0,4096,68,67,1108345,1108411,8867302043,8867830046,289,31552,0,1,1,0
81893609000000,81894109000000,500.0,4096,69,68,1108412,1108479,8867838043,8868374047,286,31621,0,1,1,0
81894140000000,81894656000000,516.0,4096,68,68,1108480,1108547,8868382043,8868918044,264,31689,0,1,1,0
81894687000000,81895187000000,500.0,4096,68,67,1108548,1108614,8868926043,8869454043,289,31757,0,1,1,0
81895234000000,81895734000000,500.0,4096,68,67,1108615,1108681,8869462047,8869990046,237,31825,0,1,1,0
81895765000000,81896265000000,500.0,4096,67,67,1108682,1108748,8869998043,8870526043,157,31892,0,1,1,0
81896281000000,81896796000000,515.0,4096,67,66,1108749,1108814,8870534043,8871054047,281,31959,0,1,1,0
81896828000000,81897328000000,500.0,4096,68,67,1108815,1108881,8871062046,8871590043,269,32027,0,1,1,0
81897359000000,81897859000000,500.0,4096,67,66,1108882,1108947,8871598043,8872118046,323,32094,0,1,1,0
81897890000000,81898375000000,485.0,4096,67,66,1108948,1109013,8872126046,8872646044,382,32161,0,1,1,0
81898437000000,81898921000000,484.0,4096,67,66,1109014,1109079,8872654045,8873174043,326,32228,0,1,1,0
81898953000000,81899453000000,500.0,4096,67,67,1109080,1109146,8873182047,8873710043,1441,32295,0,1,1,0
81899640000000,81899984000000,344.0,4096,67,66,1109147,1109212,8873718043,8874238047,369,32362,0,1,1,0
81900015000000,81900500000000,485.0,4096,67,66,1109213,1109278,8874246047,8874766047,231,32429,0,1,1,0
81900531000000,81901046000000,515.0,4096,68,68,1109279,1109346,8874774047,8875310043,217,32497,0,1,1,0
81901078000000,81901578000000,500.0,4096,68,67,1109347,1109413,8875318045,8875846043,170,32565,0,1,1,0
81901609000000,81902125000000,516.0,4096,68,67,1109414,1109480,8875854043,8876382043,267,32633,0,1,1,0
81902156000000,81902656000000,500.0,4096,69,68,1109481,1109548,8876390047,8876926043,274,32702,0,1,1,0
81902703000000,81903203000000,500.0,4096,68,67,1109549,1109615,8876934046,8877462045,200,32770,0,1,1,0
81903218000000,81903734000000,516.0,4096,68,68,1109616,1109683,8877470043,8878006043,248,32838,0,1,1,0
81903781000000,81904265000000,484.0,4096,67,66,1109684,1109749,8878014043,8878534043,391,32905,0,1,1,0
81904328000000,81904796000000,468.0,4096,67,66,1109750,1109815,8878542043,8879062046,215,32972,0,1,1,0
81904828000000,81905343000000,515.0,4096,67,67,1109816,1109882,8879070047,8879598043,296,33039,0,1,1,0
81905375000000,81905859000000,484.0,4096,67,66,1109883,1109948,8879606043,8880126046,238,33106,0,1,1,0
81905890000000,81906406000000,516.0,4096,67,67,1109949,1110015,8880134043,8880662045,384,33173,0,1,1,0
81906437000000,81906937000000,500.0,4096,68,67,1110016,1110082,8880670046,8881198046,391,33241,0,1,1,0
81906984000000,81907453000000,469.0,4096,67,65,1110083,1110147,8881206044,8881718046,151,33308,0,1,1,0
81907468000000,81907984000000,516.0,4096,67,66,1110148,1110213,8881726043,8882246043,262,33375,0,1,1,0
81908015000000,81908515000000,500.0,4096,68,67,1110214,1110280,8882254044,8882782043,160,33443,0,1,1,0
81908546000000,81909062000000,516.0,4096,68,68,1110281,1110348,8882790043,8883326043,209,33511,0,1,1,0
81909093000000,81909609000000,516.0,4096,69,68,1110349,1110416,8883334047,8883870046,303,33580,0,1,1,0
81909640000000,81910140000000,500.0,4096,68,67,1110417,1110483,8883878046,8884406043,178,33648,0,1,1,0
81910156000000,81910687000000,531.0,4096,68,68,1110484,1110551,8884414044,8884950043,244,33716,0,1,1,0
81910718000000,81911218000000,500.0,4096,68,67,1110552,1110618,8884958043,8885486043,219,33784,0,1,1,0
81911250000000,81911765000000,515.0,4096,67,67,1110619,1110685,8885494043,8886022043,307,33851,0,1,1,0
81911796000000,81912296000000,500.0,4096,70,68,1110686,1110753,8886030043,8886566045,267,33921,0,1,1,0
81912343000000,81912843000000,500.0,4096,68,67,1110754,1110820,8886574043,8887102044,290,33989,0,1,1,0
81912875000000,81913375000000,500.0,4096,68,68,1110821,1110888,8887110043,8887646043,176,34057,0,1,1,0
81913406000000,81913921000000,515.0,4096,68,67,1110889,1110955,8887654043,8888182043,295,34125,0,1,1,0
81913953000000,81914468000000,515.0,4096,68,68,1110956,1111023,8888190043,8888726043,447,34193,0,1,1,0
81914531000000,81915000000000,469.0,4096,68,67,1111024,1111090,8888734043,8889262045,256,34261,0,1,1,0
81915031000000,81915546000000,515.0,4096,69,68,1111091,1111158,8889270043,8889806043,257,34330,0,1,1,0
81915578000000,81916093000000,515.0,4096,68,68,1111159,1111226,8889814043,8890350044,224,34398,0,1,1,0
81916109000000,81916625000000,516.0,4096,67,66,1111227,1111292,8890358043,8890878044,243,34465,0,1,1,0
81916656000000,81917156000000,500.0,4096,68,67,1111293,1111359,8890886045,8891414043,279,34533,0,1,1,0
81917187000000,81917687000000,500.0,4096,67,66,1111360,1111425,8891422043,8891942043,191,34600,0,1,1,0
81917703000000,81918203000000,500.0,4096,67,66,1111426,1111491,8891950044,8892470043,222,34667,0,1,1,0
81918234000000,81918750000000,516.0,4096,67,67,1111492,1111558,8892478043,8893006045,227,34734,0,1,1,0
81918781000000,81919281000000,500.0,4096,68,67,1111559,1111625,8893014043,8893542044,230,34802,0,1,1,0
81919312000000,81919812000000,500.0,4096,67,66,1111626,1111691,8893550043,8894070043,358,34869,0,1,1,0
81919843000000,81920343000000,500.0,4096,67,67,1111692,1111758,8894078044,8894606047,1407,34936,0,1,1,0
81920531000000,81920875000000,344.0,4096,67,66,1111759,1111824,8894614047,8895134044,253,35003,0,1,1,0
81920906000000,81921406000000,500.0,4096,67,67,1111825,1111891,8895142045,8895670043,261,35070,0,1,1,0
81921437000000,81921937000000,500.0,4096,69,67,1111892,1111958,8895678044,8896206045,224,35139,0,1,1,0
81921968000000,81922484000000,516.0,4096,68,67,1111959,1112025,8896214045,8896742043,324,35207,0,1,1,0
81922531000000,81923031000000,500.0,4096,69,69,1112026,1112094,8896750043,8897294043,401,35276,0,1,1,0
81923078000000,81923562000000,484.0,4096,68,67,1112095,1112161,8897302043,8897830044,167,35344,0,1,1,0
81923593000000,81924109000000,516.0,4096,68,67,1112162,1112228,8897838043,8898366047,252,35412,0,1,1,0
81924140000000,81924640000000,500.0,4096,68,68,1112229,1112296,8898374045,8898910047,339,35480,0,1,1,0
81924687000000,81925187000000,500.0,4096,69,68,1112297,1112364,8898918047,8899454043,237,35549,0,1,1,0
81925218000000,81925734000000,516.0,4096,69,68,1112365,1112432,8899462046,8899998043,238,35618,0,1,1,0
81925765000000,81926265000000,500.0,4096,68,67,1112433,1112499,8900006047,8900534046,275,35686,0,1,1,0
81926312000000,81926812000000,500.0,4096,68,67,1112500,1112566,8900542045,8901070047,294,35754,0,1,1,0
81926843000000,81927343000000,500.0,4096,69,68,1112567,1112634,8901078043,8901614043,271,35823,0,1,1,0
81927390000000,81927875000000,485.0,4096,68,66,1112635,1112700,8901622043,8902142044,207,35891,0,1,1,0
81927906000000,81928421000000,515.0,4096,69,68,1112701,1112768,8902150043,8902686043,177,35960,0,1,1,0
81928437000000,81928953000000,516.0,4096,68,67,1112769,1112835,8902694046,8903222043,242,36028,0,1,1,0
81929000000000,81929500000000,500.0,4096,69,68,1112836,1112903,8903230046,8903766043,231,36097,0,1,1,0
81929531000000,81930031000000,500.0,4096,68,67,1112904,1112970,8903774044,8904302043,365,36165,0,1,1,0
81930093000000,81930578000000,485.0,4096,68,68,1112971,1113038,8904310044,8904846043,297,36233,0,1,1,0
81930625000000,81931125000000,500.0,4096,68,67,1113039,1113105,8904854044,8905382043,154,36301,0,1,1,0
81931140000000,81931656000000,516.0,4096,69,68,1113106,1113173,8905390043,8905926043,244,36370,0,1,1,0
81931703000000,81932203000000,500.0,4096,69,67,1113174,1113240,8905934043,8906462043,261,36439,0,1,1,0
81932234000000,81932734000000,500.0,4096,69,68,1113241,1113308,8906470047,8907006047,157,36508,0,1,1,0
81932765000000,81933281000000,516.0,4096,68,67,1113309,1113375,8907014047,8907542043,304,36576,0,1,1,0
81933312000000,81933812000000,500.0,4096,67,67,1113376,1113442,8907550044,8908078047,333,36643,0,1,1,0
81933843000000,81934343000000,500.0,4096,67,66,1113443,1113508,8908086047,8908606043,268,36710,0,1,1,0
81934375000000,81934875000000,500.0,4096,67,66,1113509,1113574,8908614047,8909134047,217,36777,0,1,1,0
81934906000000,81935406000000,500.0,4096,68,67,1113575,1113641,8909142044,8909670047,272,36845,0,1,1,0
81935437000000,81935937000000,500.0,4096,67,66,1113642,1113707,8909678046,8910198045,257,36912,0,1,1,0
81935968000000,81936468000000,500.0,4096,67,66,1113708,1113773,8910206043,8910726043,248,36979,0,1,1,0
81936500000000,81937000000000,500.0,4096,68,67,1113774,1113840,8910734043,8911262043,225,37047,0,1,1,0
81937031000000,81937531000000,500.0,4096,67,66,1113841,1113906,8911270043,8911790044,361,37114,0,1,1,0
81937578000000,81938062000000,484.0,4096,68,67,1113907,1113973,8911798043,8912326046,301,37182,0,1,1,0
81938109000000,81938593000000,484.0,4096,68,67,1113974,1114040,8912334046,8912862043,188,37250,0,1,1,0
81938625000000,81939140000000,515.0,4096,69,68,1114041,1114108,8912870043,8913406043,252,37319,0,1,1,0
81939171000000,81939687000000,516.0,4096,68,67,1114109,1114175,8913414047,8913942044,262,37387,0,1,1,0
81939718000000,81940218000000,500.0,4096,68,67,1114176,1114242,8913950044,8914478044,1886,37455,0,1,1,0
81940468000000,81940765000000,297.0,4096,68,68,1114243,1114310,8914486044,8915022043,408,37523,0,1,1,0
81940812000000,81941312000000,500.0,4096,69,68,1114311,1114378,8915030043,8915566043,203,37592,0,1,1,0
81941328000000,81941843000000,515.0,4096,68,67,1114379,1114445,8915574043,8916102043,309,37660,0,1,1,0
81941875000000,81942375000000,500.0,4096,69,67,1114446,1114512,8916110043,8916638043,269,37729,0,1,1,0
81942406000000,81942906000000,500.0,4096,67,67,1114513,1114579,8916646045,8917174043,203,37796,0,1,1,0
81942921000000,81943437000000,516.0,4096,67,66,1114580,1114645,8917182043,8917702044,219,37863,0,1,1,0
81943468000000,81943968000000,500.0,4096,67,66,1114646,1114711,8917710043,8918230046,248,37930,0,1,1,0
81944000000000,81944500000000,500.0,4096,67,67,1114712,1114778,8918238044,8918766044,227,37997,0,1,1,0
81944531000000,81945031000000,500.0,4096,67,66,1114779,1114844,8918774046,8919294043,387,38064,0,1,1,0
81945078000000,81945562000000,484.0,4096,67,66,1114845,1114910,8919302046,8919822043,342,38131,0,1,1,0
81945609000000,81946093000000,484.0,4096,67,67,1114911,1114977,8919830043,8920358047,322,38198,0,1,1,0
81946140000000,81946625000000,485.0,4096,68,67,1114978,1115044,8920366043,8920894047,248,38266,0,1,1,0
81946656000000,81947156000000,500.0,4096,68,66,1115045,1115110,8920902045,8921422043,166,38334,0,1,1,0
81947187000000,81947687000000,500.0,4096,69,67,1115111,1115177,8921430046,8921958044,257,38403,0,1,1,0
81947718000000,81948234000000,516.0,4096,68,68,1115178,1115245,8921966045,8922502044,371,38471,0,1,1,0
81948281000000,81948781000000,500.0,4096,68,67,1115246,1115312,8922510043,8923038043,196,38539,0,1,1,0
81948796000000,81949312000000,516.0,4096,68,67,1115313,1115379,8923046043,8923574043,241,38607,0,1,1,0
81949343000000,81949859000000,516.0,4096,69,68,1115380,1115447,8923582043,8924118043,279,38676,0,1,1,0
81949890000000,81950390000000,500.0,4096,68,68,1115448,1115515,8924126043,8924662043,185,38744,0,1,1,0
81950421000000,81950937000000,516.0,4096,69,68,1115516,1115583,8924670043,8925206043,269,38813,0,1,1,0
81950968000000,81951484000000,516.0,4096,68,67,1115584,1115650,8925214044,8925742043,245,38881,0,1,1,0
81951515000000,81952015000000,500.0,4096,69,67,1115651,1115717,8925750043,8926278043,188,38950,0,1,1,0
81952031000000,81952562000000,531.0,4096,68,68,1115718,1115785,8926286043,8926822045,327,39018,0,1,1,0
81952593000000,81953109000000,516.0,4096,68,67,1115786,1115852,8926830043,8927358046,414,39086,0,1,1,0
81953156000000,81953640000000,484.0,4096,69,68,1115853,1115920,8927366047,8927902047,166,39155,0,1,1,0
81953656000000,81954171000000,515.0,4096,68,67,1115921,1115987,8927910045,8928438045,241,39223,0,1,1,0
81954203000000,81954718000000,515.0,4096,68,68,1115988,1116055,8928446043,8928982043,311,39291,0,1,1,0
81954750000000,81955265000000,515.0,4096,68,67,1116056,1116122,8928990044,8929518043,187,39359,0,1,1,0
81955281000000,81955796000000,515.0,4096,69,68,1116123,1116190,8929526047,8930062045,261,39428,0,1,1,0
81955828000000,81956343000000,515.0,4096,68,67,1116191,1116257,8930070047,8930598043,218,39496,0,1,1,0
81956375000000,81956875000000,500.0,4096,69,68,1116258,1116325,8930606045,8931142046,229,39565,0,1,1,0
81956906000000,81957421000000,515.0,4096,68,67,1116326,1116392,8931150044,8931678043,261,39633,0,1,1,0
81957453000000,81957953000000,500.0,4096,69,68,1116393,1116460,8931686043,8932222043,190,39702,0,1,1,0
81957984000000,81958500000000,516.0,4096,68,67,1116461,1116527,8932230046,8932758043,234,39770,0,1,1,0
81958531000000,81959031000000,500.0,4096,68,67,1116528,1116594,8932766043,8933294043,246,39838,0,1,1,0
81959062000000,81959578000000,516.0,4096,69,69,1116595,1116663,8933302043,8933846043,398,39907,0,1,1,0
81959625000000,81960125000000,500.0,4096,68,67,1116664,1116730,8933854046,8934382043,330,39975,0,1,1,0
81960171000000,81960656000000,485.0,4096,68,67,1116731,1116797,8934390043,8934918046,1602,40043,0,1,1,0
81960875000000,81961203000000,328.0,4096,68,68,1116798,1116865,8934926043,8935462045,243,40111,0,1,1,0
81961234000000,81961734000000,500.0,4096,69,68,1116866,1116933,8935470043,8936006043,255,40180,0,1,1,0
81961781000000,81962281000000,500.0,4096,69,67,1116934,1117000,8936014045,8936542045,248,40249,0,1,1,0
81962312000000,81962812000000,500.0,4096,68,67,1117001,1117067,8936550043,8937078044,169,40317,0,1,1,0
81962843000000,81963359000000,516.0,4096,69,69,1117068,1117136,8937086043,8937630043,271,40386,0,1,1,0
81963406000000,81963906000000,500.0,4096,68,67,1117137,1117203,8937638043,8938166043,294,40454,0,1,1,0
81963937000000,81964437000000,500.0,4096,68,67,1117204,1117270,8938174043,8938702043,215,40522,0,1,1,0
81964468000000,81964968000000,500.0,4096,68,67,1117271,1117337,8938710047,8939238047,323,40590,0,1,1,0
81965015000000,81965515000000,500.0,4096,67,67,1117338,1117404,8939246043,8939774043,250,40657,0,1,1,0
81965546000000,81966046000000,500.0,4096,67,66,1117405,1117470,8939782045,8940302043,203,40724,0,1,1,0
81966062000000,81966578000000,516.0,4096,68,67,1117471,1117537,8940310043,8940838046,329,40792,0,1,1,0
81966625000000,81967109000000,484.0,4096,68,67,1117538,1117604,8940846046,8941374043,386,40860,0,1,1,0
81967156000000,81967640000000,484.0,4096,67,65,1117605,1117669,8941382043,8941894043,372,40927,0,1,1,0
81967687000000,81968171000000,484.0,4096,68,67,1117670,1117736,8941902043,8942430046,271,40995,0,1,1,0
81968203000000,81968687000000,484.0,4096,67,66,1117737,1117802,8942438043,8942958043,168,41062,0,1,1,0
81968718000000,81969218000000,500.0,4096,67,66,1117803,1117868,8942966045,8943486044,275,41129,0,1,1,0
81969265000000,81969781000000,516.0,4096,69,69,1117869,1117937,8943494043,8944038047,365,41198,0,1,1,0
81969812000000,81970312000000,500.0,4096,68,67,1117938,1118004,8944046043,8944574043,180,41266,0,1,1,0
81970328000000,81970859000000,531.0,4096,68,68,1118005,1118072,8944582043,8945118043,289,41334,0,1,1,0
81970890000000,81971390000000,500.0,4096,68,67,1118073,1118139,8945126043,8945654047,325,41402,0,1,1,0
81971437000000,81971937000000,500.0,4096,69,68,1118140,1118207,8945662043,8946198044,227,41471,0,1,1,0
81971953000000,81972468000000,515.0,4096,69,67,1118208,1118274,8946206047,8946734044,247,41540,0,1,1,0
81972500000000,81973015000000,515.0,4096,68,68,1118275,1118342,8946742043,8947278046,184,41608,0,1,1,0
81973046000000,81973562000000,516.0,4096,69,68,1118343,1118410,8947286044,8947822043,329,41677,0,1,1,0
81973593000000,81974093000000,500.0,4096,68,67,1118411,1118477,8947830046,8948358043,377,41745,0,1,1,0
81974140000000,81974625000000,485.0,4096,68,67,1118478,1118544,8948366043,8948894045,321,41813,0,1,1,0
81974671000000,81975171000000,500.0,4096,68,68,1118545,1118612,8948902045,8949438043,358,41881,0,1,1,0
81975218000000,81975718000000,500.0,4096,69,68,1118613,1118680,8949446043,8949982046,270,41950,0,1,1,0
81975750000000,81976250000000,500.0,4096,68,67,1118681,1118747,8949990045,8950518043,261,42018,0,1,1,0
81976296000000,81976796000000,500.0,4096,68,68,1118748,1118815,8950526047,8951062047,292,42086,0,1,1,0
81976843000000,81977343000000,500.0,4096,69,67,1118816,1118882,8951070045,8951598047,277,42155,0,1,1,0
81977375000000,81977875000000,500.0,4096,69,68,1118883,1118950,8951606045,8952142043,208,42224,0,1,1,0
81977906000000,81978421000000,515.0,4096,68,68,1118951,1119018,8952150043,8952686047,464,42292,0,1,1,0
81978484000000,81978968000000,484.0,4096,69,68,1119019,1119086,8952694043,8953230043,323,42361,0,1,1,0
81979015000000,81979500000000,485.0,4096,68,67,1119087,1119153,8953238047,8953766044,241,42429,0,1,1,0
81979531000000,81980046000000,515.0,4096,68,68,1119154,1119221,8953774043,8954310043,254,42497,0,1,1,0
81980078000000,81980593000000,515.0,4096,68,67,1119222,1119288,8954318043,8954846043,345,42565,0,1,1,0
81980625000000,81981125000000,500.0,4096,69,68,1119289,1119356,8954854047,8955390043,380,42634,0,1,1,0
81981171000000,81981671000000,500.0,4096,68,68,1119357,1119424,8955398043,8955934044,1812,42702,0,1,1,0
81981906000000,81982203000000,297.0,4096,69,67,1119425,1119491,8955942044,8956470043,298,42771,0,1,1,0
81982234000000,81982750000000,516.0,4096,68,67,1119492,1119558,8956478043,8957006044,360,42839,0,1,1,0
81982796000000,81983281000000,485.0,4096,68,67,1119559,1119625,8957014047,8957542043,298,42907,0,1,1,0
81983312000000,81983828000000,516.0,4096,68,68,1119626,1119693,8957550045,8958086043,494,42975,0,1,1,0
81983890000000,81984359000000,469.0,4096,68,67,1119694,1119760,8958094043,8958622043,309,43043,0,1,1,0
81984406000000,81984906000000,500.0,4096,69,68,1119761,1119828,8958630043,8959166043,331,43112,0,1,1,0
81984937000000,81985437000000,500.0,4096,67,67,1119829,1119895,8959174044,8959702043,285,43179,0,1,1,0
81985484000000,81985984000000,500.0,4096,69,68,1119896,1119963,8959710043,8960246047,261,43248,0,1,1,0
81986015000000,81986515000000,500.0,4096,68,67,1119964,1120030,8960254044,8960782043,194,43316,0,1,1,0
81986546000000,81987046000000,500.0,4096,68,67,1120031,1120097,8960790043,8961318043,246,43384,0,1,1,0
81987093000000,81987593000000,500.0,4096,69,67,1120098,1120164,8961326044,8961854043,223,43453,0,1,1,0
81987625000000,81988125000000,500.0,4096,68,67,1120165,1120231,8961862044,8962390043,516,43521,0,1,1,0
81988187000000,81988671000000,484.0,4096,68,68,1120232,1120299,8962398045,8962934045,334,43589,0,1,1,0
81988703000000,81989203000000,500.0,4096,68,67,1120300,1120366,8962942044,8963470046,185,43657,0,1,1,0
81989234000000,81989750000000,516.0,4096,68,67,1120367,1120433,8963478043,8964006046,377,43725,0,1,1,0
81989796000000,81990281000000,485.0,4096,68,68,1120434,1120501,8964014043,8964550045,299,43793,0,1,1,0
81990328000000,81990828000000,500.0,4096,68,67,1120502,1120568,8964558043,8965086044,195,43861,0,1,1,0
81990843000000,81991359000000,516.0,4096,68,67,1120569,1120635,8965094043,8965622043,242,43929,0,1,1,0
81991390000000,81991906000000,516.0,4096,68,68,1120636,1120703,8965630047,8966166043,383,43997,0,1,1,0
81991937000000,81992437000000,500.0,4096,69,67,1120704,1120770,8966174047,8966702044,249,44066,0,1,1,0
81992468000000,81992984000000,516.0,4096,68,67,1120771,1120837,8966710047,8967238043,225,44134,0,1,1,0
81993015000000,81993515000000,500.0,4096,68,68,1120838,1120905,8967246045,8967782043,299,44202,0,1,1,0
81993546000000,81994062000000,516.0,4096,68,67,1120906,1120972,8967790046,8968318044,227,44270,0,1,1,0
81994093000000,81994593000000,500.0,4096,69,68,1120973,1121040,8968326044,8968862046,411,44339,0,1,1,0
81994656000000,81995140000000,484.0,4096,67,67,1121041,1121107,8968870043,8969398045,412,44406,0,1,1,0
81995187000000,81995671000000,484.0,4096,69,68,1121108,1121175,8969406046,8969942044,214,44475,0,1,1,0
81995703000000,81996218000000,515.0,4096,68,67,1121176,1121242,8969950047,8970478045,251,44543,0,1,1,0
81996250000000,81996750000000,500.0,4096,67,67,1121243,1121309,8970486043,8971014043,294,44610,0,1,1,0
81996781000000,81997296000000,515.0,4096,69,67,1121310,1121376,8971022043,8971550043,200,44679,0,1,1,0
81997312000000,81997828000000,516.0,4096,69,68,1121377,1121444,8971558043,8972094046,355,44748,0,1,1,0
81997875000000,81998375000000,500.0,4096,67,67,1121445,1121511,8972102046,8972630043,547,44815,0,1,1,0
81998437000000,81998906000000,469.0,4096,69,68,1121512,1121579,8972638045,8973174043,275,44884,0,1,1,0
81998937000000,81999453000000,516.0,4096,68,67,1121580,1121646,8973182043,8973710045,476,44952,0,1,1,0
81999515000000,81999984000000,469.0,4096,67,67,1121647,1121713,8973718043,8974246043,288,45019,0,1,1,0
82000031000000,82000531000000,500.0,4096,69,68,1121714,1121781,8974254043,8974790043,386,45088,0,1,1,0
82000578000000,82001062000000,484.0,4096,68,67,1121782,1121848,8974798043,8975326044,433,45156,0,1,1,0
82001125000000,82001609000000,484.0,4096,68,68,1121849,1121916,8975334043,8975870044,2442,45224,0,1,1,0
82001937000000,82002140000000,203.0,4096,69,67,1121917,1121983,8975878043,8976406044,362,45293,0,1,1,0
82002203000000,82002687000000,484.0,4096,68,67,1121984,1122050,8976414043,8976942046,345,45361,0,1,1,0
82002718000000,82003218000000,500.0,4096,67,67,1122051,1122117,8976950043,8977478043,547,45428,0,1,1,0
82003296000000,82003750000000,454.0,4096,69,68,1122118,1122185,8977486044,8978022043,190,45497,0,1,1,0
82003781000000,82004296000000,515.0,4096,68,67,1122186,1122252,8978030043,8978558043,254,45565,0,1,1,0
82004328000000,82004843000000,515.0,4096,68,68,1122253,1122320,8978566047,8979102045,276,45633,0,1,1,0
82004875000000,82005375000000,500.0,4096,68,67,1122321,1122387,8979110043,8979638043,267,45701,0,1,1,0
82005406000000,82005921000000,515.0,4096,68,67,1122388,1122454,8979646043,8980174047,241,45769,0,1,1,0
82005953000000,82006453000000,500.0,4096,68,68,1122455,1122522,8980182047,8980718044,146,45837,0,1,1,0
82006484000000,82007000000000,516.0,4096,69,67,1122523,1122589,8980726043,8981254043,326,45906,0,1,1,0
82007031000000,82007531000000,500.0,4096,69,68,1122590,1122657,8981262043,8981798043,271,45975,0,1,1,0
82007562000000,82008062000000,500.0,4096,68,66,1122658,1122723,8981806045,8982326043,182,46043,0,1,1,0
82008093000000,82008609000000,516.0,4096,68,68,1122724,1122791,8982334043,8982870046,255,46111,0,1,1,0
82008640000000,82009140000000,500.0,4096,68,67,1122792,1122858,8982878043,8983406045,378,46179,0,1,1,0
82009203000000,82009687000000,484.0,4096,68,67,1122859,1122925,8983414043,8983942043,365,46247,0,1,1,0
82009734000000,82010218000000,484.0,4096,68,68,1122926,1122993,8983950043,8984486043,266,46315,0,1,1,0
82010265000000,82010765000000,500.0,4096,68,67,1122994,1123060,8984494043,8985022043,278,46383,0,1,1,0
82010796000000,82011296000000,500.0,4096,68,67,1123061,1123127,8985030043,8985558046,218,46451,0,1,1,0
82011328000000,82011843000000,515.0,4096,68,68,1123128,1123195,8985566043,8986102047,253,46519,0,1,1,0
82011875000000,82012375000000,500.0,4096,69,67,1123196,1123262,8986110043,8986638046,226,46588,0,1,1,0
82012406000000,82012906000000,500.0,4096,68,67,1123263,1123329,8986646044,8987174043,213,46656,0,1,1,0
82012937000000,82013453000000,516.0,4096,68,68,1123330,1123397,8987182045,8987718043,266,46724,0,1,1,0
82013500000000,82014000000000,500.0,4096,68,67,1123398,1123464,8987726043,8988254044,187,46792,0,1,1,0
82014015000000,82014531000000,516.0,4096,68,67,1123465,1123531,8988262043,8988790043,318,46860,0,1,1,0
82014578000000,82015078000000,500.0,4096,68,68,1123532,1123599,8988798043,8989334047,250,46928,0,1,1,0
82015109000000,82015609000000,500.0,4096,69,68,1123600,1123667,8989342045,8989878044,208,46997,0,1,1,0
82015640000000,82016156000000,516.0,4096,67,67,1123668,1123734,8989886043,8990414043,482,47064,0,1,1,0
82016218000000,82016687000000,469.0,4096,69,68,1123735,1123802,8990422045,8990958043,387,47133,0,1,1,0
82016734000000,82017218000000,484.0,4096,68,66,1123803,1123868,8990966043,8991486044,282,47201,0,1,1,0
82017265000000,82017765000000,500.0,4096,68,68,1123869,1123936,8991494044,8992030043,275,47269,0,1,1,0
82017796000000,82018312000000,516.0,4096,69,68,1123937,1124004,8992038046,8992574043,275,47338,0,1,1,0
82018343000000,82018843000000,500.0,4096,68,67,1124005,1124071,8992582043,8993110043,213,47406,0,1,1,0
82018875000000,82019390000000,515.0,4096,68,68,1124072,1124139,8993118043,8993654043,319,47474,0,1,1,0
82019437000000,82019921000000,484.0,4096,68,67,1124140,1124206,8993662044,8994190045,288,47542,0,1,1,0
82019968000000,82020468000000,500.0,4096,68,67,1124207,1124273,8994198043,8994726047,184,47610,0,1,1,0
82020484000000,82021015000000,531.0,4096,69,69,1124274,1124342,8994734043,8995278044,290,47679,0,1,1,0
82021046000000,82021546000000,500.0,4096,67,66,1124343,1124408,8995286043,8995806043,299,47746,0,1,1,0
82021578000000,82022062000000,484.0,4096,68,66,1124409,1124474,8995814043,8996334043,1942,47814,0,1,1,0
82022328000000,82022593000000,265.0,4096,67,66,1124475,1124540,8996342043,8996862043,282,47881,0,1,1,0
82022640000000,82023140000000,500.0,4096,67,67,1124541,1124607,8996870046,8997398047,171,47948,0,1,1,0
82023156000000,82023671000000,515.0,4096,67,66,1124608,1124673,8997406046,8997926043,301,48015,0,1,1,0
82023703000000,82024187000000,484.0,4096,67,66,1124674,1124739,8997934043,8998454043,364,48082,0,1,1,0
82024250000000,82024734000000,484.0,4096,67,67,1124740,1124806,8998462047,8998990043,374,48149,0,1,1,0
82024781000000,82025265000000,484.0,4096,67,66,1124807,1124872,8998998043,8999518046,251,48216,0,1,1,0
82025296000000,82025796000000,500.0,4096,68,67,1124873,1124939,8999526047,9000054043,230,48284,0,1,1,0
82025828000000,82026328000000,500.0,4096,69,68,1124940,1125007,9000062043,9000598044,287,48353,0,1,1,0
82026375000000,82026875000000,500.0,4096,68,68,1125008,1125075,9000606046,9001142043,262,48421,0,1,1,0
82026906000000,82027406000000,500.0,4096,68,66,1125076,1125141,9001150044,9001670043,188,48489,0,1,1,0
82027437000000,82027953000000,516.0,4096,70,68,1125142,1125209,9001678043,9002214043,335,48559,0,1,1,0
82027984000000,82028484000000,500.0,4096,68,67,1125210,1125276,9002222047,9002750043,428,48627,0,1,1,0
82028546000000,82029031000000,485.0,4096,68,68,1125277,1125344,9002758043,9003294043,202,48695,0,1,1,0
82029062000000,82029578000000,516.0,4096,68,67,1125345,1125411,9003302043,9003830044,352,48763,0,1,1,0
82029609000000,82030109000000,500.0,4096,68,67,1125412,1125478,9003838043,9004366047,278,48831,0,1,1,0
82030140000000,82030656000000,516.0,4096,68,68,1125479,1125546,9004374046,9004910045,204,48899,0,1,1,0
82030671000000,82031187000000,516.0,4096,69,68,1125547,1125614,9004918046,9005454046,321,48968,0,1,1,0
82031234000000,82031718000000,484.0,4096,68,67,1125615,1125681,9005462043,9005990044,326,49036,0,1,1,0
82031765000000,82032265000000,500.0,4096,68,67,1125682,1125748,9005998043,9006526045,256,49104,0,1,1,0
82032296000000,82032812000000,516.0,4096,69,68,1125749,1125816,9006534043,9007070044,263,49173,0,1,1,0
82032843000000,82033343000000,500.0,4096,68,67,1125817,1125883,9007078046,9007606045,247,49241,0,1,1,0
82033375000000,82033875000000,500.0,4096,68,67,1125884,1125950,9007614043,9008142047,182,49309,0,1,1,0
82033906000000,82034421000000,515.0,4096,68,68,1125951,1126018,9008150046,9008686047,280,49377,0,1,1,0
82034468000000,82034968000000,500.0,4096,69,68,1126019,1126086,9008694043,9009230044,255,49446,0,1,1,0
82035000000000,82035500000000,500.0,4096,68,67,1126087,1126153,9009238046,9009766046,228,49514,0,1,1,0
82035531000000,82036046000000,515.0,4096,68,68,1126154,1126221,9009774043,9010310043,251,49582,0,1,1,0
82036078000000,82036593000000,515.0,4096,68,67,1126222,1126288,9010318043,9010846043,223,49650,0,1,1,0
82036609000000,82037125000000,516.0,4096,69,67,1126289,1126355,9010854043,9011382044,283,49719,0,1,1,0
82037156000000,82037671000000,515.0,4096,68,68,1126356,1126423,9011390043,9011926044,312,49787,0,1,1,0
82037703000000,82038203000000,500.0,4096,68,67,1126424,1126490,9011934043,9012462043,168,49855,0,1,1,0
82038218000000,82038750000000,532.0,4096,69,68,1126491,1126558,9012470043,9013006043,405,49924,0,1,1,0
82038796000000,82039281000000,485.0,4096,68,67,1126559,1126625,9013014044,9013542043,273,49992,0,1,1,0
82039312000000,82039828000000,516.0,4096,68,68,1126626,1126693,9013550043,9014086043,267,50060,0,1,1,0
82039859000000,82040359000000,500.0,4096,68,67,1126694,1126760,9014094043,9014622044,236,50128,0,1,1,0
82040390000000,82040890000000,500.0,4096,67,66,1126761,1126826,9014630046,9015150047,346,50195,0,1,1,0
82040937000000,82041421000000,484.0,4096,67,67,1126827,1126893,9015158043,9015686046,164,50262,0,1,1,0
82041453000000,82041953000000,500.0,4096,68,66,1126894,1126959,9015694046,9016214046,1808,50330,0,1,1,0
82042187000000,82042484000000,297.0,4096,67,66,1126960,1127025,9016222043,9016742043,292,50397,0,1,1,0
82042515000000,82043015000000,500.0,4096,67,67,1127026,1127092,9016750045,9017278045,215,50464,0,1,1,0
82043046000000,82043531000000,485.0,4096,66,65,1127093,1127157,9017286043,9017798043,260,50530,0,1,1,0
82043578000000,82044062000000,484.0,4096,68,67,1127158,1127224,9017806046,9018334043,209,50598,0,1,1,0
82044093000000,82044593000000,500.0,4096,66,66,1127225,1127290,9018342044,9018862047,362,50664,0,1,1,0
82044640000000,82045125000000,485.0,4096,67,66,1127291,1127356,9018870045,9019390047,214,50731,0,1,1,0
82045156000000,82045656000000,500.0,4096,67,66,1127357,1127422,9019398047,9019918043,243,50798,0,1,1,0
82045687000000,82046203000000,516.0,4096,68,68,1127423,1127490,9019926043,9020462043,237,50866,0,1,1,0
82046234000000,82046734000000,500.0,4096,68,67,1127491,1127557,9020470043,9020998043,297,50934,0,1,1,0
82046781000000,82047265000000,484.0,4096,68,67,1127558,1127624,9021006043,9021534044,272,51002,0,1,1,0
82047312000000,82047812000000,500.0,4096,69,67,1127625,1127691,9021542043,9022070043,277,51071,0,1,1,0
82047843000000,82048343000000,500.0,4096,68,67,1127692,1127758,9022078046,9022606043,208,51139,0,1,1,0
82048359000000,82048890000000,531.0,4096,68,68,1127759,1127826,9022614046,9023150045,270,51207,0,1,1,0
82048921000000,82049421000000,500.0,4096,68,67,1127827,1127893,9023158044,9023686045,311,51275,0,1,1,0
82049468000000,82049953000000,485.0,4096,68,67,1127894,1127960,9023694044,9024222046,197,51343,0,1,1,0
82049984000000,82050500000000,516.0,4096,68,68,1127961,1128028,9024230043,9024766043,390,51411,0,1,1,0
82050546000000,82051031000000,485.0,4096,68,67,1128029,1128095,9024774047,9025302043,245,51479,0,1,1,0
82051078000000,82051578000000,500.0,4096,68,67,1128096,1128162,9025310044,9025838043,170,51547,0,1,1,0
82051593000000,82052109000000,516.0,4096,68,67,1128163,1128229,9025846043,9026374043,252,51615,0,1,1,0
82052140000000,82052656000000,516.0,4096,69,68,1128230,1128297,9026382043,9026918043,262,51684,0,1,1,0
82052687000000,82053187000000,500.0,4096,67,66,1128298,1128363,9026926046,9027446043,185,51751,0,1,1,0
82053203000000,82053734000000,531.0,4096,68,68,1128364,1128431,9027454043,9027990047,430,51819,0,1,1,0
82053781000000,82054265000000,484.0,4096,69,68,1128432,1128499,9027998043,9028534044,256,51888,0,1,1,0
82054296000000,82054812000000,516.0,4096,68,67,1128500,1128566,9028542046,9029070043,359,51956,0,1,1,0
82054843000000,82055343000000,500.0,4096,68,68,1128567,1128634,9029078043,9029614043,328,52024,0,1,1,0
82055390000000,82055890000000,500.0,4096,68,67,1128635,1128701,9029622047,9030150045,153,52092,0,1,1,0
82055906000000,82056421000000,515.0,4096,68,67,1128702,1128768,9030158044,9030686043,269,52160,0,1,1,0
82056453000000,82056968000000,515.0,4096,68,67,1128769,1128835,9030694043,9031222043,263,52228,0,1,1,0
82057000000000,82057500000000,500.0,4096,68,67,1128836,1128902,9031230045,9031758043,245,52296,0,1,1,0
82057531000000,82058031000000,500.0,4096,68,67,1128903,1128969,9031766043,9032294043,230,52364,0,1,1,0
82058062000000,82058578000000,516.0,4096,68,68,1128970,1129037,9032302044,9032838046,253,52432,0,1,1,0
82058609000000,82059125000000,516.0,4096,69,68,1129038,1129105,9032846043,9033382043,294,52501,0,1,1,0
82059156000000,82059656000000,500.0,4096,67,67,1129106,1129172,9033390044,9033918043,310,52568,0,1,1,0
82059687000000,82060203000000,516.0,4096,69,68,1129173,1129240,9033926043,9034462043,241,52637,0,1,1,0
82060234000000,82060734000000,500.0,4096,68,67,1129241,1129307,9034470044,9034998043,423,52705,0,1,1,0
82060796000000,82061281000000,485.0,4096,68,68,1129308,1129375,9035006045,9035542043,325,52773,0,1,1,0
82061312000000,82061812000000,500.0,4096,68,67,1129376,1129442,9035550045,9036078043,265,52841,0,1,1,0
82061843000000,82062359000000,516.0,4096,69,67,1129443,1129509,9036086045,9036614045,1906,52910,0,1,1,0
82062609000000,82062890000000,281.0,4096,68,67,1129510,1129576,9036622044,9037150044,318,52978,0,1,1,0
82062937000000,82063437000000,500.0,4096,68,68,1129577,1129644,9037158043,9037694043,301,53046,0,1,1,0
82063468000000,82063968000000,500.0,4096,69,68,1129645,1129712,9037702043,9038238043,276,53115,0,1,1,0
82064000000000,82064515000000,515.0,4096,68,67,1129713,1129779,9038246046,9038774043,248,53183,0,1,1,0
82064546000000,82065046000000,500.0,4096,68,68,1129780,1129847,9038782046,9039318047,284,53251,0,1,1,0
82065093000000,82065593000000,500.0,4096,68,67,1129848,1129914,9039326043,9039854043,268,53319,0,1,1,0
82065625000000,82066140000000,515.0,4096,69,68,1129915,1129982,9039862047,9040398046,265,53388,0,1,1,0
82066171000000,82066671000000,500.0,4096,68,68,1129983,1130050,9040406044,9040942045,318,53456,0,1,1,0
82066718000000,82067203000000,485.0,4096,68,66,1130051,1130116,9040950043,9041470043,256,53524,0,1,1,0
82067234000000,82067750000000,516.0,4096,69,67,1130117,1130183,9041478043,9042006043,440,53593,0,1,1,0
82067812000000,82068281000000,469.0,4096,69,68,1130184,1130251,9042014044,9042550043,327,53662,0,1,1,0
82068328000000,82068828000000,500.0,4096,68,68,1130252,1130319,9042558045,9043094043,235,53730,0,1,1,0
82068859000000,82069359000000,500.0,4096,68,67,1130320,1130386,9043102045,9043630044,320,53798,0,1,1,0
82069406000000,82069906000000,500.0,4096,68,67,1130387,1130453,9043638043,9044166047,380,53866,0,1,1,0
82069953000000,82070453000000,500.0,4096,68,68,1130454,1130521,9044174043,9044710047,238,53934,0,1,1,0
82070468000000,82070968000000,500.0,4096,67,66,1130522,1130587,9044718044,9045238043,287,54001,0,1,1,0
82071015000000,82071500000000,485.0,4096,67,66,1130588,1130653,9045246043,9045766043,291,54068,0,1,1,0
82071546000000,82072031000000,485.0,4096,68,66,1130654,1130719,9045774046,9046294043,202,54136,0,1,1,0
82072062000000,82072578000000,516.0,4096,68,68,1130720,1130787,9046302043,9046838046,261,54204,0,1,1,0
82072609000000,82073109000000,500.0,4096,68,67,1130788,1130854,9046846043,9047374043,205,54272,0,1,1,0
82073140000000,82073640000000,500.0,4096,68,67,1130855,1130921,9047382047,9047910047,267,54340,0,1,1,0
82073687000000,82074171000000,484.0,4096,67,66,1130922,1130987,9047918047,9048438044,255,54407,0,1,1,0
82074218000000,82074718000000,500.0,4096,68,68,1130988,1131055,9048446043,9048982043,251,54475,0,1,1,0
82074750000000,82075265000000,515.0,4096,70,69,1131056,1131124,9048990043,9049534043,332,54545,0,1,1,0
82075312000000,82075812000000,500.0,4096,68,68,1131125,1131192,9049542043,9050078043,412,54613,0,1,1,0
82075859000000,82076359000000,500.0,4096,68,67,1131193,1131259,9050086046,9050614043,278,54681,0,1,1,0
82076390000000,82076906000000,516.0,4096,70,69,1131260,1131328,9050622043,9051166046,231,54751,0,1,1,0
82076937000000,82077437000000,500.0,4096,69,67,1131329,1131395,9051174045,9051702045,358,54820,0,1,1,0
82077484000000,82077984000000,500.0,4096,68,68,1131396,1131463,9051710043,9052246043,298,54888,0,1,1,0
82078015000000,82078531000000,516.0,4096,69,68,1131464,1131531,9052254043,9052790047,233,54957,0,1,1,0
82078562000000,82079078000000,516.0,4096,69,68,1131532,1131599,9052798043,9053334043,344,55026,0,1,1,0
82079109000000,82079609000000,500.0,4096,68,67,1131600,1131666,9053342046,9053870047,330,55094,0,1,1,0
82079656000000,82080156000000,500.0,4096,68,68,1131667,1131734,9053878046,9054414044,287,55162,0,1,1,0
82080187000000,82080687000000,500.0,4096,69,68,1131735,1131802,9054422043,9054958045,269,55231,0,1,1,0
82080734000000,82081234000000,500.0,4096,68,67,1131803,1131869,9054966045,9055494043,294,55299,0,1,1,0
82081265000000,82081781000000,516.0,4096,68,68,1131870,1131937,9055502045,9056038043,295,55367,0,1,1,0
82081812000000,82082312000000,500.0,4096,69,67,1131938,1132004,9056046047,9056574043,2226,55436,0,1,1,0
82082609000000,82082859000000,250.0,4096,69,68,1132005,1132072,9056582043,9057118043,411,55505,0,1,1,0
82082906000000,82083390000000,484.0,4096,68,68,1132073,1132140,9057126043,9057662045,236,55573,0,1,1,0
82083421000000,82083937000000,516.0,4096,68,67,1132141,1132207,9057670043,9058198047,277,55641,0,1,1,0
82083968000000,82084468000000,500.0,4096,67,66,1132208,1132273,9058206044,9058726043,358,55708,0,1,1,0
82084515000000,82085000000000,485.0,4096,67,67,1132274,1132340,9058734043,9059262043,195,55775,0,1,1,0
82085031000000,82085531000000,500.0,4096,67,66,1132341,1132406,9059270047,9059790047,295,55842,0,1,1,0
82085562000000,82086062000000,500.0,4096,67,66,1132407,1132472,9059798043,9060318043,189,55909,0,1,1,0
82086078000000,82086593000000,515.0,4096,67,67,1132473,1132539,9060326047,9060854043,481,55976,0,1,1,0
82086656000000,82087125000000,469.0,4096,68,66,1132540,1132605,9060862043,9061382044,306,56044,0,1,1,0
82087156000000,82087640000000,484.0,4096,68,66,1132606,1132671,9061390047,9061910043,189,56112,0,1,1,0
82087671000000,82088171000000,500.0,4096,67,66,1132672,1132737,9061918046,9062438043,275,56179,0,1,1,0
82088218000000,82088703000000,485.0,4096,67,67,1132738,1132804,9062446043,9062974047,291,56246,0,1,1,0
82088750000000,82089250000000,500.0,4096,68,67,1132805,1132871,9062982043,9063510043,322,56314,0,1,1,0
82089281000000,82089781000000,500.0,4096,68,67,1132872,1132938,9063518043,9064046043,440,56382,0,1,1,0
82089843000000,82090328000000,485.0,4096,68,68,1132939,1133006,9064054043,9064590047,259,56450,0,1,1,0
82090359000000,82090859000000,500.0,4096,68,67,1133007,1133073,9064598043,9065126043,248,56518,0,1,1,0
82090906000000,82091406000000,500.0,4096,69,68,1133074,1133141,9065134045,9065670043,292,56587,0,1,1,0
82091437000000,82091937000000,500.0,4096,68,67,1133142,1133208,9065678044,9066206043,224,56655,0,1,1,0
82091968000000,82092484000000,516.0,4096,69,68,1133209,1133276,9066214043,9066750046,286,56724,0,1,1,0
82092515000000,82093015000000,500.0,4096,67,66,1133277,1133342,9066758043,9067278043,262,56791,0,1,1,0
82093046000000,82093546000000,500.0,4096,68,67,1133343,1133409,9067286043,9067814047,213,56859,0,1,1,0
82093578000000,82094093000000,515.0,4096,67,67,1133410,1133476,9067822043,9068350043,292,56926,0,1,1,0
82094125000000,82094625000000,500.0,4096,67,66,1133477,1133542,9068358043,9068878043,369,56993,0,1,1,0
82094671000000,82095156000000,485.0,4096,68,67,1133543,1133609,9068886046,9069414045,197,57061,0,1,1,0
82095171000000,82095687000000,516.0,4096,68,68,1133610,1133677,9069422043,9069958043,327,57129,0,1,1,0
82095734000000,82096218000000,484.0,4096,67,66,1133678,1133743,9069966043,9070486047,294,57196,0,1,1,0
82096265000000,82096750000000,485.0,4096,67,66,1133744,1133809,9070494043,9071014044,184,57263,0,1,1,0
82096781000000,82097281000000,500.0,4096,68,66,1133810,1133875,9071022043,9071542045,260,57331,0,1,1,0
82097312000000,82097828000000,516.0,4096,68,68,1133876,1133943,9071550044,9072086046,316,57399,0,1,1,0
82097859000000,82098375000000,516.0,4096,69,68,1133944,1134011,9072094043,9072630043,289,57468,0,1,1,0
82098406000000,82098906000000,500.0,4096,69,68,1134012,1134079,9072638046,9073174045,265,57537,0,1,1,0
82098953000000,82099453000000,500.0,4096,68,68,1134080,1134147,9073182043,9073718043,220,57605,0,1,1,0
82099484000000,82100000000000,516.0,4096,70,69,1134148,1134216,9073726043,9074270046,363,57675,0,1,1,0
82100046000000,82100546000000,500.0,4096,69,68,1134217,1134284,9074278045,9074814044,316,57744,0,1,1,0
82100593000000,82101093000000,500.0,4096,69,68,1134285,1134352,9074822047,9075358044,220,57813,0,1,1,0
82101125000000,82101640000000,515.0,4096,68,68,1134353,1134420,9075366045,9075902044,252,57881,0,1,1,0
82101671000000,82102187000000,516.0,4096,70,68,1134421,1134488,9075910043,9076446044,303,57951,0,1,1,0
82102218000000,82102718000000,500.0,4096,68,67,1134489,1134555,9076454045,9076982046,2236,58019,0,1,1,0
82103015000000,82103265000000,250.0,4096,68,67,1134556,1134622,9076990045,9077518044,227,58087,0,1,1,0
82103281000000,82103796000000,515.0,4096,68,68,1134623,1134690,9077526045,9078062043,435,58155,0,1,1,0
82103859000000,82104343000000,484.0,4096,69,68,1134691,1134758,9078070046,9078606043,298,58224,0,1,1,0
82104390000000,82104875000000,485.0,4096,68,67,1134759,1134825,9078614043,9079142044,304,58292,0,1,1,0
82104921000000,82105421000000,500.0,4096,68,68,1134826,1134893,9079150043,9079686043,291,58360,0,1,1,0
82105453000000,82105968000000,515.0,4096,69,68,1134894,1134961,9079694043,9080230047,236,58429,0,1,1,0
82106000000000,82106515000000,515.0,4096,69,68,1134962,1135029,9080238043,9080774046,212,58498,0,1,1,0
82106531000000,82107046000000,515.0,4096,68,66,1135030,1135095,9080782043,9081302045,248,58566,0,1,1,0
82107078000000,82107593000000,515.0,4096,68,68,1135096,1135163,9081310044,9081846043,353,58634,0,1,1,0
82107625000000,82108125000000,500.0,4096,69,67,1135164,1135230,9081854043,9082382044,275,58703,0,1,1,0
82108156000000,82108656000000,500.0,4096,68,67,1135231,1135297,9082390043,9082918043,282,58771,0,1,1,0
82108703000000,82109203000000,500.0,4096,69,68,1135298,1135365,9082926045,9083462043,261,58840,0,1,1,0
82109234000000,82109750000000,516.0,4096,68,68,1135366,1135433,9083470043,9084006046,337,58908,0,1,1,0
82109781000000,82110281000000,500.0,4096,69,68,1135434,1135501,9084014043,9084550043,320,58977,0,1,1,0
82110328000000,82110828000000,500.0,4096,68,67,1135502,1135568,9084558043,9085086043,263,59045,0,1,1,0
82110859000000,82111375000000,516.0,4096,69,68,1135569,1135636,9085094047,9085630043,357,59114,0,1,1,0
82111406000000,82111906000000,500.0,4096,68,68,1135637,1135704,9085638043,9086174044,466,59182,0,1,1,0
82111953000000,82112437000000,484.0,4096,68,66,1135705,1135770,9086182043,9086702045,229,59250,0,1,1,0
82112468000000,82112984000000,516.0,4096,68,67,1135771,1135837,9086710043,9087238043,225,59318,0,1,1,0
82113015000000,82113515000000,500.0,4096,69,68,1135838,1135905,9087246043,9087782043,291,59387,0,1,1,0
82113562000000,82114062000000,500.0,4096,68,67,1135906,1135972,9087790044,9088318045,205,59455,0,1,1,0
82114078000000,82114609000000,531.0,4096,68,68,1135973,1136040,9088326047,9088862044,377,59523,0,1,1,0
82114656000000,82115140000000,484.0,4096,68,67,1136041,1136107,9088870044,9089398045,323,59591,0,1,1,0
82115171000000,82115671000000,500.0,4096,67,67,1136108,1136174,9089406043,9089934043,200,59658,0,1,1,0
82115687000000,82116203000000,516.0,4096,67,66,1136175,1136240,9089942043,9090462043,249,59725,0,1,1,0
82116234000000,82116734000000,500.0,4096,68,67,1136241,1136307,9090470043,9090998043,209,59793,0,1,1,0
82116765000000,82117265000000,500.0,4096,67,66,1136308,1136373,9091006046,9091526043,273,59860,0,1,1,0
82117296000000,82117796000000,500.0,4096,67,66,1136374,1136439,9091534043,9092054043,257,59927,0,1,1,0
82117828000000,82118328000000,500.0,4096,67,66,1136440,1136505,9092062043,9092582043,195,59994,0,1,1,0
82118343000000,82118859000000,516.0,4096,68,67,1136506,1136572,9092590043,9093118047,386,60062,0,1,1,0
82118906000000,82119390000000,484.0,4096,67,66,1136573,1136638,9093126043,9093646044,192,60129,0,1,1,0
82119406000000,82119921000000,515.0,4096,69,68,1136639,1136706,9093654043,9094190044,326,60198,0,1,1,0
82119968000000,82120468000000,500.0,4096,67,67,1136707,1136773,9094198044,9094726043,418,60265,0,1,1,0
82120531000000,82121000000000,469.0,4096,69,68,1136774,1136841,9094734045,9095270047,212,60334,0,1,1,0
82121031000000,82121546000000,515.0,4096,69,68,1136842,1136909,9095278044,9095814043,328,60403,0,1,1,0
82121593000000,82122078000000,485.0,4096,68,66,1136910,1136975,9095822044,9096342043,311,60471,0,1,1,0
82122125000000,82122625000000,500.0,4096,68,68,1136976,1137043,9096350045,9096886043,270,60539,0,1,1,0
82122656000000,82123171000000,515.0,4096,69,68,1137044,1137111,9096894043,9097430046,2053,60608,0,1,1,0
82123437000000,82123703000000,266.0,4096,68,67,1137112,1137178,9097438043,9097966045,318,60676,0,1,1,0
82123750000000,82124234000000,484.0,4096,68,67,1137179,1137245,9097974043,9098502043,188,60744,0,1,1,0
82124265000000,82124781000000,516.0,4096,69,68,1137246,1137313,9098510046,9099046046,330,60813,0,1,1,0
82124828000000,82125328000000,500.0,4096,68,68,1137314,1137381,9099054043,9099590046,254,60881,0,1,1,0
82125359000000,82125875000000,516.0,4096,68,67,1137382,1137448,9099598044,9100126043,273,60949,0,1,1,0
82125906000000,82126390000000,484.0,4096,68,67,1137449,1137515,9100134043,9100662043,268,61017,0,1,1,0
82126437000000,82126937000000,500.0,4096,67,67,1137516,1137582,9100670043,9101198043,186,61084,0,1,1,0
82126953000000,82127453000000,500.0,4096,67,65,1137583,1137647,9101206045,9101718044,312,61151,0,1,1,0
82127500000000,82127984000000,484.0,4096,68,67,1137648,1137714,9101726047,9102254044,296,61219,0,1,1,0
82128031000000,82128515000000,484.0,4096,67,66,1137715,1137780,9102262046,9102782043,274,61286,0,1,1,0
82128562000000,82129062000000,500.0,4096,67,67,1137781,1137847,9102790043,9103318045,324,61353,0,1,1,0
82129093000000,82129578000000,485.0,4096,67,66,1137848,1137913,9103326043,9103846047,288,61420,0,1,1,0
82129625000000,82130109000000,484.0,4096,67,66,1137914,1137979,9103854044,9104374043,293,61487,0,1,1,0
82130156000000,82130640000000,484.0,4096,67,66,1137980,1138045,9104382046,9104902043,320,61554,0,1,1,0
82130687000000,82131171000000,484.0,4096,67,67,1138046,1138112,9104910043,9105438046,247,61621,0,1,1,0
82131203000000,82131718000000,515.0,4096,68,67,1138113,1138179,9105446047,9105974045,254,61689,0,1,1,0
82131750000000,82132250000000,500.0,4096,69,67,1138180,1138246,9105982043,9106510043,297,61758,0,1,1,0
82132296000000,82132781000000,485.0,4096,68,68,1138247,1138314,9106518043,9107054044,192,61826,0,1,1,0
82132812000000,82133343000000,531.0,4096,69,68,1138315,1138382,9107062045,9107598044,332,61895,0,1,1,0
82133390000000,82133875000000,485.0,4096,68,67,1138383,1138449,9107606047,9108134043,372,61963,0,1,1,0
82133921000000,82134406000000,485.0,4096,68,67,1138450,1138516,9108142044,9108670043,191,62031,0,1,1,0
82134437000000,82134953000000,516.0,4096,69,69,1138517,1138585,9108678045,9109222043,319,62100,0,1,1,0
82135000000000,82135500000000,500.0,4096,68,67,1138586,1138652,9109230043,9109758045,265,62168,0,1,1,0
82135531000000,82136046000000,515.0,4096,69,69,1138653,1138721,9109766046,9110310043,263,62237,0,1,1,0
82136078000000,82136578000000,500.0,4096,67,66,1138722,1138787,9110318043,9110838043,232,62304,0,1,1,0
82136609000000,82137093000000,484.0,4096,68,66,1138788,1138853,9110846043,9111366043,300,62372,0,1,1,0
82137140000000,82137640000000,500.0,4096,67,66,1138854,1138919,9111374047,9111894044,174,62439,0,1,1,0
82137656000000,82138171000000,515.0,4096,67,67,1138920,1138986,9111902043,9112430043,205,62506,0,1,1,0
82138203000000,82138703000000,500.0,4096,68,67,1138987,1139053,9112438043,9112966047,179,62574,0,1,1,0
82138718000000,82139218000000,500.0,4096,66,65,1139054,1139118,9112974047,9113486047,245,62640,0,1,1,0
82139265000000,82139765000000,500.0,4096,67,67,1139119,1139185,9113494046,9114022046,291,62707,0,1,1,0
82139796000000,82140296000000,500.0,4096,68,67,1139186,1139252,9114030043,9114558043,174,62775,0,1,1,0
82140312000000,82140828000000,516.0,4096,67,66,1139253,1139318,9114566043,9115086043,274,62842,0,1,1,0
82140859000000,82141359000000,500.0,4096,68,68,1139319,1139386,9115094044,9115630043,225,62910,0,1,1,0
82141390000000,82141906000000,516.0,4096,68,67,1139387,1139453,9115638043,9116166045,380,62978,0,1,1,0
82141953000000,82142437000000,484.0,4096,68,67,1139454,1139520,9116174043,9116702044,257,63046,0,1,1,0
82142468000000,82142984000000,516.0,4096,69,68,1139521,1139588,9116710043,9117246045,175,63115,0,1,1,0
82143000000000,82143515000000,515.0,4096,67,67,1139589,1139655,9117254043,9117782045,2013,63182,0,1,1,0
82143781000000,82144062000000,281.0,4096,69,68,1139656,1139723,9117790043,9118326043,261,63251,0,1,1,0
82144093000000,82144593000000,500.0,4096,68,67,1139724,1139790,9118334044,9118862044,331,63319,0,1,1,0
82144640000000,82145140000000,500.0,4096,68,68,1139791,1139858,9118870045,9119406046,184,63387,0,1,1,0
82145171000000,82145687000000,516.0,4096,68,67,1139859,1139925,9119414043,9119942043,321,63455,0,1,1,0
82145718000000,82146218000000,500.0,4096,69,68,1139926,1139993,9119950043,9120486044,173,63524,0,1,1,0
82146250000000,82146765000000,515.0,4096,68,68,1139994,1140061,9120494047,9121030043,264,63592,0,1,1,0
82146796000000,82147296000000,500.0,4096,68,66,1140062,1140127,9121038043,9121558043,284,63660,0,1,1,0
82147328000000,82147828000000,500.0,4096,68,66,1140128,1140193,9121566043,9122086043,189,63728,0,1,1,0
82147859000000,82148375000000,516.0,4096,68,68,1140194,1140261,9122094046,9122630043,276,63796,0,1,1,0
82148406000000,82148906000000,500.0,4096,68,67,1140262,1140328,9122638043,9123166043,393,63864,0,1,1,0
82148953000000,82149437000000,484.0,4096,67,66,1140329,1140394,9123174044,9123694043,282,63931,0,1,1,0
82149468000000,82149968000000,500.0,4096,68,68,1140395,1140462,9123702045,9124238043,354,63999,0,1,1,0
82150015000000,82150515000000,500.0,4096,68,67,1140463,1140529,9124246046,9124774045,225,64067,0,1,1,0
82150546000000,82151046000000,500.0,4096,68,67,1140530,1140596,9124782046,9125310043,199,64135,0,1,1,0
82151078000000,82151593000000,515.0,4096,67,67,1140597,1140663,9125318043,9125846043,330,64202,0,1,1,0
82151625000000,82152125000000,500.0,4096,69,67,1140664,1140730,9125854047,9126382046,308,64271,0,1,1,0
82152156000000,82152656000000,500.0,4096,68,67,1140731,1140797,9126390043,9126918047,198,64339,0,1,1,0
82152671000000,82153203000000,532.0,4096,68,68,1140798,1140865,9126926043,9127462043,325,64407,0,1,1,0
82153250000000,82153750000000,500.0,4096,69,68,1140866,1140933,9127470043,9128006043,256,64476,0,1,1,0
82153781000000,82154296000000,515.0,4096,69,68,1140934,1141001,9128014045,9128550043,245,64545,0,1,1,0
82154328000000,82154828000000,500.0,4096,68,68,1141002,1141069,9128558043,9129094045,361,64613,0,1,1,0
82154875000000,82155375000000,500.0,4096,70,69,1141070,1141138,9129102045,9129646046,236,64683,0,1,1,0
82155406000000,82155906000000,500.0,4096,67,66,1141139,1141204,9129654043,9130174043,277,64750,0,1,1,0
82155953000000,82156453000000,500.0,4096,68,68,1141205,1141272,9130182045,9130718046,307,64818,0,1,1,0
82156500000000,82156968000000,468.0,4096,67,65,1141273,1141337,9130726047,9131238043,251,64885,0,1,1,0
82157015000000,82157515000000,500.0,4096,67,67,1141338,1141404,9131246043,9131774043,201,64952,0,1,1,0
82157546000000,82158046000000,500.0,4096,67,66,1141405,1141470,9131782047,9132302046,235,65019,0,1,1,0
82158078000000,82158578000000,500.0,4096,67,67,1141471,1141537,9132310043,9132838046,211,65086,0,1,1,0
82158609000000,82159109000000,500.0,4096,67,66,1141538,1141603,9132846047,9133366043,252,65153,0,1,1,0
82159140000000,82159640000000,500.0,4096,67,66,1141604,1141669,9133374043,9133894043,305,65220,0,1,1,0
82159671000000,82160171000000,500.0,4096,67,67,1141670,1141736,9133902043,9134430044,257,65287,0,1,1,0
82160203000000,82160687000000,484.0,4096,67,66,1141737,1141802,9134438043,9134958043,293,65354,0,1,1,0
82160734000000,82161218000000,484.0,4096,67,66,1141803,1141868,9134966047,9135486045,340,65421,0,1,1,0
82161265000000,82161750000000,485.0,4096,67,66,1141869,1141934,9135494043,9136014045,148,65488,0,1,1,0
82161781000000,82162296000000,515.0,4096,68,67,1141935,1142001,9136022043,9136550045,254,65556,0,1,1,0
82162328000000,82162828000000,500.0,4096,69,68,1142002,1142069,9136558043,9137094043,159,65625,0,1,1,0
82162859000000,82163359000000,500.0,4096,68,67,1142070,1142136,9137102046,9137630045,335,65693,0,1,1,0
82163406000000,82163906000000,500.0,4096,68,68,1142137,1142204,9137638044,9138174043,219,65761,0,1,1,0
82163937000000,82164453000000,516.0,4096,68,67,1142205,1142271,9138182043,9138710047,2031,65829,0,1,1,0
82164718000000,82164984000000,266.0,4096,69,68,1142272,1142339,9138718043,9139254045,523,65898,0,1,1,0
82165062000000,82165531000000,469.0,4096,68,67,1142340,1142406,9139262046,9139790043,281,65966,0,1,1,0
82165562000000,82166078000000,516.0,4096,68,68,1142407,1142474,9139798043,9140334044,259,66034,0,1,1,0
82166109000000,82166609000000,500.0,4096,68,67,1142475,1142541,9140342043,9140870043,252,66102,0,1,1,0
82166640000000,82167140000000,500.0,4096,69,67,1142542,1142608,9140878045,9141406046,249,66171,0,1,1,0
82167187000000,82167687000000,500.0,4096,69,68,1142609,1142676,9141414044,9141950045,200,66240,0,1,1,0
82167718000000,82168234000000,516.0,4096,69,68,1142677,1142744,9141958043,9142494043,260,66309,0,1,1,0
82168265000000,82168781000000,516.0,4096,69,68,1142745,1142812,9142502045,9143038043,265,66378,0,1,1,0
82168812000000,82169312000000,500.0,4096,67,67,1142813,1142879,9143046043,9143574046,236,66445,0,1,1,0
82169343000000,82169859000000,516.0,4096,70,69,1142880,1142948,9143582043,9144126044,304,66515,0,1,1,0
82169906000000,82170390000000,484.0,4096,67,66,1142949,1143014,9144134047,9144654046,240,66582,0,1,1,0
82170421000000,82170937000000,516.0,4096,69,69,1143015,1143083,9144662043,9145206045,188,66651,0,1,1,0
82170968000000,82171468000000,500.0,4096,67,66,1143084,1143149,9145214043,9145734043,360,66718,0,1,1,0
82171515000000,82172000000000,485.0,4096,67,65,1143150,1143214,9145742043,9146254043,406,66785,0,1,1,0
82172046000000,82172531000000,485.0,4096,68,68,1143215,1143282,9146262043,9146798043,216,66853,0,1,1,0
82172562000000,82173062000000,500.0,4096,66,65,1143283,1143347,9146806047,9147318047,525,66919,0,1,1,0
82173125000000,82173593000000,468.0,4096,67,67,1143348,1143414,9147326043,9147854045,298,66986,0,1,1,0
82173640000000,82174125000000,485.0,4096,68,67,1143415,1143481,9147862046,9148390043,153,67054,0,1,1,0
82174140000000,82174656000000,516.0,4096,66,66,1143482,1143547,9148398043,9148918047,327,67120,0,1,1,0
82174703000000,82175187000000,484.0,4096,67,66,1143548,1143613,9148926043,9149446043,253,67187,0,1,1,0
82175218000000,82175718000000,500.0,4096,68,67,1143614,1143680,9149454046,9149982044,285,67255,0,1,1,0
82175750000000,82176265000000,515.0,4096,68,68,1143681,1143748,9149990043,9150526043,339,67323,0,1,1,0
82176296000000,82176796000000,500.0,4096,68,67,1143749,1143815,9150534047,9151062045,157,67391,0,1,1,0
82176828000000,82177328000000,500.0,4096,69,67,1143816,1143882,9151070043,9151598045,268,67460,0,1,1,0
82177375000000,82177875000000,500.0,4096,68,68,1143883,1143950,9151606047,9152142043,296,67528,0,1,1,0
82177906000000,82178421000000,515.0,4096,68,67,1143951,1144017,9152150043,9152678047,151,67596,0,1,1,0
82178437000000,82178953000000,516.0,4096,69,68,1144018,1144085,9152686043,9153222044,331,67665,0,1,1,0
82179000000000,82179500000000,500.0,4096,68,67,1144086,1144152,9153230044,9153758043,376,67733,0,1,1,0
82179546000000,82180046000000,500.0,4096,68,68,1144153,1144220,9153766043,9154302045,216,67801,0,1,1,0
82180078000000,82180578000000,500.0,4096,69,68,1144221,1144288,9154310043,9154846045,283,67870,0,1,1,0
82180625000000,82181125000000,500.0,4096,69,68,1144289,1144356,9154854044,9155390046,277,67939,0,1,1,0
82181156000000,82181656000000,500.0,4096,67,67,1144357,1144423,9155398045,9155926043,180,68006,0,1,1,0
82181687000000,82182187000000,500.0,4096,67,65,1144424,1144488,9155934043,9156446043,268,68073,0,1,1,0
82182218000000,82182718000000,500.0,4096,67,66,1144489,1144554,9156454043,9156974044,209,68140,0,1,1,0
82182734000000,82183265000000,531.0,4096,66,66,1144555,1144623,9156982046,9157526046,866,68206,1,1,2,3
82183390000000,82183828000000,438.0,4096,65,65,1144624,1144694,9157534046,9158094044,307,68271,3,1,4,9
82183875000000,82184359000000,484.0,4096,67,66,1144695,1144760,9158102043,9158622043,2115,68338,3,1,4,9
82184640000000,82184890000000,250.0,4096,68,67,1144761,1144827,9158630043,9159158047,304,68406,3,1,4,9
82184937000000,82185437000000,500.0,4096,67,67,1144828,1144894,9159166046,9159694047,230,68473,3,1,4,9
82185468000000,82185968000000,500.0,4096,68,67,1144895,1144961,9159702043,9160230043,207,68541,3,1,4,9
82186000000000,82186500000000,500.0,4096,68,67,1144962,1145028,9160238045,9160766047,371,68609,3,1,4,9
82186562000000,82187046000000,484.0,4096,69,68,1145029,1145096,9160774045,9161310045,317,68678,3,1,4,9
82187093000000,82187593000000,500.0,4096,69,68,1145097,1145164,9161318043,9161854044,249,68747,3,1,4,9
82187609000000,82188125000000,516.0,4096,69,67,1145165,1145231,9161862043,9162390047,509,68816,3,1,4,9
82188203000000,82188671000000,468.0,4096,68,68,1145232,1145299,9162398043,9162934044,250,68884,3,1,4,9
82188703000000,82189218000000,515.0,4096,69,68,1145300,1145367,9162942043,9163478044,166,68953,3,1,4,9
82189234000000,82189750000000,516.0,4096,68,67,1145368,1145434,9163486043,9164014044,319,69021,3,1,4,9
82189796000000,82190296000000,500.0,4096,68,67,1145435,1145501,9164022046,9164550043,229,69089,3,1,4,9
82190328000000,82190828000000,500.0,4096,68,68,1145502,1145569,9164558045,9165094043,377,69157,3,1,4,9
82190890000000,82191375000000,485.0,4096,69,68,1145570,1145637,9165102047,9165638046,255,69226,3,1,4,9
82191406000000,82191906000000,500.0,4096,68,67,1145638,1145704,9165646043,9166174043,226,69294,3,1,4,9
82191937000000,82192453000000,516.0,4096,69,68,1145705,1145772,9166182043,9166718043,266,69363,3,1,4,9
82192484000000,82192984000000,500.0,4096,68,67,1145773,1145839,9166726045,9167254043,241,69431,3,1,4,9
82193031000000,82193531000000,500.0,4096,68,67,1145840,1145906,9167262047,9167790043,275,69499,3,1,4,9
82193562000000,82194078000000,516.0,4096,68,68,1145907,1145974,9167798046,9168334047,263,69567,3,1,4,9
82194109000000,82194609000000,500.0,4096,68,67,1145975,1146041,9168342043,9168870043,309,69635,3,1,4,9
82194656000000,82195156000000,500.0,4096,68,68,1146042,1146109,9168878047,9169414044,251,69703,3,1,4,9
82195171000000,82195687000000,516.0,4096,69,68,1146110,1146177,9169422043,9169958044,268,69772,3,1,4,9
82195734000000,82196234000000,500.0,4096,68,67,1146178,1146244,9169966043,9170494044,348,69840,3,1,4,9
82196281000000,82196765000000,484.0,4096,67,67,1146245,1146311,9170502043,9171030043,245,69907,3,1,4,9
82196812000000,82197312000000,500.0,4096,70,68,1146312,1146379,9171038047,9171574043,335,69977,3,1,4,9
82197343000000,82197843000000,500.0,4096,67,66,1146380,1146445,9171582046,9172102047,249,70044,3,1,4,9
82197875000000,82198390000000,515.0,4096,68,68,1146446,1146513,9172110043,9172646044,194,70112,3,1,4,9
82198406000000,82198921000000,515.0,4096,69,68,1146514,1146581,9172654043,9173190045,299,70181,3,1,4,9
82198968000000,82199453000000,485.0,4096,67,66,1146582,1146647,9173198044,9173718046,250,70248,3,1,4,9
82199484000000,82200000000000,516.0,4096,69,69,1146648,1146716,9173726043,9174270043,390,70317,3,1,4,9
82200062000000,82200546000000,484.0,4096,68,67,1146717,1146783,9174278044,9174806045,461,70385,3,1,4,9
82200609000000,82201093000000,484.0,4096,68,68,1146784,1146851,9174814044,9175350043,449,70453,3,1,4,9
82201140000000,82201625000000,485.0,4096,68,67,1146852,1146918,9175358043,9175886046,200,70521,3,1,4,9
82201656000000,82202156000000,500.0,4096,69,67,1146919,1146985,9175894045,9176422046,243,70590,3,1,4,9
82202187000000,82202703000000,516.0,4096,68,68,1146986,1147053,9176430045,9176966045,279,70658,3,1,4,9
82202734000000,82203234000000,500.0,4096,68,67,1147054,1147120,9176974043,9177502044,187,70726,3,1,4,9
82203265000000,82203781000000,516.0,4096,69,68,1147121,1147188,9177510043,9178046043,237,70795,3,1,4,9
82203812000000,82204328000000,516.0,4096,68,68,1147189,1147256,9178054043,9178590043,258,70863,3,1,4,9
82204359000000,82204859000000,500.0,4096,67,66,1147257,1147322,9178598043,9179118043,246,70930,3,1,4,9
82204890000000,82205390000000,500.0,4096,68,67,1147323,1147389,9179126043,9179654043,2270,70998,3,1,4,9
82205687000000,82205937000000,250.0,4096,67,67,1147390,1147456,9179662047,9180190043,303,71065,3,1,4,9
82205968000000,82206453000000,485.0,4096,67,66,1147457,1147522,9180198045,9180718043,198,71132,3,1,4,9
82206484000000,82206984000000,500.0,4096,68,66,1147523,1147588,9180726043,9181246044,327,71200,3,1,4,9
82207031000000,82207515000000,484.0,4096,67,67,1147589,1147655,9181254043,9181782043,309,71267,3,1,4,9
82207562000000,82208046000000,484.0,4096,68,66,1147656,1147721,9181790043,9182310043,158,71335,3,1,4,9
82208062000000,82208578000000,516.0,4096,67,66,1147722,1147787,9182318043,9182838045,367,71402,3,1,4,9
82208625000000,82209125000000,500.0,4096,69,69,1147788,1147856,9182846043,9183390043,378,71471,3,1,4,9
82209187000000,82209671000000,484.0,4096,69,68,1147857,1147924,9183398043,9183934043,223,71540,3,1,4,9
82209703000000,82210218000000,515.0,4096,68,68,1147925,1147992,9183942046,9184478043,317,71608,3,1,4,9
82210265000000,82210765000000,500.0,4096,69,68,1147993,1148060,9184486045,9185022046,309,71677,3,1,4,9
82210796000000,82211312000000,516.0,4096,69,68,1148061,1148128,9185030043,9185566043,283,71746,3,1,4,9
82211343000000,82211843000000,500.0,4096,68,68,1148129,1148196,9185574043,9186110043,394,71814,3,1,4,9
82211890000000,82212390000000,500.0,4096,70,68,1148197,1148264,9186118043,9186654045,308,71884,3,1,4,9
82212437000000,82212921000000,484.0,4096,68,67,1148265,1148331,9186662044,9187190046,174,71952,3,1,4,9
82212953000000,82213484000000,531.0,4096,69,69,1148332,1148400,9187198043,9187742043,275,72021,3,1,4,9
82213515000000,82214015000000,500.0,4096,68,67,1148401,1148467,9187750043,9188278045,319,72089,3,1,4,9
82214062000000,82214546000000,484.0,4096,68,67,1148468,1148534,9188286043,9188814046,235,72157,3,1,4,9
82214578000000,82215093000000,515.0,4096,67,67,1148535,1148601,9188822043,9189350047,369,72224,3,1,4,9
82215140000000,82215625000000,485.0,4096,67,66,1148602,1148667,9189358046,9189878044,340,72291,3,1,4,9
82215656000000,82216156000000,500.0,4096,67,67,1148668,1148734,9189886043,9190414044,345,72358,3,1,4,9
82216187000000,82216671000000,484.0,4096,67,66,1148735,1148800,9190422043,9190942043,495,72425,3,1,4,9
82216750000000,82217203000000,453.0,4096,67,65,1148801,1148865,9190950043,9191462046,265,72492,3,1,4,9
82217234000000,82217734000000,500.0,4096,67,67,1148866,1148932,9191470047,9191998046,259,72559,3,1,4,9
82217781000000,82218265000000,484.0,4096,67,66,1148933,1148998,9192006043,9192526047,507,72626,3,1,4,9
82218328000000,82218796000000,468.0,4096,67,66,1148999,1149064,9192534045,9193054043,292,72693,3,1,4,9
82218828000000,82219328000000,500.0,4096,67,67,1149065,1149131,9193062046,9193590044,310,72760,3,1,4,9
82219359000000,82219859000000,500.0,4096,67,66,1149132,1149197,9193598044,9194118044,220,72827,3,1,4,9
82219890000000,82220390000000,500.0,4096,68,67,1149198,1149264,9194126043,9194654043,312,72895,3,1,4,9
82220437000000,82220921000000,484.0,4096,68,67,1149265,1149331,9194662045,9195190044,339,72963,3,1,4,9
82220968000000,82221468000000,500.0,4096,68,68,1149332,1149399,9195198043,9195734043,162,73031,3,1,4,9
82221500000000,82222000000000,500.0,4096,69,67,1149400,1149466,9195742043,9196270044,229,73100,3,1,4,9
82222031000000,82222546000000,515.0,4096,68,67,1149467,1149533,9196278043,9196806043,256,73168,3,1,4,9
82222578000000,82223093000000,515.0,4096,68,68,1149534,1149601,9196814045,9197350043,349,73236,3,1,4,9
82223140000000,82223640000000,500.0,4096,68,67,1149602,1149668,9197358043,9197886046,443,73304,3,1,4,9
82223687000000,82224156000000,469.0,4096,68,67,1149669,1149735,9197894043,9198422045,292,73372,3,1,4,9
82224203000000,82224703000000,500.0,4096,68,68,1149736,1149803,9198430043,9198966043,266,73440,3,1,4,9
82224734000000,82225250000000,516.0,4096,69,68,1149804,1149871,9198974047,9199510043,258,73509,3,1,4,9
82225281000000,82225781000000,500.0,4096,68,67,1149872,1149938,9199518043,9200046045,2531,73577,3,1,4,9
82226125000000,82226328000000,203.0,4096,68,68,1149939,1150006,9200054045,9200590043,197,73645,3,1,4,9
82226359000000,82226859000000,500.0,4096,68,67,1150007,1150073,9200598043,9201126046,250,73713,3,1,4,9
82226906000000,82227390000000,484.0,4096,69,67,1150074,1150140,9201134046,9201662043,161,73782,3,1,4,9
82227421000000,82227937000000,516.0,4096,68,67,1150141,1150207,9201670046,9202198043,263,73850,3,1,4,9
82227968000000,82228468000000,500.0,4096,68,67,1150208,1150274,9202206043,9202734045,247,73918,3,1,4,9
82228515000000,82229015000000,500.0,4096,68,68,1150275,1150342,9202742044,9203278043,208,73986,3,1,4,9
82229046000000,82229546000000,500.0,4096,69,68,1150343,1150410,9203286043,9203822043,336,74055,3,1,4,9
82229593000000,82230093000000,500.0,4096,68,67,1150411,1150477,9203830046,9204358043,269,74123,3,1,4,9
82230125000000,82230640000000,515.0,4096,67,67,1150478,1150544,9204366045,9204894043,354,74190,3,1,4,9
82230687000000,82231171000000,484.0,4096,69,68,1150545,1150612,9204902045,9205438044,244,74259,3,1,4,9
82231203000000,82231703000000,500.0,4096,68,67,1150613,1150679,9205446047,9205974044,360,74327,3,1,4,9
82231750000000,82232250000000,500.0,4096,68,67,1150680,1150746,9205982047,9206510043,289,74395,3,1,4,9
82232281000000,82232781000000,500.0,4096,68,67,1150747,1150813,9206518047,9207046044,325,74463,3,1,4,9
82232828000000,82233328000000,500.0,4096,68,67,1150814,1150880,9207054044,9207582044,237,74531,3,1,4,9
82233359000000,82233859000000,500.0,4096,68,68,1150881,1150948,9207590043,9208126043,164,74599,3,1,4,9
82233890000000,82234406000000,516.0,4096,68,67,1150949,1151015,9208134046,9208662043,253,74667,3,1,4,9
82234437000000,82234937000000,500.0,4096,68,68,1151016,1151083,9208670043,9209206045,348,74735,3,1,4,9
82234984000000,82235484000000,500.0,4096,68,67,1151084,1151150,9209214043,9209742043,199,74803,3,1,4,9
82235515000000,82236015000000,500.0,4096,68,67,1151151,1151217,9209750047,9210278045,281,74871,3,1,4,9
82236062000000,82236562000000,500.0,4096,68,68,1151218,1151285,9210286043,9210822046,395,74939,3,1,4,9
82236609000000,82237093000000,484.0,4096,69,67,1151286,1151352,9210830044,9211358044,185,75008,3,1,4,9
82237125000000,82237625000000,500.0,4096,68,67,1151353,1151419,9211366047,9211894043,398,75076,3,1,4,9
82237687000000,82238171000000,484.0,4096,68,68,1151420,1151487,9211902043,9212438046,431,75144,3,1,4,9
82238234000000,82238718000000,484.0,4096,68,67,1151488,1151554,9212446043,9212974044,356,75212,3,1,4,9
82238765000000,82239250000000,485.0,4096,68,68,1151555,1151622,9212982043,9213518043,350,75280,3,1,4,9
82239296000000,82239796000000,500.0,4096,69,68,1151623,1151690,9213526043,9214062044,394,75349,3,1,4,9
82239843000000,82240328000000,485.0,4096,68,67,1151691,1151757,9214070046,9214598043,233,75417,3,1,4,9
82240359000000,82240875000000,516.0,4096,67,67,1151758,1151824,9214606043,9215134043,246,75484,3,1,4,9
82240906000000,82241421000000,515.0,4096,69,68,1151825,1151892,9215142043,9215678045,365,75553,3,1,4,9
82241468000000,82241953000000,485.0,4096,68,67,1151893,1151959,9215686046,9216214043,211,75621,3,1,4,9
82241984000000,82242500000000,516.0,4096,69,68,1151960,1152027,9216222044,9216758043,271,75690,3,1,4,9
82242531000000,82243031000000,500.0,4096,68,67,1152028,1152094,9216766043,9217294043,244,75758,3,1,4,9
82243062000000,82243578000000,516.0,4096,68,68,1152095,1152162,9217302046,9217838045,228,75826,3,1,4,9
82243609000000,82244109000000,500.0,4096,68,67,1152163,1152229,9217846043,9218374045,399,75894,3,1,4,9
82244171000000,82244656000000,485.0,4096,68,67,1152230,1152296,9218382043,9218910043,466,75962,3,1,4,9
82244718000000,82245203000000,485.0,4096,68,68,1152297,1152364,9218918045,9219454045,185,76030,3,1,4,9
82245218000000,82245734000000,516.0,4096,68,67,1152365,1152431,9219462043,9219990046,2149,76098,3,1,4,9
82246000000000,82246250000000,250.0,4096,67,66,1152432,1152497,9219998045,9220518043,350,76165,3,1,4,9
82246296000000,82246796000000,500.0,4096,67,67,1152498,1152564,9220526045,9221054044,157,76232,3,1,4,9
82246812000000,82247312000000,500.0,4096,68,66,1152565,1152630,9221062046,9221582044,247,76300,3,1,4,9
82247359000000,82247843000000,484.0,4096,67,65,1152631,1152695,9221590044,9222102045,187,76367,3,1,4,9
82247875000000,82248375000000,500.0,4096,68,68,1152696,1152763,9222110047,9222646046,278,76435,3,1,4,9
82248421000000,82248921000000,500.0,4096,67,66,1152764,1152829,9222654043,9223174047,226,76502,3,1,4,9
82248937000000,82249437000000,500.0,4096,67,66,1152830,1152895,9223182047,9223702044,185,76569,3,1,4,9
82249468000000,82249984000000,516.0,4096,68,68,1152896,1152963,9223710047,9224246044,332,76637,3,1,4,9
82250031000000,82250515000000,484.0,4096,68,67,1152964,1153030,9224254043,9224782045,251,76705,3,1,4,9
82250562000000,82251062000000,500.0,4096,68,68,1153031,1153098,9224790045,9225326045,233,76773,3,1,4,9
82251093000000,82251609000000,516.0,4096,69,68,1153099,1153166,9225334046,9225870044,250,76842,3,1,4,9
82251640000000,82252140000000,500.0,4096,69,67,1153167,1153233,9225878043,9226406043,384,76911,3,1,4,9
82252187000000,82252687000000,500.0,4096,67,67,1153234,1153300,9226414045,9226942043,224,76978,3,1,4,9
82252718000000,82253218000000,500.0,4096,69,68,1153301,1153368,9226950045,9227486043,276,77047,3,1,4,9
82253265000000,82253765000000,500.0,4096,68,67,1153369,1153435,9227494043,9228022043,255,77115,3,1,4,9
82253796000000,82254312000000,516.0,4096,68,68,1153436,1153503,9228030046,9228566043,179,77183,3,1,4,9
82254328000000,82254828000000,500.0,4096,67,66,1153504,1153569,9228574043,9229094043,376,77250,3,1,4,9
82254890000000,82255375000000,485.0,4096,67,67,1153570,1153636,9229102043,9229630043,175,77317,3,1,4,9
82255390000000,82255890000000,500.0,4096,67,66,1153637,1153702,9229638043,9230158043,253,77384,3,1,4,9
82255937000000,82256421000000,484.0,4096,67,66,1153703,1153768,9230166046,9230686043,308,77451,3,1,4,9
82256468000000,82256953000000,485.0,4096,67,67,1153769,1153835,9230694043,9231222045,218,77518,3,1,4,9
82256984000000,82257484000000,500.0,4096,68,66,1153836,1153901,9231230043,9231750043,270,77586,3,1,4,9
82257515000000,82258015000000,500.0,4096,67,66,1153902,1153967,9231758047,9232278043,182,77653,3,1,4,9
82258031000000,82258546000000,515.0,4096,67,67,1153968,1154034,9232286043,9232814043,269,77720,3,1,4,9
82258593000000,82259078000000,485.0,4096,67,66,1154035,1154100,9232822045,9233342044,308,77787,3,1,4,9
82259125000000,82259625000000,500.0,4096,68,68,1154101,1154168,9233350045,9233886043,273,77855,3,1,4,9
82259656000000,82260156000000,500.0,4096,68,67,1154169,1154235,9233894047,9234422047,367,77923,3,1,4,9
82260218000000,82260703000000,485.0,4096,69,68,1154236,1154303,9234430043,9234966043,263,77992,3,1,4,9
82260734000000,82261250000000,516.0,4096,67,67,1154304,1154370,9234974048,9235502044,187,78059,3,1,4,9
82261265000000,82261781000000,516.0,4096,69,68,1154371,1154438,9235510043,9236046045,245,78128,3,1,4,9
82261812000000,82262312000000,500.0,4096,69,67,1154439,1154505,9236054045,9236582043,261,78197,3,1,4,9
82262359000000,82262859000000,500.0,4096,67,67,1154506,1154572,9236590043,9237118043,188,78264,3,1,4,9
82262890000000,82263406000000,516.0,4096,69,68,1154573,1154640,9237126046,9237662043,251,78333,3,1,4,9
82263437000000,82263937000000,500.0,4096,68,67,1154641,1154707,9237670043,9238198047,333,78401,3,1,4,9
82263984000000,82264484000000,500.0,4096,68,68,1154708,1154775,9238206043,9238742045,159,78469,3,1,4,9
82264500000000,82265015000000,515.0,4096,68,67,1154776,1154842,9238750043,9239278043,315,78537,3,1,4,9
82265062000000,82265562000000,500.0,4096,69,68,1154843,1154910,9239286047,9239822043,259,78606,3,1,4,9
82265593000000,82266109000000,516.0,4096,68,68,1154911,1154978,9239830043,9240366043,2128,78674,3,1,4,9
82266390000000,82266640000000,250.0,4096,67,66,1154979,1155044,9240374043,9240894046,251,78741,3,1,4,9
82266671000000,82267171000000,500.0,4096,68,67,1155045,1155111,9240902043,9241430044,270,78809,3,1,4,9
82267203000000,82267687000000,484.0,4096,68,66,1155112,1155177,9241438044,9241958044,212,78877,3,1,4,9
82267718000000,82268218000000,500.0,4096,67,66,1155178,1155243,9241966047,9242486047,420,78944,3,1,4,9
82268281000000,82268750000000,469.0,4096,67,66,1155244,1155309,9242494043,9243014046,259,79011,3,1,4,9
82268781000000,82269281000000,500.0,4096,67,67,1155310,1155376,9243022043,9243550047,210,79078,3,1,4,9
82269312000000,82269812000000,500.0,4096,67,66,1155377,1155442,9243558045,9244078043,332,79145,3,1,4,9
82269859000000,82270343000000,484.0,4096,67,66,1155443,1155508,9244086043,9244606043,178,79212,3,1,4,9
82270375000000,82270875000000,500.0,4096,67,67,1155509,1155575,9244614043,9245142043,257,79279,3,1,4,9
82270906000000,82271421000000,515.0,4096,68,67,1155576,1155642,9245150043,9245678043,250,79347,3,1,4,9
82271453000000,82271953000000,500.0,4096,68,67,1155643,1155709,9245686047,9246214044,223,79415,3,1,4,9
82271984000000,82272500000000,516.0,4096,69,68,1155710,1155777,9246222043,9246758043,322,79484,3,1,4,9
82272531000000,82273031000000,500.0,4096,68,67,1155778,1155844,9246766046,9247294046,221,79552,3,1,4,9
82273062000000,82273562000000,500.0,4096,68,67,1155845,1155911,9247302043,9247830043,280,79620,3,1,4,9
82273609000000,82274109000000,500.0,4096,69,68,1155912,1155979,9247838043,9248374044,265,79689,3,1,4,9
82274140000000,82274656000000,516.0,4096,67,67,1155980,1156046,9248382043,9248910043,343,79756,3,1,4,9
82274687000000,82275187000000,500.0,4096,69,68,1156047,1156114,9248918046,9249454044,161,79825,3,1,4,9
82275218000000,82275734000000,516.0,4096,68,67,1156115,1156181,9249462045,9249990043,391,79893,3,1,4,9
82275781000000,82276265000000,484.0,4096,68,68,1156182,1156249,9249998043,9250534045,260,79961,3,1,4,9
82276296000000,82276812000000,516.0,4096,68,67,1156250,1156316,9250542043,9251070045,194,80029,3,1,4,9
82276828000000,82277343000000,515.0,4096,69,67,1156317,1156383,9251078045,9251606046,258,80098,3,1,4,9
82277375000000,82277890000000,515.0,4096,68,68,1156384,1156451,9251614046,9252150046,270,80166,3,1,4,9
82277921000000,82278421000000,500.0,4096,68,67,1156452,1156518,9252158043,9252686044,154,80234,3,1,4,9
82278453000000,82278953000000,500.0,4096,68,67,1156519,1156585,9252694043,9253222043,278,80302,3,1,4,9
82279000000000,82279500000000,500.0,4096,68,68,1156586,1156653,9253230043,9253766043,318,80370,3,1,4,9
82279546000000,82280031000000,485.0,4096,68,67,1156654,1156720,9253774043,9254302043,299,80438,3,1,4,9
82280078000000,82280578000000,500.0,4096,68,68,1156721,1156788,9254310046,9254846043,361,80506,3,1,4,9
82280625000000,82281125000000,500.0,4096,68,67,1156789,1156855,9254854043,9255382045,263,80574,3,1,4,9
82281156000000,82281656000000,500.0,4096,68,67,1156856,1156922,9255390043,9255918045,224,80642,3,1,4,9
82281687000000,82282187000000,500.0,4096,68,67,1156923,1156989,9255926043,9256454045,245,80710,3,1,4,9
82282234000000,82282734000000,500.0,4096,69,68,1156990,1157057,9256462043,9256998043,304,80779,3,1,4,9
82282781000000,82283281000000,500.0,4096,68,67,1157058,1157124,9257006044,9257534046,255,80847,3,1,4,9
82283312000000,82283812000000,500.0,4096,68,68,1157125,1157192,9257542044,9258078043,269,80915,3,1,4,9
82283859000000,82284359000000,500.0,4096,68,67,1157193,1157259,9258086043,9258614043,231,80983,3,1,4,9
82284390000000,82284890000000,500.0,4096,69,68,1157260,1157327,9258622046,9259158043,348,81052,3,1,4,9
82284937000000,82285437000000,500.0,4096,68,68,1157328,1157395,9259166044,9259702043,292,81120,3,1,4,9
82285484000000,82285968000000,484.0,4096,68,67,1157396,1157462,9259710046,9260238045,197,81188,3,1,4,9
82286000000000,82286515000000,515.0,4096,68,67,1157463,1157529,9260246045,9260774043,2434,81256,3,1,4,9
82286828000000,82287046000000,218.0,4096,67,66,1157530,1157595,9260782046,9261302043,268,81323,3,1,4,9
82287078000000,82287578000000,500.0,4096,67,66,1157596,1157661,9261310043,9261830043,195,81390,3,1,4,9
82287593000000,82288093000000,500.0,4096,68,66,1157662,1157727,9261838043,9262358044,263,81458,3,1,4,9
82288125000000,82288625000000,500.0,4096,67,66,1157728,1157793,9262366043,9262886043,265,81525,3,1,4,9
82288656000000,82289156000000,500.0,4096,67,67,1157794,1157860,9262894043,9263422044,261,81592,3,1,4,9
82289187000000,82289687000000,500.0,4096,67,66,1157861,1157926,9263430043,9263950043,326,81659,3,1,4,9
82289734000000,82290218000000,484.0,4096,67,66,1157927,1157992,9263958043,9264478043,195,81726,3,1,4,9
82290250000000,82290765000000,515.0,4096,68,68,1157993,1158060,9264486043,9265022047,374,81794,3,1,4,9
82290812000000,82291312000000,500.0,4096,69,68,1158061,1158128,9265030043,9265566045,333,81863,3,1,4,9
82291343000000,82291843000000,500.0,4096,68,68,1158129,1158196,9265574046,9266110043,188,81931,3,1,4,9
82291875000000,82292390000000,515.0,4096,69,67,1158197,1158263,9266118043,9266646047,268,82000,3,1,4,9
82292421000000,82292937000000,516.0,4096,69,68,1158264,1158331,9266654043,9267190043,282,82069,3,1,4,9
82292968000000,82293468000000,500.0,4096,69,68,1158332,1158399,9267198043,9267734046,249,82138,3,1,4,9
82293500000000,82294015000000,515.0,4096,68,68,1158400,1158467,9267742046,9268278043,283,82206,3,1,4,9
82294046000000,82294546000000,500.0,4096,69,68,1158468,1158535,9268286043,9268822047,366,82275,3,1,4,9
82294609000000,82295093000000,484.0,4096,68,67,1158536,1158602,9268830043,9269358043,165,82343,3,1,4,9
82295125000000,82295640000000,515.0,4096,68,68,1158603,1158670,9269366043,9269902043,289,82411,3,1,4,9
82295687000000,82296187000000,500.0,4096,69,68,1158671,1158738,9269910043,9270446043,248,82480,3,1,4,9
82296218000000,82296734000000,516.0,4096,69,68,1158739,1158806,9270454047,9270990043,239,82549,3,1,4,9
82296765000000,82297265000000,500.0,4096,69,68,1158807,1158874,9270998043,9271534043,396,82618,3,1,4,9
82297312000000,82297812000000,500.0,4096,68,67,1158875,1158941,9271542046,9272070043,339,82686,3,1,4,9
82297859000000,82298343000000,484.0,4096,69,68,1158942,1159009,9272078043,9272614047,204,82755,3,1,4,9
82298375000000,82298890000000,515.0,4096,68,68,1159010,1159077,9272622045,9273158044,313,82823,3,1,4,9
82298921000000,82299437000000,516.0,4096,68,67,1159078,1159144,9273166045,9273694043,276,82891,3,1,4,9
82299468000000,82299968000000,500.0,4096,68,67,1159145,1159211,9273702043,9274230047,244,82959,3,1,4,9
82300000000000,82300515000000,515.0,4096,68,68,1159212,1159279,9274238047,9274774043,394,83027,3,1,4,9
82300562000000,82301062000000,500.0,4096,69,68,1159280,1159347,9274782047,9275318044,335,83096,3,1,4,9
82301093000000,82301593000000,500.0,4096,68,67,1159348,1159414,9275326043,9275854047,175,83164,3,1,4,9
82301625000000,82302125000000,500.0,4096,69,68,1159415,1159482,9275862044,9276398046,318,83233,3,1,4,9
82302171000000,82302671000000,500.0,4096,68,67,1159483,1159549,9276406043,9276934044,293,83301,3,1,4,9
82302703000000,82303203000000,500.0,4096,68,67,1159550,1159616,9276942043,9277470044,226,83369,3,1,4,9
82303234000000,82303750000000,516.0,4096,69,68,1159617,1159684,9277478043,9278014044,272,83438,3,1,4,9
82303781000000,82304296000000,515.0,4096,67,67,1159685,1159751,9278022043,9278550043,359,83505,3,1,4,9
82304343000000,82304828000000,485.0,4096,69,68,1159752,1159819,9278558043,9279094043,221,83574,3,1,4,9
82304859000000,82305375000000,516.0,4096,68,67,1159820,1159886,9279102043,9279630047,248,83642,3,1,4,9
82305406000000,82305921000000,515.0,4096,68,68,1159887,1159954,9279638044,9280174045,345,83710,3,1,4,9
82305968000000,82306453000000,485.0,4096,68,67,1159955,1160021,9280182043,9280710043,181,83778,3,1,4,9
82306468000000,82306984000000,516.0,4096,70,68,1160022,1160089,9280718043,9281254047,2305,83848,3,1,4,9
82307296000000,82307531000000,235.0,4096,68,67,1160090,1160156,9281262043,9281790044,157,83916,3,1,4,9
82307546000000,82308062000000,516.0,4096,68,67,1160157,1160223,9281798046,9282326046,305,83984,3,1,4,9
82308109000000,82308609000000,500.0,4096,69,68,1160224,1160291,9282334043,9282870043,257,84053,3,1,4,9
82308640000000,82309140000000,500.0,4096,68,67,1160292,1160358,9282878044,9283406043,196,84121,3,1,4,9
82309171000000,82309671000000,500.0,4096,67,67,1160359,1160425,9283414045,9283942047,290,84188,3,1,4,9
82309718000000,82310203000000,485.0,4096,67,66,1160426,1160491,9283950046,9284470043,273,84255,3,1,4,9
82310250000000,82310734000000,484.0,4096,67,66,1160492,1160557,9284478043,9284998046,238,84322,3,1,4,9
82310765000000,82311265000000,500.0,4096,67,66,1160558,1160623,9285006045,9285526047,383,84389,3,1,4,9
82311312000000,82311812000000,500.0,4096,67,67,1160624,1160690,9285534043,9286062043,286,84456,3,1,4,9
82311843000000,82312328000000,485.0,4096,68,66,1160691,1160756,9286070045,9286590046,287,84524,3,1,4,9
82312375000000,82312859000000,484.0,4096,68,67,1160757,1160823,9286598043,9287126043,230,84592,3,1,4,9
82312890000000,82313406000000,516.0,4096,67,67,1160824,1160890,9287134043,9287662043,199,84659,3,1,4,9
82313421000000,82313937000000,516.0,4096,68,67,1160891,1160957,9287670043,9288198045,265,84727,3,1,4,9
82313968000000,82314484000000,516.0,4096,69,68,1160958,1161025,9288206043,9288742045,252,84796,3,1,4,9
82314515000000,82315015000000,500.0,4096,68,67,1161026,1161092,9288750043,9289278043,324,84864,3,1,4,9
82315062000000,82315562000000,500.0,4096,68,68,1161093,1161160,9289286046,9289822043,309,84932,3,1,4,9
82315609000000,82316109000000,500.0,4096,69,68,1161161,1161228,9289830043,9290366043,321,85001,3,1,4,9
82316140000000,82316640000000,500.0,4096,69,68,1161229,1161296,9290374043,9290910045,180,85070,3,1,4,9
82316671000000,82317171000000,500.0,4096,68,66,1161297,1161362,9290918047,9291438045,307,85138,3,1,4,9
82317218000000,82317718000000,500.0,4096,68,68,1161363,1161430,9291446043,9291982043,241,85206,3,1,4,9
82317750000000,82318265000000,515.0,4096,68,67,1161431,1161497,9291990043,9292518043,242,85274,3,1,4,9
82318296000000,82318796000000,500.0,4096,69,68,1161498,1161565,9292526043,9293062043,397,85343,3,1,4,9
82318859000000,82319343000000,484.0,4096,68,67,1161566,1161632,9293070043,9293598043,159,85411,3,1,4,9
82319359000000,82319875000000,516.0,4096,68,68,1161633,1161700,9293606043,9294142044,358,85479,3,1,4,9
82319921000000,82320421000000,500.0,4096,68,67,1161701,1161767,9294150043,9294678045,374,85547,3,1,4,9
82320468000000,82320953000000,485.0,4096,69,68,1161768,1161835,9294686043,9295222043,258,85616,3,1,4,9
82320984000000,82321500000000,516.0,4096,68,67,1161836,1161902,9295230045,9295758043,263,85684,3,1,4,9
82321531000000,82322031000000,500.0,4096,69,67,1161903,1161969,9295766047,9296294043,329,85753,3,1,4,9
82322078000000,82322578000000,500.0,4096,68,68,1161970,1162037,9296302046,9296838043,209,85821,3,1,4,9
82322609000000,82323109000000,500.0,4096,68,67,1162038,1162104,9296846043,9297374043,246,85889,3,1,4,9
82323156000000,82323656000000,500.0,4096,69,68,1162105,1162172,9297382044,9297918043,314,85958,3,1,4,9
82323703000000,82324203000000,500.0,4096,69,68,1162173,1162240,9297926047,9298462043,243,86027,3,1,4,9
82324234000000,82324734000000,500.0,4096,68,67,1162241,1162307,9298470043,9298998043,311,86095,3,1,4,9
82324781000000,82325281000000,500.0,4096,68,68,1162308,1162375,9299006045,9299542044,400,86163,3,1,4,9
82325328000000,82325812000000,484.0,4096,68,67,1162376,1162442,9299550043,9300078043,228,86231,3,1,4,9
82325843000000,82326343000000,500.0,4096,68,67,1162443,1162509,9300086043,9300614047,261,86299,3,1,4,9
82326390000000,82326875000000,485.0,4096,67,66,1162510,1162575,9300622047,9301142043,206,86366,3,1,4,9
82326906000000,82327406000000,500.0,4096,68,66,1162576,1162641,9301150043,9301670043,2248,86434,3,1,4,9
82327687000000,82327937000000,250.0,4096,67,66,1162642,1162707,9301678043,9302198043,346,86501,3,1,4,9
82327984000000,82328468000000,484.0,4096,68,67,1162708,1162774,9302206043,9302734045,184,86569,3,1,4,9
82328500000000,82329000000000,500.0,4096,67,66,1162775,1162840,9302742047,9303262047,250,86636,3,1,4,9
82329031000000,82329531000000,500.0,4096,67,66,1162841,1162906,9303270047,9303790043,256,86703,3,1,4,9
82329562000000,82330062000000,500.0,4096,68,67,1162907,1162973,9303798046,9304326043,275,86771,3,1,4,9
82330109000000,82330609000000,500.0,4096,67,67,1162974,1163040,9304334043,9304862043,300,86838,3,1,4,9
82330640000000,82331140000000,500.0,4096,68,67,1163041,1163107,9304870045,9305398044,293,86906,3,1,4,9
82331171000000,82331671000000,500.0,4096,69,68,1163108,1163175,9305406046,9305942043,226,86975,3,1,4,9
82331703000000,82332218000000,515.0,4096,69,67,1163176,1163242,9305950044,9306478044,278,87044,3,1,4,9
82332250000000,82332750000000,500.0,4096,68,67,1163243,1163309,9306486043,9307014043,253,87112,3,1,4,9
82332781000000,82333296000000,515.0,4096,68,67,1163310,1163376,9307022043,9307550043,457,87180,3,1,4,9
82333359000000,82333828000000,469.0,4096,68,68,1163377,1163444,9307558044,9308094043,343,87248,3,1,4,9
82333875000000,82334375000000,500.0,4096,69,68,1163445,1163512,9308102043,9308638045,261,87317,3,1,4,9
82334406000000,82334921000000,515.0,4096,68,67,1163513,1163579,9308646046,9309174044,263,87385,3,1,4,9
82334953000000,82335453000000,500.0,4096,68,67,1163580,1163646,9309182045,9309710043,267,87453,3,1,4,9
82335484000000,82335984000000,500.0,4096,68,67,1163647,1163713,9309718043,9310246043,209,87521,3,1,4,9
82336015000000,82336531000000,516.0,4096,68,68,1163714,1163781,9310254045,9310790043,274,87589,3,1,4,9
82336562000000,82337062000000,500.0,4096,69,67,1163782,1163848,9310798043,9311326043,262,87658,3,1,4,9
82337093000000,82337609000000,516.0,4096,68,67,1163849,1163915,9311334045,9311862043,290,87726,3,1,4,9
82337640000000,82338140000000,500.0,4096,69,68,1163916,1163983,9311870045,9312406044,264,87795,3,1,4,9
82338171000000,82338671000000,500.0,4096,68,67,1163984,1164050,9312414044,9312942043,284,87863,3,1,4,9
82338718000000,82339218000000,500.0,4096,68,68,1164051,1164118,9312950047,9313486043,238,87931,3,1,4,9
82339250000000,82339765000000,515.0,4096,68,67,1164119,1164185,9313494043,9314022043,341,87999,3,1,4,9
82339796000000,82340296000000,500.0,4096,68,67,1164186,1164252,9314030043,9314558047,265,88067,3,1,4,9
82340328000000,82340828000000,500.0,4096,68,67,1164253,1164319,9314566043,9315094043,190,88135,3,1,4,9
82340859000000,82341375000000,516.0,4096,69,68,1164320,1164387,9315102043,9315638043,394,88204,3,1,4,9
82341421000000,82341906000000,485.0,4096,68,67,1164388,1164454,9315646043,9316174045,275,88272,3,1,4,9
82341953000000,82342453000000,500.0,4096,68,67,1164455,1164521,9316182045,9316710043,182,88340,3,1,4,9
82342468000000,82342984000000,516.0,4096,68,67,1164522,1164588,9316718044,9317246043,348,88408,3,1,4,9
82343031000000,82343515000000,484.0,4096,68,67,1164589,1164655,9317254044,9317782043,207,88476,3,1,4,9
82343546000000,82344046000000,500.0,4096,67,66,1164656,1164721,9317790044,9318310045,284,88543,3,1,4,9
82344078000000,82344578000000,500.0,4096,67,66,1164722,1164787,9318318043,9318838044,370,88610,3,1,4,9
82344625000000,82345109000000,484.0,4096,67,66,1164788,1164853,9318846046,9319366047,233,88677,3,1,4,9
82345140000000,82345640000000,500.0,4096,67,67,1164854,1164920,9319374043,9319902046,252,88744,3,1,4,9
82345671000000,82346171000000,500.0,4096,68,67,1164921,1164987,9319910047,9320438043,203,88812,3,1,4,9
82346203000000,82346703000000,500.0,4096,67,66,1164988,1165053,9320446043,9320966044,264,88879,3,1,4,9
82346750000000,82347234000000,484.0,4096,69,67,1165054,1165120,9320974043,9321502044,2496,88948,3,1,4,9
82347562000000,82347781000000,219.0,4096,69,67,1165121,1165187,9321510043,9322038043,198,89017,3,1,4,9
82347796000000,82348328000000,532.0,4096,68,68,1165188,1165255,9322046044,9322582043,289,89085,3,1,4,9
82348359000000,82348859000000,500.0,4096,69,68,1165256,1165323,9322590043,9323126043,252,89154,3,1,4,9
82348890000000,82349406000000,516.0,4096,68,67,1165324,1165390,9323134043,9323662043,183,89222,3,1,4,9
82349421000000,82349953000000,532.0,4096,68,67,1165391,1165457,9323670043,9324198043,580,89290,3,1,4,9
82350015000000,82350484000000,469.0,4096,69,68,1165458,1165525,9324206043,9324742043,271,89359,3,1,4,9
82350515000000,82351015000000,500.0,4096,69,68,1165526,1165593,9324750045,9325286043,234,89428,3,1,4,9
82351046000000,82351562000000,516.0,4096,68,67,1165594,1165660,9325294045,9325822043,346,89496,3,1,4,9
82351609000000,82352093000000,484.0,4096,69,67,1165661,1165727,9325830045,9326358043,249,89565,3,1,4,9
82352140000000,82352640000000,500.0,4096,69,69,1165728,1165796,9326366043,9326910043,179,89634,3,1,4,9
82352671000000,82353187000000,516.0,4096,68,67,1165797,1165863,9326918043,9327446043,276,89702,3,1,4,9
82353218000000,82353734000000,516.0,4096,69,68,1165864,1165931,9327454047,9327990044,272,89771,3,1,4,9
82353765000000,82354265000000,500.0,4096,68,67,1165932,1165998,9327998044,9328526043,205,89839,3,1,4,9
82354296000000,82354812000000,516.0,4096,69,68,1165999,1166066,9328534043,9329070044,325,89908,3,1,4,9
82354843000000,82355343000000,500.0,4096,68,67,1166067,1166133,9329078044,9329606043,269,89976,3,1,4,9
82355375000000,82355890000000,515.0,4096,68,68,1166134,1166201,9329614044,9330150043,233,90044,3,1,4,9
82355921000000,82356437000000,516.0,4096,69,68,1166202,1166269,9330158043,9330694044,371,90113,3,1,4,9
82356484000000,82356968000000,484.0,4096,69,67,1166270,1166336,9330702043,9331230046,404,90182,3,1,4,9
82357031000000,82357500000000,469.0,4096,68,67,1166337,1166403,9331238046,9331766044,196,90250,3,1,4,9
82357531000000,82358046000000,515.0,4096,69,68,1166404,1166471,9331774043,9332310046,292,90319,3,1,4,9
82358078000000,82358593000000,515.0,4096,68,68,1166472,1166539,9332318043,9332854043,260,90387,3,1,4,9
82358625000000,82359140000000,515.0,4096,69,68,1166540,1166607,9332862043,9333398045,210,90456,3,1,4,9
82359156000000,82359671000000,515.0,4096,68,67,1166608,1166674,9333406043,9333934043,345,90524,3,1,4,9
82359718000000,82360218000000,500.0,4096,68,67,1166675,1166741,9333942045,9334470043,327,90592,3,1,4,9
82360250000000,82360750000000,500.0,4096,68,67,1166742,1166808,9334478043,9335006046,157,90660,3,1,4,9
82360765000000,82361296000000,531.0,4096,68,68,1166809,1166876,9335014045,9335550044,305,90728,3,1,4,9
82361328000000,82361828000000,500.0,4096,69,68,1166877,1166944,9335558046,9336094043,279,90797,3,1,4,9
82361875000000,82362359000000,484.0,4096,69,67,1166945,1167011,9336102043,9336630044,273,90866,3,1,4,9
82362406000000,82362906000000,500.0,4096,68,67,1167012,1167078,9336638043,9337166043,287,90934,3,1,4,9
82362953000000,82363437000000,484.0,4096,68,67,1167079,1167145,9337174046,9337702047,333,91002,3,1,4,9
82363484000000,82363984000000,500.0,4096,68,68,1167146,1167213,9337710044,9338246045,241,91070,3,1,4,9
82364015000000,82364531000000,516.0,4096,69,68,1167214,1167281,9338254043,9338790044,452,91139,3,1,4,9
82364593000000,82365078000000,485.0,4096,69,68,1167282,1167349,9338798043,9339334044,345,91208,3,1,4,9
82365109000000,82365609000000,500.0,4096,68,67,1167350,1167416,9339342043,9339870043,255,91276,3,1,4,9
82365640000000,82366156000000,516.0,4096,69,68,1167417,1167484,9339878043,9340414043,247,91345,3,1,4,9
82366187000000,82366687000000,500.0,4096,68,67,1167485,1167551,9340422044,9340950043,227,91413,3,1,4,9
82366718000000,82367234000000,516.0,4096,69,68,1167552,1167619,9340958045,9341494045,2368,91482,3,1,4,9
82367546000000,82367765000000,219.0,4096,68,66,1167620,1167685,9341502043,9342022043,274,91550,3,1,4,9
82367796000000,82368296000000,500.0,4096,69,68,1167686,1167753,9342030043,9342566043,252,91619,3,1,4,9
82368343000000,82368843000000,500.0,4096,68,67,1167754,1167820,9342574044,9343102047,278,91687,3,1,4,9
82368875000000,82369390000000,515.0,4096,69,68,1167821,1167888,9343110043,9343646045,249,91756,3,1,4,9
82369421000000,82369921000000,500.0,4096,68,67,1167889,1167955,9343654043,9344182043,254,91824,3,1,4,9
82369953000000,82370468000000,515.0,4096,68,68,1167956,1168023,9344190043,9344726045,254,91892,3,1,4,9
82370500000000,82371000000000,500.0,4096,69,68,1168024,1168091,9344734043,9345270047,249,91961,3,1,4,9
82371046000000,82371562000000,516.0,4096,68,67,1168092,1168158,9345278044,9345806043,275,92029,3,1,4,9
82371593000000,82372078000000,485.0,4096,69,67,1168159,1168225,9345814043,9346342043,316,92098,3,1,4,9
82372125000000,82372625000000,500.0,4096,69,68,1168226,1168293,9346350043,9346886046,258,92167,3,1,4,9
82372656000000,82373171000000,515.0,4096,68,68,1168294,1168361,9346894047,9347430046,225,92235,3,1,4,9
82373203000000,82373718000000,515.0,4096,69,68,1168362,1168429,9347438046,9347974043,263,92304,3,1,4,9
82373750000000,82374250000000,500.0,4096,67,66,1168430,1168495,9347982045,9348502043,245,92371,3,1,4,9
82374281000000,82374781000000,500.0,4096,68,67,1168496,1168562,9348510043,9349038043,252,92439,3,1,4,9
82374812000000,82375312000000,500.0,4096,67,67,1168563,1168629,9349046044,9349574043,292,92506,3,1,4,9
82375343000000,82375843000000,500.0,4096,67,66,1168630,1168695,9349582043,9350102043,166,92573,3,1,4,9
82375859000000,82376375000000,516.0,4096,67,66,1168696,1168761,9350110043,9350630046,312,92640,3,1,4,9
82376406000000,82376906000000,500.0,4096,68,68,1168762,1168829,9350638045,9351174043,306,92708,3,1,4,9
82376953000000,82377437000000,484.0,4096,67,65,1168830,1168894,9351182043,9351694046,183,92775,3,1,4,9
82377468000000,82377968000000,500.0,4096,68,67,1168895,1168961,9351702043,9352230047,264,92843,3,1,4,9
82378000000000,82378500000000,500.0,4096,67,66,1168962,1169027,9352238044,9352758046,261,92910,3,1,4,9
82378531000000,82379031000000,500.0,4096,67,67,1169028,1169094,9352766047,9353294046,175,92977,3,1,4,9
82379062000000,82379578000000,516.0,4096,67,67,1169095,1169161,9353302047,9353830046,326,93044,3,1,4,9
82379609000000,82380093000000,484.0,4096,67,66,1169162,1169227,9353838043,9354358046,485,93111,3,1,4,9
82380171000000,82380640000000,469.0,4096,68,67,1169228,1169294,9354366043,9354894045,263,93179,3,1,4,9
82380671000000,82381171000000,500.0,4096,68,67,1169295,1169361,9354902043,9355430045,311,93247,3,1,4,9
82381218000000,82381703000000,485.0,4096,68,67,1169362,1169428,9355438043,9355966045,180,93315,3,1,4,9
82381734000000,82382250000000,516.0,4096,69,68,1169429,1169496,9355974043,9356510043,274,93384,3,1,4,9
82382281000000,82382796000000,515.0,4096,69,68,1169497,1169564,9356518045,9357054043,260,93453,3,1,4,9
82382828000000,82383328000000,500.0,4096,68,67,1169565,1169631,9357062043,9357590044,152,93521,3,1,4,9
82383343000000,82383875000000,532.0,4096,68,68,1169632,1169699,9357598044,9358134046,251,93589,3,1,4,9
82383906000000,82384406000000,500.0,4096,68,67,1169700,1169766,9358142043,9358670043,259,93657,3,1,4,9
82384437000000,82384953000000,516.0,4096,69,68,1169767,1169834,9358678047,9359214046,287,93726,3,1,4,9
82384984000000,82385484000000,500.0,4096,68,67,1169835,1169901,9359222044,9359750043,241,93794,3,1,4,9
82385515000000,82386031000000,516.0,4096,68,68,1169902,1169969,9359758045,9360294046,269,93862,3,1,4,9
82386062000000,82386578000000,516.0,4096,69,68,1169970,1170037,9360302043,9360838045,202,93931,3,1,4,9
82386609000000,82387109000000,500.0,4096,68,66,1170038,1170103,9360846043,9361366044,397,93999,3,1,4,9
82387156000000,82387640000000,484.0,4096,69,68,1170104,1170171,9361374043,9361910043,2369,94068,3,1,4,9
82387953000000,82388187000000,234.0,4096,69,68,1170172,1170239,9361918043,9362454043,241,94137,3,1,4,9
82388218000000,82388734000000,516.0,4096,68,67,1170240,1170306,9362462043,9362990043,282,94205,3,1,4,9
82388765000000,82389265000000,500.0,4096,69,68,1170307,1170374,9362998043,9363534043,369,94274,3,1,4,9
82389312000000,82389812000000,500.0,4096,68,68,1170375,1170442,9363542046,9364078044,250,94342,3,1,4,9
82389843000000,82390359000000,516.0,4096,69,68,1170443,1170510,9364086043,9364622043,290,94411,3,1,4,9
82390390000000,82390906000000,516.0,4096,68,67,1170511,1170577,9364630047,9365158046,246,94479,3,1,4,9
82390937000000,82391437000000,500.0,4096,69,68,1170578,1170645,9365166046,9365702043,271,94548,3,1,4,9
82391468000000,82391968000000,500.0,4096,68,67,1170646,1170712,9365710043,9366238043,306,94616,3,1,4,9
82392015000000,82392515000000,500.0,4096,69,68,1170713,1170780,9366246047,9366782043,192,94685,3,1,4,9
82392546000000,82393062000000,516.0,4096,68,67,1170781,1170847,9366790045,9367318044,305,94753,3,1,4,9
82393093000000,82393609000000,516.0,4096,68,68,1170848,1170915,9367326043,9367862047,454,94821,3,1,4,9
82393656000000,82394140000000,484.0,4096,68,67,1170916,1170982,9367870043,9368398047,185,94889,3,1,4,9
82394171000000,82394671000000,500.0,4096,69,68,1170983,1171050,9368406043,9368942045,297,94958,3,1,4,9
82394718000000,82395218000000,500.0,4096,68,68,1171051,1171118,9368950045,9369486043,264,95026,3,1,4,9
82395250000000,82395750000000,500.0,4096,67,66,1171119,1171184,9369494046,9370014045,165,95093,3,1,4,9
82395781000000,82396296000000,515.0,4096,68,67,1171185,1171251,9370022043,9370550043,245,95161,3,1,4,9
82396328000000,82396843000000,515.0,4096,69,69,1171252,1171320,9370558045,9371102043,261,95230,3,1,4,9
82396875000000,82397375000000,500.0,4096,69,67,1171321,1171387,9371110043,9371638043,198,95299,3,1,4,9
82397406000000,82397921000000,515.0,4096,69,68,1171388,1171455,9371646044,9372182043,260,95368,3,1,4,9
82397953000000,82398468000000,515.0,4096,69,69,1171456,1171524,9372190045,9372734043,316,95437,3,1,4,9
82398500000000,82399000000000,500.0,4096,68,67,1171525,1171591,9372742043,9373270046,232,95505,3,1,4,9
82399031000000,82399546000000,515.0,4096,68,67,1171592,1171658,9373278044,9373806046,245,95573,3,1,4,9
82399578000000,82400078000000,500.0,4096,68,67,1171659,1171725,9373814046,9374342043,321,95641,3,1,4,9
82400125000000,82400625000000,500.0,4096,67,67,1171726,1171792,9374350043,9374878047,244,95708,3,1,4,9
82400656000000,82401156000000,500.0,4096,68,67,1171793,1171859,9374886043,9375414046,387,95776,3,1,4,9
82401203000000,82401703000000,500.0,4096,69,69,1171860,1171928,9375422046,9375966045,274,95845,3,1,4,9
82401734000000,82402234000000,500.0,4096,68,66,1171929,1171994,9375974043,9376494045,204,95913,3,1,4,9
82402250000000,82402765000000,515.0,4096,67,66,1171995,1172060,9376502043,9377022047,255,95980,3,1,4,9
82402796000000,82403296000000,500.0,4096,68,67,1172061,1172127,9377030047,9377558043,203,96048,3,1,4,9
82403328000000,82403828000000,500.0,4096,67,67,1172128,1172194,9377566043,9378094043,310,96115,3,1,4,9
82403875000000,82404359000000,484.0,4096,68,67,1172195,1172261,9378102044,9378630047,263,96183,3,1,4,9
82404406000000,82404906000000,500.0,4096,68,67,1172262,1172328,9378638047,9379166047,336,96251,3,1,4,9
82404953000000,82405453000000,500.0,4096,68,68,1172329,1172396,9379174044,9379710045,364,96319,3,1,4,9
82405484000000,82405984000000,500.0,4096,68,67,1172397,1172463,9379718047,9380246047,251,96387,3,1,4,9
82406015000000,82406531000000,516.0,4096,69,68,1172464,1172531,9380254043,9380790044,207,96456,3,1,4,9
82406562000000,82407062000000,500.0,4096,69,68,1172532,1172599,9380798047,9381334043,286,96525,3,1,4,9
82407093000000,82407609000000,516.0,4096,68,67,1172600,1172666,9381342044,9381870043,353,96593,3,1,4,9
82407640000000,82408140000000,500.0,4096,69,67,1172667,1172733,9381878043,9382406046,2507,96662,3,1,4,9
82408468000000,82408671000000,203.0,4096,68,67,1172734,1172800,9382414043,9382942043,281,96730,3,1,4,9
82408718000000,82409218000000,500.0,4096,68,68,1172801,1172868,9382950043,9383486043,320,96798,3,1,4,9
82409265000000,82409765000000,500.0,4096,68,67,1172869,1172935,9383494047,9384022044,351,96866,3,1,4,9
82409812000000,82410312000000,500.0,4096,70,69,1172936,1173004,9384030043,9384574043,268,96936,3,1,4,9
82410343000000,82410859000000,516.0,4096,68,68,1173005,1173072,9384582043,9385118044,263,97004,3,1,4,9
82410890000000,82411390000000,500.0,4096,68,67,1173073,1173139,9385126045,9385654047,234,97072,3,1,4,9
82411421000000,82411937000000,516.0,4096,69,68,1173140,1173207,9385662043,9386198046,302,97141,3,1,4,9
82411968000000,82412468000000,500.0,4096,69,68,1173208,1173275,9386206043,9386742043,256,97210,3,1,4,9
82412515000000,82413015000000,500.0,4096,68,67,1173276,1173342,9386750043,9387278047,255,97278,3,1,4,9
82413046000000,82413562000000,516.0,4096,69,68,1173343,1173410,9387286043,9387822043,266,97347,3,1,4,9
82413593000000,82414093000000,500.0,4096,68,67,1173411,1173477,9387830043,9388358047,234,97415,3,1,4,9
82414125000000,82414640000000,515.0,4096,69,69,1173478,1173546,9388366043,9388910043,349,97484,3,1,4,9
82414687000000,82415187000000,500.0,4096,69,68,1173547,1173614,9388918043,9389454046,353,97553,3,1,4,9
82415234000000,82415734000000,500.0,4096,68,67,1173615,1173681,9389462043,9389990043,248,97621,3,1,4,9
82415765000000,82416265000000,500.0,4096,68,68,1173682,1173749,9389998044,9390534043,259,97689,3,1,4,9
82416296000000,82416812000000,516.0,4096,69,68,1173750,1173817,9390542043,9391078045,263,97758,3,1,4,9
82416843000000,82417343000000,500.0,4096,68,66,1173818,1173883,9391086043,9391606046,258,97826,3,1,4,9
82417375000000,82417890000000,515.0,4096,69,69,1173884,1173952,9391614043,9392158045,229,97895,3,1,4,9
82417921000000,82418437000000,516.0,4096,68,67,1173953,1174019,9392166043,9392694045,247,97963,3,1,4,9
82418468000000,82418968000000,500.0,4096,68,67,1174020,1174086,9392702043,9393230045,245,98031,3,1,4,9
82419000000000,82419515000000,515.0,4096,69,69,1174087,1174155,9393238043,9393782043,186,98100,3,1,4,9
82419546000000,82420062000000,516.0,4096,68,67,1174156,1174222,9393790045,9394318044,321,98168,3,1,4,9
82420093000000,82420593000000,500.0,4096,68,67,1174223,1174289,9394326043,9394854043,224,98236,3,1,4,9
82420625000000,82421140000000,515.0,4096,68,68,1174290,1174357,9394862045,9395398045,188,98304,3,1,4,9
82421156000000,82421703000000,547.0,4096,69,68,1174358,1174425,9395406047,9395942043,533,98373,3,1,4,9
82421750000000,82422218000000,468.0,4096,68,67,1174426,1174492,9395950043,9396478044,345,98441,3,1,4,9
82422265000000,82422765000000,500.0,4096,69,68,1174493,1174560,9396486043,9397022043,270,98510,3,1,4,9
82422796000000,82423312000000,516.0,4096,69,68,1174561,1174628,9397030045,9397566043,320,98579,3,1,4,9
82423343000000,82423843000000,500.0,4096,68,68,1174629,1174696,9397574045,9398110043,331,98647,3,1,4,9
82423890000000,82424390000000,500.0,4096,69,68,1174697,1174764,9398118043,9398654047,213,98716,3,1,4,9
82424421000000,82424937000000,516.0,4096,69,68,1174765,1174832,9398662043,9399198043,287,98785,3,1,4,9
82424968000000,82425468000000,500.0,4096,67,67,1174833,1174899,9399206043,9399734043,287,98852,3,1,4,9
82425515000000,82426015000000,500.0,4096,69,68,1174900,1174967,9399742043,9400278044,274,98921,3,1,4,9
82426046000000,82426562000000,516.0,4096,68,67,1174968,1175034,9400286046,9400814043,242,98989,3,1,4,9
82426593000000,82427093000000,500.0,4096,69,68,1175035,1175102,9400822044,9401358043,270,99058,3,1,4,9
82427140000000,82427640000000,500.0,4096,69,68,1175103,1175170,9401366044,9401902043,240,99127,3,1,4,9
82427656000000,82428171000000,515.0,4096,68,66,1175171,1175236,9401910046,9402430046,2970,99195,3,1,4,9
82428562000000,82428718000000,156.0,4096,69,69,1175237,1175305,9402438043,9402982047,271,99264,3,1,4,9
82428750000000,82429265000000,515.0,4096,68,67,1175306,1175372,9402990043,9403518043,181,99332,3,1,4,9
82429281000000,82429796000000,515.0,4096,69,68,1175373,1175440,9403526044,9404062043,322,99401,3,1,4,9
82429843000000,82430343000000,500.0,4096,68,68,1175441,1175508,9404070043,9404606043,169,99469,3,1,4,9
82430359000000,82430890000000,531.0,4096,68,67,1175509,1175575,9404614044,9405142043,253,99537,3,1,4,9
82430921000000,82431421000000,500.0,4096,69,68,1175576,1175643,9405150045,9405686047,245,99606,3,1,4,9
82431453000000,82431968000000,515.0,4096,68,68,1175644,1175711,9405694043,9406230047,240,99674,3,1,4,9
82432000000000,82432515000000,515.0,4096,70,68,1175712,1175779,9406238043,9406774043,326,99744,3,1,4,9
82432562000000,82433046000000,484.0,4096,68,67,1175780,1175846,9406782046,9407310043,243,99812,3,1,4,9
82433078000000,82433593000000,515.0,4096,69,69,1175847,1175915,9407318047,9407862047,184,99881,3,1,4,9
82433625000000,82434140000000,515.0,4096,69,68,1175916,1175983,9407870043,9408406044,237,99950,3,1,4,9
82434171000000,82434687000000,516.0,4096,68,68,1175984,1176051,9408414046,9408950044,406,100018,3,1,4,9
82434734000000,82435234000000,500.0,4096,69,68,1176052,1176119,9408958043,9409494043,297,100087,3,1,4,9
82435281000000,82435765000000,484.0,4096,68,67,1176120,1176186,9409502043,9410030045,297,100155,3,1,4,9
82435812000000,82436312000000,500.0,4096,68,68,1176187,1176254,9410038043,9410574043,315,100223,3,1,4,9
82436343000000,82436843000000,500.0,4096,68,67,1176255,1176321,9410582044,9411110043,240,100291,3,1,4,9
82436875000000,82437390000000,515.0,4096,69,67,1176322,1176388,9411118043,9411646044,256,100360,3,1,4,9
82437421000000,82437921000000,500.0,4096,68,67,1176389,1176455,9411654043,9412182043,245,100428,3,1,4,9
82437953000000,82438468000000,515.0,4096,69,69,1176456,1176524,9412190043,9412734043,266,100497,3,1,4,9
82438500000000,82439000000000,500.0,4096,68,67,1176525,1176591,9412742046,9413270046,206,100565,3,1,4,9
82439031000000,82439546000000,515.0,4096,68,67,1176592,1176658,9413278043,9413806047,300,100633,3,1,4,9
82439578000000,82440093000000,515.0,4096,68,68,1176659,1176726,9413814043,9414350043,259,100701,3,1,4,9
82440125000000,82440625000000,500.0,4096,67,66,1176727,1176792,9414358045,9414878046,291,100768,3,1,4,9
82440656000000,82441156000000,500.0,4096,69,68,1176793,1176860,9414886043,9415422043,263,100837,3,1,4,9
82441187000000,82441687000000,500.0,4096,67,67,1176861,1176927,9415430043,9415958046,180,100904,3,1,4,9
82441718000000,82442234000000,516.0,4096,68,66,1176928,1176993,9415966047,9416486046,361,100972,3,1,4,9
82442281000000,82442750000000,469.0,4096,68,67,1176994,1177060,9416494046,9417022045,327,101040,3,1,4,9
82442796000000,82443296000000,500.0,4096,67,67,1177061,1177127,9417030043,9417558045,165,101107,3,1,4,9
82443312000000,82443843000000,531.0,4096,69,68,1177128,1177195,9417566047,9418102043,290,101176,3,1,4,9
82443875000000,82444375000000,500.0,4096,67,67,1177196,1177262,9418110046,9418638044,242,101243,3,1,4,9
82444406000000,82444921000000,515.0,4096,70,69,1177263,1177331,9418646043,9419190047,305,101313,3,1,4,9
82444968000000,82445468000000,500.0,4096,69,68,1177332,1177399,9419198043,9419734043,272,101382,3,1,4,9
82445500000000,82446015000000,515.0,4096,67,67,1177400,1177466,9419742046,9420270043,276,101449,3,1,4,9
82446046000000,82446546000000,500.0,4096,69,68,1177467,1177534,9420278043,9420814043,249,101518,3,1,4,9
82446593000000,82447093000000,500.0,4096,70,68,1177535,1177602,9420822047,9421358047,250,101588,3,1,4,9
82447125000000,82447640000000,515.0,4096,68,68,1177603,1177670,9421366043,9421902043,325,101656,3,1,4,9
82447671000000,82448171000000,500.0,4096,69,67,1177671,1177737,9421910043,9422438043,2595,101725,3,1,4,9
82448515000000,82448718000000,203.0,4096,69,68,1177738,1177805,9422446047,9422982045,307,101794,3,1,4,9
82448765000000,82449265000000,500.0,4096,68,68,1177806,1177873,9422990043,9423526044,464,101862,3,1,4,9
82449312000000,82449796000000,484.0,4096,68,67,1177874,1177940,9423534043,9424062043,265,101930,3,1,4,9
82449843000000,82450343000000,500.0,4096,69,68,1177941,1178008,9424070043,9424606043,247,101999,3,1,4,9
82450375000000,82450890000000,515.0,4096,68,68,1178009,1178076,9424614043,9425150043,341,102067,3,1,4,9
82450937000000,82451437000000,500.0,4096,69,68,1178077,1178144,9425158043,9425694043,226,102136,3,1,4,9
82451453000000,82451968000000,515.0,4096,70,68,1178145,1178212,9425702043,9426238043,332,102206,3,1,4,9
82452015000000,82452515000000,500.0,4096,68,67,1178213,1178279,9426246047,9426774046,244,102274,3,1,4,9
82452546000000,82453062000000,516.0,4096,68,68,1178280,1178347,9426782046,9427318043,158,102342,3,1,4,9
82453078000000,82453609000000,531.0,4096,69,68,1178348,1178415,9427326047,9427862043,257,102411,3,1,4,9
82453640000000,82454140000000,500.0,4096,69,68,1178416,1178483,9427870046,9428406043,241,102480,3,1,4,9
82454187000000,82454687000000,500.0,4096,69,69,1178484,1178552,9428414044,9428958047,258,102549,3,1,4,9
82454734000000,82455234000000,500.0,4096,69,68,1178553,1178620,9428966043,9429502046,295,102618,3,1,4,9
82455281000000,82455781000000,500.0,4096,69,68,1178621,1178688,9429510043,9430046044,387,102687,3,1,4,9
82455843000000,82456328000000,485.0,4096,68,68,1178689,1178756,9430054047,9430590043,318,102755,3,1,4,9
82456375000000,82456875000000,500.0,4096,69,68,1178757,1178824,9430598044,9431134044,228,102824,3,1,4,9
82456906000000,82457406000000,500.0,4096,69,67,1178825,1178891,9431142044,9431670043,326,102893,3,1,4,9
82457453000000,82457953000000,500.0,4096,69,69,1178892,1178960,9431678043,9432222044,181,102962,3,1,4,9
82457984000000,82458484000000,500.0,4096,67,66,1178961,1179026,9432230043,9432750043,261,103029,3,1,4,9
82458515000000,82459015000000,500.0,4096,67,67,1179027,1179093,9432758043,9433286043,414,103096,3,1,4,9
82459062000000,82459546000000,484.0,4096,67,66,1179094,1179159,9433294043,9433814043,196,103163,3,1,4,9
82459578000000,82460093000000,515.0,4096,67,67,1179160,1179226,9433822043,9434350044,336,103230,3,1,4,9
82460125000000,82460625000000,500.0,4096,67,67,1179227,1179293,9434358044,9434886043,424,103297,3,1,4,9
82460671000000,82461156000000,485.0,4096,67,66,1179294,1179359,9434894044,9435414044,185,103364,3,1,4,9
82461171000000,82461687000000,516.0,4096,68,67,1179360,1179426,9435422046,9435950043,270,103432,3,1,4,9
82461718000000,82462218000000,500.0,4096,68,66,1179427,1179492,9435958046,9436478046,270,103500,3,1,4,9
82462250000000,82462750000000,500.0,4096,66,66,1179493,1179558,9436486045,9437006043,371,103566,3,1,4,9
82462796000000,82463281000000,485.0,4096,68,67,1179559,1179625,9437014043,9437542043,243,103634,3,1,4,9
82463312000000,82463828000000,516.0,4096,70,69,1179626,1179694,9437550043,9438094046,304,103704,3,1,4,9
82463875000000,82464359000000,484.0,4096,67,66,1179695,1179760,9438102043,9438622042,298,103771,3,1,4,9
82464406000000,82464921000000,515.0,4096,69,69,1179761,1179829,9438630044,9439174048,314,103840,3,1,4,9
82464953000000,82465453000000,500.0,4096,69,68,1179830,1179897,9439182043,9439718043,184,103909,3,1,4,9
82465484000000,82466000000000,516.0,4096,68,68,1179898,1179965,9439726044,9440262043,305,103977,3,1,4,9
82466046000000,82466546000000,500.0,4096,69,68,1179966,1180033,9440270043,9440806043,257,104046,3,1,4,9
82466578000000,82467078000000,500.0,4096,68,66,1180034,1180099,9440814044,9441334043,171,104114,3,1,4,9
82467093000000,82467625000000,532.0,4096,69,69,1180100,1180168,9441342044,9441886044,310,104183,3,1,4,9
82467656000000,82468156000000,500.0,4096,68,66,1180169,1180234,9441894047,9442414046,2560,104251,3,1,4,9
82468500000000,82468703000000,203.0,4096,68,68,1180235,1180302,9442422043,9442958043,251,104319,3,1,4,9
82468734000000,82469234000000,500.0,4096,69,68,1180303,1180370,9442966044,9443502044,265,104388,3,1,4,9
82469281000000,82469781000000,500.0,4096,68,68,1180371,1180438,9443510044,9444046043,327,104456,3,1,4,9
82469828000000,82470328000000,500.0,4096,69,68,1180439,1180506,9444054044,9444590044,358,104525,3,1,4,9
82470375000000,82470875000000,500.0,4096,68,67,1180507,1180573,9444598043,9445126043,362,104593,3,1,4,9
82470921000000,82471406000000,485.0,4096,68,68,1180574,1180641,9445134047,9445670043,247,104661,3,1,4,9
82471437000000,82471953000000,516.0,4096,69,68,1180642,1180709,9445678043,9446214046,359,104730,3,1,4,9
82472000000000,82472500000000,500.0,4096,69,68,1180710,1180777,9446222043,9446758043,375,104799,3,1,4,9
82472546000000,82473031000000,485.0,4096,68,67,1180778,1180844,9446766045,9447294046,360,104867,3,1,4,9
82473078000000,82473578000000,500.0,4096,69,68,1180845,1180912,9447302043,9447838043,223,104936,3,1,4,9
82473609000000,82474125000000,516.0,4096,68,68,1180913,1180980,9447846043,9448382043,336,105004,3,1,4,9
82474171000000,82474656000000,485.0,4096,67,66,1180981,1181046,9448390045,9448910047,389,105071,3,1,4,9
82474703000000,82475187000000,484.0,4096,69,68,1181047,1181114,9448918047,9449454043,258,105140,3,1,4,9
82475218000000,82475718000000,500.0,4096,66,66,1181115,1181180,9449462043,9449982043,250,105206,3,1,4,9
82475750000000,82476265000000,515.0,4096,69,68,1181181,1181248,9449990045,9450526045,260,105275,3,1,4,9
82476296000000,82476796000000,500.0,4096,67,66,1181249,1181314,9450534043,9451054046,173,105342,3,1,4,9
82476812000000,82477328000000,516.0,4096,68,67,1181315,1181381,9451062043,9451590045,254,105410,3,1,4,9
82477359000000,82477875000000,516.0,4096,68,67,1181382,1181448,9451598046,9452126047,433,105478,3,1,4,9
82477921000000,82478406000000,485.0,4096,68,68,1181449,1181516,9452134043,9452670043,151,105546,3,1,4,9
82478437000000,82478953000000,516.0,4096,68,67,1181517,1181583,9452678043,9453206043,256,105614,3,1,4,9
82478984000000,82479484000000,500.0,4096,68,68,1181584,1181651,9453214044,9453750047,307,105682,3,1,4,9
82479531000000,82480031000000,500.0,4096,69,68,1181652,1181719,9453758043,9454294043,251,105751,3,1,4,9
82480062000000,82480562000000,500.0,4096,68,67,1181720,1181786,9454302045,9454830043,224,105819,3,1,4,9
82480593000000,82481109000000,516.0,4096,68,68,1181787,1181854,9454838045,9455374043,426,105887,3,1,4,9
82481171000000,82481656000000,485.0,4096,69,68,1181855,1181922,9455382043,9455918043,236,105956,3,1,4,9
82481687000000,82482187000000,500.0,4096,68,67,1181923,1181989,9455926044,9456454047,245,106024,3,1,4,9
82482218000000,82482734000000,516.0,4096,69,68,1181990,1182057,9456462043,9456998044,252,106093,3,1,4,9
82482765000000,82483281000000,516.0,4096,68,68,1182058,1182125,9457006045,9457542043,214,106161,3,1,4,9
82483296000000,82483812000000,516.0,4096,69,68,1182126,1182193,9457550047,9458086043,305,106230,3,1,4,9
82483859000000,82484359000000,500.0,4096,68,67,1182194,1182260,9458094043,9458622046,280,106298,3,1,4,9
82484390000000,82484906000000,516.0,4096,68,68,1182261,1182328,9458630045,9459166044,339,106366,3,1,4,9
82484953000000,82485437000000,484.0,4096,68,67,1182329,1182395,9459174046,9459702047,354,106434,3,1,4,9
82485484000000,82485984000000,500.0,4096,69,69,1182396,1182464,9459710043,9460254044,277,106503,3,1,4,9
82486015000000,82486531000000,516.0,4096,68,67,1182465,1182531,9460262043,9460790044,190,106571,3,1,4,9
82486546000000,82487062000000,516.0,4096,69,67,1182532,1182598,9460798043,9461326045,394,106640,3,1,4,9
82487125000000,82487609000000,484.0,4096,69,69,1182599,1182667,9461334043,9461878043,266,106709,3,1,4,9
82487656000000,82488140000000,484.0,4096,68,66,1182668,1182733,9461886044,9462406043,292,106777,3,1,4,9
82488187000000,82488687000000,500.0,4096,69,68,1182734,1182801,9462414046,9462950045,2760,106846,3,1,4,9
82489046000000,82489234000000,188.0,4096,68,68,1182802,1182869,9462958045,9463494043,376,106914,3,1,4,9
82489281000000,82489765000000,484.0,4096,68,67,1182870,1182936,9463502045,9464030043,309,106982,3,1,4,9
82489812000000,82490312000000,500.0,4096,70,69,1182937,1183005,9464038043,9464582043,220,107052,3,1,4,9
82490343000000,82490859000000,516.0,4096,68,68,1183006,1183073,9464590044,9465126044,351,107120,3,1,4,9
82490906000000,82491406000000,500.0,4096,69,68,1183074,1183141,9465134043,9465670043,229,107189,3,1,4,9
82491437000000,82491953000000,516.0,4096,68,67,1183142,1183208,9465678047,9466206043,295,107257,3,1,4,9
82491984000000,82492484000000,500.0,4096,69,68,1183209,1183276,9466214044,9466750043,289,107326,3,1,4,9
82492531000000,82493015000000,484.0,4096,68,67,1183277,1183343,9466758046,9467286043,147,107394,3,1,4,9
82493046000000,82493562000000,516.0,4096,68,68,1183344,1183411,9467294044,9467830046,230,107462,3,1,4,9
82493593000000,82494109000000,516.0,4096,68,67,1183412,1183478,9467838043,9468366046,295,107530,3,1,4,9
82494140000000,82494640000000,500.0,4096,68,67,1183479,1183545,9468374043,9468902042,222,107598,3,1,4,9
82494671000000,82495187000000,516.0,4096,68,68,1183546,1183613,9468910043,9469446043,448,107666,3,1,4,9
82495250000000,82495734000000,484.0,4096,69,68,1183614,1183681,9469454047,9469990045,257,107735,3,1,4,9
82495765000000,82496265000000,500.0,4096,68,68,1183682,1183749,9469998047,9470534043,402,107803,3,1,4,9
82496328000000,82496812000000,484.0,4096,68,67,1183750,1183816,9470542043,9471070043,462,107871,3,1,4,9
82496875000000,82497343000000,468.0,4096,69,67,1183817,1183883,9471078043,9471606045,200,107940,3,1,4,9
82497375000000,82497890000000,515.0,4096,68,68,1183884,1183951,9471614043,9472150043,382,108008,3,1,4,9
82497937000000,82498437000000,500.0,4096,69,68,1183952,1184019,9472158043,9472694045,448,108077,3,1,4,9
82498484000000,82498968000000,484.0,4096,68,67,1184020,1184086,9472702043,9473230046,293,108145,3,1,4,9
82499000000000,82499515000000,515.0,4096,68,68,1184087,1184154,9473238044,9473774044,266,108213,3,1,4,9
82499546000000,82500046000000,500.0,4096,68,67,1184155,1184221,9473782043,9474310045,500,108281,3,1,4,9
82500109000000,82500593000000,484.0,4096,68,68,1184222,1184289,9474318043,9474854043,279,108349,3,1,4,9
82500625000000,82501140000000,515.0,4096,69,68,1184290,1184357,9474862044,9475398043,355,108418,3,1,4,9
82501187000000,82501671000000,484.0,4096,68,67,1184358,1184424,9475406045,9475934043,258,108486,3,1,4,9
82501703000000,82502218000000,515.0,4096,68,67,1184425,1184491,9475942043,9476470043,358,108554,3,1,4,9
82502265000000,82502750000000,485.0,4096,69,68,1184492,1184559,9476478046,9477014043,354,108623,3,1,4,9
82502796000000,82503296000000,500.0,4096,67,67,1184560,1184626,9477022043,9477550043,319,108690,3,1,4,9
82503328000000,82503828000000,500.0,4096,69,68,1184627,1184694,9477558044,9478094045,383,108759,3,1,4,9
82503875000000,82504359000000,484.0,4096,68,67,1184695,1184761,9478102044,9478630043,235,108827,3,1,4,9
82504406000000,82504906000000,500.0,4096,68,68,1184762,1184829,9478638047,9479174045,434,108895,3,1,4,9
82504968000000,82505453000000,485.0,4096,68,67,1184830,1184896,9479182046,9479710044,155,108963,3,1,4,9
82505468000000,82506000000000,532.0,4096,68,68,1184897,1184964,9479718043,9480254043,260,109031,3,1,4,9
82506031000000,82506531000000,500.0,4096,68,67,1184965,1185031,9480262043,9480790043,277,109099,3,1,4,9
82506562000000,82507062000000,500.0,4096,69,67,1185032,1185098,9480798043,9481326043,189,109168,3,1,4,9
82507093000000,82507609000000,516.0,4096,68,68,1185099,1185166,9481334046,9481870043,527,109236,3,1,4,9
82507687000000,82508156000000,469.0,4096,70,68,1185167,1185234,9481878047,9482414043,301,109306,3,1,4,9
82508187000000,82508703000000,516.0,4096,68,68,1185235,1185302,9482422043,9482958044,252,109374,3,1,4,9
82508718000000,82509234000000,516.0,4096,68,67,1185303,1185369,9482966045,9483494045,406,109442,3,1,4,9
82509296000000,82509781000000,485.0,4096,69,68,1185370,1185437,9483502043,9484038045,3451,109511,3,1,4,9
82510234000000,82510312000000,78.0,4096,68,68,1185438,1185505,9484046043,9484582044,185,109579,3,1,4,9
82510343000000,82510843000000,500.0,4096,68,67,1185506,1185572,9484590045,9485118045,236,109647,3,1,4,9
82510890000000,82511390000000,500.0,4096,67,66,1185573,1185638,9485126046,9485646045,257,109714,3,1,4,9
82511421000000,82511921000000,500.0,4096,68,68,1185639,1185706,9485654046,9486190045,236,109782,3,1,4,9
82511953000000,82512453000000,500.0,4096,67,65,1185707,1185771,9486198045,9486710043,250,109849,3,1,4,9
82512484000000,82512984000000,500.0,4096,67,66,1185772,1185837,9486718045,9487238047,186,109916,3,1,4,9
82513000000000,82513515000000,515.0,4096,68,68,1185838,1185905,9487246043,9487782043,257,109984,3,1,4,9
82513546000000,82514062000000,516.0,4096,68,67,1185906,1185972,9487790043,9488318043,254,110052,3,1,4,9
82514093000000,82514593000000,500.0,4096,67,66,1185973,1186038,9488326047,9488846043,205,110119,3,1,4,9
82514609000000,82515125000000,516.0,4096,68,68,1186039,1186106,9488854044,9489390044,284,110187,3,1,4,9
82515171000000,82515671000000,500.0,4096,68,67,1186107,1186173,9489398043,9489926043,277,110255,3,1,4,9
82515703000000,82516203000000,500.0,4096,68,68,1186174,1186241,9489934043,9490470043,154,110323,3,1,4,9
82516234000000,82516750000000,516.0,4096,69,68,1186242,1186309,9490478043,9491014045,550,110392,3,1,4,9
82516828000000,82517296000000,468.0,4096,70,68,1186310,1186377,9491022044,9491558044,444,110462,3,1,4,9
82517359000000,82517843000000,484.0,4096,68,68,1186378,1186445,9491566043,9492102043,178,110530,3,1,4,9
82517875000000,82518390000000,515.0,4096,69,68,1186446,1186513,9492110045,9492646047,477,110599,3,1,4,9
82518453000000,82518921000000,468.0,4096,69,68,1186514,1186581,9492654043,9493190044,352,110668,3,1,4,9
82518968000000,82519468000000,500.0,4096,68,68,1186582,1186649,9493198043,9493734043,205,110736,3,1,4,9
82519500000000,82520015000000,515.0,4096,69,68,1186650,1186717,9493742044,9494278046,319,110805,3,1,4,9
82520062000000,82520562000000,500.0,4096,68,67,1186718,1186784,9494286044,9494814046,271,110873,3,1,4,9
82520593000000,82521109000000,516.0,4096,69,69,1186785,1186853,9494822044,9495366046,267,110942,3,1,4,9
82521140000000,82521640000000,500.0,4096,69,68,1186854,1186921,9495374045,9495910043,256,111011,3,1,4,9
82521687000000,82522171000000,484.0,4096,68,66,1186922,1186987,9495918045,9496438047,295,111079,3,1,4,9
82522218000000,82522734000000,516.0,4096,69,69,1186988,1187056,9496446044,9496990046,276,111148,3,1,4,9
82522765000000,82523265000000,500.0,4096,68,67,1187057,1187123,9496998046,9497526043,252,111216,3,1,4,9
82523296000000,82523812000000,516.0,4096,68,68,1187124,1187191,9497534046,9498070044,310,111284,3,1,4,9
82523843000000,82524343000000,500.0,4096,68,67,1187192,1187258,9498078044,9498606043,359,111352,3,1,4,9
82524390000000,82524875000000,485.0,4096,68,67,1187259,1187325,9498614047,9499142044,303,111420,3,1,4,9
82524921000000,82525437000000,516.0,4096,69,69,1187326,1187394,9499150046,9499694043,274,111489,3,1,4,9
82525468000000,82525968000000,500.0,4096,68,67,1187395,1187461,9499702043,9500230045,451,111557,3,1,4,9
82526031000000,82526515000000,484.0,4096,68,68,1187462,1187529,9500238043,9500774043,302,111625,3,1,4,9
82526546000000,82527046000000,500.0,4096,69,67,1187530,1187596,9500782043,9501310045,320,111694,3,1,4,9
82527093000000,82527578000000,485.0,4096,68,67,1187597,1187663,9501318046,9501846045,284,111762,3,1,4,9
82527625000000,82528125000000,500.0,4096,69,68,1187664,1187731,9501854043,9502390044,254,111831,3,1,4,9
82528156000000,82528671000000,515.0,4096,68,67,1187732,1187798,9502398045,9502926043,241,111899,3,1,4,9
82528703000000,82529218000000,515.0,4096,69,69,1187799,1187867,9502934046,9503478043,321,111968,3,1,4,9
82529250000000,82529750000000,500.0,4096,68,67,1187868,1187934,9503486043,9504014047,367,112036,3,1,4,9
82529796000000,82530296000000,500.0,4096,68,67,1187935,1188001,9504022045,9504550043,289,112104,3,1,4,9
82530328000000,82530843000000,515.0,4096,69,69,1188002,1188070,9504558044,9505102043,3231,112173,3,1,4,9
82531265000000,82531375000000,110.0,4096,67,66,1188071,1188136,9505110045,9505630046,271,112240,3,1,4,9
82531406000000,82531906000000,500.0,4096,68,67,1188137,1188203,9505638043,9506166043,286,112308,3,1,4,9
82531937000000,82532437000000,500.0,4096,68,67,1188204,1188270,9506174043,9506702043,360,112376,3,1,4,9
82532484000000,82532968000000,484.0,4096,67,66,1188271,1188336,9506710045,9507230043,224,112443,3,1,4,9
82533000000000,82533500000000,500.0,4096,67,67,1188337,1188403,9507238043,9507766044,284,112510,3,1,4,9
82533546000000,82534046000000,500.0,4096,68,67,1188404,1188470,9507774046,9508302044,251,112578,3,1,4,9
82534078000000,82534578000000,500.0,4096,67,66,1188471,1188536,9508310043,9508830046,165,112645,3,1,4,9
82534593000000,82535109000000,516.0,4096,67,67,1188537,1188603,9508838043,9509366047,294,112712,3,1,4,9
82535140000000,82535640000000,500.0,4096,68,67,1188604,1188670,9509374044,9509902044,170,112780,3,1,4,9
82535671000000,82536187000000,516.0,4096,68,68,1188671,1188738,9509910043,9510446043,252,112848,3,1,4,9
82536218000000,82536718000000,500.0,4096,68,67,1188739,1188805,9510454045,9510982045,313,112916,3,1,4,9
82536765000000,82537265000000,500.0,4096,70,68,1188806,1188873,9510990043,9511526047,184,112986,3,1,4,9
82537281000000,82537812000000,531.0,4096,68,68,1188874,1188941,9511534043,9512070046,293,113054,3,1,4,9
82537843000000,82538343000000,500.0,4096,69,68,1188942,1189009,9512078044,9512614047,253,113123,3,1,4,9
82538390000000,82538890000000,500.0,4096,68,67,1189010,1189076,9512622043,9513150045,165,113191,3,1,4,9
82538921000000,82539437000000,516.0,4096,68,68,1189077,1189144,9513158043,9513694046,430,113259,3,1,4,9
82539500000000,82539984000000,484.0,4096,69,68,1189145,1189212,9513702043,9514238043,385,113328,3,1,4,9
82540031000000,82540500000000,469.0,4096,67,66,1189213,1189278,9514246045,9514766044,186,113395,3,1,4,9
82540531000000,82541062000000,531.0,4096,69,69,1189279,1189347,9514774047,9515318043,270,113464,3,1,4,9
82541093000000,82541593000000,500.0,4096,68,67,1189348,1189414,9515326043,9515854043,286,113532,3,1,4,9
82541625000000,82542109000000,484.0,4096,67,65,1189415,1189479,9515862043,9516374043,242,113599,3,1,4,9
82542156000000,82542671000000,515.0,4096,69,69,1189480,1189548,9516382044,9516926043,272,113668,3,1,4,9
82542703000000,82543203000000,500.0,4096,68,67,1189549,1189615,9516934045,9517462043,287,113736,3,1,4,9
82543234000000,82543734000000,500.0,4096,67,67,1189616,1189682,9517470045,9517998043,168,113803,3,1,4,9
82543765000000,82544265000000,500.0,4096,67,66,1189683,1189748,9518006043,9518526046,382,113870,3,1,4,9
82544312000000,82544796000000,484.0,4096,68,67,1189749,1189815,9518534043,9519062043,298,113938,3,1,4,9
82544843000000,82545343000000,500.0,4096,67,67,1189816,1189882,9519070047,9519598045,216,114005,3,1,4,9
82545375000000,82545875000000,500.0,4096,69,68,1189883,1189950,9519606044,9520142044,243,114074,3,1,4,9
82545921000000,82546421000000,500.0,4096,68,68,1189951,1190018,9520150046,9520686043,411,114142,3,1,4,9
82546468000000,82546968000000,500.0,4096,68,67,1190019,1190085,9520694046,9521222044,349,114210,3,1,4,9
82547000000000,82547500000000,500.0,4096,69,67,1190086,1190152,9521230044,9521758043,308,114279,3,1,4,9
82547531000000,82548031000000,500.0,4096,69,68,1190153,1190220,9521766043,9522302043,174,114348,3,1,4,9
82548062000000,82548578000000,516.0,4096,67,66,1190221,1190286,9522310043,9522830044,376,114415,3,1,4,9
82548625000000,82549109000000,484.0,4096,67,67,1190287,1190353,9522838047,9523366043,256,114482,3,1,4,9
82549140000000,82549656000000,516.0,4096,68,68,1190354,1190421,9523374046,9523910043,178,114550,3,1,4,9
82549671000000,82550171000000,500.0,4096,67,66,1190422,1190487,9523918043,9524438046,395,114617,3,1,4,9
82550234000000,82550703000000,469.0,4096,68,67,1190488,1190554,9524446043,9524974045,262,114685,3,1,4,9
82550750000000,82551250000000,500.0,4096,68,68,1190555,1190622,9524982047,9525518043,2935,114753,3,1,4,9
82551625000000,82551781000000,156.0,4096,67,66,1190623,1190688,9525526043,9526046043,273,114820,3,1,4,9
82551812000000,82552312000000,500.0,4096,67,65,1190689,1190753,9526054043,9526566043,263,114887,3,1,4,9
82552343000000,82552843000000,500.0,4096,68,67,1190754,1190820,9526574043,9527102045,217,114955,3,1,4,9
82552859000000,82553375000000,516.0,4096,66,66,1190821,1190886,9527110043,9527630043,245,115021,3,1,4,9
82553406000000,82553906000000,500.0,4096,68,67,1190887,1190953,9527638043,9528166043,301,115089,3,1,4,9
82553937000000,82554437000000,500.0,4096,67,66,1190954,1191019,9528174043,9528694045,256,115156,3,1,4,9
82554468000000,82554968000000,500.0,4096,68,68,1191020,1191087,9528702043,9529238043,506,115224,3,1,4,9
82555046000000,82555515000000,469.0,4096,68,67,1191088,1191154,9529246043,9529774045,201,115292,3,1,4,9
82555546000000,82556062000000,516.0,4096,68,68,1191155,1191222,9529782043,9530318043,256,115360,3,1,4,9
82556093000000,82556593000000,500.0,4096,68,67,1191223,1191289,9530326045,9530854043,305,115428,3,1,4,9
82556640000000,82557125000000,485.0,4096,69,67,1191290,1191356,9530862043,9531390047,202,115497,3,1,4,9
82557156000000,82557671000000,515.0,4096,67,67,1191357,1191423,9531398043,9531926046,413,115564,3,1,4,9
82557718000000,82558187000000,469.0,4096,67,66,1191424,1191489,9531934043,9532454044,305,115631,3,1,4,9
82558234000000,82558734000000,500.0,4096,68,67,1191490,1191556,9532462043,9532990047,213,115699,3,1,4,9
82558750000000,82559265000000,515.0,4096,66,66,1191557,1191622,9532998043,9533518045,393,115765,3,1,4,9
82559312000000,82559796000000,484.0,4096,68,67,1191623,1191689,9533526047,9534054047,351,115833,3,1,4,9
82559843000000,82560312000000,469.0,4096,67,66,1191690,1191755,9534062047,9534582044,335,115900,3,1,4,9
82560359000000,82560843000000,484.0,4096,67,66,1191756,1191821,9534590045,9535110043,268,115967,3,1,4,9
82560890000000,82561390000000,500.0,4096,67,67,1191822,1191888,9535118046,9535646043,217,116034,3,1,4,9
82561421000000,82561921000000,500.0,4096,69,68,1191889,1191956,9535654044,9536190043,297,116103,3,1,4,9
82561968000000,82562453000000,485.0,4096,68,66,1191957,1192022,9536198043,9536718043,407,116171,3,1,4,9
82562515000000,82563000000000,485.0,4096,68,68,1192023,1192090,9536726043,9537262043,196,116239,3,1,4,9
82563031000000,82563546000000,515.0,4096,69,68,1192091,1192158,9537270044,9537806046,301,116308,3,1,4,9
82563578000000,82564078000000,500.0,4096,68,67,1192159,1192225,9537814043,9538342047,359,116376,3,1,4,9
82564125000000,82564625000000,500.0,4096,68,68,1192226,1192293,9538350043,9538886045,185,116444,3,1,4,9
82564656000000,82565156000000,500.0,4096,68,67,1192294,1192360,9538894043,9539422046,335,116512,3,1,4,9
82565203000000,82565703000000,500.0,4096,68,67,1192361,1192427,9539430043,9539958047,272,116580,3,1,4,9
82565734000000,82566234000000,500.0,4096,67,67,1192428,1192494,9539966045,9540494043,182,116647,3,1,4,9
82566265000000,82566765000000,500.0,4096,68,67,1192495,1192561,9540502043,9541030043,288,116715,3,1,4,9
82566796000000,82567296000000,500.0,4096,68,66,1192562,1192627,9541038043,9541558044,264,116783,3,1,4,9
82567328000000,82567828000000,500.0,4096,68,66,1192628,1192693,9541566043,9542086045,235,116851,3,1,4,9
82567859000000,82568359000000,500.0,4096,67,67,1192694,1192760,9542094043,9542622043,260,116918,3,1,4,9
82568390000000,82568890000000,500.0,4096,68,67,1192761,1192827,9542630044,9543158045,190,116986,3,1,4,9
82568921000000,82569437000000,516.0,4096,68,67,1192828,1192894,9543166043,9543694047,301,117054,3,1,4,9
82569484000000,82569984000000,500.0,4096,68,68,1192895,1192962,9543702046,9544238043,497,117122,3,1,4,9
82570046000000,82570531000000,485.0,4096,70,69,1192963,1193031,9544246043,9544790046,213,117192,3,1,4,9
82570546000000,82571062000000,516.0,4096,69,68,1193032,1193099,9544798044,9545334044,272,117261,3,1,4,9
82571109000000,82571609000000,500.0,4096,68,67,1193100,1193166,9545342043,9545870044,2609,117329,3,1,4,9
82571968000000,82572156000000,188.0,4096,69,68,1193167,1193234,9545878043,9546414045,187,117398,3,1,4,9
82572171000000,82572687000000,516.0,4096,68,67,1193235,1193301,9546422043,9546950043,294,117466,3,1,4,9
82572734000000,82573234000000,500.0,4096,68,68,1193302,1193369,9546958043,9547494043,386,117534,3,1,4,9
82573281000000,82573765000000,484.0,4096,68,67,1193370,1193436,9547502043,9548030043,211,117602,3,1,4,9
82573796000000,82574296000000,500.0,4096,67,66,1193437,1193502,9548038043,9548558043,243,117669,3,1,4,9
82574328000000,82574828000000,500.0,4096,68,67,1193503,1193569,9548566043,9549094043,301,117737,3,1,4,9
82574875000000,82575375000000,500.0,4096,67,67,1193570,1193636,9549102043,9549630043,224,117804,3,1,4,9
82575390000000,82575906000000,516.0,4096,67,66,1193637,1193702,9549638043,9550158043,247,117871,3,1,4,9
82575937000000,82576437000000,500.0,4096,68,67,1193703,1193769,9550166043,9550694043,286,117939,3,1,4,9
82576468000000,82576968000000,500.0,4096,66,66,1193770,1193835,9550702043,9551222043,251,118005,3,1,4,9
82577000000000,82577500000000,500.0,4096,70,68,1193836,1193903,9551230043,9551766043,371,118075,3,1,4,9
82577546000000,82578046000000,500.0,4096,68,67,1193904,1193970,9551774043,9552302043,269,118143,3,1,4,9
82578078000000,82578593000000,515.0,4096,69,69,1193971,1194039,9552310046,9552854043,235,118212,3,1,4,9
82578625000000,82579125000000,500.0,4096,68,67,1194040,1194106,9552862043,9553390043,285,118280,3,1,4,9
82579171000000,82579671000000,500.0,4096,69,68,1194107,1194174,9553398044,9553934043,298,118349,3,1,4,9
82579718000000,82580218000000,500.0,4096,68,68,1194175,1194242,9553942043,9554478043,222,118417,3,1,4,9
82580250000000,82580765000000,515.0,4096,69,68,1194243,1194310,9554486046,9555022043,297,118486,3,1,4,9
82580796000000,82581296000000,500.0,4096,68,68,1194311,1194378,9555030045,9555566043,236,118554,3,1,4,9
82581328000000,82581843000000,515.0,4096,69,68,1194379,1194446,9555574043,9556110043,214,118623,3,1,4,9
82581875000000,82582390000000,515.0,4096,69,67,1194447,1194513,9556118047,9556646046,293,118692,3,1,4,9
82582421000000,82582921000000,500.0,4096,68,68,1194514,1194581,9556654043,9557190046,243,118760,3,1,4,9
82582968000000,82583468000000,500.0,4096,68,67,1194582,1194648,9557198043,9557726045,195,118828,3,1,4,9
82583500000000,82584015000000,515.0,4096,69,68,1194649,1194716,9557734043,9558270043,395,118897,3,1,4,9
82584062000000,82584562000000,500.0,4096,68,68,1194717,1194784,9558278043,9558814043,320,118965,3,1,4,9
82584593000000,82585093000000,500.0,4096,68,67,1194785,1194851,9558822043,9559350043,266,119033,3,1,4,9
82585125000000,82585625000000,500.0,4096,67,66,1194852,1194917,9559358043,9559878046,258,119100,3,1,4,9
82585656000000,82586156000000,500.0,4096,68,68,1194918,1194985,9559886047,9560422043,189,119168,3,1,4,9
82586187000000,82586687000000,500.0,4096,68,67,1194986,1195052,9560430044,9560958044,250,119236,3,1,4,9
82586734000000,82587234000000,500.0,4096,68,66,1195053,1195118,9560966043,9561486047,277,119304,3,1,4,9
82587265000000,82587765000000,500.0,4096,68,67,1195119,1195185,9561494045,9562022047,218,119372,3,1,4,9
82587796000000,82588296000000,500.0,4096,67,66,1195186,1195251,9562030043,9562550047,251,119439,3,1,4,9
82588328000000,82588828000000,500.0,4096,69,68,1195252,1195319,9562558043,9563094045,265,119508,3,1,4,9
82588859000000,82589375000000,516.0,4096,67,67,1195320,1195386,9563102043,9563630046,371,119575,3,1,4,9
82589421000000,82589906000000,485.0,4096,67,66,1195387,1195452,9563638043,9564158043,317,119642,3,1,4,9
82589937000000,82590437000000,500.0,4096,68,67,1195453,1195519,9564166043,9564694046,183,119710,3,1,4,9
82590468000000,82590984000000,516.0,4096,68,68,1195520,1195587,9564702043,9565238046,523,119778,3,1,4,9
82591046000000,82591531000000,485.0,4096,70,69,1195588,1195656,9565246043,9565790047,389,119848,3,1,4,9
82591578000000,82592062000000,484.0,4096,68,67,1195657,1195723,9565798043,9566326043,213,119916,3,1,4,9
82592078000000,82592609000000,531.0,4096,69,68,1195724,1195791,9566334043,9566870045,4406,119985,3,1,4,9
82593187000000,82593187000000,0.0,4096,68,67,1195792,1195858,9566878046,9567406043,758,120053,3,1,4,9
82593250000000,82593687000000,437.0,4096,69,69,1195859,1195927,9567414045,9567958043,270,120122,3,1,4,9
82593734000000,82594234000000,500.0,4096,68,67,1195928,1195994,9567966045,9568494043,170,120190,3,1,4,9
82594250000000,82594781000000,531.0,4096,68,68,1195995,1196062,9568502043,9569038043,328,120258,3,1,4,9
82594812000000,82595312000000,500.0,4096,68,67,1196063,1196129,9569046043,9569574043,382,120326,3,1,4,9
82595359000000,82595843000000,484.0,4096,68,67,1196130,1196196,9569582044,9570110043,266,120394,3,1,4,9
82595890000000,82596406000000,516.0,4096,69,69,1196197,1196265,9570118047,9570662043,415,120463,3,1,4,9
82596453000000,82596937000000,484.0,4096,68,67,1196266,1196332,9570670043,9571198043,164,120531,3,1,4,9
82596968000000,82597484000000,516.0,4096,69,68,1196333,1196400,9571206046,9571742043,282,120600,3,1,4,9
82597515000000,82598015000000,500.0,4096,69,68,1196401,1196468,9571750052,9572286043,366,120669,3,1,4,9
82598078000000,82598562000000,484.0,4096,68,67,1196469,1196535,9572294043,9572822046,239,120737,3,1,4,9
82598593000000,82599109000000,516.0,4096,69,69,1196536,1196604,9572830043,9573374043,240,120806,3,1,4,9
82599140000000,82599656000000,516.0,4096,69,68,1196605,1196672,9573382047,9573918046,496,120875,3,1,4,9
82599718000000,82600203000000,485.0,4096,68,68,1196673,1196740,9573926043,9574462045,276,120943,3,1,4,9
82600234000000,82600734000000,500.0,4096,68,67,1196741,1196807,9574470043,9574998047,219,121011,3,1,4,9
82600765000000,82601281000000,516.0,4096,69,68,1196808,1196875,9575006043,9575542043,261,121080,3,1,4,9
82601312000000,82601828000000,516.0,4096,68,68,1196876,1196943,9575550045,9576086043,327,121148,3,1,4,9
82601875000000,82602359000000,484.0,4096,69,67,1196944,1197010,9576094043,9576622043,189,121217,3,1,4,9
82602390000000,82602906000000,516.0,4096,69,68,1197011,1197078,9576630043,9577166043,260,121286,3,1,4,9
82602937000000,82603453000000,516.0,4096,68,68,1197079,1197146,9577174043,9577710044,295,121354,3,1,4,9
82603484000000,82603984000000,500.0,4096,68,67,1197147,1197213,9577718043,9578246043,250,121422,3,1,4,9
82604015000000,82604531000000,516.0,4096,69,68,1197214,1197281,9578254043,9578790043,407,121491,3,1,4,9
82604593000000,82605078000000,485.0,4096,68,68,1197282,1197349,9578798047,9579334044,257,121559,3,1,4,9
82605109000000,82605609000000,500.0,4096,69,68,1197350,1197417,9579342047,9579878043,213,121628,3,1,4,9
82605640000000,82606156000000,516.0,4096,68,67,1197418,1197484,9579886043,9580414046,248,121696,3,1,4,9
82606187000000,82606703000000,516.0,4096,68,68,1197485,1197552,9580422043,9580958043,190,121764,3,1,4,9
82606718000000,82607234000000,516.0,4096,70,68,1197553,1197620,9580966046,9581502046,234,121834,3,1,4,9
82607265000000,82607765000000,500.0,4096,68,66,1197621,1197686,9581510043,9582030047,312,121902,3,1,4,9
82607812000000,82608312000000,500.0,4096,68,68,1197687,1197754,9582038043,9582574046,227,121970,3,1,4,9
82608343000000,82608859000000,516.0,4096,69,68,1197755,1197822,9582582043,9583118043,293,122039,3,1,4,9
82608890000000,82609390000000,500.0,4096,68,67,1197823,1197889,9583126043,9583654044,241,122107,3,1,4,9
82609421000000,82609937000000,516.0,4096,68,68,1197890,1197957,9583662043,9584198043,314,122175,3,1,4,9
82609984000000,82610484000000,500.0,4096,69,68,1197958,1198025,9584206043,9584742043,255,122244,3,1,4,9
82610515000000,82611015000000,500.0,4096,68,67,1198026,1198092,9584750047,9585278043,335,122312,3,1,4,9
82611062000000,82611562000000,500.0,4096,68,68,1198093,1198160,9585286043,9585822043,287,122380,3,1,4,9
82611593000000,82612093000000,500.0,4096,69,67,1198161,1198227,9585830047,9586358043,240,122449,3,1,4,9
82612125000000,82612640000000,515.0,4096,68,68,1198228,1198295,9586366046,9586902045,4133,122517,3,1,4,9
82613187000000,82613187000000,0.0,4096,68,67,1198296,1198362,9586910043,9587438043,371,122585,3,1,4,9
82613234000000,82613718000000,484.0,4096,69,68,1198363,1198430,9587446043,9587982045,265,122654,3,1,4,9
82613765000000,82614265000000,500.0,4096,68,68,1198431,1198498,9587990043,9588526044,343,122722,3,1,4,9
82614312000000,82614812000000,500.0,4096,69,68,1198499,1198566,9588534043,9589070043,230,122791,3,1,4,9
82614843000000,82615343000000,500.0,4096,68,67,1198567,1198633,9589078043,9589606043,233,122859,3,1,4,9
82615375000000,82615890000000,515.0,4096,68,68,1198634,1198701,9589614043,9590150046,302,122927,3,1,4,9
82615937000000,82616437000000,500.0,4096,69,68,1198702,1198769,9590158043,9590694043,176,122996,3,1,4,9
82616453000000,82616968000000,515.0,4096,67,66,1198770,1198835,9590702043,9591222043,310,123063,3,1,4,9
82617000000000,82617500000000,500.0,4096,69,68,1198836,1198903,9591230043,9591766047,269,123132,3,1,4,9
82617546000000,82618046000000,500.0,4096,68,67,1198904,1198970,9591774043,9592302043,253,123200,3,1,4,9
82618078000000,82618593000000,515.0,4096,68,68,1198971,1199038,9592310046,9592846043,436,123268,3,1,4,9
82618640000000,82619125000000,485.0,4096,69,68,1199039,1199106,9592854043,9593390046,399,123337,3,1,4,9
82619187000000,82619656000000,469.0,4096,68,67,1199107,1199173,9593398045,9593926043,223,123405,3,1,4,9
82619687000000,82620218000000,531.0,4096,68,68,1199174,1199241,9593934043,9594470045,316,123473,3,1,4,9
82620250000000,82620750000000,500.0,4096,69,68,1199242,1199309,9594478044,9595014046,298,123542,3,1,4,9
82620796000000,82621296000000,500.0,4096,68,68,1199310,1199377,9595022043,9595558046,334,123610,3,1,4,9
82621343000000,82621843000000,500.0,4096,69,68,1199378,1199445,9595566047,9596102043,313,123679,3,1,4,9
82621890000000,82622375000000,485.0,4096,69,67,1199446,1199512,9596110046,9596638044,398,123748,3,1,4,9
82622421000000,82622921000000,500.0,4096,68,68,1199513,1199580,9596646043,9597182043,187,123816,3,1,4,9
82622937000000,82623468000000,531.0,4096,69,68,1199581,1199648,9597190043,9597726043,294,123885,3,1,4,9
82623500000000,82624000000000,500.0,4096,67,67,1199649,1199715,9597734044,9598262043,281,123952,3,1,4,9
82624046000000,82624546000000,500.0,4096,69,68,1199716,1199783,9598270044,9598806043,164,124021,3,1,4,9
82624578000000,82625093000000,515.0,4096,69,68,1199784,1199851,9598814043,9599350045,451,124090,3,1,4,9
82625156000000,82625625000000,469.0,4096,68,68,1199852,1199919,9599358043,9599894047,218,124158,3,1,4,9
82625656000000,82626171000000,515.0,4096,68,67,1199920,1199986,9599902043,9600430043,258,124226,3,1,4,9
82626203000000,82626718000000,515.0,4096,69,68,1199987,1200054,9600438047,9600974043,315,124295,3,1,4,9
82626750000000,82627250000000,500.0,4096,68,67,1200055,1200121,9600982043,9601510043,260,124363,3,1,4,9
82627281000000,82627796000000,515.0,4096,70,68,1200122,1200189,9601518043,9602054043,208,124433,3,1,4,9
82627812000000,82628328000000,516.0,4096,67,67,1200190,1200256,9602062043,9602590045,275,124500,3,1,4,9
82628375000000,82628875000000,500.0,4096,69,68,1200257,1200324,9602598043,9603134045,266,124569,3,1,4,9
82628906000000,82629406000000,500.0,4096,69,68,1200325,1200392,9603142043,9603678045,180,124638,3,1,4,9
82629437000000,82629953000000,516.0,4096,67,67,1200393,1200459,9603686043,9604214043,396,124705,3,1,4,9
82630015000000,82630500000000,485.0,4096,69,68,1200460,1200527,9604222046,9604758044,271,124774,3,1,4,9
82630531000000,82631031000000,500.0,4096,68,67,1200528,1200594,9604766044,9605294043,250,124842,3,1,4,9
82631062000000,82631578000000,516.0,4096,68,68,1200595,1200662,9605302047,9605838045,350,124910,3,1,4,9
82631625000000,82632125000000,500.0,4096,70,68,1200663,1200730,9605846043,9606382044,345,124980,3,1,4,9
82632171000000,82632656000000,485.0,4096,69,68,1200731,1200798,9606390043,9606926047,271,125049,3,1,4,9
82632703000000,82633203000000,500.0,4096,68,68,1200799,1200866,9606934044,9607470043,3832,125117,3,1,4,9
82633718000000,82633750000000,32.0,4096,68,67,1200867,1200933,9607478043,9608006047,613,125185,3,1,4,9
82633828000000,82634296000000,468.0,4096,69,68,1200934,1201001,9608014045,9608550046,232,125254,3,1,4,9
82634312000000,82634828000000,516.0,4096,68,68,1201002,1201069,9608558043,9609094047,506,125322,3,1,4,9
82634906000000,82635375000000,469.0,4096,69,68,1201070,1201137,9609102043,9609638043,252,125391,3,1,4,9
82635406000000,82635921000000,515.0,4096,68,68,1201138,1201205,9609646043,9610182045,294,125459,3,1,4,9
82635953000000,82636453000000,500.0,4096,68,67,1201206,1201272,9610190043,9610718044,251,125527,3,1,4,9
82636500000000,82637000000000,500.0,4096,70,68,1201273,1201340,9610726043,9611262043,250,125597,3,1,4,9
82637031000000,82637546000000,515.0,4096,68,68,1201341,1201408,9611270045,9611806045,192,125665,3,1,4,9
82637562000000,82638078000000,516.0,4096,68,67,1201409,1201475,9611814044,9612342044,430,125733,3,1,4,9
82638140000000,82638625000000,485.0,4096,69,68,1201476,1201543,9612350043,9612886045,250,125802,3,1,4,9
82638656000000,82639171000000,515.0,4096,69,69,1201544,1201612,9612894046,9613438043,228,125871,3,1,4,9
82639203000000,82639718000000,515.0,4096,68,67,1201613,1201679,9613446043,9613974043,310,125939,3,1,4,9
82639750000000,82640265000000,515.0,4096,69,68,1201680,1201747,9613982043,9614518044,317,126008,3,1,4,9
82640296000000,82640796000000,500.0,4096,68,68,1201748,1201815,9614526043,9615062045,239,126076,3,1,4,9
82640843000000,82641343000000,500.0,4096,69,68,1201816,1201883,9615070043,9615606043,283,126145,3,1,4,9
82641375000000,82641890000000,515.0,4096,69,68,1201884,1201951,9615614043,9616150044,286,126214,3,1,4,9
82641921000000,82642421000000,500.0,4096,68,67,1201952,1202018,9616158043,9616686045,185,126282,3,1,4,9
82642453000000,82642968000000,515.0,4096,69,68,1202019,1202086,9616694046,9617230043,260,126351,3,1,4,9
82643000000000,82643515000000,515.0,4096,69,68,1202087,1202154,9617238043,9617774043,429,126420,3,1,4,9
82643578000000,82644062000000,484.0,4096,68,68,1202155,1202222,9617782044,9618318043,352,126488,3,1,4,9
82644109000000,82644593000000,484.0,4096,68,67,1202223,1202289,9618326045,9618854047,256,126556,3,1,4,9
82644625000000,82645140000000,515.0,4096,69,68,1202290,1202357,9618862045,9619398045,478,126625,3,1,4,9
82645203000000,82645687000000,484.0,4096,68,68,1202358,1202425,9619406043,9619942043,256,126693,3,1,4,9
82645718000000,82646218000000,500.0,4096,69,68,1202426,1202493,9619950043,9620486043,206,126762,3,1,4,9
82646250000000,82646765000000,515.0,4096,68,67,1202494,1202560,9620494043,9621022046,386,126830,3,1,4,9
82646812000000,82647296000000,484.0,4096,68,67,1202561,1202627,9621030044,9621558045,246,126898,3,1,4,9
82647328000000,82647843000000,515.0,4096,70,68,1202628,1202695,9621566043,9622102043,268,126968,3,1,4,9
82647875000000,82648390000000,515.0,4096,69,68,1202696,1202763,9622110043,9622646043,299,127037,3,1,4,9
82648421000000,82648921000000,500.0,4096,67,67,1202764,1202830,9622654045,9623182043,214,127104,3,1,4,9
82648953000000,82649468000000,515.0,4096,69,68,1202831,1202898,9623190043,9623726044,188,127173,3,1,4,9
82649484000000,82650015000000,531.0,4096,69,68,1202899,1202966,9623734047,9624270045,317,127242,3,1,4,9
82650046000000,82650546000000,500.0,4096,68,68,1202967,1203034,9624278047,9624814043,277,127310,3,1,4,9
82650593000000,82651093000000,500.0,4096,69,68,1203035,1203102,9624822043,9625358043,223,127379,3,1,4,9
82651125000000,82651640000000,515.0,4096,68,67,1203103,1203169,9625366043,9625894046,439,127447,3,1,4,9
82651703000000,82652187000000,484.0,4096,70,69,1203170,1203238,9625902043,9626446045,322,127517,3,1,4,9
82652218000000,82652718000000,500.0,4096,68,67,1203239,1203305,9626454046,9626982047,185,127585,3,1,4,9
82652750000000,82653265000000,515.0,4096,68,68,1203306,1203373,9626990043,9627526043,3064,127653,3,1,4,9
82653671000000,82653796000000,125.0,4096,68,67,1203374,1203440,9627534045,9628062047,263,127721,3,1,4,9
82653843000000,82654343000000,500.0,4096,68,67,1203441,1203507,9628070043,9628598043,216,127789,3,1,4,9
82654359000000,82654875000000,516.0,4096,67,67,1203508,1203574,9628606045,9629134046,354,127856,3,1,4,9
82654921000000,82655406000000,485.0,4096,67,66,1203575,1203640,9629142043,9629662043,301,127923,3,1,4,9
82655437000000,82655937000000,500.0,4096,68,67,1203641,1203707,9629670046,9630198047,230,127991,3,1,4,9
82655968000000,82656468000000,500.0,4096,66,66,1203708,1203773,9630206043,9630726043,403,128057,3,1,4,9
82656515000000,82657000000000,485.0,4096,68,66,1203774,1203839,9630734043,9631254043,345,128125,3,1,4,9
82657046000000,82657531000000,485.0,4096,67,67,1203840,1203906,9631262045,9631790043,653,128192,3,1,4,9
82657609000000,82658062000000,453.0,4096,68,67,1203907,1203973,9631798043,9632326043,268,128260,3,1,4,9
82658093000000,82658593000000,500.0,4096,67,66,1203974,1204039,9632334046,9632854043,181,128327,3,1,4,9
82658625000000,82659140000000,515.0,4096,69,69,1204040,1204108,9632862044,9633406043,393,128396,3,1,4,9
82659187000000,82659687000000,500.0,4096,68,67,1204109,1204175,9633414047,9633942044,389,128464,3,1,4,9
82659734000000,82660234000000,500.0,4096,70,69,1204176,1204244,9633950043,9634494045,386,128534,3,1,4,9
82660281000000,82660781000000,500.0,4096,68,68,1204245,1204312,9634502043,9635038045,493,128602,3,1,4,9
82660843000000,82661312000000,469.0,4096,68,67,1204313,1204379,9635046043,9635574043,433,128670,3,1,4,9
82661375000000,82661859000000,484.0,4096,70,69,1204380,1204448,9635582043,9636126046,258,128740,3,1,4,9
82661890000000,82662406000000,516.0,4096,68,67,1204449,1204515,9636134043,9636662043,408,128808,3,1,4,9
82662453000000,82662953000000,500.0,4096,69,68,1204516,1204583,9636670043,9637206043,245,128877,3,1,4,9
82662984000000,82663484000000,500.0,4096,69,68,1204584,1204651,9637214045,9637750046,172,128946,3,1,4,9
82663515000000,82664031000000,516.0,4096,68,68,1204652,1204719,9637758043,9638294043,245,129014,3,1,4,9
82664078000000,82664578000000,500.0,4096,69,68,1204720,1204787,9638302046,9638838044,291,129083,3,1,4,9
82664625000000,82665109000000,484.0,4096,68,67,1204788,1204854,9638846045,9639374046,232,129151,3,1,4,9
82665140000000,82665671000000,531.0,4096,69,69,1204855,1204923,9639382043,9639926043,443,129220,3,1,4,9
82665734000000,82666203000000,469.0,4096,68,67,1204924,1204990,9639934046,9640462044,361,129288,3,1,4,9
82666250000000,82666734000000,484.0,4096,67,67,1204991,1205057,9640470045,9640998047,204,129355,3,1,4,9
82666765000000,82667265000000,500.0,4096,67,65,1205058,1205122,9641006047,9641518044,252,129422,3,1,4,9
82667296000000,82667781000000,485.0,4096,68,66,1205123,1205188,9641526043,9642046044,220,129490,3,1,4,9
82667812000000,82668312000000,500.0,4096,67,67,1205189,1205255,9642054043,9642582046,258,129557,3,1,4,9
82668359000000,82668843000000,484.0,4096,67,66,1205256,1205321,9642590045,9643110046,268,129624,3,1,4,9
82668890000000,82669390000000,500.0,4096,67,67,1205322,1205388,9643118043,9643646044,177,129691,3,1,4,9
82669406000000,82669921000000,515.0,4096,67,66,1205389,1205454,9643654044,9644174043,319,129758,3,1,4,9
82669953000000,82670453000000,500.0,4096,68,67,1205455,1205521,9644182043,9644710043,202,129826,3,1,4,9
82670484000000,82671000000000,516.0,4096,69,69,1205522,1205590,9644718043,9645262044,301,129895,3,1,4,9
82671031000000,82671531000000,500.0,4096,67,66,1205591,1205656,9645270044,9645790046,244,129962,3,1,4,9
82671562000000,82672062000000,500.0,4096,68,67,1205657,1205723,9645798047,9646326045,215,130030,3,1,4,9
82672093000000,82672609000000,516.0,4096,69,68,1205724,1205791,9646334043,9646870043,269,130099,3,1,4,9
82672640000000,82673140000000,500.0,4096,67,66,1205792,1205857,9646878044,9647398046,237,130166,3,1,4,9
82673171000000,82673703000000,532.0,4096,69,69,1205858,1205926,9647406046,9647950043,3482,130235,3,1,4,9
82674156000000,82674234000000,78.0,4096,70,69,1205927,1205995,9647958043,9648502043,339,130305,3,1,4,9
82674281000000,82674781000000,500.0,4096,68,68,1205996,1206063,9648510043,9649046043,291,130373,3,1,4,9
82674828000000,82675328000000,500.0,4096,69,68,1206064,1206131,9649054043,9649590043,198,130442,3,1,4,9
82675359000000,82675875000000,516.0,4096,69,68,1206132,1206199,9649598046,9650134043,270,130511,3,1,4,9
82675906000000,82676421000000,515.0,4096,68,68,1206200,1206267,9650142043,9650678047,252,130579,3,1,4,9
82676453000000,82676968000000,515.0,4096,70,69,1206268,1206336,9650686043,9651230044,242,130649,3,1,4,9
82677000000000,82677500000000,500.0,4096,68,67,1206337,1206403,9651238043,9651766043,443,130717,3,1,4,9
82677562000000,82678046000000,484.0,4096,69,68,1206404,1206471,9651774043,9652310043,327,130786,3,1,4,9
82678093000000,82678593000000,500.0,4096,69,68,1206472,1206539,9652318043,9652854043,237,130855,3,1,4,9
82678625000000,82679140000000,515.0,4096,68,68,1206540,1206607,9652862043,9653398047,310,130923,3,1,4,9
82679171000000,82679687000000,516.0,4096,69,68,1206608,1206675,9653406043,9653942046,319,130992,3,1,4,9
82679718000000,82680234000000,516.0,4096,68,68,1206676,1206743,9653950043,9654486047,469,131060,3,1,4,9
82680281000000,82680765000000,484.0,4096,69,68,1206744,1206811,9654494043,9655030043,387,131129,3,1,4,9
82680812000000,82681312000000,500.0,4096,69,68,1206812,1206879,9655038046,9655574043,266,131198,3,1,4,9
82681343000000,82681859000000,516.0,4096,68,68,1206880,1206947,9655582043,9656118043,241,131266,3,1,4,9
82681890000000,82682390000000,500.0,4096,68,66,1206948,1207013,9656126045,9656646044,218,131334,3,1,4,9
82682421000000,82682921000000,500.0,4096,68,67,1207014,1207080,9656654043,9657182043,282,131402,3,1,4,9
82682953000000,82683453000000,500.0,4096,67,67,1207081,1207147,9657190047,9657718043,205,131469,3,1,4,9
82683484000000,82683984000000,500.0,4096,68,67,1207148,1207214,9657726043,9658254043,249,131537,3,1,4,9
82684031000000,82684531000000,500.0,4096,67,67,1207215,1207281,9658262043,9658790043,245,131604,3,1,4,9
82684562000000,82685062000000,500.0,4096,68,67,1207282,1207348,9658798043,9659326047,266,131672,3,1,4,9
82685093000000,82685609000000,516.0,4096,68,67,1207349,1207415,9659334043,9659862047,254,131740,3,1,4,9
82685640000000,82686140000000,500.0,4096,67,67,1207416,1207482,9659870043,9660398043,241,131807,3,1,4,9
82686171000000,82686671000000,500.0,4096,68,67,1207483,1207549,9660406046,9660934047,199,131875,3,1,4,9
82686703000000,82687218000000,515.0,4096,69,68,1207550,1207617,9660942043,9661478046,257,131944,3,1,4,9
82687250000000,82687750000000,500.0,4096,68,66,1207618,1207683,9661486043,9662006045,242,132012,3,1,4,9
82687781000000,82688296000000,515.0,4096,69,68,1207684,1207751,9662014045,9662550043,254,132081,3,1,4,9
82688328000000,82688843000000,515.0,4096,70,69,1207752,1207820,9662558043,9663102044,307,132151,3,1,4,9
82688875000000,82689390000000,515.0,4096,68,68,1207821,1207888,9663110043,9663646043,236,132219,3,1,4,9
82689421000000,82689921000000,500.0,4096,69,68,1207889,1207956,9663654046,9664190044,260,132288,3,1,4,9
82689968000000,82690468000000,500.0,4096,69,68,1207957,1208024,9664198047,9664734043,249,132357,3,1,4,9
82690500000000,82691015000000,515.0,4096,68,68,1208025,1208092,9664742043,9665278044,291,132425,3,1,4,9
82691062000000,82691562000000,500.0,4096,68,67,1208093,1208159,9665286046,9665814043,174,132493,3,1,4,9
82691578000000,82692093000000,515.0,4096,69,67,1208160,1208226,9665822043,9666350046,261,132562,3,1,4,9
82692125000000,82692625000000,500.0,4096,67,67,1208227,1208293,9666358044,9666886043,313,132629,3,1,4,9
82692671000000,82693156000000,485.0,4096,68,67,1208294,1208360,9666894046,9667422046,204,132697,3,1,4,9
82693187000000,82693703000000,516.0,4096,68,67,1208361,1208427,9667430043,9667958045,295,132765,3,1,4,9
82693734000000,82694234000000,500.0,4096,68,68,1208428,1208495,9667966043,9668502043,3473,132833,3,1,4,9
82694687000000,82694765000000,78.0,4096,67,66,1208496,1208561,9668510046,9669030045,398,132900,3,1,4,9
82694828000000,82695312000000,484.0,4096,68,67,1208562,1208628,9669038045,9669566043,495,132968,3,1,4,9
82695375000000,82695843000000,468.0,4096,68,68,1208629,1208696,9669574045,9670110043,224,133036,3,1,4,9
82695875000000,82696375000000,500.0,4096,67,66,1208697,1208762,9670118047,9670638043,248,133103,3,1,4,9
82696406000000,82696921000000,515.0,4096,69,68,1208763,1208830,9670646047,9671182046,268,133172,3,1,4,9
82696953000000,82697453000000,500.0,4096,68,67,1208831,1208897,9671190044,9671718043,153,133240,3,1,4,9
82697484000000,82698000000000,516.0,4096,69,68,1208898,1208965,9671726047,9672262043,268,133309,3,1,4,9
82698031000000,82698546000000,515.0,4096,68,67,1208966,1209032,9672270043,9672798043,234,133377,3,1,4,9
82698578000000,82699093000000,515.0,4096,69,69,1209033,1209101,9672806043,9673350046,219,133446,3,1,4,9
82699109000000,82699625000000,516.0,4096,69,68,1209102,1209169,9673358043,9673894043,318,133515,3,1,4,9
82699671000000,82700156000000,485.0,4096,67,66,1209170,1209235,9673902044,9674422043,310,133582,3,1,4,9
82700203000000,82700703000000,500.0,4096,68,68,1209236,1209303,9674430043,9674966043,234,133650,3,1,4,9
82700734000000,82701234000000,500.0,4096,67,66,1209304,1209369,9674974044,9675494047,279,133717,3,1,4,9
82701265000000,82701765000000,500.0,4096,67,67,1209370,1209436,9675502043,9676030043,296,133784,3,1,4,9
82701812000000,82702296000000,484.0,4096,68,66,1209437,1209502,9676038047,9676558043,199,133852,3,1,4,9
82702328000000,82702828000000,500.0,4096,67,66,1209503,1209568,9676566043,9677086046,448,133919,3,1,4,9
82702875000000,82703375000000,500.0,4096,68,68,1209569,1209636,9677094045,9677630043,214,133987,3,1,4,9
82703390000000,82703890000000,500.0,4096,66,65,1209637,1209701,9677638043,9678150043,248,134053,3,1,4,9
82703921000000,82704421000000,500.0,4096,68,67,1209702,1209768,9678158043,9678686043,268,134121,3,1,4,9
82704468000000,82704968000000,500.0,4096,68,68,1209769,1209836,9678694045,9679230044,227,134189,3,1,4,9
82705000000000,82705500000000,500.0,4096,67,66,1209837,1209902,9679238043,9679758043,254,134256,3,1,4,9
82705531000000,82706046000000,515.0,4096,68,68,1209903,1209970,9679766043,9680302043,304,134324,3,1,4,9
82706078000000,82706578000000,500.0,4096,67,66,1209971,1210036,9680310044,9680830045,281,134391,3,1,4,9
82706609000000,82707093000000,484.0,4096,68,66,1210037,1210102,9680838046,9681358044,272,134459,3,1,4,9
82707125000000,82707640000000,515.0,4096,68,68,1210103,1210170,9681366043,9681902043,270,134527,3,1,4,9
82707671000000,82708171000000,500.0,4096,68,66,1210171,1210236,9681910047,9682430044,230,134595,3,1,4,9
82708203000000,82708703000000,500.0,4096,68,67,1210237,1210303,9682438046,9682966046,259,134663,3,1,4,9
82708734000000,82709250000000,516.0,4096,67,67,1210304,1210370,9682974043,9683502043,186,134730,3,1,4,9
82709265000000,82709781000000,516.0,4096,68,67,1210371,1210437,9683510046,9684038047,276,134798,3,1,4,9
82709812000000,82710312000000,500.0,4096,68,67,1210438,1210504,9684046046,9684574043,366,134866,3,1,4,9
82710359000000,82710859000000,500.0,4096,68,68,1210505,1210572,9684582043,9685118047,229,134934,3,1,4,9
82710890000000,82711406000000,516.0,4096,68,67,1210573,1210639,9685126043,9685654044,390,135002,3,1,4,9
82711437000000,82711921000000,484.0,4096,67,66,1210640,1210705,9685662045,9686182047,311,135069,3,1,4,9
82711968000000,82712453000000,485.0,4096,68,67,1210706,1210772,9686190045,9686718043,186,135137,3,1,4,9
82712484000000,82712984000000,500.0,4096,67,66,1210773,1210838,9686726044,9687246045,324,135204,3,1,4,9
82713031000000,82713531000000,500.0,4096,68,67,1210839,1210905,9687254043,9687782047,257,135272,3,1,4,9
82713562000000,82714062000000,500.0,4096,67,67,1210906,1210972,9687790047,9688318043,259,135339,3,1,4,9
82714093000000,82714593000000,500.0,4096,68,67,1210973,1211039,9688326043,9688854047,3604,135407,3,1,4,9
82715062000000,82715140000000,78.0,4096,68,67,1211040,1211106,9688862047,9689390043,526,135475,3,1,4,9
82715203000000,82715671000000,468.0,4096,67,67,1211107,1211173,9689398043,9689926043,237,135542,3,1,4,9
82715687000000,82716203000000,516.0,4096,69,68,1211174,1211241,9689934046,9690470046,252,135611,3,1,4,9
82716250000000,82716750000000,500.0,4096,68,67,1211242,1211308,9690478043,9691006044,166,135679,3,1,4,9
82716765000000,82717296000000,531.0,4096,70,69,1211309,1211377,9691014044,9691558044,244,135749,3,1,4,9
82717328000000,82717843000000,515.0,4096,69,68,1211378,1211445,9691566043,9692102043,270,135818,3,1,4,9
82717875000000,82718390000000,515.0,4096,68,68,1211446,1211513,9692110046,9692646043,256,135886,3,1,4,9
82718421000000,82718937000000,516.0,4096,69,68,1211514,1211581,9692654045,9693190045,398,135955,3,1,4,9
82718984000000,82719468000000,484.0,4096,69,68,1211582,1211649,9693198043,9693734043,337,136024,3,1,4,9
82719515000000,82720015000000,500.0,4096,69,69,1211650,1211718,9693742043,9694286043,237,136093,3,1,4,9
82720046000000,82720562000000,516.0,4096,68,67,1211719,1211785,9694294043,9694822043,325,136161,3,1,4,9
82720609000000,82721109000000,500.0,4096,69,69,1211786,1211854,9694830043,9695374043,270,136230,3,1,4,9
82721140000000,82721656000000,516.0,4096,69,68,1211855,1211922,9695382043,9695918044,241,136299,3,1,4,9
82721687000000,82722203000000,516.0,4096,68,67,1211923,1211989,9695926047,9696454043,303,136367,3,1,4,9
82722234000000,82722734000000,500.0,4096,70,69,1211990,1212058,9696462046,9697006046,242,136437,3,1,4,9
82722765000000,82723281000000,516.0,4096,68,67,1212059,1212125,9697014044,9697542043,198,136505,3,1,4,9
82723312000000,82723828000000,516.0,4096,68,68,1212126,1212193,9697550045,9698086043,257,136573,3,1,4,9
82723859000000,82724375000000,516.0,4096,70,69,1212194,1212262,9698094046,9698638047,260,136643,3,1,4,9
82724406000000,82724921000000,515.0,4096,68,68,1212263,1212330,9698646043,9699182045,251,136711,3,1,4,9
82724953000000,82725468000000,515.0,4096,69,68,1212331,1212398,9699190043,9699726043,482,136780,3,1,4,9
82725531000000,82726015000000,484.0,4096,69,68,1212399,1212466,9699734047,9700270043,244,136849,3,1,4,9
82726046000000,82726562000000,516.0,4096,69,69,1212467,1212535,9700278044,9700822044,288,136918,3,1,4,9
82726593000000,82727093000000,500.0,4096,68,66,1212536,1212601,9700830043,9701350043,219,136986,3,1,4,9
82727125000000,82727640000000,515.0,4096,69,69,1212602,1212670,9701358043,9701902043,255,137055,3,1,4,9
82727671000000,82728171000000,500.0,4096,68,66,1212671,1212736,9701910043,9702430046,196,137123,3,1,4,9
82728203000000,82728703000000,500.0,4096,67,66,1212737,1212802,9702438043,9702958045,254,137190,3,1,4,9
82728734000000,82729250000000,516.0,4096,68,68,1212803,1212870,9702966043,9703502047,259,137258,3,1,4,9
82729281000000,82729781000000,500.0,4096,68,67,1212871,1212937,9703510047,9704038047,160,137326,3,1,4,9
82729796000000,82730312000000,516.0,4096,67,66,1212938,1213003,9704046047,9704566045,328,137393,3,1,4,9
82730343000000,82730843000000,500.0,4096,68,68,1213004,1213071,9704574043,9705110043,248,137461,3,1,4,9
82730875000000,82731375000000,500.0,4096,67,66,1213072,1213137,9705118043,9705638046,188,137528,3,1,4,9
82731406000000,82731921000000,515.0,4096,68,68,1213138,1213205,9705646043,9706182043,303,137596,3,1,4,9
82731953000000,82732453000000,500.0,4096,68,66,1213206,1213271,9706190046,9706710045,292,137664,3,1,4,9
82732484000000,82732968000000,484.0,4096,67,66,1213272,1213337,9706718047,9707238047,154,137731,3,1,4,9
82733000000000,82733515000000,515.0,4096,68,68,1213338,1213405,9707246047,9707782044,333,137799,3,1,4,9
82733562000000,82734046000000,484.0,4096,67,66,1213406,1213471,9707790043,9708310047,216,137866,3,1,4,9
82734078000000,82734593000000,515.0,4096,67,67,1213472,1213538,9708318047,9708846043,3666,137933,3,1,4,9
82735062000000,82735140000000,78.0,4096,67,66,1213539,1213604,9708854043,9709374043,784,138000,3,1,4,9
82735218000000,82735656000000,438.0,4096,68,67,1213605,1213671,9709382043,9709910046,180,138068,3,1,4,9
82735671000000,82736187000000,516.0,4096,67,67,1213672,1213738,9709918043,9710446043,244,138135,3,1,4,9
82736218000000,82736718000000,500.0,4096,68,67,1213739,1213805,9710454043,9710982043,245,138203,3,1,4,9
82736765000000,82737265000000,500.0,4096,70,68,1213806,1213873,9710990043,9711526047,192,138273,3,1,4,9
82737296000000,82737812000000,516.0,4096,68,68,1213874,1213941,9711534043,9712070043,262,138341,3,1,4,9
82737843000000,82738343000000,500.0,4096,69,68,1213942,1214009,9712078043,9712614043,342,138410,3,1,4,9
82738390000000,82738890000000,500.0,4096,68,67,1214010,1214076,9712622043,9713150046,156,138478,3,1,4,9
82738906000000,82739437000000,531.0,4096,69,69,1214077,1214145,9713158044,9713702043,326,138547,3,1,4,9
82739484000000,82739984000000,500.0,4096,68,67,1214146,1214212,9713710044,9714238043,664,138615,3,1,4,9
82740062000000,82740531000000,469.0,4096,68,68,1214213,1214280,9714246044,9714782043,355,138683,3,1,4,9
82740578000000,82741062000000,484.0,4096,69,68,1214281,1214348,9714790043,9715326043,248,138752,3,1,4,9
82741093000000,82741609000000,516.0,4096,68,67,1214349,1214415,9715334045,9715862045,287,138820,3,1,4,9
82741640000000,82742156000000,516.0,4096,70,69,1214416,1214484,9715870043,9716414043,203,138890,3,1,4,9
82742171000000,82742687000000,516.0,4096,68,67,1214485,1214551,9716422044,9716950045,270,138958,3,1,4,9
82742734000000,82743234000000,500.0,4096,68,68,1214552,1214619,9716958045,9717494044,301,139026,3,1,4,9
82743281000000,82743781000000,500.0,4096,69,68,1214620,1214687,9717502045,9718038044,206,139095,3,1,4,9
82743812000000,82744328000000,516.0,4096,68,68,1214688,1214755,9718046043,9718582043,259,139163,3,1,4,9
82744359000000,82744859000000,500.0,4096,69,68,1214756,1214823,9718590047,9719126044,303,139232,3,1,4,9
82744906000000,82745406000000,500.0,4096,68,67,1214824,1214890,9719134043,9719662046,188,139300,3,1,4,9
82745421000000,82745953000000,532.0,4096,68,68,1214891,1214958,9719670046,9720206043,262,139368,3,1,4,9
82745984000000,82746484000000,500.0,4096,68,67,1214959,1215025,9720214044,9720742046,299,139436,3,1,4,9
82746531000000,82747031000000,500.0,4096,69,68,1215026,1215093,9720750046,9721286044,260,139505,3,1,4,9
82747062000000,82747562000000,500.0,4096,69,68,1215094,1215161,9721294046,9721830045,332,139574,3,1,4,9
82747609000000,82748109000000,500.0,4096,68,67,1215162,1215228,9721838044,9722366043,253,139642,3,1,4,9
82748140000000,82748656000000,516.0,4096,69,68,1215229,1215296,9722374043,9722910043,171,139711,3,1,4,9
82748671000000,82749187000000,516.0,4096,68,67,1215297,1215363,9722918047,9723446045,262,139779,3,1,4,9
82749218000000,82749734000000,516.0,4096,69,69,1215364,1215432,9723454043,9723998043,245,139848,3,1,4,9
82749765000000,82750281000000,516.0,4096,68,67,1215433,1215499,9724006043,9724534044,237,139916,3,1,4,9
82750312000000,82750828000000,516.0,4096,69,69,1215500,1215568,9724542043,9725086043,329,139985,3,1,4,9
82750859000000,82751359000000,500.0,4096,68,67,1215569,1215635,9725094043,9725622045,225,140053,3,1,4,9
82751390000000,82751906000000,516.0,4096,68,68,1215636,1215703,9725630045,9726166044,209,140121,3,1,4,9
82751937000000,82752453000000,516.0,4096,70,68,1215704,1215771,9726174043,9726710046,257,140191,3,1,4,9
82752484000000,82752984000000,500.0,4096,68,67,1215772,1215838,9726718045,9727246043,251,140259,3,1,4,9
82753015000000,82753531000000,516.0,4096,68,68,1215839,1215906,9727254043,9727790043,203,140327,3,1,4,9
82753562000000,82754078000000,516.0,4096,69,68,1215907,1215974,9727798043,9728334044,455,140396,3,1,4,9
82754140000000,82754625000000,485.0,4096,68,68,1215975,1216042,9728342046,9728878043,3378,140464,3,1,4,9
82755062000000,82755171000000,109.0,4096,69,68,1216043,1216110,9728886045,9729422045,654,140533,3,1,4,9
82755250000000,82755718000000,468.0,4096,70,69,1216111,1216179,9729430043,9729974043,232,140603,3,1,4,9
82755750000000,82756250000000,500.0,4096,68,68,1216180,1216247,9729982046,9730518043,250,140671,3,1,4,9
82756296000000,82756796000000,500.0,4096,68,67,1216248,1216314,9730526043,9731054043,193,140739,3,1,4,9
82756828000000,82757328000000,500.0,4096,69,68,1216315,1216382,9731062047,9731598043,377,140808,3,1,4,9
82757390000000,82757859000000,469.0,4096,67,66,1216383,1216448,9731606043,9732126047,160,140875,3,1,4,9
82757890000000,82758406000000,516.0,4096,68,67,1216449,1216515,9732134043,9732662043,296,140943,3,1,4,9
82758437000000,82758937000000,500.0,4096,67,67,1216516,1216582,9732670045,9733198043,244,141010,3,1,4,9
82758968000000,82759468000000,500.0,4096,68,67,1216583,1216649,9733206043,9733734043,199,141078,3,1,4,9
82759500000000,82760015000000,515.0,4096,68,67,1216650,1216716,9733742043,9734270045,299,141146,3,1,4,9
82760046000000,82760546000000,500.0,4096,67,67,1216717,1216783,9734278043,9734806046,251,141213,3,1,4,9
82760578000000,82761093000000,515.0,4096,69,68,1216784,1216851,9734814043,9735350043,207,141282,3,1,4,9
82761109000000,82761640000000,531.0,4096,68,68,1216852,1216919,9735358046,9735894047,452,141350,3,1,4,9
82761687000000,82762171000000,484.0,4096,69,67,1216920,1216986,9735902046,9736430047,246,141419,3,1,4,9
82762203000000,82762718000000,515.0,4096,70,69,1216987,1217055,9736438047,9736982043,256,141489,3,1,4,9
82762750000000,82763265000000,515.0,4096,68,68,1217056,1217123,9736990044,9737526043,240,141557,3,1,4,9
82763296000000,82763812000000,516.0,4096,69,68,1217124,1217191,9737534043,9738070043,285,141626,3,1,4,9
82763843000000,82764359000000,516.0,4096,70,69,1217192,1217260,9738078043,9738622046,269,141696,3,1,4,9
82764390000000,82764906000000,516.0,4096,68,68,1217261,1217328,9738630047,9739166043,299,141764,3,1,4,9
82764937000000,82765453000000,516.0,4096,69,68,1217329,1217396,9739174046,9739710047,255,141833,3,1,4,9
82765484000000,82765984000000,500.0,4096,68,67,1217397,1217463,9739718044,9740246045,151,141901,3,1,4,9
82766015000000,82766531000000,516.0,4096,69,69,1217464,1217532,9740254045,9740798043,283,141970,3,1,4,9
82766578000000,82767078000000,500.0,4096,70,68,1217533,1217600,9740806043,9741342043,230,142040,3,1,4,9
82767109000000,82767625000000,516.0,4096,68,68,1217601,1217668,9741350046,9741886046,267,142108,3,1,4,9
82767656000000,82768171000000,515.0,4096,69,67,1217669,1217735,9741894044,9742422043,300,142177,3,1,4,9
82768203000000,82768703000000,500.0,4096,69,68,1217736,1217803,9742430047,9742966046,310,142246,3,1,4,9
82768750000000,82769250000000,500.0,4096,69,69,1217804,1217872,9742974046,9743518046,259,142315,3,1,4,9
82769281000000,82769796000000,515.0,4096,68,67,1217873,1217939,9743526043,9744054043,233,142383,3,1,4,9
82769828000000,82770328000000,500.0,4096,69,68,1217940,1218007,9744062046,9744598045,348,142452,3,1,4,9
82770375000000,82770890000000,515.0,4096,68,68,1218008,1218075,9744606044,9745142047,257,142520,3,1,4,9
82770921000000,82771421000000,500.0,4096,69,68,1218076,1218143,9745150046,9745686043,206,142589,3,1,4,9
82771453000000,82771968000000,515.0,4096,69,69,1218144,1218212,9745694043,9746238043,352,142658,3,1,4,9
82772015000000,82772500000000,485.0,4096,68,66,1218213,1218278,9746246043,9746766046,324,142726,3,1,4,9
82772546000000,82773031000000,485.0,4096,67,66,1218279,1218344,9746774045,9747294044,197,142793,3,1,4,9
82773062000000,82773578000000,516.0,4096,69,68,1218345,1218412,9747302047,9747838043,270,142862,3,1,4,9
82773609000000,82774109000000,500.0,4096,67,67,1218413,1218479,9747846043,9748374047,181,142929,3,1,4,9
82774140000000,82774656000000,516.0,4096,68,67,1218480,1218546,9748382044,9748910046,429,142997,3,1,4,9
82774703000000,82775203000000,500.0,4096,69,69,1218547,1218615,9748918046,9749462043,3574,143066,3,1,4,9
82775656000000,82775734000000,78.0,4096,67,66,1218616,1218681,9749470045,9749990047,803,143133,3,1,4,9
82775843000000,82776265000000,422.0,4096,68,67,1218682,1218748,9749998046,9750526047,254,143201,3,1,4,9
82776296000000,82776812000000,516.0,4096,68,68,1218749,1218816,9750534043,9751070043,243,143269,3,1,4,9
82776843000000,82777343000000,500.0,4096,68,66,1218817,1218882,9751078043,9751598045,204,143337,3,1,4,9
82777359000000,82777875000000,516.0,4096,68,67,1218883,1218949,9751606043,9752134043,317,143405,3,1,4,9
82777921000000,82778421000000,500.0,4096,68,68,1218950,1219017,9752142047,9752678043,259,143473,3,1,4,9
82778453000000,82778937000000,484.0,4096,67,66,1219018,1219083,9752686045,9753206047,234,143540,3,1,4,9
82778968000000,82779484000000,516.0,4096,69,68,1219084,1219151,9753214046,9753750045,266,143609,3,1,4,9
82779515000000,82780031000000,516.0,4096,67,67,1219152,1219218,9753758043,9754286043,308,143676,3,1,4,9
82780078000000,82780578000000,500.0,4096,69,68,1219219,1219286,9754294045,9754830047,198,143745,3,1,4,9
82780593000000,82781109000000,516.0,4096,69,68,1219287,1219354,9754838046,9755374044,225,143814,3,1,4,9
82781140000000,82781656000000,516.0,4096,68,68,1219355,1219422,9755382043,9755918044,259,143882,3,1,4,9
82781687000000,82782187000000,500.0,4096,69,67,1219423,1219489,9755926045,9756454045,271,143951,3,1,4,9
82782234000000,82782734000000,500.0,4096,69,68,1219490,1219557,9756462044,9756998045,287,144020,3,1,4,9
82782781000000,82783281000000,500.0,4096,68,68,1219558,1219625,9757006044,9757542043,263,144088,3,1,4,9
82783312000000,82783828000000,516.0,4096,69,68,1219626,1219693,9757550046,9758086043,260,144157,3,1,4,9
82783859000000,82784359000000,500.0,4096,68,67,1219694,1219760,9758094046,9758622046,242,144225,3,1,4,9
82784390000000,82784921000000,531.0,4096,69,69,1219761,1219829,9758630043,9759174043,333,144294,3,1,4,9
82784953000000,82785453000000,500.0,4096,69,68,1219830,1219897,9759182045,9759718045,185,144363,3,1,4,9
82785484000000,82786000000000,516.0,4096,68,68,1219898,1219965,9759726043,9760262043,272,144431,3,1,4,9
82786046000000,82786546000000,500.0,4096,70,69,1219966,1220034,9760270043,9760814043,288,144501,3,1,4,9
82786593000000,82787093000000,500.0,4096,69,67,1220035,1220101,9760822043,9761350043,209,144570,3,1,4,9
82787109000000,82787625000000,516.0,4096,68,68,1220102,1220169,9761358045,9761894044,241,144638,3,1,4,9
82787671000000,82788171000000,500.0,4096,70,68,1220170,1220237,9761902045,9762438043,243,144708,3,1,4,9
82788203000000,82788718000000,515.0,4096,69,68,1220238,1220305,9762446046,9762982045,307,144777,3,1,4,9
82788765000000,82789265000000,500.0,4096,68,68,1220306,1220373,9762990043,9763526043,237,144845,3,1,4,9
82789296000000,82789812000000,516.0,4096,70,69,1220374,1220442,9763534044,9764078043,326,144915,3,1,4,9
82789859000000,82790359000000,500.0,4096,68,67,1220443,1220509,9764086047,9764614043,276,144983,3,1,4,9
82790390000000,82790906000000,516.0,4096,69,69,1220510,1220578,9764622043,9765166043,323,145052,3,1,4,9
82790937000000,82791453000000,516.0,4096,69,68,1220579,1220646,9765174047,9765710046,313,145121,3,1,4,9
82791500000000,82792000000000,500.0,4096,68,68,1220647,1220714,9765718043,9766254043,189,145189,3,1,4,9
82792015000000,82792546000000,531.0,4096,70,68,1220715,1220782,9766262044,9766798043,264,145259,3,1,4,9
82792578000000,82793078000000,500.0,4096,69,68,1220783,1220850,9766806043,9767342045,241,145328,3,1,4,9
82793125000000,82793625000000,500.0,4096,68,68,1220851,1220918,9767350045,9767886043,186,145396,3,1,4,9
82793656000000,82794171000000,515.0,4096,70,69,1220919,1220987,9767894044,9768438047,291,145466,3,1,4,9
82794218000000,82794718000000,500.0,4096,69,68,1220988,1221055,9768446043,9768982043,291,145535,3,1,4,9
82794765000000,82795265000000,500.0,4096,67,67,1221056,1221122,9768990044,9769518043,3441,145602,3,1,4,9
82795718000000,82795812000000,94.0,4096,70,69,1221123,1221191,9769526043,9770070045,493,145672,3,1,4,9
82795875000000,82796359000000,484.0,4096,68,68,1221192,1221259,9770078045,9770614044,293,145740,3,1,4,9
82796390000000,82796890000000,500.0,4096,69,68,1221260,1221327,9770622045,9771158043,295,145809,3,1,4,9
82796937000000,82797437000000,500.0,4096,69,67,1221328,1221394,9771166045,9771694043,202,145878,3,1,4,9
82797453000000,82797984000000,531.0,4096,70,70,1221395,1221464,9771702046,9772254047,239,145948,3,1,4,9
82798031000000,82798562000000,531.0,4096,72,72,1221465,1221536,9772262045,9772830047,333,146020,3,1,4,9
82798625000000,82799140000000,515.0,4096,72,72,1221537,1221608,9772838045,9773406043,226,146092,3,1,4,9
82799187000000,82799718000000,531.0,4096,72,72,1221609,1221680,9773414043,9773982045,157,146164,3,1,4,9
82799750000000,82800296000000,546.0,4096,73,72,1221681,1221752,9773990043,9774558045,344,146237,3,1,4,9
82800343000000,82800859000000,516.0,4096,71,70,1221753,1221822,9774566043,9775118045,265,146308,3,1,4,9
82800890000000,82801390000000,500.0,4096,68,67,1221823,1221889,9775126043,9775654044,249,146376,3,1,4,9
82801437000000,82801937000000,500.0,4096,69,69,1221890,1221958,9775662043,9776206044,227,146445,3,1,4,9
82801968000000,82802484000000,516.0,4096,70,68,1221959,1222026,9776214043,9776750043,299,146515,3,1,4,9
82802531000000,82803031000000,500.0,4096,69,68,1222027,1222094,9776758043,9777294043,232,146584,3,1,4,9
82803062000000,82803578000000,516.0,4096,68,68,1222095,1222162,9777302045,9777838046,248,146652,3,1,4,9
82803609000000,82804125000000,516.0,4096,70,69,1222163,1222231,9777846044,9778390044,223,146722,3,1,4,9
82804156000000,82804671000000,515.0,4096,68,67,1222232,1222298,9778398045,9778926047,353,146790,3,1,4,9
82804718000000,82805218000000,500.0,4096,70,70,1222299,1222368,9778934045,9779486043,382,146860,3,1,4,9
82805281000000,82805750000000,469.0,4096,67,66,1222369,1222434,9779494043,9780014043,251,146927,3,1,4,9
82805781000000,82806296000000,515.0,4096,68,67,1222435,1222501,9780022043,9780550045,582,146995,3,1,4,9
82806375000000,82806843000000,468.0,4096,67,67,1222502,1222568,9780558046,9781086047,450,147062,3,1,4,9
82806890000000,82807359000000,469.0,4096,68,66,1222569,1222634,9781094043,9781614047,228,147130,3,1,4,9
82807390000000,82807890000000,500.0,4096,68,66,1222635,1222700,9781622043,9782142043,347,147198,3,1,4,9
82807937000000,82808421000000,484.0,4096,67,67,1222701,1222767,9782150043,9782678047,262,147265,3,1,4,9
82808453000000,82808953000000,500.0,4096,68,67,1222768,1222834,9782686046,9783214044,304,147333,3,1,4,9
82808984000000,82809484000000,500.0,4096,67,66,1222835,1222900,9783222047,9783742043,386,147400,3,1,4,9
82809531000000,82810031000000,500.0,4096,69,69,1222901,1222969,9783750043,9784294047,330,147469,3,1,4,9
82810078000000,82810578000000,500.0,4096,69,68,1222970,1223037,9784302047,9784838043,257,147538,3,1,4,9
82810609000000,82811109000000,500.0,4096,68,67,1223038,1223104,9784846043,9785374044,304,147606,3,1,4,9
82811156000000,82811656000000,500.0,4096,68,68,1223105,1223172,9785382043,9785918043,271,147674,3,1,4,9
82811687000000,82812203000000,516.0,4096,69,67,1223173,1223239,9785926045,9786454043,277,147743,3,1,4,9
82812234000000,82812734000000,500.0,4096,68,68,1223240,1223307,9786462045,9786998043,412,147811,3,1,4,9
82812796000000,82813281000000,485.0,4096,69,68,1223308,1223375,9787006043,9787542044,292,147880,3,1,4,9
82813328000000,82813843000000,515.0,4096,69,68,1223376,1223443,9787550043,9788086045,365,147949,3,1,4,9
82813875000000,82814375000000,500.0,4096,68,68,1223444,1223511,9788094043,9788630043,239,148017,3,1,4,9
82814406000000,82814906000000,500.0,4096,68,67,1223512,1223578,9788638043,9789166043,306,148085,3,1,4,9
82814953000000,82815453000000,500.0,4096,70,69,1223579,1223647,9789174046,9789718043,231,148155,3,1,4,9
82815484000000,82816000000000,516.0,4096,69,68,1223648,1223715,9789726043,9790262043,3504,148224,3,1,4,9
82816468000000,82816546000000,78.0,4096,68,68,1223716,1223783,9790270043,9790806043,544,148292,3,1,4,9
82816625000000,82817078000000,453.0,4096,69,67,1223784,1223850,9790814043,9791342047,201,148361,3,1,4,9
82817109000000,82817625000000,516.0,4096,68,67,1223851,1223917,9791350044,9791878044,263,148429,3,1,4,9
82817656000000,82818156000000,500.0,4096,68,68,1223918,1223985,9791886044,9792422045,246,148497,3,1,4,9
82818187000000,82818687000000,500.0,4096,67,66,1223986,1224051,9792430044,9792950043,265,148564,3,1,4,9
82818718000000,82819218000000,500.0,4096,68,67,1224052,1224118,9792958043,9793486043,268,148632,3,1,4,9
82819265000000,82819765000000,500.0,4096,68,68,1224119,1224186,9793494047,9794030043,265,148700,3,1,4,9
82819812000000,82820296000000,484.0,4096,67,66,1224187,1224252,9794038043,9794558043,209,148767,3,1,4,9
82820328000000,82820859000000,531.0,4096,71,71,1224253,1224323,9794566044,9795126043,322,148838,3,1,4,9
82820906000000,82821437000000,531.0,4096,71,71,1224324,1224394,9795134046,9795694043,226,148909,3,1,4,9
82821468000000,82822015000000,547.0,4096,74,73,1224395,1224467,9795702046,9796278043,285,148983,3,1,4,9
82822062000000,82822593000000,531.0,4096,72,72,1224468,1224539,9796286043,9796854043,204,149055,3,1,4,9
82822625000000,82823171000000,546.0,4096,72,72,1224540,1224611,9796862046,9797430047,379,149127,3,1,4,9
82823218000000,82823750000000,532.0,4096,73,73,1224612,1224684,9797438043,9798014043,330,149200,3,1,4,9
82823796000000,82824328000000,532.0,4096,71,71,1224685,1224755,9798022043,9798582044,483,149271,3,1,4,9
82824390000000,82824906000000,516.0,4096,73,73,1224756,1224828,9798590043,9799166043,347,149344,3,1,4,9
82824953000000,82825453000000,500.0,4096,69,68,1224829,1224896,9799174045,9799710043,325,149413,3,1,4,9
82825484000000,82825984000000,500.0,4096,68,67,1224897,1224963,9799718047,9800246043,170,149481,3,1,4,9
82826015000000,82826531000000,516.0,4096,67,67,1224964,1225030,9800254043,9800782043,283,149548,3,1,4,9
82826562000000,82827062000000,500.0,4096,69,67,1225031,1225097,9800790046,9801318043,264,149617,3,1,4,9
82827093000000,82827609000000,516.0,4096,69,68,1225098,1225165,9801326044,9801862043,252,149686,3,1,4,9
82827640000000,82828140000000,500.0,4096,69,68,1225166,1225233,9801870046,9802406043,243,149755,3,1,4,9
82828187000000,82828687000000,500.0,4096,68,67,1225234,1225300,9802414047,9802942043,352,149823,3,1,4,9
82828734000000,82829234000000,500.0,4096,68,68,1225301,1225368,9802950043,9803486043,181,149891,3,1,4,9
82829250000000,82829765000000,515.0,4096,68,67,1225369,1225435,9803494043,9804022047,309,149959,3,1,4,9
82829796000000,82830296000000,500.0,4096,68,67,1225436,1225502,9804030047,9804558046,344,150027,3,1,4,9
82830343000000,82830843000000,500.0,4096,68,68,1225503,1225570,9804566043,9805102046,247,150095,3,1,4,9
82830875000000,82831375000000,500.0,4096,67,66,1225571,1225636,9805110043,9805630043,406,150162,3,1,4,9
82831421000000,82831906000000,485.0,4096,68,68,1225637,1225704,9805638047,9806174044,279,150230,3,1,4,9
82831953000000,82832437000000,484.0,4096,67,65,1225705,1225769,9806182044,9806694043,189,150297,3,1,4,9
82832453000000,82832968000000,515.0,4096,68,68,1225770,1225837,9806702047,9807238043,285,150365,3,1,4,9
82833015000000,82833515000000,500.0,4096,68,67,1225838,1225904,9807246045,9807774047,280,150433,3,1,4,9
82833546000000,82834046000000,500.0,4096,67,66,1225905,1225970,9807782043,9808302044,382,150500,3,1,4,9
82834093000000,82834578000000,485.0,4096,68,68,1225971,1226038,9808310045,9808846044,316,150568,3,1,4,9
82834625000000,82835109000000,484.0,4096,67,66,1226039,1226104,9808854043,9809374043,239,150635,3,1,4,9
82835140000000,82835656000000,516.0,4096,68,68,1226105,1226172,9809382043,9809918043,296,150703,3,1,4,9
82835687000000,82836171000000,484.0,4096,67,66,1226173,1226238,9809926043,9810446043,3768,150770,3,1,4,9
82836671000000,82836718000000,47.0,4096,67,66,1226239,1226304,9810454043,9810974045,843,150837,3,1,4,9
82836828000000,82837250000000,422.0,4096,68,67,1226305,1226371,9810982046,9811510043,246,150905,3,1,4,9
82837281000000,82837781000000,500.0,4096,68,67,1226372,1226438,9811518046,9812046046,197,150973,3,1,4,9
82837812000000,82838328000000,516.0,4096,69,68,1226439,1226506,9812054043,9812590043,284,151042,3,1,4,9
82838375000000,82838890000000,515.0,4096,68,68,1226507,1226574,9812598045,9813134043,549,151110,3,1,4,9
82838953000000,82839421000000,468.0,4096,70,69,1226575,1226643,9813142046,9813686047,212,151180,3,1,4,9
82839453000000,82839968000000,515.0,4096,67,67,1226644,1226710,9813694043,9814222045,353,151247,3,1,4,9
82840015000000,82840515000000,500.0,4096,70,69,1226711,1226779,9814230043,9814774043,296,151317,3,1,4,9
82840546000000,82841062000000,516.0,4096,69,68,1226780,1226847,9814782043,9815318046,287,151386,3,1,4,9
82841093000000,82841593000000,500.0,4096,68,68,1226848,1226915,9815326043,9815862047,387,151454,3,1,4,9
82841656000000,82842140000000,484.0,4096,70,68,1226916,1226983,9815870044,9816406043,262,151524,3,1,4,9
82842187000000,82842687000000,500.0,4096,67,67,1226984,1227050,9816414043,9816942047,307,151591,3,1,4,9
82842718000000,82843234000000,516.0,4096,70,69,1227051,1227119,9816950043,9817494044,275,151661,3,1,4,9
82843265000000,82843765000000,500.0,4096,68,67,1227120,1227186,9817502045,9818030043,310,151729,3,1,4,9
82843812000000,82844328000000,516.0,4096,69,69,1227187,1227255,9818038045,9818582046,559,151798,3,1,4,9
82844406000000,82844875000000,469.0,4096,69,68,1227256,1227323,9818590043,9819126044,320,151867,3,1,4,9
82844906000000,82845406000000,500.0,4096,68,68,1227324,1227391,9819134045,9819670043,343,151935,3,1,4,9
82845453000000,82845953000000,500.0,4096,69,68,1227392,1227459,9819678043,9820214045,334,152004,3,1,4,9
82846000000000,82846500000000,500.0,4096,68,68,1227460,1227527,9820222045,9820758043,254,152072,3,1,4,9
82846531000000,82847046000000,515.0,4096,70,68,1227528,1227595,9820766047,9821302043,574,152142,3,1,4,9
82847109000000,82847578000000,469.0,4096,68,67,1227596,1227662,9821310044,9821838043,328,152210,3,1,4,9
82847625000000,82848125000000,500.0,4096,69,68,1227663,1227730,9821846046,9822382043,312,152279,3,1,4,9
82848171000000,82848671000000,500.0,4096,69,68,1227731,1227798,9822390046,9822926045,224,152348,3,1,4,9
82848703000000,82849218000000,515.0,4096,68,68,1227799,1227866,9822934046,9823470043,317,152416,3,1,4,9
82849250000000,82849765000000,515.0,4096,70,69,1227867,1227935,9823478043,9824022043,229,152486,3,1,4,9
82849796000000,82850296000000,500.0,4096,68,68,1227936,1228003,9824030043,9824566043,448,152554,3,1,4,9
82850359000000,82850843000000,484.0,4096,68,67,1228004,1228070,9824574045,9825102043,288,152622,3,1,4,9
82850890000000,82851406000000,516.0,4096,70,69,1228071,1228139,9825110047,9825654043,393,152692,3,1,4,9
82851437000000,82851937000000,500.0,4096,68,68,1228140,1228207,9825662045,9826198043,271,152760,3,1,4,9
82851968000000,82852468000000,500.0,4096,69,67,1228208,1228274,9826206043,9826734043,303,152829,3,1,4,9
82852515000000,82853031000000,516.0,4096,69,69,1228275,1228343,9826742047,9827286043,193,152898,3,1,4,9
82853046000000,82853562000000,516.0,4096,68,67,1228344,1228410,9827294044,9827822045,248,152966,3,1,4,9
82853593000000,82854093000000,500.0,4096,68,67,1228411,1228477,9827830043,9828358045,270,153034,3,1,4,9
82854125000000,82854640000000,515.0,4096,68,68,1228478,1228545,9828366045,9828902043,199,153102,3,1,4,9
82854671000000,82855171000000,500.0,4096,67,66,1228546,1228611,9828910043,9829430045,313,153169,3,1,4,9
82855203000000,82855703000000,500.0,4096,67,67,1228612,1228678,9829438045,9829966047,363,153236,3,1,4,9
82855750000000,82856250000000,500.0,4096,69,68,1228679,1228746,9829974045,9830510044,246,153305,3,1,4,9
82856281000000,82856781000000,500.0,4096,67,66,1228747,1228812,9830518045,9831038046,3766,153372,3,1,4,9
82857281000000,82857312000000,31.0,4096,68,67,1228813,1228879,9831046043,9831574043,738,153440,3,1,4,9
82857421000000,82857859000000,438.0,4096,69,68,1228880,1228947,9831582044,9832118043,251,153509,3,1,4,9
82857890000000,82858406000000,516.0,4096,69,68,1228948,1229015,9832126043,9832662043,357,153578,3,1,4,9
82858453000000,82858953000000,500.0,4096,68,68,1229016,1229083,9832670043,9833206043,298,153646,3,1,4,9
82858984000000,82859500000000,516.0,4096,70,69,1229084,1229152,9833214043,9833758046,208,153716,3,1,4,9
82859515000000,82860046000000,531.0,4096,68,68,1229153,1229220,9833766046,9834302044,574,153784,3,1,4,9
82860125000000,82860578000000,453.0,4096,69,68,1229221,1229288,9834310043,9834846043,274,153853,3,1,4,9
82860625000000,82861125000000,500.0,4096,69,68,1229289,1229356,9834854043,9835390046,277,153922,3,1,4,9
82861171000000,82861671000000,500.0,4096,68,68,1229357,1229424,9835398047,9835934044,261,153990,3,1,4,9
82861703000000,82862218000000,515.0,4096,70,68,1229425,1229492,9835942043,9836478045,344,154060,3,1,4,9
82862265000000,82862750000000,485.0,4096,68,68,1229493,1229560,9836486043,9837022043,196,154128,3,1,4,9
82862781000000,82863296000000,515.0,4096,69,68,1229561,1229628,9837030043,9837566043,291,154197,3,1,4,9
82863343000000,82863843000000,500.0,4096,69,68,1229629,1229696,9837574043,9838110044,240,154266,3,1,4,9
82863875000000,82864390000000,515.0,4096,68,68,1229697,1229764,9838118045,9838654045,198,154334,3,1,4,9
82864421000000,82864937000000,516.0,4096,69,68,1229765,1229832,9838662043,9839198043,553,154403,3,1,4,9
82865015000000,82865484000000,469.0,4096,68,67,1229833,1229899,9839206046,9839734043,438,154471,3,1,4,9
82865531000000,82866031000000,500.0,4096,69,69,1229900,1229968,9839742045,9840286043,308,154540,3,1,4,9
82866062000000,82866562000000,500.0,4096,69,68,1229969,1230036,9840294043,9840830043,203,154609,3,1,4,9
82866593000000,82867109000000,516.0,4096,68,67,1230037,1230103,9840838046,9841366043,283,154677,3,1,4,9
82867140000000,82867640000000,500.0,4096,69,68,1230104,1230171,9841374043,9841910043,252,154746,3,1,4,9
82867687000000,82868187000000,500.0,4096,68,67,1230172,1230238,9841918044,9842446047,242,154814,3,1,4,9
82868218000000,82868718000000,500.0,4096,68,67,1230239,1230305,9842454043,9842982043,246,154882,3,1,4,9
82868765000000,82869265000000,500.0,4096,69,68,1230306,1230373,9842990043,9843526043,277,154951,3,1,4,9
82869312000000,82869812000000,500.0,4096,69,69,1230374,1230442,9843534045,9844078043,242,155020,3,1,4,9
82869843000000,82870359000000,516.0,4096,68,67,1230443,1230509,9844086046,9844614045,412,155088,3,1,4,9
82870406000000,82870906000000,500.0,4096,70,69,1230510,1230578,9844622043,9845166046,359,155158,3,1,4,9
82870953000000,82871437000000,484.0,4096,67,67,1230579,1230645,9845174046,9845702043,327,155225,3,1,4,9
82871500000000,82871984000000,484.0,4096,70,69,1230646,1230714,9845710043,9846254043,374,155295,3,1,4,9
82872046000000,82872515000000,469.0,4096,68,66,1230715,1230780,9846262043,9846782046,453,155363,3,1,4,9
82872578000000,82873062000000,484.0,4096,68,68,1230781,1230848,9846790043,9847326043,197,155431,3,1,4,9
82873093000000,82873593000000,500.0,4096,67,66,1230849,1230914,9847334043,9847854047,277,155498,3,1,4,9
82873625000000,82874125000000,500.0,4096,68,67,1230915,1230981,9847862043,9848390043,190,155566,3,1,4,9
82874156000000,82874671000000,515.0,4096,67,67,1230982,1231048,9848398044,9848926045,319,155633,3,1,4,9
82874703000000,82875203000000,500.0,4096,67,66,1231049,1231114,9848934043,9849454047,340,155700,3,1,4,9
82875234000000,82875734000000,500.0,4096,67,67,1231115,1231181,9849462043,9849990046,325,155767,3,1,4,9
82875765000000,82876265000000,500.0,4096,68,67,1231182,1231248,9849998044,9850526043,306,155835,3,1,4,9
82876296000000,82876796000000,500.0,4096,67,66,1231249,1231314,9850534047,9851054046,4103,155902,3,1,4,9
82877343000000,82877343000000,0.0,4096,69,68,1231315,1231382,9851062046,9851598043,1345,155971,3,1,4,9
82877515000000,82877875000000,360.0,4096,68,67,1231383,1231449,9851606043,9852134045,335,156039,3,1,4,9
82877921000000,82878421000000,500.0,4096,69,69,1231450,1231518,9852142043,9852686043,576,156108,3,1,4,9
82878500000000,82878968000000,468.0,4096,69,68,1231519,1231586,9852694043,9853230044,321,156177,3,1,4,9
82879015000000,82879500000000,485.0,4096,67,67,1231587,1231653,9853238043,9853766045,389,156244,3,1,4,9
82879546000000,82880062000000,516.0,4096,70,69,1231654,1231722,9853774043,9854318046,385,156314,3,1,4,9
82880109000000,82880593000000,484.0,4096,68,67,1231723,1231789,9854326043,9854854044,251,156382,3,1,4,9
82880625000000,82881140000000,515.0,4096,68,68,1231790,1231857,9854862043,9855398043,306,156450,3,1,4,9
82881187000000,82881687000000,500.0,4096,69,68,1231858,1231925,9855406044,9855942046,269,156519,3,1,4,9
82881718000000,82882218000000,500.0,4096,69,68,1231926,1231993,9855950045,9856486043,319,156588,3,1,4,9
82882265000000,82882765000000,500.0,4096,69,68,1231994,1232061,9856494043,9857030044,486,156657,3,1,4,9
82882828000000,82883296000000,468.0,4096,68,67,1232062,1232128,9857038044,9857566043,314,156725,3,1,4,9
82883343000000,82883859000000,516.0,4096,69,69,1232129,1232197,9857574044,9858118043,212,156794,3,1,4,9
82883890000000,82884390000000,500.0,4096,68,67,1232198,1232264,9858126043,9858654047,288,156862,3,1,4,9
82884437000000,82884953000000,516.0,4096,69,69,1232265,1232333,9858662043,9859206044,576,156931,3,1,4,9
82885031000000,82885484000000,453.0,4096,69,68,1232334,1232401,9859214045,9859750043,296,157000,3,1,4,9
82885531000000,82886031000000,500.0,4096,67,67,1232402,1232468,9859758043,9860286043,249,157067,3,1,4,9
82886062000000,82886578000000,516.0,4096,70,69,1232469,1232537,9860294047,9860838043,256,157137,3,1,4,9
82886609000000,82887109000000,500.0,4096,68,66,1232538,1232603,9860846046,9861366044,224,157205,3,1,4,9
82887140000000,82887656000000,516.0,4096,69,69,1232604,1232672,9861374044,9861918044,327,157274,3,1,4,9
82887703000000,82888203000000,500.0,4096,70,68,1232673,1232740,9861926043,9862462043,271,157344,3,1,4,9
82888234000000,82888734000000,500.0,4096,67,67,1232741,1232807,9862470043,9862998043,239,157411,3,1,4,9
82888781000000,82889281000000,500.0,4096,70,69,1232808,1232876,9863006043,9863550043,250,157481,3,1,4,9
82889328000000,82889828000000,500.0,4096,69,68,1232877,1232944,9863558044,9864094043,314,157550,3,1,4,9
82889875000000,82890375000000,500.0,4096,68,68,1232945,1233012,9864102047,9864638043,284,157618,3,1,4,9
82890406000000,82890921000000,515.0,4096,69,68,1233013,1233080,9864646044,9865182043,307,157687,3,1,4,9
82890968000000,82891468000000,500.0,4096,68,68,1233081,1233148,9865190043,9865726043,380,157755,3,1,4,9
82891515000000,82892015000000,500.0,4096,70,68,1233149,1233216,9865734044,9866270043,416,157825,3,1,4,9
82892062000000,82892546000000,484.0,4096,69,68,1233217,1233284,9866278047,9866814044,270,157894,3,1,4,9
82892593000000,82893093000000,500.0,4096,67,67,1233285,1233351,9866822044,9867350044,274,157961,3,1,4,9
82893125000000,82893640000000,515.0,4096,69,68,1233352,1233419,9867358043,9867894043,218,158030,3,1,4,9
82893671000000,82894187000000,516.0,4096,69,68,1233420,1233487,9867902046,9868438043,243,158099,3,1,4,9
82894218000000,82894718000000,500.0,4096,68,68,1233488,1233555,9868446043,9868982044,306,158167,3,1,4,9
82894765000000,82895265000000,500.0,4096,70,69,1233556,1233624,9868990043,9869534043,265,158237,3,1,4,9
82895312000000,82895812000000,500.0,4096,68,68,1233625,1233692,9869542043,9870078047,312,158305,3,1,4,9
82895859000000,82896359000000,500.0,4096,68,67,1233693,1233759,9870086043,9870614044,349,158373,3,1,4,9
82896406000000,82896890000000,484.0,4096,68,67,1233760,1233826,9870622046,9871150046,3725,158441,3,1,4,9
82897375000000,82897437000000,62.0,4096,69,68,1233827,1233894,9871158047,9871694047,1091,158510,3,1,4,9
82897562000000,82897968000000,406.0,4096,67,66,1233895,1233960,9871702047,9872222043,285,158577,3,1,4,9
82898000000000,82898500000000,500.0,4096,68,67,1233961,1234027,9872230043,9872758047,357,158645,3,1,4,9
82898546000000,82899046000000,500.0,4096,68,68,1234028,1234095,9872766045,9873302043,372,158713,3,1,4,9
82899093000000,82899578000000,485.0,4096,67,66,1234096,1234161,9873310043,9873830046,259,158780,3,1,4,9
82899609000000,82900109000000,500.0,4096,68,67,1234162,1234228,9873838043,9874366047,368,158848,3,1,4,9
82900156000000,82900656000000,500.0,4096,68,68,1234229,1234296,9874374047,9874910043,336,158916,3,1,4,9
82900687000000,82901171000000,484.0,4096,67,66,1234297,1234362,9874918043,9875438047,256,158983,3,1,4,9
82901203000000,82901718000000,515.0,4096,68,67,1234363,1234429,9875446047,9875974043,286,159051,3,1,4,9
82901750000000,82902250000000,500.0,4096,67,66,1234430,1234495,9875982047,9876502047,340,159118,3,1,4,9
82902296000000,82902796000000,500.0,4096,70,69,1234496,1234564,9876510046,9877054043,335,159188,3,1,4,9
82902828000000,82903328000000,500.0,4096,67,67,1234565,1234631,9877062044,9877590045,237,159255,3,1,4,9
82903359000000,82903875000000,516.0,4096,69,68,1234632,1234699,9877598043,9878134043,347,159324,3,1,4,9
82903921000000,82904406000000,485.0,4096,68,67,1234700,1234766,9878142047,9878670043,189,159392,3,1,4,9
82904437000000,82904953000000,516.0,4096,68,68,1234767,1234834,9878678047,9879214043,347,159460,3,1,4,9
82905000000000,82905500000000,500.0,4096,69,68,1234835,1234902,9879222044,9879758047,373,159529,3,1,4,9
82905546000000,82906046000000,500.0,4096,68,67,1234903,1234969,9879766043,9880294047,328,159597,3,1,4,9
82906078000000,82906578000000,500.0,4096,69,69,1234970,1235038,9880302046,9880846047,327,159666,3,1,4,9
82906625000000,82907125000000,500.0,4096,70,68,1235039,1235106,9880854043,9881390043,293,159736,3,1,4,9
82907171000000,82907671000000,500.0,4096,68,67,1235107,1235173,9881398043,9881926045,224,159804,3,1,4,9
82907703000000,82908218000000,515.0,4096,69,68,1235174,1235241,9881934046,9882470043,360,159873,3,1,4,9
82908250000000,82908750000000,500.0,4096,69,68,1235242,1235309,9882478046,9883014046,342,159942,3,1,4,9
82908796000000,82909296000000,500.0,4096,68,68,1235310,1235377,9883022043,9883558045,281,160010,3,1,4,9
82909343000000,82909843000000,500.0,4096,69,68,1235378,1235445,9883566043,9884102043,334,160079,3,1,4,9
82909890000000,82910390000000,500.0,4096,69,68,1235446,1235513,9884110043,9884646045,342,160148,3,1,4,9
82910437000000,82910937000000,500.0,4096,68,68,1235514,1235581,9884654044,9885190044,263,160216,3,1,4,9
82910968000000,82911484000000,516.0,4096,70,69,1235582,1235650,9885198044,9885742043,328,160286,3,1,4,9
82911515000000,82912015000000,500.0,4096,68,66,1235651,1235716,9885750045,9886270043,382,160354,3,1,4,9
82912062000000,82912562000000,500.0,4096,69,69,1235717,1235785,9886278044,9886822046,261,160423,3,1,4,9
82912593000000,82913093000000,500.0,4096,68,67,1235786,1235852,9886830043,9887358044,180,160491,3,1,4,9
82913125000000,82913656000000,531.0,4096,69,69,1235853,1235921,9887366043,9887910046,255,160560,3,1,4,9
82913687000000,82914187000000,500.0,4096,69,68,1235922,1235989,9887918043,9888454044,251,160629,3,1,4,9
82914218000000,82914734000000,516.0,4096,68,67,1235990,1236056,9888462047,9888990043,213,160697,3,1,4,9
82914750000000,82915281000000,531.0,4096,69,69,1236057,1236125,9888998043,9889542043,423,160766,3,1,4,9
82915343000000,82915812000000,469.0,4096,68,67,1236126,1236192,9889550045,9890078044,196,160834,3,1,4,9
82915843000000,82916375000000,532.0,4096,69,69,1236193,1236261,9890086043,9890630047,260,160903,3,1,4,9
82916406000000,82916906000000,500.0,4096,68,67,1236262,1236328,9890638047,9891166043,380,160971,3,1,4,9
82916953000000,82917437000000,484.0,4096,69,67,1236329,1236395,9891174043,9891702044,3848,161040,3,1,4,9
82917953000000,82918000000000,47.0,4096,69,69,1236396,1236464,9891710044,9892254043,1272,161109,3,1,4,9
82918156000000,82918531000000,375.0,4096,68,67,1236465,1236531,9892262046,9892790043,375,161177,3,1,4,9
82918578000000,82919078000000,500.0,4096,68,68,1236532,1236599,9892798043,9893334043,229,161245,3,1,4,9
82919109000000,82919609000000,500.0,4096,69,68,1236600,1236667,9893342047,9893878046,250,161314,3,1,4,9
82919656000000,82920156000000,500.0,4096,68,67,1236668,1236734,9893886043,9894414043,310,161382,3,1,4,9
82920203000000,82920703000000,500.0,4096,69,69,1236735,1236803,9894422044,9894966044,258,161451,3,1,4,9
82920734000000,82921250000000,516.0,4096,69,68,1236804,1236871,9894974043,9895510047,187,161520,3,1,4,9
82921281000000,82921796000000,515.0,4096,68,68,1236872,1236939,9895518047,9896054043,369,161588,3,1,4,9
82921843000000,82922328000000,485.0,4096,69,67,1236940,1237006,9896062043,9896590043,230,161657,3,1,4,9
82922359000000,82922875000000,516.0,4096,69,68,1237007,1237074,9896598043,9897134045,307,161726,3,1,4,9
82922921000000,82923421000000,500.0,4096,68,68,1237075,1237142,9897142047,9897678043,329,161794,3,1,4,9
82923468000000,82923968000000,500.0,4096,69,68,1237143,1237210,9897686045,9898222043,203,161863,3,1,4,9
82923984000000,82924515000000,531.0,4096,69,68,1237211,1237278,9898230045,9898766045,368,161932,3,1,4,9
82924562000000,82925062000000,500.0,4096,68,68,1237279,1237346,9898774044,9899310043,581,162000,3,1,4,9
82925125000000,82925593000000,468.0,4096,69,68,1237347,1237414,9899318049,9899854043,226,162069,3,1,4,9
82925625000000,82926140000000,515.0,4096,69,68,1237415,1237482,9899862043,9900398047,319,162138,3,1,4,9
82926187000000,82926687000000,500.0,4096,68,68,1237483,1237550,9900406045,9900942043,242,162206,3,1,4,9
82926718000000,82927234000000,516.0,4096,70,68,1237551,1237618,9900950043,9901486043,326,162276,3,1,4,9
82927265000000,82927765000000,500.0,4096,69,68,1237619,1237686,9901494044,9902030043,271,162345,3,1,4,9
82927796000000,82928312000000,516.0,4096,69,68,1237687,1237754,9902038043,9902574045,330,162414,3,1,4,9
82928359000000,82928859000000,500.0,4096,68,67,1237755,1237821,9902582043,9903110043,278,162482,3,1,4,9
82928890000000,82929390000000,500.0,4096,68,68,1237822,1237889,9903118043,9903654043,191,162550,3,1,4,9
82929421000000,82929937000000,516.0,4096,69,68,1237890,1237957,9903662046,9904198043,391,162619,3,1,4,9
82929984000000,82930468000000,484.0,4096,68,67,1237958,1238024,9904206046,9904734043,315,162687,3,1,4,9
82930515000000,82931031000000,516.0,4096,69,69,1238025,1238093,9904742047,9905286043,194,162756,3,1,4,9
82931046000000,82931578000000,532.0,4096,68,67,1238094,1238160,9905294043,9905822046,490,162824,3,1,4,9
82931625000000,82932109000000,484.0,4096,69,68,1238161,1238228,9905830044,9906366047,290,162893,3,1,4,9
82932140000000,82932640000000,500.0,4096,69,68,1238229,1238296,9906374043,9906910047,266,162962,3,1,4,9
82932687000000,82933187000000,500.0,4096,69,68,1238297,1238364,9906918047,9907454045,385,163031,3,1,4,9
82933234000000,82933734000000,500.0,4096,68,68,1238365,1238432,9907462043,9907998043,235,163099,3,1,4,9
82933765000000,82934281000000,516.0,4096,68,67,1238433,1238499,9908006044,9908534043,282,163167,3,1,4,9
82934312000000,82934812000000,500.0,4096,69,68,1238500,1238567,9908542043,9909078043,337,163236,3,1,4,9
82934859000000,82935359000000,500.0,4096,68,68,1238568,1238635,9909086043,9909622046,385,163304,3,1,4,9
82935406000000,82935906000000,500.0,4096,68,67,1238636,1238702,9909630047,9910158043,192,163372,3,1,4,9
82935921000000,82936453000000,532.0,4096,70,69,1238703,1238771,9910166043,9910710043,252,163442,3,1,4,9
82936484000000,82936984000000,500.0,4096,68,68,1238772,1238839,9910718043,9911254045,297,163510,3,1,4,9
82937031000000,82937531000000,500.0,4096,69,67,1238840,1238906,9911262045,9911790043,188,163579,3,1,4,9
82937546000000,82938078000000,532.0,4096,69,68,1238907,1238974,9911798043,9912334043,5176,163648,3,1,4,9
82938765000000,82938765000000,0.0,4096,68,68,1238975,1239042,9912342043,9912878047,1529,163716,3,1,4,9
82938812000000,82939156000000,344.0,4096,68,67,1239043,1239109,9912886046,9913414043,247,163784,3,1,4,9
82939187000000,82939687000000,500.0,4096,67,66,1239110,1239175,9913422043,9913942047,246,163851,3,1,4,9
82939718000000,82940234000000,516.0,4096,69,69,1239176,1239244,9913950046,9914494046,322,163920,3,1,4,9
82940265000000,82940765000000,500.0,4096,67,66,1239245,1239310,9914502044,9915022044,237,163987,3,1,4,9
82940796000000,82941296000000,500.0,4096,68,67,1239311,1239377,9915030043,9915558047,316,164055,3,1,4,9
82941343000000,82941843000000,500.0,4096,68,68,1239378,1239445,9915566044,9916102043,238,164123,3,1,4,9
82941875000000,82942375000000,500.0,4096,68,66,1239446,1239511,9916110043,9916630043,293,164191,3,1,4,9
82942421000000,82942921000000,500.0,4096,69,69,1239512,1239580,9916638046,9917182047,252,164260,3,1,4,9
82942953000000,82943468000000,515.0,4096,69,68,1239581,1239648,9917190043,9917726047,190,164329,3,1,4,9
82943500000000,82944015000000,515.0,4096,68,68,1239649,1239716,9917734043,9918270043,262,164397,3,1,4,9
82944046000000,82944562000000,516.0,4096,70,69,1239717,1239785,9918278043,9918822043,296,164467,3,1,4,9
82944593000000,82945093000000,500.0,4096,68,67,1239786,1239852,9918830043,9919358044,263,164535,3,1,4,9
82945125000000,82945640000000,515.0,4096,68,68,1239853,1239920,9919366046,9919902045,381,164603,3,1,4,9
82945703000000,82946187000000,484.0,4096,69,68,1239921,1239988,9919910043,9920446043,374,164672,3,1,4,9
82946234000000,82946718000000,484.0,4096,68,67,1239989,1240055,9920454044,9920982047,192,164740,3,1,4,9
82946750000000,82947265000000,515.0,4096,69,68,1240056,1240123,9920990047,9921526043,244,164809,3,1,4,9
82947296000000,82947796000000,500.0,4096,69,67,1240124,1240190,9921534045,9922062044,252,164878,3,1,4,9
82947828000000,82948343000000,515.0,4096,68,68,1240191,1240258,9922070043,9922606043,240,164946,3,1,4,9
82948375000000,82948890000000,515.0,4096,69,68,1240259,1240326,9922614046,9923150043,301,165015,3,1,4,9
82948921000000,82949437000000,516.0,4096,69,68,1240327,1240394,9923158044,9923694044,294,165084,3,1,4,9
82949468000000,82949984000000,516.0,4096,68,68,1240395,1240462,9923702043,9924238043,248,165152,3,1,4,9
82950015000000,82950531000000,516.0,4096,70,69,1240463,1240531,9924246047,9924790043,263,165222,3,1,4,9
82950562000000,82951062000000,500.0,4096,68,67,1240532,1240598,9924798043,9925326043,267,165290,3,1,4,9
82951109000000,82951609000000,500.0,4096,69,69,1240599,1240667,9925334043,9925878043,171,165359,3,1,4,9
82951640000000,82952156000000,516.0,4096,69,67,1240668,1240734,9925886045,9926414044,377,165428,3,1,4,9
82952203000000,82952703000000,500.0,4096,69,68,1240735,1240802,9926422044,9926958043,277,165497,3,1,4,9
82952734000000,82953250000000,516.0,4096,68,68,1240803,1240870,9926966043,9927502043,193,165565,3,1,4,9
82953265000000,82953796000000,531.0,4096,70,69,1240871,1240939,9927510043,9928054045,319,165635,3,1,4,9
82953828000000,82954343000000,515.0,4096,68,68,1240940,1241007,9928062043,9928598043,308,165703,3,1,4,9
82954375000000,82954875000000,500.0,4096,68,67,1241008,1241074,9928606043,9929134043,265,165771,3,1,4,9
82954906000000,82955421000000,515.0,4096,69,68,1241075,1241142,9929142043,9929678043,370,165840,3,1,4,9
82955468000000,82955968000000,500.0,4096,69,69,1241143,1241211,9929686043,9930230043,232,165909,3,1,4,9
82956000000000,82956515000000,515.0,4096,69,68,1241212,1241279,9930238043,9930774043,213,165978,3,1,4,9
82956531000000,82957062000000,531.0,4096,70,68,1241280,1241347,9930782044,9931318043,294,166048,3,1,4,9
82957093000000,82957609000000,516.0,4096,68,68,1241348,1241415,9931326045,9931862043,313,166116,3,1,4,9
82957640000000,82958140000000,500.0,4096,69,68,1241416,1241483,9931870043,9932406045,4031,166185,3,1,4,9
82958671000000,82958718000000,47.0,4096,68,67,1241484,1241550,9932414046,9932942043,1291,166253,3,1,4,9
82958859000000,82959234000000,375.0,4096,69,69,1241551,1241619,9932950043,9933494046,246,166322,3,1,4,9
82959265000000,82959765000000,500.0,4096,68,67,1241620,1241686,9933502044,9934030046,276,166390,3,1,4,9
82959796000000,82960296000000,500.0,4096,67,66,1241687,1241752,9934038043,9934558043,319,166457,3,1,4,9
82960343000000,82960843000000,500.0,4096,68,68,1241753,1241820,9934566047,9935102046,249,166525,3,1,4,9
82960875000000,82961375000000,500.0,4096,68,67,1241821,1241887,9935110047,9935638044,279,166593,3,1,4,9
82961406000000,82961906000000,500.0,4096,68,67,1241888,1241954,9935646045,9936174047,186,166661,3,1,4,9
82961937000000,82962453000000,516.0,4096,69,68,1241955,1242022,9936182044,9936718045,238,166730,3,1,4,9
82962500000000,82963031000000,531.0,4096,72,72,1242023,1242094,9936726043,9937294043,237,166802,3,1,4,9
82963062000000,82963593000000,531.0,4096,71,71,1242095,1242165,9937302043,9937862043,256,166873,3,1,4,9
82963640000000,82964171000000,531.0,4096,72,72,1242166,1242237,9937870043,9938438047,341,166945,3,1,4,9
82964218000000,82964734000000,516.0,4096,71,70,1242238,1242307,9938446043,9938998047,276,167016,3,1,4,9
82964781000000,82965281000000,500.0,4096,70,69,1242308,1242376,9939006043,9939550046,344,167086,3,1,4,9
82965328000000,82965828000000,500.0,4096,68,68,1242377,1242444,9939558043,9940094046,246,167154,3,1,4,9
82965859000000,82966375000000,516.0,4096,68,67,1242445,1242511,9940102043,9940630043,223,167222,3,1,4,9
82966406000000,82966906000000,500.0,4096,68,67,1242512,1242578,9940638043,9941166043,276,167290,3,1,4,9
82966937000000,82967437000000,500.0,4096,69,67,1242579,1242645,9941174043,9941702047,358,167359,3,1,4,9
82967484000000,82967984000000,500.0,4096,68,67,1242646,1242712,9941710045,9942238045,188,167427,3,1,4,9
82968000000000,82968515000000,515.0,4096,69,68,1242713,1242780,9942246043,9942782046,270,167496,3,1,4,9
82968562000000,82969062000000,500.0,4096,68,67,1242781,1242847,9942790046,9943318043,280,167564,3,1,4,9
82969093000000,82969593000000,500.0,4096,68,67,1242848,1242914,9943326047,9943854043,258,167632,3,1,4,9
82969625000000,82970125000000,500.0,4096,67,67,1242915,1242981,9943862044,9944390043,450,167699,3,1,4,9
82970187000000,82970656000000,469.0,4096,67,66,1242982,1243047,9944398043,9944918043,217,167766,3,1,4,9
82970687000000,82971187000000,500.0,4096,67,66,1243048,1243113,9944926043,9945446043,503,167833,3,1,4,9
82971250000000,82971718000000,468.0,4096,67,66,1243114,1243179,9945454043,9945974043,498,167900,3,1,4,9
82971781000000,82972250000000,469.0,4096,68,66,1243180,1243245,9945982043,9946502044,306,167968,3,1,4,9
82972281000000,82972781000000,500.0,4096,67,67,1243246,1243312,9946510044,9947038043,292,168035,3,1,4,9
82972812000000,82973312000000,500.0,4096,68,67,1243313,1243379,9947046045,9947574043,265,168103,3,1,4,9
82973343000000,82973859000000,516.0,4096,68,67,1243380,1243446,9947582043,9948110043,278,168171,3,1,4,9
82973890000000,82974406000000,516.0,4096,69,69,1243447,1243515,9948118043,9948662043,280,168240,3,1,4,9
82974437000000,82974937000000,500.0,4096,68,67,1243516,1243582,9948670044,9949198046,264,168308,3,1,4,9
82974968000000,82975468000000,500.0,4096,68,67,1243583,1243649,9949206043,9949734045,253,168376,3,1,4,9
82975500000000,82976000000000,500.0,4096,67,66,1243650,1243715,9949742047,9950262044,285,168443,3,1,4,9
82976046000000,82976531000000,485.0,4096,68,67,1243716,1243782,9950270047,9950798043,303,168511,3,1,4,9
82976578000000,82977062000000,484.0,4096,67,66,1243783,1243848,9950806047,9951326043,304,168578,3,1,4,9
82977109000000,82977593000000,484.0,4096,67,66,1243849,1243914,9951334043,9951854043,295,168645,3,1,4,9
82977640000000,82978125000000,485.0,4096,67,66,1243915,1243980,9951862047,9952382043,285,168712,3,1,4,9
82978171000000,82978656000000,485.0,4096,68,67,1243981,1244047,9952390047,9952918043,5052,168780,3,1,4,9
82979312000000,82979312000000,0.0,4096,67,66,1244048,1244113,9952926043,9953446046,1266,168847,3,1,4,9
82979343000000,82979718000000,375.0,4096,67,67,1244114,1244180,9953454043,9953982045,311,168914,3,1,4,9
82979765000000,82980250000000,485.0,4096,68,67,1244181,1244247,9953990043,9954518043,675,168982,3,1,4,9
82980343000000,82980796000000,453.0,4096,68,68,1244248,1244315,9954526047,9955062046,211,169050,3,1,4,9
82980828000000,82981343000000,515.0,4096,68,67,1244316,1244382,9955070043,9955598043,328,169118,3,1,4,9
82981390000000,82981890000000,500.0,4096,69,68,1244383,1244450,9955606045,9956142047,381,169187,3,1,4,9
82981937000000,82982421000000,484.0,4096,69,67,1244451,1244517,9956150045,9956678045,183,169256,3,1,4,9
82982437000000,82982953000000,516.0,4096,68,67,1244518,1244584,9956686043,9957214043,343,169324,3,1,4,9
82983000000000,82983484000000,484.0,4096,67,66,1244585,1244650,9957222044,9957742047,211,169391,3,1,4,9
82983515000000,82984015000000,500.0,4096,67,67,1244651,1244717,9957750045,9958278043,364,169458,3,1,4,9
82984062000000,82984562000000,500.0,4096,68,67,1244718,1244784,9958286043,9958814047,391,169526,3,1,4,9
82984609000000,82985078000000,469.0,4096,67,66,1244785,1244850,9958822045,9959342047,251,169593,3,1,4,9
82985125000000,82985609000000,484.0,4096,68,67,1244851,1244917,9959350046,9959878044,281,169661,3,1,4,9
82985656000000,82986140000000,484.0,4096,67,66,1244918,1244983,9959886043,9960406043,317,169728,3,1,4,9
82986187000000,82986687000000,500.0,4096,68,67,1244984,1245050,9960414043,9960942043,233,169796,3,1,4,9
82986718000000,82987203000000,485.0,4096,67,65,1245051,1245115,9960950047,9961462044,334,169863,3,1,4,9
82987250000000,82987750000000,500.0,4096,69,68,1245116,1245183,9961470043,9962006043,542,169932,3,1,4,9
82987812000000,82988281000000,469.0,4096,67,66,1245184,1245249,9962014044,9962534043,303,169999,3,1,4,9
82988312000000,82988812000000,500.0,4096,67,66,1245250,1245315,9962542043,9963062043,320,170066,3,1,4,9
82988843000000,82989343000000,500.0,4096,68,67,1245316,1245382,9963070043,9963598044,230,170134,3,1,4,9
82989359000000,82989875000000,516.0,4096,68,67,1245383,1245449,9963606044,9964134043,351,170202,3,1,4,9
82989921000000,82990406000000,485.0,4096,68,67,1245450,1245516,9964142043,9964670043,386,170270,3,1,4,9
82990468000000,82990953000000,485.0,4096,68,67,1245517,1245583,9964678043,9965206046,217,170338,3,1,4,9
82990984000000,82991500000000,516.0,4096,69,69,1245584,1245652,9965214043,9965758045,289,170407,3,1,4,9
82991531000000,82992031000000,500.0,4096,69,67,1245653,1245719,9965766044,9966294043,279,170476,3,1,4,9
82992078000000,82992578000000,500.0,4096,68,67,1245720,1245786,9966302045,9966830045,210,170544,3,1,4,9
82992593000000,82993109000000,516.0,4096,69,68,1245787,1245854,9966838043,9967374046,309,170613,3,1,4,9
82993156000000,82993656000000,500.0,4096,68,68,1245855,1245922,9967382043,9967918043,361,170681,3,1,4,9
82993703000000,82994203000000,500.0,4096,68,67,1245923,1245989,9967926043,9968454043,226,170749,3,1,4,9
82994234000000,82994734000000,500.0,4096,69,68,1245990,1246057,9968462043,9968998043,419,170818,3,1,4,9
82994796000000,82995296000000,500.0,4096,68,67,1246058,1246124,9969006045,9969534043,606,170886,3,1,4,9
82995359000000,82995812000000,453.0,4096,69,68,1246125,1246192,9969542043,9970078045,227,170955,3,1,4,9
82995843000000,82996359000000,516.0,4096,68,68,1246193,1246260,9970086044,9970622043,332,171023,3,1,4,9
82996390000000,82996906000000,516.0,4096,68,67,1246261,1246327,9970630046,9971158044,293,171091,3,1,4,9
82996937000000,82997437000000,500.0,4096,69,67,1246328,1246394,9971166045,9971694043,252,171160,3,1,4,9
82997468000000,82997968000000,500.0,4096,69,68,1246395,1246462,9971702043,9972238046,276,171229,3,1,4,9
82998015000000,82998515000000,500.0,4096,68,67,1246463,1246529,9972246044,9972774044,4294,171297,3,1,4,9
82999093000000,82999093000000,0.0,4096,69,69,1246530,1246598,9972782045,9973326043,1496,171366,3,1,4,9
82999265000000,82999609000000,344.0,4096,68,67,1246599,1246665,9973334045,9973862043,287,171434,3,1,4,9
82999640000000,83000140000000,500.0,4096,69,68,1246666,1246733,9973870043,9974406045,406,171503,3,1,4,9
83000203000000,83000687000000,484.0,4096,68,67,1246734,1246800,9974414043,9974942043,208,171571,3,1,4,9
83000718000000,83001218000000,500.0,4096,68,67,1246801,1246867,9974950043,9975478043,285,171639,3,1,4,9
83001250000000,83001765000000,515.0,4096,69,69,1246868,1246936,9975486045,9976030043,277,171708,3,1,4,9
83001812000000,83002312000000,500.0,4096,69,67,1246937,1247003,9976038043,9976566043,408,171777,3,1,4,9
83002359000000,83002843000000,484.0,4096,69,68,1247004,1247071,9976574043,9977110046,450,171846,3,1,4,9
83002906000000,83003390000000,484.0,4096,68,67,1247072,1247138,9977118043,9977646044,516,171914,3,1,4,9
83003453000000,83003937000000,484.0,4096,68,68,1247139,1247206,9977654043,9978190043,200,171982,3,1,4,9
83003953000000,83004468000000,515.0,4096,69,68,1247207,1247274,9978198043,9978734043,246,172051,3,1,4,9
83004500000000,83005015000000,515.0,4096,68,67,1247275,1247341,9978742045,9979270043,425,172119,3,1,4,9
83005062000000,83005546000000,484.0,4096,69,68,1247342,1247409,9979278044,9979814043,227,172188,3,1,4,9
83005578000000,83006093000000,515.0,4096,68,68,1247410,1247477,9979822044,9980358046,256,172256,3,1,4,9
83006140000000,83006640000000,500.0,4096,69,68,1247478,1247545,9980366043,9980902045,307,172325,3,1,4,9
83006687000000,83007171000000,484.0,4096,69,67,1247546,1247612,9980910047,9981438046,197,172394,3,1,4,9
83007203000000,83007718000000,515.0,4096,68,67,1247613,1247679,9981446043,9981974043,340,172462,3,1,4,9
83007750000000,83008250000000,500.0,4096,68,67,1247680,1247746,9981982045,9982510045,248,172530,3,1,4,9
83008281000000,83008796000000,515.0,4096,69,68,1247747,1247814,9982518044,9983054043,212,172599,3,1,4,9
83008812000000,83009328000000,516.0,4096,68,67,1247815,1247881,9983062043,9983590043,491,172667,3,1,4,9
83009390000000,83009875000000,485.0,4096,68,67,1247882,1247948,9983598044,9984126043,387,172735,3,1,4,9
83009921000000,83010406000000,485.0,4096,68,67,1247949,1248015,9984134043,9984662046,270,172803,3,1,4,9
83010437000000,83010968000000,531.0,4096,70,70,1248016,1248085,9984670047,9985222043,253,172873,3,1,4,9
83011000000000,83011546000000,546.0,4096,73,73,1248086,1248158,9985230046,9985806043,306,172946,3,1,4,9
83011593000000,83012125000000,532.0,4096,73,72,1248159,1248230,9985814046,9986382043,275,173019,3,1,4,9
83012156000000,83012703000000,547.0,4096,73,73,1248231,1248303,9986390043,9986966045,320,173092,3,1,4,9
83012750000000,83013281000000,531.0,4096,72,72,1248304,1248375,9986974043,9987542043,188,173164,3,1,4,9
83013312000000,83013875000000,563.0,4096,73,73,1248376,1248448,9987550043,9988126043,353,173237,3,1,4,9
83013921000000,83014437000000,516.0,4096,73,73,1248449,1248521,9988134046,9988710043,252,173310,3,1,4,9
83014484000000,83015015000000,531.0,4096,71,71,1248522,1248592,9988718044,9989278043,434,173381,3,1,4,9
83015078000000,83015609000000,531.0,4096,73,73,1248593,1248665,9989286043,9989862046,298,173454,3,1,4,9
83015640000000,83016171000000,531.0,4096,72,71,1248666,1248736,9989870044,9990430043,599,173526,3,1,4,9
83016250000000,83016734000000,484.0,4096,70,70,1248737,1248806,9990438047,9990990043,294,173596,3,1,4,9
83016765000000,83017265000000,500.0,4096,70,68,1248807,1248874,9990998045,9991534043,301,173666,3,1,4,9
83017312000000,83017812000000,500.0,4096,68,67,1248875,1248941,9991542044,9992070043,330,173734,3,1,4,9
83017859000000,83018359000000,500.0,4096,69,69,1248942,1249010,9992078047,9992622046,295,173803,3,1,4,9
83018406000000,83018906000000,500.0,4096,69,68,1249011,1249078,9992630043,9993166043,5447,173872,3,1,4,9
83019625000000,83019625000000,0.0,4096,68,67,1249079,1249145,9993174044,9993702043,1736,173940,3,1,4,9
83019671000000,83019984000000,313.0,4096,68,68,1249146,1249213,9993710043,9994246043,302,174008,3,1,4,9
83020031000000,83020531000000,500.0,4096,69,68,1249214,1249281,9994254047,9994790043,276,174077,3,1,4,9
83020562000000,83021078000000,516.0,4096,69,68,1249282,1249349,9994798047,9995334043,321,174146,3,1,4,9
83021109000000,83021609000000,500.0,4096,68,68,1249350,1249417,9995342047,9995878047,335,174214,3,1,4,9
83021656000000,83022156000000,500.0,4096,69,67,1249418,1249484,9995886043,9996414043,260,174283,3,1,4,9
83022187000000,83022703000000,516.0,4096,69,68,1249485,1249552,9996422047,9996958043,450,174352,3,1,4,9
83022765000000,83023250000000,485.0,4096,68,68,1249553,1249620,9996966044,9997502046,251,174420,3,1,4,9
83023281000000,83023796000000,515.0,4096,70,69,1249621,1249689,9997510043,9998054043,226,174490,3,1,4,9
83023828000000,83024328000000,500.0,4096,68,68,1249690,1249757,9998062043,9998598044,445,174558,3,1,4,9
83024390000000,83024875000000,485.0,4096,69,68,1249758,1249825,9998606043,9999142043,267,174627,3,1,4,9
83024921000000,83025421000000,500.0,4096,68,67,1249826,1249892,9999150046,9999678043,238,174695,3,1,4,9
83025453000000,83025953000000,500.0,4096,68,68,1249893,1249960,9999686043,10000222043,340,174763,3,1,4,9
83026000000000,83026500000000,500.0,4096,68,67,1249961,1250027,10000230044,10000758046,296,174831,3,1,4,9
83026531000000,83027015000000,484.0,4096,67,65,1250028,1250092,10000766047,10001278043,188,174898,3,1,4,9
83027046000000,83027562000000,516.0,4096,67,67,1250093,1250159,10001286043,10001814043,345,174965,3,1,4,9
83027593000000,83028078000000,485.0,4096,68,66,1250160,1250225,10001822045,10002342045,284,175033,3,1,4,9
83028125000000,83028625000000,500.0,4096,68,67,1250226,1250292,10002350045,10002878046,232,175101,3,1,4,9
83028656000000,83029156000000,500.0,4096,67,67,1250293,1250359,10002886043,10003414043,259,175168,3,1,4,9
83029187000000,83029687000000,500.0,4096,68,67,1250360,1250426,10003422043,10003950043,201,175236,3,1,4,9
83029718000000,83030218000000,500.0,4096,67,66,1250427,1250492,10003958044,10004478043,399,175303,3,1,4,9
83030265000000,83030765000000,500.0,4096,68,68,1250493,1250560,10004486043,10005022045,270,175371,3,1,4,9
83030796000000,83031281000000,485.0,4096,67,66,1250561,1250626,10005030047,10005550044,192,175438,3,1,4,9
83031312000000,83031812000000,500.0,4096,67,66,1250627,1250692,10005558043,10006078043,255,175505,3,1,4,9
83031859000000,83032359000000,500.0,4096,68,67,1250693,1250759,10006086047,10006614045,464,175573,3,1,4,9
83032421000000,83032890000000,469.0,4096,67,66,1250760,1250825,10006622043,10007142043,286,175640,3,1,4,9
83032921000000,83033421000000,500.0,4096,68,67,1250826,1250892,10007150043,10007678043,254,175708,3,1,4,9
83033453000000,83033953000000,500.0,4096,67,67,1250893,1250959,10007686047,10008214043,263,175775,3,1,4,9
83033984000000,83034484000000,500.0,4096,67,66,1250960,1251025,10008222043,10008742043,289,175842,3,1,4,9
83034515000000,83035015000000,500.0,4096,68,67,1251026,1251092,10008750044,10009278045,311,175910,3,1,4,9
83035062000000,83035546000000,484.0,4096,67,67,1251093,1251159,10009286043,10009814043,182,175977,3,1,4,9
83035578000000,83036078000000,500.0,4096,67,66,1251160,1251225,10009822045,10010342043,322,176044,3,1,4,9
83036125000000,83036625000000,500.0,4096,68,67,1251226,1251292,10010350045,10010878043,268,176112,3,1,4,9
83036656000000,83037140000000,484.0,4096,68,66,1251293,1251358,10010886043,10011406044,225,176180,3,1,4,9
83037171000000,83037687000000,516.0,4096,67,67,1251359,1251425,10011414043,10011942043,286,176247,3,1,4,9
83037718000000,83038218000000,500.0,4096,67,66,1251426,1251491,10011950047,10012470047,209,176314,3,1,4,9
83038234000000,83038750000000,516.0,4096,68,67,1251492,1251558,10012478047,10013006043,4280,176382,3,1,4,9
83039296000000,83039296000000,0.0,4096,66,66,1251559,1251624,10013014043,10013534043,1724,176448,3,1,4,9
83039500000000,83039812000000,312.0,4096,68,67,1251625,1251691,10013542044,10014070046,235,176516,3,1,4,9
83039843000000,83040343000000,500.0,4096,67,66,1251692,1251757,10014078043,10014598043,364,176583,3,1,4,9
83040375000000,83040859000000,484.0,4096,66,66,1251758,1251823,10014606043,10015126043,186,176649,3,1,4,9
83040890000000,83041390000000,500.0,4096,66,65,1251824,1251888,10015134045,10015646043,457,176715,3,1,4,9
83041453000000,83041906000000,453.0,4096,67,66,1251889,1251954,10015654043,10016174047,393,176782,3,1,4,9
83041968000000,83042437000000,469.0,4096,67,65,1251955,1252019,10016182043,10016694043,202,176849,3,1,4,9
83042453000000,83042968000000,515.0,4096,66,66,1252020,1252085,10016702047,10017222043,267,176915,3,1,4,9
83043000000000,83043484000000,484.0,4096,66,65,1252086,1252150,10017230045,10017742043,211,176981,3,1,4,9
83043515000000,83044000000000,485.0,4096,66,65,1252151,1252215,10017750043,10018262044,261,177047,3,1,4,9
83044031000000,83044531000000,500.0,4096,66,66,1252216,1252281,10018270043,10018790043,211,177113,3,1,4,9
83044562000000,83045062000000,500.0,4096,67,66,1252282,1252347,10018798045,10019318045,372,177180,3,1,4,9
83045109000000,83045593000000,484.0,4096,68,67,1252348,1252414,10019326043,10019854044,269,177248,3,1,4,9
83045625000000,83046125000000,500.0,4096,67,67,1252415,1252481,10019862043,10020390045,180,177315,3,1,4,9
83046156000000,83046656000000,500.0,4096,67,66,1252482,1252547,10020398043,10020918043,306,177382,3,1,4,9
83046703000000,83047187000000,484.0,4096,68,66,1252548,1252613,10020926047,10021446046,259,177450,3,1,4,9
83047218000000,83047718000000,500.0,4096,67,67,1252614,1252680,10021454043,10021982043,327,177517,3,1,4,9
83047765000000,83048250000000,485.0,4096,68,66,1252681,1252746,10021990043,10022510043,306,177585,3,1,4,9
83048281000000,83048781000000,500.0,4096,67,66,1252747,1252812,10022518045,10023038043,255,177652,3,1,4,9
83048812000000,83049312000000,500.0,4096,67,67,1252813,1252879,10023046044,10023574043,252,177719,3,1,4,9
83049343000000,83049843000000,500.0,4096,67,66,1252880,1252945,10023582043,10024102047,295,177786,3,1,4,9
83049875000000,83050375000000,500.0,4096,68,67,1252946,1253012,10024110046,10024638044,262,177854,3,1,4,9
83050406000000,83050906000000,500.0,4096,67,67,1253013,1253079,10024646043,10025174043,500,177921,3,1,4,9
83050968000000,83051437000000,469.0,4096,67,66,1253080,1253145,10025182044,10025702043,295,177988,3,1,4,9
83051484000000,83051968000000,484.0,4096,67,66,1253146,1253211,10025710043,10026230044,254,178055,3,1,4,9
83052000000000,83052500000000,500.0,4096,68,66,1253212,1253277,10026238046,10026758044,299,178123,3,1,4,9
83052531000000,83053031000000,500.0,4096,67,67,1253278,1253344,10026766043,10027294043,210,178190,3,1,4,9
83053062000000,83053562000000,500.0,4096,68,67,1253345,1253411,10027302043,10027830043,271,178258,3,1,4,9
83053609000000,83054093000000,484.0,4096,67,66,1253412,1253477,10027838043,10028358043,289,178325,3,1,4,9
83054125000000,83054625000000,500.0,4096,67,67,1253478,1253544,10028366043,10028894043,233,178392,3,1,4,9
83054656000000,83055171000000,515.0,4096,68,67,1253545,1253611,10028902045,10029430043,340,178460,3,1,4,9
83055218000000,83055703000000,485.0,4096,67,66,1253612,1253677,10029438047,10029958046,317,178527,3,1,4,9
83055750000000,83056234000000,484.0,4096,67,67,1253678,1253744,10029966047,10030494043,213,178594,3,1,4,9
83056265000000,83056765000000,500.0,4096,68,67,1253745,1253811,10030502043,10031030045,286,178662,3,1,4,9
83056812000000,83057296000000,484.0,4096,68,66,1253812,1253877,10031038044,10031558043,189,178730,3,1,4,9
83057328000000,83057828000000,500.0,4096,67,67,1253878,1253944,10031566047,10032094047,284,178797,3,1,4,9
83057875000000,83058359000000,484.0,4096,68,67,1253945,1254011,10032102043,10032630043,272,178865,3,1,4,9
83058406000000,83058890000000,484.0,4096,67,66,1254012,1254077,10032638045,10033158046,4275,178932,3,1,4,9
83059468000000,83059468000000,0.0,4096,67,67,1254078,1254144,10033166043,10033694043,1784,178999,3,1,4,9
83059656000000,83059968000000,312.0,4096,68,67,1254145,1254211,10033702047,10034230045,284,179067,3,1,4,9
83060015000000,83060500000000,485.0,4096,67,66,1254212,1254277,10034238043,10034758044,305,179134,3,1,4,9
83060531000000,83061031000000,500.0,4096,67,67,1254278,1254344,10034766047,10035294044,254,179201,3,1,4,9
83061062000000,83061562000000,500.0,4096,67,66,1254345,1254410,10035302043,10035822043,233,179268,3,1,4,9
83061593000000,83062093000000,500.0,4096,68,66,1254411,1254476,10035830043,10036350043,249,179336,3,1,4,9
83062125000000,83062625000000,500.0,4096,67,67,1254477,1254543,10036358043,10036886043,193,179403,3,1,4,9
83062656000000,83063156000000,500.0,4096,67,66,1254544,1254609,10036894043,10037414044,248,179470,3,1,4,9
83063187000000,83063687000000,500.0,4096,67,66,1254610,1254675,10037422043,10037942043,353,179537,3,1,4,9
83063734000000,83064218000000,484.0,4096,66,66,1254676,1254741,10037950045,10038470047,224,179603,3,1,4,9
83064250000000,83064734000000,484.0,4096,67,66,1254742,1254807,10038478043,10038998044,272,179670,3,1,4,9
83064781000000,83065265000000,484.0,4096,67,66,1254808,1254873,10039006043,10039526045,300,179737,3,1,4,9
83065296000000,83065796000000,500.0,4096,66,66,1254874,1254939,10039534043,10040054047,226,179803,3,1,4,9
83065828000000,83066328000000,500.0,4096,67,66,1254940,1255005,10040062045,10040582047,268,179870,3,1,4,9
83066359000000,83066843000000,484.0,4096,67,66,1255006,1255071,10040590046,10041110045,205,179937,3,1,4,9
83066875000000,83067375000000,500.0,4096,67,66,1255072,1255137,10041118043,10041638043,324,180004,3,1,4,9
83067421000000,83067890000000,469.0,4096,66,64,1255138,1255201,10041646044,10042150043,195,180070,3,1,4,9
83067921000000,83068421000000,500.0,4096,68,67,1255202,1255268,10042158043,10042686045,311,180138,3,1,4,9
83068468000000,83068953000000,485.0,4096,68,67,1255269,1255335,10042694045,10043222047,490,180206,3,1,4,9
83069031000000,83069500000000,469.0,4096,67,67,1255336,1255402,10043230046,10043758043,337,180273,3,1,4,9
83069546000000,83070031000000,485.0,4096,68,67,1255403,1255469,10043766043,10044294047,401,180341,3,1,4,9
83070078000000,83070562000000,484.0,4096,67,66,1255470,1255535,10044302044,10044822045,301,180408,3,1,4,9
83070609000000,83071093000000,484.0,4096,67,66,1255536,1255601,10044830044,10045350046,322,180475,3,1,4,9
83071140000000,83071625000000,485.0,4096,67,67,1255602,1255668,10045358044,10045886044,296,180542,3,1,4,9
83071671000000,83072156000000,485.0,4096,68,66,1255669,1255734,10045894043,10046414045,251,180610,3,1,4,9
83072187000000,83072687000000,500.0,4096,67,66,1255735,1255800,10046422043,10046942047,280,180677,3,1,4,9
83072718000000,83073218000000,500.0,4096,67,67,1255801,1255867,10046950045,10047478043,255,180744,3,1,4,9
83073250000000,83073750000000,500.0,4096,67,66,1255868,1255933,10047486043,10048006043,217,180811,3,1,4,9
83073781000000,83074281000000,500.0,4096,68,67,1255934,1256000,10048014044,10048542046,339,180879,3,1,4,9
83074328000000,83074812000000,484.0,4096,67,66,1256001,1256066,10048550047,10049070043,416,180946,3,1,4,9
83074859000000,83075343000000,484.0,4096,66,66,1256067,1256132,10049078047,10049598043,449,181012,3,1,4,9
83075390000000,83075859000000,469.0,4096,66,65,1256133,1256197,10049606043,10050118043,289,181078,3,1,4,9
83075890000000,83076375000000,485.0,4096,66,65,1256198,1256262,10050126043,10050638045,261,181144,3,1,4,9
83076406000000,83076906000000,500.0,4096,66,66,1256263,1256328,10050646047,10051166043,363,181210,3,1,4,9
83076953000000,83077437000000,484.0,4096,68,66,1256329,1256394,10051174043,10051694043,241,181278,3,1,4,9
83077468000000,83077953000000,485.0,4096,66,65,1256395,1256459,10051702043,10052214043,267,181344,3,1,4,9
83077984000000,83078468000000,484.0,4096,66,65,1256460,1256524,10052222043,10052734043,292,181410,3,1,4,9
83078515000000,83079015000000,500.0,4096,67,67,1256525,1256591,10052742043,10053270043,5348,181477,3,1,4,9
83079703000000,83079703000000,0.0,4096,66,65,1256592,1256656,10053278043,10053790047,2857,181543,3,1,4,9
83079906000000,83080046000000,140.0,4096,66,65,1256657,1256721,10053798047,10054310044,347,181609,3,1,4,9
83080093000000,83080578000000,485.0,4096,66,66,1256722,1256787,10054318047,10054838043,325,181675,3,1,4,9
83080625000000,83081109000000,484.0,4096,66,66,1256788,1256853,10054846043,10055366043,214,181741,3,1,4,9
83081140000000,83081625000000,485.0,4096,66,65,1256854,1256918,10055374046,10055886043,335,181807,3,1,4,9
83081671000000,83082140000000,469.0,4096,67,65,1256919,1256983,10055894047,10056406043,187,181874,3,1,4,9
83082171000000,83082687000000,516.0,4096,68,67,1256984,1257050,10056414043,10056942045,364,181942,3,1,4,9
83082718000000,83083234000000,516.0,4096,65,65,1257051,1257118,10056950044,10057486043,429,182007,4,1,5,12
83083281000000,83083796000000,515.0,4096,67,66,1257119,1257187,10057494046,10058038045,716,182074,5,1,6,15
83083890000000,83084328000000,438.0,4096,67,66,1257188,1257256,10058046043,10058590043,382,182141,6,1,7,18
83084375000000,83084859000000,484.0,4096,67,66,1257257,1257322,10058598043,10059118044,311,182208,6,1,7,18
83084906000000,83085390000000,484.0,4096,67,67,1257323,1257389,10059126043,10059654043,226,182275,6,1,7,18
83085421000000,83085937000000,516.0,4096,68,67,1257390,1257456,10059662043,10060190044,283,182343,6,1,7,18
83085968000000,83086468000000,500.0,4096,68,67,1257457,1257523,10060198047,10060726043,208,182411,6,1,7,18
83086500000000,83087000000000,500.0,4096,67,67,1257524,1257590,10060734046,10061262043,301,182478,6,1,7,18
83087031000000,83087531000000,500.0,4096,69,67,1257591,1257657,10061270043,10061798043,258,182547,6,1,7,18
83087578000000,83088062000000,484.0,4096,68,66,1257658,1257723,10061806046,10062326046,327,182615,6,1,7,18
83088109000000,83088609000000,500.0,4096,67,67,1257724,1257790,10062334043,10062862043,493,182682,6,1,7,18
83088656000000,83089140000000,484.0,4096,68,67,1257791,1257857,10062870046,10063398045,331,182750,6,1,7,18
83089171000000,83089671000000,500.0,4096,67,66,1257858,1257923,10063406043,10063926043,286,182817,6,1,7,18
83089703000000,83090203000000,500.0,4096,67,66,1257924,1257989,10063934043,10064454046,357,182884,6,1,7,18
83090234000000,83090734000000,500.0,4096,68,68,1257990,1258057,10064462043,10064998047,181,182952,6,1,7,18
83090765000000,83091265000000,500.0,4096,67,66,1258058,1258123,10065006043,10065526043,261,183019,6,1,7,18
83091296000000,83091796000000,500.0,4096,67,67,1258124,1258190,10065534046,10066062043,250,183086,6,1,7,18
83091828000000,83092343000000,515.0,4096,69,67,1258191,1258257,10066070044,10066598045,382,183155,6,1,7,18
83092390000000,83092859000000,469.0,4096,67,66,1258258,1258323,10066606044,10067126046,296,183222,6,1,7,18
83092906000000,83093406000000,500.0,4096,68,68,1258324,1258391,10067134046,10067670043,254,183290,6,1,7,18
83093437000000,83093937000000,500.0,4096,67,66,1258392,1258457,10067678043,10068198043,244,183357,6,1,7,18
83093968000000,83094468000000,500.0,4096,67,66,1258458,1258523,10068206043,10068726045,384,183424,6,1,7,18
83094515000000,83095000000000,485.0,4096,67,67,1258524,1258590,10068734044,10069262047,221,183491,6,1,7,18
83095031000000,83095531000000,500.0,4096,68,67,1258591,1258657,10069270043,10069798043,322,183559,6,1,7,18
83095578000000,83096062000000,484.0,4096,67,66,1258658,1258723,10069806043,10070326043,196,183626,6,1,7,18
83096093000000,83096593000000,500.0,4096,67,67,1258724,1258790,10070334044,10070862043,534,183693,6,1,7,18
83096671000000,83097125000000,454.0,4096,68,66,1258791,1258856,10070870043,10071390043,411,183761,6,1,7,18
83097187000000,83097656000000,469.0,4096,67,66,1258857,1258922,10071398046,10071918046,225,183828,6,1,7,18
83097687000000,83098187000000,500.0,4096,67,67,1258923,1258989,10071926044,10072454045,280,183895,6,1,7,18
83098234000000,83098718000000,484.0,4096,67,66,1258990,1259055,10072462043,10072982046,196,183962,6,1,7,18
83098750000000,83099250000000,500.0,4096,67,66,1259056,1259121,10072990043,10073510044,4444,184029,6,1,7,18
83099843000000,83099843000000,0.0,4096,67,67,1259122,1259188,10073518043,10074046043,2408,184096,6,1,7,18
83100093000000,83100328000000,235.0,4096,68,67,1259189,1259255,10074054043,10074582044,243,184164,6,1,7,18
83100359000000,83100859000000,500.0,4096,67,66,1259256,1259321,10074590045,10075110043,327,184231,6,1,7,18
83100890000000,83101390000000,500.0,4096,68,68,1259322,1259389,10075118047,10075654043,273,184299,6,1,7,18
83101421000000,83101921000000,500.0,4096,67,66,1259390,1259455,10075662047,10076182043,193,184366,6,1,7,18
83101953000000,83102437000000,484.0,4096,67,65,1259456,1259520,10076190043,10076702043,317,184433,6,1,7,18
83102484000000,83102984000000,500.0,4096,68,68,1259521,1259588,10076710046,10077246043,212,184501,6,1,7,18
83103015000000,83103515000000,500.0,4096,67,66,1259589,1259654,10077254043,10077774043,293,184568,6,1,7,18
83103546000000,83104046000000,500.0,4096,67,66,1259655,1259720,10077782047,10078302043,277,184635,6,1,7,18
83104078000000,83104562000000,484.0,4096,66,66,1259721,1259786,10078310047,10078830043,204,184701,6,1,7,18
83104593000000,83105093000000,500.0,4096,66,65,1259787,1259851,10078838043,10079350043,367,184767,6,1,7,18
83105125000000,83105609000000,484.0,4096,66,66,1259852,1259917,10079358045,10079878047,268,184833,6,1,7,18
83105640000000,83106140000000,500.0,4096,66,65,1259918,1259982,10079886045,10080398046,379,184899,6,1,7,18
83106187000000,83106656000000,469.0,4096,66,65,1259983,1260047,10080406048,10080918043,444,184965,6,1,7,18
83106718000000,83107187000000,469.0,4096,66,65,1260048,1260112,10080926043,10081438046,269,185031,6,1,7,18
83107218000000,83107703000000,485.0,4096,67,66,1260113,1260178,10081446046,10081966046,327,185098,6,1,7,18
83107750000000,83108218000000,468.0,4096,66,64,1260179,1260242,10081974044,10082478044,213,185164,6,1,7,18
83108250000000,83108750000000,500.0,4096,66,66,1260243,1260308,10082486043,10083006047,289,185230,6,1,7,18
83108781000000,83109281000000,500.0,4096,68,67,1260309,1260375,10083014043,10083542043,308,185298,6,1,7,18
83109312000000,83109812000000,500.0,4096,67,66,1260376,1260441,10083550043,10084070043,193,185365,6,1,7,18
83109828000000,83110343000000,515.0,4096,67,67,1260442,1260508,10084078046,10084606043,312,185432,6,1,7,18
83110390000000,83110890000000,500.0,4096,68,67,1260509,1260575,10084614044,10085142046,211,185500,6,1,7,18
83110906000000,83111406000000,500.0,4096,67,66,1260576,1260641,10085150045,10085670043,298,185567,6,1,7,18
83111453000000,83111953000000,500.0,4096,67,67,1260642,1260708,10085678043,10086206043,292,185634,6,1,7,18
83111984000000,83112484000000,500.0,4096,68,66,1260709,1260774,10086214047,10086734047,190,185702,6,1,7,18
83112500000000,83113015000000,515.0,4096,67,67,1260775,1260841,10086742043,10087270046,321,185769,6,1,7,18
83113046000000,83113546000000,500.0,4096,68,67,1260842,1260908,10087278043,10087806043,189,185837,6,1,7,18
83113562000000,83114078000000,516.0,4096,68,67,1260909,1260975,10087814047,10088342043,299,185905,6,1,7,18
83114125000000,83114609000000,484.0,4096,67,67,1260976,1261042,10088350043,10088878043,335,185972,6,1,7,18
83114656000000,83115156000000,500.0,4096,67,66,1261043,1261108,10088886043,10089406047,338,186039,6,1,7,18
83115203000000,83115687000000,484.0,4096,68,67,1261109,1261175,10089414043,10089942043,530,186107,6,1,7,18
83115750000000,83116218000000,468.0,4096,67,67,1261176,1261242,10089950044,10090478044,352,186174,6,1,7,18
83116265000000,83116750000000,485.0,4096,68,67,1261243,1261309,10090486043,10091014043,247,186242,6,1,7,18
83116781000000,83117281000000,500.0,4096,67,65,1261310,1261374,10091022047,10091534043,323,186309,6,1,7,18
83117312000000,83117812000000,500.0,4096,67,67,1261375,1261441,10091542046,10092070047,230,186376,6,1,7,18
83117843000000,83118343000000,500.0,4096,68,67,1261442,1261508,10092078043,10092606044,275,186444,6,1,7,18
83118375000000,83118875000000,500.0,4096,67,66,1261509,1261574,10092614043,10093134043,348,186511,6,1,7,18
83118921000000,83119406000000,485.0,4096,67,67,1261575,1261641,10093142044,10093670044,4557,186578,6,1,7,18
83120000000000,83120015000000,15.0,4096,68,67,1261642,1261708,10093678043,10094206044,2197,186646,6,1,7,18
83120234000000,83120468000000,234.0,4096,67,66,1261709,1261774,10094214043,10094734046,334,186713,6,1,7,18
83120515000000,83121015000000,500.0,4096,67,67,1261775,1261841,10094742043,10095270043,185,186780,6,1,7,18
83121031000000,83121546000000,515.0,4096,68,67,1261842,1261908,10095278043,10095806046,394,186848,6,1,7,18
83121593000000,83122078000000,485.0,4096,68,66,1261909,1261974,10095814045,10096334043,186,186916,6,1,7,18
83122093000000,83122609000000,516.0,4096,67,67,1261975,1262041,10096342043,10096870045,330,186983,6,1,7,18
83122656000000,83123140000000,484.0,4096,67,66,1262042,1262107,10096878043,10097398043,266,187050,6,1,7,18
83123171000000,83123671000000,500.0,4096,68,67,1262108,1262174,10097406044,10097934043,204,187118,6,1,7,18
83123703000000,83124203000000,500.0,4096,67,67,1262175,1262241,10097942047,10098470047,552,187185,6,1,7,18
83124281000000,83124734000000,453.0,4096,67,66,1262242,1262307,10098478044,10098998045,252,187252,6,1,7,18
83124765000000,83125265000000,500.0,4096,68,67,1262308,1262374,10099006043,10099534043,389,187320,6,1,7,18
83125328000000,83125812000000,484.0,4096,68,67,1262375,1262441,10099542043,10100070043,297,187388,6,1,7,18
83125843000000,83126343000000,500.0,4096,67,67,1262442,1262508,10100078043,10100606043,211,187455,6,1,7,18
83126375000000,83126875000000,500.0,4096,67,66,1262509,1262574,10100614043,10101134043,298,187522,6,1,7,18
83126921000000,83127406000000,485.0,4096,68,66,1262575,1262640,10101142043,10101662045,204,187590,6,1,7,18
83127437000000,83127937000000,500.0,4096,67,66,1262641,1262706,10101670044,10102190044,237,187657,6,1,7,18
83127968000000,83128468000000,500.0,4096,68,67,1262707,1262773,10102198043,10102726043,285,187725,6,1,7,18
83128500000000,83129000000000,500.0,4096,68,67,1262774,1262840,10102734046,10103262047,204,187793,6,1,7,18
83129031000000,83129531000000,500.0,4096,68,67,1262841,1262907,10103270043,10103798043,328,187861,6,1,7,18
83129578000000,83130062000000,484.0,4096,66,66,1262908,1262973,10103806046,10104326046,305,187927,6,1,7,18
83130109000000,83130609000000,500.0,4096,68,67,1262974,1263040,10104334043,10104862047,207,187995,6,1,7,18
83130625000000,83131140000000,515.0,4096,68,67,1263041,1263107,10104870046,10105398045,259,188063,6,1,7,18
83131171000000,83131671000000,500.0,4096,67,67,1263108,1263174,10105406043,10105934043,326,188130,6,1,7,18
83131718000000,83132203000000,485.0,4096,67,65,1263175,1263239,10105942043,10106454043,197,188197,6,1,7,18
83132218000000,83132734000000,516.0,4096,68,67,1263240,1263306,10106462045,10106990043,514,188265,6,1,7,18
83132796000000,83133265000000,469.0,4096,67,66,1263307,1263372,10106998044,10107518044,329,188332,6,1,7,18
83133312000000,83133796000000,484.0,4096,67,67,1263373,1263439,10107526047,10108054043,244,188399,6,1,7,18
83133828000000,83134328000000,500.0,4096,67,66,1263440,1263505,10108062043,10108582047,295,188466,6,1,7,18
83134359000000,83134859000000,500.0,4096,68,67,1263506,1263572,10108590044,10109118043,230,188534,6,1,7,18
83134890000000,83135390000000,500.0,4096,67,67,1263573,1263639,10109126043,10109654047,371,188601,6,1,7,18
83135437000000,83135921000000,484.0,4096,67,66,1263640,1263705,10109662043,10110182046,187,188668,6,1,7,18
83135953000000,83136453000000,500.0,4096,67,66,1263706,1263771,10110190044,10110710043,333,188735,6,1,7,18
83136500000000,83136984000000,484.0,4096,68,67,1263772,1263838,10110718043,10111246047,379,188803,6,1,7,18
83137031000000,83137515000000,484.0,4096,67,66,1263839,1263904,10111254043,10111774043,199,188870,6,1,7,18
83137546000000,83138046000000,500.0,4096,67,66,1263905,1263970,10111782045,10112302043,278,188937,6,1,7,18
83138078000000,83138578000000,500.0,4096,68,67,1263971,1264037,10112310043,10112838047,209,189005,6,1,7,18
83138593000000,83139109000000,516.0,4096,67,66,1264038,1264103,10112846046,10113366046,256,189072,6,1,7,18
83139140000000,83139640000000,500.0,4096,67,67,1264104,1264170,10113374043,10113902047,4563,189139,6,1,7,18
83140234000000,83140234000000,0.0,4096,67,66,1264171,1264236,10113910047,10114430043,2154,189206,6,1,7,18
83140453000000,83140703000000,250.0,4096,68,67,1264237,1264303,10114438043,10114966043,317,189274,6,1,7,18
83140750000000,83141234000000,484.0,4096,67,66,1264304,1264369,10114974043,10115494043,414,189341,6,1,7,18
83141296000000,83141765000000,469.0,4096,67,67,1264370,1264436,10115502044,10116030043,261,189408,6,1,7,18
83141812000000,83142296000000,484.0,4096,68,66,1264437,1264502,10116038043,10116558045,287,189476,6,1,7,18
83142328000000,83142828000000,500.0,4096,67,66,1264503,1264568,10116566046,10117086046,157,189543,6,1,7,18
83142859000000,83143359000000,500.0,4096,68,67,1264569,1264635,10117094043,10117622043,292,189611,6,1,7,18
83143390000000,83143890000000,500.0,4096,67,67,1264636,1264702,10117630043,10118158044,356,189678,6,1,7,18
83143937000000,83144421000000,484.0,4096,67,66,1264703,1264768,10118166046,10118686043,202,189745,6,1,7,18
83144453000000,83144953000000,500.0,4096,67,66,1264769,1264834,10118694043,10119214043,286,189812,6,1,7,18
83145000000000,83145500000000,500.0,4096,68,67,1264835,1264901,10119222043,10119750047,352,189880,6,1,7,18
83145531000000,83146031000000,500.0,4096,67,67,1264902,1264968,10119758043,10120286044,196,189947,6,1,7,18
83146062000000,83146562000000,500.0,4096,68,67,1264969,1265035,10120294043,10120822045,260,190015,6,1,7,18
83146593000000,83147093000000,500.0,4096,68,66,1265036,1265101,10120830043,10121350046,249,190083,6,1,7,18
83147125000000,83147625000000,500.0,4096,68,67,1265102,1265168,10121358043,10121886043,207,190151,6,1,7,18
83147656000000,83148156000000,500.0,4096,67,66,1265169,1265234,10121894044,10122414047,365,190218,6,1,7,18
83148203000000,83148687000000,484.0,4096,68,67,1265235,1265301,10122422047,10122950046,198,190286,6,1,7,18
83148718000000,83149218000000,500.0,4096,67,66,1265302,1265367,10122958043,10123478045,293,190353,6,1,7,18
83149265000000,83149750000000,485.0,4096,67,67,1265368,1265434,10123486043,10124014043,494,190420,6,1,7,18
83149812000000,83150296000000,484.0,4096,68,67,1265435,1265501,10124022043,10124550046,460,190488,6,1,7,18
83150343000000,83150812000000,469.0,4096,67,66,1265502,1265567,10124558047,10125078043,366,190555,6,1,7,18
83150859000000,83151343000000,484.0,4096,67,66,1265568,1265633,10125086043,10125606043,326,190622,6,1,7,18
83151390000000,83151890000000,500.0,4096,67,67,1265634,1265700,10125614043,10126142043,204,190689,6,1,7,18
83151906000000,83152406000000,500.0,4096,68,66,1265701,1265766,10126150043,10126670043,320,190757,6,1,7,18
83152453000000,83152937000000,484.0,4096,67,66,1265767,1265832,10126678043,10127198047,240,190824,6,1,7,18
83152968000000,83153468000000,500.0,4096,66,66,1265833,1265898,10127206045,10127726045,299,190890,6,1,7,18
83153515000000,83154000000000,485.0,4096,68,67,1265899,1265965,10127734043,10128262043,308,190958,6,1,7,18
83154046000000,83154578000000,532.0,4096,72,72,1265966,1266037,10128270044,10128838045,270,191030,6,1,7,18
83154609000000,83155140000000,531.0,4096,71,71,1266038,1266108,10128846043,10129406043,261,191101,6,1,7,18
83155187000000,83155718000000,531.0,4096,71,71,1266109,1266179,10129414043,10129974043,251,191172,6,1,7,18
83155750000000,83156281000000,531.0,4096,72,72,1266180,1266251,10129982043,10130550043,440,191244,6,1,7,18
83156343000000,83156859000000,516.0,4096,71,71,1266252,1266322,10130558043,10131118046,310,191315,6,1,7,18
83156906000000,83157390000000,484.0,4096,69,67,1266323,1266389,10131126043,10131654043,195,191384,6,1,7,18
83157421000000,83157921000000,500.0,4096,68,67,1266390,1266456,10131662043,10132190047,283,191452,6,1,7,18
83157968000000,83158468000000,500.0,4096,67,67,1266457,1266523,10132198043,10132726043,331,191519,6,1,7,18
83158500000000,83159000000000,500.0,4096,67,66,1266524,1266589,10132734047,10133254043,215,191586,6,1,7,18
83159015000000,83159531000000,516.0,4096,68,67,1266590,1266656,10133262047,10133790047,271,191654,6,1,7,18
83159562000000,83160062000000,500.0,4096,67,67,1266657,1266723,10133798043,10134326045,6773,191721,6,1,7,18
83160937000000,83160937000000,0.0,4096,67,66,1266724,1266789,10134334043,10134854045,3129,191788,6,1,7,18
83161000000000,83161125000000,125.0,4096,67,66,1266790,1266855,10134862043,10135382044,301,191855,6,1,7,18
83161171000000,83161656000000,485.0,4096,68,67,1266856,1266922,10135390043,10135918043,273,191923,6,1,7,18
83161687000000,83162187000000,500.0,4096,67,66,1266923,1266988,10135926043,10136446043,276,191990,6,1,7,18
83162218000000,83162718000000,500.0,4096,67,66,1266989,1267054,10136454043,10136974043,386,192057,6,1,7,18
83162765000000,83163250000000,485.0,4096,68,67,1267055,1267121,10136982043,10137510043,295,192125,6,1,7,18
83163281000000,83163781000000,500.0,4096,67,67,1267122,1267188,10137518043,10138046043,478,192192,6,1,7,18
83163843000000,83164328000000,485.0,4096,67,66,1267189,1267254,10138054043,10138574043,367,192259,6,1,7,18
83164359000000,83164843000000,484.0,4096,67,66,1267255,1267320,10138582044,10139102043,288,192326,6,1,7,18
83164875000000,83165375000000,500.0,4096,66,66,1267321,1267386,10139110045,10139630045,356,192392,6,1,7,18
83165421000000,83165890000000,469.0,4096,66,65,1267387,1267451,10139638044,10140150046,187,192458,6,1,7,18
83165921000000,83166421000000,500.0,4096,67,66,1267452,1267517,10140158044,10140678047,389,192525,6,1,7,18
83166468000000,83166937000000,469.0,4096,66,65,1267518,1267582,10140686043,10141198044,248,192591,6,1,7,18
83166968000000,83167468000000,500.0,4096,67,66,1267583,1267648,10141206043,10141726043,360,192658,6,1,7,18
83167515000000,83167984000000,469.0,4096,66,64,1267649,1267712,10141734044,10142238043,252,192724,6,1,7,18
83168015000000,83168515000000,500.0,4096,67,66,1267713,1267778,10142246047,10142766046,324,192791,6,1,7,18
83168546000000,83169046000000,500.0,4096,67,67,1267779,1267845,10142774045,10143302046,285,192858,6,1,7,18
83169078000000,83169578000000,500.0,4096,68,67,1267846,1267912,10143310046,10143838043,197,192926,6,1,7,18
83169609000000,83170109000000,500.0,4096,68,67,1267913,1267979,10143846046,10144374043,392,192994,6,1,7,18
83170171000000,83170656000000,485.0,4096,68,67,1267980,1268046,10144382047,10144910043,331,193062,6,1,7,18
83170687000000,83171187000000,500.0,4096,67,67,1268047,1268113,10144918045,10145446043,272,193129,6,1,7,18
83171218000000,83171718000000,500.0,4096,68,67,1268114,1268180,10145454044,10145982043,359,193197,6,1,7,18
83171765000000,83172250000000,485.0,4096,69,67,1268181,1268247,10145990047,10146518043,421,193266,6,1,7,18
83172312000000,83172781000000,469.0,4096,66,66,1268248,1268313,10146526044,10147046043,246,193332,6,1,7,18
83172828000000,83173328000000,500.0,4096,69,68,1268314,1268381,10147054044,10147590043,332,193401,6,1,7,18
83173375000000,83173859000000,484.0,4096,67,66,1268382,1268447,10147598043,10148118043,326,193468,6,1,7,18
83173921000000,83174406000000,485.0,4096,67,67,1268448,1268514,10148126043,10148654045,429,193535,6,1,7,18
83174453000000,83174921000000,468.0,4096,68,67,1268515,1268581,10148662043,10149190046,300,193603,6,1,7,18
83174968000000,83175453000000,485.0,4096,67,66,1268582,1268647,10149198047,10149718043,318,193670,6,1,7,18
83175500000000,83175984000000,484.0,4096,67,66,1268648,1268713,10149726043,10150246045,338,193737,6,1,7,18
83176031000000,83176531000000,500.0,4096,68,68,1268714,1268781,10150254047,10150790047,300,193805,6,1,7,18
83176562000000,83177062000000,500.0,4096,68,66,1268782,1268847,10150798045,10151318043,204,193873,6,1,7,18
83177078000000,83177593000000,515.0,4096,67,66,1268848,1268913,10151326043,10151846044,328,193940,6,1,7,18
83177640000000,83178125000000,485.0,4096,68,68,1268914,1268981,10151854043,10152390043,300,194008,6,1,7,18
83178171000000,83178656000000,485.0,4096,67,66,1268982,1269047,10152398043,10152918047,205,194075,6,1,7,18
83178687000000,83179187000000,500.0,4096,67,66,1269048,1269113,10152926045,10153446046,369,194142,6,1,7,18
83179234000000,83179718000000,484.0,4096,67,67,1269114,1269180,10153454043,10153982044,184,194209,6,1,7,18
83179750000000,83180250000000,500.0,4096,68,67,1269181,1269247,10153990044,10154518043,7234,194277,6,1,7,18
83181203000000,83181203000000,0.0,4096,67,66,1269248,1269313,10154526043,10155046046,3589,194344,6,1,7,18
83181265000000,83181328000000,63.0,4096,68,67,1269314,1269380,10155054043,10155582043,357,194412,6,1,7,18
83181359000000,83181859000000,500.0,4096,67,67,1269381,1269447,10155590047,10156118043,421,194479,6,1,7,18
83181906000000,83182390000000,484.0,4096,68,66,1269448,1269513,10156126044,10156646047,378,194547,6,1,7,18
83182437000000,83182921000000,484.0,4096,68,67,1269514,1269580,10156654045,10157182045,486,194615,6,1,7,18
83182984000000,83183453000000,469.0,4096,67,67,1269581,1269647,10157190043,10157718046,356,194682,6,1,7,18
83183500000000,83184000000000,500.0,4096,68,67,1269648,1269714,10157726043,10158254044,245,194750,6,1,7,18
83184031000000,83184531000000,500.0,4096,68,67,1269715,1269781,10158262047,10158790045,283,194818,6,1,7,18
83184562000000,83185062000000,500.0,4096,67,66,1269782,1269847,10158798046,10159318045,225,194885,6,1,7,18
83185078000000,83185593000000,515.0,4096,68,68,1269848,1269915,10159326046,10159862044,436,194953,6,1,7,18
83185656000000,83186125000000,469.0,4096,66,65,1269916,1269980,10159870043,10160382043,291,195019,6,1,7,18
83186156000000,83186656000000,500.0,4096,67,67,1269981,1270047,10160390043,10160918043,231,195086,6,1,7,18
83186687000000,83187187000000,500.0,4096,67,65,1270048,1270112,10160926043,10161438043,307,195153,6,1,7,18
83187218000000,83187703000000,485.0,4096,66,65,1270113,1270177,10161446043,10161958044,328,195219,6,1,7,18
83187734000000,83188234000000,500.0,4096,67,66,1270178,1270243,10161966043,10162486043,234,195286,6,1,7,18
83188265000000,83188750000000,485.0,4096,67,66,1270244,1270309,10162494043,10163014043,378,195353,6,1,7,18
83188796000000,83189265000000,469.0,4096,66,65,1270310,1270374,10163022043,10163534043,253,195419,6,1,7,18
83189312000000,83189812000000,500.0,4096,67,67,1270375,1270441,10163542046,10164070043,283,195486,6,1,7,18
83189843000000,83190328000000,485.0,4096,66,65,1270442,1270506,10164078043,10164590043,312,195552,6,1,7,18
83190375000000,83190859000000,484.0,4096,67,66,1270507,1270572,10164598043,10165118043,331,195619,6,1,7,18
83190890000000,83191390000000,500.0,4096,67,67,1270573,1270639,10165126047,10165654043,306,195686,6,1,7,18
83191437000000,83191906000000,469.0,4096,66,65,1270640,1270704,10165662043,10166174045,231,195752,6,1,7,18
83191937000000,83192437000000,500.0,4096,67,65,1270705,1270769,10166182044,10166694043,525,195819,6,1,7,18
83192500000000,83192968000000,468.0,4096,66,66,1270770,1270835,10166702045,10167222044,297,195885,6,1,7,18
83193000000000,83193484000000,484.0,4096,66,65,1270836,1270900,10167230043,10167742047,408,195951,6,1,7,18
83193531000000,83194015000000,484.0,4096,66,65,1270901,1270965,10167750045,10168262043,219,196017,6,1,7,18
83194031000000,83194531000000,500.0,4096,67,66,1270966,1271031,10168270043,10168790047,289,196084,6,1,7,18
83194562000000,83195062000000,500.0,4096,67,67,1271032,1271098,10168798043,10169326046,529,196151,6,1,7,18
83195140000000,83195609000000,469.0,4096,69,68,1271099,1271166,10169334043,10169870043,305,196220,6,1,7,18
83195656000000,83196140000000,484.0,4096,67,67,1271167,1271233,10169878047,10170406043,366,196287,6,1,7,18
83196203000000,83196671000000,468.0,4096,67,66,1271234,1271299,10170414047,10170934046,309,196354,6,1,7,18
83196718000000,83197203000000,485.0,4096,68,66,1271300,1271365,10170942047,10171462046,234,196422,6,1,7,18
83197234000000,83197734000000,500.0,4096,66,66,1271366,1271431,10171470044,10171990045,357,196488,6,1,7,18
83197781000000,83198265000000,484.0,4096,67,66,1271432,1271497,10171998046,10172518047,289,196555,6,1,7,18
83198296000000,83198796000000,500.0,4096,68,67,1271498,1271564,10172526045,10173054044,293,196623,6,1,7,18
83198828000000,83199328000000,500.0,4096,66,66,1271565,1271630,10173062043,10173582044,355,196689,6,1,7,18
83199375000000,83199843000000,468.0,4096,67,66,1271631,1271696,10173590045,10174110043,259,196756,6,1,7,18
83199890000000,83200375000000,485.0,4096,67,66,1271697,1271762,10174118043,10174638047,393,196823,6,1,7,18
83200437000000,83200906000000,469.0,4096,67,66,1271763,1271828,10174646043,10175166043,5259,196890,6,1,7,18
83201593000000,83201593000000,0.0,4096,67,67,1271829,1271895,10175174043,10175702044,3085,196957,6,1,7,18
83201843000000,83201984000000,141.0,4096,68,67,1271896,1271962,10175710044,10176238047,504,197025,6,1,7,18
83202046000000,83202515000000,469.0,4096,68,66,1271963,1272028,10176246043,10176766047,289,197093,6,1,7,18
83202546000000,83203046000000,500.0,4096,67,67,1272029,1272095,10176774044,10177302044,426,197160,6,1,7,18
83203093000000,83203578000000,485.0,4096,67,66,1272096,1272161,10177310047,10177830043,291,197227,6,1,7,18
83203609000000,83204093000000,484.0,4096,67,66,1272162,1272227,10177838043,10178358045,318,197294,6,1,7,18
83204140000000,83204640000000,500.0,4096,68,68,1272228,1272295,10178366043,10178902043,330,197362,6,1,7,18
83204687000000,83205171000000,484.0,4096,67,66,1272296,1272361,10178910043,10179430046,390,197429,6,1,7,18
83205218000000,83205687000000,469.0,4096,66,65,1272362,1272426,10179438043,10179950044,296,197495,6,1,7,18
83205734000000,83206218000000,484.0,4096,66,66,1272427,1272492,10179958043,10180478043,396,197561,6,1,7,18
83206265000000,83206734000000,469.0,4096,66,65,1272493,1272557,10180486043,10180998046,198,197627,6,1,7,18
83206765000000,83207250000000,485.0,4096,67,65,1272558,1272622,10181006043,10181518044,303,197694,6,1,7,18
83207296000000,83207781000000,485.0,4096,66,65,1272623,1272687,10181526043,10182038046,492,197760,6,1,7,18
83207843000000,83208312000000,469.0,4096,67,66,1272688,1272753,10182046043,10182566044,331,197827,6,1,7,18
83208343000000,83208843000000,500.0,4096,67,66,1272754,1272819,10182574047,10183094043,371,197894,6,1,7,18
83208875000000,83209359000000,484.0,4096,67,66,1272820,1272885,10183102043,10183622047,236,197961,6,1,7,18
83209390000000,83209890000000,500.0,4096,67,67,1272886,1272952,10183630043,10184158043,288,198028,6,1,7,18
83209937000000,83210421000000,484.0,4096,67,66,1272953,1273018,10184166043,10184686044,282,198095,6,1,7,18
83210468000000,83210968000000,500.0,4096,68,67,1273019,1273085,10184694045,10185222044,316,198163,6,1,7,18
83211000000000,83211500000000,500.0,4096,67,67,1273086,1273152,10185230043,10185758043,519,198230,6,1,7,18
83211562000000,83212031000000,469.0,4096,68,67,1273153,1273219,10185766043,10186294043,355,198298,6,1,7,18
83212078000000,83212562000000,484.0,4096,68,66,1273220,1273285,10186302043,10186822043,342,198366,6,1,7,18
83212609000000,83213093000000,484.0,4096,67,67,1273286,1273352,10186830044,10187358046,453,198433,6,1,7,18
83213156000000,83213625000000,469.0,4096,67,66,1273353,1273418,10187366043,10187886044,213,198500,6,1,7,18
83213656000000,83214156000000,500.0,4096,67,66,1273419,1273484,10187894043,10188414043,323,198567,6,1,7,18
83214203000000,83214687000000,484.0,4096,67,66,1273485,1273550,10188422047,10188942046,226,198634,6,1,7,18
83214718000000,83215203000000,485.0,4096,67,66,1273551,1273616,10188950045,10189470043,403,198701,6,1,7,18
83215265000000,83215750000000,485.0,4096,67,67,1273617,1273683,10189478043,10190006044,337,198768,6,1,7,18
83215781000000,83216265000000,484.0,4096,67,66,1273684,1273749,10190014047,10190534044,238,198835,6,1,7,18
83216296000000,83216796000000,500.0,4096,67,66,1273750,1273815,10190542043,10191062043,330,198902,6,1,7,18
83216843000000,83217328000000,485.0,4096,67,65,1273816,1273880,10191070046,10191582046,274,198969,6,1,7,18
83217359000000,83217859000000,500.0,4096,66,66,1273881,1273946,10191590046,10192110043,291,199035,6,1,7,18
83217890000000,83218375000000,485.0,4096,67,66,1273947,1274012,10192118047,10192638043,309,199102,6,1,7,18
83218421000000,83218906000000,485.0,4096,67,66,1274013,1274078,10192646043,10193166047,203,199169,6,1,7,18
83218937000000,83219437000000,500.0,4096,67,66,1274079,1274144,10193174046,10193694043,326,199236,6,1,7,18
83219484000000,83219968000000,484.0,4096,67,67,1274145,1274211,10193702043,10194230045,272,199303,6,1,7,18
83220000000000,83220500000000,500.0,4096,68,67,1274212,1274278,10194238046,10194766043,638,199371,6,1,7,18
83220593000000,83221046000000,453.0,4096,68,67,1274279,1274345,10194774047,10195302046,6490,199439,6,1,7,18
83221890000000,83221906000000,16.0,4096,69,68,1274346,1274413,10195310047,10195846044,4431,199508,6,1,7,18
83222156000000,83222156000000,0.0,4096,67,65,1274414,1274478,10195854046,10196366046,689,199575,6,1,7,18
83222203000000,83222656000000,453.0,4096,68,68,1274479,1274546,10196374043,10196910043,340,199643,6,1,7,18
83222687000000,83223187000000,500.0,4096,68,67,1274547,1274613,10196918045,10197446043,229,199711,6,1,7,18
83223218000000,83223718000000,500.0,4096,68,67,1274614,1274680,10197454047,10197982043,326,199779,6,1,7,18
83223765000000,83224250000000,485.0,4096,67,66,1274681,1274746,10197990046,10198510043,284,199846,6,1,7,18
83224281000000,83224781000000,500.0,4096,67,67,1274747,1274813,10198518047,10199046043,351,199913,6,1,7,18
83224828000000,83225312000000,484.0,4096,67,66,1274814,1274879,10199054043,10199574043,380,199980,6,1,7,18
83225375000000,83225859000000,484.0,4096,69,68,1274880,1274947,10199582043,10200118043,246,200049,6,1,7,18
83225890000000,83226390000000,500.0,4096,67,66,1274948,1275013,10200126044,10200646043,341,200116,6,1,7,18
83226437000000,83226921000000,484.0,4096,67,67,1275014,1275080,10200654043,10201182043,314,200183,6,1,7,18
83226968000000,83227453000000,485.0,4096,69,67,1275081,1275147,10201190043,10201718043,279,200252,6,1,7,18
83227484000000,83227984000000,500.0,4096,68,66,1275148,1275213,10201726044,10202246043,365,200320,6,1,7,18
83228031000000,83228515000000,484.0,4096,68,67,1275214,1275280,10202254043,10202782045,299,200388,6,1,7,18
83228578000000,83229062000000,484.0,4096,67,67,1275281,1275347,10202790045,10203318043,378,200455,6,1,7,18
83229109000000,83229593000000,484.0,4096,68,67,1275348,1275414,10203326043,10203854046,352,200523,6,1,7,18
83229640000000,83230140000000,500.0,4096,68,67,1275415,1275481,10203862043,10204390043,337,200591,6,1,7,18
83230171000000,83230671000000,500.0,4096,68,67,1275482,1275548,10204398044,10204926043,331,200659,6,1,7,18
83230703000000,83231203000000,500.0,4096,67,67,1275549,1275615,10204934044,10205462043,354,200726,6,1,7,18
83231250000000,83231750000000,500.0,4096,69,68,1275616,1275683,10205470043,10206006043,234,200795,6,1,7,18
83231781000000,83232265000000,484.0,4096,68,66,1275684,1275749,10206014047,10206534043,310,200863,6,1,7,18
83232312000000,83232796000000,484.0,4096,67,66,1275750,1275815,10206542047,10207062047,358,200930,6,1,7,18
83232843000000,83233343000000,500.0,4096,68,68,1275816,1275883,10207070046,10207606043,243,200998,6,1,7,18
83233375000000,83233875000000,500.0,4096,68,67,1275884,1275950,10207614043,10208142045,333,201066,6,1,7,18
83233921000000,83234406000000,485.0,4096,67,66,1275951,1276016,10208150043,10208670044,232,201133,6,1,7,18
83234437000000,83234953000000,516.0,4096,68,68,1276017,1276084,10208678045,10209214044,602,201201,6,1,7,18
83235031000000,83235484000000,453.0,4096,68,67,1276085,1276151,10209222043,10209750045,398,201269,6,1,7,18
83235546000000,83236015000000,469.0,4096,67,66,1276152,1276217,10209758045,10210278047,259,201336,6,1,7,18
83236046000000,83236546000000,500.0,4096,67,67,1276218,1276284,10210286047,10210814043,541,201403,6,1,7,18
83236625000000,83237078000000,453.0,4096,67,65,1276285,1276349,10210822043,10211334043,563,201470,6,1,7,18
83237156000000,83237593000000,437.0,4096,66,65,1276350,1276414,10211342045,10211854043,492,201536,6,1,7,18
83237656000000,83238125000000,469.0,4096,67,67,1276415,1276481,10211862046,10212390043,384,201603,6,1,7,18
83238171000000,83238656000000,485.0,4096,66,65,1276482,1276546,10212398047,10212910043,298,201669,6,1,7,18
83238687000000,83239171000000,484.0,4096,67,66,1276547,1276612,10212918047,10213438043,338,201736,6,1,7,18
83239218000000,83239703000000,485.0,4096,65,65,1276613,1276677,10213446046,10213958043,251,201801,6,1,7,18
83239734000000,83240218000000,484.0,4096,67,66,1276678,1276743,10213966047,10214486045,462,201868,6,1,7,18
83240281000000,83240750000000,469.0,4096,67,66,1276744,1276809,10214494046,10215014044,6329,201935,6,1,7,18
83241578000000,83241578000000,0.0,4096,67,66,1276810,1276875,10215022044,10215542047,4500,202002,6,1,7,18
83241875000000,83241875000000,0.0,4096,68,68,1276876,1276943,10215550044,10216086043,962,202070,6,1,7,18
83241953000000,83242359000000,406.0,4096,68,66,1276944,1277009,10216094045,10216614043,324,202138,6,1,7,18
83242406000000,83242890000000,484.0,4096,67,66,1277010,1277075,10216622044,10217142043,246,202205,6,1,7,18
83242921000000,83243421000000,500.0,4096,68,68,1277076,1277143,10217150043,10217686043,326,202273,6,1,7,18
83243468000000,83243953000000,485.0,4096,68,67,1277144,1277210,10217694046,10218222045,242,202341,6,1,7,18
83244000000000,83244500000000,500.0,4096,66,66,1277211,1277276,10218230043,10218750043,350,202407,6,1,7,18
83244531000000,83245031000000,500.0,4096,69,68,1277277,1277344,10218758046,10219294043,526,202476,6,1,7,18
83245093000000,83245562000000,469.0,4096,67,66,1277345,1277410,10219302043,10219822043,648,202543,6,1,7,18
83245656000000,83246109000000,453.0,4096,67,67,1277411,1277477,10219830047,10220358043,578,202610,6,1,7,18
83246171000000,83246640000000,469.0,4096,68,67,1277478,1277544,10220366043,10220894043,429,202678,6,1,7,18
83246687000000,83247156000000,469.0,4096,68,66,1277545,1277610,10220902047,10221422043,218,202746,6,1,7,18
83247187000000,83247703000000,516.0,4096,67,67,1277611,1277677,10221430045,10221958046,420,202813,6,1,7,18
83247750000000,83248218000000,468.0,4096,68,66,1277678,1277743,10221966043,10222486043,483,202881,6,1,7,18
83248296000000,83248750000000,454.0,4096,67,66,1277744,1277809,10222494043,10223014046,276,202948,6,1,7,18
83248796000000,83249281000000,485.0,4096,66,66,1277810,1277875,10223022045,10223542047,433,203014,6,1,7,18
83249343000000,83249812000000,469.0,4096,67,66,1277876,1277941,10223550047,10224070043,307,203081,6,1,7,18
83249843000000,83250328000000,485.0,4096,66,65,1277942,1278006,10224078043,10224590047,419,203147,6,1,7,18
83250390000000,83250859000000,469.0,4096,66,65,1278007,1278071,10224598045,10225110043,251,203213,6,1,7,18
83250890000000,83251390000000,500.0,4096,67,67,1278072,1278138,10225118047,10225646043,360,203280,6,1,7,18
83251437000000,83251921000000,484.0,4096,68,67,1278139,1278205,10225654047,10226182045,354,203348,6,1,7,18
83251968000000,83252437000000,469.0,4096,67,65,1278206,1278270,10226190044,10226702043,220,203415,6,1,7,18
83252468000000,83252968000000,500.0,4096,66,66,1278271,1278336,10226710043,10227230046,337,203481,6,1,7,18
83253015000000,83253515000000,500.0,4096,68,67,1278337,1278403,10227238043,10227766045,374,203549,6,1,7,18
83253562000000,83254046000000,484.0,4096,68,67,1278404,1278470,10227774043,10228302043,206,203617,6,1,7,18
83254062000000,83254578000000,516.0,4096,67,67,1278471,1278537,10228310044,10228838043,431,203684,6,1,7,18
83254640000000,83255125000000,485.0,4096,69,68,1278538,1278605,10228846043,10229382046,526,203753,6,1,7,18
83255187000000,83255656000000,469.0,4096,67,66,1278606,1278671,10229390045,10229910043,478,203820,6,1,7,18
83255718000000,83256187000000,469.0,4096,67,67,1278672,1278738,10229918043,10230446043,303,203887,6,1,7,18
83256234000000,83256734000000,500.0,4096,69,68,1278739,1278806,10230454043,10230990043,347,203956,6,1,7,18
83256781000000,83257265000000,484.0,4096,68,66,1278807,1278872,10230998043,10231518043,250,204024,6,1,7,18
83257296000000,83257796000000,500.0,4096,67,67,1278873,1278939,10231526047,10232054043,349,204091,6,1,7,18
83257843000000,83258328000000,485.0,4096,68,67,1278940,1279006,10232062043,10232590043,263,204159,6,1,7,18
83258359000000,83258875000000,516.0,4096,69,68,1279007,1279074,10232598043,10233134043,360,204228,6,1,7,18
83258921000000,83259406000000,485.0,4096,67,67,1279075,1279141,10233142043,10233670045,322,204295,6,1,7,18
83259453000000,83259937000000,484.0,4096,68,67,1279142,1279208,10233678046,10234206047,213,204363,6,1,7,18
83259968000000,83260484000000,516.0,4096,68,67,1279209,1279275,10234214045,10234742043,429,204431,6,1,7,18
83260531000000,83261015000000,484.0,4096,68,67,1279276,1279342,10234750043,10235278043,6730,204499,6,1,7,18
83261906000000,83261906000000,0.0,4096,67,67,1279343,1279409,10235286043,10235814043,6855,204566,6,1,7,18
83262453000000,83262453000000,0.0,4096,69,67,1279410,1279476,10235822045,10236350043,3736,204635,6,1,7,18
83262562000000,83262625000000,63.0,4096,67,66,1279477,1279542,10236358047,10236878044,554,204702,6,1,7,18
83262703000000,83263156000000,453.0,4096,67,67,1279543,1279609,10236886045,10237414045,379,204769,6,1,7,18
83263203000000,83263703000000,500.0,4096,69,68,1279610,1279677,10237422043,10237958045,511,204838,6,1,7,18
83263765000000,83264218000000,453.0,4096,67,66,1279678,1279743,10237966043,10238486046,265,204905,6,1,7,18
83264265000000,83264765000000,500.0,4096,67,67,1279744,1279810,10238494043,10239022047,354,204972,6,1,7,18
83264812000000,83265296000000,484.0,4096,68,67,1279811,1279877,10239030043,10239558045,287,205040,6,1,7,18
83265343000000,83265828000000,485.0,4096,68,67,1279878,1279944,10239566045,10240094043,312,205108,6,1,7,18
83265875000000,83266375000000,500.0,4096,67,67,1279945,1280011,10240102043,10240630043,280,205175,6,1,7,18
83266406000000,83266906000000,500.0,4096,68,67,1280012,1280078,10240638044,10241166043,232,205243,6,1,7,18
83266937000000,83267437000000,500.0,4096,68,66,1280079,1280144,10241174043,10241694045,308,205311,6,1,7,18
83267484000000,83267968000000,484.0,4096,68,67,1280145,1280211,10241702044,10242230043,347,205379,6,1,7,18
83268015000000,83268515000000,500.0,4096,68,67,1280212,1280278,10242238047,10242766043,211,205447,6,1,7,18
83268531000000,83269046000000,515.0,4096,68,67,1280279,1280345,10242774044,10243302043,295,205515,6,1,7,18
83269078000000,83269578000000,500.0,4096,67,67,1280346,1280412,10243310043,10243838043,297,205582,6,1,7,18
83269609000000,83270109000000,500.0,4096,68,67,1280413,1280479,10243846046,10244374044,316,205650,6,1,7,18
83270156000000,83270656000000,500.0,4096,68,67,1280480,1280546,10244382043,10244910044,474,205718,6,1,7,18
83270718000000,83271187000000,469.0,4096,67,67,1280547,1280613,10244918045,10245446043,294,205785,6,1,7,18
83271218000000,83271718000000,500.0,4096,68,67,1280614,1280680,10245454043,10245982043,324,205853,6,1,7,18
83271765000000,83272250000000,485.0,4096,68,66,1280681,1280746,10245990044,10246510043,266,205921,6,1,7,18
83272296000000,83272781000000,485.0,4096,67,67,1280747,1280813,10246518045,10247046043,210,205988,6,1,7,18
83272812000000,83273328000000,516.0,4096,68,67,1280814,1280880,10247054043,10247582043,264,206056,6,1,7,18
83273359000000,83273859000000,500.0,4096,68,67,1280881,1280947,10247590043,10248118044,318,206124,6,1,7,18
83273906000000,83274390000000,484.0,4096,67,67,1280948,1281014,10248126043,10248654045,230,206191,6,1,7,18
83274421000000,83274937000000,516.0,4096,69,68,1281015,1281082,10248662043,10249198043,366,206260,6,1,7,18
83274984000000,83275468000000,484.0,4096,67,66,1281083,1281148,10249206043,10249726045,381,206327,6,1,7,18
83275515000000,83276000000000,485.0,4096,67,67,1281149,1281215,10249734044,10250262043,296,206394,6,1,7,18
83276046000000,83276546000000,500.0,4096,69,68,1281216,1281283,10250270043,10250806047,296,206463,6,1,7,18
83276578000000,83277062000000,484.0,4096,67,65,1281284,1281348,10250814045,10251326043,245,206530,6,1,7,18
83277109000000,83277609000000,500.0,4096,68,68,1281349,1281416,10251334043,10251870043,188,206598,6,1,7,18
83277640000000,83278140000000,500.0,4096,68,67,1281417,1281483,10251878044,10252406043,520,206666,6,1,7,18
83278218000000,83278687000000,469.0,4096,67,66,1281484,1281549,10252414043,10252934045,628,206733,6,1,7,18
83278765000000,83279218000000,453.0,4096,68,68,1281550,1281617,10252942043,10253478045,240,206801,6,1,7,18
83279250000000,83279750000000,500.0,4096,68,67,1281618,1281684,10253486043,10254014046,360,206869,6,1,7,18
83279796000000,83280281000000,485.0,4096,67,67,1281685,1281751,10254022044,10254550043,364,206936,6,1,7,18
83280328000000,83280812000000,484.0,4096,67,66,1281752,1281817,10254558045,10255078043,319,207003,6,1,7,18
83280859000000,83281343000000,484.0,4096,67,66,1281818,1281883,10255086047,10255606043,315,207070,6,1,7,18
83281390000000,83281890000000,500.0,4096,68,68,1281884,1281951,10255614046,10256150043,6653,207138,6,1,7,18
83282750000000,83282750000000,0.0,4096,67,65,1281952,1282016,10256158043,10256670043,4877,207205,6,1,7,18
83283031000000,83283031000000,0.0,4096,67,66,1282017,1282082,10256678045,10257198043,1115,207272,6,1,7,18
83283078000000,83283468000000,390.0,4096,67,67,1282083,1282149,10257206043,10257734043,359,207339,6,1,7,18
83283515000000,83284000000000,485.0,4096,67,66,1282150,1282215,10257742046,10258262043,349,207406,6,1,7,18
83284046000000,83284515000000,469.0,4096,66,65,1282216,1282280,10258270043,10258782043,190,207472,6,1,7,18
83284546000000,83285062000000,516.0,4096,67,67,1282281,1282347,10258790043,10259318047,341,207539,6,1,7,18
83285109000000,83285578000000,469.0,4096,67,66,1282348,1282413,10259326043,10259846043,243,207606,6,1,7,18
83285625000000,83286109000000,484.0,4096,66,65,1282414,1282478,10259854045,10260366044,280,207672,6,1,7,18
83286140000000,83286656000000,516.0,4096,69,69,1282479,1282547,10260374043,10260918046,536,207741,6,1,7,18
83286734000000,83287187000000,453.0,4096,68,66,1282548,1282613,10260926043,10261446046,409,207809,6,1,7,18
83287250000000,83287718000000,468.0,4096,67,67,1282614,1282680,10261454044,10261982043,255,207876,6,1,7,18
83287765000000,83288265000000,500.0,4096,69,67,1282681,1282747,10261990043,10262518043,388,207945,6,1,7,18
83288312000000,83288796000000,484.0,4096,68,67,1282748,1282814,10262526043,10263054047,180,208013,6,1,7,18
83288812000000,83289328000000,516.0,4096,67,67,1282815,1282881,10263062043,10263590046,379,208080,6,1,7,18
83289375000000,83289875000000,500.0,4096,69,68,1282882,1282949,10263598046,10264134043,337,208149,6,1,7,18
83289921000000,83290406000000,485.0,4096,67,66,1282950,1283015,10264142046,10264662045,307,208216,6,1,7,18
83290453000000,83290937000000,484.0,4096,68,68,1283016,1283083,10264670046,10265206046,320,208284,6,1,7,18
83290984000000,83291484000000,500.0,4096,68,67,1283084,1283150,10265214045,10265742044,319,208352,6,1,7,18
83291531000000,83292015000000,484.0,4096,67,66,1283151,1283216,10265750043,10266270043,219,208419,6,1,7,18
83292046000000,83292546000000,500.0,4096,69,68,1283217,1283284,10266278043,10266814045,297,208488,6,1,7,18
83292593000000,83293093000000,500.0,4096,68,67,1283285,1283351,10266822043,10267350043,223,208556,6,1,7,18
83293125000000,83293625000000,500.0,4096,67,67,1283352,1283418,10267358043,10267886044,282,208623,6,1,7,18
83293656000000,83294156000000,500.0,4096,68,67,1283419,1283485,10267894043,10268422047,448,208691,6,1,7,18
83294218000000,83294703000000,485.0,4096,68,67,1283486,1283552,10268430043,10268958043,249,208759,6,1,7,18
83294734000000,83295234000000,500.0,4096,67,67,1283553,1283619,10268966045,10269494047,373,208826,6,1,7,18
83295281000000,83295765000000,484.0,4096,68,67,1283620,1283686,10269502043,10270030046,350,208894,6,1,7,18
83295812000000,83296312000000,500.0,4096,68,67,1283687,1283753,10270038043,10270566043,194,208962,6,1,7,18
83296328000000,83296843000000,515.0,4096,67,67,1283754,1283820,10270574044,10271102043,256,209029,6,1,7,18
83296875000000,83297375000000,500.0,4096,68,66,1283821,1283886,10271110043,10271630047,317,209097,6,1,7,18
83297421000000,83297906000000,485.0,4096,68,67,1283887,1283953,10271638043,10272166045,280,209165,6,1,7,18
83297953000000,83298437000000,484.0,4096,67,67,1283954,1284020,10272174043,10272702044,283,209232,6,1,7,18
83298484000000,83298984000000,500.0,4096,68,67,1284021,1284087,10272710044,10273238046,250,209300,6,1,7,18
83299015000000,83299515000000,500.0,4096,68,67,1284088,1284154,10273246043,10273774043,355,209368,6,1,7,18
83299562000000,83300046000000,484.0,4096,67,67,1284155,1284221,10273782043,10274310046,266,209435,6,1,7,18
83300093000000,83300593000000,500.0,4096,68,67,1284222,1284288,10274318043,10274846047,302,209503,6,1,7,18
83300625000000,83301125000000,500.0,4096,68,67,1284289,1284355,10274854046,10275382043,267,209571,6,1,7,18
83301156000000,83301656000000,500.0,4096,67,67,1284356,1284422,10275390043,10275918043,480,209638,6,1,7,18
83301718000000,83302187000000,469.0,4096,69,67,1284423,1284489,10275926047,10276454047,307,209707,6,1,7,18
83302234000000,83302718000000,484.0,4096,67,66,1284490,1284555,10276462045,10276982046,6646,209774,6,1,7,18
83303593000000,83303593000000,0.0,4096,67,67,1284556,1284622,10276990044,10277518044,2824,209841,6,1,7,18
83303625000000,83303796000000,171.0,4096,68,67,1284623,1284689,10277526045,10278054043,274,209909,6,1,7,18
83303828000000,83304328000000,500.0,4096,68,67,1284690,1284756,10278062045,10278590043,258,209977,6,1,7,18
83304375000000,83304875000000,500.0,4096,67,67,1284757,1284823,10278598044,10279126043,257,210044,6,1,7,18
83304906000000,83305406000000,500.0,4096,68,67,1284824,1284890,10279134045,10279662043,393,210112,6,1,7,18
83305453000000,83305937000000,484.0,4096,68,67,1284891,1284957,10279670047,10280198043,261,210180,6,1,7,18
83305968000000,83306484000000,516.0,4096,67,67,1284958,1285024,10280206043,10280734046,259,210247,6,1,7,18
83306515000000,83307000000000,485.0,4096,67,66,1285025,1285090,10280742044,10281262045,338,210314,6,1,7,18
83307046000000,83307531000000,485.0,4096,69,67,1285091,1285157,10281270045,10281798043,261,210383,6,1,7,18
83307578000000,83308062000000,484.0,4096,68,66,1285158,1285223,10281806043,10282326043,215,210451,6,1,7,18
83308093000000,83308593000000,500.0,4096,67,67,1285224,1285290,10282334046,10282862043,299,210518,6,1,7,18
83308640000000,83309125000000,485.0,4096,66,65,1285291,1285355,10282870045,10283382043,308,210584,6,1,7,18
83309156000000,83309640000000,484.0,4096,66,65,1285356,1285420,10283390043,10283902043,303,210650,6,1,7,18
83309687000000,83310171000000,484.0,4096,67,67,1285421,1285487,10283910043,10284438047,493,210717,6,1,7,18
83310234000000,83310718000000,484.0,4096,67,66,1285488,1285553,10284446043,10284966045,473,210784,6,1,7,18
83310765000000,83311281000000,516.0,4096,71,71,1285554,1285624,10284974043,10285534046,311,210855,6,1,7,18
83311312000000,83311843000000,531.0,4096,72,72,1285625,1285696,10285542043,10286110043,244,210927,6,1,7,18
83311890000000,83312421000000,531.0,4096,72,71,1285697,1285767,10286118043,10286678043,315,210999,6,1,7,18
83312468000000,83313000000000,532.0,4096,72,72,1285768,1285839,10286686043,10287254043,191,211071,6,1,7,18
83313015000000,83313562000000,547.0,4096,71,71,1285840,1285910,10287262045,10287822043,280,211142,6,1,7,18
83313593000000,83314125000000,532.0,4096,71,71,1285911,1285981,10287830043,10288390046,278,211213,6,1,7,18
83314171000000,83314703000000,532.0,4096,71,71,1285982,1286052,10288398047,10288958043,420,211284,6,1,7,18
83314750000000,83315250000000,500.0,4096,69,67,1286053,1286119,10288966043,10289494046,389,211353,6,1,7,18
83315296000000,83315781000000,485.0,4096,68,68,1286120,1286187,10289502043,10290038043,365,211421,6,1,7,18
83315828000000,83316312000000,484.0,4096,67,66,1286188,1286253,10290046043,10290566043,315,211488,6,1,7,18
83316343000000,83316843000000,500.0,4096,68,67,1286254,1286320,10290574047,10291102043,231,211556,6,1,7,18
83316875000000,83317375000000,500.0,4096,69,67,1286321,1286387,10291110044,10291638045,327,211625,6,1,7,18
83317421000000,83317937000000,516.0,4096,71,71,1286388,1286458,10291646043,10292206043,330,211696,6,1,7,18
83317984000000,83318515000000,531.0,4096,71,71,1286459,1286529,10292214043,10292774046,358,211767,6,1,7,18
83318562000000,83319093000000,531.0,4096,72,72,1286530,1286601,10292782043,10293350043,187,211839,6,1,7,18
83319109000000,83319656000000,547.0,4096,71,71,1286602,1286672,10293358043,10293918044,348,211910,6,1,7,18
83319703000000,83320203000000,500.0,4096,69,68,1286673,1286740,10293926043,10294462043,716,211979,6,1,7,18
83320296000000,83320750000000,454.0,4096,68,67,1286741,1286807,10294470043,10294998043,611,212047,6,1,7,18
83320812000000,83321281000000,469.0,4096,68,67,1286808,1286874,10295006044,10295534044,412,212115,6,1,7,18
83321328000000,83321812000000,484.0,4096,67,66,1286875,1286940,10295542043,10296062044,288,212182,6,1,7,18
83321843000000,83322343000000,500.0,4096,68,67,1286941,1287007,10296070043,10296598046,201,212250,6,1,7,18
83322359000000,83322875000000,516.0,4096,67,66,1287008,1287073,10296606046,10297126043,259,212317,6,1,7,18
83322906000000,83323406000000,500.0,4096,69,68,1287074,1287141,10297134047,10297670043,7080,212386,6,1,7,18
83324328000000,83324343000000,15.0,4096,67,67,1287142,1287208,10297678047,10298206044,3232,212453,6,1,7,18
83324375000000,83324484000000,109.0,4096,68,67,1287209,1287275,10298214047,10298742043,290,212521,6,1,7,18
83324515000000,83325015000000,500.0,4096,68,67,1287276,1287342,10298750043,10299278044,366,212589,6,1,7,18
83325062000000,83325546000000,484.0,4096,68,67,1287343,1287409,10299286045,10299814043,273,212657,6,1,7,18
83325593000000,83326093000000,500.0,4096,67,67,1287410,1287476,10299822043,10300350045,338,212724,6,1,7,18
83326140000000,83326625000000,485.0,4096,67,66,1287477,1287542,10300358043,10300878043,188,212791,6,1,7,18
83326640000000,83327156000000,516.0,4096,69,67,1287543,1287609,10300886043,10301414043,262,212860,6,1,7,18
83327187000000,83327687000000,500.0,4096,68,67,1287610,1287676,10301422047,10301950045,365,212928,6,1,7,18
83327734000000,83328218000000,484.0,4096,67,66,1287677,1287742,10301958047,10302478043,459,212995,6,1,7,18
83328281000000,83328765000000,484.0,4096,69,68,1287743,1287810,10302486043,10303022043,406,213064,6,1,7,18
83328812000000,83329296000000,484.0,4096,67,66,1287811,1287876,10303030043,10303550047,301,213131,6,1,7,18
83329328000000,83329828000000,500.0,4096,68,68,1287877,1287944,10303558043,10304094047,234,213199,6,1,7,18
83329859000000,83330375000000,516.0,4096,68,67,1287945,1288011,10304102043,10304630043,339,213267,6,1,7,18
83330406000000,83330906000000,500.0,4096,67,66,1288012,1288077,10304638043,10305158047,184,213334,6,1,7,18
83330921000000,83331437000000,516.0,4096,67,67,1288078,1288144,10305166047,10305694043,290,213401,6,1,7,18
83331468000000,83331984000000,516.0,4096,69,68,1288145,1288212,10305702045,10306238044,292,213470,6,1,7,18
83332015000000,83332500000000,485.0,4096,68,66,1288213,1288278,10306246043,10306766043,182,213538,6,1,7,18
83332531000000,83333031000000,500.0,4096,67,66,1288279,1288344,10306774046,10307294043,293,213605,6,1,7,18
83333078000000,83333578000000,500.0,4096,67,67,1288345,1288411,10307302043,10307830046,254,213672,6,1,7,18
83333609000000,83334109000000,500.0,4096,68,67,1288412,1288478,10307838043,10308366043,221,213740,6,1,7,18
83334140000000,83334656000000,516.0,4096,69,68,1288479,1288546,10308374043,10308910043,294,213809,6,1,7,18
83334687000000,83335187000000,500.0,4096,67,67,1288547,1288613,10308918043,10309446046,343,213876,6,1,7,18
83335234000000,83335718000000,484.0,4096,68,67,1288614,1288680,10309454046,10309982045,319,213944,6,1,7,18
83335765000000,83336250000000,485.0,4096,68,67,1288681,1288747,10309990043,10310518043,501,214012,6,1,7,18
83336328000000,83336796000000,468.0,4096,68,67,1288748,1288814,10310526044,10311054043,337,214080,6,1,7,18
83336843000000,83337328000000,485.0,4096,67,66,1288815,1288880,10311062044,10311582046,212,214147,6,1,7,18
83337359000000,83337859000000,500.0,4096,68,67,1288881,1288947,10311590044,10312118046,273,214215,6,1,7,18
83337890000000,83338390000000,500.0,4096,68,67,1288948,1289014,10312126044,10312654043,273,214283,6,1,7,18
83338437000000,83338937000000,500.0,4096,68,68,1289015,1289082,10312662043,10313198046,344,214351,6,1,7,18
83338968000000,83339468000000,500.0,4096,67,66,1289083,1289148,10313206043,10313726044,249,214418,6,1,7,18
83339500000000,83340000000000,500.0,4096,67,66,1289149,1289214,10313734046,10314254043,220,214485,6,1,7,18
83340031000000,83340531000000,500.0,4096,69,68,1289215,1289282,10314262043,10314798046,345,214554,6,1,7,18
83340578000000,83341078000000,500.0,4096,67,67,1289283,1289349,10314806043,10315334044,199,214621,6,1,7,18
83341093000000,83341609000000,516.0,4096,68,67,1289350,1289416,10315342047,10315870043,285,214689,6,1,7,18
83341640000000,83342140000000,500.0,4096,69,67,1289417,1289483,10315878043,10316406045,248,214758,6,1,7,18
83342171000000,83342687000000,516.0,4096,68,67,1289484,1289550,10316414045,10316942043,267,214826,6,1,7,18
83342718000000,83343218000000,500.0,4096,67,67,1289551,1289617,10316950045,10317478043,329,214893,6,1,7,18
83343265000000,83343750000000,485.0,4096,67,66,1289618,1289683,10317486045,10318006044,6662,214960,6,1,7,18
83344625000000,83344625000000,0.0,4096,69,68,1289684,1289751,10318014043,10318550046,2861,215029,6,1,7,18
83344671000000,83344828000000,157.0,4096,68,67,1289752,1289818,10318558046,10319086044,271,215097,6,1,7,18
83344859000000,83345359000000,500.0,4096,67,67,1289819,1289885,10319094043,10319622045,238,215164,6,1,7,18
83345390000000,83345906000000,516.0,4096,68,67,1289886,1289952,10319630046,10320158044,298,215232,6,1,7,18
83345937000000,83346437000000,500.0,4096,69,68,1289953,1290020,10320166044,10320702044,256,215301,6,1,7,18
83346468000000,83346984000000,516.0,4096,68,67,1290021,1290087,10320710044,10321238046,239,215369,6,1,7,18
83347015000000,83347515000000,500.0,4096,68,67,1290088,1290154,10321246046,10321774043,286,215437,6,1,7,18
83347546000000,83348046000000,500.0,4096,68,66,1290155,1290220,10321782043,10322302043,283,215505,6,1,7,18
83348078000000,83348578000000,500.0,4096,69,68,1290221,1290288,10322310045,10322846045,216,215574,6,1,7,18
83348609000000,83349125000000,516.0,4096,68,67,1290289,1290355,10322854043,10323382046,293,215642,6,1,7,18
83349156000000,83349656000000,500.0,4096,67,67,1290356,1290422,10323390043,10323918045,184,215709,6,1,7,18
83349687000000,83350203000000,516.0,4096,70,69,1290423,1290491,10323926047,10324470043,373,215779,6,1,7,18
83350265000000,83350781000000,516.0,4096,72,72,1290492,1290563,10324478043,10325046043,601,215851,6,1,7,18
83350875000000,83351359000000,484.0,4096,71,71,1290564,1290634,10325054043,10325614043,266,215922,6,1,7,18
83351390000000,83351921000000,531.0,4096,71,71,1290635,1290705,10325622045,10326182043,322,215993,6,1,7,18
83351968000000,83352500000000,532.0,4096,72,71,1290706,1290776,10326190043,10326750043,201,216065,6,1,7,18
83352515000000,83353062000000,547.0,4096,72,72,1290777,1290848,10326758043,10327326046,257,216137,6,1,7,18
83353109000000,83353640000000,531.0,4096,71,71,1290849,1290919,10327334043,10327894047,258,216208,6,1,7,18
83353671000000,83354203000000,532.0,4096,71,71,1290920,1290990,10327902043,10328462043,261,216279,6,1,7,18
83354234000000,83354781000000,547.0,4096,72,72,1290991,1291062,10328470043,10329038045,294,216351,6,1,7,18
83354812000000,83355359000000,547.0,4096,72,72,1291063,1291134,10329046043,10329614046,451,216423,6,1,7,18
83355421000000,83355921000000,500.0,4096,71,71,1291135,1291205,10329622047,10330182045,168,216494,6,1,7,18
83355937000000,83356468000000,531.0,4096,69,68,1291206,1291273,10330190046,10330726043,285,216563,6,1,7,18
83356500000000,83357015000000,515.0,4096,69,68,1291274,1291341,10330734043,10331270044,323,216632,6,1,7,18
83357046000000,83357546000000,500.0,4096,69,67,1291342,1291408,10331278043,10331806043,192,216701,6,1,7,18
83357578000000,83358078000000,500.0,4096,67,67,1291409,1291475,10331814047,10332342047,441,216768,6,1,7,18
83358140000000,83358609000000,469.0,4096,68,67,1291476,1291542,10332350043,10332878043,345,216836,6,1,7,18
83358656000000,83359171000000,515.0,4096,69,68,1291543,1291610,10332886043,10333422044,298,216905,6,1,7,18
83359203000000,83359734000000,531.0,4096,71,71,1291611,1291681,10333430045,10333990043,323,216976,6,1,7,18
83359781000000,83360296000000,515.0,4096,71,71,1291682,1291752,10333998043,10334558043,464,217047,6,1,7,18
83360375000000,83360875000000,500.0,4096,71,71,1291753,1291823,10334566046,10335126047,397,217118,6,1,7,18
83360921000000,83361421000000,500.0,4096,71,70,1291824,1291893,10335134043,10335686044,238,217189,6,1,7,18
83361453000000,83361984000000,531.0,4096,69,69,1291894,1291962,10335694043,10336238043,339,217258,6,1,7,18
83362031000000,83362515000000,484.0,4096,70,68,1291963,1292030,10336246043,10336782043,302,217328,6,1,7,18
83362562000000,83363062000000,500.0,4096,68,67,1292031,1292097,10336790043,10337318043,194,217396,6,1,7,18
83363078000000,83363593000000,515.0,4096,67,67,1292098,1292164,10337326044,10337854043,248,217463,6,1,7,18
83363640000000,83364140000000,500.0,4096,68,67,1292165,1292231,10337862043,10338390044,6740,217531,6,1,7,18
83365015000000,83365015000000,0.0,4096,69,68,1292232,1292299,10338398043,10338934043,2957,217600,6,1,7,18
83365046000000,83365203000000,157.0,4096,68,67,1292300,1292366,10338942043,10339470043,336,217668,6,1,7,18
83365250000000,83365750000000,500.0,4096,67,67,1292367,1292433,10339478046,10340006045,321,217735,6,1,7,18
83365781000000,83366281000000,500.0,4096,68,67,1292434,1292500,10340014043,10340542047,191,217803,6,1,7,18
83366312000000,83366828000000,516.0,4096,68,67,1292501,1292567,10340550043,10341078045,375,217871,6,1,7,18
83366875000000,83367343000000,468.0,4096,68,66,1292568,1292633,10341086043,10341606043,427,217939,6,1,7,18
83367406000000,83367875000000,469.0,4096,68,67,1292634,1292700,10341614043,10342142043,473,218007,6,1,7,18
83367937000000,83368421000000,484.0,4096,68,67,1292701,1292767,10342150043,10342678043,384,218075,6,1,7,18
83368468000000,83368953000000,485.0,4096,68,67,1292768,1292834,10342686043,10343214045,327,218143,6,1,7,18
83369000000000,83369484000000,484.0,4096,67,66,1292835,1292900,10343222043,10343742047,204,218210,6,1,7,18
83369515000000,83370031000000,516.0,4096,68,68,1292901,1292968,10343750043,10344286044,242,218278,6,1,7,18
83370062000000,83370562000000,500.0,4096,67,66,1292969,1293034,10344294043,10344814043,260,218345,6,1,7,18
83370593000000,83371078000000,485.0,4096,67,66,1293035,1293100,10344822043,10345342047,350,218412,6,1,7,18
83371125000000,83371625000000,500.0,4096,67,67,1293101,1293167,10345350047,10345878043,290,218479,6,1,7,18
83371656000000,83372140000000,484.0,4096,66,64,1293168,1293231,10345886043,10346390043,288,218545,6,1,7,18
83372171000000,83372656000000,485.0,4096,67,66,1293232,1293297,10346398043,10346918045,298,218612,6,1,7,18
83372703000000,83373187000000,484.0,4096,67,67,1293298,1293364,10346926043,10347454043,283,218679,6,1,7,18
83373234000000,83373718000000,484.0,4096,66,65,1293365,1293429,10347462045,10347974043,186,218745,6,1,7,18
83373734000000,83374250000000,516.0,4096,67,66,1293430,1293495,10347982043,10348502043,328,218812,6,1,7,18
83374281000000,83374781000000,500.0,4096,67,67,1293496,1293562,10348510047,10349038045,241,218879,6,1,7,18
83374812000000,83375312000000,500.0,4096,67,66,1293563,1293628,10349046043,10349566043,366,218946,6,1,7,18
83375359000000,83375843000000,484.0,4096,68,67,1293629,1293695,10349574043,10350102043,243,219014,6,1,7,18
83375875000000,83376375000000,500.0,4096,68,67,1293696,1293762,10350110044,10350638044,198,219082,6,1,7,18
83376406000000,83376921000000,515.0,4096,67,67,1293763,1293829,10350646043,10351174043,504,219149,6,1,7,18
83376984000000,83377453000000,469.0,4096,69,67,1293830,1293896,10351182043,10351710046,405,219218,6,1,7,18
83377500000000,83377984000000,484.0,4096,67,66,1293897,1293962,10351718043,10352238047,208,219285,6,1,7,18
83378000000000,83378515000000,515.0,4096,67,67,1293963,1294029,10352246043,10352774047,369,219352,6,1,7,18
83378562000000,83379046000000,484.0,4096,67,66,1294030,1294095,10352782047,10353302047,229,219419,6,1,7,18
83379078000000,83379578000000,500.0,4096,68,67,1294096,1294162,10353310044,10353838043,350,219487,6,1,7,18
83379625000000,83380125000000,500.0,4096,68,68,1294163,1294230,10353846043,10354382046,355,219555,6,1,7,18
83380171000000,83380656000000,485.0,4096,68,67,1294231,1294297,10354390044,10354918046,311,219623,6,1,7,18
83380703000000,83381218000000,515.0,4096,70,70,1294298,1294367,10354926044,10355478043,343,219693,6,1,7,18
83381265000000,83381796000000,531.0,4096,72,72,1294368,1294439,10355486043,10356054045,277,219765,6,1,7,18
83381828000000,83382359000000,531.0,4096,72,71,1294440,1294510,10356062043,10356622045,259,219837,6,1,7,18
83382390000000,83382921000000,531.0,4096,71,71,1294511,1294581,10356630043,10357190043,336,219908,6,1,7,18
83382968000000,83383515000000,547.0,4096,72,72,1294582,1294653,10357198043,10357766043,333,219980,6,1,7,18
83383546000000,83384078000000,532.0,4096,71,71,1294654,1294724,10357774047,10358334043,275,220051,6,1,7,18
83384109000000,83384656000000,547.0,4096,72,72,1294725,1294796,10358342043,10358910043,4945,220123,6,1,7,18
83385343000000,83385343000000,0.0,4096,72,72,1294797,1294868,10358918043,10359486045,2771,220195,6,1,7,18
83385609000000,83385781000000,172.0,4096,71,71,1294869,1294939,10359494045,10360054043,232,220266,6,1,7,18
83385828000000,83386375000000,547.0,4096,72,72,1294940,1295011,10360062043,10360630043,191,220338,6,1,7,18
83386390000000,83386937000000,547.0,4096,71,71,1295012,1295082,10360638046,10361198047,419,220409,6,1,7,18
83387000000000,83387515000000,515.0,4096,72,71,1295083,1295153,10361206045,10361766043,329,220481,6,1,7,18
83387562000000,83388078000000,516.0,4096,72,71,1295154,1295224,10361774043,10362334046,319,220553,6,1,7,18
83388125000000,83388640000000,515.0,4096,71,71,1295225,1295295,10362342043,10362902043,362,220624,6,1,7,18
83388687000000,83389218000000,531.0,4096,72,72,1295296,1295367,10362910043,10363478052,306,220696,6,1,7,18
83389265000000,83389781000000,516.0,4096,71,71,1295368,1295438,10363486043,10364046043,217,220767,6,1,7,18
83389812000000,83390359000000,547.0,4096,72,72,1295439,1295510,10364054043,10364622043,370,220839,6,1,7,18
83390406000000,83390921000000,515.0,4096,70,70,1295511,1295580,10364630043,10365182046,279,220909,6,1,7,18
83390968000000,83391500000000,532.0,4096,73,73,1295581,1295653,10365190043,10365766047,311,220982,6,1,7,18
83391546000000,83392062000000,516.0,4096,70,69,1295654,1295722,10365774043,10366318043,298,221052,6,1,7,18
83392109000000,83392640000000,531.0,4096,72,72,1295723,1295794,10366326043,10366894046,183,221124,6,1,7,18
83392656000000,83393203000000,547.0,4096,72,72,1295795,1295866,10366902044,10367470044,280,221196,6,1,7,18
83393250000000,83393765000000,515.0,4096,70,69,1295867,1295935,10367478046,10368022046,250,221266,6,1,7,18
83393796000000,83394328000000,532.0,4096,70,70,1295936,1296005,10368030043,10368582044,389,221336,6,1,7,18
83394375000000,83394859000000,484.0,4096,68,68,1296006,1296073,10368590043,10369126043,187,221404,6,1,7,18
83394890000000,83395406000000,516.0,4096,68,67,1296074,1296140,10369134047,10369662043,421,221472,6,1,7,18
83395453000000,83395937000000,484.0,4096,68,67,1296141,1296207,10369670043,10370198043,435,221540,6,1,7,18
83396000000000,83396484000000,484.0,4096,67,67,1296208,1296274,10370206043,10370734046,367,221607,6,1,7,18
83396531000000,83397015000000,484.0,4096,69,68,1296275,1296342,10370742046,10371278043,306,221676,6,1,7,18
83397062000000,83397546000000,484.0,4096,68,66,1296343,1296408,10371286044,10371806043,345,221744,6,1,7,18
83397593000000,83398078000000,485.0,4096,68,68,1296409,1296476,10371814043,10372350043,280,221812,6,1,7,18
83398125000000,83398625000000,500.0,4096,68,67,1296477,1296543,10372358043,10372886043,329,221880,6,1,7,18
83398671000000,83399156000000,485.0,4096,67,67,1296544,1296610,10372894043,10373422043,188,221947,6,1,7,18
83399187000000,83399703000000,516.0,4096,68,67,1296611,1296677,10373430043,10373958043,349,222015,6,1,7,18
83399750000000,83400234000000,484.0,4096,68,67,1296678,1296744,10373966043,10374494043,319,222083,6,1,7,18
83400281000000,83400781000000,500.0,4096,67,67,1296745,1296811,10374502043,10375030043,285,222150,6,1,7,18
83400812000000,83401312000000,500.0,4096,68,67,1296812,1296878,10375038046,10375566047,280,222218,6,1,7,18
83401343000000,83401843000000,500.0,4096,67,67,1296879,1296945,10375574043,10376102045,353,222285,6,1,7,18
83401890000000,83402375000000,485.0,4096,69,67,1296946,1297012,10376110043,10376638043,217,222354,6,1,7,18
83402406000000,83402906000000,500.0,4096,67,66,1297013,1297078,10376646043,10377166043,270,222421,6,1,7,18
83402937000000,83403453000000,516.0,4096,68,68,1297079,1297146,10377174043,10377710043,302,222489,6,1,7,18
83403484000000,83403984000000,500.0,4096,68,67,1297147,1297213,10377718043,10378246043,260,222557,6,1,7,18
83404031000000,83404531000000,500.0,4096,67,67,1297214,1297280,10378254046,10378782043,5293,222624,6,1,7,18
83405218000000,83405218000000,0.0,4096,68,67,1297281,1297347,10378790045,10379318045,3051,222692,6,1,7,18
83405468000000,83405593000000,125.0,4096,67,67,1297348,1297414,10379326043,10379854043,404,222759,6,1,7,18
83405640000000,83406140000000,500.0,4096,68,67,1297415,1297481,10379862043,10380390043,314,222827,6,1,7,18
83406171000000,83406671000000,500.0,4096,68,67,1297482,1297548,10380398044,10380926043,208,222895,6,1,7,18
83406687000000,83407203000000,516.0,4096,68,67,1297549,1297615,10380934047,10381462043,270,222963,6,1,7,18
83407234000000,83407734000000,500.0,4096,67,66,1297616,1297681,10381470046,10381990043,311,223030,6,1,7,18
83407781000000,83408265000000,484.0,4096,68,67,1297682,1297748,10381998043,10382526043,272,223098,6,1,7,18
83408296000000,83408796000000,500.0,4096,68,67,1297749,1297815,10382534043,10383062043,275,223166,6,1,7,18
83408843000000,83409328000000,485.0,4096,67,66,1297816,1297881,10383070043,10383590047,279,223233,6,1,7,18
83409359000000,83409875000000,516.0,4096,68,68,1297882,1297949,10383598044,10384134044,297,223301,6,1,7,18
83409906000000,83410406000000,500.0,4096,68,67,1297950,1298016,10384142045,10384670045,363,223369,6,1,7,18
83410453000000,83410937000000,484.0,4096,66,66,1298017,1298082,10384678044,10385198043,220,223435,6,1,7,18
83410968000000,83411484000000,516.0,4096,69,68,1298083,1298150,10385206043,10385742043,372,223504,6,1,7,18
83411531000000,83412015000000,484.0,4096,68,67,1298151,1298217,10385750043,10386278043,488,223572,6,1,7,18
83412078000000,83412546000000,468.0,4096,67,66,1298218,1298283,10386286043,10386806043,177,223639,6,1,7,18
83412578000000,83413078000000,500.0,4096,68,67,1298284,1298350,10386814046,10387342043,266,223707,6,1,7,18
83413125000000,83413625000000,500.0,4096,68,68,1298351,1298418,10387350047,10387886046,248,223775,6,1,7,18
83413656000000,83414156000000,500.0,4096,67,66,1298419,1298484,10387894047,10388414044,198,223842,6,1,7,18
83414187000000,83414671000000,484.0,4096,66,65,1298485,1298549,10388422043,10388934044,255,223908,6,1,7,18
83414718000000,83415218000000,500.0,4096,68,68,1298550,1298617,10388942046,10389478043,297,223976,6,1,7,18
83415250000000,83415734000000,484.0,4096,66,65,1298618,1298682,10389486046,10389998044,289,224042,6,1,7,18
83415781000000,83416296000000,515.0,4096,70,70,1298683,1298752,10390006043,10390558043,273,224112,6,1,7,18
83416343000000,83416875000000,532.0,4096,72,72,1298753,1298824,10390566043,10391134046,275,224184,6,1,7,18
83416906000000,83417437000000,531.0,4096,72,71,1298825,1298895,10391142046,10391702043,208,224256,6,1,7,18
83417468000000,83418000000000,532.0,4096,70,70,1298896,1298965,10391710044,10392262047,228,224326,6,1,7,18
83418046000000,83418578000000,532.0,4096,72,71,1298966,1299036,10392270043,10392830043,329,224398,6,1,7,18
83418625000000,83419140000000,515.0,4096,72,72,1299037,1299108,10392838043,10393406043,252,224470,6,1,7,18
83419187000000,83419718000000,531.0,4096,71,71,1299109,1299179,10393414047,10393974043,254,224541,6,1,7,18
83419750000000,83420296000000,546.0,4096,72,72,1299180,1299251,10393982043,10394550046,304,224613,6,1,7,18
83420328000000,83420859000000,531.0,4096,71,71,1299252,1299322,10394558043,10395118043,211,224684,6,1,7,18
83420890000000,83421421000000,531.0,4096,71,71,1299323,1299393,10395126043,10395686044,323,224755,6,1,7,18
83421468000000,83422000000000,532.0,4096,71,71,1299394,1299464,10395694043,10396254043,276,224826,6,1,7,18
83422031000000,83422546000000,515.0,4096,71,69,1299465,1299533,10396262045,10396806046,307,224897,6,1,7,18
83422593000000,83423093000000,500.0,4096,70,69,1299534,1299602,10396814043,10397358045,359,224967,6,1,7,18
83423140000000,83423625000000,485.0,4096,68,67,1299603,1299669,10397366043,10397894043,327,225035,6,1,7,18
83423671000000,83424171000000,500.0,4096,67,67,1299670,1299736,10397902043,10398430045,279,225102,6,1,7,18
83424203000000,83424718000000,515.0,4096,70,69,1299737,1299805,10398438043,10398982043,247,225172,6,1,7,18
83424750000000,83425281000000,531.0,4096,70,70,1299806,1299875,10398990043,10399542043,5194,225242,6,1,7,18
83426015000000,83426031000000,16.0,4096,72,72,1299876,1299947,10399550045,10400118043,2976,225314,6,1,7,18
83426265000000,83426421000000,156.0,4096,72,72,1299948,1300019,10400126043,10400694043,336,225386,6,1,7,18
83426484000000,83427000000000,516.0,4096,71,71,1300020,1300090,10400702043,10401262043,327,225457,6,1,7,18
83427046000000,83427562000000,516.0,4096,71,70,1300091,1300160,10401270043,10401822045,289,225528,6,1,7,18
83427609000000,83428125000000,516.0,4096,72,71,1300161,1300231,10401830043,10402390047,292,225600,6,1,7,18
83428171000000,83428703000000,532.0,4096,71,71,1300232,1300302,10402398043,10402958043,328,225671,6,1,7,18
83428750000000,83429265000000,515.0,4096,71,70,1300303,1300372,10402966045,10403518043,286,225742,6,1,7,18
83429296000000,83429828000000,532.0,4096,72,72,1300373,1300444,10403526046,10404094043,329,225814,6,1,7,18
83429875000000,83430406000000,531.0,4096,71,71,1300445,1300515,10404102043,10404662043,231,225885,6,1,7,18
83430437000000,83430984000000,547.0,4096,72,72,1300516,1300587,10404670044,10405238043,266,225957,6,1,7,18
83431015000000,83431531000000,516.0,4096,71,70,1300588,1300657,10405246043,10405798046,261,226028,6,1,7,18
83431578000000,83432078000000,500.0,4096,69,68,1300658,1300725,10405806043,10406342043,476,226097,6,1,7,18
83432140000000,83432625000000,485.0,4096,68,67,1300726,1300792,10406350043,10406878043,225,226165,6,1,7,18
83432640000000,83433156000000,516.0,4096,68,67,1300793,1300859,10406886046,10407414043,329,226233,6,1,7,18
83433203000000,83433703000000,500.0,4096,69,68,1300860,1300927,10407422043,10407958043,335,226302,6,1,7,18
83433734000000,83434234000000,500.0,4096,68,67,1300928,1300994,10407966046,10408494043,254,226370,6,1,7,18
83434265000000,83434765000000,500.0,4096,68,67,1300995,1301061,10408502043,10409030044,328,226438,6,1,7,18
83434812000000,83435312000000,500.0,4096,68,67,1301062,1301128,10409038043,10409566043,275,226506,6,1,7,18
83435343000000,83435843000000,500.0,4096,67,67,1301129,1301195,10409574043,10410102043,328,226573,6,1,7,18
83435890000000,83436375000000,485.0,4096,68,67,1301196,1301262,10410110047,10410638046,344,226641,6,1,7,18
83436421000000,83436921000000,500.0,4096,69,68,1301263,1301330,10410646047,10411182043,275,226710,6,1,7,18
83436953000000,83437453000000,500.0,4096,68,66,1301331,1301396,10411190043,10411710043,330,226778,6,1,7,18
83437500000000,83437984000000,484.0,4096,68,67,1301397,1301463,10411718043,10412246045,337,226846,6,1,7,18
83438031000000,83438531000000,500.0,4096,68,67,1301464,1301530,10412254043,10412782043,196,226914,6,1,7,18
83438546000000,83439062000000,516.0,4096,68,67,1301531,1301597,10412790047,10413318043,474,226982,6,1,7,18
83439125000000,83439609000000,484.0,4096,68,68,1301598,1301665,10413326043,10413862044,417,227050,6,1,7,18
83439656000000,83440140000000,484.0,4096,69,68,1301666,1301733,10413870046,10414406047,273,227119,6,1,7,18
83440171000000,83440687000000,516.0,4096,68,67,1301734,1301800,10414414043,10414942045,383,227187,6,1,7,18
83440734000000,83441218000000,484.0,4096,67,66,1301801,1301866,10414950043,10415470045,229,227254,6,1,7,18
83441250000000,83441750000000,500.0,4096,68,67,1301867,1301933,10415478043,10416006047,303,227322,6,1,7,18
83441781000000,83442296000000,515.0,4096,69,68,1301934,1302001,10416014043,10416550043,329,227391,6,1,7,18
83442328000000,83442828000000,500.0,4096,67,66,1302002,1302067,10416558045,10417078043,299,227458,6,1,7,18
83442859000000,83443343000000,484.0,4096,67,66,1302068,1302133,10417086044,10417606043,217,227525,6,1,7,18
83443375000000,83443875000000,500.0,4096,67,66,1302134,1302199,10417614043,10418134043,308,227592,6,1,7,18
83443921000000,83444406000000,485.0,4096,67,67,1302200,1302266,10418142046,10418670043,235,227659,6,1,7,18
83444437000000,83444937000000,500.0,4096,66,65,1302267,1302331,10418678045,10419190043,319,227725,6,1,7,18
83444968000000,83445453000000,485.0,4096,67,66,1302332,1302397,10419198047,10419718043,311,227792,6,1,7,18
83445500000000,83445984000000,484.0,4096,66,65,1302398,1302462,10419726043,10420238043,4846,227858,6,1,7,18
83446609000000,83446609000000,0.0,4096,67,67,1302463,1302529,10420246043,10420774044,2827,227925,6,1,7,18
83446875000000,83447046000000,171.0,4096,67,66,1302530,1302595,10420782043,10421302046,299,227992,6,1,7,18
83447078000000,83447593000000,515.0,4096,70,69,1302596,1302664,10421310043,10421854043,431,228062,6,1,7,18
83447656000000,83448156000000,500.0,4096,72,71,1302665,1302735,10421862043,10422422043,277,228134,6,1,7,18
83448203000000,83448734000000,531.0,4096,72,72,1302736,1302807,10422430043,10422998043,282,228206,6,1,7,18
83448781000000,83449312000000,531.0,4096,72,72,1302808,1302879,10423006046,10423574043,275,228278,6,1,7,18
83449343000000,83449875000000,532.0,4096,70,70,1302880,1302949,10423582047,10424134043,244,228348,6,1,7,18
83449906000000,83450453000000,547.0,4096,71,71,1302950,1303020,10424142044,10424702046,396,228419,6,1,7,18
83450500000000,83451015000000,515.0,4096,72,71,1303021,1303091,10424710043,10425270047,260,228491,6,1,7,18
83451046000000,83451546000000,500.0,4096,69,68,1303092,1303159,10425278043,10425814043,278,228560,6,1,7,18
83451593000000,83452093000000,500.0,4096,68,67,1303160,1303226,10425822047,10426350047,323,228628,6,1,7,18
83452125000000,83452625000000,500.0,4096,68,67,1303227,1303293,10426358046,10426886047,513,228696,6,1,7,18
83452703000000,83453171000000,468.0,4096,69,68,1303294,1303361,10426894043,10427430044,302,228765,6,1,7,18
83453203000000,83453703000000,500.0,4096,66,66,1303362,1303427,10427438043,10427958043,412,228831,6,1,7,18
83453750000000,83454234000000,484.0,4096,69,68,1303428,1303495,10427966045,10428502043,304,228900,6,1,7,18
83454281000000,83454781000000,500.0,4096,68,67,1303496,1303562,10428510043,10429038045,210,228968,6,1,7,18
83454812000000,83455312000000,500.0,4096,68,67,1303563,1303629,10429046044,10429574043,438,229036,6,1,7,18
83455375000000,83455859000000,484.0,4096,67,67,1303630,1303696,10429582045,10430110043,383,229103,6,1,7,18
83455906000000,83456390000000,484.0,4096,69,68,1303697,1303764,10430118043,10430654043,277,229172,6,1,7,18
83456421000000,83456921000000,500.0,4096,67,66,1303765,1303830,10430662045,10431182043,268,229239,6,1,7,18
83456953000000,83457453000000,500.0,4096,68,67,1303831,1303897,10431190043,10431718043,415,229307,6,1,7,18
83457515000000,83458000000000,485.0,4096,68,67,1303898,1303964,10431726043,10432254043,186,229375,6,1,7,18
83458015000000,83458531000000,516.0,4096,68,67,1303965,1304031,10432262043,10432790046,316,229443,6,1,7,18
83458578000000,83459062000000,484.0,4096,67,67,1304032,1304098,10432798043,10433326047,284,229510,6,1,7,18
83459093000000,83459609000000,516.0,4096,68,67,1304099,1304165,10433334043,10433862047,337,229578,6,1,7,18
83459640000000,83460140000000,500.0,4096,68,67,1304166,1304232,10433870044,10434398046,469,229646,6,1,7,18
83460203000000,83460671000000,468.0,4096,67,67,1304233,1304299,10434406043,10434934043,354,229713,6,1,7,18
83460718000000,83461218000000,500.0,4096,69,68,1304300,1304367,10434942046,10435478047,323,229782,6,1,7,18
83461265000000,83461750000000,485.0,4096,68,67,1304368,1304434,10435486043,10436014043,259,229850,6,1,7,18
83461796000000,83462281000000,485.0,4096,67,66,1304435,1304500,10436022044,10436542043,236,229917,6,1,7,18
83462312000000,83462828000000,516.0,4096,69,68,1304501,1304568,10436550043,10437086043,324,229986,6,1,7,18
83462875000000,83463359000000,484.0,4096,68,67,1304569,1304635,10437094043,10437622044,261,230054,6,1,7,18
83463390000000,83463890000000,500.0,4096,66,66,1304636,1304701,10437630046,10438150043,291,230120,6,1,7,18
83463921000000,83464421000000,500.0,4096,68,67,1304702,1304768,10438158045,10438686043,299,230188,6,1,7,18
83464468000000,83464968000000,500.0,4096,69,68,1304769,1304836,10438694043,10439230043,211,230257,6,1,7,18
83465000000000,83465500000000,500.0,4096,67,66,1304837,1304902,10439238047,10439758043,353,230324,6,1,7,18
83465546000000,83466031000000,485.0,4096,67,67,1304903,1304969,10439766046,10440294045,266,230391,6,1,7,18
83466078000000,83466562000000,484.0,4096,68,67,1304970,1305036,10440302045,10440830043,4581,230459,6,1,7,18
83467171000000,83467171000000,0.0,4096,69,67,1305037,1305103,10440838044,10441366045,2457,230528,6,1,7,18
83467421000000,83467640000000,219.0,4096,67,67,1305104,1305170,10441374044,10441902047,321,230595,6,1,7,18
83467687000000,83468171000000,484.0,4096,68,66,1305171,1305236,10441910047,10442430043,358,230663,6,1,7,18
83468218000000,83468703000000,485.0,4096,68,67,1305237,1305303,10442438043,10442966044,370,230731,6,1,7,18
83468750000000,83469250000000,500.0,4096,68,67,1305304,1305370,10442974047,10443502043,249,230799,6,1,7,18
83469281000000,83469781000000,500.0,4096,68,68,1305371,1305438,10443510043,10444046043,315,230867,6,1,7,18
83469828000000,83470312000000,484.0,4096,67,66,1305439,1305504,10444054045,10444574043,334,230934,6,1,7,18
83470359000000,83470859000000,500.0,4096,69,68,1305505,1305572,10444582043,10445118043,216,231003,6,1,7,18
83470890000000,83471390000000,500.0,4096,68,67,1305573,1305639,10445126043,10445654043,286,231071,6,1,7,18
83471437000000,83471937000000,500.0,4096,67,67,1305640,1305706,10445662047,10446190045,280,231138,6,1,7,18
83471968000000,83472453000000,485.0,4096,67,65,1305707,1305771,10446198046,10446710047,183,231205,6,1,7,18
83472468000000,83473015000000,547.0,4096,70,70,1305772,1305841,10446718044,10447270043,337,231275,6,1,7,18
83473046000000,83473578000000,532.0,4096,71,71,1305842,1305912,10447278043,10447838043,274,231346,6,1,7,18
83473625000000,83474156000000,531.0,4096,72,72,1305913,1305984,10447846043,10448414046,347,231418,6,1,7,18
83474203000000,83474734000000,531.0,4096,72,72,1305985,1306056,10448422043,10448990043,363,231490,6,1,7,18
83474781000000,83475296000000,515.0,4096,71,71,1306057,1306127,10448998043,10449558043,283,231561,6,1,7,18
83475343000000,83475875000000,532.0,4096,72,72,1306128,1306199,10449566043,10450134043,300,231633,6,1,7,18
83475906000000,83476437000000,531.0,4096,70,70,1306200,1306269,10450142043,10450694043,229,231703,6,1,7,18
83476468000000,83477015000000,547.0,4096,72,72,1306270,1306341,10450702044,10451270043,455,231775,6,1,7,18
83477062000000,83477578000000,516.0,4096,72,71,1306342,1306412,10451278043,10451838043,265,231847,6,1,7,18
83477609000000,83478140000000,531.0,4096,71,71,1306413,1306483,10451846045,10452406043,430,231918,6,1,7,18
83478203000000,83478718000000,515.0,4096,71,71,1306484,1306554,10452414047,10452974043,297,231989,6,1,7,18
83478765000000,83479265000000,500.0,4096,70,69,1306555,1306623,10452982043,10453526043,367,232059,6,1,7,18
83479312000000,83479812000000,500.0,4096,69,69,1306624,1306692,10453534043,10454078043,334,232128,6,1,7,18
83479859000000,83480359000000,500.0,4096,69,68,1306693,1306760,10454086044,10454622043,420,232197,6,1,7,18
83480421000000,83480890000000,469.0,4096,67,67,1306761,1306827,10454630043,10455158043,211,232264,6,1,7,18
83480921000000,83481437000000,516.0,4096,68,67,1306828,1306894,10455166045,10455694043,425,232332,6,1,7,18
83481484000000,83481968000000,484.0,4096,68,67,1306895,1306961,10455702043,10456230043,261,232400,6,1,7,18
83482015000000,83482500000000,485.0,4096,68,67,1306962,1307028,10456238044,10456766044,349,232468,6,1,7,18
83482546000000,83483046000000,500.0,4096,68,67,1307029,1307095,10456774044,10457302045,401,232536,6,1,7,18
83483093000000,83483578000000,485.0,4096,68,67,1307096,1307162,10457310045,10457838043,238,232604,6,1,7,18
83483609000000,83484125000000,516.0,4096,67,67,1307163,1307229,10457846044,10458374045,331,232671,6,1,7,18
83484156000000,83484656000000,500.0,4096,68,67,1307230,1307296,10458382043,10458910043,391,232739,6,1,7,18
83484703000000,83485187000000,484.0,4096,68,67,1307297,1307363,10458918044,10459446043,182,232807,6,1,7,18
83485218000000,83485718000000,500.0,4096,67,67,1307364,1307430,10459454045,10459982043,573,232874,6,1,7,18
83485812000000,83486265000000,453.0,4096,69,68,1307431,1307498,10459990043,10460526043,5331,232943,6,1,7,18
83486968000000,83486968000000,0.0,4096,68,67,1307499,1307565,10460534045,10461062047,1511,233011,6,1,7,18
83487000000000,83487343000000,343.0,4096,68,67,1307566,1307632,10461070043,10461598046,1615,233079,6,1,7,18
83487546000000,83487875000000,329.0,4096,68,66,1307633,1307698,10461606043,10462126044,286,233147,6,1,7,18
83487906000000,83488406000000,500.0,4096,67,67,1307699,1307765,10462134043,10462662043,216,233214,6,1,7,18
83488421000000,83488937000000,516.0,4096,68,67,1307766,1307832,10462670044,10463198043,1002,233282,6,1,7,18
83489078000000,83489468000000,390.0,4096,68,67,1307833,1307899,10463206045,10463734043,268,233350,6,1,7,18
83489515000000,83490015000000,500.0,4096,67,67,1307900,1307966,10463742047,10464270043,208,233417,6,1,7,18
83490031000000,83490546000000,515.0,4096,69,68,1307967,1308034,10464278043,10464814046,317,233486,6,1,7,18
83490593000000,83491078000000,485.0,4096,67,66,1308035,1308100,10464822043,10465342047,186,233553,6,1,7,18
83491109000000,83491625000000,516.0,4096,68,68,1308101,1308168,10465350043,10465886047,286,233621,6,1,7,18
83491656000000,83492156000000,500.0,4096,69,67,1308169,1308235,10465894043,10466422043,313,233690,6,1,7,18
83492203000000,83492687000000,484.0,4096,67,66,1308236,1308301,10466430047,10466950044,204,233757,6,1,7,18
83492718000000,83493234000000,516.0,4096,68,68,1308302,1308369,10466958043,10467494043,425,233825,6,1,7,18
83493296000000,83493781000000,485.0,4096,68,67,1308370,1308436,10467502043,10468030043,482,233893,6,1,7,18
83493828000000,83494312000000,484.0,4096,67,67,1308437,1308503,10468038043,10468566045,314,233960,6,1,7,18
83494343000000,83494843000000,500.0,4096,69,68,1308504,1308571,10468574046,10469110044,248,234029,6,1,7,18
83494875000000,83495375000000,500.0,4096,67,66,1308572,1308637,10469118043,10469638043,401,234096,6,1,7,18
83495421000000,83495921000000,500.0,4096,68,68,1308638,1308705,10469646043,10470182043,241,234164,6,1,7,18
83495953000000,83496453000000,500.0,4096,68,67,1308706,1308772,10470190045,10470718043,323,234232,6,1,7,18
83496500000000,83497000000000,500.0,4096,67,67,1308773,1308839,10470726043,10471254044,373,234299,6,1,7,18
83497031000000,83497531000000,500.0,4096,68,66,1308840,1308905,10471262045,10471782043,205,234367,6,1,7,18
83497546000000,83498062000000,516.0,4096,68,67,1308906,1308972,10471790043,10472318047,261,234435,6,1,7,18
83498093000000,83498593000000,500.0,4096,67,67,1308973,1309039,10472326046,10472854043,189,234502,6,1,7,18
83498625000000,83499140000000,515.0,4096,69,68,1309040,1309107,10472862046,10473398043,618,234571,6,1,7,18
83499218000000,83499671000000,453.0,4096,68,67,1309108,1309174,10473406047,10473934045,308,234639,6,1,7,18
83499718000000,83500203000000,485.0,4096,67,67,1309175,1309241,10473942046,10474470047,250,234706,6,1,7,18
83500250000000,83500750000000,500.0,4096,68,67,1309242,1309308,10474478043,10475006043,716,234774,6,1,7,18
83500843000000,83501281000000,438.0,4096,68,67,1309309,1309375,10475014043,10475542045,453,234842,6,1,7,18
83501343000000,83501828000000,485.0,4096,67,67,1309376,1309442,10475550047,10476078043,274,234909,6,1,7,18
83501859000000,83502375000000,516.0,4096,71,69,1309443,1309511,10476086046,10476630043,268,234980,6,1,7,18
83502406000000,83502937000000,531.0,4096,71,71,1309512,1309582,10476638046,10477198043,259,235051,6,1,7,18
83502984000000,83503515000000,531.0,4096,71,71,1309583,1309653,10477206046,10477766043,307,235122,6,1,7,18
83503546000000,83504078000000,532.0,4096,72,72,1309654,1309725,10477774043,10478342043,212,235194,6,1,7,18
83504109000000,83504656000000,547.0,4096,71,71,1309726,1309796,10478350044,10478910043,269,235265,6,1,7,18
83504687000000,83505218000000,531.0,4096,71,71,1309797,1309867,10478918043,10479478043,256,235336,6,1,7,18
83505250000000,83505781000000,531.0,4096,71,71,1309868,1309938,10479486043,10480046043,480,235407,6,1,7,18
83505859000000,83506359000000,500.0,4096,71,71,1309939,1310009,10480054045,10480614043,235,235478,6,1,7,18
83506390000000,83506890000000,500.0,4096,69,68,1310010,1310077,10480622044,10481158043,5685,235547,6,1,7,18
83507640000000,83507656000000,16.0,4096,69,67,1310078,1310144,10481166043,10481694043,3694,235616,6,1,7,18
83507921000000,83507968000000,47.0,4096,68,67,1310145,1310211,10481702043,10482230043,247,235684,6,1,7,18
83508000000000,83508500000000,500.0,4096,67,66,1310212,1310277,10482238043,10482758043,300,235751,6,1,7,18
83508546000000,83509031000000,485.0,4096,68,67,1310278,1310344,10482766043,10483294043,298,235819,6,1,7,18
83509078000000,83509578000000,500.0,4096,68,68,1310345,1310412,10483302043,10483838044,215,235887,6,1,7,18
83509609000000,83510109000000,500.0,4096,67,66,1310413,1310478,10483846045,10484366043,394,235954,6,1,7,18
83510156000000,83510640000000,484.0,4096,67,66,1310479,1310544,10484374043,10484894043,319,236021,6,1,7,18
83510671000000,83511171000000,500.0,4096,67,67,1310545,1310611,10484902046,10485430044,249,236088,6,1,7,18
83511203000000,83511687000000,484.0,4096,66,65,1310612,1310676,10485438043,10485950045,297,236154,6,1,7,18
83511734000000,83512234000000,500.0,4096,68,67,1310677,1310743,10485958047,10486486043,213,236222,6,1,7,18
83512250000000,83512750000000,500.0,4096,67,66,1310744,1310809,10486494046,10487014045,611,236289,6,1,7,18
83512843000000,83513312000000,469.0,4096,70,70,1310810,1310879,10487022043,10487574043,358,236359,6,1,7,18
83513359000000,83513890000000,531.0,4096,72,72,1310880,1310951,10487582043,10488150046,278,236431,6,1,7,18
83513937000000,83514453000000,516.0,4096,71,71,1310952,1311022,10488158043,10488718043,251,236502,6,1,7,18
83514500000000,83515031000000,531.0,4096,71,71,1311023,1311093,10488726043,10489286046,452,236573,6,1,7,18
83515093000000,83515593000000,500.0,4096,72,72,1311094,1311165,10489294043,10489862043,302,236645,6,1,7,18
83515640000000,83516156000000,516.0,4096,70,69,1311166,1311234,10489870045,10490414044,285,236715,6,1,7,18
83516187000000,83516703000000,516.0,4096,69,69,1311235,1311303,10490422043,10490966043,187,236784,6,1,7,18
83516734000000,83517250000000,516.0,4096,70,68,1311304,1311371,10490974046,10491510043,254,236854,6,1,7,18
83517281000000,83517781000000,500.0,4096,67,67,1311372,1311438,10491518043,10492046043,578,236921,6,1,7,18
83517859000000,83518328000000,469.0,4096,68,67,1311439,1311505,10492054043,10492582043,553,236989,6,1,7,18
83518390000000,83518859000000,469.0,4096,68,67,1311506,1311572,10492590046,10493118043,251,237057,6,1,7,18
83518890000000,83519390000000,500.0,4096,67,67,1311573,1311639,10493126043,10493654045,285,237124,6,1,7,18
83519437000000,83519937000000,500.0,4096,69,68,1311640,1311707,10493662045,10494198047,269,237193,6,1,7,18
83519984000000,83520468000000,484.0,4096,68,67,1311708,1311774,10494206044,10494734043,353,237261,6,1,7,18
83520515000000,83521015000000,500.0,4096,67,67,1311775,1311841,10494742043,10495270043,343,237328,6,1,7,18
83521062000000,83521546000000,484.0,4096,68,67,1311842,1311908,10495278043,10495806043,374,237396,6,1,7,18
83521609000000,83522078000000,469.0,4096,68,67,1311909,1311975,10495814043,10496342043,599,237464,6,1,7,18
83522156000000,83522625000000,469.0,4096,68,67,1311976,1312042,10496350043,10496878043,311,237532,6,1,7,18
83522656000000,83523156000000,500.0,4096,68,67,1312043,1312109,10496886047,10497414045,192,237600,6,1,7,18
83523187000000,83523687000000,500.0,4096,67,67,1312110,1312176,10497422043,10497950043,237,237667,6,1,7,18
83523734000000,83524234000000,500.0,4096,68,67,1312177,1312243,10497958046,10498486043,270,237735,6,1,7,18
83524265000000,83524765000000,500.0,4096,69,68,1312244,1312311,10498494043,10499030043,243,237804,6,1,7,18
83524796000000,83525312000000,516.0,4096,67,67,1312312,1312378,10499038044,10499566043,329,237871,6,1,7,18
83525359000000,83525843000000,484.0,4096,67,66,1312379,1312444,10499574045,10500094045,316,237938,6,1,7,18
83525875000000,83526375000000,500.0,4096,68,67,1312445,1312511,10500102043,10500630043,480,238006,6,1,7,18
83526437000000,83526921000000,484.0,4096,68,68,1312512,1312579,10500638043,10501174043,6118,238074,6,1,7,18
83527703000000,83527703000000,0.0,4096,67,65,1312580,1312644,10501182043,10501694044,2274,238141,6,1,7,18
83527734000000,83527953000000,219.0,4096,67,65,1312645,1312709,10501702045,10502214043,1818,238208,6,1,7,18
83528187000000,83528484000000,297.0,4096,66,66,1312710,1312775,10502222045,10502742045,257,238274,6,1,7,18
83528515000000,83529015000000,500.0,4096,67,66,1312776,1312841,10502750043,10503270043,296,238341,6,1,7,18
83529046000000,83529546000000,500.0,4096,67,66,1312842,1312907,10503278046,10503798046,249,238408,6,1,7,18
83529578000000,83530062000000,484.0,4096,66,66,1312908,1312973,10503806043,10504326045,221,238474,6,1,7,18
83530093000000,83530609000000,516.0,4096,68,67,1312974,1313040,10504334047,10504862046,419,238542,6,1,7,18
83530656000000,83531125000000,469.0,4096,67,66,1313041,1313106,10504870043,10505390046,206,238609,6,1,7,18
83531156000000,83531656000000,500.0,4096,66,66,1313107,1313172,10505398043,10505918047,350,238675,6,1,7,18
83531703000000,83532187000000,484.0,4096,68,66,1313173,1313238,10505926043,10506446043,284,238743,6,1,7,18
83532218000000,83532718000000,500.0,4096,68,67,1313239,1313305,10506454043,10506982043,214,238811,6,1,7,18
83532750000000,83533265000000,515.0,4096,67,67,1313306,1313372,10506990043,10507518043,242,238878,6,1,7,18
83533296000000,83533812000000,516.0,4096,69,68,1313373,1313440,10507526047,10508062043,363,238947,6,1,7,18
83533859000000,83534328000000,469.0,4096,67,66,1313441,1313506,10508070044,10508590043,178,239014,6,1,7,18
83534359000000,83534875000000,516.0,4096,68,68,1313507,1313574,10508598043,10509134043,291,239082,6,1,7,18
83534906000000,83535406000000,500.0,4096,68,67,1313575,1313641,10509142045,10509670043,547,239150,6,1,7,18
83535484000000,83535953000000,469.0,4096,68,67,1313642,1313708,10509678044,10510206047,349,239218,6,1,7,18
83536000000000,83536484000000,484.0,4096,67,67,1313709,1313775,10510214045,10510742044,281,239285,6,1,7,18
83536515000000,83537015000000,500.0,4096,68,67,1313776,1313842,10510750043,10511278043,329,239353,6,1,7,18
83537062000000,83537546000000,484.0,4096,68,66,1313843,1313908,10511286044,10511806046,189,239421,6,1,7,18
83537578000000,83538078000000,500.0,4096,67,67,1313909,1313975,10511814045,10512342046,255,239488,6,1,7,18
83538125000000,83538625000000,500.0,4096,68,67,1313976,1314042,10512350043,10512878046,257,239556,6,1,7,18
83538656000000,83539156000000,500.0,4096,69,68,1314043,1314110,10512886047,10513422043,269,239625,6,1,7,18
83539203000000,83539703000000,500.0,4096,67,67,1314111,1314177,10513430046,10513958045,289,239692,6,1,7,18
83539734000000,83540234000000,500.0,4096,67,66,1314178,1314243,10513966046,10514486045,221,239759,6,1,7,18
83540265000000,83540765000000,500.0,4096,69,68,1314244,1314311,10514494047,10515030043,395,239828,6,1,7,18
83540828000000,83541312000000,484.0,4096,67,67,1314312,1314378,10515038047,10515566046,300,239895,6,1,7,18
83541343000000,83541843000000,500.0,4096,67,66,1314379,1314444,10515574043,10516094046,192,239962,6,1,7,18
83541859000000,83542375000000,516.0,4096,70,68,1314445,1314512,10516102047,10516638043,299,240032,6,1,7,18
83542421000000,83542906000000,485.0,4096,67,67,1314513,1314579,10516646043,10517174046,352,240099,6,1,7,18
83542953000000,83543453000000,500.0,4096,68,67,1314580,1314646,10517182043,10517710043,316,240167,6,1,7,18
83543484000000,83543984000000,500.0,4096,68,67,1314647,1314713,10517718043,10518246043,419,240235,6,1,7,18
83544046000000,83544515000000,469.0,4096,67,66,1314714,1314779,10518254043,10518774044,350,240302,6,1,7,18
83544562000000,83545062000000,500.0,4096,68,68,1314780,1314847,10518782047,10519318043,191,240370,6,1,7,18
83545093000000,83545593000000,500.0,4096,68,67,1314848,1314914,10519326043,10519854045,349,240438,6,1,7,18
83545640000000,83546125000000,485.0,4096,67,67,1314915,1314981,10519862044,10520390043,245,240505,6,1,7,18
83546156000000,83546671000000,515.0,4096,69,68,1314982,1315049,10520398044,10520934043,638,240574,6,1,7,18
83546750000000,83547203000000,453.0,4096,68,66,1315050,1315115,10520942043,10521462043,7937,240642,6,1,7,18
83548250000000,83548250000000,0.0,4096,67,67,1315116,1315182,10521470043,10521998046,4120,240709,6,1,7,18
83548281000000,83548281000000,0.0,4096,69,67,1315183,1315249,10522006046,10522534043,517,240778,6,1,7,18
83548343000000,83548812000000,469.0,4096,67,66,1315250,1315315,10522542043,10523062046,270,240845,6,1,7,18
83548843000000,83549343000000,500.0,4096,68,68,1315316,1315383,10523070044,10523606044,203,240913,6,1,7,18
83549375000000,83549890000000,515.0,4096,68,67,1315384,1315450,10523614043,10524142043,504,240981,6,1,7,18
83549953000000,83550421000000,468.0,4096,68,67,1315451,1315517,10524150047,10524678043,375,241049,6,1,7,18
83550468000000,83550953000000,485.0,4096,67,67,1315518,1315584,10524686044,10525214043,412,241116,6,1,7,18
83551015000000,83551500000000,485.0,4096,69,68,1315585,1315652,10525222046,10525758043,490,241185,6,1,7,18
83551562000000,83552031000000,469.0,4096,68,67,1315653,1315719,10525766043,10526294043,290,241253,6,1,7,18
83552062000000,83552593000000,531.0,4096,70,69,1315720,1315788,10526302047,10526846043,274,241323,6,1,7,18
83552625000000,83553171000000,546.0,4096,72,72,1315789,1315860,10526854043,10527422047,243,241395,6,1,7,18
83553203000000,83553734000000,531.0,4096,71,71,1315861,1315931,10527430043,10527990047,268,241466,6,1,7,18
83553765000000,83554296000000,531.0,4096,71,71,1315932,1316002,10527998045,10528558043,304,241537,6,1,7,18
83554343000000,83554859000000,516.0,4096,70,69,1316003,1316071,10528566043,10529110043,310,241607,6,1,7,18
83554890000000,83555421000000,531.0,4096,71,71,1316072,1316142,10529118043,10529678043,379,241678,6,1,7,18
83555468000000,83556000000000,532.0,4096,72,72,1316143,1316214,10529686043,10530254043,430,241750,6,1,7,18
83556046000000,83556562000000,516.0,4096,70,70,1316215,1316284,10530262046,10530814045,358,241820,6,1,7,18
83556609000000,83557125000000,516.0,4096,72,71,1316285,1316355,10530822043,10531382043,202,241892,6,1,7,18
83557156000000,83557687000000,531.0,4096,71,71,1316356,1316426,10531390045,10531950043,238,241963,6,1,7,18
83557734000000,83558250000000,516.0,4096,71,70,1316427,1316496,10531958044,10532510043,303,242034,6,1,7,18
83558296000000,83558812000000,516.0,4096,69,69,1316497,1316565,10532518043,10533062043,358,242103,6,1,7,18
83558843000000,83559343000000,500.0,4096,69,68,1316566,1316633,10533070043,10533606043,297,242172,6,1,7,18
83559390000000,83559890000000,500.0,4096,67,67,1316634,1316700,10533614044,10534142043,224,242239,6,1,7,18
83559906000000,83560421000000,515.0,4096,68,67,1316701,1316767,10534150046,10534678043,373,242307,6,1,7,18
83560468000000,83560968000000,500.0,4096,69,68,1316768,1316835,10534686043,10535222043,331,242376,6,1,7,18
83561000000000,83561500000000,500.0,4096,67,66,1316836,1316901,10535230044,10535750045,276,242443,6,1,7,18
83561531000000,83562031000000,500.0,4096,68,68,1316902,1316969,10535758043,10536294043,412,242511,6,1,7,18
83562078000000,83562578000000,500.0,4096,69,67,1316970,1317036,10536302043,10536830046,298,242580,6,1,7,18
83562609000000,83563093000000,484.0,4096,68,67,1317037,1317103,10536838043,10537366043,268,242648,6,1,7,18
83563140000000,83563640000000,500.0,4096,67,67,1317104,1317170,10537374047,10537902047,351,242715,6,1,7,18
83563687000000,83564187000000,500.0,4096,69,68,1317171,1317238,10537910043,10538446043,317,242784,6,1,7,18
83564234000000,83564718000000,484.0,4096,67,67,1317239,1317305,10538454046,10538982043,529,242851,6,1,7,18
83564781000000,83565265000000,484.0,4096,68,67,1317306,1317372,10538990047,10539518045,247,242919,6,1,7,18
83565296000000,83565796000000,500.0,4096,68,67,1317373,1317439,10539526043,10540054047,291,242987,6,1,7,18
83565828000000,83566343000000,515.0,4096,68,68,1317440,1317507,10540062043,10540598043,355,243055,6,1,7,18
83566375000000,83566875000000,500.0,4096,68,67,1317508,1317574,10540606043,10541134043,6061,243123,6,1,7,18
83567656000000,83567656000000,0.0,4096,67,65,1317575,1317639,10541142046,10541654047,4063,243190,6,1,7,18
83567937000000,83567937000000,0.0,4096,69,68,1317640,1317707,10541662047,10542198043,396,243259,6,1,7,18
83568000000000,83568468000000,468.0,4096,66,65,1317708,1317772,10542206043,10542718047,241,243325,6,1,7,18
83568500000000,83569000000000,500.0,4096,68,68,1317773,1317840,10542726047,10543262045,392,243393,6,1,7,18
83569062000000,83569531000000,469.0,4096,66,65,1317841,1317905,10543270045,10543782043,484,243459,6,1,7,18
83569593000000,83570046000000,453.0,4096,67,66,1317906,1317971,10543790044,10544310047,196,243526,6,1,7,18
83570078000000,83570593000000,515.0,4096,67,67,1317972,1318038,10544318043,10544846046,410,243593,6,1,7,18
83570640000000,83571109000000,469.0,4096,66,65,1318039,1318103,10544854043,10545366043,430,243659,6,1,7,18
83571171000000,83571640000000,469.0,4096,67,67,1318104,1318170,10545374043,10545902043,230,243726,6,1,7,18
83571671000000,83572171000000,500.0,4096,67,65,1318171,1318235,10545910043,10546422043,287,243793,6,1,7,18
83572203000000,83572687000000,484.0,4096,67,66,1318236,1318301,10546430044,10546950043,232,243860,6,1,7,18
83572718000000,83573234000000,516.0,4096,68,68,1318302,1318369,10546958044,10547494044,364,243928,6,1,7,18
83573281000000,83573781000000,500.0,4096,67,67,1318370,1318436,10547502043,10548030046,385,243995,6,1,7,18
83573812000000,83574312000000,500.0,4096,68,67,1318437,1318503,10548038043,10548566043,261,244063,6,1,7,18
83574343000000,83574843000000,500.0,4096,68,67,1318504,1318570,10548574043,10549102047,980,244131,6,1,7,18
83574984000000,83575390000000,406.0,4096,68,68,1318571,1318638,10549110043,10549646047,398,244199,6,1,7,18
83575437000000,83575921000000,484.0,4096,67,66,1318639,1318704,10549654043,10550174043,187,244266,6,1,7,18
83575937000000,83576453000000,516.0,4096,69,68,1318705,1318772,10550182043,10550718043,317,244335,6,1,7,18
83576500000000,83577000000000,500.0,4096,67,67,1318773,1318839,10550726047,10551254045,549,244402,6,1,7,18
83577062000000,83577531000000,469.0,4096,68,66,1318840,1318905,10551262045,10551782047,351,244470,6,1,7,18
83577578000000,83578062000000,484.0,4096,69,68,1318906,1318973,10551790046,10552326043,420,244539,6,1,7,18
83578125000000,83578609000000,484.0,4096,67,67,1318974,1319040,10552334043,10552862046,230,244606,6,1,7,18
83578640000000,83579140000000,500.0,4096,68,67,1319041,1319107,10552870045,10553398046,350,244674,6,1,7,18
83579187000000,83579687000000,500.0,4096,69,68,1319108,1319175,10553406046,10553942043,301,244743,6,1,7,18
83579718000000,83580218000000,500.0,4096,67,67,1319176,1319242,10553950047,10554478046,214,244810,6,1,7,18
83580250000000,83580750000000,500.0,4096,68,67,1319243,1319309,10554486043,10555014043,418,244878,6,1,7,18
83580812000000,83581296000000,484.0,4096,68,67,1319310,1319376,10555022046,10555550043,279,244946,6,1,7,18
83581328000000,83581828000000,500.0,4096,67,67,1319377,1319443,10555558047,10556086043,228,245013,6,1,7,18
83581859000000,83582359000000,500.0,4096,69,67,1319444,1319510,10556094043,10556622046,303,245082,6,1,7,18
83582406000000,83582906000000,500.0,4096,68,68,1319511,1319578,10556630043,10557166044,362,245150,6,1,7,18
83582937000000,83583437000000,500.0,4096,67,66,1319579,1319644,10557174044,10557694043,207,245217,6,1,7,18
83583468000000,83583968000000,500.0,4096,67,66,1319645,1319710,10557702046,10558222047,270,245284,6,1,7,18
83584000000000,83584484000000,484.0,4096,66,65,1319711,1319775,10558230043,10558742043,257,245350,6,1,7,18
83584515000000,83585015000000,500.0,4096,67,67,1319776,1319842,10558750043,10559278045,362,245417,6,1,7,18
83585078000000,83585546000000,468.0,4096,66,65,1319843,1319907,10559286043,10559798043,605,245483,6,1,7,18
83585625000000,83586078000000,453.0,4096,66,66,1319908,1319973,10559806047,10560326043,425,245549,6,1,7,18
83586109000000,83586609000000,500.0,4096,69,68,1319974,1320041,10560334045,10560870043,281,245618,6,1,7,18
83586640000000,83587171000000,531.0,4096,71,70,1320042,1320111,10560878043,10561430044,256,245689,6,1,7,18
83587203000000,83587750000000,547.0,4096,72,72,1320112,1320183,10561438043,10562006043,5488,245761,6,1,7,18
83588500000000,83588515000000,15.0,4096,72,71,1320184,1320254,10562014043,10562574043,3648,245833,6,1,7,18
83588828000000,83588890000000,62.0,4096,72,72,1320255,1320326,10562582046,10563150043,280,245905,6,1,7,18
83588921000000,83589453000000,532.0,4096,70,70,1320327,1320396,10563158043,10563710043,403,245975,6,1,7,18
83589515000000,83590031000000,516.0,4096,72,72,1320397,1320468,10563718043,10564286043,483,246047,6,1,7,18
83590093000000,83590609000000,516.0,4096,72,72,1320469,1320540,10564294046,10564862045,302,246119,6,1,7,18
83590640000000,83591171000000,531.0,4096,70,70,1320541,1320610,10564870043,10565422043,176,246189,6,1,7,18
83591187000000,83591718000000,531.0,4096,70,69,1320611,1320679,10565430047,10565974045,281,246259,6,1,7,18
83591750000000,83592265000000,515.0,4096,70,68,1320680,1320747,10565982043,10566518046,380,246329,6,1,7,18
83592312000000,83592796000000,484.0,4096,67,67,1320748,1320814,10566526043,10567054046,205,246396,6,1,7,18
83592828000000,83593328000000,500.0,4096,67,66,1320815,1320880,10567062043,10567582043,351,246463,6,1,7,18
83593375000000,83593859000000,484.0,4096,69,68,1320881,1320948,10567590046,10568126044,254,246532,6,1,7,18
83593906000000,83594406000000,500.0,4096,67,67,1320949,1321015,10568134043,10568662045,349,246599,6,1,7,18
83594453000000,83594937000000,484.0,4096,68,67,1321016,1321082,10568670043,10569198043,265,246667,6,1,7,18
83594968000000,83595484000000,516.0,4096,68,67,1321083,1321149,10569206043,10569734043,423,246735,6,1,7,18
83595531000000,83596015000000,484.0,4096,69,68,1321150,1321217,10569742047,10570278044,306,246804,6,1,7,18
83596062000000,83596562000000,500.0,4096,68,68,1321218,1321285,10570286047,10570822043,261,246872,6,1,7,18
83596593000000,83597078000000,485.0,4096,67,65,1321286,1321350,10570830043,10571342043,247,246939,6,1,7,18
83597125000000,83597609000000,484.0,4096,67,66,1321351,1321416,10571350044,10571870045,569,247006,6,1,7,18
83597687000000,83598140000000,453.0,4096,67,66,1321417,1321482,10571878043,10572398046,472,247073,6,1,7,18
83598203000000,83598671000000,468.0,4096,67,67,1321483,1321549,10572406043,10572934047,207,247140,6,1,7,18
83598703000000,83599203000000,500.0,4096,67,66,1321550,1321615,10572942045,10573462043,356,247207,6,1,7,18
83599250000000,83599718000000,468.0,4096,66,65,1321616,1321680,10573470043,10573982047,278,247273,6,1,7,18
83599765000000,83600281000000,516.0,4096,70,70,1321681,1321750,10573990045,10574542044,233,247343,6,1,7,18
83600312000000,83600843000000,531.0,4096,71,71,1321751,1321821,10574550046,10575110043,311,247414,6,1,7,18
83600890000000,83601421000000,531.0,4096,71,71,1321822,1321892,10575118043,10575678043,279,247485,6,1,7,18
83601453000000,83602000000000,547.0,4096,72,72,1321893,1321964,10575686043,10576254043,312,247557,6,1,7,18
83602031000000,83602562000000,531.0,4096,72,71,1321965,1322035,10576262043,10576822046,275,247629,6,1,7,18
83602593000000,83603125000000,532.0,4096,70,70,1322036,1322105,10576830043,10577382043,303,247699,6,1,7,18
83603171000000,83603687000000,516.0,4096,71,70,1322106,1322175,10577390043,10577942045,299,247770,6,1,7,18
83603718000000,83604218000000,500.0,4096,68,67,1322176,1322242,10577950043,10578478045,391,247838,6,1,7,18
83604265000000,83604750000000,485.0,4096,67,67,1322243,1322309,10578486047,10579014043,277,247905,6,1,7,18
83604796000000,83605296000000,500.0,4096,69,68,1322310,1322377,10579022043,10579558047,201,247974,6,1,7,18
83605328000000,83605828000000,500.0,4096,67,67,1322378,1322444,10579566047,10580094047,354,248041,6,1,7,18
83605890000000,83606375000000,485.0,4096,68,67,1322445,1322511,10580102046,10580630043,213,248109,6,1,7,18
83606390000000,83606890000000,500.0,4096,67,66,1322512,1322577,10580638043,10581158045,297,248176,6,1,7,18
83606937000000,83607437000000,500.0,4096,68,67,1322578,1322644,10581166047,10581694043,313,248244,6,1,7,18
83607468000000,83607953000000,485.0,4096,67,65,1322645,1322709,10581702047,10582214043,4742,248311,6,1,7,18
83608609000000,83608609000000,0.0,4096,71,71,1322710,1322780,10582222045,10582782043,2835,248382,6,1,7,18
83608921000000,83609093000000,172.0,4096,71,71,1322781,1322851,10582790043,10583350043,330,248453,6,1,7,18
83609140000000,83609671000000,531.0,4096,72,72,1322852,1322923,10583358043,10583926043,521,248525,6,1,7,18
83609734000000,83610234000000,500.0,4096,71,71,1322924,1322994,10583934047,10584494043,275,248596,6,1,7,18
83610281000000,83610812000000,531.0,4096,71,71,1322995,1323065,10584502043,10585062046,314,248667,6,1,7,18
83610843000000,83611375000000,532.0,4096,72,72,1323066,1323137,10585070046,10585638046,278,248739,6,1,7,18
83611421000000,83611937000000,516.0,4096,71,70,1323138,1323207,10585646046,10586198043,320,248810,6,1,7,18
83611984000000,83612484000000,500.0,4096,69,68,1323208,1323275,10586206043,10586742043,282,248879,6,1,7,18
83612515000000,83613031000000,516.0,4096,69,68,1323276,1323343,10586750043,10587286043,244,248948,6,1,7,18
83613062000000,83613562000000,500.0,4096,68,67,1323344,1323410,10587294043,10587822043,244,249016,6,1,7,18
83613593000000,83614109000000,516.0,4096,67,67,1323411,1323477,10587830043,10588358046,290,249083,6,1,7,18
83614140000000,83614640000000,500.0,4096,69,68,1323478,1323545,10588366046,10588902043,413,249152,6,1,7,18
83614703000000,83615187000000,484.0,4096,67,67,1323546,1323612,10588910043,10589438043,522,249219,6,1,7,18
83615250000000,83615718000000,468.0,4096,68,67,1323613,1323679,10589446045,10589974043,416,249287,6,1,7,18
83615765000000,83616265000000,500.0,4096,69,68,1323680,1323747,10589982045,10590518043,242,249356,6,1,7,18
83616296000000,83616796000000,500.0,4096,67,67,1323748,1323814,10590526043,10591054043,351,249423,6,1,7,18
83616843000000,83617328000000,485.0,4096,69,67,1323815,1323881,10591062043,10591590043,355,249492,6,1,7,18
83617375000000,83617875000000,500.0,4096,68,67,1323882,1323948,10591598043,10592126043,184,249560,6,1,7,18
83617890000000,83618406000000,516.0,4096,68,68,1323949,1324016,10592134043,10592670043,372,249628,6,1,7,18
83618468000000,83618953000000,485.0,4096,68,67,1324017,1324083,10592678047,10593206047,298,249696,6,1,7,18
83618984000000,83619484000000,500.0,4096,68,67,1324084,1324150,10593214043,10593742047,194,249764,6,1,7,18
83619515000000,83620031000000,516.0,4096,68,68,1324151,1324218,10593750045,10594286046,255,249832,6,1,7,18
83620062000000,83620578000000,516.0,4096,70,69,1324219,1324287,10594294044,10594838047,328,249902,6,1,7,18
83620625000000,83621156000000,531.0,4096,72,72,1324288,1324359,10594846044,10595414045,344,249974,6,1,7,18
83621203000000,83621718000000,515.0,4096,70,70,1324360,1324429,10595422045,10595974043,273,250044,6,1,7,18
83621750000000,83622281000000,531.0,4096,72,71,1324430,1324500,10595982043,10596542043,285,250116,6,1,7,18
83622328000000,83622828000000,500.0,4096,70,69,1324501,1324569,10596550043,10597094043,274,250186,6,1,7,18
83622875000000,83623390000000,515.0,4096,70,69,1324570,1324638,10597102043,10597646043,218,250256,6,1,7,18
83623421000000,83623968000000,547.0,4096,72,72,1324639,1324710,10597654043,10598222043,274,250328,6,1,7,18
83624000000000,83624531000000,531.0,4096,72,72,1324711,1324782,10598230043,10598798045,287,250400,6,1,7,18
83624578000000,83625109000000,531.0,4096,71,71,1324783,1324853,10598806043,10599366043,250,250471,6,1,7,18
83625140000000,83625671000000,531.0,4096,71,71,1324854,1324924,10599374046,10599934043,512,250542,6,1,7,18
83625750000000,83626234000000,484.0,4096,71,70,1324925,1324994,10599942043,10600494045,223,250613,6,1,7,18
83626265000000,83626781000000,516.0,4096,68,67,1324995,1325061,10600502043,10601030043,341,250681,6,1,7,18
83626812000000,83627312000000,500.0,4096,69,67,1325062,1325128,10601038043,10601566047,327,250750,6,1,7,18
83627343000000,83627843000000,500.0,4096,67,66,1325129,1325194,10601574047,10602094043,275,250817,6,1,7,18
83627875000000,83628359000000,484.0,4096,68,66,1325195,1325260,10602102043,10602622043,7297,250885,6,1,7,18
83629312000000,83629312000000,0.0,4096,67,67,1325261,1325327,10602630047,10603158043,3728,250952,6,1,7,18
83629375000000,83629421000000,46.0,4096,67,66,1325328,1325393,10603166043,10603686043,228,251019,6,1,7,18
83629453000000,83629953000000,500.0,4096,67,66,1325394,1325459,10603694047,10604214043,315,251086,6,1,7,18
83630000000000,83630500000000,500.0,4096,68,67,1325460,1325526,10604222047,10604750047,270,251154,6,1,7,18
83630531000000,83631031000000,500.0,4096,69,68,1325527,1325594,10604758043,10605294043,333,251223,6,1,7,18
83631078000000,83631562000000,484.0,4096,67,66,1325595,1325660,10605302044,10605822046,335,251290,6,1,7,18
83631609000000,83632093000000,484.0,4096,68,66,1325661,1325726,10605830043,10606350047,253,251358,6,1,7,18
83632125000000,83632640000000,515.0,4096,68,68,1325727,1325794,10606358046,10606894043,339,251426,6,1,7,18
83632671000000,83633171000000,500.0,4096,68,67,1325795,1325861,10606902047,10607430046,308,251494,6,1,7,18
83633203000000,83633703000000,500.0,4096,68,67,1325862,1325928,10607438044,10607966043,419,251562,6,1,7,18
83633765000000,83634250000000,485.0,4096,67,66,1325929,1325994,10607974046,10608494043,486,251629,6,1,7,18
83634296000000,83634765000000,469.0,4096,67,67,1325995,1326061,10608502043,10609030043,240,251696,6,1,7,18
83634796000000,83635312000000,516.0,4096,68,67,1326062,1326128,10609038048,10609566043,316,251764,6,1,7,18
83635359000000,83635843000000,484.0,4096,68,67,1326129,1326195,10609574047,10610102045,329,251832,6,1,7,18
83635890000000,83636375000000,485.0,4096,67,66,1326196,1326261,10610110043,10610630043,285,251899,6,1,7,18
83636406000000,83636906000000,500.0,4096,68,67,1326262,1326328,10610638043,10611166043,335,251967,6,1,7,18
83636953000000,83637453000000,500.0,4096,68,67,1326329,1326395,10611174044,10611702047,277,252035,6,1,7,18
83637484000000,83637984000000,500.0,4096,68,67,1326396,1326462,10611710044,10612238044,191,252103,6,1,7,18
83638015000000,83638515000000,500.0,4096,67,66,1326463,1326528,10612246043,10612766044,286,252170,6,1,7,18
83638546000000,83639046000000,500.0,4096,67,67,1326529,1326595,10612774043,10613302047,199,252237,6,1,7,18
83639078000000,83639562000000,484.0,4096,67,66,1326596,1326661,10613310045,10613830046,278,252304,6,1,7,18
83639609000000,83640093000000,484.0,4096,66,65,1326662,1326726,10613838043,10614350047,359,252370,6,1,7,18
83640140000000,83640625000000,485.0,4096,67,66,1326727,1326792,10614358043,10614878043,298,252437,6,1,7,18
83640656000000,83641156000000,500.0,4096,67,67,1326793,1326859,10614886043,10615414045,382,252504,6,1,7,18
83641203000000,83641671000000,468.0,4096,66,65,1326860,1326924,10615422043,10615934043,191,252570,6,1,7,18
83641703000000,83642203000000,500.0,4096,67,65,1326925,1326989,10615942047,10616454043,352,252637,6,1,7,18
83642250000000,83642718000000,468.0,4096,67,66,1326990,1327055,10616462043,10616982043,348,252704,6,1,7,18
83642765000000,83643250000000,485.0,4096,66,66,1327056,1327121,10616990043,10617510044,448,252770,6,1,7,18
83643312000000,83643781000000,469.0,4096,68,67,1327122,1327188,10617518043,10618046043,368,252838,6,1,7,18
83643828000000,83644312000000,484.0,4096,67,66,1327189,1327254,10618054044,10618574043,231,252905,6,1,7,18
83644343000000,83644859000000,516.0,4096,67,67,1327255,1327321,10618582043,10619110043,405,252972,6,1,7,18
83644906000000,83645390000000,484.0,4096,68,67,1327322,1327388,10619118043,10619646043,328,253040,6,1,7,18
83645421000000,83645921000000,500.0,4096,68,67,1327389,1327455,10619654047,10620182044,228,253108,6,1,7,18
83645953000000,83646453000000,500.0,4096,67,66,1327456,1327521,10620190043,10620710043,339,253175,6,1,7,18
83646500000000,83646984000000,484.0,4096,67,67,1327522,1327588,10620718043,10621246043,278,253242,6,1,7,18
83647031000000,83647515000000,484.0,4096,69,67,1327589,1327655,10621254043,10621782043,288,253311,6,1,7,18
83647562000000,83648046000000,484.0,4096,68,66,1327656,1327721,10621790047,10622310045,5134,253379,6,1,7,18
83648718000000,83648718000000,0.0,4096,68,67,1327722,1327788,10622318043,10622846043,3050,253447,6,1,7,18
83648984000000,83649125000000,141.0,4096,67,67,1327789,1327855,10622854046,10623382043,334,253514,6,1,7,18
83649171000000,83649656000000,485.0,4096,68,67,1327856,1327922,10623390043,10623918047,308,253582,6,1,7,18
83649703000000,83650203000000,500.0,4096,68,67,1327923,1327989,10623926046,10624454045,207,253650,6,1,7,18
83650218000000,83650734000000,516.0,4096,67,67,1327990,1328056,10624462045,10624990043,361,253717,6,1,7,18
83650781000000,83651265000000,484.0,4096,68,67,1328057,1328123,10624998044,10625526043,395,253785,6,1,7,18
83651312000000,83651796000000,484.0,4096,67,66,1328124,1328189,10625534045,10626054046,458,253852,6,1,7,18
83651859000000,83652328000000,469.0,4096,69,67,1328190,1328256,10626062047,10626590046,341,253921,6,1,7,18
83652375000000,83652875000000,500.0,4096,67,67,1328257,1328323,10626598044,10627126047,294,253988,6,1,7,18
83652906000000,83653390000000,484.0,4096,67,66,1328324,1328389,10627134047,10627654043,218,254055,6,1,7,18
83653421000000,83653921000000,500.0,4096,67,66,1328390,1328455,10627662043,10628182044,315,254122,6,1,7,18
83653968000000,83654453000000,485.0,4096,67,66,1328456,1328521,10628190043,10628710043,261,254189,6,1,7,18
83654484000000,83654984000000,500.0,4096,67,67,1328522,1328588,10628718043,10629246043,356,254256,6,1,7,18
83655031000000,83655531000000,500.0,4096,69,68,1328589,1328656,10629254045,10629790046,339,254325,6,1,7,18
83655578000000,83656109000000,531.0,4096,71,71,1328657,1328727,10629798043,10630358043,370,254396,6,1,7,18
83656156000000,83656671000000,515.0,4096,72,72,1328728,1328799,10630366043,10630934043,263,254468,6,1,7,18
83656703000000,83657234000000,531.0,4096,71,70,1328800,1328869,10630942043,10631494043,261,254539,6,1,7,18
83657281000000,83657828000000,547.0,4096,73,73,1328870,1328942,10631502043,10632078043,458,254612,6,1,7,18
83657875000000,83658390000000,515.0,4096,72,72,1328943,1329014,10632086043,10632654043,266,254684,6,1,7,18
83658437000000,83658968000000,531.0,4096,71,71,1329015,1329085,10632662043,10633222043,261,254755,6,1,7,18
83659000000000,83659531000000,531.0,4096,71,71,1329086,1329156,10633230044,10633790043,194,254826,6,1,7,18
83659562000000,83660109000000,547.0,4096,73,73,1329157,1329229,10633798043,10634374043,317,254899,6,1,7,18
83660156000000,83660687000000,531.0,4096,71,71,1329230,1329300,10634382046,10634942047,330,254970,6,1,7,18
83660718000000,83661250000000,532.0,4096,71,71,1329301,1329371,10634950043,10635510043,274,255041,6,1,7,18
83661281000000,83661828000000,547.0,4096,72,72,1329372,1329443,10635518043,10636086046,460,255113,6,1,7,18
83661890000000,83662390000000,500.0,4096,72,71,1329444,1329514,10636094043,10636654043,540,255185,6,1,7,18
83662468000000,83662968000000,500.0,4096,71,71,1329515,1329585,10636662043,10637222043,188,255256,6,1,7,18
83662984000000,83663531000000,547.0,4096,72,72,1329586,1329657,10637230043,10637798043,349,255328,6,1,7,18
83663578000000,83664109000000,531.0,4096,71,71,1329658,1329728,10637806043,10638366043,386,255399,6,1,7,18
83664156000000,83664687000000,531.0,4096,72,72,1329729,1329800,10638374043,10638942043,311,255471,6,1,7,18
83664718000000,83665250000000,532.0,4096,71,71,1329801,1329871,10638950043,10639510043,345,255542,6,1,7,18
83665312000000,83665812000000,500.0,4096,71,70,1329872,1329941,10639518047,10640070047,556,255613,6,1,7,18
83665890000000,83666359000000,469.0,4096,68,68,1329942,1330009,10640078043,10640614043,275,255681,6,1,7,18
83666390000000,83666890000000,500.0,4096,68,67,1330010,1330076,10640622043,10641150043,360,255749,6,1,7,18
83666937000000,83667437000000,500.0,4096,69,67,1330077,1330143,10641158043,10641686043,291,255818,6,1,7,18
83667468000000,83667968000000,500.0,4096,69,67,1330144,1330210,10641694045,10642222043,265,255887,6,1,7,18
83668000000000,83668500000000,500.0,4096,68,67,1330211,1330277,10642230043,10642758043,336,255955,6,1,7,18
83668546000000,83669031000000,485.0,4096,67,67,1330278,1330344,10642766043,10643294043,7414,256022,6,1,7,18
83670015000000,83670015000000,0.0,4096,69,68,1330345,1330412,10643302047,10643838043,3640,256091,6,1,7,18
83670062000000,83670125000000,63.0,4096,68,67,1330413,1330479,10643846046,10644374043,311,256159,6,1,7,18
83670156000000,83670640000000,484.0,4096,67,66,1330480,1330545,10644382043,10644902047,425,256226,6,1,7,18
83670703000000,83671187000000,484.0,4096,68,68,1330546,1330613,10644910044,10645446046,368,256294,6,1,7,18
83671234000000,83671718000000,484.0,4096,67,66,1330614,1330679,10645454043,10645974043,403,256361,6,1,7,18
83671765000000,83672234000000,469.0,4096,67,65,1330680,1330744,10645982043,10646494047,182,256428,6,1,7,18
83672265000000,83672765000000,500.0,4096,67,66,1330745,1330810,10646502043,10647022045,388,256495,6,1,7,18
83672812000000,83673296000000,484.0,4096,67,67,1330811,1330877,10647030043,10647558047,398,256562,6,1,7,18
83673343000000,83673843000000,500.0,4096,67,66,1330878,1330943,10647566045,10648086046,383,256629,6,1,7,18
83673890000000,83674359000000,469.0,4096,67,66,1330944,1331009,10648094043,10648614047,414,256696,6,1,7,18
83674406000000,83674875000000,469.0,4096,67,66,1331010,1331075,10648622046,10649142043,196,256763,6,1,7,18
83674906000000,83675421000000,515.0,4096,67,67,1331076,1331142,10649150047,10649678043,474,256830,6,1,7,18
83675484000000,83675953000000,469.0,4096,67,66,1331143,1331208,10649686047,10650206043,229,256897,6,1,7,18
83675968000000,83676468000000,500.0,4096,66,65,1331209,1331273,10650214045,10650726046,286,256963,6,1,7,18
83676515000000,83677000000000,485.0,4096,68,67,1331274,1331340,10650734044,10651262043,309,257031,6,1,7,18
83677046000000,83677531000000,485.0,4096,67,66,1331341,1331406,10651270043,10651790047,220,257098,6,1,7,18
83677562000000,83678062000000,500.0,4096,68,67,1331407,1331473,10651798043,10652326046,333,257166,6,1,7,18
83678109000000,83678609000000,500.0,4096,68,67,1331474,1331540,10652334043,10652862045,290,257234,6,1,7,18
83678640000000,83679140000000,500.0,4096,69,68,1331541,1331608,10652870043,10653406047,230,257303,6,1,7,18
83679171000000,83679671000000,500.0,4096,67,66,1331609,1331674,10653414043,10653934044,358,257370,6,1,7,18
83679734000000,83680218000000,484.0,4096,68,68,1331675,1331742,10653942046,10654478047,306,257438,6,1,7,18
83680265000000,83680765000000,500.0,4096,69,68,1331743,1331810,10654486043,10655022043,298,257507,6,1,7,18
83680796000000,83681296000000,500.0,4096,68,67,1331811,1331877,10655030043,10655558046,515,257575,6,1,7,18
83681359000000,83681843000000,484.0,4096,67,67,1331878,1331944,10655566043,10656094043,365,257642,6,1,7,18
83681890000000,83682359000000,469.0,4096,68,66,1331945,1332010,10656102043,10656622044,291,257710,6,1,7,18
83682406000000,83682906000000,500.0,4096,69,68,1332011,1332078,10656630043,10657166043,331,257779,6,1,7,18
83682953000000,83683437000000,484.0,4096,68,67,1332079,1332145,10657174043,10657702043,298,257847,6,1,7,18
83683484000000,83683984000000,500.0,4096,67,67,1332146,1332212,10657710047,10658238046,285,257914,6,1,7,18
83684015000000,83684515000000,500.0,4096,68,67,1332213,1332279,10658246045,10658774047,283,257982,6,1,7,18
83684562000000,83685062000000,500.0,4096,69,68,1332280,1332347,10658782043,10659318043,206,258051,6,1,7,18
83685078000000,83685593000000,515.0,4096,67,66,1332348,1332413,10659326043,10659846046,432,258118,6,1,7,18
83685640000000,83686125000000,485.0,4096,68,68,1332414,1332481,10659854044,10660390045,219,258186,6,1,7,18
83686156000000,83686671000000,515.0,4096,68,67,1332482,1332548,10660398043,10660926043,310,258254,6,1,7,18
83686703000000,83687187000000,484.0,4096,68,66,1332549,1332614,10660934043,10661454044,265,258322,6,1,7,18
83687234000000,83687734000000,500.0,4096,67,67,1332615,1332681,10661462045,10661990045,183,258389,6,1,7,18
83687765000000,83688265000000,500.0,4096,69,67,1332682,1332748,10661998046,10662526044,356,258458,6,1,7,18
83688312000000,83688796000000,484.0,4096,68,67,1332749,1332815,10662534044,10663062043,439,258526,6,1,7,18
83688859000000,83689343000000,484.0,4096,68,67,1332816,1332882,10663070046,10663598044,8258,258594,6,1,7,18
83690421000000,83690421000000,0.0,4096,67,67,1332883,1332949,10663606043,10664134043,4550,258661,6,1,7,18
83690468000000,83690468000000,0.0,4096,67,66,1332950,1333015,10664142046,10664662044,751,258728,6,1,7,18
83690500000000,83690953000000,453.0,4096,69,68,1333016,1333083,10664670043,10665206046,281,258797,6,1,7,18
83690984000000,83691484000000,500.0,4096,68,67,1333084,1333150,10665214047,10665742045,281,258865,6,1,7,18
83691531000000,83692031000000,500.0,4096,68,68,1333151,1333218,10665750043,10666286045,277,258933,6,1,7,18
83692062000000,83692562000000,500.0,4096,68,66,1333219,1333284,10666294043,10666814044,205,259001,6,1,7,18
83692578000000,83693093000000,515.0,4096,69,68,1333285,1333352,10666822043,10667358047,286,259070,6,1,7,18
83693140000000,83693640000000,500.0,4096,68,67,1333353,1333419,10667366043,10667894047,261,259138,6,1,7,18
83693671000000,83694171000000,500.0,4096,67,67,1333420,1333486,10667902044,10668430045,363,259205,6,1,7,18
83694218000000,83694718000000,500.0,4096,69,68,1333487,1333554,10668438043,10668974043,296,259274,6,1,7,18
83694750000000,83695250000000,500.0,4096,68,67,1333555,1333621,10668982043,10669510043,278,259342,6,1,7,18
83695281000000,83695781000000,500.0,4096,67,66,1333622,1333687,10669518044,10670038044,306,259409,6,1,7,18
83695828000000,83696328000000,500.0,4096,68,68,1333688,1333755,10670046046,10670582046,403,259477,6,1,7,18
83696375000000,83696875000000,500.0,4096,68,67,1333756,1333822,10670590047,10671118043,415,259545,6,1,7,18
83696921000000,83697390000000,469.0,4096,68,66,1333823,1333888,10671126044,10671646046,312,259613,6,1,7,18
83697437000000,83697937000000,500.0,4096,68,68,1333889,1333956,10671654046,10672190046,208,259681,6,1,7,18
83697953000000,83698468000000,515.0,4096,68,67,1333957,1334023,10672198045,10672726047,286,259749,6,1,7,18
83698500000000,83699000000000,500.0,4096,68,67,1334024,1334090,10672734047,10673262043,283,259817,6,1,7,18
83699046000000,83699546000000,500.0,4096,68,67,1334091,1334157,10673270047,10673798044,247,259885,6,1,7,18
83699578000000,83700078000000,500.0,4096,68,68,1334158,1334225,10673806047,10674342047,274,259953,6,1,7,18
83700125000000,83700625000000,500.0,4096,68,67,1334226,1334292,10674350045,10674878046,333,260021,6,1,7,18
83700671000000,83701156000000,485.0,4096,69,68,1334293,1334360,10674886047,10675422045,218,260090,6,1,7,18
83701187000000,83701703000000,516.0,4096,68,67,1334361,1334427,10675430043,10675958043,306,260158,6,1,7,18
83701734000000,83702234000000,500.0,4096,68,67,1334428,1334494,10675966045,10676494043,202,260226,6,1,7,18
83702265000000,83702765000000,500.0,4096,67,66,1334495,1334560,10676502046,10677022043,292,260293,6,1,7,18
83702796000000,83703296000000,500.0,4096,67,66,1334561,1334626,10677030043,10677550043,329,260360,6,1,7,18
83703343000000,83703828000000,485.0,4096,67,67,1334627,1334693,10677558046,10678086043,258,260427,6,1,7,18
83703859000000,83704359000000,500.0,4096,68,67,1334694,1334760,10678094043,10678622043,363,260495,6,1,7,18
83704406000000,83704890000000,484.0,4096,67,66,1334761,1334826,10678630043,10679150043,536,260562,6,1,7,18
83704953000000,83705421000000,468.0,4096,66,65,1334827,1334891,10679158044,10679670047,326,260628,6,1,7,18
83705453000000,83705953000000,500.0,4096,67,67,1334892,1334958,10679678043,10680206047,344,260695,6,1,7,18
83706000000000,83706484000000,484.0,4096,67,66,1334959,1335024,10680214045,10680734044,191,260762,6,1,7,18
83706500000000,83707000000000,500.0,4096,68,67,1335025,1335091,10680742043,10681270045,268,260830,6,1,7,18
83707046000000,83707546000000,500.0,4096,68,67,1335092,1335158,10681278043,10681806045,299,260898,6,1,7,18
83707578000000,83708078000000,500.0,4096,69,67,1335159,1335225,10681814043,10682342043,194,260967,6,1,7,18
83708109000000,83708609000000,500.0,4096,67,66,1335226,1335291,10682350045,10682870044,290,261034,6,1,7,18
83708656000000,83709156000000,500.0,4096,67,67,1335292,1335358,10682878046,10683406043,5182,261101,6,1,7,18
83709843000000,83709843000000,0.0,4096,69,68,1335359,1335426,10683414045,10683950043,3221,261170,6,1,7,18
83710109000000,83710218000000,109.0,4096,67,66,1335427,1335492,10683958044,10684478043,313,261237,6,1,7,18
83710265000000,83710750000000,485.0,4096,68,67,1335493,1335559,10684486043,10685014043,362,261305,6,1,7,18
83710796000000,83711296000000,500.0,4096,67,67,1335560,1335626,10685022043,10685550043,371,261372,6,1,7,18
83711343000000,83711828000000,485.0,4096,68,67,1335627,1335693,10685558044,10686086045,363,261440,6,1,7,18
83711875000000,83712359000000,484.0,4096,68,66,1335694,1335759,10686094043,10686614043,228,261508,6,1,7,18
83712375000000,83712890000000,515.0,4096,67,67,1335760,1335826,10686622046,10687150046,280,261575,6,1,7,18
83712921000000,83713421000000,500.0,4096,68,67,1335827,1335893,10687158046,10687686043,411,261643,6,1,7,18
83713484000000,83713968000000,484.0,4096,68,67,1335894,1335960,10687694045,10688222043,279,261711,6,1,7,18
83714000000000,83714500000000,500.0,4096,67,66,1335961,1336026,10688230046,10688750043,383,261778,6,1,7,18
83714546000000,83715031000000,485.0,4096,68,68,1336027,1336094,10688758043,10689294047,277,261846,6,1,7,18
83715062000000,83715562000000,500.0,4096,68,67,1336095,1336161,10689302043,10689830043,314,261914,6,1,7,18
83715609000000,83716093000000,484.0,4096,67,66,1336162,1336227,10689838044,10690358043,283,261981,6,1,7,18
83716140000000,83716640000000,500.0,4096,68,68,1336228,1336295,10690366047,10690902043,275,262049,6,1,7,18
83716671000000,83717171000000,500.0,4096,68,66,1336296,1336361,10690910043,10691430043,223,262117,6,1,7,18
83717203000000,83717703000000,500.0,4096,68,67,1336362,1336428,10691438043,10691966043,358,262185,6,1,7,18
83717750000000,83718234000000,484.0,4096,67,66,1336429,1336494,10691974043,10692494046,190,262252,6,1,7,18
83718265000000,83718781000000,516.0,4096,68,68,1336495,1336562,10692502047,10693038043,285,262320,6,1,7,18
83718812000000,83719312000000,500.0,4096,68,67,1336563,1336629,10693046046,10693574046,346,262388,6,1,7,18
83719359000000,83719843000000,484.0,4096,68,67,1336630,1336696,10693582047,10694110044,184,262456,6,1,7,18
83719875000000,83720390000000,515.0,4096,67,67,1336697,1336763,10694118043,10694646043,328,262523,6,1,7,18
83720421000000,83720921000000,500.0,4096,68,67,1336764,1336830,10694654046,10695182047,322,262591,6,1,7,18
83720968000000,83721468000000,500.0,4096,69,68,1336831,1336898,10695190043,10695726046,203,262660,6,1,7,18
83721484000000,83722000000000,516.0,4096,67,66,1336899,1336964,10695734043,10696254043,440,262727,6,1,7,18
83722062000000,83722531000000,469.0,4096,68,67,1336965,1337031,10696262043,10696790043,432,262795,6,1,7,18
83722593000000,83723078000000,485.0,4096,69,68,1337032,1337099,10696798043,10697334043,304,262864,6,1,7,18
83723109000000,83723609000000,500.0,4096,67,66,1337100,1337165,10697342043,10697862046,315,262931,6,1,7,18
83723656000000,83724140000000,484.0,4096,67,67,1337166,1337232,10697870043,10698398043,424,262998,6,1,7,18
83724187000000,83724671000000,484.0,4096,68,67,1337233,1337299,10698406047,10698934046,214,263066,6,1,7,18
83724703000000,83725218000000,515.0,4096,68,67,1337300,1337366,10698942043,10699470043,288,263134,6,1,7,18
83725250000000,83725750000000,500.0,4096,68,67,1337367,1337433,10699478044,10700006044,307,263202,6,1,7,18
83725781000000,83726281000000,500.0,4096,67,67,1337434,1337500,10700014043,10700542043,288,263269,6,1,7,18
83726328000000,83726812000000,484.0,4096,68,67,1337501,1337567,10700550043,10701078047,398,263337,6,1,7,18
83726875000000,83727343000000,468.0,4096,68,66,1337568,1337633,10701086045,10701606046,208,263405,6,1,7,18
83727375000000,83727875000000,500.0,4096,68,67,1337634,1337700,10701614043,10702142043,328,263473,6,1,7,18
83727921000000,83728421000000,500.0,4096,67,66,1337701,1337766,10702150043,10702670045,313,263540,6,1,7,18
83728453000000,83728953000000,500.0,4096,69,68,1337767,1337834,10702678043,10703214043,277,263609,6,1,7,18
83728984000000,83729484000000,500.0,4096,67,66,1337835,1337900,10703222043,10703742043,414,263676,6,1,7,18
83729531000000,83730031000000,500.0,4096,67,67,1337901,1337967,10703750044,10704278043,7190,263743,6,1,7,18
83730953000000,83730953000000,0.0,4096,67,66,1337968,1338033,10704286045,10704806045,3765,263810,6,1,7,18
83731046000000,83731093000000,47.0,4096,68,67,1338034,1338100,10704814044,10705342043,376,263878,6,1,7,18
83731140000000,83731625000000,485.0,4096,68,67,1338101,1338167,10705350043,10705878047,347,263946,6,1,7,18
83731671000000,83732156000000,485.0,4096,68,67,1338168,1338234,10705886043,10706414046,288,264014,6,1,7,18
83732187000000,83732687000000,500.0,4096,67,66,1338235,1338300,10706422043,10706942043,286,264081,6,1,7,18
83732718000000,83733218000000,500.0,4096,68,67,1338301,1338367,10706950046,10707478043,205,264149,6,1,7,18
83733250000000,83733750000000,500.0,4096,68,67,1338368,1338434,10707486047,10708014047,338,264217,6,1,7,18
83733796000000,83734296000000,500.0,4096,67,67,1338435,1338501,10708022043,10708550043,215,264284,6,1,7,18
83734312000000,83734828000000,516.0,4096,68,67,1338502,1338568,10708558043,10709086047,341,264352,6,1,7,18
83734875000000,83735375000000,500.0,4096,68,67,1338569,1338635,10709094047,10709622043,565,264420,6,1,7,18
83735437000000,83735890000000,453.0,4096,67,66,1338636,1338701,10709630043,10710150044,249,264487,6,1,7,18
83735921000000,83736437000000,516.0,4096,68,68,1338702,1338769,10710158047,10710694044,431,264555,6,1,7,18
83736500000000,83736968000000,468.0,4096,68,67,1338770,1338836,10710702046,10711230047,331,264623,6,1,7,18
83737015000000,83737500000000,485.0,4096,68,66,1338837,1338902,10711238045,10711758043,192,264691,6,1,7,18
83737531000000,83738046000000,515.0,4096,68,68,1338903,1338970,10711766043,10712302047,483,264759,6,1,7,18
83738093000000,83738578000000,485.0,4096,68,67,1338971,1339037,10712310043,10712838045,268,264827,6,1,7,18
83738625000000,83739125000000,500.0,4096,69,68,1339038,1339105,10712846043,10713382043,212,264896,6,1,7,18
83739140000000,83739656000000,516.0,4096,67,66,1339106,1339171,10713390043,10713910044,277,264963,6,1,7,18
83739687000000,83740187000000,500.0,4096,67,67,1339172,1339238,10713918043,10714446043,194,265030,6,1,7,18
83740218000000,83740734000000,516.0,4096,69,68,1339239,1339306,10714454044,10714990043,796,265099,6,1,7,18
83740843000000,83741265000000,422.0,4096,68,67,1339307,1339373,10714998043,10715526045,285,265167,6,1,7,18
83741312000000,83741812000000,500.0,4096,67,67,1339374,1339440,10715534046,10716062044,182,265234,6,1,7,18
83741828000000,83742343000000,515.0,4096,70,68,1339441,1339508,10716070045,10716606046,430,265304,6,1,7,18
83742406000000,83742875000000,469.0,4096,68,67,1339509,1339575,10716614043,10717142044,333,265372,6,1,7,18
83742921000000,83743421000000,500.0,4096,67,66,1339576,1339641,10717150043,10717670043,186,265439,6,1,7,18
83743437000000,83743968000000,531.0,4096,69,69,1339642,1339710,10717678043,10718222043,308,265508,6,1,7,18
83744000000000,83744500000000,500.0,4096,68,67,1339711,1339777,10718230046,10718758043,320,265576,6,1,7,18
83744531000000,83745031000000,500.0,4096,67,66,1339778,1339843,10718766047,10719286045,296,265643,6,1,7,18
83745078000000,83745578000000,500.0,4096,68,68,1339844,1339911,10719294046,10719830046,574,265711,6,1,7,18
83745640000000,83746109000000,469.0,4096,69,68,1339912,1339979,10719838047,10720374043,349,265780,6,1,7,18
83746156000000,83746656000000,500.0,4096,68,67,1339980,1340046,10720382047,10720910043,208,265848,6,1,7,18
83746671000000,83747187000000,516.0,4096,67,66,1340047,1340112,10720918046,10721438043,322,265915,6,1,7,18
83747218000000,83747718000000,500.0,4096,68,67,1340113,1340179,10721446046,10721974043,206,265983,6,1,7,18
83747750000000,83748250000000,500.0,4096,69,67,1340180,1340246,10721982047,10722510047,443,266052,6,1,7,18
83748312000000,83748781000000,469.0,4096,67,67,1340247,1340313,10722518044,10723046045,611,266119,6,1,7,18
83748859000000,83749328000000,469.0,4096,68,67,1340314,1340380,10723054043,10723582043,387,266187,6,1,7,18
83749375000000,83749859000000,484.0,4096,68,67,1340381,1340447,10723590043,10724118044,6239,266255,6,1,7,18
83750671000000,83750671000000,0.0,4096,68,67,1340448,1340514,10724126043,10724654043,4202,266323,6,1,7,18
83750937000000,83750937000000,0.0,4096,67,67,1340515,1340581,10724662043,10725190044,443,266390,6,1,7,18
83750984000000,83751468000000,484.0,4096,68,67,1340582,1340648,10725198043,10725726043,465,266458,6,1,7,18
83751531000000,83752000000000,469.0,4096,68,67,1340649,1340715,10725734045,10726262046,335,266526,6,1,7,18
83752046000000,83752531000000,485.0,4096,68,67,1340716,1340782,10726270043,10726798043,504,266594,6,1,7,18
83752593000000,83753078000000,485.0,4096,67,66,1340783,1340848,10726806044,10727326044,455,266661,6,1,7,18
83753125000000,83753609000000,484.0,4096,68,67,1340849,1340915,10727334046,10727862043,546,266729,6,1,7,18
83753671000000,83754140000000,469.0,4096,68,67,1340916,1340982,10727870043,10728398044,340,266797,6,1,7,18
83754187000000,83754671000000,484.0,4096,67,67,1340983,1341049,10728406045,10728934046,312,266864,6,1,7,18
83754718000000,83755218000000,500.0,4096,68,67,1341050,1341116,10728942043,10729470043,318,266932,6,1,7,18
83755250000000,83755750000000,500.0,4096,68,67,1341117,1341183,10729478047,10730006043,343,267000,6,1,7,18
83755796000000,83756281000000,485.0,4096,67,67,1341184,1341250,10730014043,10730542043,455,267067,6,1,7,18
83756343000000,83756812000000,469.0,4096,67,66,1341251,1341316,10730550045,10731070043,305,267134,6,1,7,18
83756859000000,83757343000000,484.0,4096,69,67,1341317,1341383,10731078043,10731606046,302,267203,6,1,7,18
83757390000000,83757875000000,485.0,4096,68,67,1341384,1341450,10731614043,10732142046,274,267271,6,1,7,18
83757921000000,83758421000000,500.0,4096,67,67,1341451,1341517,10732150045,10732678043,274,267338,6,1,7,18
83758453000000,83758953000000,500.0,4096,68,67,1341518,1341584,10732686043,10733214047,305,267406,6,1,7,18
83759000000000,83759500000000,500.0,4096,68,67,1341585,1341651,10733222047,10733750046,204,267474,6,1,7,18
83759515000000,83760015000000,500.0,4096,67,66,1341652,1341717,10733758045,10734278046,368,267541,6,1,7,18
83760078000000,83760562000000,484.0,4096,68,68,1341718,1341785,10734286043,10734822044,625,267609,6,1,7,18
83760640000000,83761109000000,469.0,4096,68,67,1341786,1341852,10734830043,10735358046,329,267677,6,1,7,18
83761140000000,83761625000000,485.0,4096,67,66,1341853,1341918,10735366043,10735886043,337,267744,6,1,7,18
83761671000000,83762156000000,485.0,4096,67,66,1341919,1341984,10735894043,10736414043,219,267811,6,1,7,18
83762187000000,83762687000000,500.0,4096,68,67,1341985,1342051,10736422043,10736950043,319,267879,6,1,7,18
83762734000000,83763218000000,484.0,4096,67,66,1342052,1342117,10736958043,10737478043,338,267946,6,1,7,18
83763265000000,83763750000000,485.0,4096,66,65,1342118,1342182,10737486047,10737998043,206,268012,6,1,7,18
83763765000000,83764281000000,516.0,4096,67,67,1342183,1342249,10738006043,10738534043,357,268079,6,1,7,18
83764312000000,83764812000000,500.0,4096,67,66,1342250,1342315,10738542043,10739062045,203,268146,6,1,7,18
83764828000000,83765343000000,515.0,4096,68,67,1342316,1342382,10739070044,10739598046,259,268214,6,1,7,18
83765375000000,83765906000000,531.0,4096,71,71,1342383,1342453,10739606045,10740166043,348,268285,6,1,7,18
83765953000000,83766484000000,531.0,4096,72,72,1342454,1342525,10740174043,10740742047,330,268357,6,1,7,18
83766531000000,83767046000000,515.0,4096,71,71,1342526,1342596,10740750043,10741310043,210,268428,6,1,7,18
83767078000000,83767625000000,547.0,4096,72,71,1342597,1342667,10741318043,10741878044,345,268500,6,1,7,18
83767671000000,83768187000000,516.0,4096,72,71,1342668,1342738,10741886043,10742446045,487,268572,6,1,7,18
83768250000000,83768765000000,515.0,4096,72,72,1342739,1342810,10742454046,10743022043,252,268644,6,1,7,18
83768796000000,83769312000000,516.0,4096,70,69,1342811,1342879,10743030043,10743574043,602,268714,6,1,7,18
83769390000000,83769859000000,469.0,4096,69,69,1342880,1342948,10743582047,10744126045,371,268783,6,1,7,18
83769921000000,83770406000000,485.0,4096,68,67,1342949,1343015,10744134043,10744662044,5846,268851,6,1,7,18
83771187000000,83771187000000,0.0,4096,69,68,1343016,1343083,10744670043,10745206043,3843,268920,6,1,7,18
83771468000000,83771515000000,47.0,4096,71,71,1343084,1343154,10745214045,10745774043,307,268991,6,1,7,18
83771546000000,83772078000000,532.0,4096,71,70,1343155,1343224,10745782043,10746334043,178,269062,6,1,7,18
83772109000000,83772656000000,547.0,4096,73,73,1343225,1343297,10746342043,10746918043,294,269135,6,1,7,18
83772687000000,83773234000000,547.0,4096,71,71,1343298,1343368,10746926043,10747486043,339,269206,6,1,7,18
83773281000000,83773796000000,515.0,4096,71,71,1343369,1343439,10747494043,10748054045,351,269277,6,1,7,18
83773843000000,83774343000000,500.0,4096,70,69,1343440,1343508,10748062043,10748606043,335,269347,6,1,7,18
83774390000000,83774906000000,516.0,4096,70,69,1343509,1343577,10748614043,10749158043,182,269417,6,1,7,18
83774921000000,83775468000000,547.0,4096,71,71,1343578,1343648,10749166043,10749726043,382,269488,6,1,7,18
83775515000000,83776046000000,531.0,4096,72,72,1343649,1343720,10749734043,10750302043,360,269560,6,1,7,18
83776093000000,83776609000000,516.0,4096,71,71,1343721,1343791,10750310043,10750870043,426,269631,6,1,7,18
83776671000000,83777156000000,485.0,4096,71,69,1343792,1343860,10750878043,10751422043,291,269702,6,1,7,18
83777203000000,83777703000000,500.0,4096,68,67,1343861,1343927,10751430043,10751958043,291,269770,6,1,7,18
83777734000000,83778250000000,516.0,4096,69,68,1343928,1343995,10751966045,10752502047,312,269839,6,1,7,18
83778281000000,83778781000000,500.0,4096,67,66,1343996,1344061,10752510043,10753030043,235,269906,6,1,7,18
83778812000000,83779328000000,516.0,4096,70,70,1344062,1344131,10753038044,10753590043,292,269976,6,1,7,18
83779375000000,83779906000000,531.0,4096,72,72,1344132,1344203,10753598043,10754166044,360,270048,6,1,7,18
83779953000000,83780468000000,515.0,4096,70,70,1344204,1344273,10754174043,10754726045,426,270118,6,1,7,18
83780531000000,83781046000000,515.0,4096,72,72,1344274,1344345,10754734043,10755302046,274,270190,6,1,7,18
83781078000000,83781609000000,531.0,4096,71,70,1344346,1344415,10755310043,10755862046,315,270261,6,1,7,18
83781656000000,83782156000000,500.0,4096,69,68,1344416,1344483,10755870043,10756406045,481,270330,6,1,7,18
83782203000000,83782687000000,484.0,4096,68,67,1344484,1344550,10756414043,10756942047,314,270398,6,1,7,18
83782734000000,83783218000000,484.0,4096,69,68,1344551,1344618,10756950043,10757486047,404,270467,6,1,7,18
83783281000000,83783765000000,484.0,4096,67,67,1344619,1344685,10757494043,10758022045,220,270534,6,1,7,18
83783796000000,83784312000000,516.0,4096,69,68,1344686,1344753,10758030043,10758566043,364,270603,6,1,7,18
83784359000000,83784843000000,484.0,4096,67,66,1344754,1344819,10758574045,10759094046,217,270670,6,1,7,18
83784875000000,83785375000000,500.0,4096,68,68,1344820,1344887,10759102043,10759638046,333,270738,6,1,7,18
83785421000000,83785921000000,500.0,4096,68,67,1344888,1344954,10759646044,10760174046,414,270806,6,1,7,18
83785968000000,83786453000000,485.0,4096,68,67,1344955,1345021,10760182043,10760710043,214,270874,6,1,7,18
83786484000000,83786984000000,500.0,4096,67,67,1345022,1345088,10760718043,10761246044,304,270941,6,1,7,18
83787031000000,83787531000000,500.0,4096,69,67,1345089,1345155,10761254045,10761782043,367,271010,6,1,7,18
83787578000000,83788062000000,484.0,4096,68,67,1345156,1345222,10761790047,10762318043,234,271078,6,1,7,18
83788093000000,83788593000000,500.0,4096,68,67,1345223,1345289,10762326045,10762854044,320,271146,6,1,7,18
83788640000000,83789140000000,500.0,4096,68,67,1345290,1345356,10762862045,10763390046,625,271214,6,1,7,18
83789218000000,83789671000000,453.0,4096,68,68,1345357,1345424,10763398043,10763934043,278,271282,6,1,7,18
83789703000000,83790203000000,500.0,4096,67,66,1345425,1345490,10763942046,10764462045,279,271349,6,1,7,18
83790250000000,83790750000000,500.0,4096,69,68,1345491,1345558,10764470046,10765006046,354,271418,6,1,7,18
83790796000000,83791281000000,485.0,4096,68,67,1345559,1345625,10765014043,10765542043,7170,271486,6,1,7,18
83792218000000,83792218000000,0.0,4096,67,67,1345626,1345692,10765550043,10766078043,3498,271553,6,1,7,18
83792281000000,83792359000000,78.0,4096,69,67,1345693,1345759,10766086045,10766614043,319,271622,6,1,7,18
83792406000000,83792890000000,484.0,4096,68,67,1345760,1345826,10766622043,10767150047,225,271690,6,1,7,18
83792921000000,83793437000000,516.0,4096,67,67,1345827,1345893,10767158043,10767686047,281,271757,6,1,7,18
83793468000000,83793968000000,500.0,4096,69,68,1345894,1345961,10767694045,10768230044,223,271826,6,1,7,18
83794000000000,83794500000000,500.0,4096,68,67,1345962,1346028,10768238043,10768766043,336,271894,6,1,7,18
83794546000000,83795046000000,500.0,4096,67,67,1346029,1346095,10768774043,10769302043,362,271961,6,1,7,18
83795093000000,83795593000000,500.0,4096,69,68,1346096,1346163,10769310046,10769846043,254,272030,6,1,7,18
83795625000000,83796125000000,500.0,4096,67,66,1346164,1346229,10769854046,10770374043,273,272097,6,1,7,18
83796156000000,83796656000000,500.0,4096,68,68,1346230,1346297,10770382043,10770918047,431,272165,6,1,7,18
83796718000000,83797203000000,485.0,4096,69,67,1346298,1346364,10770926043,10771454043,394,272234,6,1,7,18
83797250000000,83797734000000,484.0,4096,67,67,1346365,1346431,10771462044,10771990043,347,272301,6,1,7,18
83797765000000,83798265000000,500.0,4096,68,67,1346432,1346498,10771998045,10772526043,424,272369,6,1,7,18
83798328000000,83798812000000,484.0,4096,68,67,1346499,1346565,10772534047,10773062043,195,272437,6,1,7,18
83798828000000,83799343000000,515.0,4096,67,67,1346566,1346632,10773070046,10773598046,277,272504,6,1,7,18
83799375000000,83799875000000,500.0,4096,68,67,1346633,1346699,10773606043,10774134045,368,272572,6,1,7,18
83799921000000,83800421000000,500.0,4096,68,67,1346700,1346766,10774142047,10774670043,223,272640,6,1,7,18
83800437000000,83800953000000,516.0,4096,68,68,1346767,1346834,10774678044,10775214043,329,272708,6,1,7,18
83801000000000,83801484000000,484.0,4096,67,66,1346835,1346900,10775222043,10775742046,186,272775,6,1,7,18
83801515000000,83802031000000,516.0,4096,69,68,1346901,1346968,10775750043,10776286043,415,272844,6,1,7,18
83802078000000,83802562000000,484.0,4096,68,67,1346969,1347035,10776294046,10776822046,275,272912,6,1,7,18
83802609000000,83803125000000,516.0,4096,71,70,1347036,1347105,10776830047,10777382043,205,272983,6,1,7,18
83803156000000,83803703000000,547.0,4096,72,72,1347106,1347177,10777390043,10777958045,592,273055,6,1,7,18
83803781000000,83804265000000,484.0,4096,71,71,1347178,1347248,10777966043,10778526047,346,273126,6,1,7,18
83804312000000,83804828000000,516.0,4096,71,71,1347249,1347319,10778534045,10779094043,306,273197,6,1,7,18
83804875000000,83805390000000,515.0,4096,70,69,1347320,1347388,10779102043,10779646043,374,273267,6,1,7,18
83805437000000,83805937000000,500.0,4096,70,69,1347389,1347457,10779654043,10780198043,355,273337,6,1,7,18
83805984000000,83806468000000,484.0,4096,67,67,1347458,1347524,10780206047,10780734043,280,273404,6,1,7,18
83806500000000,83807015000000,515.0,4096,68,67,1347525,1347591,10780742043,10781270043,291,273472,6,1,7,18
83807046000000,83807546000000,500.0,4096,69,67,1347592,1347658,10781278043,10781806043,194,273541,6,1,7,18
83807578000000,83808078000000,500.0,4096,68,66,1347659,1347724,10781814043,10782334043,246,273609,6,1,7,18
83808109000000,83808609000000,500.0,4096,67,67,1347725,1347791,10782342043,10782870047,241,273676,6,1,7,18
83808656000000,83809156000000,500.0,4096,69,68,1347792,1347859,10782878047,10783414045,270,273745,6,1,7,18
83809187000000,83809687000000,500.0,4096,68,67,1347860,1347926,10783422043,10783950043,372,273813,6,1,7,18
83809750000000,83810234000000,484.0,4096,67,67,1347927,1347993,10783958046,10784486043,333,273880,6,1,7,18
83810281000000,83810765000000,484.0,4096,69,68,1347994,1348061,10784494045,10785030047,481,273949,6,1,7,18
83810828000000,83811312000000,484.0,4096,68,67,1348062,1348128,10785038044,10785566043,6106,274017,6,1,7,18
83812109000000,83812109000000,0.0,4096,67,67,1348129,1348195,10785574043,10786102043,4131,274084,6,1,7,18
83812375000000,83812390000000,15.0,4096,68,66,1348196,1348261,10786110047,10786630045,394,274152,6,1,7,18
83812421000000,83812921000000,500.0,4096,69,68,1348262,1348329,10786638045,10787174043,256,274221,6,1,7,18
83812953000000,83813453000000,500.0,4096,68,67,1348330,1348396,10787182044,10787710043,191,274289,6,1,7,18
83813484000000,83814000000000,516.0,4096,68,68,1348397,1348464,10787718043,10788254046,298,274357,6,1,7,18
83814031000000,83814531000000,500.0,4096,68,67,1348465,1348531,10788262044,10788790046,272,274425,6,1,7,18
83814562000000,83815062000000,500.0,4096,67,66,1348532,1348597,10788798044,10789318044,184,274492,6,1,7,18
83815078000000,83815593000000,515.0,4096,67,66,1348598,1348663,10789326043,10789846043,401,274559,6,1,7,18
83815640000000,83816125000000,485.0,4096,67,67,1348664,1348730,10789854043,10790382043,259,274626,6,1,7,18
83816156000000,83816656000000,500.0,4096,68,67,1348731,1348797,10790390043,10790918045,233,274694,6,1,7,18
83816687000000,83817187000000,500.0,4096,67,65,1348798,1348862,10790926043,10791438043,297,274761,6,1,7,18
83817218000000,83817734000000,516.0,4096,70,70,1348863,1348932,10791446047,10791998043,261,274831,6,1,7,18
83817781000000,83818312000000,531.0,4096,72,72,1348933,1349004,10792006043,10792574043,262,274903,6,1,7,18
83818343000000,83818890000000,547.0,4096,72,72,1349005,1349076,10792582043,10793150045,340,274975,6,1,7,18
83818937000000,83819468000000,531.0,4096,72,72,1349077,1349148,10793158044,10793726047,369,275047,6,1,7,18
83819515000000,83820046000000,531.0,4096,72,72,1349149,1349220,10793734045,10794302043,430,275119,6,1,7,18
83820093000000,83820609000000,516.0,4096,71,71,1349221,1349291,10794310046,10794870045,305,275190,6,1,7,18
83820656000000,83821187000000,531.0,4096,71,71,1349292,1349362,10794878043,10795438045,266,275261,6,1,7,18
83821218000000,83821750000000,532.0,4096,71,71,1349363,1349433,10795446043,10796006045,186,275332,6,1,7,18
83821781000000,83822312000000,531.0,4096,72,71,1349434,1349504,10796014043,10796574043,519,275404,6,1,7,18
83822375000000,83822859000000,484.0,4096,69,67,1349505,1349571,10796582043,10797110043,362,275473,6,1,7,18
83822906000000,83823390000000,484.0,4096,69,68,1349572,1349639,10797118046,10797654043,299,275542,6,1,7,18
83823437000000,83823937000000,500.0,4096,68,67,1349640,1349706,10797662045,10798190045,275,275610,6,1,7,18
83823968000000,83824468000000,500.0,4096,68,68,1349707,1349774,10798198043,10798734043,337,275678,6,1,7,18
83824515000000,83825000000000,485.0,4096,67,66,1349775,1349840,10798742043,10799262043,244,275745,6,1,7,18
83825046000000,83825546000000,500.0,4096,69,68,1349841,1349908,10799270047,10799806043,457,275814,6,1,7,18
83825609000000,83826093000000,484.0,4096,68,67,1349909,1349975,10799814043,10800342046,353,275882,6,1,7,18
83826140000000,83826625000000,485.0,4096,69,68,1349976,1350043,10800350047,10800886044,263,275951,6,1,7,18
83826656000000,83827156000000,500.0,4096,68,67,1350044,1350110,10800894045,10801422043,360,276019,6,1,7,18
83827203000000,83827687000000,484.0,4096,67,66,1350111,1350176,10801430047,10801950043,357,276086,6,1,7,18
83827750000000,83828218000000,468.0,4096,69,67,1350177,1350243,10801958044,10802486047,346,276155,6,1,7,18
83828265000000,83828765000000,500.0,4096,68,67,1350244,1350310,10802494043,10803022045,501,276223,6,1,7,18
83828828000000,83829312000000,484.0,4096,69,68,1350311,1350378,10803030043,10803566043,452,276292,6,1,7,18
83829359000000,83829843000000,484.0,4096,67,66,1350379,1350444,10803574044,10804094043,255,276359,6,1,7,18
83829875000000,83830375000000,500.0,4096,68,68,1350445,1350512,10804102045,10804638043,289,276427,6,1,7,18
83830421000000,83830921000000,500.0,4096,68,67,1350513,1350579,10804646043,10805174043,417,276495,6,1,7,18
83830968000000,83831453000000,485.0,4096,69,68,1350580,1350647,10805182047,10805718047,203,276564,6,1,7,18
83831484000000,83831984000000,500.0,4096,67,66,1350648,1350713,10805726043,10806246043,7097,276631,6,1,7,18
83832921000000,83832921000000,0.0,4096,68,67,1350714,1350780,10806254046,10806782043,3245,276699,6,1,7,18
83832953000000,83833062000000,109.0,4096,69,68,1350781,1350848,10806790047,10807326046,349,276768,6,1,7,18
83833109000000,83833609000000,500.0,4096,68,67,1350849,1350915,10807334043,10807862047,289,276836,6,1,7,18
83833640000000,83834140000000,500.0,4096,68,67,1350916,1350982,10807870043,10808398046,199,276904,6,1,7,18
83834171000000,83834687000000,516.0,4096,68,68,1350983,1351050,10808406043,10808942043,373,276972,6,1,7,18
83834718000000,83835234000000,516.0,4096,69,68,1351051,1351118,10808950043,10809486043,237,277041,6,1,7,18
83835265000000,83835812000000,547.0,4096,73,73,1351119,1351191,10809494043,10810070043,644,277114,6,1,7,18
83835890000000,83836375000000,485.0,4096,71,71,1351192,1351262,10810078044,10810638043,221,277185,6,1,7,18
83836406000000,83836953000000,547.0,4096,71,71,1351263,1351333,10810646043,10811206043,288,277256,6,1,7,18
83836984000000,83837515000000,531.0,4096,72,71,1351334,1351404,10811214045,10811774043,292,277328,6,1,7,18
83837562000000,83838093000000,531.0,4096,72,72,1351405,1351476,10811782043,10812350043,268,277400,6,1,7,18
83838125000000,83838656000000,531.0,4096,71,71,1351477,1351547,10812358043,10812918047,505,277471,6,1,7,18
83838734000000,83839203000000,469.0,4096,69,68,1351548,1351615,10812926043,10813462043,249,277540,6,1,7,18
83839234000000,83839750000000,516.0,4096,68,67,1351616,1351682,10813470043,10813998046,449,277608,6,1,7,18
83839796000000,83840281000000,485.0,4096,69,68,1351683,1351750,10814006043,10814542043,410,277677,6,1,7,18
83840343000000,83840828000000,485.0,4096,68,67,1351751,1351817,10814550043,10815078043,412,277745,6,1,7,18
83840875000000,83841359000000,484.0,4096,68,68,1351818,1351885,10815086043,10815622047,391,277813,6,1,7,18
83841406000000,83841906000000,500.0,4096,68,67,1351886,1351952,10815630044,10816158043,477,277881,6,1,7,18
83841968000000,83842437000000,469.0,4096,68,66,1351953,1352018,10816166043,10816686046,326,277949,6,1,7,18
83842468000000,83842968000000,500.0,4096,69,68,1352019,1352086,10816694043,10817230043,454,278018,6,1,7,18
83843031000000,83843500000000,469.0,4096,68,67,1352087,1352153,10817238043,10817766043,343,278086,6,1,7,18
83843546000000,83844046000000,500.0,4096,67,67,1352154,1352220,10817774043,10818302045,379,278153,6,1,7,18
83844093000000,83844593000000,500.0,4096,70,69,1352221,1352289,10818310043,10818854045,432,278223,6,1,7,18
83844656000000,83845171000000,515.0,4096,72,72,1352290,1352361,10818862043,10819430047,484,278295,6,1,7,18
83845234000000,83845734000000,500.0,4096,71,71,1352362,1352432,10819438043,10819998045,266,278366,6,1,7,18
83845781000000,83846312000000,531.0,4096,71,71,1352433,1352503,10820006043,10820566045,449,278437,6,1,7,18
83846375000000,83846875000000,500.0,4096,72,72,1352504,1352575,10820574043,10821142043,282,278509,6,1,7,18
83846921000000,83847453000000,532.0,4096,72,70,1352576,1352645,10821150043,10821702047,292,278581,6,1,7,18
83847484000000,83847984000000,500.0,4096,69,67,1352646,1352712,10821710047,10822238043,202,278650,6,1,7,18
83848000000000,83848515000000,515.0,4096,67,67,1352713,1352779,10822246043,10822774045,454,278717,6,1,7,18
83848578000000,83849062000000,484.0,4096,69,68,1352780,1352847,10822782046,10823318047,305,278786,6,1,7,18
