t_us,hr_bpm,time_status,time_validity_reason,rmssd_ms,rmssd_ci_low_ms,rmssd_ci_high_ms,sdnn_ms,pnn50_percent,fiducial_quality_mean,fiducial_uncertainty_p95_ms,fiducial_shift_p95_ms,fiducial_unstable_ratio,frequency_status,frequency_validity_reason,frequency_ready,frequency_progress,frequency_duration_seconds,total_power_ms2,vlf_ms2,lf_ms2,hf_ms2,lf_nu,hf_nu,lf_hf,hf_lf,median_frequency_hz,thm_power_ms2,resonance_band_power_ms2,resonance_share,lf_peak_frequency_hz,lf_peak_prominence_ratio,spectral_agreement,spectral_agreement_raw,spectral_shape_agreement,band_power_agreement,interpolation_agreement,frequency_waveform_inserted_ratio,frequency_timing_recovered_ratio,frequency_timing_shift_delta_p95_ms,dual_detector_ratio,single_detector_ratio,detector_consensus_mean,detector_time_spread_p95_ms,sequence_rescue_ratio,local_clip_ratio,firmware_unmatched_ratio,sqi,transport_score,transport_status,contact_score,contact_status,overall_status,detected_artifact_ratio,corrected_ratio,unresolved_suspect_ratio,max_consecutive_artifacts,max_consecutive_unresolved,resolved_artifact_ratio,protocol_error_ratio,protocol_crc_errors,protocol_format_errors,protocol_seq_gaps
67572885916,91.46355406029582,INVALID,有效 NN 不足：32/40,nan,nan,nan,nan,nan,1.0,5.0,8.0019,0.0,LIMITED,频域窗口积累中：20/300 秒,False,0.06773332000001876,20.31999600000563,nan,nan,nan,nan,nan,nan,nan,nan,nan,nan,nan,nan,nan,nan,0.0,0.0,0.0,0.0,0.0,0.0,0.0,0.0,0.0,0.0,0.0,0.0,0.0,0.0,0.0,0.9184715299186043,0.9956306688870387,VALID,0.8846744900810283,VALID,INVALID,0.0,0.0,0.0,0,0,0.0,0.0002775464890369137,0,1,0
67593325916,86.20739199650573,INVALID,心搏峰附近削底/饱和 8.3% > 8.0%,nan,nan,nan,nan,nan,0.9911773262269203,5.0,239.99725,0.0,LIMITED,频域窗口积累中：41/300 秒,False,0.13586665333335987,40.75999600000796,nan,nan,nan,nan,nan,nan,nan,nan,nan,nan,nan,nan,nan,nan,0.0,0.0,0.0,0.0,0.0,0.0,0.0,0.0,0.0,0.0,0.0,0.0,0.0,0.0,0.0,0.8711210627843415,0.9970674796747968,VALID,0.8154492135430552,VALID,INVALID,0.03333333333333333,0.016666666666666666,0.0,2,0,0.03333333333333333,0.00016260162601626016,0,1,0
67613837917,82.41792205187659,INVALID,心搏峰附近削底/饱和 8.3% > 8.0%,nan,nan,nan,nan,nan,0.9911773262269203,5.0,19.60364999999934,0.0,LIMITED,频域窗口积累中：61/300 秒,False,0.20423999000001156,61.271997000003466,nan,nan,nan,nan,nan,nan,nan,nan,nan,nan,nan,nan,nan,nan,0.0,0.0,0.0,0.0,0.0,0.0,0.0,0.0,0.0,0.0,0.0,0.0,0.0,0.0,0.0,0.942144745291729,0.9976738733599545,VALID,0.9176886163689683,VALID,INVALID,0.03333333333333333,0.016666666666666666,0.0,2,0,0.03333333333333333,0.00011409013120365089,0,1,0
67634341920,97.40228116142481,LIMITED,受限输出：心搏峰附近削底/饱和 3.3%,22.84282654784463,19.315859504411055,25.547787690072063,37.86495642067782,1.694915254237288,0.9992032599801505,5.0,8.003,0.0,LIMITED,频域窗口积累中：82/300 秒,False,0.27258666666670855,81.77600000001257,nan,nan,nan,nan,nan,nan,nan,nan,nan,nan,nan,nan,nan,nan,0.0,0.0,0.0,0.0,0.0,0.0,0.0,0.0,0.0,0.0,0.0,0.0,0.0,0.0,0.0,0.9722600915009678,0.9980002287524196,VALID,0.961,VALID,LIMITED,0.0,0.0,0.0,0,0,0.0,8.798169980644026e-05,0,1,0
67655053920,80.64516129032258,VALID,,25.16892916956088,20.347124180178994,30.511344829247857,44.39491725453496,3.389830508474576,0.9992032599801505,5.0,255.99715,0.0,LIMITED,频域窗口积累中：102/300 秒,False,0.34162666666670705,102.48800000001211,nan,nan,nan,nan,nan,nan,nan,nan,nan,nan,nan,nan,nan,nan,0.0,0.0,0.0,0.0,0.0,0.0,0.0,0.0,0.0,0.0,0.0,0.0,0.0,0.0,0.0,0.9915437078858482,0.9982040711009175,VALID,0.9887363369768062,VALID,LIMITED,0.0,0.0,0.0,0,0,0.0,7.167431192660551e-05,0,1,0
67675453921,87.20879529770176,VALID,,25.383689170042953,20.510486503475608,30.466499999444352,35.65027251541629,5.084745762711865,1.0,5.0,20.403649999999296,0.0,LIMITED,频域窗口积累中：123/300 秒,False,0.4096266699999978,122.88800099999935,nan,nan,nan,nan,nan,nan,nan,nan,nan,nan,nan,nan,nan,nan,0.0,0.0,0.0,0.0,0.0,0.0,0.0,0.0,0.0,0.0,0.0,0.0,0.0,0.0,0.0,0.9814027569177558,0.9983448954935364,VALID,0.9740069314849373,VALID,LIMITED,0.0,0.0,0.0,0,0,0.0,6.040836051709557e-05,0,1,0
67695533920,83.33333333333333,VALID,,27.29872939676802,22.73446404196009,31.109226403240875,32.565519953326536,3.389830508474576,1.0,5.0,18.00379999999943,0.0,LIMITED,频域窗口积累中：143/300 秒,False,0.4765600000000268,142.96800000000803,nan,nan,nan,nan,nan,nan,nan,nan,nan,nan,nan,nan,nan,nan,0.0,0.0,0.0,0.0,0.0,0.0,0.0,0.0,0.0,0.0,0.0,0.0,0.0,0.0,0.0,0.968847142998938,0.9984474629358948,VALID,0.9558117835243936,VALID,LIMITED,0.0,0.0,0.0,0,0,0.0,5.2202965128419294e-05,0,1,0
67715677920,78.12449137700926,VALID,,30.613164610581766,26.202632243338847,34.74994465168793,45.40064800459356,5.084745762711865,1.0,5.0,248.3962,0.0,LIMITED,频域窗口积累中：163/300 秒,False,0.5437066666666942,163.11200000000827,nan,nan,nan,nan,nan,nan,nan,nan,nan,nan,nan,nan,nan,nan,0.0,0.0,0.0,0.0,0.0,0.0,0.0,0.0,0.0,0.0,0.0,0.0,0.0,0.0,0.0,0.9658783728483449,0.998523538092603,VALID,0.9514796054385497,VALID,LIMITED,0.0,0.0,0.0,0,0,0.0,4.611695259177273e-05,0,1,0
67735733920,90.36199013247068,VALID,,30.365297165221403,25.16475486743765,35.19944599795493,45.54084880321747,6.779661016949152,0.999067597086494,5.0,248.3962,0.0,LIMITED,频域窗口积累中：183/300 秒,False,0.6105600000000171,183.16800000000512,nan,nan,nan,nan,nan,nan,nan,nan,nan,nan,nan,nan,nan,nan,0.0,0.0,0.0,0.0,0.0,0.0,0.0,0.0,0.0,0.0,0.0,0.0,0.0,0.0,0.0,0.9736935078879988,0.9985837697199968,VALID,0.9627333333333333,VALID,LIMITED,0.0,0.0,0.0,0,0,0.0,4.129842240026431e-05,0,1,0
67755925918,86.20689655172414,VALID,,27.44509354862645,22.850723023332044,31.457791832434815,37.92726940852388,5.357142857142857,0.999067597086494,5.0,8.004,0.0,LIMITED,频域窗口积累中：203/300 秒,False,0.6778666599999997,203.3599979999999,nan,nan,nan,nan,nan,nan,nan,nan,nan,nan,nan,nan,nan,nan,0.0,0.0,0.0,0.0,0.0,0.0,0.0,0.0,0.0,0.0,0.0,0.0,0.0,0.0,0.0,0.9941134606775109,0.9986336516937772,VALID,0.9922,VALID,LIMITED,0.03333333333333333,0.016666666666666666,0.0,2,0,0.03333333333333333,3.7307864497836144e-05,0,1,0
67776373920,78.12510172539287,VALID,,25.612865329612326,22.039934496878146,29.288304751020537,51.346268259336135,3.571428571428571,1.0,5.0,20.003949999999318,0.0,LIMITED,频域窗口积累中：224/300 秒,False,0.7460266666666818,223.80800000000454,nan,nan,nan,nan,nan,nan,nan,nan,nan,nan,nan,nan,nan,nan,0.0,0.0,0.0,0.0,0.0,0.0,0.0,0.0,0.0,0.0,0.0,0.0,0.0,0.0,0.0,0.9995295551389126,0.9986738878472815,VALID,1.0,VALID,LIMITED,0.03333333333333333,0.016666666666666666,0.0,2,0,0.03333333333333333,3.4088972217487644e-05,0,1,0
67796957921,89.28571428571429,VALID,,23.54306859130549,20.448172242238584,26.817823433562445,51.01203141090018,1.694915254237288,0.9993423081825614,5.0,248.80289999999994,0.0,LIMITED,频域窗口积累中：244/300 秒,False,0.8146400033333339,244.39200100000016,nan,nan,nan,nan,nan,nan,nan,nan,nan,nan,nan,nan,nan,nan,0.0,0.0,0.0,0.0,0.0,0.0,0.0,0.0,0.0,0.0,0.0,0.0,0.0,0.0,0.0,0.9995436620599087,0.9987091551497719,VALID,1.0,VALID,LIMITED,0.0,0.0,0.0,0,0,0.0,3.1267588018260274e-05,0,1,0
67817037918,94.93715951183313,VALID,,28.768966501116665,22.695370585809794,36.426013974279684,49.99897335685834,5.084745762711865,0.9993423081825615,5.0,247.99904999999998,0.0,LIMITED,频域窗口积累中：264/300 秒,False,0.8815733266666939,264.47199800000817,nan,nan,nan,nan,nan,nan,nan,nan,nan,nan,nan,nan,nan,nan,0.0,0.0,0.0,0.0,0.0,0.0,0.0,0.0,0.0,0.0,0.0,0.0,0.0,0.0,0.0,0.995955051456733,0.9987376286418322,VALID,0.9948,VALID,LIMITED,0.0,0.0,0.0,0,0,0.0,2.8989708653428032e-05,0,1,0
67837373920,80.64537807897332,VALID,,29.915048271759396,23.783510168914347,36.6408375883428,69.69296151850872,6.779661016949152,1.0,5.0,248.79984999999996,0.0,LIMITED,频域窗口积累中：285/300 秒,False,0.9493600000000151,284.80800000000454,nan,nan,nan,nan,nan,nan,nan,nan,nan,nan,nan,nan,nan,nan,0.0,0.0,0.0,0.0,0.0,0.0,0.0,0.0,0.0,0.0,0.0,0.0,0.0,0.0,0.0,0.9959651600550148,0.9987629001375369,VALID,0.9948,VALID,LIMITED,0.0,0.0,0.0,0,0,0.0,2.696798899706049e-05,0,1,0
67857493920,78.94705678793373,VALID,,27.35843707468486,23.685416570461253,30.667407254802708,41.568998545033594,3.389830508474576,1.0,5.0,248.79699999999997,0.0,LIMITED,受限输出：心搏峰附近削底/饱和 2.1%；Welch/Lomb 稳健一致性 79%；频带一致性 78%；两种频率算法差异较大 79%；快慢节律分布算法差异较大 78%,True,1.0,300.0480009999883,1552.6752659333456,572.739969099915,697.0296650488407,237.5175598927113,74.58474504511358,25.415254954886414,2.934644770532734,0.34075674508927606,0.06053012461561718,292.58351648424036,245.3571155490895,0.2615201468323188,0.06640625,4.642599281476389,0.7939041534482325,0.6381381610331165,0.7985701809034822,0.7830167560526501,0.9998784862470983,0.0045662100456621,0.0045662100456621,255.5971499999999,0.9954337899543378,0.0045662100456621,0.9984644508871406,0.0,0.0045662100456621,0.02054794520547945,0.07990867579908675,0.9881770057150586,0.998784916313773,VALID,0.9835377232737936,VALID,LIMITED,0.0,0.0,0.0,0,0,0.0,2.5206694898164952e-05,0,1,0
67877589920,89.28584715155826,VALID,,26.594313373606,22.874999812065866,30.296539016285585,45.5336012240343,1.694915254237288,1.0,5.0,204.40389999999974,0.0,LIMITED,受限输出：Welch/Lomb 稳健一致性 89%；频带一致性 83%,True,1.0,300.44800200000464,1701.870690260767,729.6054863500058,709.4806203424612,217.44202769284078,76.54151312909127,23.45848687090872,3.262849541417428,0.3064805738990913,0.05173825827685899,292.43591606411064,242.83082096341826,0.2613474017302627,0.0625,5.842181177468449,0.8932556487044019,0.8191711926623528,0.9182442008775284,0.8349490269671067,0.9999375056017333,0.0022935779816513763,0.0022935779816513763,255.5971499999999,0.9977064220183486,0.0022935779816513763,0.9990060045390906,0.0,0.0022935779816513763,0.016055045871559634,0.07568807339449542,0.9995814744577457,0.9988036861443642,VALID,1.0,VALID,LIMITED,0.0,0.0,0.0,0,0,0.0,2.3705108450871162e-05,0,1,0
67897765920,92.5925925925926,VALID,,24.690870034303117,19.608775695628903,29.928964381090644,43.686454532579305,3.389830508474576,1.0,5.0,272.40094999999997,0.0,VALID,,True,1.0,300.21600300000864,1976.0857323006926,1032.0681560537869,709.7586412322014,184.53203096978422,79.365542244177,20.634457755822993,3.846262556707129,0.2599926513743051,0.03600118615641427,315.83206752520715,244.49180637992478,0.27269083929842103,0.0625,5.8477803637211325,0.9538870650459373,0.8144084328607288,0.9643114198471563,0.9295635705097601,0.9999746415328605,0.0,0.0,263.19739999999985,1.0,0.0,0.9996722881349024,0.0,0.0,0.009153318077803204,0.07551487414187644,0.96418816319227,0.9988204079806747,VALID,0.9488666666666666,VALID,VALID,0.0,0.0,0.0,0,0,0.0,2.236736154603203e-05,0,1,0
67918109917,91.46299635824836,VALID,,33.57129948535793,26.256879272321292,39.198940796415826,68.41522152435077,15.254237288135593,1.0,5.0,272.40094999999997,0.0,VALID,,True,1.0,300.05599699998857,2401.766269744495,1496.8635950576538,686.2235043540558,159.28584660700363,81.16095978998348,18.839040210016513,4.308126044915551,0.23211948526441087,0.01966236039737922,340.08344300207955,236.88650790853913,0.27893048567967926,0.0625,5.985947806298719,0.9590955499743172,0.8691831487655737,0.9724666205380127,0.9278963853256945,0.9999914330632845,0.0,0.0,272.001,1.0,0.0,0.9996715365021843,0.0,0.0,0.009174311926605505,0.0779816513761468,0.8658299622426268,0.9988357293868922,VALID,0.8067848573713676,VALID,VALID,0.0,0.0,0.0,0,0,0.0,2.114164904862579e-05,0,1,0
67938645920,83.33368055700232,VALID,,39.956842389576465,33.44313624324124,46.36929043729825,63.48517910102106,23.636363636363637,0.99902829596658,5.0,180.39984999999976,0.0,LIMITED,受限输出：频带一致性 81%；快慢节律分布算法差异较大 81%,True,1.0,300.25599999999395,2912.7542905479627,2043.6472807208088,646.0911022392343,158.00177447446748,80.35030789972733,19.649692100272663,4.08913826688472,0.24455030246796786,0.01823668943430752,341.05703617966384,216.274556771407,0.26683600185329004,0.0625,5.093870098913892,0.909477385366244,0.8857963107799555,0.950690334165806,0.8133138381672663,0.9999958034869862,0.0,0.0,272.0012,1.0,0.0,0.9996458342722078,0.0,0.0,0.0069124423963133645,0.07834101382488479,0.855787384482582,0.9661065069697254,VALID,0.8081084691423992,VALID,LIMITED,0.05,0.03333333333333333,0.016666666666666666,3,1,0.03333333333333333,8.016192709272732e-05,1,3,8
67958869916,79.7872340425532,LIMITED,受限输出：心搏峰附近削底/饱和 3.3%,58.50195199133623,32.63791711211747,86.78546991660428,74.28947738458373,20.33898305084746,0.99902829596658,5.0,8.004,0.0,LIMITED,受限输出：频带一致性 85%,True,1.0,300.4159959999961,3294.485809886042,2435.62447357143,618.6011301530795,178.13501103330836,77.6419065453646,22.358093454635387,3.4726532789077105,0.2879642508723302,0.01762034172378084,317.49192901235307,205.50984937538627,0.2550587571990976,0.078125,4.059334656509378,0.9072429570062094,0.8972964268148808,0.9327237303223127,0.8477878192686351,0.9999963315941559,0.0,0.0,269.6009999999999,1.0,0.0,0.9996466484462945,0.0,0.0,0.011494252873563218,0.06206896551724138,0.944133727410126,0.9981475283360322,VALID,0.9202879232204746,VALID,LIMITED,0.0,0.0,0.0,0,0,0.0,7.619773311743975e-05,1,3,8
67979597917,88.23529411764706,LIMITED,受限输出：心搏峰附近削底/饱和 3.3%,28.021028027753424,22.550547405285997,33.3152108156834,60.834754327230144,7.142857142857142,1.0,5.0,272.4038,0.0,LIMITED,受限输出：频带一致性 87%,True,1.0,300.1839970000001,3480.7946518596036,2583.799692935809,639.4669600456825,205.15071706177392,75.71081891580235,24.289181084197654,3.117059346437135,0.32081519434110917,0.017475589567504148,288.91696145113985,234.5943533720777,0.2744097257107036,0.078125,4.505092950508858,0.919229562329446,0.8659248687650826,0.941481229208223,0.8673090062789667,0.9999963040866915,0.0,0.0,278.001,1.0,0.0,0.9996458342722078,0.0,0.0,0.01152073732718894,0.06221198156682028,0.9855405576274472,0.9981921965212972,VALID,0.9800719808051186,VALID,LIMITED,0.03333333333333333,0.016666666666666666,0.0,2,0,0.03333333333333333,7.262427829623443e-05,1,3,8
67999725920,96.15384615384616,VALID,,25.72415230971803,20.825070081817657,31.214434593982382,51.02727993702611,5.357142857142857,1.0,5.0,272.80395,0.0,VALID,,True,1.0,300.61599999999453,3437.542321004375,2427.1349464021737,742.4670940760813,222.67827705562698,76.92800652460062,23.071993475399395,3.3342592007329324,0.299916695072831,0.018400500006376767,286.69476309197375,300.7391108827053,0.3085158351530774,0.046875,5.218222755353882,0.9395529230077615,0.771324124590001,0.9509877192164737,0.9128717318540998,0.999995648207065,0.0,0.0,278.001,1.0,0.0,0.9996466484462946,0.0,0.0,0.011494252873563218,0.06436781609195402,0.9747531872095443,0.9982329680238609,VALID,0.9644666666666667,VALID,VALID,0.03333333333333333,0.016666666666666666,0.0,2,0,0.03333333333333333,6.93625580911424e-05,1,3,8
68019797920,76.53061224489795,VALID,,38.65449015126891,25.456080662090777,49.59748528830691,75.24955562833514,12.727272727272727,0.9999650119503836,5.0,21.203999999999247,0.0,VALID,,True,1.0,300.4400040000037,3336.662024205985,2104.0009771908963,938.0831078504133,231.98746740303025,80.17320729967244,19.82679270032754,4.043680110618596,0.24729948280874808,0.023900307843912057,320.9414983721586,369.97920048734784,0.31422478786402985,0.046875,4.310786932888491,0.9614827228258188,0.8014205265455344,0.953513403792854,0.9800778005694036,0.9999928222835225,0.0,0.0,280.0,1.0,0.0,0.9996418225084165,0.0,0.0,0.011494252873563218,0.06666666666666667,0.9555793736927299,0.9982692420164159,VALID,0.9367501999466809,VALID,VALID,0.05,0.03333333333333333,0.0,2,0,0.05,6.646063868673779e-05,1,3,8
68040093920,76.53080747654968,LIMITED,受限输出：心搏峰附近削底/饱和 3.3%,41.56964563815938,31.676685224612093,52.85604134075362,82.75530421873361,17.857142857142858,0.9999650119503836,5.0,22.002999999999204,0.0,VALID,,True,1.0,300.5679999999993,3423.078087621112,1893.967705280135,1165.3419976421949,239.69969369619437,82.94002981022822,17.059970189771775,4.8616749553263885,0.205690427514989,0.031020561331784543,371.8607786579239,390.5240398209876,0.27702658373419525,0.04296875,4.560297810823193,0.9590892317404272,0.8761310106874053,0.9812726226093422,0.9073279863796253,0.9999848283527345,0.0,0.0,280.0,1.0,0.0,0.9997682992249919,0.0,0.0,0.013921113689095127,0.06496519721577726,0.9801811071958162,0.9983027679895404,VALID,0.9722666666666667,VALID,LIMITED,0.03333333333333333,0.016666666666666666,0.0,2,0,0.03333333333333333,6.377856083677472e-05,1,3,8
68060517920,74.25779335541266,VALID,,40.538363647750856,34.422814486890296,47.04091340751161,38.41367817771741,15.254237288135593,1.0,5.0,8.002,0.0,LIMITED,受限输出：频带一致性 87%,True,1.0,300.59999999999127,3679.4292106124103,1888.371005495763,1322.613979780582,252.547986468316,83.96685598816637,16.033144011833627,5.237079884406497,0.19094610394955375,0.03793435918526156,398.0159889654919,343.3438238138111,0.21753635618243386,0.04296875,7.318364949062436,0.9293271040236306,0.8988141904278146,0.9527456606681768,0.8746838051863564,0.9999818778451687,0.0,0.0,272.40379999999965,1.0,0.0,0.9997655797323275,0.0,0.0,0.014084507042253521,0.05868544600938967,0.9813938103767663,0.998334525941916,VALID,0.974,VALID,LIMITED,0.0,0.0,0.0,0,0,0.0,6.123792464673373e-05,1,3,8
68080565920,78.12520345105065,VALID,,36.601076381088,30.948675512522502,43.07791243221871,41.164919575406884,11.864406779661017,1.0,5.0,320.0,0.0,VALID,,True,1.0,300.43200299999444,3903.017577721259,2013.479680560618,1334.6553784486591,267.56565525190945,83.30032813051227,16.699671869487734,4.98814161029785,0.20047546323374896,0.03833416695412799,373.2593437541719,257.5954131366263,0.16044892131253832,0.04296875,8.124629755900724,0.9474287886287334,0.8787204120066122,0.9598027368414164,0.9185562427991396,0.9999858186054824,0.0,0.0,289.2023999999998,1.0,0.0,0.9997655797323275,0.0,0.0,0.014084507042253521,0.06338028169014084,0.938221552123199,0.9983630911850969,VALID,0.911623567048787,VALID,VALID,0.0,0.0,0.0,0,0,0.0,5.895270519225951e-05,1,3,8
68100765920,92.59316415533429,LIMITED,受限输出：心搏峰附近削底/饱和 6.7%,33.09992285822339,27.954911964860244,38.73415596815721,55.16056075076634,10.16949152542373,1.0,5.0,320.0,0.0,LIMITED,受限输出：心搏峰附近削底/饱和 2.4%,True,1.0,300.1359999999986,3941.444951476162,2134.089985397555,1226.6344021482626,276.86207451097175,81.58545238987466,18.414547610125343,4.430489095752449,0.2257087148592035,0.03778789530320163,320.4507659212429,178.76545563439078,0.1185933355287032,0.046875,10.301025754819763,0.9542193548906209,0.7971599477130556,0.9574165144551876,0.9467593159066323,0.9999887354614919,0.0,0.0,289.6021999999999,1.0,0.0,0.9998575435731553,0.0,0.0,0.02358490566037736,0.06132075471698113,0.8152652377684972,0.9983903271591797,VALID,0.7340042655291923,LIMITED,LIMITED,0.0,0.0,0.0,0,0,0.0,5.6773827265630544e-05,1,3,8
68121229921,82.41712957621112,INVALID,心搏峰附近削底/饱和 8.3% > 8.0%,nan,nan,nan,nan,nan,1.0,5.0,8.003,0.0,LIMITED,受限输出：心搏峰附近削底/饱和 2.6%,True,1.0,300.6880020000099,3902.939109146329,2265.8959611218256,1096.6198468535092,274.7070339699295,79.96779339693417,20.032206603065823,3.9919612942038807,0.25050343084537113,0.0369842721090929,295.69575033149,144.07365922269273,0.10474424566396179,0.046875,12.97654148476145,0.9628078161668743,0.7522040716278298,0.9541391960204767,0.9830345965084686,0.9999838217003673,0.0,0.0,289.6021999999999,1.0,0.0,0.9998561868452805,0.0,0.0,0.02619047619047619,0.05238095238095238,0.8710260499137058,0.9984151247842644,VALID,0.8145333333333333,VALID,INVALID,0.0,0.0,0.0,0,0,0.0,5.479001725885544e-05,1,3,8
68141829918,84.26989963454953,LIMITED,受限输出：心搏峰附近削底/饱和 5.0%,33.94187273480594,30.16350953444109,38.8890596184256,56.35675575344943,11.864406779661017,1.0,5.0,8.003,0.0,LIMITED,受限输出：心搏峰附近削底/饱和 3.1%,True,1.0,300.0720000000001,3820.671282804061,2330.7239633838103,1017.1613570002763,264.84162468869795,79.3415749829394,20.65842501706061,3.8406400738398863,0.26037326611556083,0.03613942237114492,340.8297083351407,163.83280372242314,0.12746629684516034,0.0703125,8.113202298029462,0.9644227949198313,0.8564903320543589,0.9657716327327249,0.9612755066897464,0.9999828400694123,0.0,0.0,295.99925,1.0,0.0,0.9998554987440618,0.0,0.0,0.03110047846889952,0.050239234449760764,0.8842354882226131,0.9984387205565328,VALID,0.8336,VALID,LIMITED,0.0,0.0,0.0,0,0,0.0,5.290235547737763e-05,1,3,8
68161861918,81.52173913043478,LIMITED,受限输出：心搏峰附近削底/饱和 5.0%,33.797707424506505,29.612591010384158,37.38212611945228,49.81507420040735,15.254237288135593,1.0,5.0,288.80094999999994,0.0,LIMITED,受限输出：心搏峰附近削底/饱和 3.1%；频带一致性 90%,True,1.0,300.08800099999644,3748.4135775571203,2312.293570333342,1006.4296003385926,255.9455970982266,79.72507717056628,20.274922829433716,3.9322012636628627,0.2543104823348985,0.03511342132412834,441.45793326045526,220.37693289611227,0.1742914509153763,0.0703125,4.781520926331732,0.9491302954012455,0.8582747048813533,0.9704815614387595,0.8993106746470463,0.9999762800899519,0.0,0.0,303.99780000000004,1.0,0.0,0.9998551522182682,0.0,0.0,0.03117505995203837,0.05515587529976019,0.9034696161106983,0.9984600573388626,VALID,0.8613703012529992,VALID,LIMITED,0.0,0.0,0.0,0,0,0.0,5.119541289100497e-05,1,3,8
68182485920,89.28584715155826,INVALID,心搏峰附近削底/饱和 11.7% > 8.0%,nan,nan,nan,nan,nan,1.0,5.0,288.40115,0.0,LIMITED,受限输出：心搏峰附近削底/饱和 4.6%；Welch/Lomb 稳健一致性 89%；频带一致性 89%,True,1.0,300.44800200000464,3755.9914812048332,2326.6999463227344,1006.8042960733735,252.76477262563344,79.93244047452586,20.067559525474138,3.9831669801730563,0.2510565098017942,0.03306745027757468,539.6515695185434,291.0587848403683,0.23074379801176503,0.0703125,4.232261058755365,0.8945517313563031,0.7619311502208482,0.8976898242842186,0.8872295145245003,0.9999750969899981,0.0,0.0,303.9996,1.0,0.0,0.9998548040264852,0.0,0.0,0.04567307692307692,0.0625,0.7842565397533514,0.998481218751547,VALID,0.6886563583044522,LIMITED,INVALID,0.05,0.05,0.0,2,0,0.05,4.950249987624375e-05,1,3,8
68203189917,85.22739378891163,INVALID,心搏峰附近削底/饱和 15.0% > 8.0%,nan,nan,nan,nan,nan,1.0,5.0,280.40385,0.0,LIMITED,受限输出：心搏峰附近削底/饱和 5.1%,True,1.0,300.2479969999986,3524.144976821514,2130.2386353498755,957.4316523303149,253.32627319117464,79.07705018060784,20.922949819392148,3.779440798893298,0.26458940706064815,0.031079536994679594,566.0984010711411,345.7627712494857,0.2847033618135746,0.04296875,6.939125060256388,0.9157083445389804,0.7676672779258703,0.8887223869729771,0.9786755788596551,0.9999713573924746,0.0,0.0,288.0044,1.0,0.0,0.9998541025966614,0.0,0.0,0.050724637681159424,0.06280193236714976,0.911283696949692,0.9985004580500498,VALID,0.872633964276193,VALID,INVALID,0.05,0.05,0.0,2,0,0.05,4.796335599601904e-05,1,3,8
68223325919,100.00016666694444,LIMITED,受限输出：心搏峰附近削底/饱和 5.0%,28.36986723650551,22.82546967071365,32.34558597067868,62.547783353216026,6.779661016949152,1.0,5.0,19.200949999999363,0.0,LIMITED,受限输出：心搏峰附近削底/饱和 5.0%,True,1.0,300.68800100000226,3169.9643419526133,1843.572431045485,878.4931112856121,252.08520273552088,77.7029861966016,22.297013803398393,3.484905507156233,0.2869518263684642,0.030633701291706877,512.523950680028,361.852951899553,0.3181270056299126,0.04296875,14.11791978047342,0.9252586247511143,0.834588930492998,0.9293448680756815,0.915724056993791,0.9999690835585535,0.0,0.0,288.0026,1.0,0.0,0.9998554987440618,0.0,0.0,0.050239234449760764,0.07655502392344497,0.9994673769424026,0.9985184423560064,VALID,1.0,VALID,LIMITED,0.0,0.0,0.0,0,0,0.0,4.652461151949381e-05,1,3,8
68243349920,89.28571428571429,VALID,,27.7323040449954,23.36758487326957,31.805513222240634,65.24834507536147,5.084745762711865,1.0,5.0,264.79789999999997,0.0,LIMITED,受限输出：心搏峰附近削底/饱和 4.8%,True,1.0,300.5759999999864,2760.0798938280354,1470.2650117679045,838.0399479659656,247.78941438274614,77.17970954047851,22.820290459521498,3.382065170352649,0.29567733016088793,0.03508662414396787,440.0605606336828,345.4988618376136,0.31539738479017154,0.04296875,13.675033741216929,0.9384946987652698,0.7406500326327927,0.9527782411849849,0.9051664331192681,0.9999388959156578,0.0,0.0,288.0026,1.0,0.0,0.9999949657482566,0.0,0.0,0.047961630695443645,0.07434052757793765,0.9736739959771286,0.9985349899428211,VALID,0.9627333333333333,VALID,LIMITED,0.0,0.0,0.0,0,0,0.0,4.520080457432142e-05,1,3,8
68263485920,91.46355406029582,VALID,,29.162251174699655,24.413407841623346,32.99587159085411,39.771261912401044,6.779661016949152,1.0,5.0,280.40264999999994,0.0,LIMITED,受限输出：心搏峰附近削底/饱和 4.8%,True,1.0,300.1199990000023,2589.8135847878825,1259.1051828409873,884.3293977580225,244.821771163699,78.3180695462158,21.681930453784197,3.6121354467561613,0.2768445465958479,0.03979397915106167,418.08315789153414,322.97331273340046,0.2834291625823365,0.04296875,10.003053158070603,0.957362177534927,0.690620018697057,0.9569858082197388,0.9582403726036995,0.9999125964770056,0.0,0.0,288.0048,1.0,0.0,0.999994977791921,0.0,0.0,0.04784688995215311,0.08133971291866028,0.9850803597706956,0.9985508994267391,VALID,0.9792,VALID,LIMITED,0.0,0.0,0.0,0,0,0.0,4.3928045860879876e-05,1,3,8
68284077917,88.2347750895583,VALID,,26.938896649860485,22.49964754289819,30.154297499878076,33.99945192600381,3.389830508474576,1.0,5.0,279.99615,0.0,LIMITED,受限输出：心搏峰附近削底/饱和 4.8%；Welch/Lomb 稳健一致性 90%,True,1.0,300.21600000000035,2633.3032227453054,1212.8685679977832,991.5189957216596,244.395755361687,80.22551675611439,19.77448324388562,4.057022161674975,0.24648620592872036,0.04136579300503015,466.81220628509175,319.92479983048884,0.2570865087870951,0.04296875,6.829825993124257,0.8966341190854867,0.617924584642943,0.8933194653375336,0.9043683111640444,0.9999017000100456,0.0,0.0,288.0028,1.0,0.0,0.999994977791921,0.0,0.0,0.04784688995215311,0.08133971291866028,0.9676863772790876,0.9985659431977186,VALID,0.9540666666666666,VALID,LIMITED,0.0,0.0,0.0,0,0,0.0,4.272454418251925e-05,1,3,8
68304717916,83.33344907423482,LIMITED,受限输出：心搏峰附近削底/饱和 3.3%,36.70842662284779,25.787390324786614,48.28107798758749,42.81149717556948,14.285714285714285,1.0,5.0,168.39889999999997,0.0,LIMITED,受限输出：心搏峰附近削底/饱和 5.0%,True,1.0,300.60799599999154,2652.404955362288,1150.4836069958183,1098.7083042063878,242.57359764265675,81.91479380223849,18.0852061977615,4.529381247108894,0.2207807083226435,0.04373458951331217,540.556351896543,338.7136141358319,0.2515864190019737,0.0703125,6.588278438989397,0.9135485405229673,0.7235572754118716,0.89040206130495,0.9675569920316746,0.9999056987543318,0.0,0.0,288.001,1.0,0.0,0.9999949897780979,0.0,0.0,0.050119331742243436,0.08353221957040573,0.9125154167182522,0.9985805572581735,VALID,0.8743668355105305,VALID,LIMITED,0.03333333333333333,0.03333333333333333,0.0,2,0,0.03333333333333333,4.1555419346125476e-05,1,3,8
68325133920,83.33333333333333,LIMITED,受限输出：心搏峰附近削底/饱和 3.3%,49.17613251855154,30.732646779353725,66.38347160390003,46.02343581830323,19.642857142857142,1.0,5.0,219.2037999999998,0.0,LIMITED,受限输出：心搏峰附近削底/饱和 5.0%,True,1.0,300.4799999999959,2568.528644628933,1009.9815095742836,1177.2594419235036,233.76631466374357,83.43288110989991,16.567118890100094,5.036052536555186,0.1985682223807837,0.04814950385756125,577.5423543665037,362.2933554777356,0.2563643295415308,0.05078125,7.375295505613051,0.9428473327153859,0.8351161725608305,0.9402502463302522,0.9489072009473647,0.9999160737201161,0.0,0.0,288.0004,1.0,0.0,1.0,0.0,0.0,0.0498812351543943,0.07838479809976247,0.940713291735266,0.9985940397887111,VALID,0.915089309517462,VALID,LIMITED,0.03333333333333333,0.03333333333333333,0.0,2,0,0.03333333333333333,4.047681690311874e-05,1,3,8
68345661920,83.33344907423482,VALID,,43.804329279309464,27.213558377921007,59.35998527818442,39.617946097340166,10.16949152542373,1.0,5.0,280.79999999999995,0.0,LIMITED,受限输出：心搏峰附近削底/饱和 4.7%,True,1.0,300.0080009999947,2554.807861330591,959.694367851059,1214.788558549566,218.30022858610724,84.76715256265274,15.232847437347253,5.564760817785401,0.17970224287159361,0.04765360893751878,541.9824856075426,366.85902246357205,0.25578151894754736,0.05078125,7.771062765148481,0.9472562102036818,0.8140526291151492,0.9529708242486066,0.9339221107655242,0.9999378837869876,0.0,0.0,288.001,1.0,0.0,1.0,0.0,0.0,0.04716981132075472,0.08490566037735849,0.9707105539911429,0.9986071900964923,VALID,0.9584110903758998,VALID,LIMITED,0.0,0.0,0.0,0,0,0.0,3.942479228062567e-05,1,3,8
68366381917,84.27001799164884,VALID,,39.20555492096772,28.042446861040688,51.667532753394255,60.640605100013325,13.559322033898304,1.0,5.0,280.40004999999996,0.0,LIMITED,受限输出：心搏峰附近削底/饱和 4.7%,True,1.0,300.5040000000008,2620.719896078157,1022.1899579205538,1208.1794663509413,202.12678017099606,85.6678802444876,14.332119755512403,5.977334944577065,0.16729863882017346,0.04502090074509523,457.56819158579276,347.039214374056,0.2458757098922634,0.05078125,9.364048464067245,0.9448816428599945,0.8354812735292738,0.9566774204084577,0.9173581619135807,0.9999707221011201,0.0,0.0,293.20174999999983,1.0,0.0,1.0,0.0,0.0,0.046948356807511735,0.08685446009389672,0.9851078585839177,0.9986196464597945,VALID,0.9792,VALID,LIMITED,0.0,0.0,0.0,0,0,0.0,3.84282832164473e-05,1,3,8
68386773920,82.41724278608741,VALID,,39.55091310566073,31.52608554452233,48.83140019472076,56.56144526011258,16.94915254237288,1.0,5.0,280.40004999999996,0.0,LIMITED,受限输出：心搏峰附近削底/饱和 4.7%；Welch/Lomb 稳健一致性 79%；频带一致性 88%；两种频率算法差异较大 79%,True,1.0,300.1360030000069,2586.4378611093766,1045.8741465466542,1151.478183459291,191.77378508983423,85.72317111159917,14.276828888400821,6.004356554363747,0.16654573907228018,0.04378466358733586,368.74273409140596,314.357946009205,0.23378819985652585,0.046875,14.965493887931888,0.7914466175385934,0.7464468480650559,0.753123132853563,0.8808680818036644,0.9999841767711181,0.0,0.0,288.001,1.0,0.0,1.0,0.0,0.0,0.047058823529411764,0.08235294117647059,0.9755124830062725,0.9986312075156812,VALID,0.9653333333333334,VALID,LIMITED,0.0,0.0,0.0,0,0,0.0,3.750339874551131e-05,1,3,8
68407205917,78.94726454307298,LIMITED,受限输出：心搏峰附近削底/饱和 3.3%,41.64828375693655,32.049250100295716,50.24163335058544,48.30346150704346,15.254237288135593,1.0,5.0,280.40004999999996,0.0,LIMITED,受限输出：心搏峰附近削底/饱和 4.3%；Welch/Lomb 稳健一致性 73%；频带一致性 89%；两种频率算法差异较大 73%,True,1.0,300.72799600000144,2427.9520560022424,1014.7167299554528,1041.7127040128867,196.62077525555873,84.1221465342507,15.877853465749297,5.298080544433394,0.188747602384166,0.043395120633028646,314.4967737001462,288.27147679275174,0.2323331759548445,0.046875,18.45019523508487,0.7300897675615845,0.7456445961025584,0.6599354612022077,0.8937831490667971,0.9999828174770876,0.0,0.0,288.0038,1.0,0.0,1.0,0.0,0.0,0.0425531914893617,0.08274231678486997,0.9737168900607927,0.9986422251519813,VALID,0.9627333333333333,VALID,LIMITED,0.0,0.0,0.0,0,0,0.0,3.6621987841500034e-05,1,3,8
68427253920,83.33298611255786,LIMITED,受限输出：心搏峰附近削底/饱和 3.3%,41.48884288534584,35.17647953930989,49.367599554436644,44.300289042829064,19.298245614035086,1.0,5.0,264.39715,0.0,LIMITED,受限输出：心搏峰附近削底/饱和 3.8%；Welch/Lomb 稳健一致性 84%,True,1.0,300.664002000005,2154.3162425200903,915.5106748570319,892.3144341384458,220.14251892179172,80.2111427038857,19.78885729611431,4.053348887388044,0.246709579605025,0.043753454948591716,292.93091604893084,278.1928469518081,0.2493378402633085,0.046875,19.010936799698314,0.8414033864855374,0.8618360739490915,0.7944598260292298,0.9509383608835883,0.9999871318111899,0.0,0.0,288.0044,1.0,0.0,1.0,0.0,0.0,0.037914691943127965,0.08767772511848342,0.9935210947213998,0.9986527368034994,VALID,0.9913333333333334,VALID,LIMITED,0.016666666666666666,0.0,0.016666666666666666,1,1,0.0,3.578105572004902e-05,1,3,8
68447261917,81.52218218577275,VALID,,39.16377510520695,33.607725379235816,44.33042509032285,47.586168991106504,22.807017543859647,1.0,5.0,241.19699999999995,0.0,LIMITED,受限输出：心搏峰附近削底/饱和 3.5%,True,1.0,300.00799699999334,1841.0949650732564,747.7907896189781,758.5551151876425,264.79608851148294,74.1246125910323,25.875387408967704,2.864676436316572,0.3490795635146179,0.04656460256936522,298.47653020154047,287.72419347240964,0.2803401031014148,0.046875,10.293906658964586,0.9732339637304475,0.9541730681587551,0.9795465473332355,0.9585046019906088,0.9999523541853597,0.0,0.0,288.004,1.0,0.0,1.0,0.0,0.0,0.03546099290780142,0.0851063829787234,0.9785306050693188,0.9986625164056349,VALID,0.9696747533990936,VALID,LIMITED,0.016666666666666666,0.0,0.016666666666666666,1,1,0.0,3.499868754921691e-05,1,3,8
68467413917,84.26978127778268,VALID,,32.27107247066293,25.576849262612384,37.70125434330079,33.89322737611762,15.254237288135593,1.0,5.0,265.1980999999999,0.0,LIMITED,受限输出：心搏峰附近削底/饱和 3.3%,True,1.0,300.0959969999967,1771.956606882726,702.2010630397491,714.9923366860935,324.7208795716189,68.76822622872855,31.23177377127144,2.201867454994985,0.45415994397459214,0.056384632558651046,328.85431671424516,313.5463364315889,0.3005901474086828,0.09375,8.25575611791569,0.9495093551732576,0.9060680236109704,0.9407498023982223,0.9699483116483403,0.9999226685267587,0.0,0.0,288.001,1.0,0.0,1.0,0.0,0.0,0.03309692671394799,0.07801418439716312,0.9761350845890324,0.9986721156314718,VALID,0.9662090109304186,VALID,LIMITED,0.0,0.0,0.0,0,0,0.0,3.4230749482259914e-05,1,3,8
68487525920,84.26989963454953,VALID,,28.313997491508548,23.920395450446517,33.08863942681599,34.090262444406775,3.389830508474576,1.0,5.0,233.59894999999992,0.0,VALID,,True,1.0,300.6720040000073,1974.9939565780653,803.3357623623327,762.8416542471864,393.5910919129866,65.96506859392653,34.03493140607347,1.9381578239982933,0.5159538545406303,0.06397267164130982,375.24414926928273,343.8194737209084,0.2961366531436786,0.09375,5.589098163171131,0.9026592306821961,0.8377667279796055,0.8798909800844407,0.9557851487436257,0.9998900898142336,0.0,0.0,288.00025,1.0,0.0,1.0,0.0,0.0,0.011764705882352941,0.06588235294117648,0.9629422798609519,0.9986813061573118,VALID,0.947147427352706,VALID,VALID,0.0,0.0,0.0,0,0,0.0,3.3495507415067954e-05,1,3,8
68507725920,87.2095558417321,VALID,,24.15755652561193,21.084646526954895,27.469485799999987,30.64338064363826,0.0,1.0,5.0,8.00205,0.0,LIMITED,受限输出：Welch/Lomb 稳健一致性 89%,True,1.0,300.6560000000027,2344.939005667891,1004.2145926383795,862.7266796841044,460.59897364549073,65.19383021959968,34.806169780400324,1.873053847375959,0.5338874808115862,0.06421234275047354,420.7262958594076,362.67242761938866,0.2729716713122686,0.09375,4.022085686055667,0.8926839670035747,0.836822406742284,0.85730005127766,0.975246437030709,0.9999149289503519,0.0,0.0,280.4026499999996,1.0,0.0,1.0,0.0,0.0,0.01405152224824356,0.06088992974238876,0.9305544445421281,0.9986901236187167,VALID,0.9003599040255932,VALID,LIMITED,0.0,0.0,0.0,0,0,0.0,3.279011050267239e-05,1,3,8
68528237920,89.28544855521264,LIMITED,受限输出：心搏峰附近削底/饱和 5.0%,20.034208365033034,17.001556064206603,22.785883682937467,21.369684529025143,0.0,1.0,5.0,8.003,0.0,VALID,,True,1.0,300.39199999999255,2771.3845542572603,1281.258792012524,958.869121199689,502.39565271077976,65.61912244238077,34.380877557619236,1.9085935875955775,0.5239460126552073,0.05320954972149147,438.41569352907,356.998271541436,0.24339189921859658,0.08984375,3.259264568396637,0.9545359452277062,0.8846362829805331,0.950502358628798,0.9639476472918258,0.9999540530160577,0.0,0.0,280.0017,1.0,0.0,1.0,0.0,0.0,0.018823529411764704,0.047058823529411764,0.9035650266966171,0.9986985838036594,VALID,0.8613703012529992,VALID,LIMITED,0.0,0.0,0.0,0,0,0.0,3.2113295707255194e-05,1,3,8
68548805920,92.5925925925926,LIMITED,受限输出：心搏峰附近削底/饱和 5.0%,21.03803202999072,17.945052516819832,24.46208433071028,27.509696111886836,1.694915254237288,1.0,5.0,264.80089999999996,0.0,VALID,,True,1.0,300.05599999999686,2939.8317939263898,1398.0095902479854,992.9785352716011,502.60798806108477,66.39392103232518,33.60607896767482,1.9756521162789773,0.5061619865968308,0.04526886150416334,406.4734276631351,326.4113587016677,0.21742663714997734,0.08984375,3.0364482079238906,0.9712513048952183,0.9319881387711224,0.9744819733799863,0.9637130784307596,0.9999704488204937,0.0,0.0,287.999,1.0,0.0,1.0,0.0,0.0,0.018779342723004695,0.046948356807511735,0.8789427672955976,0.9987069182389938,VALID,0.8258,VALID,LIMITED,0.0,0.0,0.0,0,0,0.0,3.144654088050314e-05,1,3,8
68569117920,92.59230681386786,VALID,,26.837919276997688,21.907885853891027,31.057317831237487,36.506448991460424,8.47457627118644,1.0,5.0,279.99915000000004,0.0,VALID,,True,1.0,300.2640020000108,2736.977284953477,1263.668815277322,940.8467825473479,469.51461308338907,66.7096238922922,33.29037610770779,2.003871139108181,0.4990340848189709,0.04539628816107621,333.5818879121311,284.15663656576936,0.20051648481115636,0.0859375,4.554502306456012,0.972328534172817,0.9670338759704796,0.9824105243549539,0.9488038904144975,0.9999605726346484,0.0,0.0,287.5990499999999,1.0,0.0,1.0,0.0,0.0,0.01873536299765808,0.05620608899297424,0.7981462235236059,0.9987146257245038,VALID,0.7085843774993337,LIMITED,VALID,0.0,0.0,0.0,0,0,0.0,3.082994203970897e-05,1,3,8
68589549917,86.20726813477644,VALID,,30.687224207081915,25.455815957549014,35.869862600957596,44.041698167364245,12.5,1.0,5.0,18.802799999999387,0.0,VALID,,True,1.0,300.16799600000377,2259.310557042626,950.6381850198538,813.6502297385065,419.6487415026881,65.97347834642619,34.02652165357381,1.9388839981384636,0.5157606133013152,0.04796729266077883,242.06695929385342,238.47298494589774,0.19191446640188833,0.0859375,5.260020171145817,0.9690720113879241,0.9518315026179676,0.9692437979308095,0.9686711761211915,0.9999325601771389,0.0,0.0,287.999,1.0,0.0,1.0,0.0,0.0,0.018779342723004695,0.06103286384976526,0.80528217317915,0.9987220996145417,VALID,0.7183333333333334,LIMITED,VALID,0.03333333333333333,0.03333333333333333,0.0,2,0,0.03333333333333333,3.0232030836671454e-05,1,3,8
68609669920,86.20689655172414,VALID,,28.58576093842127,23.491897301541375,32.9171357044275,33.42677786555835,8.928571428571429,1.0,5.0,8.00005,0.0,VALID,,True,1.0,300.18399999999383,1722.7012717856924,618.4275124760784,653.742559827147,369.83507566711177,63.86839035531212,36.13160964468788,1.7676597024982568,0.5657197471813646,0.05618859069074772,164.51521934148414,198.81575077200793,0.19195909420333668,0.04296875,7.836017951527837,0.9006897223077703,0.9024159650815458,0.8997342765730706,0.9029190956887365,0.999861102531224,0.0,0.0,287.999,1.0,0.0,1.0,0.0,0.0,0.01411764705882353,0.05411764705882353,0.9509646469040531,0.9987292258978295,VALID,0.9298187150093309,VALID,VALID,0.03333333333333333,0.03333333333333333,0.0,2,0,0.03333333333333333,2.966192817364093e-05,1,3,8
68629717920,90.36130969682274,VALID,,28.04399474433588,24.35641761601087,32.63864867495265,45.61539243878794,6.779661016949152,1.0,5.0,8.001,0.0,LIMITED,受限输出：Welch/Lomb 稳健一致性 88%；频带一致性 90%,True,1.0,300.5679999999993,1373.5188406216405,463.7713300236759,505.3919011829144,324.59704202056383,60.891401665216364,39.108598334783636,1.5569824605823022,0.642267992939372,0.07920800424372816,116.82296211227865,168.5076927264383,0.19979213023236347,0.04296875,7.189761076146079,0.8841580603278374,0.8935887320453934,0.8792754229854092,0.8955508807935034,0.9998608366384786,0.0,0.0,272.001,1.0,0.0,1.0,0.0,0.0,0.01411764705882353,0.05411764705882353,0.9869544883081356,0.998736220770339,VALID,0.9818,VALID,LIMITED,0.0,0.0,0.0,0,0,0.0,2.9102338372888262e-05,1,3,8
68649901920,75.0002812510547,VALID,,40.01410275902946,28.244843588271824,49.73605111481798,77.89093638358614,15.254237288135593,1.0,5.0,280.4019,0.0,VALID,,True,1.0,300.25600300000224,1228.9230825976567,474.69427149169894,405.00976308260863,276.77462118787236,59.40437657808412,40.595623421915874,1.4633197268751432,0.6833776526306095,0.05626050403337187,104.20156136557928,147.6103960935851,0.21294032281260666,0.04296875,7.908448303681536,0.9536406539477258,0.9767410034052947,0.9750515796270515,0.9036818273626327,0.9999612430845642,0.0,0.0,281.1998499999998,1.0,0.0,1.0,0.0,0.0,0.014251781472684086,0.052256532066508314,0.999557149999643,0.9987428749991073,VALID,1.0,VALID,VALID,0.0,0.0,0.0,0,0,0.0,2.8570000071425e-05,1,3,8
68670709920,74.25751764544263,VALID,,44.015565927082605,33.367846224473766,54.5692913469035,80.70866353565509,23.728813559322035,1.0,5.0,288.0001,0.0,LIMITED,受限输出：频带一致性 90%,True,1.0,300.41599999999744,1262.1910532996637,584.6812167237888,390.3080439674329,225.30430390986285,63.40159441461193,36.59840558538807,1.732359467591808,0.5772474008469631,0.04238721880002872,132.5931245303849,141.2821056859084,0.2267853790269668,0.04296875,5.724019618816753,0.9607836210351001,0.9903126673833278,0.9885247220488982,0.8960543853362379,0.9999897931220793,0.0,0.0,287.996,1.0,0.0,1.0,0.0,0.0,0.014251781472684086,0.0498812351543943,0.999559784910052,0.9987494622751302,VALID,1.0,VALID,LIMITED,0.0,0.0,0.0,0,0,0.0,2.804301798959604e-05,1,3,8
68690789920,78.12489827487204,VALID,,41.14952658623409,31.649047508149586,50.81535621743894,48.67258716376608,18.64406779661017,1.0,5.0,288.40164999999996,0.0,LIMITED,受限输出：频带一致性 90%,True,1.0,300.29600299999584,1396.0134216594154,701.5741679006386,460.31039892482204,181.6199021147336,71.70722400537653,28.292775994623476,2.534471132101112,0.3945596331061723,0.03832918013830427,194.358613057935,162.68240643419563,0.2514074379411982,0.04296875,4.351082479578285,0.9583656353599166,0.9891207435744682,0.9834203538139795,0.8999046256337699,0.9999940801250147,0.0,0.0,287.9966,1.0,0.0,1.0,0.0,0.0,0.014285714285714285,0.05238095238095238,0.9701622020118508,0.9987555050296266,VALID,0.9575333333333333,VALID,LIMITED,0.0,0.0,0.0,0,0,0.0,2.7559597629874602e-05,1,3,8
68711357918,83.33333333333333,VALID,,46.35603718018665,32.94391114255392,60.38671425208369,71.67276544244935,13.559322033898304,1.0,5.0,295.99525,0.0,VALID,,True,1.0,300.23999799999,1476.7531157562548,676.8104463483623,596.1984248525023,159.78462970665592,78.86399321479074,21.136006785209265,3.731262674933416,0.26800578976065925,0.04554314537333695,270.5026548640468,229.38646564272887,0.30085770666037664,0.09375,3.0155667202455927,0.9336008115556502,0.9564160896439302,0.9211969965468524,0.9625430465761785,0.99999335162076,0.0,0.0,287.99645,1.0,0.0,1.0,0.0,0.0,0.009478672985781991,0.054502369668246446,0.9005910502402701,0.9987616431959832,VALID,0.8570381231671554,VALID,VALID,0.0,0.0,0.0,0,0,0.0,2.7068544321357758e-05,1,3,8
68731709920,93.75,LIMITED,受限输出：心搏峰附近削底/饱和 5.0%,44.07773987007014,24.40589230068443,61.35085544130766,62.377549307302836,8.928571428571429,0.999933042873076,5.0,295.99715000000003,0.0,VALID,,True,1.0,300.4479999999894,1662.6269341902675,658.1746889135306,791.5408864129206,167.52045253487958,82.53287399545594,17.46712600454405,4.725040282756598,0.21163840732731237,0.05900329544431753,340.704667173075,344.66509354281607,0.3556382404704636,0.09375,4.076435788152188,0.9742246162746039,0.9622245082611435,0.9794064395627826,0.9621336952688538,0.9999759737481473,0.0,0.0,287.9991,1.0,0.0,0.9999905694187431,0.0,0.0,0.01643192488262911,0.06103286384976526,0.9095909653465049,0.9987674293619966,VALID,0.8700346574246868,VALID,LIMITED,0.03333333333333333,0.03333333333333333,0.0,2,0,0.03333333333333333,2.6605651040280954e-05,1,3,8
68751773917,83.33368055700232,LIMITED,受限输出：心搏峰附近削底/饱和 6.7%,33.85728463159738,21.063665845804547,47.65468487322975,54.138671027671776,7.142857142857142,0.999933042873076,5.0,295.9972,0.0,VALID,,True,1.0,300.0719969999918,2182.531679180245,851.5670846811292,1055.2657099618687,203.34456254255164,83.84372295500732,16.156277044992695,5.1895447646456985,0.19269512940953928,0.050448847772365184,396.8298351138259,495.29170113570626,0.38948214624779104,0.046875,5.452257707474081,0.9756784388337592,0.9350162504284082,0.9829693943700991,0.9586662092489662,0.9999575974399212,0.0,0.0,287.9962,1.0,0.0,0.9999905694187431,0.0,0.0,0.018779342723004695,0.06572769953051644,0.9503692083837426,0.9987730209593566,VALID,0.9289333333333334,VALID,LIMITED,0.03333333333333333,0.03333333333333333,0.0,2,0,0.03333333333333333,2.615832325147958e-05,1,3,8
68772349920,89.28558142026574,LIMITED,受限输出：心搏峰附近削底/饱和 6.7%,35.77721664264725,26.435394000320294,45.858074883034995,48.554333982634084,10.16949152542373,1.0,5.0,287.99735000000004,0.0,LIMITED,受限输出：心搏峰附近削底/饱和 2.3%,True,1.0,300.06400199999916,3104.695916202268,1347.6310252547692,1366.476846285184,260.9683937771081,83.96453611138897,16.03546388861104,5.236177555862514,0.19097900889177885,0.045258634347722156,437.54790025418214,641.7610357232685,0.3906223283936784,0.046875,6.307793002144104,0.954337360143622,0.9224278331632525,0.9546164317362448,0.953686193094169,0.9999618853540031,0.0,0.0,287.9975,1.0,0.0,0.9999905915044135,0.0,0.0,0.0234192037470726,0.0702576112412178,0.9569827247182232,0.9987784193668722,VALID,0.9384830711810185,VALID,LIMITED,0.0,0.0,0.0,0,0,0.0,2.572645065023604e-05,1,3,8
68792829920,90.36130969682274,LIMITED,受限输出：心搏峰附近削底/饱和 3.3%,39.52219390890239,31.15517421926688,50.07313964682424,42.903675323221385,13.559322033898304,1.0,5.0,271.99715000000003,0.0,LIMITED,受限输出：心搏峰附近削底/饱和 2.3%,True,1.0,300.52800299999944,4255.976572690281,2061.187036604852,1665.7956729526313,332.9980765150933,83.34004813634373,16.659951863656275,5.002418303389594,0.19990331462732913,0.04055711292709427,470.5471970575677,759.5271526718424,0.37596614274290757,0.046875,5.743266649873822,0.9348012723763074,0.9031245099181991,0.9401424566542904,0.9223385090610138,0.9999709141242761,0.0,0.0,287.99935,1.0,0.0,0.9999906134868798,0.0,0.0,0.02336448598130841,0.07710280373831775,0.9467735097871803,0.9987837744679506,VALID,0.9237333333333334,VALID,LIMITED,0.0,0.0,0.0,0,0,0.0,2.5298042563956616e-05,1,3,8
68813253920,86.20689655172414,VALID,,36.92614729222989,32.67868798725079,42.16485422171247,36.58926026141665,15.254237288135593,1.0,5.0,304.00305,0.0,LIMITED,受限输出：心搏峰附近削底/饱和 2.1%,True,1.0,300.6160030000028,5226.342495732636,2657.7334422882973,1908.5328483457236,413.89175199554,82.17846332084487,17.82153667915512,4.611188406494965,0.21686383462264888,0.03845741724674889,513.4139828407344,857.2324199385935,0.3640366794381582,0.09375,6.273215832995314,0.933239638250241,0.8636519447601682,0.9442822159857014,0.9074736235341672,0.999969120553286,0.0,0.0,288.003,1.0,0.0,0.9999905915044135,0.0,0.0,0.02107728337236534,0.0936768149882904,0.9785755282270864,0.9987888205677159,VALID,0.9696666666666667,VALID,LIMITED,0.0,0.0,0.0,0,0,0.0,2.48943545827395e-05,1,3,8
68833509920,88.23542387562334,LIMITED,受限输出：心搏峰附近削底/饱和 3.3%,34.16469005358642,28.58794423736088,39.45944517472066,28.488660679974068,15.254237288135593,1.0,5.0,304.00305,0.0,LIMITED,受限输出：心搏峰附近削底/饱和 2.1%；频带一致性 89%,True,1.0,300.52800299999944,5619.103594522106,2851.3497240852935,2032.9015839535455,482.4897520672563,80.81850147299441,19.181498527005587,4.213357020006034,0.23734043786267314,0.038443947182445704,572.490064974598,928.4081404696851,0.3629359649611702,0.09375,7.119631907220579,0.9418826085925408,0.8605705274334471,0.9630459212153304,0.8925015458060318,0.9999699846978333,0.0,0.0,288.003,1.0,0.0,0.9999905694187431,0.0,0.0,0.02112676056338028,0.09154929577464789,0.9281084503676901,0.9665725433095331,VALID,0.9123029655356666,VALID,LIMITED,0.0,0.0,0.0,0,0,0.0,4.287901990811639e-05,2,5,16
68854189918,87.2094290834725,LIMITED,受限输出：心搏峰附近削底/饱和 6.7%,28.67936176003509,22.18813091530387,33.7475891808784,27.415723697253657,11.11111111111111,0.9955273220973783,5.0,256.40015,0.0,LIMITED,受限输出：心搏峰附近削底/饱和 2.4%,True,1.0,300.46399800000654,5184.544256155639,2448.5910065392945,2005.7904297545176,518.5685505028443,79.4574165339204,20.5425834660796,3.867936896307243,0.2585357586765983,0.04243704777805184,640.0403038791758,961.4947842003522,0.37417586318532914,0.09375,6.902167848587066,0.9588344148485914,0.8915748901178714,0.9730543489863738,0.9256545685270996,0.9999546377584138,0.002364066193853428,0.002364066193853428,288.00275,0.9976359338061466,0.002364066193853428,0.9993560801376531,0.0,0.002364066193853428,0.02364066193853428,0.0851063829787234,0.9749928344930778,0.9665725102483724,VALID,0.9800240513094602,VALID,LIMITED,0.06666666666666667,0.06666666666666667,0.0,4,0,0.06666666666666667,4.219918013021461e-05,2,5,16
68874357920,78.94726454307298,LIMITED,受限输出：心搏峰附近削底/饱和 3.3%,33.39552878311261,26.900425560238574,40.193265072866886,36.774778528896,9.25925925925926,0.9955273220973783,5.0,288.00005,0.0,LIMITED,受限输出：心搏峰附近削底/饱和 2.4%,True,1.0,300.248001999993,4395.970295993123,1892.5187986831525,1840.3977409530012,513.0842050897296,78.19893175928303,21.801068240716976,3.586931195106946,0.27878984725554085,0.05228683717006935,689.1934801111408,939.2212022318095,0.392760782028908,0.09375,7.102431717624503,0.9623389318314083,0.9137969378920626,0.971199598113416,0.9416640438400571,0.9999254423421231,0.0023752969121140144,0.0023752969121140144,288.00265,0.997624703087886,0.0023752969121140144,0.9993530211359317,0.0,0.0023752969121140144,0.023752969121140142,0.07600950118764846,0.9964929464955152,0.998580366771979,VALID,0.9956678219141563,VALID,LIMITED,0.06666666666666667,0.06666666666666667,0.0,4,0,0.06666666666666667,4.157065824167993e-05,2,5,16
68894525917,83.33333333333333,VALID,,40.284227600970326,33.342220840008245,47.82957115264312,45.05056984575041,15.254237288135593,1.0,5.0,288.00309999999996,0.0,LIMITED,受限输出：心搏峰附近削底/饱和 2.4%,True,1.0,300.08000000000175,3567.138755838584,1412.389788919424,1581.669184360875,480.3097390323469,76.70637009994543,23.293629900054572,3.293019182886808,0.30367269197726177,0.06338359305193543,695.3984049054228,857.4007468617093,0.41088935684559696,0.09375,8.618343887357325,0.9405821849759357,0.906344081617388,0.9452821062645057,0.9296157019692729,0.9999140730960665,0.002380952380952381,0.002380952380952381,288.0037,0.9976190476190476,0.002380952380952381,0.9993514807100649,0.0,0.002380952380952381,0.023809523809523808,0.0761904761904762,0.995895271353198,0.9985881783829947,VALID,0.9948,VALID,LIMITED,0.0,0.0,0.0,0,0,0.0,4.094572936042771e-05,2,5,16
68915109919,79.78734014273955,VALID,,40.24369849040271,34.120394469457274,46.448528307663345,44.22772278326048,13.559322033898304,1.0,5.0,280.40009999999995,0.0,LIMITED,受限输出：心搏峰附近削底/饱和 2.4%,True,1.0,300.3120009999984,2819.559925273682,1049.4393031621491,1275.1897220543674,440.4730416364898,74.32636232723775,25.673637672762244,2.895046010799331,0.3454176535605032,0.07176736094988603,640.8277833800107,726.5294200007818,0.42028131488679615,0.09375,12.468065262647597,0.9314641746883183,0.8992256132103169,0.9313138655722689,0.9318148959591006,0.9999224637785403,0.002386634844868735,0.002386634844868735,288.0038,0.9976133651551312,0.002386634844868735,0.99934993293133,0.0,0.002386634844868735,0.02386634844868735,0.07875894988066826,0.9994983812897837,0.9985959532244593,VALID,1.0,VALID,LIMITED,0.0,0.0,0.0,0,0,0.0,4.0323742043261615e-05,2,5,16
68935445920,78.124796550009,VALID,,39.782653757849666,34.54559613846473,44.46073098716913,46.213922680200234,18.64406779661017,1.0,5.0,241.19899999999993,0.0,LIMITED,受限输出：心搏峰附近削底/饱和 2.4%,True,1.0,300.22400400000333,2180.3024545380204,767.6856637779584,966.791531673873,412.0321238731839,70.11712685552182,29.88287314447819,2.3463984375437534,0.4261850775211117,0.08102523758400157,529.8516393185489,571.6027623843773,0.4123462219632628,0.09375,15.457805331634534,0.9020482281775004,0.876461620629713,0.8929701960799037,0.9232303030718927,0.9999321361182217,0.002398081534772182,0.002398081534772182,288.0039,0.9976019184652278,0.002398081534772182,0.9993468151036625,0.0,0.002398081534772182,0.023980815347721823,0.07913669064748201,0.9311013226236767,0.9986033065591917,VALID,0.9012,VALID,LIMITED,0.0,0.0,0.0,0,0,0.0,3.973547526466665e-05,2,5,16
68955669918,85.22763591322122,VALID,,35.50365577810502,30.248000958201136,40.948075950791385,47.92488006725458,16.94915254237288,1.0,5.0,296.3999,0.0,LIMITED,受限输出：心搏峰附近削底/饱和 2.4%；Welch/Lomb 稳健一致性 83%；频带一致性 90%,True,1.0,300.45600099999865,1566.134089553831,426.55459677639556,711.7702243058689,402.6864563115209,63.86701580105926,36.13298419894074,1.7675544164694696,0.5657534448061915,0.09133954778174769,400.26926141265665,428.73715945811284,0.38255773877054555,0.09375,13.074715058616604,0.8291139569270517,0.7757580819520441,0.8007028978981534,0.895406427994481,0.9998272514863611,0.002380952380952381,0.002380952380952381,288.002,0.9976190476190476,0.002380952380952381,0.9993514807100649,0.0,0.002380952380952381,0.023809523809523808,0.0761904761904762,0.9025441158067352,0.9986102895168377,VALID,0.85892,VALID,LIMITED,0.0,0.0,0.0,0,0,0.0,3.9176838652988356e-05,2,5,16
68976213920,88.23542387562334,LIMITED,受限输出：心搏峰附近削底/饱和 3.3%,59.10111083429361,33.76756922931444,85.39749378630773,66.91478122439162,25.423728813559322,1.0,5.0,296.3999,0.0,LIMITED,受限输出：心搏峰附近削底/饱和 2.8%；Welch/Lomb 稳健一致性 82%,True,1.0,300.0480019999959,1204.7290852870192,229.2960898958572,538.5738484392083,413.199897783353,56.586331633618,43.413668366382005,1.3034220272764705,0.7672112171447052,0.09761900467288892,283.30641974824675,310.1137728001353,0.32404016544585285,0.08984375,8.563949737330827,0.8209540476873132,0.6697289700114015,0.7861650946991596,0.9021282713263381,0.999527351555395,0.002364066193853428,0.002364066193853428,288.00185,0.9976359338061466,0.002364066193853428,0.9993560801376531,0.0,0.002364066193853428,0.028368794326241134,0.08983451536643026,0.7939469391582548,0.9986173478956369,VALID,0.7020533333333333,LIMITED,LIMITED,0.0,0.0,0.0,0,0,0.0,3.8612168349054e-05,2,5,16
68996925920,84.26930785403994,LIMITED,受限输出：心搏峰附近削底/饱和 3.3%,58.25080327721393,32.25204292743952,86.29880014504872,58.630891882879624,22.033898305084744,1.0,5.0,288.0,0.0,LIMITED,受限输出：心搏峰附近削底/饱和 2.8%；Welch/Lomb 稳健一致性 81%,True,1.0,300.60000199999195,1089.8903383988659,142.2673233864196,479.0983411006297,440.92816217968175,52.07440648638131,47.925593513618686,1.0865677953802217,0.9203291356984041,0.11411972714866038,214.99574819475754,230.10320193214716,0.24910007741027426,0.08984375,6.718483629306574,0.8149100905191805,0.5949578615877165,0.767541559396317,0.9254366631391956,0.9989890403728054,0.002352941176470588,0.002352941176470588,288.00104999999996,0.9976470588235294,0.002352941176470588,0.99935911034877,0.0,0.002352941176470588,0.02823529411764706,0.10352941176470588,0.899309710215843,0.9986242755396075,VALID,0.8552666666666666,VALID,LIMITED,0.0,0.0,0.0,0,0,0.0,3.805795683140325e-05,2,5,16
69017013920,87.20930232558139,VALID,,24.426287939604624,21.390132653920837,27.977563246723452,25.246779397226163,1.694915254237288,1.0,5.0,288.0,0.0,LIMITED,受限输出：心搏峰附近削底/饱和 2.8%；Welch/Lomb 稳健一致性 78%；两种频率算法差异较大 78%,True,1.0,300.6640000000043,1195.6584271936008,153.30665890839302,524.3578941209612,483.0072045311194,52.05241821684966,47.94758178315033,1.085610916777076,0.9211403317210233,0.12523777151494433,199.3115747979978,196.7590072111347,0.19451230854155502,0.109375,5.344567894962136,0.7767236729630205,0.7208969661269587,0.7224528043650135,0.9033556996917034,0.9989438107755498,0.002352941176470588,0.002352941176470588,288.001,0.9976470588235294,0.002352941176470588,0.9993685631196298,0.0,0.002352941176470588,0.02823529411764706,0.09411764705882353,0.9383123344521775,0.9986308361304437,VALID,0.9116,VALID,LIMITED,0.0,0.0,0.0,0,0,0.0,3.753310956450869e-05,2,5,16
69037565917,88.23555363398127,LIMITED,受限输出：心搏峰附近削底/饱和 3.3%,26.381703915105373,21.868834027891655,31.38964501440663,38.723584773020704,1.7857142857142856,0.9951813826737168,5.0,249.19989999999993,0.0,LIMITED,受限输出：心搏峰附近削底/饱和 2.3%；Welch/Lomb 稳健一致性 76%；频带一致性 87%；两种频率算法差异较大 76%,True,1.0,300.5039970000071,1510.9893508782409,268.9732438174543,658.0866915798671,540.9380497001748,54.88516366036902,45.114836339631,1.216565726786319,0.8219860037004337,0.11660101524186385,228.24408408740416,215.2767735553238,0.1782496791846642,0.12890625,4.246278926872741,0.7645061282558174,0.7995701865282153,0.7200016748304701,0.8683498529149614,0.9994719159206937,0.004694835680751174,0.004694835680751174,288.001,0.9953051643192489,0.004694835680751174,0.9986913668691684,0.0,0.004694835680751174,0.023474178403755867,0.09389671361502347,0.9515276809431892,0.9986372108890312,VALID,0.9306851506264996,VALID,LIMITED,0.03333333333333333,0.016666666666666666,0.0,2,0,0.03333333333333333,3.702312887751162e-05,2,5,16
69058013916,92.59230681386786,LIMITED,受限输出：未解决异常 3.3% > 2.0%；心搏峰附近削底/饱和 5.0%,35.982846511861084,26.0409621230428,46.71448746582465,69.92417915479186,9.615384615384617,0.9951813826737168,5.0,272.80089999999996,0.0,LIMITED,受限输出：心搏峰附近削底/饱和 2.6%；Welch/Lomb 稳健一致性 85%,True,1.0,300.17599599999085,1888.595668699625,389.6125530145163,822.4500326037728,625.4295795841912,56.803758108101746,43.19624189189825,1.3150162055823584,0.7604469022928484,0.11505993125154428,273.59751418616213,256.8234438074903,0.17502774591805795,0.12890625,4.05242136190078,0.8543462692747883,0.8317269415280649,0.8314697438159248,0.9077248286788036,0.9995226734706312,0.004672897196261682,0.004672897196261682,288.0007,0.9953271028037384,0.004672897196261682,0.9986974819772564,0.0,0.004672897196261682,0.02570093457943925,0.09345794392523364,0.8825485575766034,0.9986434147359633,VALID,0.8310450546520928,VALID,LIMITED,0.06666666666666667,0.016666666666666666,0.03333333333333333,2,1,0.03333333333333333,3.6526821122938845e-05,2,5,16
69078029918,91.46299635824836,LIMITED,受限输出：未解决异常 3.3% > 2.0%；心搏峰附近削底/饱和 6.7%,35.25309650512986,26.379685291888524,45.888167835121536,62.5764535162992,12.727272727272727,1.0,5.0,249.20084999999995,0.0,LIMITED,受限输出：心搏峰附近削底/饱和 2.8%；Welch/Lomb 稳健一致性 89%,True,1.0,300.25599799999327,2230.4075327320597,499.32297665219374,936.0902025897843,736.0888261629945,55.980262070861045,44.01973792913896,1.2717082087352634,0.7863439058827165,0.11617453315269952,302.7698446000657,281.7537130771391,0.16508728358971786,0.12890625,3.7560047502306353,0.8940126582790688,0.8306155203489575,0.874797473686662,0.938848088994685,0.9994818301661914,0.004662004662004662,0.004662004662004662,288.00079999999997,0.9953379953379954,0.004662004662004662,0.9987005181498035,0.0,0.004662004662004662,0.027972027972027972,0.10023310023310024,0.905944737911095,0.998649461413301,VALID,0.8648360437216742,VALID,LIMITED,0.03333333333333333,0.0,0.03333333333333333,1,1,0.0,3.604308693592569e-05,2,5,16
69098181920,94.9367088607595,LIMITED,受限输出：心搏峰附近削底/饱和 3.3%,28.4860670021328,23.724096560014317,33.748655683973915,24.020852095725463,7.142857142857142,0.9983777050980571,5.0,233.19984999999994,0.0,LIMITED,受限输出：心搏峰附近削底/饱和 3.0%；Welch/Lomb 稳健一致性 83%,True,1.0,300.42399999999907,2381.1434772870994,515.1174432212612,955.3062099285291,844.6970352409693,53.072471535381716,46.92752846461829,1.1309453805008396,0.8842159995004795,0.12505856069042792,304.5059761428553,275.2789562574138,0.1487904918801857,0.12890625,3.040414893247508,0.8301371279364123,0.7866845545601285,0.7699690482474624,0.9705293138772959,0.9992687324432497,0.004629629629629629,0.004629629629629629,287.9988,0.9953703703703703,0.004629629629629629,0.9984842235929379,0.0,0.004629629629629629,0.03009259259259259,0.09722222222222222,0.922122140915212,0.9986553522880302,VALID,0.8882,VALID,LIMITED,0.03333333333333333,0.016666666666666666,0.0,2,0,0.03333333333333333,3.557181695759331e-05,2,5,16
69118757920,91.46341463414635,LIMITED,受限输出：心搏峰附近削底/饱和 3.3%,30.209745986279916,23.538998606305675,37.19482226815018,33.14944658085815,9.25925925925926,0.9983777050980571,5.0,8.0031,0.0,LIMITED,受限输出：心搏峰附近削底/饱和 3.2%；Welch/Lomb 稳健一致性 85%,True,1.0,300.4479990000109,2317.491785596497,462.68671769531863,889.3645853687108,895.7697057093931,49.820598361347535,50.179401638652465,0.9928495903580375,1.0072019062216502,0.1290415600873902,300.32457357000885,247.43377869431168,0.13406372315728923,0.1484375,2.8977598650656375,0.8496658342456387,0.8008443977170904,0.8276223444517379,0.9011006437647404,0.9989202239204781,0.004597701149425287,0.004597701149425287,280.0,0.9954022988505747,0.004597701149425287,0.9984946772233314,0.0,0.004597701149425287,0.03218390804597701,0.09885057471264368,0.9221450735803371,0.9986610977071745,VALID,0.8882298053852306,VALID,LIMITED,0.05,0.03333333333333333,0.0,2,0,0.05,3.5112183426046215e-05,2,5,16
69139109920,87.20917556805877,LIMITED,受限输出：心搏峰附近削底/饱和 3.3%,32.41161156208873,24.447366372781413,38.78164456458289,41.212331762242265,12.068965517241379,1.0,5.0,225.19809999999993,0.0,LIMITED,受限输出：心搏峰附近削底/饱和 2.5%；Welch/Lomb 稳健一致性 87%；频带一致性 88%,True,1.0,300.6399999999994,2153.7823869549343,391.6702707360813,844.9965120325904,849.3698639511871,49.87094432524791,50.12905567475209,0.9948510630006906,1.0051755857643445,0.12904538523236317,354.8566721310253,237.07561375716898,0.13512403436958412,0.07421875,3.7272140998234464,0.8719691669496858,0.8095960980194387,0.8687291355211499,0.8795292402829364,0.9985783474210846,0.0045871559633027525,0.0045871559633027525,280.0,0.9954128440366973,0.0045871559633027525,0.9984981297985073,0.0,0.0045871559633027525,0.02522935779816514,0.10091743119266056,0.853765549110643,0.9986666986896969,VALID,0.7894561450279927,LIMITED,LIMITED,0.016666666666666666,0.016666666666666666,0.0,1,0,0.016666666666666666,3.466410482425299e-05,2,5,16
69159517920,85.22727272727273,LIMITED,受限输出：心搏峰附近削底/饱和 3.3%,34.309603132463394,29.236032502972513,39.490116388898784,35.69262735974759,12.5,1.0,5.0,225.19809999999993,0.0,LIMITED,受限输出：心搏峰附近削底/饱和 2.7%；Welch/Lomb 稳健一致性 83%；频带一致性 90%,True,1.0,300.5520019999967,2114.5349624452565,415.4093677909732,925.7821916566902,709.2730742308199,56.620850130969394,43.379149869030606,1.3052549508673599,0.7661338494333894,0.09162996383744501,510.9926815287575,274.0720385442779,0.16269457203830734,0.07421875,7.428511071038019,0.8301680620291787,0.6339711532386808,0.8022469782748579,0.895317257455927,0.9992096715933917,0.002288329519450801,0.002288329519450801,280.0,0.9977116704805492,0.002288329519450801,0.9991156642249576,0.0,0.002288329519450801,0.02745995423340961,0.10068649885583524,0.87656164880647,0.9986721438770123,VALID,0.8223806984804052,VALID,LIMITED,0.03333333333333333,0.016666666666666666,0.0,2,0,0.03333333333333333,3.42284898390283e-05,2,5,16
69179621918,84.26966292134831,VALID,,45.09031266227972,34.02395770300448,56.76103337502114,42.041390817426354,21.428571428571427,1.0,5.0,8.001149999999999,0.0,LIMITED,受限输出：心搏峰附近削底/饱和 2.7%；Welch/Lomb 稳健一致性 69%；频带一致性 86%；两种频率算法差异较大 69%,True,1.0,300.1839980000077,2224.3416496951822,498.6439909155538,1128.6969044400137,533.014190726724,67.92377494035803,32.07622505964196,2.117573835888163,0.4722385510494256,0.07709336204396762,722.6797385599216,348.7496359886751,0.20572433169869717,0.07421875,7.766146403424583,0.6928937519034841,0.4976375509934816,0.6222963826232961,0.8576209468905895,0.9996384077179685,0.00228310502283105,0.00228310502283105,274.8019499999997,0.997716894977169,0.00228310502283105,0.9991176832564075,0.0,0.00228310502283105,0.0273972602739726,0.09817351598173515,0.9533309840110875,0.9986774600277187,VALID,0.9332666666666667,VALID,LIMITED,0.03333333333333333,0.016666666666666666,0.0,2,0,0.03333333333333333,3.3803197782510226e-05,2,5,16
69199765917,97.40259740259741,VALID,,39.12245888363479,25.96930622066065,53.830859129638235,47.11497142293411,13.559322033898304,1.0,5.0,20.403699999999297,0.0,LIMITED,受限输出：心搏峰附近削底/饱和 2.9%；Welch/Lomb 稳健一致性 66%；频带一致性 81%；两种频率算法差异较大 66%；快慢节律分布算法差异较大 81%,True,1.0,300.0159960000019,2348.2563955247024,565.3478619598579,1324.111774708773,389.78951664046605,77.2571781929395,22.742821807060487,3.396991756271647,0.29437810620345617,0.07226559967334414,872.8538796519827,415.16636791396223,0.23955253365147408,0.07421875,6.236247797696477,0.6583792833357169,0.475462296940419,0.5939784864925229,0.8086478093031695,0.9997624986775298,0.0022624434389140274,0.0022624434389140274,272.00169999999997,0.997737556561086,0.0022624434389140274,0.9991256680233178,0.0,0.0022624434389140274,0.029411764705882353,0.10633484162895927,0.9413330638506925,0.9986826596267309,VALID,0.9159333333333334,VALID,LIMITED,0.0,0.0,0.0,0,0,0.0,3.338722986153839e-05,2,5,16
69220069920,71.42831632744168,VALID,,32.570120676233394,24.901781039828894,39.384108130207565,93.55163077575004,13.559322033898304,1.0,5.0,264.39709999999997,0.0,LIMITED,受限输出：心搏峰附近削底/饱和 2.9%；Welch/Lomb 稳健一致性 79%；频带一致性 78%；两种频率算法差异较大 79%；快慢节律分布算法差异较大 78%,True,1.0,300.39199999999255,2486.9861069313597,752.1208247923716,1356.5018997597904,305.7561571533872,81.60597532484348,18.394024675156523,4.436548105486819,0.225400463653999,0.06613834032180567,865.4244322162277,426.05296989200673,0.2547712500681146,0.07421875,5.527111299045474,0.7890725926273994,0.7936721555925287,0.7922176961673724,0.7817340177007961,0.9999122813225669,0.0022675736961451248,0.0022675736961451248,275.1997999999998,0.9977324263038548,0.0022675736961451248,0.9991236854111257,0.0,0.0022675736961451248,0.02947845804988662,0.10657596371882086,0.9377515081051028,0.9986875812464946,VALID,0.9107571314316183,VALID,LIMITED,0.0,0.0,0.0,0,0,0.0,3.299350028044475e-05,2,5,16
69240357916,76.53051462944563,VALID,,44.08842287967386,37.12886999169718,50.89024641873951,81.26435292261345,28.8135593220339,1.0,5.0,58.79789999999939,0.0,LIMITED,受限输出：心搏峰附近削底/饱和 3.0%；Welch/Lomb 稳健一致性 84%；频带一致性 77%；快慢节律分布算法差异较大 77%,True,1.0,300.50399499999185,2482.755489835846,971.5483865011596,1174.5214092307358,269.90084299712134,81.31426993866717,18.685730061332826,4.3516774389743675,0.2297964437905781,0.056530067278835645,699.4564770326714,377.705393114132,0.2605351845004272,0.0859375,4.187463671423683,0.8361387947577991,0.8500151784481783,0.865874337743214,0.7667558611251644,0.9999654674306466,0.0022727272727272726,0.0022727272727272726,275.1997999999998,0.9977272727272727,0.0022727272727272726,0.9991216937870602,0.0,0.0022727272727272726,0.029545454545454545,0.10454545454545454,0.9767370524179093,0.9986926310447735,VALID,0.9670666666666666,VALID,LIMITED,0.0,0.0,0.0,0,0,0.0,3.258951641813281e-05,2,5,16
69260653920,74.99971875105469,VALID,,48.22435434402731,42.63906846948489,53.970777655323914,52.87079571322906,35.59322033898305,1.0,5.0,288.39619999999996,0.0,LIMITED,受限输出：心搏峰附近削底/饱和 2.7%；频带一致性 85%,True,1.0,300.3600000000006,2247.6467188175207,1078.5680956520134,858.9633978913266,257.13854112110437,76.9610165404219,23.03898345957809,3.3404692822254956,0.29935913655035246,0.04267334293393986,460.601463081727,302.29494595446755,0.2698770511494579,0.0859375,3.4830328474334302,0.9266700149365963,0.907435333579413,0.9598311760783318,0.8492939722725467,0.9999822020791698,0.002288329519450801,0.002288329519450801,280.0,0.9977116704805492,0.002288329519450801,0.9991156642249576,0.0,0.002288329519450801,0.02745995423340961,0.10755148741418764,0.9785445730972552,0.9986974364754759,VALID,0.9696747533990936,VALID,LIMITED,0.0,0.0,0.0,0,0,0.0,3.220508196193359e-05,2,5,16
69281221917,74.25742574257426,VALID,,42.97897022549596,35.17074324721228,49.432852277987806,55.03426393168662,25.423728813559322,1.0,5.0,304.79619999999994,0.0,LIMITED,受限输出：心搏峰附近削底/饱和 2.8%,True,1.0,300.6399970000057,1912.3356595504304,1031.7939033484154,582.3209617167056,261.9251298924012,68.97526295997652,31.02473704002349,2.2232344103672794,0.44979512521794746,0.0304555253249756,279.3722690367368,242.89649480135313,0.28602547106982484,0.0859375,4.600104570730015,0.9779364006774295,0.9686270597770406,0.9925369991123851,0.9438683376625331,0.9999819117819136,0.0022935779816513763,0.0022935779816513763,280.0021,0.9977064220183486,0.0022935779816513763,0.9991136359318955,0.0,0.0022935779816513763,0.027522935779816515,0.10321100917431193,0.9623507707449674,0.9987021334739887,VALID,0.9462809917355373,VALID,LIMITED,0.0,0.0,0.0,0,0,0.0,3.1829322080910136e-05,2,5,16
69301349917,74.99990625011719,VALID,,46.21438636307155,36.84979899551872,52.697179244972546,85.16743894244094,28.8135593220339,1.0,5.0,296.7980999999999,0.0,LIMITED,受限输出：心搏峰附近削底/饱和 2.8%；Welch/Lomb 稳健一致性 90%；频带一致性 82%,True,1.0,300.2559970000002,1937.6359390617629,1158.5924695413566,467.01678736949,288.8187699736258,61.788147280491735,38.21185271950826,1.616989046148686,0.6184333792376523,0.021985688436869214,230.1384130620952,216.7815433057269,0.2842600868728967,0.0703125,6.254481297178179,0.8973647708810082,0.8890347155291942,0.9286834943861372,0.8242877493690409,0.9999829237376955,0.002320185614849188,0.002320185614849188,280.001,0.9976798143851509,0.002320185614849188,0.9991033532860939,0.0,0.002320185614849188,0.027842227378190254,0.09280742459396751,0.9839426909731587,0.9987067274328966,VALID,0.9774666666666667,VALID,LIMITED,0.0,0.0,0.0,0,0,0.0,3.14618053682829e-05,2,5,16
69321909916,81.52151760457173,VALID,,42.477592158442164,34.15187880497169,49.57131714343955,72.01645437887441,21.052631578947366,1.0,5.0,288.40274999999997,0.0,LIMITED,受限输出：心搏峰附近削底/饱和 2.6%；Welch/Lomb 稳健一致性 90%；频带一致性 81%；快慢节律分布算法差异较大 81%,True,1.0,300.6319979999971,2486.2182857913053,1606.1266765275482,532.4540372406374,329.26877205928366,61.789479342343576,38.21052065765643,1.6170802773388147,0.6183984889393821,0.019849648622508632,295.4762372778777,222.6334044809838,0.25599122279310516,0.0703125,5.489561544217256,0.8997450835073975,0.925598652974869,0.9400842768427984,0.805620299058129,0.9999801081629478,0.002336448598130841,0.002336448598130841,280.001,0.9976635514018691,0.002336448598130841,0.9990970683792207,0.0,0.002336448598130841,0.02570093457943925,0.09579439252336448,0.9323444921335236,0.9987112303338088,VALID,0.9029333333333334,VALID,LIMITED,0.016666666666666666,0.0,0.016666666666666666,1,1,0.0,3.1101573295300554e-05,2,5,16
69342085920,87.2094290834725,VALID,,35.0638236998782,30.174046637746084,40.14760730910304,66.14425632017961,14.035087719298245,1.0,5.0,296.4038,0.0,LIMITED,受限输出：心搏峰附近削底/饱和 2.6%,True,1.0,300.4560019999917,3448.267455031542,2341.323482013114,717.9706761021149,368.5824157156566,66.07782735227148,33.92217264772852,1.9479243867564053,0.5133669493532828,0.01902026765898351,407.4682291643525,254.82014409609695,0.2328236857715578,0.07421875,7.993454240927546,0.9537629786829163,0.9145204207947853,0.9732417352403883,0.9083125467154816,0.9999822988956286,0.0,0.0,287.99985,1.0,0.0,0.9997704299667062,0.0,0.0,0.025943396226415096,0.09198113207547169,0.8651820809339185,0.9987156262217596,VALID,0.8059184217541989,VALID,LIMITED,0.016666666666666666,0.0,0.016666666666666666,1,1,0.0,3.0749902259239245e-05,2,5,16
69362477920,86.20689655172414,LIMITED,受限输出：心搏峰附近削底/饱和 5.0%,30.199210247478792,25.454062592854196,35.88982765476501,36.492955174604326,10.714285714285714,0.9990100563470483,5.0,272.4,0.0,LIMITED,受限输出：心搏峰附近削底/饱和 2.1%,True,1.0,300.51200000000244,4416.883527203543,3034.6117274786675,964.7464491193635,393.6925450405889,71.01875411902135,28.98124588097864,2.450507283595883,0.408078770748478,0.018839389492746383,526.9528706756996,311.7969645924311,0.22844636014877462,0.0703125,10.20333735981695,0.9629468042976566,0.8272048959857391,0.9556918803767497,0.9798749601131062,0.9999796995448904,0.0,0.0,287.99839999999995,1.0,0.0,0.9996303436007224,0.0,0.0,0.02122641509433962,0.08962264150943396,0.8951758054042078,0.9987199320655715,VALID,0.8492402026126367,VALID,LIMITED,0.03333333333333333,0.016666666666666666,0.0,2,0,0.03333333333333333,3.0405434754280652e-05,2,5,16
69382797918,73.52941176470588,LIMITED,受限输出：心搏峰附近削底/饱和 6.7%,39.26601963985072,26.960229506119223,49.719786984356176,58.727302201208964,14.285714285714285,0.9990100563470482,5.0,296.0,0.0,LIMITED,受限输出：心搏峰附近削底/饱和 2.6%,True,1.0,300.2159979999997,5105.1137401108,3406.5822955098056,1271.3770909852635,401.54542419212476,75.99736864384619,24.00263135615381,3.1662098840826443,0.31583503198169477,0.019596689960221136,678.4819004577075,392.383522471756,0.23393881565082106,0.0703125,10.58335222854318,0.9643962277711653,0.8348987998567216,0.96673592010128,0.9589369456675646,0.9999782463535611,0.0,0.0,289.6027999999999,1.0,0.0,0.9996268230635865,0.0,0.0,0.02619047619047619,0.1,0.8819810047678517,0.9987241328207221,VALID,0.8301786190349241,VALID,LIMITED,0.03333333333333333,0.016666666666666666,0.0,2,0,0.03333333333333333,3.0069374342232437e-05,2,5,16
69402813920,79.78755234395882,INVALID,心搏峰附近削底/饱和 8.3% > 8.0%,nan,nan,nan,nan,nan,0.9990100563470482,5.0,319.99505,0.0,LIMITED,受限输出：心搏峰附近削底/饱和 2.9%,True,1.0,300.4800019999966,5455.61465039213,3423.016987182171,1611.794639934379,396.55129855338885,80.25483105505312,19.745168944946887,4.064529975854759,0.24603090786400286,0.02353330532775134,891.1875407723442,495.99427023057325,0.24659978606780444,0.0703125,9.086714412696978,0.964645945009221,0.8595068112461034,0.9755381110423142,0.9392308909320036,0.9999744465425611,0.0,0.0,296.0024,1.0,0.0,0.9998572196654396,0.0,0.0,0.028846153846153848,0.09134615384615384,0.9401671318381712,0.9987282401526129,VALID,0.9142228739002932,VALID,INVALID,0.06666666666666667,0.03333333333333333,0.0,2,0,0.06666666666666667,2.9740787790981744e-05,2,5,16
69423509916,83.33379629886834,LIMITED,受限输出：心搏峰附近削底/饱和 5.0%,43.62147909655779,34.301308723407594,53.47401714115631,61.27417975776084,17.857142857142858,1.0,5.0,320.0,0.0,LIMITED,受限输出：心搏峰附近削底/饱和 2.7%,True,1.0,300.17599599999085,5748.667369562557,3376.035006866964,1968.659404525901,382.3890591821305,83.73538167822225,16.264618321777736,5.148315196926792,0.19423830160922056,0.02540626372242244,1180.3308177053168,639.1025624196789,0.27147834392044184,0.0703125,7.46385228537094,0.9620276308213558,0.8774270720995108,0.9722830413531856,0.9380983395804199,0.9999718652269568,0.0,0.0,299.20079999999984,1.0,0.0,0.9998558334485993,0.0,0.0,0.02669902912621359,0.09223300970873786,0.9707606203647946,0.9987323560306217,VALID,0.9584110903758998,VALID,LIMITED,0.03333333333333333,0.016666666666666666,0.0,2,0,0.03333333333333333,2.9411517550272685e-05,2,5,16
69443789920,80.64483610953181,VALID,,36.64525340363945,30.38196038089473,43.132167633230125,41.963079896374964,13.559322033898304,1.0,5.0,319.99809999999997,0.0,LIMITED,受限输出：心搏峰附近削底/饱和 2.4%；频带一致性 89%,True,1.0,300.65599899999506,5975.72840718226,3402.5506169924547,2194.0017985141926,360.05587711441024,85.90259411327533,14.097405886724681,6.093503641983418,0.16410919870632965,0.025875284156077212,1419.694005129609,781.1536842563881,0.3051834347492385,0.0703125,7.162657484912347,0.9448238294877151,0.8555630689797459,0.9673895630214262,0.8921704512423895,0.9999618314358288,0.0,0.0,303.9969,1.0,0.0,0.999855130197129,0.0,0.0,0.024390243902439025,0.09024390243902439,0.9617544740901514,0.9987361852253782,VALID,0.9454,VALID,LIMITED,0.0,0.0,0.0,0,0,0.0,2.9105181969755558e-05,2,5,16
69464333920,81.52173913043478,LIMITED,受限输出：心搏峰附近削底/饱和 3.3%,29.049676084719398,24.104012294196107,33.957347826482525,29.19790235691714,8.47457627118644,1.0,5.0,312.3999,0.0,LIMITED,受限输出：心搏峰附近削底/饱和 2.9%,True,1.0,300.5040000000008,6130.1073166563565,3579.6103642995263,2204.735601457944,326.06229207495056,87.11622556237471,12.883774437625299,6.761700616859894,0.1478917888654461,0.02256627509127783,1508.091969784446,887.5913303934068,0.349280864311869,0.08984375,9.327226105849894,0.9519595307993867,0.8964983810537341,0.9724639471517792,0.9041158926438044,0.9999596767561875,0.0,0.0,308.7977999999997,1.0,0.0,0.9998540623607443,0.0,0.0,0.029484029484029485,0.09090909090909091,0.923376368739317,0.9987401353913478,VALID,0.8899626766195681,VALID,LIMITED,0.0,0.0,0.0,0,0,0.0,2.878916869219032e-05,2,5,16
69484573918,98.68388590827004,INVALID,心搏峰附近削底/饱和 8.3% > 8.0%,nan,nan,nan,nan,nan,1.0,5.0,304.4,0.0,LIMITED,受限输出：心搏峰附近削底/饱和 3.7%,True,1.0,300.480000999989,5675.4440682059085,3391.6503170470132,1971.7660662822123,288.1092767965409,87.25109870865559,12.7489012913444,6.843813181602786,0.14611737250340973,0.01987234399703567,1370.2072101632373,906.6655034769623,0.3984861534892527,0.08984375,10.565316655033522,0.9550594931946479,0.8611082973298331,0.9631403611561916,0.9362041346177127,0.9999643590136547,0.0,0.0,309.99675,1.0,0.0,0.999854775992232,0.0,0.0,0.03667481662591687,0.10268948655256724,0.8304026723215994,0.9987439108759794,VALID,0.7556651559584111,LIMITED,INVALID,0.03333333333333333,0.016666666666666666,0.0,2,0,0.03333333333333333,2.8487129921660392e-05,2,5,16
69504645920,88.23568339272086,INVALID,心搏峰附近削底/饱和 15.0% > 8.0%,nan,nan,nan,nan,nan,0.9969182195253288,5.0,218.39889999999986,0.0,LIMITED,受限输出：心搏峰附近削底/饱和 4.9%；频带一致性 88%,True,1.0,300.0639999999985,4842.01624351846,2955.9757962915196,1594.0554396393823,262.60831546613775,85.85590337808836,14.144096621911645,6.070087448715724,0.16474227240524755,0.018446811101802425,1062.780893507932,833.5119202247074,0.44469344275559197,0.08984375,10.97215696029542,0.9435749544994726,0.9117338088663859,0.9729074650500552,0.8751324298814467,0.9999710082374023,0.002457002457002457,0.002457002457002457,309.19744999999983,0.9975429975429976,0.002457002457002457,0.9993997458288516,0.0,0.002457002457002457,0.04914004914004914,0.09336609336609336,0.7085590085481104,0.9987475213702759,VALID,0.5796666666666667,INVALID,INVALID,0.06666666666666667,0.05,0.0,2,0,0.06666666666666667,2.8198290377937658e-05,2,5,16
69524661920,86.20652497187511,INVALID,心搏峰附近削底/饱和 15.0% > 8.0%,nan,nan,nan,nan,nan,0.9969182195253288,5.0,218.39889999999986,0.0,LIMITED,受限输出：心搏峰附近削底/饱和 5.8%,True,1.0,300.14400000000023,4129.916496585236,2593.1161208836415,1236.7854234072793,263.9160556138812,82.41382051638799,17.586179483612003,4.686283373440308,0.2133887177347274,0.017148166863017223,732.99645510658,701.5855455467114,0.4626126344746883,0.08984375,11.477055861336822,0.9670754995562951,0.9484675573035375,0.9837162342580142,0.9282471185856177,0.9999752824826484,0.0024154589371980675,0.0024154589371980675,307.99850000000004,0.9975845410628019,0.0024154589371980675,0.9994098950539677,0.0,0.0024154589371980675,0.057971014492753624,0.10144927536231885,0.7932154451836495,0.9987510496426749,VALID,0.7019461476939481,LIMITED,INVALID,0.06666666666666667,0.05,0.0,2,0,0.06666666666666667,2.791602858601327e-05,2,5,16
69545301921,78.94695291077416,INVALID,心搏峰附近削底/饱和 10.0% > 8.0%,nan,nan,nan,nan,nan,0.9969182195253288,5.0,297.19999999999993,0.0,LIMITED,受限输出：心搏峰附近削底/饱和 6.0%,True,1.0,300.43200400000205,3456.723981869942,2138.536293295656,986.4214222849134,288.9712801514079,77.34256440393614,22.65743559606386,3.413562142812508,0.2929491124412571,0.01887841076209804,479.6481463442988,553.5227811226994,0.430142382396616,0.08984375,7.586474650329762,0.9758747000639925,0.8838105528366139,0.9844222013686622,0.9559305303530969,0.9999569331912214,0.0024096385542168677,0.0024096385542168677,319.9954,0.9975903614457832,0.0024096385542168677,0.9994113169935966,0.0,0.0024096385542168677,0.060240963855421686,0.09879518072289156,0.9305618724569733,0.9987546811424333,VALID,0.9003333333333333,VALID,INVALID,0.03333333333333333,0.016666666666666666,0.0,2,0,0.03333333333333333,2.762550860534593e-05,2,5,16
69565789920,77.31988654595314,VALID,,44.40755182112343,37.354576669540386,51.08642063802995,60.05402167164039,22.033898305084744,1.0,5.0,320.00015,0.0,LIMITED,受限输出：心搏峰附近削底/饱和 6.0%,True,1.0,300.3040039999905,2916.09504381551,1697.3790593032422,852.3786875689898,320.9060148367409,72.64892193866095,27.35107806133904,2.6561630139672907,0.37648291717848403,0.021685014157870396,345.7507371015754,424.2641456006679,0.3593533157423613,0.08984375,3.8672113563246424,0.9397402852833346,0.6720070473474068,0.93862274734328,0.9423478738101291,0.999950979639562,0.002403846153846154,0.002403846153846154,319.99625,0.9975961538461539,0.002403846153846154,0.9994127320969775,0.0,0.002403846153846154,0.06009615384615385,0.09375,0.9893632620212218,0.9987581550530544,VALID,0.9852666666666667,VALID,LIMITED,0.0,0.0,0.0,0,0,0.0,2.7347595755653137e-05,2,5,16
69586173918,84.26966292134831,VALID,,36.24289828670354,29.884465798537367,42.246841417561676,48.509290677179635,15.254237288135593,1.0,5.0,296.39715,0.0,LIMITED,受限输出：心搏峰附近削底/饱和 5.8%；Welch/Lomb 稳健一致性 90%,True,1.0,300.41599799999676,2582.8184109372405,1431.299166489297,771.5852328726942,337.99636115211644,69.53839510566371,30.461604894336304,2.282821123406827,0.4380544711745194,0.023230727518300194,301.4929559936146,318.2251429774958,0.28542101743372345,0.109375,2.716099677562054,0.8985781717930967,0.4690112980796272,0.8953701256629186,0.9060636127635123,0.999951985991891,0.002398081534772182,0.002398081534772182,312.3997500000001,0.9976019184652278,0.002398081534772182,0.9994141404132917,0.0,0.002398081534772182,0.05755395683453238,0.08633093525179857,0.9995646233822495,0.9987615584556236,VALID,1.0,VALID,LIMITED,0.0,0.0,0.0,0,0,0.0,2.7075323550116425e-05,2,5,16
69606749920,75.75757575757575,VALID,,34.60537843839317,24.793584479601307,44.12611669818278,57.46004501365928,10.16949152542373,1.0,5.0,288.397,0.0,LIMITED,受限输出：心搏峰附近削底/饱和 5.7%,True,1.0,300.224000000002,2732.4506628841395,1664.7048541408,704.58490519822,330.99319119603075,68.0378339066357,31.96216609336431,2.1286990909155272,0.46977048295253054,0.01909316072159747,307.72067275806984,226.29927014460628,0.21748952362720142,0.07421875,5.1823504900844,0.9599064312792625,0.7223518072060182,0.9552534450507765,0.97076339914573,0.9999698947278951,0.0023752969121140144,0.0023752969121140144,304.00190000000003,0.997624703087886,0.0023752969121140144,0.9994197067751606,0.0,0.0023752969121140144,0.057007125890736345,0.09026128266033254,0.9947659897233263,0.9987649743083156,VALID,0.9930666666666667,VALID,LIMITED,0.0,0.0,0.0,0,0,0.0,2.6802055334757672e-05,2,5,16
69626805917,94.9367088607595,VALID,,34.76174425320777,26.422504105569473,44.19338884381501,73.07363014144231,8.47457627118644,1.0,5.0,280.00005,0.0,LIMITED,受限输出：心搏峰附近削底/饱和 5.4%,True,1.0,300.47199700000056,3082.46810072707,2074.6523531633266,675.8316700080204,309.45387640545243,68.59246768290754,31.40753231709245,2.183949601337463,0.4578860241956107,0.01621143149772929,353.8843596557833,176.1360033137812,0.17793369149762342,0.07421875,6.700492733051674,0.9258161569342298,0.835270897009747,0.9152604250688317,0.9504461979534925,0.9999857912851856,0.002364066193853428,0.002364066193853428,304.0018,0.9976359338061466,0.002364066193853428,0.9994224504783513,0.0,0.002364066193853428,0.054373522458628844,0.09219858156028368,0.8876104644164058,0.9987681898333366,VALID,0.8376166355638497,VALID,LIMITED,0.0,0.0,0.0,0,0,0.0,2.6544813333080527e-05,2,5,16
69646965920,86.20714427340307,LIMITED,受限输出：心搏峰附近削底/饱和 3.3%,32.23661279258389,26.61463560294693,37.97770067294809,66.58543235598835,5.084745762711865,1.0,5.0,226.79904999999982,0.0,LIMITED,受限输出：心搏峰附近削底/饱和 5.9%；频带一致性 88%,True,1.0,300.6239990000031,3433.897005056693,2405.5429010254434,723.2145780366659,288.37735432094547,71.49271904048756,28.50728095951246,2.507875764862502,0.3987438349262992,0.014541654311350308,438.841436729828,198.72530786750923,0.19566559807328,0.07421875,5.874402578526035,0.9079701054336975,0.8415003224511225,0.9183371603708637,0.8837803105803101,0.9999919834893607,0.0023584905660377358,0.0023584905660377358,302.8002999999997,0.9976415094339622,0.0023584905660377358,0.9994238126234496,0.0,0.0023584905660377358,0.0589622641509434,0.09198113207547169,0.8419818848461177,0.9987713787819609,VALID,0.7717066666666668,LIMITED,LIMITED,0.0,0.0,0.0,0,0,0.0,2.628969744313914e-05,2,5,16
69667141920,87.20892205411894,INVALID,心搏峰附近削底/饱和 8.3% > 8.0%,nan,nan,nan,nan,nan,1.0,5.0,7.9990499999999995,0.0,LIMITED,受限输出：心搏峰附近削底/饱和 5.7%；频带一致性 88%,True,1.0,300.69600399999763,3933.585317880533,2766.7532505867925,873.983748509873,278.62164509694844,75.8267966953491,24.17320330465088,3.136812103043049,0.3187949954126647,0.014036616133096612,545.9790483689251,309.1087592112631,0.2674175973612719,0.0703125,4.489626214044725,0.9151279076133754,0.8414977202170746,0.9296056781948905,0.8813464429231739,0.9999938475337494,0.0023584905660377358,0.0023584905660377358,296.0014,0.9976415094339622,0.0023584905660377358,0.9995638989894333,0.0,0.0023584905660377358,0.05660377358490566,0.08490566037735849,0.8963698003853908,0.9987745009634772,VALID,0.8509333333333333,VALID,INVALID,0.0,0.0,0.0,0,0,0.0,2.603992292182815e-05,2,5,16
69687341920,82.41724278608741,INVALID,心搏峰附近削底/饱和 8.3% > 8.0%,nan,nan,nan,nan,nan,1.0,5.0,264.404,0.0,LIMITED,受限输出：心搏峰附近削底/饱和 5.9%,True,1.0,300.0080020000023,4147.519945155922,2736.507544397098,1110.5510731390668,283.44809078759926,79.66655231060736,20.333447689392628,3.918005127687574,0.2552319273227202,0.01759056415950901,648.747422316292,485.18257893618926,0.3472503993099851,0.08984375,4.366566477617273,0.9429756527319804,0.8708027366311665,0.9475790799796896,0.9322343224873257,0.9999922942076467,0.00234192037470726,0.00234192037470726,290.8002499999997,0.9976580796252927,0.00234192037470726,0.9995669629309595,0.0,0.00234192037470726,0.0585480093676815,0.07494145199063232,0.8789710167199185,0.9987775417997959,VALID,0.8258,VALID,INVALID,0.0,0.0,0.0,0,0,0.0,2.579665601633297e-05,2,5,16
69707629917,92.59244970300972,LIMITED,受限输出：心搏峰附近削底/饱和 3.3%,24.135162081388955,18.252893787620195,27.864452182870096,55.14734671258569,3.389830508474576,1.0,5.0,264.404,0.0,LIMITED,受限输出：心搏峰附近削底/饱和 5.6%,True,1.0,300.5439970000007,4072.8124718062054,2427.419306400484,1324.607998786465,297.97479333792114,81.63577262225282,18.364227377747177,4.445369301034402,0.22495318887618806,0.025002225662641375,700.5204063130595,640.6737070900206,0.39384335677789334,0.0859375,4.507818496588328,0.9709248783600344,0.8695552905006193,0.9669469517957734,0.9802067070099769,0.9999858691606771,0.002325581395348837,0.002325581395348837,280.80359999999973,0.9976744186046511,0.002325581395348837,0.9995699841198133,0.0,0.002325581395348837,0.05581395348837209,0.06976744186046512,0.8807722473874591,0.9987806184686479,VALID,0.8284,VALID,LIMITED,0.0,0.0,0.0,0,0,0.0,2.5550522508185293e-05,2,5,16
69728165918,92.59244970300972,INVALID,心搏峰附近削底/饱和 8.3% > 8.0%,nan,nan,nan,nan,nan,1.0,5.0,217.6011499999999,0.0,LIMITED,受限输出：心搏峰附近削底/饱和 6.3%,True,1.0,300.1360019999993,3947.5187092202727,2168.364426324564,1433.2734151825518,315.52221733718613,81.95774214723029,18.042257852769712,4.542543556135286,0.22014098217052258,0.02883056807211415,679.9687470707532,717.5287236802826,0.40903127437096154,0.0859375,5.046179584367024,0.9480372526044093,0.6890496863071176,0.9676396011373662,0.9022984393608432,0.9999771233677461,0.002325581395348837,0.002325581395348837,280.001,0.9976744186046511,0.002325581395348837,0.9995699841198133,0.0,0.002325581395348837,0.06279069767441861,0.06511627906976744,0.8726434756451351,0.9626479433229421,VALID,0.8340684309008286,VALID,INVALID,0.0,0.0,0.0,0,0,0.0,3.6164534164635424e-05,5,5,25
69748661920,85.22727272727273,INVALID,心搏峰附近削底/饱和 8.3% > 8.0%,nan,nan,nan,nan,nan,1.0,5.0,217.6011499999999,0.0,LIMITED,受限输出：心搏峰附近削底/饱和 6.5%,True,1.0,300.1119999999937,3916.48799153537,2195.414651565082,1359.8480733976842,322.63437517454366,80.82390841887624,19.176091581123746,4.214826993131196,0.23725766244490612,0.02930268006810517,584.8549492288988,675.3711652728119,0.3999729464408034,0.0859375,5.945395887549497,0.9650965588195382,0.7271594704754313,0.9747413567373742,0.9425920303445875,0.9999751197869048,0.0023094688221709007,0.0023094688221709007,279.99895000000004,0.9976905311778291,0.0023094688221709007,0.9995729634446183,0.0,0.0023094688221709007,0.06466512702078522,0.06928406466512702,0.8780581614899152,0.9626521799878194,VALID,0.8418871959369153,VALID,INVALID,0.0,0.0,0.0,0,0,0.0,3.582560097445635e-05,5,5,25
69768813917,89.28571428571429,VALID,,25.553936603100006,21.858191590478196,29.32066406213982,40.43113428645037,3.389830508474576,1.0,5.0,8.00305,0.0,LIMITED,受限输出：心搏峰附近削底/饱和 5.7%,True,1.0,300.5519970000023,3873.353356408868,2359.8885374550423,1148.895553967325,310.1743836823716,78.74163700596782,21.258362994032186,3.7040310689996576,0.269976137179127,0.027623959228462176,450.17621968172205,551.6955341965181,0.37663506308234274,0.0859375,5.564692349409606,0.9729436500425163,0.8631467029275461,0.9715229074370492,0.9762587161219398,0.9999784046489565,0.0022935779816513763,0.0022935779816513763,272.004,0.9977064220183486,0.0022935779816513763,0.9995759017695407,0.0,0.0022935779816513763,0.05733944954128441,0.06422018348623854,0.9593224936097701,0.9986562340244249,VALID,0.9419333333333334,VALID,LIMITED,0.0,0.0,0.0,0,0,0.0,3.5501278046009656e-05,5,5,25
69789085917,83.33333333333333,LIMITED,受限输出：心搏峰附近削底/饱和 3.3%,27.868529325740546,22.16566920421457,33.49838901550133,44.035492514147705,5.084745762711865,1.0,5.0,8.004,0.0,LIMITED,受限输出：心搏峰附近削底/饱和 5.3%,True,1.0,300.4160019999981,3595.2456160384672,2326.16278866276,902.093903669016,276.02808938754646,76.57050025257493,23.429499747425066,3.268123565505923,0.30598598246244546,0.02673129039091928,320.3802889501228,405.1635501605461,0.3424162539903597,0.08203125,5.429134914241857,0.967150148583511,0.9017539072117482,0.9755690312227185,0.9475060890920267,0.9999790993957473,0.0023094688221709007,0.0023094688221709007,272.0028,0.9976905311778291,0.0023094688221709007,0.9995729634446183,0.0,0.0023094688221709007,0.053117782909930716,0.053117782909930716,0.9425241300593385,0.9986603251483464,VALID,0.9176666666666666,VALID,LIMITED,0.0,0.0,0.0,0,0,0.0,3.51739881322964e-05,5,5,25
69809413920,87.20892205411894,LIMITED,受限输出：心搏峰附近削底/饱和 5.0%,28.730486060180695,21.768909241311412,34.98028292826591,31.40058233005666,6.779661016949152,1.0,5.0,8.002,0.0,LIMITED,受限输出：心搏峰附近削底/饱和 4.2%,True,1.0,300.40000000000873,3285.995885490405,2150.884133426136,755.0473843485137,229.9409627318502,76.65546364955223,23.34453635044777,3.283657576179786,0.30453845347766195,0.026543192997832643,249.39873406834522,302.5180423838331,0.3055429478660791,0.0546875,4.627058413708869,0.9663214694413713,0.8698804264179202,0.985808314674227,0.9208521638980417,0.9999820997602702,0.0,0.0,268.80219999999974,1.0,0.0,1.0,0.0,0.0,0.04186046511627907,0.046511627906976744,0.872359608689057,0.9986642443299474,VALID,0.8163156491602239,VALID,LIMITED,0.0,0.0,0.0,0,0,0.0,3.48604536042223e-05,5,5,25
69829981920,86.20726813477644,VALID,,27.90700807008392,22.297097342822735,34.4700524087758,26.120336829335997,5.084745762711865,1.0,5.0,8.003,0.0,LIMITED,受限输出：心搏峰附近削底/饱和 3.7%；频带一致性 87%,True,1.0,300.0880000000034,2998.7059238493093,1841.5286996848886,760.032045448491,184.45912254649457,80.47000027135522,19.52999972864478,4.120327772116113,0.24269913834704981,0.029475495452225584,253.16668870450965,274.46918338488547,0.28890934821462405,0.04296875,6.707889355938132,0.9347387575056856,0.8218877017139657,0.9609168129993456,0.8736566280204792,0.9999871907945769,0.0,0.0,268.4023499999996,1.0,0.0,1.0,0.0,0.0,0.037383177570093455,0.0397196261682243,0.941942624047119,0.9986681703550677,VALID,0.9168221807517996,VALID,LIMITED,0.0,0.0,0.0,0,0,0.0,3.454637159459142e-05,5,5,25
69850101920,87.20980935935674,LIMITED,受限输出：心搏峰附近削底/饱和 3.3%,23.909416910143403,19.59561074403877,28.26657378056644,34.55761219822542,1.694915254237288,1.0,5.0,8.00405,0.0,LIMITED,受限输出：心搏峰附近削底/饱和 3.9%,True,1.0,300.3600000000006,2637.842408079107,1380.032900105262,859.8327135559063,155.40911189648614,84.69240450892222,15.307595491077777,5.532704634002528,0.18074342769976667,0.037923366749472255,311.6955064346625,317.8602966615637,0.3112604000351672,0.04296875,10.102773739572548,0.927007314272071,0.7971373448712323,0.9215049521121278,0.9398461593119387,0.9999826415783233,0.0,0.0,259.20239999999984,1.0,0.0,1.0,0.0,0.0,0.03935185185185185,0.041666666666666664,0.9185503343855308,0.9986718503599883,VALID,0.8830311916822181,VALID,LIMITED,0.0,0.0,0.0,0,0,0.0,3.425197120094261e-05,5,5,25
69870765917,87.20879529770176,LIMITED,受限输出：心搏峰附近削底/饱和 3.3%,20.51504986217332,17.580741838520538,22.301946685161266,26.957328510885226,0.0,1.0,5.0,8.00405,0.0,LIMITED,受限输出：心搏峰附近削底/饱和 3.9%,True,1.0,300.4799970000022,2338.0286601623757,1007.1435444062789,962.3314018939373,144.7603113656552,86.92427107602136,13.075728923978641,6.647757198194678,0.1504266732653185,0.041959958091868546,394.84241416200473,406.1469811433872,0.3650245306021564,0.04296875,10.141675773904415,0.901748439933553,0.7848166246605189,0.9001464560963519,0.9054864022203557,0.9999722599983598,0.0,0.0,223.999,1.0,0.0,1.0,0.0,0.0,0.03917050691244239,0.03917050691244239,0.9029560182244774,0.9986756627299485,VALID,0.8605038656358305,VALID,LIMITED,0.0,0.0,0.0,0,0,0.0,3.394698160413067e-05,5,5,25
69891157921,87.20968260036018,INVALID,心搏峰附近削底/饱和 10.0% > 8.0%,nan,nan,nan,nan,nan,1.0,5.0,272.0,0.0,LIMITED,受限输出：心搏峰附近削底/饱和 5.3%；Welch/Lomb 稳健一致性 88%；频带一致性 85%,True,1.0,300.24000000000524,2108.297254342,808.0444082539424,986.6734284378692,149.15112412868166,86.86847156176944,13.13152843823056,6.615259752159874,0.15116564389984857,0.04552562433238891,465.0708034493819,497.4213021633353,0.43638754003662406,0.04296875,8.891204473836048,0.8765941777662279,0.742278148751553,0.8865381436417292,0.8533915907233918,0.9999540702374086,0.0,0.0,256.004,1.0,0.0,1.0,0.0,0.0,0.052873563218390804,0.04827586206896552,0.8741651760912359,0.9986793625154795,VALID,0.8189149560117301,VALID,INVALID,0.0,0.0,0.0,0,0,0.0,3.3650998761643246e-05,5,5,25
69911709917,88.23542387562334,INVALID,心搏峰附近削底/饱和 10.0% > 8.0%,nan,nan,nan,nan,nan,1.0,5.0,272.39979999999997,0.0,LIMITED,受限输出：心搏峰附近削底/饱和 5.2%,True,1.0,300.2319969999953,1856.1014714092228,691.2886565854485,907.9002713508063,159.49042908252727,85.05791468692969,14.942085313070292,5.692506293785311,0.1756695466620268,0.05974560549591193,491.18992004005315,540.9785513729064,0.505749585226046,0.0859375,11.372045417996747,0.9364110257604158,0.7641843049902545,0.9271376354493375,0.9580489364862654,0.9999506729803286,0.0,0.0,217.2006999999998,1.0,0.0,1.0,0.0,0.0,0.05239179954441914,0.04555808656036447,0.9119332304921368,0.9986830762303421,VALID,0.8734666666666667,VALID,INVALID,0.0,0.0,0.0,0,0,0.0,3.335390157263646e-05,5,5,25
69932357920,86.20714427340307,VALID,,23.031886818944695,17.015731977397767,26.952588164246976,28.040899986161257,3.389830508474576,1.0,5.0,256.39984999999996,0.0,LIMITED,受限输出：心搏峰附近削底/饱和 5.0%,True,1.0,300.44799899999634,1573.5949928181956,600.026723110095,756.92753724324,168.52437740790916,81.79004497803274,18.209955021967268,4.4915017571085,0.22264268257656686,0.07934210567750191,458.84032952079656,508.0718215390067,0.548355993231354,0.0859375,12.895709736103301,0.9454990345493937,0.8464457115456904,0.9307787730453102,0.979846311392255,0.9999492119720234,0.0,0.0,216.8009499999993,1.0,0.0,1.0,0.0,0.0,0.05011389521640091,0.04100227790432802,0.9131346538975385,0.9986866347438459,VALID,0.8752,VALID,LIMITED,0.0,0.0,0.0,0,0,0.0,3.306922049233455e-05,5,5,25
69952629920,96.15338387796211,LIMITED,受限输出：心搏峰附近削底/饱和 6.7%,33.21759038995476,24.529510758433336,41.29297703157604,32.25133704949223,11.11111111111111,0.9970787449799197,5.0,248.79794999999996,0.0,LIMITED,受限输出：心搏峰附近削底/饱和 5.5%,True,1.0,300.3600000000006,1328.460121062452,547.843658125804,589.0997837287565,171.48811173135334,77.45321576178735,22.54678423821265,3.4352222890623314,0.2911019770638939,0.07982622144077424,378.5895849895644,410.731326201981,0.539531606014474,0.0859375,11.72958376188508,0.911548858290641,0.802669542631117,0.9116665309035682,0.9112742888604778,0.999945778875684,0.0022727272727272726,0.0022727272727272726,247.2037999999998,0.9977272727272727,0.0022727272727272726,0.9996016470427164,0.0,0.0022727272727272726,0.05454545454545454,0.038636363636363635,0.8837669212150154,0.9986901236187167,VALID,0.8327779258864303,VALID,LIMITED,0.05,0.03333333333333333,0.016666666666666666,2,1,0.03333333333333333,3.279011050267239e-05,5,5,25
69972877921,83.33321759275334,LIMITED,受限输出：心搏峰附近削底/饱和 6.7%,35.64380592597948,26.908114818226885,41.59328467613102,35.25174837378313,16.666666666666664,0.9970787449799197,5.0,218.40369999999984,0.0,LIMITED,受限输出：心搏峰附近削底/饱和 5.0%,True,1.0,300.55200100000366,1115.5129453581837,485.5535762959171,453.5247225588994,166.97547264683618,73.090182092292,26.90981790770801,2.7161158185078667,0.3681728125089168,0.07854665306254807,288.5729370522587,298.2562151418875,0.48018372644523033,0.0859375,11.884674129274554,0.9137698842726911,0.750087516017507,0.9155070445955443,0.909716510186034,0.9999347395929615,0.002277904328018223,0.002277904328018223,256.40364999999963,0.9977220956719818,0.002277904328018223,0.9996007396327908,0.0,0.002277904328018223,0.05011389521640091,0.04100227790432802,0.9881374200513103,0.9986935501282757,VALID,0.9835333333333334,VALID,LIMITED,0.05,0.03333333333333333,0.016666666666666666,2,1,0.03333333333333333,3.251598973795364e-05,5,5,25
69993213920,80.64494450283736,VALID,,33.32822305443394,26.497229290475886,38.52379966367553,33.19128746207098,13.559322033898304,1.0,5.0,35.999899999999315,0.0,LIMITED,受限输出：心搏峰附近削底/饱和 4.6%,True,1.0,300.03200300000026,941.6107472144914,404.29811204628214,372.2875116090948,156.59125878238947,70.39184260194861,29.60815739805139,2.3774475951205707,0.420619155624032,0.07014440180016944,224.25353384315545,212.37445095304997,0.4011410772974981,0.08203125,11.331017796961651,0.9270901419636595,0.8105420197811206,0.932211956553045,0.9151392412550933,0.9998978339460926,0.0022935779816513763,0.0022935779816513763,248.004,0.9977064220183486,0.0022935779816513763,0.9995979924284294,0.0,0.0022935779816513763,0.045871559633027525,0.0389908256880734,0.9983387710484397,0.9986969276210992,VALID,0.9982666666666666,VALID,LIMITED,0.0,0.0,0.0,0,0,0.0,3.2245790312074756e-05,5,5,25
70013549920,90.36144578313252,VALID,,29.55032493841821,24.922438040318855,34.41330438980549,38.83866328714472,6.779661016949152,1.0,5.0,280.39715,0.0,LIMITED,受限输出：心搏峰附近削底/饱和 4.6%,True,1.0,300.60000299999956,841.0405364023886,336.1235858142462,350.7924443908143,145.10888962739622,70.7383546538176,29.26164534618242,2.4174428271869672,0.4136602482399304,0.07025373028247726,206.23877882798973,173.91058470574086,0.3502921251280725,0.08203125,8.361799561207404,0.9167322294098701,0.7940670053996369,0.9164911589459415,0.9172947271590369,0.9998924843833348,0.00228310502283105,0.00228310502283105,267.1999999999998,0.997716894977169,0.00228310502283105,0.999599828079441,0.0,0.00228310502283105,0.045662100456621,0.0547945205479452,0.897580111538191,0.9987002788454775,VALID,0.8521866666666666,VALID,LIMITED,0.0,0.0,0.0,0,0,0.0,3.1977692361808404e-05,5,5,25
70033765917,91.46341463414635,INVALID,心搏峰附近削底/饱和 8.3% > 8.0%,nan,nan,nan,nan,nan,1.0,5.0,287.99809999999997,0.0,LIMITED,受限输出：心搏峰附近削底/饱和 4.8%；Welch/Lomb 稳健一致性 89%,True,1.0,300.2559959999926,758.0031942985316,255.04057320835958,357.89593304213247,136.2522008551777,72.4268510779214,27.573148922078598,2.6267167120664685,0.38070340642607337,0.07565603113184997,214.97449842917712,158.9840619197854,0.32091013613819,0.08203125,6.400523270452705,0.8870754931728038,0.6723956483661239,0.8800975207561901,0.9033574288115689,0.9998661829814418,0.002277904328018223,0.002277904328018223,264.00065,0.9977220956719818,0.002277904328018223,0.9996007396327908,0.0,0.002277904328018223,0.04783599088838269,0.0683371298405467,0.8441814037669778,0.9987035094174445,VALID,0.7750533333333334,LIMITED,INVALID,0.016666666666666666,0.0,0.016666666666666666,1,1,0.0,3.171924660445465e-05,5,5,25
70054477920,80.64483610953181,INVALID,心搏峰附近削底/饱和 10.0% > 8.0%,nan,nan,nan,nan,nan,1.0,5.0,272.8007999999999,0.0,LIMITED,受限输出：心搏峰附近削底/饱和 4.8%；Welch/Lomb 稳健一致性 78%；频带一致性 77%；两种频率算法差异较大 78%；快慢节律分布算法差异较大 77%,True,1.0,300.45600200000627,738.8197217224948,234.4764575778513,360.8043811224171,135.01391965623012,72.7694763496627,27.23052365033731,2.67234950322967,0.3742025505239675,0.07496688710864498,220.7696843146912,144.26132304993646,0.2891461282910084,0.078125,6.943489317322654,0.7803305852652206,0.44816057578622703,0.7862406738024258,0.7665403786784086,0.9998664417142575,0.002277904328018223,0.002277904328018223,272.00300000000004,0.9977220956719818,0.002277904328018223,0.9996007396327908,0.0,0.002277904328018223,0.04783599088838269,0.07289293849658314,0.7452505063241722,0.9987067376845974,VALID,0.6314182884564117,INVALID,INVALID,0.016666666666666666,0.0,0.016666666666666666,1,1,0.0,3.1460985232213535e-05,5,5,25
70074749920,82.41769562870279,LIMITED,受限输出：心搏峰附近削底/饱和 6.7%,39.218584544117185,32.96218280800578,45.883834462290906,75.58647059273682,18.64406779661017,1.0,5.0,8.00005,0.0,LIMITED,受限输出：心搏峰附近削底/饱和 5.1%；Welch/Lomb 稳健一致性 86%；频带一致性 77%；快慢节律分布算法差异较大 77%,True,1.0,300.05599999999686,794.2168196635635,294.60028865391615,347.43218759669264,143.78865164922627,70.72830788898155,29.27169211101845,2.416269876737259,0.4138610548546512,0.07061679266480371,207.3856278569594,123.71995909201709,0.24887670083568608,0.078125,9.786377001564839,0.8559053600118073,0.5561387403635575,0.8917668247036368,0.7722286090642054,0.9998827385864587,0.0022988505747126436,0.0022988505747126436,264.80089999999973,0.9977011494252873,0.0022988505747126436,0.9995970682730924,0.0,0.0022988505747126436,0.05057471264367816,0.08045977011494253,0.6284829175706962,0.9987099198931494,VALID,0.4615302585977073,INVALID,LIMITED,0.0,0.0,0.0,0,0,0.0,3.120640854805943e-05,5,5,25
70094829916,83.33333333333333,LIMITED,受限输出：心搏峰附近削底/饱和 6.7%,42.9086307146193,35.24274677894258,50.046017349331855,44.81597924869723,19.642857142857142,0.9991950240772274,5.0,8.001,0.0,LIMITED,受限输出：心搏峰附近削底/饱和 5.1%；频带一致性 86%,True,1.0,300.01599899999565,854.7796773163226,355.0189454148629,330.1481447080556,159.47031158455363,67.429677224167,32.57032277583299,2.0702796741762555,0.4830265265478639,0.06225966075754314,186.60210908277244,110.78113055004928,0.22226060042616633,0.078125,9.41041913883601,0.906998318029903,0.6449897697341052,0.9281534878814572,0.8576362550429436,0.9998233077853378,0.002304147465437788,0.002304147465437788,279.996,0.9976958525345622,0.002304147465437788,0.9994848528650433,0.0,0.002304147465437788,0.05069124423963134,0.10138248847926268,0.763181545222881,0.998712953966293,VALID,0.6567448680351906,LIMITED,LIMITED,0.03333333333333333,0.03333333333333333,0.0,2,0,0.03333333333333333,3.09636826965652e-05,5,5,25
70115413920,85.22763591322122,LIMITED,受限输出：心搏峰附近削底/饱和 3.3%,39.828808868617415,33.20750831801999,47.39116480976113,43.47927146169756,14.285714285714285,0.9991950240772274,5.0,8.001,0.0,LIMITED,受限输出：心搏峰附近削底/饱和 5.1%,True,1.0,300.17599899999914,992.9275646993001,470.06592417745793,331.024146462109,177.44014014931105,65.10273291132542,34.897267088674575,1.865553905579432,0.5360338272773763,0.05516758999617512,183.97119709508917,115.25078304440814,0.2221092294657151,0.078125,13.773104829275104,0.9412505114264884,0.7747101264577289,0.9468725364930156,0.9281324529379248,0.9998198593198365,0.002304147465437788,0.002304147465437788,279.996,0.9976958525345622,0.002304147465437788,0.9994848528650433,0.0,0.002304147465437788,0.05069124423963134,0.10138248847926268,0.8963739382180775,0.9987160638869693,VALID,0.8509730738469741,VALID,LIMITED,0.03333333333333333,0.03333333333333333,0.0,2,0,0.03333333333333333,3.071488904246334e-05,5,5,25
70135597920,78.12489827487204,VALID,,35.68605504243255,29.287132230070327,42.15174101093333,51.84310049905197,16.94915254237288,1.0,5.0,22.002799999999205,0.0,LIMITED,受限输出：心搏峰附近削底/饱和 5.1%,True,1.0,300.4320000000007,1314.9990304446528,712.8548078497269,389.8770956133804,191.2040373860396,67.09512208749851,32.9048779125015,2.039063091676361,0.4904213136327611,0.0341504923445144,232.11140021388516,144.84514050444346,0.24496824005271586,0.078125,13.296049355055333,0.9551073031130151,0.8743097051835218,0.9725588166337145,0.91438710489805,0.9999238408280604,0.002320185614849188,0.002320185614849188,279.997,0.9976798143851509,0.002320185614849188,0.9994812671541272,0.0,0.002320185614849188,0.05104408352668213,0.09976798143851508,0.9995476116168713,0.9987190290421781,VALID,1.0,VALID,LIMITED,0.0,0.0,0.0,0,0,0.0,3.0477676625755465e-05,5,5,25
70155709920,68.80718163490451,VALID,,35.144386134515564,28.170903891763285,39.080604084472625,67.50580221753768,19.298245614035086,1.0,5.0,312.3999,0.0,LIMITED,受限输出：心搏峰附近削底/饱和 4.7%,True,1.0,300.0159999999887,1956.020389851552,1184.9632431824218,542.1072757436912,199.54112060806432,73.0949164604646,26.905083539535386,2.7167697269200475,0.3680841957605593,0.01967849845603592,346.81002674015974,201.77674415696228,0.26904132174049344,0.078125,10.480003433496876,0.9716723648616467,0.8711435792662505,0.9889665103822226,0.9313193586469696,0.9999615852529973,0.002352941176470588,0.002352941176470588,280.79969999999975,0.9976470588235294,0.002352941176470588,0.9994739438668913,0.0,0.002352941176470588,0.047058823529411764,0.10588235294117647,0.9629585638763674,0.9987220161958501,VALID,0.947147427352706,VALID,LIMITED,0.016666666666666666,0.0,0.016666666666666666,1,1,0.0,3.0238704331996783e-05,5,5,25
70175789920,79.78680964462954,VALID,,42.38523429442124,36.04664241240488,49.15839405242662,61.33172128222619,22.807017543859647,1.0,5.0,312.3999,0.0,LIMITED,受限输出：心搏峰附近削底/饱和 4.5%,True,1.0,300.09599999999045,2611.361197726742,1602.6799613444246,769.1967958919876,203.93225489933533,79.04365770053798,20.956342299462026,3.771825090992482,0.2651236406449774,0.019461271333359773,494.2308612467525,269.6577314377815,0.2753345892994071,0.078125,10.71984535639677,0.9618173301285211,0.8321311783564332,0.9869417754412343,0.9031936243988572,0.9999785780482595,0.002369668246445498,0.002369668246445498,287.99935,0.9976303317535545,0.002369668246445498,0.9994702041313479,0.0,0.002369668246445498,0.045023696682464455,0.11137440758293839,0.8873798695614437,0.9987248938449582,VALID,0.8379765395894427,VALID,LIMITED,0.016666666666666666,0.0,0.016666666666666666,1,1,0.0,3.0008492403350148e-05,5,5,25
70196061920,78.12530517697336,VALID,,40.4049906138892,32.399700611835065,48.82020077413514,58.667646151042696,15.254237288135593,1.0,5.0,272.7992,0.0,LIMITED,受限输出：心搏峰附近削底/饱和 3.3%；频带一致性 90%,True,1.0,300.48799999999756,3046.8116605886207,1791.819776067494,1010.5021042086628,208.216141331848,82.91515351528173,17.08484648471826,4.853140096368215,0.20605216007432736,0.02741199087089736,619.534253730347,325.8573378095998,0.2660974904147775,0.07421875,7.435422062197639,0.9573262510278516,0.8417962700292851,0.9820180683430524,0.8997120106257166,0.9999823466899712,0.002386634844868735,0.002386634844868735,287.997,0.9976133651551312,0.002386634844868735,0.9994664108435055,0.0,0.002386634844868735,0.03341288782816229,0.10023866348448687,0.8819824499385098,0.9987277457473676,VALID,0.8301786190349241,VALID,LIMITED,0.0,0.0,0.0,0,0,0.0,2.9780340210606566e-05,5,5,25
70216821919,69.44444444444444,VALID,,34.84010959015825,28.058607090924443,40.56234720579979,59.77352380146066,8.47457627118644,1.0,5.0,311.99805,0.0,LIMITED,受限输出：心搏峰附近削底/饱和 3.4%；频带一致性 90%,True,1.0,300.327999000001,3189.097058760164,1744.3338076379603,1198.4703258236743,212.7852935671788,84.92227129915527,15.077728700844736,5.632298669387616,0.17754740270347333,0.031207708128245297,681.3618780091892,357.16088413107315,0.25154915822610474,0.07421875,9.958582363926187,0.9491036268721884,0.9070008175100772,0.9719232256167033,0.8958578964683204,0.9999852091448073,0.002421307506053269,0.002421307506053269,288.0,0.9975786924939467,0.002421307506053269,0.9994586589429268,0.0,0.002421307506053269,0.03389830508474576,0.10653753026634383,0.7608159067029172,0.9987306091993086,VALID,0.6551586243668355,LIMITED,LIMITED,0.0,0.0,0.0,0,0,0.0,2.9551264055319967e-05,5,5,25
70237197920,79.7872340425532,LIMITED,受限输出：心搏峰附近削底/饱和 3.3%,36.646259790190996,30.5482931924998,44.84015029052211,59.946871328007326,13.559322033898304,1.0,5.0,311.99805,0.0,LIMITED,受限输出：心搏峰附近削底/饱和 3.7%,True,1.0,300.13600000001315,3079.2001203817467,1526.4803406329036,1301.532824086801,218.68508382233517,85.61488568943986,14.385114310560143,5.951630542594283,0.168021182236239,0.04177521076223011,699.3549349061442,381.63674720208263,0.2488133194839965,0.07421875,8.505580146203382,0.9722613215985296,0.9066013838345106,0.9744688142701523,0.9671105053647436,0.9999768137932586,0.0024449877750611247,0.0024449877750611247,288.0,0.9975550122249389,0.0024449877750611247,0.9994533646538601,0.0,0.0024449877750611247,0.03667481662591687,0.11491442542787286,0.7494600287801292,0.9987334052836564,VALID,0.63732,INVALID,LIMITED,0.0,0.0,0.0,0,0,0.0,2.9327577307493784e-05,5,5,25
70257357920,89.28598001779767,LIMITED,受限输出：心搏峰附近削底/饱和 5.0%,30.984449007608408,23.458049113599692,40.029106330899694,72.68667721062029,8.47457627118644,1.0,5.0,20.804749999999274,0.0,LIMITED,受限输出：心搏峰附近削底/饱和 3.2%,True,1.0,300.5600029999914,3100.2275884488763,1451.290117381338,1385.0387516274616,227.7013047463056,85.88109076559492,14.118909234405086,6.08270011087819,0.1644006743340212,0.047289693256147854,764.0770337012076,439.6581863332733,0.2696414213208401,0.07421875,8.007635200263694,0.9537120184304957,0.8227569218136879,0.9661079518101973,0.9247881738778589,0.9999718600939417,0.0,0.0,287.997,1.0,0.0,0.9998816211878275,0.0,0.0,0.031862745098039214,0.11274509803921569,0.929354453575057,0.9987361339376422,VALID,0.8986000000000001,VALID,LIMITED,0.0,0.0,0.0,0,0,0.0,2.9109284988632823e-05,5,5,25
70277805917,90.36144578313252,INVALID,心搏峰附近削底/饱和 8.3% > 8.0%,nan,nan,nan,nan,nan,0.9995027064770226,5.0,8.00205,0.0,LIMITED,受限输出：心搏峰附近削底/饱和 4.1%；Welch/Lomb 稳健一致性 89%；频带一致性 82%,True,1.0,300.6399970000057,3371.610994173364,1566.4231154112629,1516.5015830096809,243.30937532609136,86.17411863623207,13.82588136376793,6.232811953823048,0.16044122739602715,0.0476477422350912,933.8889242641781,554.4933223287784,0.3117197062758296,0.08984375,7.18065535805722,0.8921049162242786,0.8275822994037736,0.9209122196227664,0.8248878749611408,0.9999668527007847,0.0,0.0,287.1972999999998,1.0,0.0,0.9998094239835488,0.0,0.0,0.041463414634146344,0.11219512195121951,0.8399555581234112,0.9987388953085279,VALID,0.7694666666666666,LIMITED,INVALID,0.03333333333333333,0.016666666666666666,0.0,2,0,0.03333333333333333,2.888837531777213e-05,5,5,25
70298053918,83.33321759275334,INVALID,心搏峰附近削底/饱和 8.3% > 8.0%,nan,nan,nan,nan,nan,0.9995027064770226,5.0,8.003,0.0,LIMITED,受限输出：心搏峰附近削底/饱和 4.4%；频带一致性 81%；快慢节律分布算法差异较大 81%,True,1.0,300.6240010000038,3790.0304323733103,1780.0920913816979,1691.8459741805266,263.57756086209974,86.52069200668826,13.479307993311739,6.418778475098181,0.15579288238089634,0.04714629017863671,1162.4807499803499,693.5750745700299,0.35165739294067033,0.0703125,4.13305734632656,0.9015962014540894,0.8825824173398971,0.9427666225483877,0.8055318855673932,0.9999664618415313,0.0,0.0,280.0,1.0,0.0,0.9998098876721532,0.0,0.0,0.043795620437956206,0.1070559610705596,0.9305750082397748,0.9987415328628334,VALID,0.9003599040255932,VALID,INVALID,0.03333333333333333,0.016666666666666666,0.0,2,0,0.03333333333333333,2.8677370973338647e-05,5,5,25
70318741916,89.2851828262927,LIMITED,受限输出：心搏峰附近削底/饱和 5.0%,28.665539573738556,22.763433605154823,34.32723337654971,60.43062937384782,5.357142857142857,0.9963505193448196,5.0,8.003,0.0,LIMITED,受限输出：心搏峰附近削底/饱和 4.6%；频带一致性 89%,True,1.0,300.66399800000363,4244.369997419858,2059.861822273507,1840.9056638225607,283.1072625849468,86.67111395297457,13.32888604702543,6.502502433225971,0.15378694745122728,0.0438706257181317,1334.9779290726267,791.6542551895446,0.37028352194855896,0.0703125,7.510745739251053,0.9395034009530505,0.9144155287138674,0.9591044773502005,0.8937675560263676,0.9999755185486779,0.0,0.0,269.19904999999983,1.0,0.0,0.9992823550578361,0.0,0.0,0.04589371980676329,0.10869565217391304,0.8855576771776816,0.9987441929442038,VALID,0.8353333333333334,VALID,LIMITED,0.03333333333333333,0.016666666666666666,0.0,2,0,0.03333333333333333,2.846456446369914e-05,5,5,25
70339149915,78.12550862961348,LIMITED,受限输出：心搏峰附近削底/饱和 6.7%,27.54683837445907,20.782346703738895,34.57557966657435,78.31239297453155,3.571428571428571,0.9963505193448196,5.0,8.00105,0.0,LIMITED,受限输出：心搏峰附近削底/饱和 4.2%；频带一致性 84%,True,1.0,300.1999950000027,4212.866227582267,1995.968116260634,1860.5991628890172,293.67481183555896,86.36780579995146,13.632194200048547,6.335576249320442,0.15783883906491705,0.04694906571201389,1334.8495269703012,790.0713829370845,0.36444871446616156,0.08203125,8.410230656082048,0.9130855785774107,0.8821120904072123,0.9427963428954851,0.8437604618352372,0.9999698889268376,0.0,0.0,248.002,1.0,0.0,0.9992718014557455,0.0,0.0,0.041666666666666664,0.09558823529411764,0.8176872106293962,0.9987467789062016,VALID,0.7367102106105039,LIMITED,LIMITED,0.03333333333333333,0.016666666666666666,0.0,2,0,0.03333333333333333,2.8257687503885433e-05,5,5,25
70359693920,76.53061224489795,INVALID,心搏峰附近削底/饱和 13.3% > 8.0%,nan,nan,nan,nan,nan,1.0,5.0,8.00205,0.0,LIMITED,受限输出：心搏峰附近削底/饱和 5.4%,True,1.0,300.66400299999805,4181.232708624619,2111.2817925656946,1720.319886754413,287.5656630436702,85.67818454231177,14.321815457688233,5.9823550160547585,0.1671582507752072,0.023301857906591707,1159.25088004622,696.9840756570131,0.3445437600216691,0.08203125,11.59982733264857,0.9482008417712426,0.850781781677449,0.9617852497467658,0.9165038898283553,0.9999719871835541,0.0,0.0,248.002,1.0,0.0,0.999273581892284,0.0,0.0,0.05378973105134474,0.09046454767726161,0.7576909212228391,0.9987493905004461,VALID,0.6494934684084244,INVALID,INVALID,0.016666666666666666,0.0,0.016666666666666666,1,1,0.0,2.8048759964321978e-05,5,5,25
70380365917,81.52151760457173,INVALID,心搏峰附近削底/饱和 11.7% > 8.0%,nan,nan,nan,nan,nan,1.0,5.0,264.80289999999997,0.0,LIMITED,受限输出：心搏峰附近削底/饱和 5.1%,True,1.0,300.5840009999956,4142.1111333963045,2355.45223080771,1459.4312292095472,265.1961405421235,84.62298898919197,15.377011010808042,5.503214436779229,0.18171198151334492,0.017412907364053827,888.5974661381179,563.7548919674517,0.3238767854561244,0.08203125,11.039524102850237,0.9507738797125382,0.843690504113559,0.936041294287146,0.985149912371787,0.9999773370214952,0.0,0.0,264.00034999999997,1.0,0.0,0.9992753536437662,0.0,0.0,0.05121951219512195,0.08536585365853659,0.8873607742621733,0.9987519356554331,VALID,0.8379333333333334,VALID,INVALID,0.016666666666666666,0.0,0.016666666666666666,1,1,0.0,2.7845147565359524e-05,5,5,25
70400629920,78.94736842105263,LIMITED,受限输出：心搏峰附近削底/饱和 3.3%,39.10917549001096,32.137521643620865,47.09161187602277,56.3758990477875,20.33898305084746,1.0,5.0,264.80289999999997,0.0,LIMITED,受限输出：心搏峰附近削底/饱和 5.1%,True,1.0,300.1199990000023,4089.1895024354258,2615.2154554469275,1171.1384288414042,235.91103893458256,83.23363575074096,16.766364249259034,4.964322289158149,0.2014373648108935,0.015243482937099472,646.1413020792696,450.60982120489496,0.31699171028764184,0.08203125,10.216180381929512,0.9631440762830634,0.8396110391312634,0.9541412552837916,0.9841506586146977,0.9999876397596871,0.0,0.0,248.002,1.0,0.0,0.9993916712697078,0.0,0.0,0.05134474327628362,0.06845965770171149,0.8382047878320901,0.9987543982659088,VALID,0.7669288189816048,LIMITED,LIMITED,0.0,0.0,0.0,0,0,0.0,2.7648138727300877e-05,5,5,25
70420869916,78.94768005663181,LIMITED,受限输出：心搏峰附近削底/饱和 5.0%,33.06627366852869,26.414107733631248,38.340058707395215,31.743392392890833,13.559322033898304,1.0,5.0,21.604799999999226,0.0,LIMITED,受限输出：心搏峰附近削底/饱和 5.4%,True,1.0,300.30399800000305,4049.057549385069,2827.5124434724416,935.8451234243556,212.86052736550903,81.46953249345091,18.53046750654908,4.396517921885013,0.2274527291296128,0.014411908702946393,491.86424541418756,378.191925394837,0.32607942262122513,0.08203125,7.4718065697820055,0.9618711885493969,0.8460847440203271,0.9731038681859526,0.935661602730767,0.9999945513347868,0.0,0.0,248.002,1.0,0.0,0.9993901802679179,0.0,0.0,0.05392156862745098,0.06862745098039216,0.8256091177628975,0.9987568253323305,VALID,0.748733671021061,LIMITED,LIMITED,0.0,0.0,0.0,0,0,0.0,2.7453973413572145e-05,5,5,25
70441309920,85.22666742423705,INVALID,心搏峰附近削底/饱和 8.3% > 8.0%,nan,nan,nan,nan,nan,1.0,5.0,18.40384999999941,0.0,LIMITED,受限输出：心搏峰附近削底/饱和 6.1%；频带一致性 87%,True,1.0,301.5599999999977,4128.223829669264,3078.077523626634,777.2050285923654,201.6353007667012,79.40059326134123,20.59940673865876,3.8545087374934295,0.25943643356488943,0.014374524318300377,401.24330613030077,326.4258412220249,0.3304726788417994,0.0859375,5.448955231309137,0.9468399795012036,0.8535319124910358,0.9786859860311409,0.8725326309313501,0.9999971171042491,0.0,0.0,219.20109999999892,1.0,0.0,0.9993946315068383,0.0,0.0,0.06082725060827251,0.07542579075425791,0.8598009760587982,0.9987592649937034,VALID,0.79812050119968,LIMITED,INVALID,0.0,0.0,0.0,0,0,0.0,2.7258800503742634e-05,5,5,25
70461829917,85.22715166597774,LIMITED,受限输出：心搏峰附近削底/饱和 5.0%,33.279431557849044,27.790603174006097,39.35570012761696,45.21388225083189,11.864406779661017,1.0,5.0,249.59994999999992,0.0,LIMITED,受限输出：心搏峰附近削底/饱和 6.0%；频带一致性 86%,True,1.0,300.09599999999045,4017.570737325708,3063.7628714356947,688.1093006342754,202.7197286637534,77.2436997452254,22.756300254774597,3.3943874391013353,0.2946039654992213,0.017639661216426718,326.001061911481,270.8783575615396,0.30027027316123933,0.0859375,3.2946553619787466,0.9513133563563587,0.9254106388461606,0.988652294866373,0.8641891664996588,0.9999974547452091,0.0,0.0,214.40019999999964,1.0,0.0,0.9993990182350496,0.0,0.0,0.06038647342995169,0.06763285024154589,0.9437646669860527,0.9987616674651315,VALID,0.9194,VALID,LIMITED,0.0,0.0,0.0,0,0,0.0,2.7066602789484084e-05,5,5,25
70482045919,86.20689655172414,LIMITED,受限输出：心搏峰附近削底/饱和 5.0%,35.91282496546324,30.745642036294107,41.77389258193028,45.30490371925556,11.864406779661017,1.0,5.0,249.59994999999992,0.0,LIMITED,受限输出：心搏峰附近削底/饱和 6.7%；频带一致性 86%,True,1.0,300.2399999999907,3904.6107048960353,2939.8835748596866,690.7306730585334,214.19532620650688,76.33007269318472,23.66992730681529,3.224770051203621,0.3100996300888982,0.021807311219303866,266.82934395910837,223.01199339781104,0.24153295163194852,0.04296875,3.3630057432226086,0.9440948277855665,0.9407707433311149,0.9807661157236818,0.8585284892632978,0.9999964105039851,0.0,0.0,48.803999999999284,1.0,0.0,0.9994033418448693,0.0,0.0,0.0671462829736211,0.06235011990407674,0.8688004443923046,0.9987639342278958,VALID,0.8111170354572115,VALID,LIMITED,0.0,0.0,0.0,0,0,0.0,2.6885261768351208e-05,5,5,25
70502469920,79.7872340425532,INVALID,心搏峰附近削底/饱和 10.0% > 8.0%,nan,nan,nan,nan,nan,1.0,5.0,257.60264999999987,0.0,LIMITED,受限输出：心搏峰附近削底/饱和 7.4%；频带一致性 90%,True,1.0,300.5040000000008,3603.579401146828,2572.4667298507175,734.1799548901371,230.05303459375614,76.14134373094906,23.858656269050936,3.1913508821416063,0.3133469295387959,0.027350194515337448,208.624774186958,183.94837131885947,0.18567588897019735,0.046875,7.621328202352107,0.9431250990339952,0.9129508203801857,0.9627760251684157,0.8972729380536812,0.999991200352305,0.0,0.0,116.80119999999656,1.0,0.0,0.9994061898551564,0.0,0.0,0.07398568019093078,0.059665871121718374,0.9083665107512241,0.9987662768780603,VALID,0.8682666666666666,VALID,INVALID,0.0,0.0,0.0,0,0,0.0,2.669784975518072e-05,5,5,25
70522789920,77.31938835209188,INVALID,心搏峰附近削底/饱和 8.3% > 8.0%,nan,nan,nan,nan,nan,1.0,5.0,257.60264999999987,0.0,LIMITED,受限输出：心搏峰附近削底/饱和 6.9%；频带一致性 89%,True,1.0,300.231998999996,3036.788602300743,1947.3797694485786,768.2077734338709,243.38831900954287,75.94016813354216,24.05983186645785,3.156305021375125,0.31682616009156317,0.030759012711271697,156.97839655370916,156.61100570132214,0.1500957925546956,0.046875,8.685330253636833,0.9531450221394342,0.8905520079583177,0.981343321305961,0.8873489907508717,0.9999822376716515,0.0,0.0,25.600199999999916,1.0,0.0,0.9994090108059632,0.0,0.0,0.0688836104513064,0.05463182897862233,0.9995674348375945,0.9987685870939862,VALID,1.0,VALID,INVALID,0.0,0.0,0.0,0,0,0.0,2.6513032481116092e-05,5,5,25
70542981920,82.41758241758242,VALID,,45.52967827394362,36.53319923229776,57.66405923221868,48.281368403390914,22.033898305084744,0.9985069035019812,5.0,264.40079999999995,0.0,LIMITED,受限输出：心搏峰附近削底/饱和 6.9%,True,1.0,300.03200300000026,2553.6927963562384,1444.0571050906158,773.269207574842,250.4085436922617,75.53834266864673,24.461657331353265,3.088030448853803,0.3238310037944005,0.03382974151052707,144.23688341411523,155.01472598446864,0.14652994711739212,0.05078125,6.566692888020015,0.9564146262104409,0.9086420426784537,0.9718033501233849,0.9205076037469052,0.9999692899582147,0.0,0.0,40.0004,1.0,0.0,0.9991962179558893,0.0,0.0,0.0688836104513064,0.0498812351543943,0.9995683188264575,0.9987707970661436,VALID,1.0,VALID,LIMITED,0.0,0.0,0.0,0,0,0.0,2.633623470852372e-05,5,5,25
70563621921,86.20640111263728,VALID,,41.47830979345752,30.991712624234925,54.13294721462066,46.35580113136945,15.254237288135593,0.9985069035019812,5.0,264.40079999999995,0.0,LIMITED,受限输出：心搏峰附近削底/饱和 6.0%,True,1.0,300.20800299999246,2106.5190711829564,997.5279067090815,763.9387188334176,258.9307769165331,74.68584428488705,25.31415571511294,2.950358887154133,0.33894181631733056,0.0434099585814406,190.68855529030225,195.97912203688145,0.18501365226853506,0.0625,4.783856635947536,0.9606199105634451,0.8668874811865478,0.9682546669809848,0.9428054789225193,0.9999412185975872,0.0,0.0,73.60259999999809,1.0,0.0,0.9991923812874209,0.0,0.0,0.059665871121718374,0.050119331742243436,0.9731692171074486,0.9987730427686217,VALID,0.9618666666666666,VALID,LIMITED,0.0,0.0,0.0,0,0,0.0,2.6156578510278227e-05,5,5,25
70583845920,88.23490484600802,VALID,,31.487928537397813,27.14247483972076,36.985902394545775,38.66502167786797,8.47457627118644,1.0,5.0,295.99615,0.0,LIMITED,受限输出：心搏峰附近削底/饱和 5.5%；Welch/Lomb 稳健一致性 89%；频带一致性 82%；快慢节律分布算法差异较大 82%,True,1.0,300.6800030000013,1815.7244140694968,693.6403802493787,766.9511180723746,273.91478949776456,73.68395030468353,26.31604969531646,2.799962424367866,0.35714765001739807,0.059993076170116295,281.1320157269262,272.0641627474121,0.2514651282629326,0.0625,4.194062194866236,0.8860544792855778,0.7861434005704899,0.914998943636649,0.8185173957997451,0.9998636649702711,0.0,0.0,210.39819999999963,1.0,0.0,0.9992618310306413,0.0,0.0,0.05502392344497608,0.05263157894736842,0.9677785620545489,0.9987752107881985,VALID,0.9540789122900559,VALID,LIMITED,0.0,0.0,0.0,0,0,0.0,2.5983136944123262e-05,5,5,25
70604101920,86.20702041238565,VALID,,34.68464437285161,28.238966632749374,40.65564214435072,48.33120959829938,8.47457627118644,1.0,5.0,295.99615,0.0,LIMITED,受限输出：心搏峰附近削底/饱和 5.8%；Welch/Lomb 稳健一致性 75%；频带一致性 77%；两种频率算法差异较大 75%；快慢节律分布算法差异较大 77%,True,1.0,300.320000000007,1698.5464825018712,519.7358092871434,812.1663632891584,293.2236645519439,73.47328479843186,26.52671520156813,2.769784507434546,0.36103891740163885,0.08323072200327995,391.0244768795899,357.9099811300365,0.31043997936151013,0.0625,4.647237189761562,0.7547795281960803,0.7196552824792336,0.7495539230641639,0.7669726068372187,0.9998116634508418,0.0,0.0,212.80099999999973,1.0,0.0,0.9995506357462406,0.0,0.0,0.05755395683453238,0.06474820143884892,0.8694989616248806,0.9987773560749981,VALID,0.8115969074913356,VALID,LIMITED,0.0,0.0,0.0,0,0,0.0,2.5811514000165195e-05,5,5,25
70624213918,75.00009375011719,LIMITED,受限输出：心搏峰附近削底/饱和 5.0%,37.07264892690603,28.2646584708585,44.74670186878436,71.47013329802378,13.559322033898304,1.0,5.0,18.004799999999435,0.0,LIMITED,受限输出：心搏峰附近削底/饱和 5.3%；Welch/Lomb 稳健一致性 90%,True,1.0,300.3840019999916,1769.1162071396632,494.1187841710782,900.3329761827296,308.3208870677756,74.49055544830762,25.50944455169239,2.9201167158837897,0.34245206520703897,0.08629475073995801,481.06061490007903,416.5664538948311,0.3308065110557682,0.09765625,4.223665777930202,0.8959932034464295,0.7999674817684883,0.8744276165952845,0.9463129060991016,0.9998280209994354,0.0,0.0,231.99935000000002,1.0,0.0,0.9997836092031857,0.0,0.0,0.05314009661835749,0.050724637681159424,0.8541305749223285,0.9987794764953705,VALID,0.7892828579045588,LIMITED,LIMITED,0.0,0.0,0.0,0,0,0.0,2.564188037037132e-05,5,5,25
70644397917,90.36171795698179,LIMITED,受限输出：心搏峰附近削底/饱和 5.0%,37.71023165793225,26.735031849143446,48.17795062554248,77.02759569756817,16.94915254237288,1.0,5.0,248.80019999999996,0.0,LIMITED,受限输出：心搏峰附近削底/饱和 5.5%；Welch/Lomb 稳健一致性 84%；频带一致性 90%,True,1.0,300.1359969999903,1954.8219198590257,588.4051690669974,994.9686152649218,312.76346519785744,76.08352124487327,23.916478755126732,3.181217520516644,0.31434505611474045,0.08329717045268532,529.0542355011048,434.275374228441,0.3206314610691752,0.09765625,5.740793548872507,0.8356554615907499,0.7767811860890219,0.8092390099312817,0.8972938487961758,0.9998672879433328,0.0,0.0,247.998,1.0,0.0,0.999784649543555,0.0,0.0,0.055288461538461536,0.057692307692307696,0.7701478088280109,0.9666860283946309,VALID,0.682830037413148,LIMITED,LIMITED,0.0,0.0,0.0,0,0,0.0,3.3117728429531844e-05,6,7,33
70664781921,87.20879529770176,INVALID,心搏峰附近削底/饱和 10.0% > 8.0%,nan,nan,nan,nan,nan,0.9999975374610371,5.0,232.79884999999996,0.0,LIMITED,受限输出：心搏峰附近削底/饱和 5.3%,True,1.0,300.29600099999516,2138.2113757352927,746.6145863795934,1041.3511724240796,305.09451504643516,77.34074846943157,22.659251530568426,3.413208435640302,0.2929794704472552,0.07513782614262922,529.5397443204074,422.3336315057104,0.3054233053476881,0.09765625,4.356579773640091,0.9226047890609497,0.8108754613184423,0.9189020779636943,0.9312444482878792,0.9999076627371686,0.0,0.0,247.9984,1.0,0.0,0.9997858388013869,0.0,0.0,0.05250596658711217,0.06921241050119331,0.7178954950964885,0.9986887377412212,VALID,0.59128,INVALID,INVALID,0.016666666666666666,0.016666666666666666,0.0,1,0,0.016666666666666666,3.2900980702309393e-05,6,7,33
70685389920,73.52905132817976,INVALID,心搏峰附近削底/饱和 10.0% > 8.0%,nan,nan,nan,nan,nan,0.9999975374610371,5.0,8.00305,0.0,LIMITED,受限输出：心搏峰附近削底/饱和 5.0%；Welch/Lomb 稳健一致性 83%；频带一致性 87%,True,1.0,300.58399899999495,2125.983769086484,770.2739029603034,1035.1033556378898,291.59712413433743,78.02087746403771,21.979122535962293,3.549772168401162,0.28170822029133374,0.07468253146913555,509.68300026434156,409.29904121758983,0.3031792374292988,0.09765625,4.104422059632089,0.8272191444449215,0.5990625554862259,0.8069200913541703,0.8745836016566746,0.9998836478972122,0.0,0.0,247.9986,1.0,0.0,0.999784294369666,0.0,0.0,0.05048076923076923,0.06490384615384616,0.7791820012569108,0.9986914334275342,VALID,0.681644894694748,LIMITED,INVALID,0.016666666666666666,0.016666666666666666,0.0,1,0,0.016666666666666666,3.2685325797270526e-05,6,7,33
70705781917,92.59244970300972,LIMITED,受限输出：心搏峰附近削底/饱和 5.0%,69.75825191549085,39.91942337459621,98.3547107733527,86.933025952574,32.20338983050847,1.0,5.0,232.79909999999995,0.0,LIMITED,受限输出：心搏峰附近削底/饱和 5.0%；Welch/Lomb 稳健一致性 86%,True,1.0,300.0479970000015,2215.8713580933277,865.6531288878624,1042.7915209520554,289.76053009220186,78.25521863366384,21.744781366336152,3.5988045736258107,0.2778700481066956,0.06812903877745019,497.666721277474,416.5686828552639,0.3096915329182342,0.09375,4.824869921433137,0.8565818703448678,0.5314454061556125,0.8358169412370539,0.9050333715964338,0.9999056639484685,0.0,0.0,248.0,1.0,0.0,0.9997848116493551,0.0,0.0,0.050359712230215826,0.08393285371702638,0.7704309599845455,0.9986940666280302,VALID,0.6678133333333334,LIMITED,LIMITED,0.0,0.0,0.0,0,0,0.0,3.247466975758908e-05,6,7,33
70726173917,76.53061224489795,VALID,,53.259375675770755,40.20947994279851,68.39421433112578,94.72015021296656,37.28813559322034,1.0,5.0,118.80004999999962,0.0,LIMITED,受限输出：心搏峰附近削底/饱和 4.6%,True,1.0,300.07999599998584,2654.3464202288164,1163.847009918144,1151.765574213286,316.4857612469799,78.44471490654095,21.55528509345903,3.639233467171588,0.2747831401916624,0.05409844315707943,502.83092655166547,440.4700026889355,0.29830517327187384,0.09375,6.342142859289399,0.9375031037076667,0.67118327159997,0.9310836040266016,0.9524819362968185,0.9999484794035028,0.0,0.0,258.00175,1.0,0.0,0.9997832523134809,0.0,0.0,0.04589371980676329,0.0893719806763285,0.9989386728483922,0.9986966821209806,VALID,0.9991333333333333,VALID,LIMITED,0.0,0.0,0.0,0,0,0.0,3.226543032156224e-05,6,7,33
70746413916,75.00037500187501,VALID,,54.82535614343273,41.031245400689556,64.77463598730245,92.02117911879613,37.28813559322034,1.0,5.0,35.99999999999977,0.0,LIMITED,受限输出：心搏峰附近削底/饱和 4.4%,True,1.0,300.67999899999995,3464.269287438684,1677.8632817459732,1358.2662706968247,379.5559898624685,78.15910185542717,21.840898144572844,3.578566290546463,0.2794415189797408,0.0439683739065663,502.2318818905361,453.75503383118854,0.2599031198539646,0.05859375,6.247880946029859,0.9824293063754885,0.8925118370522187,0.9835736670036672,0.9797591315764053,0.9999759013280158,0.0,0.0,247.9974,1.0,0.0,0.9997816702135792,0.0,0.0,0.043795620437956206,0.08759124087591241,0.9143623911267921,0.9986991929596086,VALID,0.8769661423620367,VALID,LIMITED,0.0,0.0,0.0,0,0,0.0,3.206456323131869e-05,6,7,33
70767005920,77.31948799035052,VALID,,40.04118581398197,32.69579789378254,49.13214694585857,58.17953702176278,22.033898305084744,1.0,5.0,288.79904999999997,0.0,LIMITED,受限输出：心搏峰附近削底/饱和 4.4%,True,1.0,300.1999999999971,4490.679553415257,2268.3023663845065,1624.8846818406198,495.971182548962,76.61457382009735,23.38542617990266,3.276167525479592,0.30523469640143386,0.03806874738923928,477.7605783481297,446.0457623984096,0.20942175077816966,0.05859375,8.660918235717315,0.9800179184486052,0.9396337525647973,0.9762558158741443,0.9887961577890141,0.9999690187323537,0.0,0.0,254.40080000000006,1.0,0.0,0.9997800648475026,0.0,0.0,0.04411764705882353,0.10294117647058823,0.8249406944740589,0.9987017361851475,VALID,0.7478,LIMITED,LIMITED,0.0,0.0,0.0,0,0,0.0,3.186110518821335e-05,6,7,33
70787405918,78.94757617783205,LIMITED,受限输出：心搏峰附近削底/饱和 3.3%,36.60211004661354,30.41898161573981,44.19695254352089,33.126428686555144,11.864406779661017,1.0,5.0,288.79904999999997,0.0,LIMITED,受限输出：心搏峰附近削底/饱和 3.4%,True,1.0,300.07999800000107,5720.704639075884,3036.5990516405554,1878.7366160277206,653.3773486773465,74.19636881338198,25.80363118661801,2.875423550924913,0.34777485204860986,0.03515823037920542,449.0165998980712,446.60074518578557,0.17532194300185616,0.05859375,11.033635308235008,0.9604414756883789,0.9032087101126026,0.9590591880733611,0.963666813456754,0.999963673299712,0.0,0.0,263.20369999999986,1.0,0.0,0.9997789814231061,0.0,0.0,0.034482758620689655,0.10344827586206896,0.7769344003851729,0.9987042627597864,VALID,0.6778858970941083,LIMITED,LIMITED,0.0,0.0,0.0,0,0,0.0,3.1658979217097796e-05,6,7,33
70807877920,79.7872340425532,LIMITED,受限输出：心搏峰附近削底/饱和 6.7%,52.054782239483046,38.264425901295304,65.12323741341467,45.98733390557905,27.11864406779661,1.0,5.0,181.5999499999997,0.0,LIMITED,受限输出：心搏峰附近削底/饱和 4.0%,True,1.0,300.2479999999923,6973.339212138043,3843.365411467551,2138.3422142279233,816.7495167752019,72.3612804229955,27.6387195770045,2.6181126163022514,0.3819545399893347,0.03395889683085106,474.7870084452579,503.20065640274385,0.16858772925495388,0.05859375,8.659147332498064,0.9524438103249688,0.8434938042438705,0.9588026400629963,0.937606540936238,0.9999573436065946,0.0,0.0,268.4007000000001,1.0,0.0,0.9997784356982249,0.0,0.0,0.03950617283950617,0.13333333333333333,0.5912915680573169,0.9987067527212713,VALID,0.4078112503332445,INVALID,LIMITED,0.0,0.0,0.0,0,0,0.0,3.1459782298306495e-05,6,7,33
70828037919,80.64494450283736,INVALID,心搏峰附近削底/饱和 10.0% > 8.0%,nan,nan,nan,nan,nan,0.9939530886467826,5.0,8.001199999999999,0.0,LIMITED,受限输出：心搏峰附近削底/饱和 4.7%；频带一致性 87%,True,1.0,300.24799899999925,7894.437608950032,4371.357928186067,2425.3808032116613,927.9409591629187,72.3277089131519,27.672291086848105,2.6137231892420827,0.3825959857248602,0.034343723054301764,597.2968652210319,627.7736297303911,0.18461764873524458,0.0546875,6.550137083511898,0.9326586662828829,0.7546697447488843,0.9574600805135395,0.874788699744684,0.9999535832337981,0.0024509803921568627,0.0024509803921568627,279.9998,0.9975490196078431,0.0024509803921568627,0.9988908131779121,0.0,0.0024509803921568627,0.04656862745098039,0.15196078431372548,0.6350675189795396,0.9987091466890516,VALID,0.4712210077312716,INVALID,INVALID,0.06666666666666667,0.03333333333333333,0.0,4,0,0.06666666666666667,3.1268264875877016e-05,6,7,33
70848053918,82.41758241758242,INVALID,心搏峰附近削底/饱和 8.3% > 8.0%,nan,nan,nan,nan,nan,0.9895919545236066,5.0,8.001,0.0,LIMITED,受限输出：心搏峰附近削底/饱和 5.1%；频带一致性 88%,True,1.0,300.6159970000008,8619.659904201308,4825.632352044158,2687.435894464849,949.5084757840417,73.89268630141123,26.10731369858877,2.8303442918145,0.353313907036699,0.034029485494641444,783.0298179324021,780.005945520417,0.21115745607880676,0.0546875,5.038682570304686,0.9269578430695582,0.6899143901361661,0.9491552623304069,0.8751638647942447,0.9999573968693826,0.004878048780487805,0.004878048780487805,279.2011499999998,0.9951219512195122,0.004878048780487805,0.998476511022143,0.0,0.004878048780487805,0.05121951219512195,0.16341463414634147,0.7396112579656922,0.9987114782475638,VALID,0.6226666666666667,INVALID,INVALID,0.06666666666666667,0.03333333333333333,0.0,4,0,0.06666666666666667,3.108174019490642e-05,6,7,33
70868805920,70.09321229014384,LIMITED,受限输出：心搏峰附近削底/饱和 6.7%,110.43001929590936,50.546085799744816,151.79811577618884,135.12231105769962,20.33898305084746,0.9904571224249804,5.0,8.00105,0.0,LIMITED,受限输出：心搏峰附近削底/饱和 5.2%；Welch/Lomb 稳健一致性 90%；频带一致性 83%,True,1.0,300.21600000000035,8466.798408439203,4661.948000153645,2792.7865683232426,863.3547136845447,76.38617747259401,23.61382252740598,3.2348078073315296,0.3091373767967142,0.03469196529842835,946.2314072730254,887.7124676073897,0.23932147235886142,0.0546875,3.3545910761760456,0.8996187546993736,0.6822804243139694,0.9304915836155631,0.8275821538949317,0.9999510941988228,0.0049261083743842365,0.0049261083743842365,281.2032499999998,0.9950738916256158,0.0049261083743842365,0.9984615012785187,0.0,0.0049261083743842365,0.05172413793103448,0.16502463054187191,0.9989457168672473,0.9987138922747567,VALID,0.9991335643828312,VALID,LIMITED,0.0,0.0,0.0,0,0,0.0,3.0888618019469334e-05,6,7,33
70889581917,68.80726054213241,VALID,,35.42720224868866,29.66561720426592,41.94026338787359,69.19734334277597,10.16949152542373,1.0,5.0,8.002,0.0,LIMITED,受限输出：心搏峰附近削底/饱和 5.2%；频带一致性 86%,True,1.0,300.4559969999973,7603.655391627163,4142.102036718672,2602.6555446451807,714.0458903991005,78.47120386373977,21.528796136260215,3.6449415641766145,0.2743528208595295,0.03490964235614576,983.5103303993671,875.477591350485,0.2609464775712957,0.08984375,2.8383556261301806,0.9156892566070745,0.6841345489156891,0.9375075513440152,0.8647799022208793,0.9999527579726752,0.004975124378109453,0.004975124378109453,284.00149999999996,0.9950248756218906,0.004975124378109453,0.9984461928335289,0.0,0.004975124378109453,0.05223880597014925,0.17412935323383086,0.9779522922529472,0.9987163344713444,VALID,0.9688083177819248,VALID,LIMITED,0.0,0.0,0.0,0,0,0.0,3.0693242292454653e-05,6,7,33
70909933920,70.09345794392523,VALID,,37.696450594277174,31.051402673131406,44.50631291219668,48.80877206920857,18.64406779661017,1.0,5.0,8.002,0.0,LIMITED,受限输出：心搏峰附近削底/饱和 4.8%；频带一致性 84%,True,1.0,300.5359999999928,6222.958073634381,3316.4995958639643,2177.7856499437594,595.6821467571726,78.52211778100533,21.47788221899467,3.6559525273661166,0.27352652763257757,0.03567741572453739,912.361715572707,769.915755117259,0.27529469917937033,0.08984375,3.219997110113079,0.9172191532217975,0.7809548917994746,0.949265247074929,0.8424449342311577,0.9999539231717423,0.005050505050505051,0.005050505050505051,284.00149999999996,0.9949494949494949,0.005050505050505051,0.9984226503007035,0.0,0.005050505050505051,0.047979797979797977,0.16161616161616163,0.9995474540073833,0.9987186350184581,VALID,1.0,VALID,LIMITED,0.0,0.0,0.0,0,0,0.0,3.050919852335479e-05,6,7,33
70930365920,76.53070986059932,VALID,,34.91810101302666,29.18709213670777,39.86961086062532,54.004130211611695,18.64406779661017,1.0,5.0,8.001,0.0,LIMITED,受限输出：心搏峰附近削底/饱和 4.6%；频带一致性 84%,True,1.0,300.551999000003,5163.5822208388245,2669.694692148318,1742.1821545534772,645.4132083394968,72.96806576314214,27.031934236857875,2.699328324928026,0.3704625297949495,0.03693850545991842,831.7987854564229,663.9058803129316,0.27635996225179427,0.046875,4.686944499345366,0.9321079522223046,0.8804619121944692,0.9697176013774425,0.8443521041936497,0.9999485142302182,0.005089058524173028,0.005089058524173028,261.6027999999995,0.9949109414758269,0.005089058524173028,0.9984106094633044,0.0,0.005089058524173028,0.04580152671755725,0.17302798982188294,0.8985216965896508,0.9987209081407936,VALID,0.8534533333333334,VALID,LIMITED,0.0,0.0,0.0,0,0,0.0,3.0327348736515993e-05,6,7,33
70950909920,86.20677269141855,LIMITED,受限输出：心搏峰附近削底/饱和 5.0%,27.771376826338813,22.383804804203827,31.79673996451256,97.29176826638958,8.47457627118644,1.0,5.0,8.0,0.0,LIMITED,受限输出：心搏峰附近削底/饱和 4.8%,True,1.0,300.67999899999995,4558.495432023857,2017.0268577892402,1524.0435791210302,930.2037324044085,62.09820713519536,37.90179286480464,1.6383976176720483,0.6103524499876112,0.04915211376934802,840.1949884918638,643.6029301541781,0.26075672608837586,0.046875,5.631906616748842,0.9558206284703976,0.6348253861625123,0.9708079298218237,0.9208502586504036,0.9998712072109113,0.005076142131979695,0.005076142131979695,288.3988000000001,0.9949238578680203,0.005076142131979695,0.9984146434494381,0.0,0.005076142131979695,0.048223350253807105,0.18527918781725888,0.8787548222977805,0.9987231927745767,VALID,0.8249000266595574,VALID,LIMITED,0.0,0.0,0.0,0,0,0.0,3.0144578033877868e-05,6,7,33
70971317920,89.28531569055495,LIMITED,受限输出：心搏峰附近削底/饱和 5.0%,24.734221433375545,21.24106445568023,28.323028502428173,48.496693863084296,3.389830508474576,1.0,5.0,8.0011,0.0,LIMITED,受限输出：心搏峰附近削底/饱和 3.8%；频带一致性 90%,True,1.0,300.7280000000028,5273.618405160504,2309.7681197189836,1535.2569737549588,1330.3808424405781,53.57470386097809,46.425296139021896,1.1539981069920822,0.8665525479989901,0.059243804861915834,935.8978803243216,704.9890814506717,0.2446276943297095,0.08203125,8.04653060123379,0.9332772735797873,0.700448402180295,0.9486769592885517,0.8973446735926704,0.999889610290393,0.00510204081632653,0.00510204081632653,286.00025,0.9948979591836735,0.00510204081632653,0.9984069318148376,0.0,0.00510204081632653,0.03826530612244898,0.16581632653061223,0.9593608992284828,0.9987254552159683,VALID,0.9419488136496934,VALID,LIMITED,0.0,0.0,0.0,0,0,0.0,2.9963582722537223e-05,6,7,33
70991749917,76.53070986059932,VALID,,26.635208245631105,21.671804302182398,31.03881792612189,43.029040304096085,5.084745762711865,1.0,5.0,225.99914999999987,0.0,LIMITED,受限输出：心搏峰附近削底/饱和 3.3%,True,1.0,300.11999699998705,6518.203505283036,3105.6276831096816,1617.5863482511643,1642.8010473692068,49.61331743657344,50.386682563426554,0.9846513981967436,1.0155878535605243,0.0434678210219177,1036.1517721260395,780.4822907762829,0.23814003234427794,0.078125,15.993392013432432,0.9630243102018805,0.7524210237452745,0.9710743295984993,0.9442409316097703,0.9999317138072636,0.005089058524173028,0.005089058524173028,293.5961999999999,0.9949109414758269,0.005089058524173028,0.9984109854234514,0.0,0.005089058524173028,0.03307888040712468,0.16539440203562342,0.9497643506727672,0.9987276855328909,VALID,0.9280858437749934,VALID,LIMITED,0.0,0.0,0.0,0,0,0.0,2.9785157368733374e-05,6,7,33
71011933919,78.94736842105263,VALID,,26.34858902181818,21.720008191550775,30.45305386096698,50.52128092753627,5.084745762711865,1.0,5.0,225.99914999999987,0.0,LIMITED,受限输出：心搏峰附近削底/饱和 3.3%,True,1.0,300.551999000003,7382.368384832808,3926.4666608395137,1588.3484879363175,1661.423237540409,48.87569411366314,51.12430588633685,0.9560167764884087,1.0460067486191489,0.026883239498101837,1038.625577180519,779.8789209193528,0.23874767153993076,0.078125,26.294623062865586,0.9833820604643374,0.850074097043321,0.9883755086984967,0.9717306812512994,0.9999591022280712,0.005089058524173028,0.005089058524173028,287.9969,0.9949109414758269,0.005089058524173028,0.9984109854234514,0.0,0.005089058524173028,0.03307888040712468,0.1450381679389313,0.9995519372304973,0.9987298430762434,VALID,1.0,VALID,LIMITED,0.0,0.0,0.0,0,0,0.0,2.961255390054282e-05,6,7,33
71032061920,89.28624575146281,VALID,,38.927984038325626,26.369345627461126,56.891469599060144,50.97807396926465,11.864406779661017,1.0,5.0,263.9982,0.0,LIMITED,受限输出：心搏峰附近削底/饱和 3.3%,True,1.0,300.75199999999313,7604.550945125525,4580.430482367385,1409.4222424952616,1389.1303360518343,50.36254288375675,49.63745711624325,1.014607633219717,0.9856026775854607,0.02155833226134717,931.3345108945921,690.4218365026437,0.2452865758038948,0.078125,29.918431308463454,0.9698115257621214,0.9040910850590872,0.9748838622661572,0.9579760739193715,0.9999691176966556,0.005037783375314861,0.005037783375314861,287.99960000000004,0.9949622166246851,0.005037783375314861,0.9984269956458852,0.0,0.005037783375314861,0.0327455919395466,0.14609571788413098,0.9359527866357444,0.9987319665893608,VALID,0.9081333333333333,VALID,LIMITED,0.0,0.0,0.0,0,0,0.0,2.9442672851137847e-05,6,7,33
71052701920,81.5212960799126,VALID,,41.71209813751758,29.431113120394354,56.797680273888794,59.56658680856742,18.64406779661017,1.0,5.0,248.79989999999995,0.0,LIMITED,受限输出：心搏峰附近削底/饱和 3.2%；频带一致性 89%,True,1.0,300.11200000000827,7524.131562880109,5284.5406001608935,1113.985971309056,928.9643464963398,54.528294770561835,45.47170522943817,1.1991697803156165,0.8339102739370269,0.016890128943879177,732.6740961660137,535.1617064552781,0.26004941774956186,0.078125,22.991357960598613,0.9427429618493726,0.8912292046330185,0.9652324778267454,0.8902674245688362,0.9999871541955556,0.004975124378109453,0.004975124378109453,288.0,0.9950248756218906,0.004975124378109453,0.9984465603766576,0.0,0.004975124378109453,0.03233830845771144,0.13930348258706468,0.8783859644287735,0.9987341326128562,VALID,0.8249800053319115,VALID,LIMITED,0.0,0.0,0.0,0,0,0.0,2.9269390971518632e-05,6,7,33
71073221917,81.52162836735276,LIMITED,受限输出：心搏峰附近削底/饱和 3.3%,35.776530684187506,29.593607522962753,41.463391643977786,71.47063783188992,16.94915254237288,1.0,5.0,234.79999999999984,0.0,LIMITED,受限输出：心搏峰附近削底/饱和 3.5%；频带一致性 84%,True,1.0,300.1199970000016,6933.991974501576,5423.156901995157,837.8218407874077,536.9834850634362,60.94112562947004,39.05887437052996,1.5602376313089632,0.6409280098961905,0.013980539755321089,531.2281645620291,392.67866825523924,0.2829842031416173,0.078125,14.99389439384582,0.9174314324620816,0.806649469122704,0.9502305056089284,0.8409002617861059,0.9999940201765822,0.004975124378109453,0.004975124378109453,287.99975,0.9950248756218906,0.004975124378109453,0.9984465603766578,0.0,0.004975124378109453,0.03482587064676617,0.13681592039800994,0.8753876191836056,0.9987362700331275,VALID,0.8206478272460678,VALID,LIMITED,0.0,0.0,0.0,0,0,0.0,2.90983973498075e-05,6,7,33
71093709920,80.64559486878962,LIMITED,受限输出：心搏峰附近削底/饱和 3.3%,36.94048003253203,31.616316197080607,41.73318803869761,57.89837936026776,15.254237288135593,1.0,5.0,63.197299999999586,0.0,LIMITED,受限输出：心搏峰附近削底/饱和 3.5%；频带一致性 76%；快慢节律分布算法差异较大 76%,True,1.0,300.6559999999881,6254.852815245307,5232.144169692216,632.1428021458859,315.6204237792769,66.69838888598123,33.30161111401878,2.002857719334294,0.4992865895298734,0.013888599284640465,376.60967090267616,299.05103685743205,0.31238552987928836,0.078125,9.96404267962876,0.9005418819518456,0.7677453120746957,0.9615042125520865,0.7582964438846171,0.9999958473209866,0.004987531172069825,0.004987531172069825,281.99649999999997,0.9950124688279302,0.004987531172069825,0.9984426864623851,0.0,0.004987531172069825,0.034912718204488775,0.13466334164588528,0.7853991170981297,0.9987383552619866,VALID,0.6901093041855505,LIMITED,LIMITED,0.0,0.0,0.0,0,0,0.0,2.893157904107394e-05,6,7,33
71113941921,85.22775697589191,LIMITED,受限输出：心搏峰附近削底/饱和 3.3%,38.99827396332618,33.09564628619777,42.81162569021394,62.537638986839795,22.033898305084744,1.0,5.0,8.004,0.0,LIMITED,受限输出：心搏峰附近削底/饱和 2.7%；Welch/Lomb 稳健一致性 89%；频带一致性 71%；快慢节律分布算法差异较大 71%,True,1.0,300.24800000000687,5447.711222006113,4697.4500572369825,487.98208111735465,227.50869406029415,68.2024280461469,31.797571953853094,2.1448942122098864,0.4662234595568698,0.014983353128274209,275.8538021604108,250.8447764519831,0.3475939557219978,0.09765625,6.38219088897933,0.8855920927588213,0.8281118802705172,0.9623330320709147,0.7065299010306038,0.9999966646195134,0.004975124378109453,0.004975124378109453,287.9968,0.9950248756218906,0.004975124378109453,0.998503628415349,0.0,0.004975124378109453,0.02736318407960199,0.10945273631840796,0.8381561771897024,0.9987404429742558,VALID,0.7668666666666666,LIMITED,LIMITED,0.0,0.0,0.0,0,0,0.0,2.8764562059542644e-05,6,7,33
71134661920,85.22715166597774,LIMITED,受限输出：心搏峰附近削底/饱和 3.3%,44.40853197761417,35.511288655905396,54.13095399101294,39.028140576641064,25.423728813559322,1.0,5.0,233.59719999999993,0.0,VALID,,True,1.0,300.1119999999937,4467.276146348198,3853.924099291253,393.3921037875639,198.94626549496212,66.41340898852506,33.586591011474944,1.9773786796592354,0.5057200273709492,0.01721129491233539,225.544306335807,231.06585149195018,0.38773471080286437,0.09765625,5.0798950922569635,0.9655093311871044,0.865442729479112,0.9935173040661672,0.9001573944692913,0.9999959613382191,0.0,0.0,281.2019499999998,1.0,0.0,1.0,0.0,0.0,0.0199501246882793,0.10473815461346633,0.8309569913622784,0.9987424784056957,VALID,0.7557333333333334,LIMITED,LIMITED,0.0,0.0,0.0,0,0,0.0,2.860172754434368e-05,6,7,33
71154669917,81.52196065750178,LIMITED,受限输出：心搏峰附近削底/饱和 3.3%,41.031014581779104,32.063900778655075,49.72612583993556,41.69435851852366,15.254237288135593,1.0,5.0,233.59719999999993,0.0,LIMITED,受限输出：心搏峰附近削底/饱和 2.2%,True,1.0,300.48000100000354,3872.948265020642,3300.68656330529,353.4681870348073,189.8755102261156,65.05425365504254,34.94574634495745,1.8615786028112593,0.5371784991994708,0.017956105870953056,214.79153579424968,223.97283664185534,0.41049809266486975,0.09375,7.873431896266326,0.9617047928694871,0.9581301885221241,0.9825823137884866,0.9129905773918214,0.999995067311624,0.0,0.0,280.8022999999997,1.0,0.0,1.0,0.0,0.0,0.022443890274314215,0.10224438902743142,0.808742010799639,0.9987444831441256,VALID,0.7238069848040523,LIMITED,LIMITED,0.0,0.0,0.0,0,0,0.0,2.8441348469964843e-05,6,7,33
71174685917,80.64516129032258,LIMITED,受限输出：心搏峰附近削底/饱和 5.0%,36.95636452290728,29.228309280035297,40.484993932361505,41.33285537729826,14.285714285714285,0.9998889333176214,5.0,258.40004999999985,0.0,LIMITED,受限输出：心搏峰附近削底/饱和 2.7%,True,1.0,300.00000099999306,3550.1949364400825,2897.2842330342914,396.49601697682675,195.52724424731727,66.97304699767712,33.026953002322884,2.0278300269772602,0.493137978379099,0.01844887224261446,236.51337050214872,223.6325908549007,0.3760283262652089,0.09375,18.423736830001506,0.9765292082170238,0.9526756736186246,0.9713619625319739,0.9885861148154736,0.9999940305166739,0.0,0.0,288.0001,1.0,0.0,0.9999835049481617,0.0,0.0,0.027227722772277228,0.10891089108910891,0.8705585717487277,0.9987464293718193,VALID,0.8136666666666668,VALID,LIMITED,0.03333333333333333,0.016666666666666666,0.0,2,0,0.03333333333333333,2.8285650254462063e-05,6,7,33
71195013917,83.33333333333333,LIMITED,受限输出：心搏峰附近削底/饱和 5.0%,34.65912817998209,28.694798571458865,39.53090868834286,38.730319398708204,12.5,0.9998889333176214,5.0,296.40195,0.0,LIMITED,受限输出：心搏峰附近削底/饱和 2.9%,True,1.0,300.35999700000684,3811.0719872097757,2961.7846978454586,530.5648866325738,211.12588478335218,71.53451371920107,28.465486280798935,2.5130262316106595,0.3979266063446842,0.017830908323351193,278.2629106597539,230.19490734423778,0.3084757238450162,0.09375,8.887076734012483,0.9762995591091188,0.8591977415960721,0.9755716102340475,0.9779981064842854,0.9999945656241606,0.0,0.0,288.00085,1.0,0.0,0.9999836265333103,0.0,0.0,0.029484029484029485,0.10319410319410319,0.8465201796021964,0.9987484228791246,VALID,0.77781924820048,LIMITED,LIMITED,0.03333333333333333,0.016666666666666666,0.0,2,0,0.03333333333333333,2.812616967003676e-05,6,7,33
71215685920,76.53070986059932,VALID,,39.05435789937153,29.001153370440836,49.457672429068296,45.16945728465011,16.94915254237288,1.0,5.0,240.40379999999996,0.0,LIMITED,受限输出：心搏峰附近削底/饱和 2.9%,True,1.0,300.4640000000072,4144.41840013482,3049.3476950154227,710.1904405477368,233.56302009049747,75.25169126982111,24.748308730178884,3.0406801567840787,0.3288737875862722,0.017715072988314606,321.8800936766087,239.18282342381335,0.2516305340841572,0.09375,5.421379620943083,0.9679868099965174,0.7954563246952049,0.964535518020715,0.9760398246067232,0.9999929775350015,0.0,0.0,288.0011,1.0,0.0,0.9999837858857842,0.0,0.0,0.029197080291970802,0.12165450121654502,0.9023060914288935,0.9987503925285119,VALID,0.8583977605971741,VALID,LIMITED,0.0,0.0,0.0,0,0,0.0,2.7968597719053286e-05,6,7,33
71235725920,61.98327897744118,VALID,,50.991713665646905,39.89463214248012,64.29199882456297,98.60276442786311,28.8135593220339,1.0,5.0,256.79724999999996,0.0,LIMITED,受限输出：心搏峰附近削底/饱和 2.5%；频带一致性 88%,True,1.0,300.199999000004,4160.695443668346,2896.711409602629,838.7869004534273,258.71313110944413,76.42705023515771,23.572949764842306,3.2421504732150335,0.30843725738872446,0.01778799320689643,340.7486700129162,240.33043479383946,0.21737483389795356,0.04296875,5.6058473410617005,0.9508913810936427,0.8745086322837491,0.9814158731329773,0.8796675663351953,0.9999925269181182,0.0,0.0,296.002,1.0,0.0,0.9999836666643561,0.0,0.0,0.024509803921568627,0.1053921568627451,0.9989610731372118,0.9987522829496678,VALID,0.9991335643828312,VALID,LIMITED,0.0,0.0,0.0,0,0,0.0,2.781736402658484e-05,6,7,33
71256061917,81.52173913043478,VALID,,46.64771991830117,36.11721558432539,57.24564511217597,88.13380174189824,25.423728813559322,1.0,5.0,203.6029499999998,0.0,LIMITED,受限输出：心搏峰附近削底/饱和 2.5%；频带一致性 87%,True,1.0,300.56799700000556,3820.7247759571865,2534.2640170323384,859.5991285397806,283.8466135056888,75.17620617503673,24.823793824963282,3.028393109655869,0.3302081215320275,0.017417992749325865,329.0260770277336,235.27423258961147,0.20436894634098568,0.046875,4.997403970330893,0.9406029833818328,0.8997999606969092,0.9705953084493202,0.8706208915576958,0.9999913973094633,0.0,0.0,296.002,1.0,0.0,0.9999835456766847,0.0,0.0,0.024691358024691357,0.09876543209876543,0.9545736621373788,0.9987541633413143,VALID,0.9350173287123433,VALID,LIMITED,0.0,0.0,0.0,0,0,0.0,2.7666932694865655e-05,6,7,33
71276237920,91.46341463414635,LIMITED,受限输出：心搏峰附近削底/饱和 5.0%,33.165050195568476,28.219769862032813,38.162564424631306,80.57583608110741,13.559322033898304,1.0,5.0,208.39999999999998,0.0,LIMITED,受限输出：心搏峰附近削底/饱和 3.0%；频带一致性 86%,True,1.0,300.10400399999344,3168.5089090628903,1992.9524558808978,778.9359066776509,302.9006677046153,72.00125463704413,27.99874536295586,2.571588608834824,0.38886468720714074,0.016782649009130426,302.15212645691673,230.96754964049194,0.212320784524306,0.046875,4.733952048278888,0.9263475242032255,0.9120724681634776,0.956262090449523,0.8565468696285313,0.9999888347559384,0.0,0.0,304.0001,1.0,0.0,0.9999835049481617,0.0,0.0,0.0297029702970297,0.10891089108910891,0.887219040417863,0.9987560387945907,VALID,0.8371234337509998,VALID,LIMITED,0.0,0.0,0.0,0,0,0.0,2.751689643275188e-05,6,7,33
71296381917,90.36144578313252,INVALID,心搏峰附近削底/饱和 11.7% > 8.0%,nan,nan,nan,nan,nan,0.9998539066285462,5.0,216.79999999999995,0.0,LIMITED,受限输出：心搏峰附近削底/饱和 4.2%,True,1.0,300.6479970000073,2527.6524896489827,1473.2443620961299,687.3469075791069,310.372359166544,68.89181461044518,31.108185389554816,2.2145880175182753,0.45155125562389065,0.017951220788381576,295.56867867236576,244.89812831314003,0.2445003138798024,0.09765625,5.166185546300033,0.9717848515843988,0.9396941766493991,0.9908997236541296,0.9271834834216938,0.9999792176499416,0.0,0.0,303.99995,1.0,0.0,0.9999622748087287,0.0,0.0,0.04156479217603912,0.11246943765281174,0.8915631561661832,0.9987578904154579,VALID,0.8440000000000001,VALID,INVALID,0.03333333333333333,0.016666666666666666,0.0,2,0,0.03333333333333333,2.736876676336964e-05,6,7,33
71316853920,86.20677269141855,INVALID,心搏峰附近削底/饱和 13.3% > 8.0%,nan,nan,nan,nan,nan,0.9937903987253767,5.0,224.00005,0.0,LIMITED,受限输出：心搏峰附近削底/饱和 4.9%；频带一致性 81%；快慢节律分布算法差异较大 81%,True,1.0,300.5439999999944,2304.1228821860273,1171.9075530358118,770.663190424812,309.19769224150804,71.36689575438108,28.633104245618917,2.492461003954915,0.4012098879032606,0.037264986943740384,384.70088714657675,317.75140258029,0.2933814908365748,0.09765625,4.195095532133168,0.930717746401668,0.9124968676134311,0.9804367269241826,0.8147067918491341,0.9999591887640984,0.0048543689320388345,0.0048543689320388345,312.40100000000007,0.9951456310679612,0.0048543689320388345,0.9990795143751938,0.0,0.0048543689320388345,0.04854368932038835,0.12378640776699029,0.8520032569135854,0.9987597685169677,VALID,0.7868568381764863,LIMITED,INVALID,0.03333333333333333,0.016666666666666666,0.0,2,0,0.03333333333333333,2.7218518642591536e-05,6,7,33
71337573917,82.41758241758242,LIMITED,受限输出：心搏峰附近削底/饱和 6.7%,31.625439446802787,24.61229800222787,39.67026527323242,38.1964497461353,10.16949152542373,0.9939364920968303,5.0,216.40379999999996,0.0,LIMITED,受限输出：心搏峰附近削底/饱和 4.9%,True,1.0,300.55999700000393,2993.8209260749695,1411.6302829649815,1196.4227925318446,308.14730133929703,79.51924588993671,20.480754110063295,3.8826327127703086,0.2575571973910679,0.04415168842919865,636.848425137525,487.48451281063353,0.3230102307753644,0.05859375,4.17131384739336,0.9495941571816602,0.8516273941256318,0.9686390592011218,0.9051560524695832,0.9999642718191384,0.0048543689320388345,0.0048543689320388345,320.001,0.9951456310679612,0.0048543689320388345,0.9990795143751938,0.0,0.0048543689320388345,0.04854368932038835,0.11893203883495146,0.952777124580448,0.998761619768902,VALID,0.9324180218608371,VALID,LIMITED,0.0,0.0,0.0,0,0,0.0,2.7070418487846424e-05,6,7,33
71358077917,80.64548647373579,VALID,,26.635304953184836,20.154772661851254,35.94817187902881,42.67636935523724,5.084745762711865,1.0,5.0,280.79715,0.0,LIMITED,受限输出：心搏峰附近削底/饱和 4.9%,True,1.0,300.7199970000074,4394.036456912678,2086.650619457869,1886.3447300540856,309.71169511529155,85.89691541776281,14.103084582237186,6.090647398225906,0.16418615864896097,0.04338674741281393,1012.4667612387394,744.3008089439908,0.3378518637227753,0.0625,4.841373830895469,0.9747542466419342,0.8882260149422324,0.9846904299750964,0.9515698188645562,0.9999721509396107,0.004866180048661801,0.004866180048661801,320.8011500000002,0.9951338199513382,0.004866180048661801,0.9990772747508025,0.0,0.004866180048661801,0.04866180048661801,0.12165450121654502,0.9953665014890186,0.998763454469014,VALID,0.9939349506798187,VALID,LIMITED,0.0,0.0,0.0,0,0,0.0,2.6923642478880474e-05,6,7,33
71378677916,78.94705678793373,VALID,,27.83038238072965,23.16758759640167,33.29027996584005,32.81765468379228,5.084745762711865,1.0,5.0,296.0001,0.0,LIMITED,受限输出：心搏峰附近削底/饱和 4.6%,True,1.0,300.199999000004,6001.788302959723,2979.5588773108047,2582.188705962978,308.1018195727003,89.34010900113242,10.659890998867583,8.380958962021579,0.11931808812470181,0.03973940950417689,1390.5354892837329,1023.7894264019877,0.3531392508504152,0.05859375,4.538035461791165,0.9631372624567982,0.9263056090232633,0.9765629439930593,0.9318106722055222,0.9999783532956843,0.004866180048661801,0.004866180048661801,351.99809999999997,0.9951338199513382,0.004866180048661801,0.9990772747508025,0.0,0.004866180048661801,0.046228710462287104,0.12408759124087591,0.9875692886938443,0.9987652238673752,VALID,0.9826712876566249,VALID,LIMITED,0.0,0.0,0.0,0,0,0.0,2.6782090609993015e-05,6,7,33
71399373917,80.64516129032258,VALID,,30.365243493848006,26.004926699942388,34.56982121811618,32.47676968630571,6.779661016949152,1.0,5.0,296.0001,0.0,LIMITED,受限输出：心搏峰附近削底/饱和 4.1%,True,1.0,300.42399999999907,7139.92128078191,3823.3743151663057,2895.6201178190104,290.764808234501,90.87477454914317,9.125225450856842,9.958633355257012,0.10041538475478817,0.03018831369887452,1572.6123726386322,1187.600852962481,0.371679251583373,0.05859375,5.4300172799636455,0.965523526570132,0.9028890434934527,0.9761711469755184,0.9406790789575636,0.999980872168198,0.0048543689320388345,0.0048543689320388345,376.002,0.9951456310679612,0.0048543689320388345,0.9990795143751938,0.0,0.0048543689320388345,0.0412621359223301,0.12135922330097088,0.9887668267477453,0.9987670668693633,VALID,0.9843999999999999,VALID,LIMITED,0.0,0.0,0.0,0,0,0.0,2.663465045094512e-05,6,7,33
71419621920,80.64516129032258,VALID,,27.417277851068878,23.508079381517703,30.49916678068701,35.62782183136457,3.389830508474576,1.0,5.0,303.99805,0.0,LIMITED,受限输出：心搏峰附近削底/饱和 4.1%,True,1.0,300.0880000000034,7087.591272804711,4031.649763791425,2689.8164187632583,253.87663408698822,91.37557382753711,8.62442617246288,10.594974320644335,0.09438437222556523,0.0244628876005299,1475.648190225239,1159.1080682500296,0.3927954627958805,0.05859375,8.38850323123292,0.9728580989645805,0.9065862234878702,0.9903391368833416,0.9320690104874716,0.9999892559853344,0.004878048780487805,0.004878048780487805,391.996,0.9951219512195122,0.004878048780487805,0.9990750242014143,0.0,0.004878048780487805,0.041463414634146344,0.11707317073170732,0.9857675016103652,0.9987687540259127,VALID,0.9800666666666666,VALID,LIMITED,0.0,0.0,0.0,0,0,0.0,2.649967792699135e-05,6,7,33
71439997921,87.20930232558139,VALID,,25.57513110458965,21.687651353396934,29.559717619633407,52.2805167578064,3.389830508474576,1.0,5.0,249.6008999999999,0.0,LIMITED,受限输出：心搏峰附近削底/饱和 4.1%,True,1.0,300.23200099999667,5841.769382978454,3452.8250541666243,2087.5023814822734,208.62714168807884,90.91396458332109,9.08603541667891,10.005900308998747,0.09994103170312979,0.02141687399494256,1146.2504061514774,948.4458957572115,0.4121779299575403,0.05859375,9.987184431305247,0.9776784415789428,0.9569463037259985,0.9933880791232588,0.9410226206422054,0.9999909862546373,0.004866180048661801,0.004866180048661801,398.79589999999973,0.9951338199513382,0.004866180048661801,0.9990772747508025,0.0,0.004866180048661801,0.0413625304136253,0.11192214111922141,0.9557798823720596,0.99877051371474,VALID,0.9367501999466809,VALID,LIMITED,0.0,0.0,0.0,0,0,0.0,2.6358902820808124e-05,6,7,33
71460277917,92.59244970300972,INVALID,心搏峰附近削底/饱和 11.7% > 8.0%,nan,nan,nan,nan,nan,1.0,5.0,223.9981,0.0,LIMITED,受限输出：心搏峰附近削底/饱和 5.3%,True,1.0,300.0879969999951,4333.189272931641,2698.6785860092273,1381.6173687989433,173.449680493478,88.8461606480312,11.15383935196879,7.965522708765637,0.12554103937203678,0.014391829310097547,737.1483060482595,654.170123861764,0.4198781607102914,0.05859375,11.540387812875121,0.975532478307128,0.9518433302701709,0.9888841114770228,0.9443786675773737,0.999992213167463,0.004830917874396135,0.004830917874396135,397.99649999999997,0.9951690821256038,0.004830917874396135,0.9990839611656518,0.0,0.004830917874396135,0.05314009661835749,0.11352657004830918,0.8471688852625019,0.9987722131562546,VALID,0.7798666666666667,LIMITED,INVALID,0.0,0.0,0.0,0,0,0.0,2.6222947499641955e-05,6,7,33
71480309918,91.46355406029582,INVALID,心搏峰附近削底/饱和 16.7% > 8.0%,nan,nan,nan,nan,nan,1.0,5.0,256.39715,0.0,LIMITED,受限输出：心搏峰附近削底/饱和 5.7%,True,1.0,300.20799799999804,3150.189439810175,2045.3220709038737,867.3907588237784,163.1448042036681,84.16893020902734,15.83106979097266,5.316692511647124,0.18808685998096167,0.01097010629362769,427.6608132905506,409.0242812734617,0.39627901138314653,0.05859375,9.863093881030625,0.9669926402661834,0.9321304342168919,0.9743611167888431,0.9497995283799777,0.9999938907707275,0.004784688995215311,0.004784688995215311,433.59839999999946,0.9952153110047847,0.004784688995215311,0.9991086696734991,0.0,0.004784688995215311,0.05741626794258373,0.11483253588516747,0.8700041085874022,0.9987738945023631,VALID,0.8128499066915489,VALID,INVALID,0.0,0.0,0.0,0,0,0.0,2.608843981095915e-05,6,7,33
71500813918,73.52932165524307,INVALID,心搏峰附近削底/饱和 10.0% > 8.0%,nan,nan,nan,nan,nan,0.9957837914202118,5.0,280.4,0.0,LIMITED,受限输出：心搏峰附近削底/饱和 6.0%,True,1.0,300.6400020000001,2473.344276241618,1613.8431091500781,612.2349580761435,174.12353412160564,77.85697797515259,22.14302202484742,3.5160954041316805,0.2844063897768313,0.010467530060128091,280.3100906869655,271.1222037045951,0.344355776186004,0.05859375,7.075293733086368,0.9302688426005454,0.7376659074446571,0.9153119956214694,0.9651681522183897,0.9999928596206835,0.007159904534606206,0.007159904534606206,439.9992,0.9928400954653938,0.007159904534606206,0.9985070439349291,0.0,0.007159904534606206,0.059665871121718374,0.11694510739856802,0.8443049652832022,0.9987755696996076,VALID,0.775206611570248,LIMITED,INVALID,0.05,0.03333333333333333,0.016666666666666666,2,1,0.03333333333333333,2.595442403140086e-05,6,7,33
71521269920,82.41724278608741,LIMITED,受限输出：心搏峰附近削底/饱和 6.7%,38.82765735748644,26.61975048546918,46.02833320433593,53.30849536983636,14.814814814814813,0.9956753433819129,5.0,296.79904999999997,0.0,LIMITED,受限输出：心搏峰附近削底/饱和 6.4%,True,1.0,300.6399999999994,2006.1303736170562,1207.5448331589314,535.2865162096973,196.68488291901045,73.12943058251571,26.870569417484298,2.7215437621106546,0.36743851556679147,0.017047896807819343,263.44994925995275,229.27255751143178,0.3128697480585747,0.04296875,4.542156614425864,0.9360116471984214,0.7086891348947096,0.9359280433481217,0.9362067228491208,0.9999823783599555,0.007159904534606206,0.007159904534606206,455.19764999999984,0.9928400954653938,0.007159904534606206,0.9984915143829054,0.0,0.007159904534606206,0.06443914081145585,0.10978520286396182,0.8220182415608954,0.9987772354671546,VALID,0.7435350573180486,LIMITED,LIMITED,0.05,0.03333333333333333,0.016666666666666666,2,1,0.03333333333333333,2.582116262764096e-05,6,7,33
71541429918,96.15353796942959,INVALID,心搏峰附近削底/饱和 11.7% > 8.0%,nan,nan,nan,nan,nan,0.9998915519617011,5.0,296.79904999999997,0.0,LIMITED,受限输出：心搏峰附近削底/饱和 7.5%；频带一致性 89%,True,1.0,300.01599799998803,1895.7698356284739,1098.6392588616,525.5761906097921,219.2081845168049,70.56756400407241,29.43243599592759,2.397612077159922,0.4170816494987564,0.025995163345801535,300.65667852892886,233.32356495994924,0.31294895393269667,0.09375,3.2072309618262924,0.9345346480574451,0.7035561874120329,0.9550631650546333,0.8866347750640061,0.9999656869878436,0.007075471698113208,0.007075471698113208,442.79964999999976,0.9929245283018868,0.007075471698113208,0.99850930312839,0.0,0.007075471698113208,0.07547169811320754,0.11556603773584906,0.7472270078541523,0.9667133131945371,VALID,0.650948437082554,LIMITED,INVALID,0.0,0.0,0.0,0,0,0.0,3.1617429107795675e-05,7,9,41
71562197917,67.56741538870408,INVALID,心搏峰附近削底/饱和 15.0% > 8.0%,nan,nan,nan,nan,nan,1.0,5.0,179.99704999999977,0.0,INVALID,心搏峰附近削底/饱和 8.1% > 8.0%,False,1.0,300.44799699999567,nan,nan,nan,nan,nan,nan,nan,nan,nan,nan,nan,nan,nan,nan,0.8715581072275277,0.6682273350129432,0.8442257907624443,0.9353335123127223,0.9999702110523706,0.0071090047393364926,0.0071090047393364926,443.1995999999998,0.9928909952606635,0.0071090047393364926,0.9985022382143066,0.0,0.0071090047393364926,0.08056872037914692,0.11374407582938388,0.7361427178357975,0.9987067945894936,VALID,0.6195333333333334,INVALID,INVALID,0.0,0.0,0.0,0,0,0.0,3.145643284051588e-05,7,9,41
71582853920,81.52173913043478,INVALID,心搏峰附近削底/饱和 10.0% > 8.0%,nan,nan,nan,nan,nan,1.0,5.0,264.40284999999994,0.0,LIMITED,受限输出：心搏峰附近削底/饱和 7.2%,True,1.0,300.5040000000008,2657.5331565090205,1850.6186705651835,534.3070769437717,243.00288756617448,68.73796829307658,31.26203170692341,2.198768427384507,0.45480005422377573,0.013025156577975408,336.11114438167635,238.87628375029414,0.3066686314603778,0.09375,4.3787514180851685,0.9165497540815717,0.6371394426122291,0.8905640008325055,0.9771831783293926,0.9999887676844136,0.007177033492822967,0.007177033492822967,443.1995999999998,0.992822966507177,0.007177033492822967,0.9985088759060395,0.0,0.007177033492822967,0.07177033492822966,0.10526315789473684,0.6696101892854721,0.9987088065470138,VALID,0.5225333333333333,INVALID,INVALID,0.0,0.0,0.0,0,0,0.0,3.129547623890967e-05,7,9,41
71603365919,78.12530517697336,INVALID,心搏峰附近削底/饱和 10.0% > 8.0%,nan,nan,nan,nan,nan,1.0,5.0,16.403649999999523,0.0,LIMITED,受限输出：心搏峰附近削底/饱和 7.7%,True,1.0,300.11199900000065,3104.0815468855003,2269.1238752207114,555.0096424106524,252.59538292286916,68.7229059999282,31.27709400007179,2.1972279777581147,0.4551189089719877,0.011996188536146412,320.3164783832585,226.78629174005374,0.2797227226666202,0.078125,4.229574395926014,0.9003732756239555,0.6312111134039189,0.8886911369814432,0.9276315991231507,0.9999922224295724,0.007246376811594203,0.007246376811594203,439.9992,0.9927536231884058,0.007246376811594203,0.9984944689099627,0.0,0.007246376811594203,0.07729468599033816,0.10628019323671498,0.5670109919334543,0.9987108131669691,VALID,0.3743333333333333,INVALID,INVALID,0.0,0.0,0.0,0,0,0.0,3.113494664248519e-05,7,9,41
71623957920,82.41735599627474,INVALID,心搏峰附近削底/饱和 23.3% > 8.0%,nan,nan,nan,nan,nan,0.9990978389752966,5.0,8.004,0.0,INVALID,心搏峰附近削底/饱和 9.0% > 8.0%,False,1.0,300.32799999999406,nan,nan,nan,nan,nan,nan,nan,nan,nan,nan,nan,nan,nan,nan,0.9153932848016744,0.7115787428808813,0.9112510430703487,0.9250585155081013,0.9999926528129405,0.002421307506053269,0.002421307506053269,439.9992,0.9975786924939467,0.002421307506053269,0.9992406560325243,0.0,0.002421307506053269,0.08958837772397095,0.10411622276029056,0.5459194067146024,0.9987127663199635,VALID,0.34365502532657954,INVALID,INVALID,0.03333333333333333,0.016666666666666666,0.0,2,0,0.03333333333333333,3.097869440292439e-05,7,9,41
71644589919,79.7872340425532,INVALID,心搏峰附近削底/饱和 18.3% > 8.0%,nan,nan,nan,nan,nan,0.9990978389752966,5.0,8.0021,0.0,INVALID,心搏峰附近削底/饱和 9.5% > 8.0%,False,1.0,300.40799900000275,nan,nan,nan,nan,nan,nan,nan,nan,nan,nan,nan,nan,nan,nan,0.9637137123063356,0.9087946164404993,0.9787273064409843,0.9286819926588222,0.9999901403942597,0.0024390243902439024,0.0024390243902439024,430.7972999999997,0.9975609756097561,0.0024390243902439024,0.9992350998571525,0.0,0.0024390243902439024,0.0951219512195122,0.10975609756097561,0.6514792222269312,0.9987147222339947,VALID,0.4966666666666667,INVALID,INVALID,0.03333333333333333,0.016666666666666666,0.0,2,0,0.03333333333333333,3.0822221280432126e-05,7,9,41
71664789920,78.94768005663181,INVALID,心搏峰附近削底/饱和 10.0% > 8.0%,nan,nan,nan,nan,nan,0.9996972078130892,5.0,8.002,0.0,INVALID,心搏峰附近削底/饱和 10.3% > 8.0%,False,1.0,300.62399999999616,nan,nan,nan,nan,nan,nan,nan,nan,nan,nan,nan,nan,nan,nan,0.977760957710135,0.9242791412531439,0.9930402954192801,0.9421091697221303,0.999986390520191,0.0024449877750611247,0.0024449877750611247,419.9975,0.9975550122249389,0.0024449877750611247,0.9992332296856541,0.0,0.0024449877750611247,0.10268948655256724,0.10268948655256724,0.6366434011365933,0.9987165673576124,VALID,0.47580645161290325,INVALID,INVALID,0.0,0.0,0.0,0,0,0.0,3.067461139101694e-05,7,9,41
71685101920,85.22727272727273,INVALID,心搏峰附近削底/饱和 8.3% > 8.0%,nan,nan,nan,nan,nan,1.0,5.0,8.004,0.0,INVALID,心搏峰附近削底/饱和 10.8% > 8.0%,False,1.0,300.4320000000007,nan,nan,nan,nan,nan,nan,nan,nan,nan,nan,nan,nan,nan,nan,0.9686905224289315,0.8528400993648407,0.9808240853922304,0.9403788755145674,0.9999859434293512,0.0024449877750611247,0.0024449877750611247,374.39760000000007,0.9975550122249389,0.0024449877750611247,0.9992332296856543,0.0,0.0024449877750611247,0.10757946210268948,0.10513447432762836,0.685964339060828,0.9987184589557223,VALID,0.5459877366035724,INVALID,INVALID,0.0,0.0,0.0,0,0,0.0,3.052328354222706e-05,7,9,41
71705357920,78.94716066536668,INVALID,心搏峰附近削底/饱和 13.3% > 8.0%,nan,nan,nan,nan,nan,1.0,5.0,8.00305,0.0,INVALID,心搏峰附近削底/饱和 12.0% > 8.0%,False,1.0,300.2960000000021,nan,nan,nan,nan,nan,nan,nan,nan,nan,nan,nan,nan,nan,nan,0.9711350121529911,0.7384539064998668,0.974752508181386,0.9626941880867363,0.9999871283282176,0.0024449877750611247,0.0024449877750611247,352.006,0.9975550122249389,0.0024449877750611247,0.9992332296856543,0.0,0.0024449877750611247,0.1198044009779951,0.11491442542787286,0.6456681160696996,0.9987202901742489,VALID,0.4872266666666667,INVALID,INVALID,0.0,0.0,0.0,0,0,0.0,3.0376786060092876e-05,7,9,41
71725877920,78.94716066536668,INVALID,心搏峰附近削底/饱和 13.3% > 8.0%,nan,nan,nan,nan,nan,1.0,5.0,8.00405,0.0,INVALID,心搏峰附近削底/饱和 12.5% > 8.0%,False,1.0,300.61599999999453,nan,nan,nan,nan,nan,nan,nan,nan,nan,nan,nan,nan,nan,nan,0.9650519683907601,0.8617169464182625,0.9738546052492034,0.9445124823877261,0.9999850600947586,0.0024449877750611247,0.0024449877750611247,319.2019999999998,0.9975550122249389,0.0024449877750611247,0.9992332296856543,0.0,0.0024449877750611247,0.12469437652811736,0.1100244498777506,0.646842209158377,0.9987221895626089,VALID,0.4900133333333334,INVALID,INVALID,0.0,0.0,0.0,0,0,0.0,3.022483499129147e-05,7,9,41
71746437921,85.22727272727273,LIMITED,受限输出：心搏峰附近削底/饱和 6.7%,26.18311545439742,21.922342821247153,30.140295039517973,34.57955051667546,1.694915254237288,1.0,5.0,8.00305,0.0,INVALID,心搏峰附近削底/饱和 12.6% > 8.0%,False,1.0,300.20800100000633,nan,nan,nan,nan,nan,nan,nan,nan,nan,nan,nan,nan,nan,nan,0.9690224388787616,0.8902401039844848,0.9824295877877379,0.9377390914244839,0.9999801683941005,0.0024691358024691358,0.0024691358024691358,304.0,0.9975308641975309,0.0024691358024691358,0.9992256566455125,0.0,0.0024691358024691358,0.1259259259259259,0.11358024691358025,0.7638429350599056,0.9987240043164305,VALID,0.6590133333333335,LIMITED,LIMITED,0.0,0.0,0.0,0,0,0.0,3.007965468556421e-05,7,9,41
71766645918,78.1245931010776,LIMITED,受限输出：心搏峰附近削底/饱和 5.0%,26.30706827554597,22.51636695986235,29.998303611107286,37.57998125954557,1.694915254237288,1.0,5.0,8.002,0.0,INVALID,心搏峰附近削底/饱和 11.2% > 8.0%,False,1.0,300.54399799999373,nan,nan,nan,nan,nan,nan,nan,nan,nan,nan,nan,nan,nan,nan,0.9818048348180887,0.8091807402098995,0.987022688665528,0.9696298425073971,0.9999754910481969,0.0024937655860349127,0.0024937655860349127,272.8010999999997,0.9975062344139651,0.0024937655860349127,0.9992179325222756,0.0,0.0024937655860349127,0.11221945137157108,0.10224438902743142,0.8094010296865946,0.9987258080208052,VALID,0.7253399093575047,LIMITED,LIMITED,0.0,0.0,0.0,0,0,0.0,2.9935358335594077e-05,7,9,41
71787301920,72.11547129263376,LIMITED,受限输出：心搏峰附近削底/饱和 6.7%,28.749786902673776,24.54368445566991,32.336958312478465,43.58159741438521,5.084745762711865,1.0,5.0,8.002,0.0,INVALID,心搏峰附近削底/饱和 11.1% > 8.0%,False,1.0,300.0559970000031,nan,nan,nan,nan,nan,nan,nan,nan,nan,nan,nan,nan,nan,nan,0.9693108072644607,0.7963658931938046,0.9658018053525461,0.9774984783922618,0.999970710474894,0.0025252525252525255,0.0025252525252525255,264.003,0.9974747474747475,0.0025252525252525255,0.9992080579329105,0.0,0.0025252525252525255,0.1111111111111111,0.09848484848484848,0.7902066348434926,0.9987270243254736,VALID,0.6976139696081045,LIMITED,LIMITED,0.0,0.0,0.0,0,0,0.0,2.983805396212059e-05,7,9,41
