t_us,nn_ms,corrected,metric_eligible,source
68188317920,752.0,0,1,raw
68189077917,759.997,0,1,raw
68189829917,752.0,0,1,raw
68190573917,744.0,0,1,raw
68191317920,744.003,0,1,raw
68192069917,751.997,0,1,raw
68192805920,736.003,0,1,raw
68193557921,752.001,0,1,raw
68194237920,679.999,0,1,raw
68194925917,687.997,0,1,raw
68195597917,672.0,0,1,raw
68196237916,639.999,0,1,raw
68196893916,656.0,0,1,raw
68197549920,656.004,0,1,raw
68198269920,720.0,0,1,raw
68198957920,688.0,0,1,raw
68199677920,720.0,0,1,raw
68200349921,672.001,0,1,raw
68201053920,703.999,0,1,raw
68201757920,704.0,0,1,raw
68202437920,680.0,0,1,raw
68203189917,751.997,0,1,raw
68203941917,752.0,0,1,raw
68204725917,784.0,0,1,raw
68205541920,816.003,0,1,raw
68206309921,768.001,0,1,raw
68207069920,759.999,0,1,raw
68207797918,727.998,0,1,raw
68208493921,696.003,0,1,raw
68209165921,672.0,0,1,raw
68209829917,663.996,0,1,raw
68210469917,640.0,0,1,raw
68211069921,600.004,0,1,raw
68211685920,615.999,0,1,raw
68212325917,639.997,0,1,raw
68212949916,623.999,0,1,raw
68213565921,616.005,0,1,raw
68214181920,615.999,0,1,raw
68214813917,631.997,0,1,raw
68215445917,632.0,0,1,raw
68216069920,624.003,0,1,raw
68216677920,608.0,0,1,raw
68217261916,583.996,0,1,raw
68217869920,608.004,0,1,raw
68218445920,576.0,0,1,raw
68219037921,592.001,0,1,raw
68219621920,583.999,0,1,raw
68220181917,559.997,0,1,raw
68220781916,599.999,0,1,raw
68221389917,608.001,0,1,raw
68222021917,632.0,0,1,raw
68222645920,624.003,0,1,raw
68223325919,679.999,0,1,raw
68224045917,719.998,0,1,raw
68224757918,712.001,0,1,raw
68225525920,768.002,0,1,raw
68226301920,776.0,0,1,raw
68227077920,776.0,0,1,raw
68227845920,768.0,0,1,raw
68228597920,752.0,0,1,raw
68229325920,728.0,0,1,raw
68230053920,728.0,0,1,raw
68230741921,688.001,0,1,raw
68231477919,735.998,0,1,raw
68232213920,736.001,0,1,raw
68232997920,784.0,0,1,raw
68233749920,752.0,0,1,raw
68234453920,704.0,0,1,raw
68235189920,736.0,0,1,raw
68235885920,696.0,0,1,raw
68236565917,679.997,0,1,raw
68237277920,712.003,0,1,raw
68237997917,719.997,0,1,raw
68238717920,720.003,0,1,raw
68239405920,688.0,0,1,raw
68240037920,632.0,0,1,raw
68240669921,632.001,0,1,raw
68241317920,647.999,0,1,raw
68241989920,672.0,0,1,raw
68242685918,695.998,0,1,raw
68243349920,664.002,0,1,raw
68244029920,680.0,0,1,raw
68244701921,672.001,0,1,raw
68245333921,632.0,0,1,raw
68246013921,680.0,0,1,raw
68246693920,679.999,0,1,raw
68247373916,679.996,0,1,raw
68248077921,704.005,0,1,raw
68248749920,671.999,0,1,raw
68249429918,679.998,0,1,raw
68250101920,672.002,0,1,raw
68250797920,696.0,0,1,raw
68251485921,688.001,0,1,raw
68252189916,703.995,0,1,raw
68252869919,680.003,0,1,raw
68253509917,639.998,0,1,raw
68254189920,680.003,0,1,raw
68254869920,680.0,0,1,raw
68255533920,664.0,0,1,raw
68256221917,687.997,0,1,raw
68256893918,672.001,0,1,raw
68257581917,687.999,0,1,raw
68258237916,655.999,0,1,raw
68258885917,648.001,0,1,raw
68259549920,664.003,0,1,raw
68260213916,663.996,0,1,raw
68260853920,640.004,0,1,raw
68261549921,696.001,0,1,raw
68262197918,647.997,0,1,raw
68262861920,664.002,0,1,raw
68263485920,624.0,0,1,raw
68264093917,607.997,0,1,raw
68264741917,648.0,0,1,raw
68265381916,639.999,0,1,raw
68266029917,648.001,0,1,raw
68266685918,656.001,0,1,raw
68267381920,696.002,0,1,raw
68268101916,719.996,0,1,raw
68268853918,752.002,0,1,raw
68269621918,768.0,0,1,raw
68270357916,735.998,0,1,raw
68271093917,736.001,0,1,raw
68271869921,776.004,0,1,raw
68272605917,735.996,0,1,raw
68273301917,696.0,0,1,raw
68274005920,704.003,0,1,raw
68274709917,703.997,0,1,raw
68275381920,672.003,0,1,raw
68276053917,671.997,0,1,raw
68276733916,679.999,0,1,raw
68277397918,664.002,0,1,raw
68278029920,632.002,0,1,raw
68278677920,648.0,0,1,raw
68279317917,639.997,0,1,raw
68279989920,672.003,0,1,raw
68280693916,703.996,0,1,raw
68281381916,688.0,0,1,raw
68282061920,680.004,0,1,raw
68282757920,696.0,0,1,raw
68283453917,695.997,0,1,raw
68284077917,624.0,0,1,raw
68284757919,680.002,0,1,raw
68285381916,623.997,0,1,raw
68286061920,680.004,0,1,raw
68286709919,647.999,0,1,raw
68287373920,664.001,0,1,raw
68288045917,671.997,0,1,raw
68288717919,672.002,0,1,raw
68289381921,664.002,0,1,raw
68289997920,615.999,0,1,raw
68290669920,672.0,0,1,raw
68291333920,664.0,0,1,raw
68291981921,648.001,0,1,raw
68292669919,687.998,0,1,raw
68293365920,696.001,0,1,raw
68294037921,672.001,0,1,raw
68294725920,687.999,0,1,raw
68295389920,664.0,0,1,raw
68295989917,599.997,0,1,raw
68296685921,696.004,0,1,raw
68297253920,567.999,0,1,raw
68297845920,592.0,0,1,raw
68298445920,600.0,0,1,raw
68299085917,639.997,0,1,raw
68300013920,696.0015000000001,1,0,long_short_pair
68300477920,696.0015000000001,1,0,long_short_pair
68301125920,648.0,0,1,raw
68301805920,680.0,0,1,raw
68302525920,720.0,0,1,raw
68303269921,744.001,0,1,raw
68303989920,719.999,0,1,raw
68304717916,727.996,0,1,raw
68305357918,640.002,0,1,raw
68306013920,656.002,0,1,raw
68306717920,704.0,0,1,raw
68307445920,728.0,0,1,raw
68308133920,688.0,0,1,raw
68308789918,655.998,0,1,raw
68309485920,696.002,0,1,raw
68310197920,712.0,0,1,raw
68310941920,744.0,0,1,raw
68311621920,680.0,0,1,raw
68312325921,704.001,0,1,raw
68313037920,711.999,0,1,raw
68313773920,736.0,0,1,raw
68314517921,744.001,0,1,raw
68315253920,735.999,0,1,raw
68315973918,719.998,0,1,raw
68316677921,704.003,0,1,raw
68317477917,799.996,0,1,raw
68318077917,600.0,0,1,raw
68318725917,648.0,0,1,raw
68319397916,671.999,0,1,raw
68320061918,664.002,0,1,raw
68320781920,720.002,0,1,raw
68321533917,751.997,0,1,raw
68322269920,736.003,0,1,raw
68322981920,712.0,0,1,raw
68323661920,680.0,0,1,raw
68324381920,720.0,0,1,raw
68325133920,752.0,0,1,raw
68325861921,728.001,0,1,raw
68326605921,744.0,0,1,raw
68327229920,623.999,0,1,raw
68327877920,648.0,0,1,raw
68328525917,647.997,0,1,raw
68329149920,624.003,0,1,raw
68329789921,640.001,0,1,raw
68330461921,672.0,0,1,raw
68331133920,671.999,0,1,raw
68331789920,656.0,0,1,raw
68332453920,664.0,0,1,raw
68333117920,664.0,0,1,raw
68333805920,688.0,0,1,raw
68334461920,656.0,0,1,raw
68335157920,696.0,0,1,raw
68335845917,687.997,0,1,raw
68336525920,680.003,0,1,raw
68337197920,672.0,0,1,raw
68337845921,648.001,0,1,raw
68338501920,655.999,0,1,raw
68339205917,703.997,0,1,raw
68339885920,680.003,0,1,raw
68340581917,695.997,0,1,raw
68341277920,696.003,0,1,raw
68342013917,735.997,0,1,raw
68342717918,704.001,0,1,raw
68343461921,744.003,0,1,raw
68344197920,735.999,0,1,raw
68344941921,744.001,0,1,raw
68345661920,719.999,0,1,raw
68346357920,696.0,0,1,raw
68347069920,712.0,0,1,raw
68347725919,655.999,0,1,raw
68348349917,623.998,0,1,raw
68349005917,656.0,0,1,raw
68349645917,640.0,0,1,raw
68350341917,696.0,0,1,raw
68351085920,744.003,0,1,raw
68351837920,752.0,0,1,raw
68352581917,743.997,0,1,raw
68353357921,776.004,0,1,raw
68354125920,767.999,0,1,raw
68354885920,760.0,0,1,raw
68355621918,735.998,0,1,raw
68356437917,815.999,0,1,raw
68357269920,832.003,0,1,raw
68358085920,816.0,0,1,raw
68358901916,815.996,0,1,raw
68359653920,752.004,0,1,raw
68360429920,776.0,0,1,raw
68361141917,711.997,0,1,raw
68361829920,688.003,0,1,raw
68362469920,640.0,0,1,raw
68363125920,656.0,0,1,raw
68363829921,704.001,0,1,raw
68364669918,839.997,0,1,raw
68365557920,888.002,0,1,raw
68366381917,823.997,0,1,raw
68367157917,776.0,0,1,raw
68367957920,800.003,0,1,raw
68368733920,776.0,0,1,raw
68369485917,751.997,0,1,raw
68370293920,808.003,0,1,raw
68371101917,807.997,0,1,raw
68371917916,815.999,0,1,raw
68372701916,784.0,0,1,raw
68373485920,784.004,0,1,raw
68374245920,760.0,0,1,raw
68374973920,728.0,0,1,raw
68375773920,800.0,0,1,raw
68376573916,799.996,0,1,raw
68377341921,768.005,0,1,raw
68378045918,703.997,0,1,raw
68378789921,744.003,0,1,raw
68379533920,743.999,0,1,raw
68380301920,768.0,0,1,raw
68381061920,760.0,0,1,raw
68381805916,743.996,0,1,raw
68382589920,784.004,0,1,raw
68383341917,751.997,0,1,raw
68384069920,728.003,0,1,raw
68384749920,680.0,0,1,raw
68385405920,656.0,0,1,raw
68386069921,664.001,0,1,raw
68386773920,703.999,0,1,raw
68387509920,736.0,0,1,raw
68388205920,696.0,0,1,raw
68388973920,768.0,0,1,raw
68389741917,767.997,0,1,raw
68390493917,752.0,0,1,raw
68391245919,752.002,0,1,raw
68392013920,768.001,0,1,raw
68392845920,832.0,0,1,raw
68393565918,719.998,0,1,raw
68394325920,760.002,0,1,raw
68395077921,752.001,0,1,raw
68395837918,759.997,0,1,raw
68396549920,712.002,0,1,raw
68397293917,743.997,0,1,raw
68398053918,760.001,0,1,raw
68398853920,800.002,0,1,raw
68399653921,800.001,0,1,raw
68400469921,816.0,0,1,raw
68401237917,767.996,0,1,raw
68402029920,792.003,0,1,raw
68402797920,768.0,0,1,raw
68403573920,776.0,0,1,raw
68404333921,760.001,0,1,raw
68405013919,679.998,0,1,raw
68405717920,704.001,0,1,raw
68406445921,728.001,0,1,raw
68407205917,759.996,0,1,raw
68408005920,800.003,0,1,raw
68408757916,751.996,0,1,raw
68409533916,776.0,0,1,raw
68410317917,784.001,0,1,raw
68411117920,800.003,0,1,raw
68411845919,727.999,0,1,raw
68412613920,768.001,0,1,raw
68413405921,792.001,0,1,raw
68414261920,855.999,0,1,raw
68416077917,879.999,0,1,raw
68416877920,800.003,0,1,raw
68417661919,783.999,0,1,raw
68418413920,752.001,0,1,raw
68419173918,759.998,0,1,raw
68419941920,768.002,0,1,raw
68420669918,727.998,0,1,raw
68421357920,688.002,0,1,raw
68422069917,711.997,0,1,raw
68422845921,776.004,0,1,raw
68423581917,735.996,0,1,raw
68424301920,720.003,0,1,raw
68425101920,800.0,0,1,raw
68425845921,744.001,0,1,raw
68426533920,687.999,0,1,raw
68427253920,720.0,0,1,raw
68427925918,671.998,0,1,raw
68428573920,648.002,0,1,raw
68429213921,640.001,0,1,raw
68429909921,696.0,0,1,raw
68430573918,663.997,0,1,raw
68431261920,688.002,0,1,raw
68431973920,712.0,0,1,raw
68432645918,671.998,0,1,raw
68433357920,712.002,0,1,raw
68434085920,728.0,0,1,raw
68434853920,768.0,0,1,raw
68435645917,791.997,0,1,raw
68436381921,736.004,0,1,raw
68437061920,679.999,0,1,raw
68437797920,736.0,0,1,raw
68438533920,736.0,0,1,raw
68439277916,743.996,0,1,raw
68440005920,728.004,0,1,raw
68440733916,727.996,0,1,raw
68441485920,752.004,0,1,raw
68442237918,751.998,0,1,raw
68443005920,768.002,0,1,raw
68443757920,752.0,0,1,raw
68444437920,680.0,0,1,raw
68445125917,687.997,0,1,raw
68445813920,688.003,0,1,raw
68446525921,712.001,0,1,raw
68447261917,735.996,0,1,raw
68448005919,744.002,0,1,raw
68448693916,687.997,0,1,raw
68449421921,728.005,0,1,raw
68450149917,727.996,0,1,raw
68450925918,776.001,0,1,raw
68451701920,776.002,0,1,raw
68452397917,695.997,0,1,raw
68453117917,720.0,0,1,raw
68453813918,696.001,0,1,raw
68454541920,728.002,0,1,raw
68455277921,736.001,0,1,raw
68455965920,687.999,0,1,raw
68456677917,711.997,0,1,raw
68457405918,728.001,0,1,raw
68458141916,735.998,0,1,raw
68458861918,720.002,0,1,raw
68459589919,728.001,0,1,raw
68460293920,704.001,0,1,raw
68461005920,712.0,0,1,raw
68461725918,719.998,0,1,raw
68462477920,752.002,0,1,raw
68463213919,735.999,0,1,raw
68463949921,736.002,0,1,raw
68464661920,711.999,0,1,raw
68465373916,711.996,0,1,raw
68466077920,704.004,0,1,raw
68466757921,680.001,0,1,raw
68467413917,655.996,0,1,raw
68468101917,688.0,0,1,raw
68468789920,688.003,0,1,raw
68469501920,712.0,0,1,raw
68470205917,703.997,0,1,raw
68470933916,727.999,0,1,raw
68471613921,680.005,0,1,raw
68472285918,671.997,0,1,raw
68472973920,688.002,0,1,raw
68473661920,688.0,0,1,raw
68474397920,736.0,0,1,raw
68475117920,720.0,0,1,raw
68475805920,688.0,0,1,raw
68476477921,672.001,0,1,raw
68477101920,623.999,0,1,raw
68477693920,592.0,0,1,raw
68478325916,631.996,0,1,raw
68478981918,656.002,0,1,raw
68479669920,688.002,0,1,raw
68480389920,720.0,0,1,raw
68481149920,760.0,0,1,raw
68481893921,744.001,0,1,raw
68482629920,735.999,0,1,raw
68483325918,695.998,0,1,raw
68483989918,664.0,0,1,raw
68484677920,688.002,0,1,raw
68485365920,688.0,0,1,raw
68486077918,711.998,0,1,raw
68486813920,736.002,0,1,raw
68487525920,712.0,0,1,raw
68488205921,680.001,0,1,raw
68488893921,688.0,0,1,raw
68489581917,687.996,0,1,raw
68490277920,696.003,0,1,raw
68490949920,672.0,0,1,raw
68491613920,664.0,0,1,raw
68492301917,687.997,0,1,raw
68492965920,664.003,0,1,raw
68493637920,672.0,0,1,raw
68494309917,671.997,0,1,raw
68494965920,656.003,0,1,raw
68495645918,679.998,0,1,raw
68496309920,664.002,0,1,raw
68496949921,640.001,0,1,raw
68497597920,647.999,0,1,raw
68498269917,671.997,0,1,raw
68498925920,656.003,0,1,raw
68499581920,656.0,0,1,raw
68500245920,664.0,0,1,raw
68500877917,631.997,0,1,raw
68501549921,672.004,0,1,raw
68502237920,687.999,0,1,raw
68502925918,687.998,0,1,raw
68503637918,712.0,0,1,raw
68504333920,696.002,0,1,raw
68505045920,712.0,0,1,raw
68505717917,671.997,0,1,raw
68506381920,664.003,0,1,raw
68507053920,672.0,0,1,raw
68507725920,672.0,0,1,raw
68508413918,687.998,0,1,raw
68509109918,696.0,0,1,raw
68509805918,696.0,0,1,raw
68510485920,680.002,0,1,raw
68511189920,704.0,0,1,raw
68511909920,720.0,0,1,raw
68512637917,727.997,0,1,raw
68513373921,736.004,0,1,raw
68514085920,711.999,0,1,raw
68514765920,680.0,0,1,raw
68515453920,688.0,0,1,raw
68516141920,688.0,0,1,raw
68516789920,648.0,0,1,raw
68517461920,672.0,0,1,raw
68518133916,671.996,0,1,raw
68518821920,688.004,0,1,raw
68519517920,696.0,0,1,raw
68520189920,672.0,0,1,raw
68520885919,695.999,0,1,raw
68521565920,680.001,0,1,raw
68522245918,679.998,0,1,raw
68522933918,688.0,0,1,raw
68523605920,672.002,0,1,raw
68524253918,647.998,0,1,raw
68524933920,680.002,0,1,raw
68525613917,679.997,0,1,raw
68526253917,640.0,0,1,raw
68526917920,664.003,0,1,raw
68527557917,639.997,0,1,raw
68528237920,680.003,0,1,raw
68528925920,688.0,0,1,raw
68529613920,688.0,0,1,raw
68530317920,704.0,0,1,raw
68530997917,679.997,0,1,raw
68531645917,648.0,0,1,raw
68532317917,672.0,0,1,raw
68532981917,664.0,0,1,raw
68533637920,656.003,0,1,raw
68534325918,687.998,0,1,raw
68535013918,688.0,0,1,raw
68535701921,688.003,0,1,raw
68536373916,671.995,0,1,raw
68537061920,688.004,0,1,raw
68537757921,696.001,0,1,raw
68538429920,671.999,0,1,raw
68539045920,616.0,0,1,raw
68539677918,631.998,0,1,raw
68540317920,640.002,0,1,raw
68540957920,640.0,0,1,raw
68541605920,648.0,0,1,raw
68542237920,632.0,0,1,raw
68542901920,664.0,0,1,raw
68543597916,695.996,0,1,raw
68544301920,704.004,0,1,raw
68544981920,680.0,0,1,raw
68545661920,680.0,0,1,raw
68546309920,648.0,0,1,raw
68546949920,640.0,0,1,raw
68547581920,632.0,0,1,raw
68548205920,624.0,0,1,raw
68548805920,600.0,0,1,raw
68549373921,568.001,0,1,raw
68549949921,576.0,0,1,raw
68550549920,599.999,0,1,raw
68551125921,576.001,0,1,raw
68551725920,599.999,0,1,raw
68552381920,656.0,0,1,raw
68553029920,648.0,0,1,raw
68553725920,696.0,0,1,raw
68554421916,695.996,0,1,raw
68555101920,680.004,0,1,raw
68555797920,696.0,0,1,raw
68556509918,711.998,0,1,raw
68557205920,696.002,0,1,raw
68557869920,664.0,0,1,raw
68558573920,704.0,0,1,raw
68559261920,688.0,0,1,raw
68559957920,696.0,0,1,raw
68560645921,688.001,0,1,raw
68561349916,703.995,0,1,raw
68561989920,640.004,0,1,raw
68562637920,648.0,0,1,raw
68563269918,631.998,0,1,raw
68563917920,648.002,0,1,raw
68564565921,648.001,0,1,raw
68565165918,599.997,0,1,raw
68565765917,599.999,0,1,raw
68566421920,656.003,0,1,raw
68567077920,656.0,0,1,raw
68567781920,704.0,0,1,raw
68568429916,647.996,0,1,raw
68569117920,688.004,0,1,raw
68569861918,743.998,0,1,raw
68570581918,720.0,0,1,raw
68571293920,712.002,0,1,raw
68572029921,736.001,0,1,raw
68572741920,711.999,0,1,raw
68573437920,696.0,0,1,raw
68574109918,671.998,0,1,raw
68574813920,704.002,0,1,raw
68575517920,704.0,0,1,raw
68576149920,632.0,0,1,raw
68576837918,687.998,0,1,raw
68577549917,711.999,0,1,raw
68578293916,743.999,0,1,raw
68579013921,720.005,0,1,raw
68579709920,695.999,0,1,raw
68580445920,736.0,0,1,raw
68581165920,720.0,0,1,raw
68581909920,744.0,0,1,raw
68582629921,720.001,0,1,raw
68583333916,703.995,0,1,raw
68584045921,712.005,0,1,raw
68584749921,704.0,0,1,raw
68585725920,699.9995,1,0,long_short_pair
68586149920,699.9995,1,0,long_short_pair
68586837920,688.0,0,1,raw
68587533920,696.0,0,1,raw
68588197916,663.996,0,1,raw
68588853920,656.004,0,1,raw
68589549917,695.997,0,1,raw
68590245918,696.001,0,1,raw
68590997920,752.002,0,1,raw
68591733920,736.0,0,1,raw
68592461920,728.0,0,1,raw
68593157920,696.0,0,1,raw
68593805920,648.0,0,1,raw
68594445917,639.997,0,1,raw
68595085917,640.0,0,1,raw
68595701918,616.001,0,1,raw
68596333918,632.0,0,1,raw
68597005920,672.002,0,1,raw
68597717916,711.996,0,1,raw
68598429918,712.002,0,1,raw
68599157920,728.002,0,1,raw
68599901920,744.0,0,1,raw
68600645919,743.999,0,1,raw
68601397920,752.001,0,1,raw
68602093920,696.0,0,1,raw
68602765916,671.996,0,1,raw
68603429920,664.004,0,1,raw
68604101918,671.998,0,1,raw
68604789917,687.999,0,1,raw
68605501920,712.003,0,1,raw
68606197920,696.0,0,1,raw
68606861920,664.0,0,1,raw
68607533918,671.998,0,1,raw
68608237918,704.0,0,1,raw
68608933920,696.002,0,1,raw
68609669920,736.0,0,1,raw
68610421916,751.996,0,1,raw
68611189920,768.004,0,1,raw
68611949920,760.0,0,1,raw
68612701920,752.0,0,1,raw
68613437920,736.0,0,1,raw
68614125920,688.0,0,1,raw
68614797918,671.998,0,1,raw
68615477920,680.002,0,1,raw
68616101916,623.996,0,1,raw
68616781921,680.005,0,1,raw
68617509921,728.0,0,1,raw
68618261917,751.996,0,1,raw
68619045921,784.004,0,1,raw
68619821920,775.999,0,1,raw
68620621917,799.997,0,1,raw
68621389920,768.003,0,1,raw
68622157921,768.001,0,1,raw
68622885920,727.999,0,1,raw
68623661921,776.001,0,1,raw
68624397920,735.999,0,1,raw
68625101921,704.001,0,1,raw
68625773921,672.0,0,1,raw
68626437920,663.999,0,1,raw
68627101921,664.001,0,1,raw
68627733920,631.999,0,1,raw
68628381920,648.0,0,1,raw
68629045920,664.0,0,1,raw
68629717920,672.0,0,1,raw
68630429917,711.997,0,1,raw
68631125920,696.003,0,1,raw
68631821920,696.0,0,1,raw
68632477918,655.998,0,1,raw
68633173920,696.002,0,1,raw
68633869920,696.0,0,1,raw
68634557920,688.0,0,1,raw
68635221916,663.996,0,1,raw
68635917920,696.004,0,1,raw
68636629920,712.0,0,1,raw
68637381920,752.0,0,1,raw
68638069921,688.001,0,1,raw
68638885921,816.0,0,1,raw
68639773920,887.999,0,1,raw
68640677916,903.996,0,1,raw
68641597917,920.001,0,1,raw
68642525916,927.999,0,1,raw
68643509916,984.0,0,1,raw
68644405921,896.005,0,1,raw
68645197920,791.999,0,1,raw
68645997917,799.997,0,1,raw
68646781917,784.0,0,1,raw
68647589917,808.0,0,1,raw
68648397920,808.003,0,1,raw
68649125921,728.001,0,1,raw
68649901920,775.999,0,1,raw
68650693920,792.0,0,1,raw
68651469918,775.998,0,1,raw
68652237920,768.002,0,1,raw
68653021918,783.998,0,1,raw
68653789920,768.002,0,1,raw
68654477920,688.0,0,1,raw
68655213917,735.997,0,1,raw
68655917918,704.001,0,1,raw
68656637920,720.002,0,1,raw
68657357920,720.0,0,1,raw
68658061920,704.0,0,1,raw
68658781920,720.0,0,1,raw
68659541916,759.996,0,1,raw
68660317920,776.004,0,1,raw
68661109917,791.997,0,1,raw
68661845918,736.001,0,1,raw
68662637918,792.0,0,1,raw
68663437920,800.002,0,1,raw
68664221920,784.0,0,1,raw
68664941920,720.0,0,1,raw
68665669921,728.001,0,1,raw
68666405920,735.999,0,1,raw
68667213919,807.999,0,1,raw
68668125921,912.002,0,1,raw
68668989920,863.999,0,1,raw
68669877921,888.001,0,1,raw
68670709920,831.999,0,1,raw
68671445921,736.001,0,1,raw
68672189920,743.999,0,1,raw
68672949921,760.001,0,1,raw
68673693917,743.996,0,1,raw
68674461920,768.003,0,1,raw
68675277920,816.0,0,1,raw
68676165918,887.998,0,1,raw
68677077920,912.002,0,1,raw
68677869921,792.001,0,1,raw
68678645920,775.999,0,1,raw
68679413917,767.997,0,1,raw
68680157920,744.003,0,1,raw
68680861918,703.998,0,1,raw
68681589917,727.999,0,1,raw
68682349917,760.0,0,1,raw
68683157916,807.999,0,1,raw
68683933921,776.005,0,1,raw
68684725920,791.999,0,1,raw
68685517917,791.997,0,1,raw
68686285920,768.003,0,1,raw
68687021921,736.001,0,1,raw
68687781917,759.996,0,1,raw
68688549920,768.003,0,1,raw
68689317921,768.001,0,1,raw
68690053917,735.996,0,1,raw
68690789920,736.003,0,1,raw
68691501920,712.0,0,1,raw
68692165921,664.001,0,1,raw
68692789917,623.996,0,1,raw
68693397920,608.003,0,1,raw
68693989918,591.998,0,1,raw
68694637920,648.002,0,1,raw
68695485917,847.997,0,1,raw
68696325918,840.001,0,1,raw
68697133918,808.0,0,1,raw
68697901918,768.0,0,1,raw
68698613918,712.0,0,1,raw
68699341920,728.002,0,1,raw
68700069916,727.996,0,1,raw
68700781919,712.003,0,1,raw
68701461920,680.001,0,1,raw
68702093918,631.998,0,1,raw
68702725918,632.0,0,1,raw
68703389921,664.003,0,1,raw
68704077921,688.0,0,1,raw
68704797920,719.999,0,1,raw
68705549920,752.0,0,1,raw
68706333920,784.0,0,1,raw
68707117920,784.0,0,1,raw
68707869920,752.0,0,1,raw
68708589920,720.0,0,1,raw
68709309920,720.0,0,1,raw
68710021920,712.0,0,1,raw
68710701917,679.997,0,1,raw
68711357918,656.001,0,1,raw
68711981916,623.998,0,1,raw
68712581920,600.004,0,1,raw
68713173921,592.001,0,1,raw
68713781920,607.999,0,1,raw
68714397920,616.0,0,1,raw
68715037920,640.0,0,1,raw
68715997920,656.0,1,0,long_short_pair
68716349920,656.0,1,0,long_short_pair
68717061919,711.999,0,1,raw
68717805920,744.001,0,1,raw
68718517917,711.997,0,1,raw
68719237921,720.004,0,1,raw
68719933921,696.0,0,1,raw
68720629920,695.999,0,1,raw
68721405920,776.0,0,1,raw
68722021920,616.0,0,1,raw
68722685917,663.997,0,1,raw
68723365918,680.001,0,1,raw
68724037920,672.002,0,1,raw
68724733920,696.0,0,1,raw
68725389920,656.0,0,1,raw
68726037921,648.001,0,1,raw
68726685920,647.999,0,1,raw
68727325920,640.0,0,1,raw
68727965920,640.0,0,1,raw
68728589920,624.0,0,1,raw
68729197918,607.998,0,1,raw
68729805920,608.002,0,1,raw
68730429920,624.0,0,1,raw
68731069920,640.0,0,1,raw
68731709920,640.0,0,1,raw
68732333917,623.997,0,1,raw
68732981916,647.999,0,1,raw
68733645920,664.004,0,1,raw
68734285917,639.997,0,1,raw
68734917918,632.001,0,1,raw
68735581920,664.002,0,1,raw
68736301920,720.0,0,1,raw
68737061920,760.0,0,1,raw
68737821920,760.0,0,1,raw
68738573920,752.0,0,1,raw
68739301916,727.996,0,1,raw
68740077917,776.001,0,1,raw
68740829920,752.003,0,1,raw
68741621920,792.0,0,1,raw
68742397921,776.001,0,1,raw
68743117920,719.999,0,1,raw
68743845920,728.0,0,1,raw
68744557920,712.0,0,1,raw
68745277920,720.0,0,1,raw
68745997917,719.997,0,1,raw
68746709919,712.002,0,1,raw
68747445920,736.001,0,1,raw
68748197920,752.0,0,1,raw
68748917917,719.997,0,1,raw
68749621918,704.001,0,1,raw
68750317919,696.001,0,1,raw
68751021916,703.997,0,1,raw
68751773917,752.001,0,1,raw
68752517916,743.999,0,1,raw
68753261921,744.005,0,1,raw
68753981920,719.999,0,1,raw
68754621917,639.997,0,1,raw
68755253918,632.001,0,1,raw
68755885920,632.002,0,1,raw
68756565920,680.0,0,1,raw
68757181920,616.0,0,1,raw
68757837920,656.0,0,1,raw
68758517921,680.001,0,1,raw
68759229920,711.999,0,1,raw
68759973920,744.0,0,1,raw
68760701921,728.001,0,1,raw
68761389921,688.0,0,1,raw
68762085917,695.996,0,1,raw
68762773920,688.003,0,1,raw
68763469920,696.0,0,1,raw
68764181918,711.998,0,1,raw
68764941917,759.999,0,1,raw
68765549920,608.003,0,1,raw
68766181920,632.0,0,1,raw
68766813920,632.0,0,1,raw
68767485921,672.001,0,1,raw
68768125919,639.998,0,1,raw
68768781920,656.001,0,1,raw
68769421920,640.0,0,1,raw
68770101917,679.997,0,1,raw
68770837920,736.003,0,1,raw
68771597917,759.997,0,1,raw
68772349920,752.003,0,1,raw
68773101921,752.001,0,1,raw
68773813920,711.999,0,1,raw
68774485921,672.001,0,1,raw
68775157921,672.0,0,1,raw
68775829920,671.999,0,1,raw
68776501921,672.001,0,1,raw
68777165917,663.996,0,1,raw
68777773920,608.003,0,1,raw
68778397920,624.0,0,1,raw
68779053921,656.001,0,1,raw
68779757921,704.0,0,1,raw
68780501921,744.0,0,1,raw
68781277917,775.996,0,1,raw
68781973920,696.003,0,1,raw
68782669920,696.0,0,1,raw
68783381918,711.998,0,1,raw
68784109916,727.998,0,1,raw
68784837920,728.004,0,1,raw
68785493916,655.996,0,1,raw
68786197920,704.004,0,1,raw
68786861920,664.0,0,1,raw
68787533918,671.998,0,1,raw
68788181921,648.003,0,1,raw
68788797919,615.998,0,1,raw
68789453921,656.002,0,1,raw
68790149917,695.996,0,1,raw
68790789920,640.003,0,1,raw
68791453921,664.001,0,1,raw
68792133920,679.999,0,1,raw
68792829920,696.0,0,1,raw
68793557920,728.0,0,1,raw
68794277916,719.996,0,1,raw
68794957920,680.004,0,1,raw
68795605919,647.999,0,1,raw
68796333920,728.001,0,1,raw
68797045918,711.998,0,1,raw
68797757920,712.002,0,1,raw
68798429920,672.0,0,1,raw
68799125916,695.996,0,1,raw
68799853918,728.002,0,1,raw
68800605920,752.002,0,1,raw
68801341918,735.998,0,1,raw
68802077918,736.0,0,1,raw
68802741920,664.002,0,1,raw
68803437921,696.001,0,1,raw
68804125917,687.996,0,1,raw
68804845920,720.003,0,1,raw
68805597920,752.0,0,1,raw
68806285920,688.0,0,1,raw
68806989919,703.999,0,1,raw
68807701917,711.998,0,1,raw
68808421918,720.001,0,1,raw
68809077917,655.999,0,1,raw
68809773917,696.0,0,1,raw
68810493918,720.001,0,1,raw
68811229920,736.002,0,1,raw
68811877918,647.998,0,1,raw
68812557920,680.002,0,1,raw
68813253920,696.0,0,1,raw
68813957917,703.997,0,1,raw
68814653917,696.0,0,1,raw
68815397920,744.003,0,1,raw
68816149917,751.997,0,1,raw
68816909921,760.004,0,1,raw
68817645920,735.999,0,1,raw
68818309921,664.001,0,1,raw
68819013918,703.997,0,1,raw
68819709920,696.002,0,1,raw
68820437920,728.0,0,1,raw
68821157918,719.998,0,1,raw
68821821920,664.002,0,1,raw
68822485919,663.999,0,1,raw
68823157917,671.998,0,1,raw
68823893920,736.003,0,1,raw
68824573917,679.997,0,1,raw
68825269917,696.0,0,1,raw
68825965921,696.004,0,1,raw
68826693921,728.0,0,1,raw
68827397918,703.997,0,1,raw
68828093920,696.002,0,1,raw
68828773918,679.998,0,1,raw
68829453917,679.999,0,1,raw
68830117917,664.0,0,1,raw
68830781920,664.003,0,1,raw
68831469920,688.0,0,1,raw
68832149920,680.0,0,1,raw
68832845920,696.0,0,1,raw
68833509920,664.0,0,1,raw
68834221917,711.997,0,1,raw
68834925921,704.004,0,1,raw
68835637921,712.0,0,1,raw
68836349917,711.996,0,1,raw
68837093918,744.001,0,1,raw
68837781917,687.999,0,1,raw
68838469920,688.003,0,1,raw
68839173918,703.998,0,1,raw
68839869921,696.003,0,1,raw
68840581917,711.996,0,1,raw
68841277918,696.001,0,1,raw
68841981920,704.002,0,1,raw
68842677920,696.0,0,1,raw
68843389920,712.0,0,1,raw
68844109920,720.0,0,1,raw
68844829921,720.001,0,1,raw
68845557920,727.999,0,1,raw
68846285917,727.997,0,1,raw
68846973918,688.001,0,1,raw
68847629921,656.003,0,1,raw
68848317920,687.999,0,1,raw
68848981918,788.0,1,0,long_short_pair
68849893920,788.0,1,0,long_short_pair
68850773920,760.0,1,0,long_short_pair
68851413920,760.0,1,0,long_short_pair
68852045920,632.0,0,1,raw
68852717919,671.999,0,1,raw
68853421917,703.998,0,1,raw
68854189918,768.001,0,1,raw
68854885920,696.002,0,1,raw
68855541919,655.999,0,1,raw
68856237921,696.002,0,1,raw
68856917920,679.999,0,1,raw
68857581920,664.0,0,1,raw
68858293921,712.001,0,1,raw
68858965918,671.997,0,1,raw
68859605918,640.0,0,1,raw
68860341920,736.002,0,1,raw
68861085920,744.0,0,1,raw
68861845917,759.997,0,1,raw
68862573918,728.001,0,1,raw
68863317921,744.003,0,1,raw
68864045917,727.996,0,1,raw
68864813917,768.0,0,1,raw
68865557917,744.0,0,1,raw
68866229917,672.0,0,1,raw
68866901920,672.003,0,1,raw
68867573920,672.0,0,1,raw
68868277920,704.0,0,1,raw
68868997921,720.001,0,1,raw
68869733920,735.999,0,1,raw
68870517920,784.0,0,1,raw
68871309920,792.0,0,1,raw
68872077920,768.0,0,1,raw
68872813920,736.0,0,1,raw
68873597919,783.999,0,1,raw
68874357920,760.001,0,1,raw
68875109921,752.001,0,1,raw
68875821916,711.995,0,1,raw
68876485917,664.001,0,1,raw
68877189920,704.003,0,1,raw
68877909917,719.997,0,1,raw
68878653920,744.003,0,1,raw
68879437920,784.0,0,1,raw
68880165920,728.0,0,1,raw
68880877917,711.997,0,1,raw
68881637917,760.0,0,1,raw
68882373920,736.003,0,1,raw
68883053918,679.998,0,1,raw
68883717920,664.002,0,1,raw
68884381920,664.0,0,1,raw
68885021920,640.0,0,1,raw
68885661916,639.996,0,1,raw
68886341920,680.004,0,1,raw
68887061917,719.997,0,1,raw
68887885918,824.001,0,1,raw
68888685920,800.002,0,1,raw
68889397921,712.001,0,1,raw
68890101921,704.0,0,1,raw
68890829920,727.999,0,1,raw
68891597918,767.998,0,1,raw
68892381917,783.999,0,1,raw
68893093920,712.003,0,1,raw
68893813920,720.0,0,1,raw
68894525917,711.997,0,1,raw
68895269920,744.003,0,1,raw
68896053920,784.0,0,1,raw
68896821918,767.998,0,1,raw
68897525917,703.999,0,1,raw
68898253916,727.999,0,1,raw
68898981917,728.001,0,1,raw
68899749921,768.004,0,1,raw
68900493917,743.996,0,1,raw
68901213920,720.003,0,1,raw
68901957917,743.997,0,1,raw
68902741921,784.004,0,1,raw
68903557920,815.999,0,1,raw
68904285918,727.998,0,1,raw
68905005917,719.999,0,1,raw
68905701919,696.002,0,1,raw
68906405920,704.001,0,1,raw
68907117920,712.0,0,1,raw
68907741921,624.001,0,1,raw
68908405920,663.999,0,1,raw
68909077916,671.996,0,1,raw
68909797918,720.002,0,1,raw
68910549920,752.002,0,1,raw
68911349921,800.001,0,1,raw
68912101920,751.999,0,1,raw
68912813917,711.997,0,1,raw
68913557920,744.003,0,1,raw
68914317920,760.0,0,1,raw
68915109919,791.999,0,1,raw
68915893920,784.001,0,1,raw
68916685920,792.0,0,1,raw
68917421920,736.0,0,1,raw
68918197916,775.996,0,1,raw
68918933920,736.004,0,1,raw
68919677920,744.0,0,1,raw
68920389919,711.999,0,1,raw
68921029921,640.002,0,1,raw
68921653916,623.995,0,1,raw
68922325916,672.0,0,1,raw
68923061920,736.004,0,1,raw
68923877921,816.001,0,1,raw
68924709920,831.999,0,1,raw
68925501917,791.997,0,1,raw
68926269921,768.004,0,1,raw
68927005920,735.999,0,1,raw
68927797920,792.0,0,1,raw
68928517920,720.0,0,1,raw
68929237917,719.997,0,1,raw
68929989918,752.001,0,1,raw
68930757920,768.002,0,1,raw
68931517920,760.0,0,1,raw
68932245917,727.997,0,1,raw
68933037920,792.003,0,1,raw
68933845917,807.997,0,1,raw
68934653917,808.0,0,1,raw
68935445920,792.003,0,1,raw
68936221921,776.001,0,1,raw
68936989920,767.999,0,1,raw
68937733920,744.0,0,1,raw
68938429916,695.996,0,1,raw
68939125920,696.004,0,1,raw
68939853921,728.001,0,1,raw
68940597920,743.999,0,1,raw
68941349920,752.0,0,1,raw
68942109921,760.001,0,1,raw
68942813920,703.999,0,1,raw
68943549920,736.0,0,1,raw
68944309918,759.998,0,1,raw
68945085916,775.998,0,1,raw
68945845920,760.004,0,1,raw
68946533920,688.0,0,1,raw
68947205920,672.0,0,1,raw
68947869920,664.0,0,1,raw
68948525919,655.999,0,1,raw
68949221920,696.001,0,1,raw
68949957919,735.999,0,1,raw
68950733916,775.997,0,1,raw
68951525921,792.005,0,1,raw
68952293920,767.999,0,1,raw
68952997917,703.997,0,1,raw
68953677920,680.003,0,1,raw
68954349917,671.997,0,1,raw
68955013918,664.001,0,1,raw
68955669918,656.0,0,1,raw
68956309921,640.003,0,1,raw
68956941917,631.996,0,1,raw
68957629918,688.001,0,1,raw
68958381920,752.002,0,1,raw
68959165920,784.0,0,1,raw
68959869921,704.001,0,1,raw
68960293920,423.999,0,1,raw
68960749919,455.999,0,1,raw
68961421916,671.997,0,1,raw
68962149916,728.0,0,1,raw
68962901920,752.004,0,1,raw
68963581916,679.996,0,1,raw
68964333920,752.004,0,1,raw
68965077920,744.0,0,1,raw
68965837920,760.0,0,1,raw
68966565921,728.001,0,1,raw
68967277920,711.999,0,1,raw
68968013916,735.996,0,1,raw
68968749920,736.004,0,1,raw
68969389921,640.001,0,1,raw
68970093917,703.996,0,1,raw
68970789916,695.999,0,1,raw
68971429917,640.001,0,1,raw
68972101920,672.003,0,1,raw
68972797920,696.0,0,1,raw
68973485920,688.0,0,1,raw
68974205918,719.998,0,1,raw
68974869920,664.002,0,1,raw
68975533921,664.001,0,1,raw
68976213920,679.999,0,1,raw
68976925920,712.0,0,1,raw
68977653917,727.997,0,1,raw
68978405921,752.004,0,1,raw
68979141920,735.999,0,1,raw
68979877920,736.0,0,1,raw
68980581920,704.0,0,1,raw
68981261920,680.0,0,1,raw
68981941918,679.998,0,1,raw
68982645920,704.002,0,1,raw
68983349920,704.0,0,1,raw
68984093921,744.001,0,1,raw
68984789920,695.999,0,1,raw
68985525920,736.0,0,1,raw
68986261920,736.0,0,1,raw
68986997920,736.0,0,1,raw
68987685916,687.996,0,1,raw
68988373920,688.004,0,1,raw
68989093921,720.001,0,1,raw
68989797920,703.999,0,1,raw
68990517917,719.997,0,1,raw
68991253918,736.001,0,1,raw
68991933917,679.999,0,1,raw
68992645920,712.003,0,1,raw
68993349917,703.997,0,1,raw
68994037921,688.004,0,1,raw
68994733918,695.997,0,1,raw
68995461921,728.003,0,1,raw
68996205920,743.999,0,1,raw
68996925920,720.0,0,1,raw
68997605916,679.996,0,1,raw
68998285920,680.004,0,1,raw
68998981920,696.0,0,1,raw
68999709920,728.0,0,1,raw
69000405920,696.0,0,1,raw
69001093920,688.0,0,1,raw
69001789920,696.0,0,1,raw
69002509918,719.998,0,1,raw
69003197920,688.002,0,1,raw
69003885920,688.0,0,1,raw
69004565920,680.0,0,1,raw
69005261916,695.996,0,1,raw
69005957920,696.004,0,1,raw
69006661920,704.0,0,1,raw
69007325916,663.996,0,1,raw
69008029920,704.004,0,1,raw
69008741920,712.0,0,1,raw
69009477916,735.996,0,1,raw
69010181921,704.005,0,1,raw
69010885920,703.999,0,1,raw
69011605920,720.0,0,1,raw
69012293920,688.0,0,1,raw
69012989920,696.0,0,1,raw
69013685916,695.996,0,1,raw
69014397917,712.001,0,1,raw
69015085917,688.0,0,1,raw
69015749920,664.003,0,1,raw
69016381917,631.997,0,1,raw
69017013920,632.003,0,1,raw
69017677919,663.999,0,1,raw
69018373917,695.998,0,1,raw
69019109920,736.003,0,1,raw
69019869920,760.0,0,1,raw
69020581920,712.0,0,1,raw
69021277918,695.998,0,1,raw
69021949920,672.002,0,1,raw
69022645917,695.997,0,1,raw
69023333920,688.003,0,1,raw
69023981918,647.998,0,1,raw
69024645917,663.999,0,1,raw
69025293920,648.003,0,1,raw
69025909917,615.997,1,0,false_peak_merge
69026549916,639.999,0,1,raw
69027109917,560.001,0,1,raw
69027709920,600.003,0,1,raw
69028277921,568.001,0,1,raw
69028885921,608.0,0,1,raw
69029485921,600.0,0,1,raw
69030125921,640.0,0,1,raw
69030789920,663.999,0,1,raw
69031453921,664.001,0,1,raw
69032141917,687.996,0,1,raw
69032837920,696.003,0,1,raw
69033549920,712.0,0,1,raw
69034229918,679.998,0,1,raw
69034893916,663.998,0,1,raw
69035565921,672.005,0,1,raw
69036245920,679.999,0,1,raw
69036917921,672.001,0,1,raw
69037565917,647.996,0,1,raw
69038165921,600.004,0,1,raw
69038757920,591.999,0,1,raw
69039357920,600.0,0,1,raw
69039933920,576.0,0,1,raw
69040501921,568.001,0,1,raw
69041069920,567.999,0,1,raw
69041629918,559.998,0,1,raw
69042181917,551.999,0,1,raw
69042813918,632.001,0,1,raw
69043565920,752.002,0,1,raw
69044325920,760.0,0,1,raw
69045109918,783.998,0,1,raw
69045917921,808.003,0,1,raw
69046733920,815.999,0,1,raw
69047557920,824.0,0,1,raw
69048357921,800.001,0,1,raw
69049093920,735.999,0,1,raw
69049861920,768.0,0,1,raw
69050557920,696.0,0,1,raw
69051221920,664.0,0,1,raw
69051933920,712.0,0,1,raw
69052621918,687.998,0,1,raw
69053341920,720.002,0,1,raw
69054029916,687.996,0,1,raw
69054669919,640.003,0,1,raw
69055637921,560.004,0,1,raw
69056693918,672.002,0,1,raw
69057341920,648.002,0,1,raw
69058013916,671.996,0,1,raw
69058661918,648.002,0,1,raw
69059309920,648.002,0,1,raw
69059981920,672.0,0,1,raw
69060645920,664.0,0,1,raw
69061309916,663.996,0,1,raw
69061965920,656.004,0,1,raw
69062677920,712.0,0,1,raw
69063341920,664.0,0,1,raw
69063981916,639.996,0,1,raw
69064621920,640.004,0,1,raw
69065285920,664.0,0,1,raw
69065933916,647.996,0,1,raw
69066621920,688.004,0,1,raw
69067317920,696.0,0,1,raw
69068021920,704.0,0,1,raw
69068717917,695.997,0,1,raw
69069357920,640.003,0,1,raw
69070069921,712.001,0,1,raw
69070741918,671.997,0,1,raw
69071429920,688.002,0,1,raw
69072085919,655.999,0,1,raw
69072733920,648.001,0,1,raw
69073389920,656.0,0,1,raw
69074061920,672.0,0,1,raw
69074701917,639.997,0,1,raw
69075365917,664.0,0,1,raw
69076021920,656.003,0,1,raw
69076669918,647.998,0,1,raw
69077357920,688.002,0,1,raw
69078029918,671.998,0,1,raw
69078653921,624.003,0,1,raw
69079309920,655.999,0,1,raw
69079965920,656.0,0,1,raw
69080645921,680.001,0,1,raw
69081285920,639.999,0,1,raw
69081949920,664.0,0,1,raw
69082581920,632.0,0,1,raw
69083213920,632.0,0,1,raw
69083861921,648.001,0,1,raw
69084517921,656.0,0,1,raw
69085157918,639.997,0,1,raw
69085853920,696.002,0,1,raw
69086501920,648.0,0,1,raw
69087189921,688.001,0,1,raw
69087861921,672.0,0,1,raw
69088509917,647.996,0,1,raw
69089133920,624.003,0,1,raw
69089789921,656.001,0,1,raw
69090421920,631.999,0,1,raw
69091077920,656.0,0,1,raw
69091725920,648.0,0,1,raw
69092357920,632.0,0,1,raw
69092981920,624.0,0,1,raw
69093613918,631.998,0,1,raw
69094253921,640.003,0,1,raw
69094893918,639.997,0,1,raw
69095573916,679.998,0,1,raw
69096285920,712.004,0,1,raw
69096925920,640.0,1,0,false_peak_merge
69097549920,624.0,0,1,raw
69098181920,632.0,0,1,raw
69098813921,632.001,0,1,raw
69099397917,583.996,0,1,raw
69099981918,584.0005,1,0,missed_beat_split
69100565918,584.0005,1,0,missed_beat_split
69101125921,560.003,0,1,raw
69101725917,599.996,0,1,raw
69102333918,608.001,0,1,raw
69103013920,680.002,0,1,raw
69103597920,584.0,0,1,raw
69104189920,592.0,0,1,raw
69104773916,583.996,0,1,raw
69105405921,632.005,0,1,raw
69106037920,631.999,0,1,raw
69106661917,623.997,0,1,raw
69107301920,640.003,0,1,raw
69107941918,639.998,0,1,raw
69108557920,616.002,0,1,raw
69109173921,616.001,0,1,raw
69109805918,631.997,0,1,raw
69110429921,624.003,0,1,raw
69111061920,631.999,0,1,raw
69111677920,616.0,0,1,raw
69112301918,623.998,0,1,raw
69112869920,568.002,0,1,raw
69113461920,592.0,0,1,raw
69114061921,600.001,0,1,raw
69114693920,631.999,0,1,raw
69115357920,664.0,0,1,raw
69116037920,680.0,0,1,raw
69116741920,704.0,0,1,raw
69117453920,712.0,0,1,raw
69118101920,648.0,0,1,raw
69118757920,656.0,0,1,raw
69119413916,655.996,0,1,raw
69120069920,656.004,0,1,raw
69120717917,647.997,0,1,raw
69121381917,664.0,0,1,raw
69122045920,664.003,0,1,raw
69122653918,607.998,0,1,raw
69123333920,680.002,0,1,raw
69124005920,672.0,0,1,raw
69124677920,672.0,0,1,raw
69125365918,687.998,0,1,raw
69126045917,679.999,0,1,raw
69126749920,704.003,0,1,raw
69127461920,712.0,0,1,raw
69128197920,736.0,0,1,raw
69128893917,695.997,0,1,raw
69129541920,648.003,0,1,raw
69130229920,688.0,0,1,raw
69130861918,631.998,0,1,raw
69131533918,672.0,0,1,raw
69132205920,672.002,0,1,raw
69132901920,696.0,0,1,raw
69133613920,712.0,0,1,raw
69134285918,671.998,0,1,raw
69134997920,712.002,0,1,raw
69135669920,672.0,0,1,raw
69136341920,672.0,0,1,raw
69137029921,688.001,0,1,raw
69137749920,719.999,0,1,raw
69138453920,704.0,0,1,raw
69139109920,656.0,0,1,raw
69139797920,688.0,0,1,raw
69140469920,672.0,0,1,raw
69141125920,656.0,0,1,raw
69141813920,688.0,0,1,raw
69142493917,679.997,0,1,raw
69143133921,640.004,0,1,raw
69143821920,687.999,0,1,raw
69144549916,727.996,0,1,raw
69145229918,680.002,0,1,raw
69145973921,744.0029999999999,1,0,false_peak_merge
69146661920,687.999,0,1,raw
69147301920,640.0,0,1,raw
69147989920,688.0,0,1,raw
69148733920,744.0,0,1,raw
69149461920,728.0,0,1,raw
69150229920,768.0,0,1,raw
69151013921,784.001,0,1,raw
69151749920,735.999,0,1,raw
69152485920,736.0,0,1,raw
69153221920,736.0,0,1,raw
69153933920,712.0,0,1,raw
69154637916,703.996,0,1,raw
69155357920,720.004,0,1,raw
69156133920,776.0,0,1,raw
69156837920,704.0,0,1,raw
69157541920,704.0,0,1,raw
69158189918,647.998,0,1,raw
69158837917,647.999,0,1,raw
69159517920,680.003,0,1,raw
69160213920,696.0,0,1,raw
69160893918,679.998,0,1,raw
69161605920,712.002,0,1,raw
69162333917,727.997,0,1,raw
69163061920,728.003,0,1,raw
69163829920,768.0,0,1,raw
69164557918,727.998,0,1,raw
69165229920,672.002,0,1,raw
69165901919,671.999,0,1,raw
69166565921,664.002,0,1,raw
69167261920,695.999,0,1,raw
69167933920,672.0,0,1,raw
69168509920,576.0,0,1,raw
69169213920,704.0,0,1,raw
69169813920,600.0,0,1,raw
69170469918,655.998,0,1,raw
69171141920,672.002,0,1,raw
69171837920,696.0,0,1,raw
69172517917,679.997,0,1,raw
69173309920,792.003,0,1,raw
69174069920,760.0,0,1,raw
69174757917,687.997,0,1,raw
69175421920,664.003,0,1,raw
69176133921,712.001,0,1,raw
69176853918,719.997,0,1,raw
69177573920,720.002,0,1,raw
69178253920,680.0,0,1,raw
69178965920,712.0,0,1,raw
69179621918,655.998,0,1,raw
69180269917,647.999,0,1,raw
69180877920,608.003,0,1,raw
69181509920,632.0,0,1,raw
69182141920,632.0,0,1,raw
69182813920,672.0,0,1,raw
69183469920,656.0,0,1,raw
69184093917,623.997,0,1,raw
69184685921,592.004,0,1,raw
69185301920,615.999,0,1,raw
69185933920,632.0,0,1,raw
69186565918,631.998,0,1,raw
69187197920,632.002,0,1,raw
69187821920,624.0,0,1,raw
69188437920,616.0,0,1,raw
69189069918,631.998,0,1,raw
69189717921,648.003,0,1,raw
69190381920,663.999,0,1,raw
69191037920,656.0,0,1,raw
69191693920,656.0,0,1,raw
69192333921,640.001,0,1,raw
69192941921,608.0,0,1,raw
69193533920,591.999,0,1,raw
69194149917,615.997,0,1,raw
69194757918,608.001,0,1,raw
69195365920,608.002,0,1,raw
69195981920,616.0,0,1,raw
69196597920,616.0,0,1,raw
69197221917,623.997,0,1,raw
69197821918,600.001,0,1,raw
69198437920,616.002,0,1,raw
69199093920,656.0,0,1,raw
69199765917,671.997,0,1,raw
69200381920,616.003,0,1,raw
69200989917,607.997,0,1,raw
69201653920,664.003,0,1,raw
69202357917,703.997,0,1,raw
69203085920,728.003,0,1,raw
69203877917,791.997,0,1,raw
69204581920,704.003,0,1,raw
69205309920,728.0,0,1,raw
69206069916,759.996,0,1,raw
69206877920,808.004,0,1,raw
69207725920,848.0,0,1,raw
69208525918,799.998,0,1,raw
69209269920,744.002,0,1,raw
69210037916,767.996,0,1,raw
69210813920,776.004,0,1,raw
69211597920,784.0,0,1,raw
69212365920,768.0,0,1,raw
69213141921,776.001,0,1,raw
69213957917,815.996,0,1,raw
69214781921,824.004,0,1,raw
69215621921,840.0,0,1,raw
69216533921,912.0,0,1,raw
69217485921,952.0,0,1,raw
69218381917,895.996,0,1,raw
69219229917,848.0,0,1,raw
69220069920,840.003,0,1,raw
69220845918,775.998,0,1,raw
69221557918,712.0,0,1,raw
69222293918,736.0,0,1,raw
69223037921,744.003,0,1,raw
69223789920,751.999,0,1,raw
69224517920,728.0,0,1,raw
69225349918,831.998,0,1,raw
69226165920,816.002,0,1,raw
69227013918,847.998,0,1,raw
69227757920,744.002,0,1,raw
69228541920,784.0,0,1,raw
69229309920,768.0,0,1,raw
69230085920,776.0,0,1,raw
69230797920,712.0,0,1,raw
69231565920,768.0,0,1,raw
69232341921,776.001,0,1,raw
69233197917,855.996,0,1,raw
69234053918,856.001,0,1,raw
69234853917,799.999,0,1,raw
69235725918,872.001,0,1,raw
69236525918,800.0,0,1,raw
69237301920,776.002,0,1,raw
69238045920,744.0,0,1,raw
69238829921,784.001,0,1,raw
69239605921,776.0,0,1,raw
69240357916,751.995,0,1,raw
69241029920,672.004,0,1,raw
69241749918,719.998,0,1,raw
69242485921,736.003,0,1,raw
69243277920,791.999,0,1,raw
69244037921,760.001,0,1,raw
69244869917,831.996,0,1,raw
69245677920,808.003,0,1,raw
69246469917,791.997,0,1,raw
69247261920,792.003,0,1,raw
69248101920,840.0,0,1,raw
69248933920,832.0,0,1,raw
69249701918,767.998,0,1,raw
69250437920,736.002,0,1,raw
69251165921,728.001,0,1,raw
69251925920,759.999,0,1,raw
69252693921,768.001,0,1,raw
69253501920,807.999,0,1,raw
69254285920,784.0,0,1,raw
69255101917,815.997,0,1,raw
69255837918,736.001,0,1,raw
69256661920,824.002,0,1,raw
69257501920,840.0,0,1,raw
69258277920,776.0,0,1,raw
69259117917,839.997,0,1,raw
69259917920,800.003,0,1,raw
69260653920,736.0,0,1,raw
69261413920,760.0,0,1,raw
69262133920,720.0,0,1,raw
69262797917,663.997,0,1,raw
69263477921,680.004,0,1,raw
69264157916,679.995,0,1,raw
69264805919,648.003,0,1,raw
69265485916,679.997,0,1,raw
69266149917,664.001,0,1,raw
69266805917,656.0,0,1,raw
69267445921,640.004,0,1,raw
69268149920,703.999,0,1,raw
69268797921,648.001,0,1,raw
69269549917,751.996,0,1,raw
69270301920,752.003,0,1,raw
69271077917,775.997,0,1,raw
69271821918,744.001,0,1,raw
69272565918,744.0,0,1,raw
69273341920,776.002,0,1,raw
69274093920,752.0,0,1,raw
69274813920,720.0,0,1,raw
69275621920,808.0,0,1,raw
69276437921,816.001,0,1,raw
69277237920,799.999,0,1,raw
69278045920,808.0,0,1,raw
69278885916,839.996,0,1,raw
69279693920,808.004,0,1,raw
69280493920,800.0,0,1,raw
69281221917,727.997,0,1,raw
69281949920,728.003,0,1,raw
69282669920,720.0,0,1,raw
69283461917,791.997,0,1,raw
69284213921,752.004,0,1,raw
69284957920,743.999,0,1,raw
69285757920,800.0,0,1,raw
69286589921,832.001,0,1,raw
69287501920,911.999,0,1,raw
69288501917,999.997,0,1,raw
69289501916,999.999,0,1,raw
69290533918,1032.002,0,1,raw
69291437920,904.002,0,1,raw
69292325920,888.0,0,1,raw
69293221918,895.998,0,1,raw
69294093921,872.003,0,1,raw
69294957920,863.999,0,1,raw
69295797920,840.0,0,1,raw
69296597921,800.001,0,1,raw
69297341921,744.0,0,1,raw
69298101917,759.996,0,1,raw
69298877920,776.003,0,1,raw
69299677920,800.0,0,1,raw
69300493920,816.0,0,1,raw
69301349917,855.997,0,1,raw
69302277920,928.003,0,1,raw
69304149920,872.003,0,1,raw
69304965920,816.0,0,1,raw
69305749916,783.996,0,1,raw
69306525920,776.004,0,1,raw
69307277920,752.0,0,1,raw
69307997920,720.0,0,1,raw
69308725920,728.0,0,1,raw
69309493917,767.997,0,1,raw
69310269918,776.001,0,1,raw
69311061920,792.002,0,1,raw
69311853918,791.998,0,1,raw
69312685920,832.002,0,1,raw
69313541920,856.0,0,1,raw
69314333920,792.0,0,1,raw
69315165920,832.0,0,1,raw
69315973920,808.0,0,1,raw
69316701920,728.0,0,1,raw
69317405920,704.0,0,1,raw
69318133918,727.998,0,1,raw
69318869920,736.002,0,1,raw
69319653920,784.0,0,1,raw
69320413920,760.0,0,1,raw
69321141918,727.998,0,1,raw
69321909916,767.998,0,1,raw
69322669919,760.003,0,1,raw
69323429920,760.001,0,1,raw
69324173917,743.997,0,1,raw
69324885920,712.003,0,1,raw
69325613920,728.0,0,1,raw
69326333920,720.0,0,1,raw
69326981921,648.001,0,1,raw
69327645920,663.999,0,1,raw
69328341917,695.997,0,1,raw
69328965921,624.004,0,1,raw
69329613921,648.0,0,1,raw
69330229917,615.996,0,1,raw
69330893921,664.004,0,1,raw
69331541920,647.999,0,1,raw
69332221917,679.997,0,1,raw
69332893918,672.001,0,1,raw
69333629921,736.003,0,1,raw
69334405920,775.999,0,1,raw
69335173920,768.0,0,1,raw
69335925920,752.0,0,1,raw
69336669919,743.999,0,1,raw
69337381920,712.001,0,1,raw
69338077917,695.997,0,1,raw
69338709916,631.999,0,1,raw
69339365918,656.002,0,1,raw
69340053917,687.999,0,1,raw
69340717921,664.004,0,1,raw
69341389918,671.997,0,1,raw
69342085920,696.002,0,1,raw
69342757920,672.0,0,1,raw
69343461917,703.997,0,1,raw
69344173917,712.0,0,1,raw
69344917920,744.003,0,1,raw
69345629918,711.998,0,1,raw
69346341921,712.003,0,1,raw
69347037920,695.999,0,1,raw
69347741921,704.001,0,1,raw
69348429920,687.999,0,1,raw
69349093920,664.0,0,1,raw
69349789920,696.0,0,1,raw
69350509921,720.001,0,1,raw
69351181919,671.998,0,1,raw
69351885918,703.999,0,1,raw
69352597918,712.0,0,1,raw
69353325921,728.003,0,1,raw
69354053920,727.999,0,1,raw
69354725920,672.0,0,1,raw
69355453916,727.996,0,1,raw
69356173921,720.005,0,1,raw
69356877920,703.999,0,1,raw
69357557916,679.996,0,1,raw
69358253917,696.001,0,1,raw
69358957920,704.003,0,1,raw
69359653920,696.0,0,1,raw
69360349920,696.0,0,1,raw
69361045920,696.0,1,0,false_peak_merge
69361749920,704.0,0,1,raw
69362477920,728.0,0,1,raw
69363093916,615.996,0,1,raw
69363805918,712.002,0,1,raw
69364413916,607.998,0,1,raw
69365101920,688.004,0,1,raw
69365773920,672.0,0,1,raw
69366445916,671.996,0,1,raw
69367173919,728.003,0,1,raw
69367901920,728.001,0,1,raw
69368597918,695.998,0,1,raw
69369325920,728.002,0,1,raw
69370045920,720.0,0,1,raw
69370789917,743.997,0,1,raw
69371541920,752.003,0,1,raw
69372285920,744.0,0,1,raw
69373029920,744.0,0,1,raw
69373805918,775.998,0,1,raw
69374573920,768.002,0,1,raw
69375293920,720.0,0,1,raw
69376061920,768.0,0,1,raw
69376869921,808.001,0,1,raw
69377685920,815.999,0,1,raw
69378501920,816.0,0,1,raw
69379325921,824.001,0,1,raw
69380197921,872.0,0,1,raw
69381117920,919.999,0,1,raw
69382005918,887.998,0,1,raw
69382797918,792.0,0,1,raw
69383557918,760.0,0,1,raw
69384381920,824.002,0,1,raw
69385061920,680.0,0,1,raw
69385797917,735.997,0,1,raw
69386549921,752.004,1,0,false_peak_merge
69387333918,783.997,0,1,raw
69388109920,776.002,0,1,raw
69388933920,824.0,0,1,raw
69389789920,856.0,0,1,raw
69390613920,824.0,0,1,raw
69391397920,784.0,0,1,raw
69392189919,791.999,0,1,raw
69392965917,775.998,0,1,raw
69393749920,784.003,0,1,raw
69394509918,759.998,0,1,raw
69395285918,776.0,0,1,raw
69396045918,760.0,0,1,raw
69396789920,744.002,0,1,raw
69397509920,720.0,0,1,raw
69398261917,751.997,0,1,raw
69399037920,776.003,0,1,raw
69399789921,752.001,0,1,raw
69400541917,751.996,0,1,raw
69401309921,768.004,0,1,raw
69402077921,768.0,0,1,raw
69402813920,735.999,0,1,raw
69403517919,703.999,0,1,raw
69404285917,767.998,0,1,raw
69405037920,752.003,0,1,raw
69405765916,727.996,0,1,raw
69406421917,656.001,0,1,raw
69407085920,664.003,0,1,raw
69407773918,687.998,0,1,raw
69408557917,783.999,0,1,raw
69409373920,816.003,0,1,raw
69410213921,840.001,0,1,raw
69410965920,751.999,0,1,raw
69411685920,720.0,0,1,raw
69412389920,704.0,0,1,raw
69413093917,703.997,0,1,raw
69413717919,624.002,0,1,raw
69414397920,680.001,0,1,raw
69415077917,679.997,0,1,raw
69415717920,640.003,0,1,raw
69416373920,656.0,0,1,raw
69417061918,687.998,0,1,raw
69417773917,711.999,0,1,raw
69418509917,736.0,0,1,raw
69419197918,688.001,0,1,raw
69419933921,736.003,0,1,raw
69420677921,744.0,0,1,raw
69421413920,735.999,0,1,raw
69422101921,688.001,0,1,raw
69422789920,687.999,0,1,raw
69423509916,719.996,0,1,raw
69424261921,752.005,0,1,raw
69425037916,775.995,0,1,raw
69425813920,776.004,0,1,raw
69426541920,728.0,0,1,raw
69427277918,735.998,0,1,raw
69428029916,751.998,0,1,raw
69428797921,768.005,0,1,raw
69429517916,719.995,0,1,raw
69430237920,720.004,0,1,raw
69430965920,728.0,0,1,raw
69431709921,744.001,0,1,raw
69432477920,767.999,0,1,raw
69433277921,800.001,0,1,raw
69434013919,735.998,0,1,raw
69434805917,791.998,0,1,raw
69435565920,760.003,0,1,raw
69436341917,775.997,0,1,raw
69437077921,736.004,0,1,raw
69437837920,759.999,0,1,raw
69438589920,752.0,0,1,raw
69439349917,759.997,0,1,raw
69440061920,712.003,0,1,raw
69440805916,743.996,0,1,raw
69441549919,744.003,0,1,raw
69442293918,743.999,0,1,raw
69443021920,728.002,0,1,raw
69443789920,768.0,0,1,raw
69444605920,816.0,0,1,raw
69445405920,800.0,0,1,raw
69446173920,768.0,0,1,raw
69446957920,784.0,0,1,raw
69447749920,792.0,0,1,raw
69448549920,800.0,0,1,raw
69449293920,744.0,0,1,raw
69450093920,800.0,0,1,raw
69450885920,792.0,0,1,raw
69451685916,799.996,0,1,raw
69452453920,768.004,0,1,raw
69453229918,775.998,0,1,raw
69454005917,775.999,0,1,raw
69454757918,752.001,0,1,raw
69455485920,728.002,0,1,raw
69456229920,744.0,0,1,raw
69456965920,736.0,0,1,raw
69457717917,751.997,0,1,raw
69458429920,712.003,0,1,raw
69459125920,696.0,0,1,raw
69459893920,768.0,0,1,raw
69460661920,768.0,0,1,raw
69461413916,751.996,0,1,raw
69462133920,720.004,0,1,raw
69462861920,728.0,0,1,raw
69463597920,736.0,0,1,raw
69464333920,736.0,0,1,raw
69465021917,687.997,0,1,raw
69465717920,696.003,0,1,raw
69466325920,608.0,0,1,raw
69466909919,583.999,0,1,raw
69467573920,664.001,0,1,raw
69468261920,688.0,0,1,raw
69468949920,688.0,0,1,raw
69469629921,680.001,0,1,raw
69470325920,695.999,0,1,raw
69471013918,687.998,0,1,raw
69471701918,688.0,0,1,raw
69472365917,663.999,0,1,raw
69473021920,656.003,0,1,raw
69473725918,703.998,0,1,raw
69474405920,680.002,0,1,raw
69475093920,688.0,0,1,raw
69475765917,671.997,0,1,raw
69476421920,656.003,0,1,raw
69477093918,671.998,0,1,raw
69477701920,608.002,0,1,raw
69478293917,591.997,0,1,raw
69478893920,600.003,0,1,raw
69479485918,591.998,0,1,raw
69480093920,608.002,0,1,raw
69480677920,584.0,0,1,raw
69481269920,592.0,0,1,raw
69481893920,624.0,0,1,raw
69482541920,648.0,0,1,raw
69483181921,640.001,0,1,raw
69483909920,727.999,1,0,false_peak_merge
69484573918,663.998,0,1,raw
69485213920,640.002,0,1,raw
69485869920,656.0,0,1,raw
69486549917,679.997,0,1,raw
69487277920,728.003,0,1,raw
69487997917,719.997,0,1,raw
69488669915,671.998,0,1,raw
69489365920,696.005,0,1,raw
69490101917,735.997,0,1,raw
69490805921,704.004,0,1,raw
69491509917,703.996,0,1,raw
69492173920,664.003,0,1,raw
69492837918,663.998,0,1,raw
69493789917,660.001,1,0,long_short_pair
69494157920,660.001,1,0,long_short_pair
69494805920,648.0,0,1,raw
69495453916,647.996,0,1,raw
69496101920,648.004,0,1,raw
69496717917,615.997,0,1,raw
69497349920,632.003,0,1,raw
69498021920,672.0,0,1,raw
69498621920,600.0,0,1,raw
69499261920,640.0,0,1,raw
69499949920,688.0,0,1,raw
69500629918,679.998,0,1,raw
69501285916,655.998,0,1,raw
69501973917,688.001,0,1,raw
69502669920,696.003,0,1,raw
69503349917,679.997,0,1,raw
69504021920,672.003,0,1,raw
69504645920,624.0,0,1,raw
69505389920,744.0,1,0,false_peak_merge
69506045917,655.997,0,1,raw
69506661921,616.004,0,1,raw
69507285920,623.999,0,1,raw
69507869920,584.0,0,1,raw
69508413920,544.0,0,1,raw
69509013920,600.0,0,1,raw
69509549920,536.0,0,1,raw
69510133920,584.0,0,1,raw
69510685916,551.996,0,1,raw
69511285920,600.004,0,1,raw
69511893920,608.0,0,1,raw
69512485920,592.0,0,1,raw
69513117917,631.997,0,1,raw
69513741920,624.003,0,1,raw
69514405918,663.998,0,1,raw
69515061920,656.002,0,1,raw
69515701919,639.999,0,1,raw
69516397918,695.999,0,1,raw
69517069921,672.003,0,1,raw
69517765921,696.0,0,1,raw
69518437921,672.0,0,1,raw
69519125917,687.996,0,1,raw
69519821920,696.003,0,1,raw
69520517920,696.0,0,1,raw
69521261920,744.0,0,1,raw
69521861917,599.997,0,1,raw
69522541920,680.003,0,1,raw
69523245920,704.0,0,1,raw
69523949917,703.997,0,1,raw
69524661920,712.003,0,1,raw
69525421920,760.0,0,1,raw
69526133920,712.0,0,1,raw
69526957920,824.0,0,1,raw
69527709920,752.0,0,1,raw
69528461918,751.998,0,1,raw
69529165920,704.002,0,1,raw
69529893920,728.0,0,1,raw
69530629920,736.0,0,1,raw
69531405920,776.0,0,1,raw
69532149916,743.996,0,1,raw
69532901921,752.005,0,1,raw
69533637920,735.999,0,1,raw
69534365920,728.0,0,1,raw
69535141920,776.0,0,1,raw
69535941917,799.997,0,1,raw
69536789920,848.003,0,1,raw
69537573921,784.001,0,1,raw
69538437920,863.999,0,1,raw
69539285920,848.0,0,1,raw
69540093920,808.0,0,1,raw
69540861919,767.999,0,1,raw
69541613920,752.001,0,1,raw
69542333921,720.001,0,1,raw
69543029920,695.999,0,1,raw
69543765920,736.0,0,1,raw
69544541917,775.997,0,1,raw
69545301921,760.004,0,1,raw
69546013921,712.0,0,1,raw
69546789916,775.995,0,1,raw
69547533920,744.004,0,1,raw
69548301916,767.996,0,1,raw
69548989919,688.003,0,1,raw
69549741920,752.001,0,1,raw
69550493920,752.0,0,1,raw
69551229920,736.0,0,1,raw
69551909921,680.001,0,1,raw
69552629920,719.999,0,1,raw
69553317921,688.001,0,1,raw
69554005920,687.999,0,1,raw
69554685917,679.997,0,1,raw
69555317920,632.003,0,1,raw
69555973921,656.001,0,1,raw
69556661916,687.995,0,1,raw
69557405920,744.004,0,1,raw
69558165920,760.0,0,1,raw
69559029921,864.001,0,1,raw
69559901920,871.999,0,1,raw
69560765920,864.0,0,1,raw
69561549921,784.001,0,1,raw
69562325918,775.997,0,1,raw
69563101920,776.002,0,1,raw
69563845920,744.0,0,1,raw
69564517920,672.0,0,1,raw
69565157921,640.001,0,1,raw
69565789920,631.999,0,1,raw
69566477920,688.0,0,1,raw
69567213920,736.0,0,1,raw
69567957920,744.0,0,1,raw
69568741917,783.997,0,1,raw
69569517916,775.999,0,1,raw
69570285920,768.004,0,1,raw
69571021920,736.0,0,1,raw
69571725920,704.0,0,1,raw
69572429916,703.996,0,1,raw
69573141920,712.004,0,1,raw
69573877917,735.997,0,1,raw
69574605920,728.003,0,1,raw
69575365920,760.0,0,1,raw
69576101920,736.0,0,1,raw
69576837916,735.996,0,1,raw
69577573916,736.0,0,1,raw
69578301917,728.001,0,1,raw
69578997921,696.004,0,1,raw
69579701920,703.999,0,1,raw
69580429920,728.0,0,1,raw
69581141920,712.0,0,1,raw
69581845918,703.998,0,1,raw
69582541921,696.003,0,1,raw
69583269920,727.999,0,1,raw
69584005919,735.999,0,1,raw
69584709920,704.001,0,1,raw
69585421920,712.0,0,1,raw
69586173918,751.998,0,1,raw
69586917920,744.002,0,1,raw
69587621916,703.996,0,1,raw
69588309920,688.004,0,1,raw
69589013920,704.0,0,1,raw
69589637920,624.0,0,1,raw
69590277920,640.0,0,1,raw
69590917921,640.001,0,1,raw
69591525917,607.996,0,1,raw
69592125920,600.003,0,1,raw
69592709920,584.0,0,1,raw
69593365920,656.0,0,1,raw
69594149920,784.0,0,1,raw
69594941917,791.997,0,1,raw
69595725917,784.0,0,1,raw
69596501920,776.003,0,1,raw
69597237921,736.001,0,1,raw
69598053921,816.0,0,1,raw
69598845916,791.995,0,1,raw
69599605920,760.004,0,1,raw
69600349918,743.998,0,1,raw
69601125920,776.002,0,1,raw
69601917920,792.0,0,1,raw
69602701920,784.0,0,1,raw
69603509918,807.998,0,1,raw
69604293920,784.002,0,1,raw
69605085920,792.0,0,1,raw
69605893921,808.001,0,1,raw
69606749920,855.999,0,1,raw
69607541920,792.0,0,1,raw
69608341917,799.997,0,1,raw
69609149920,808.003,0,1,raw
69609933920,784.0,0,1,raw
69610685918,751.998,0,1,raw
69611477920,792.002,0,1,raw
69612285920,808.0,0,1,raw
69613077920,792.0,0,1,raw
69613893920,816.0,0,1,raw
69614677916,783.996,0,1,raw
69615429921,752.005,0,1,raw
69616213916,783.995,0,1,raw
69616965920,752.004,0,1,raw
69617693917,727.997,0,1,raw
69618373920,680.003,0,1,raw
69619069920,696.0,0,1,raw
69619789918,719.998,0,1,raw
69620501918,712.0,0,1,raw
69621181916,679.998,0,1,raw
69621845917,664.001,0,1,raw
69622493920,648.003,0,1,raw
69623125920,632.0,0,1,raw
69623757920,632.0,0,1,raw
69624381921,624.001,0,1,raw
69624981920,599.999,0,1,raw
69625613920,632.0,0,1,raw
69626229920,616.0,0,1,raw
69626805917,575.997,0,1,raw
69627421918,616.001,0,1,raw
69627997920,576.002,0,1,raw
69628621920,624.0,0,1,raw
69629229917,607.997,0,1,raw
69629829920,600.003,0,1,raw
69630485921,656.001,0,1,raw
69631173917,687.996,0,1,raw
69631909921,736.004,0,1,raw
69632549920,639.999,0,1,raw
69633237917,687.997,0,1,raw
69633933920,696.003,0,1,raw
69634613918,679.998,0,1,raw
69635277917,663.999,0,1,raw
69635973920,696.003,0,1,raw
69636653917,679.997,0,1,raw
69637317920,664.003,0,1,raw
69637981920,664.0,0,1,raw
69638693920,712.0,0,1,raw
69639373920,680.0,0,1,raw
69640029920,656.0,0,1,raw
69640677920,648.0,0,1,raw
69641357920,680.0,0,1,raw
69642077920,720.0,0,1,raw
69642757921,680.001,0,1,raw
69643469917,711.996,0,1,raw
69644189920,720.003,0,1,raw
69644877917,687.997,0,1,raw
69645589921,712.004,0,1,raw
69646285919,695.998,0,1,raw
69646965920,680.001,0,1,raw
69647629920,664.0,0,1,raw
69648301917,671.997,0,1,raw
69648957916,655.999,0,1,raw
69649637920,680.004,0,1,raw
69650277920,640.0,0,1,raw
69650933921,656.001,0,1,raw
69651613916,679.995,0,1,raw
69652269920,656.004,0,1,raw
69652949918,679.998,0,1,raw
69653605920,656.002,0,1,raw
69654261920,656.0,0,1,raw
69654941920,680.0,0,1,raw
69655669920,728.0,0,1,raw
69656373918,703.998,0,1,raw
69657053920,680.002,0,1,raw
69657725920,672.0,0,1,raw
69658413918,687.998,0,1,raw
69659061920,648.002,0,1,raw
69659685920,624.0,0,1,raw
69660301917,615.997,0,1,raw
69660917920,616.003,0,1,raw
69661589917,671.997,0,1,raw
69662245918,656.001,0,1,raw
69662949920,704.002,0,1,raw
69663637920,688.0,0,1,raw
69664349920,712.0,0,1,raw
69665069920,720.0,0,1,raw
69665797920,728.0,0,1,raw
69666453917,655.997,0,1,raw
69667141920,688.003,0,1,raw
69667837916,695.996,0,1,raw
69668477920,640.004,0,1,raw
69669141920,664.0,0,1,raw
69669805920,664.0,0,1,raw
69670445918,639.998,0,1,raw
69671085920,640.002,0,1,raw
69671709920,624.0,0,1,raw
69672325920,616.0,0,1,raw
69672941917,615.997,0,1,raw
69673581918,640.001,0,1,raw
69674205920,624.002,0,1,raw
69674845920,640.0,0,1,raw
69675469917,623.997,0,1,raw
69676085921,616.004,0,1,raw
69676669920,583.999,0,1,raw
69677269917,599.997,0,1,raw
69677877916,607.999,0,1,raw
69678461918,584.002,0,1,raw
69679029921,568.003,0,1,raw
69679597920,567.999,0,1,raw
69680189920,592.0,0,1,raw
69680813921,624.001,0,1,raw
69681469917,655.996,0,1,raw
69682181920,712.003,0,1,raw
69682925918,743.998,0,1,raw
69683661920,736.002,0,1,raw
69684389916,727.996,0,1,raw
69685149916,760.0,0,1,raw
69685885920,736.004,0,1,raw
69686613917,727.997,0,1,raw
69687341920,728.003,0,1,raw
69688069920,728.0,0,1,raw
69688837920,768.0,0,1,raw
69689557920,720.0,0,1,raw
69690277921,720.001,0,1,raw
69691005920,727.999,0,1,raw
69691725917,719.997,0,1,raw
69692469920,744.003,0,1,raw
69693181917,711.997,0,1,raw
69693885917,704.0,0,1,raw
69694597917,712.0,0,1,raw
69695277917,680.0,0,1,raw
69695957921,680.004,0,1,raw
69696661920,703.999,0,1,raw
69697365917,703.997,0,1,raw
69698037917,672.0,0,1,raw
69698725920,688.003,0,1,raw
69699429920,704.0,0,1,raw
69700117920,688.0,0,1,raw
69700781920,664.0,0,1,raw
69701445920,664.0,0,1,raw
69702093917,647.997,0,1,raw
69702725921,632.004,0,1,raw
69703349921,624.0,0,1,raw
69703989919,639.998,0,1,raw
69704637920,648.001,0,1,raw
69705333917,695.997,0,1,raw
69706077921,744.004,0,1,raw
69706829920,751.999,0,1,raw
69707629917,799.997,0,1,raw
69708437920,808.003,0,1,raw
69709245917,807.997,0,1,raw
69710021920,776.003,0,1,raw
69710805920,784.0,0,1,raw
69711549921,744.001,0,1,raw
69712245917,695.996,0,1,raw
69712949917,704.0,0,1,raw
69713661921,712.004,0,1,raw
69714405920,743.999,0,1,raw
69715109916,703.996,0,1,raw
69715837920,728.004,0,1,raw
69716581920,744.0,0,1,raw
69717309921,728.001,0,1,raw
69718021920,711.999,0,1,raw
69718709920,688.0,0,1,raw
69719437917,727.997,0,1,raw
69720141920,704.003,0,1,raw
69720869920,728.0,0,1,raw
69721605917,735.997,0,1,raw
69722341918,736.001,0,1,raw
69723013920,672.002,0,1,raw
69723669920,656.0,0,1,raw
69724341920,672.0,0,1,raw
69724989921,648.001,0,1,raw
69725629921,640.0,0,1,raw
69726285920,655.999,0,1,raw
69726893920,608.0,0,1,raw
69727525921,632.001,0,1,raw
69728165918,639.997,0,1,raw
69728829920,664.002,0,1,raw
69729485917,655.997,0,1,raw
69730149920,664.003,0,1,raw
69730845916,695.996,0,1,raw
69731517920,672.004,0,1,raw
69732189920,672.0,0,1,raw
69732861920,672.0,0,1,raw
69733509921,648.001,0,1,raw
69734165917,655.996,0,1,raw
69734845920,680.003,0,1,raw
69735541920,696.0,0,1,raw
69736269917,727.997,0,1,raw
69736981916,711.999,0,1,raw
69737701920,720.004,0,1,raw
69738349917,647.997,0,1,raw
69738989918,640.001,0,1,raw
69739629920,640.002,0,1,raw
69740269917,639.997,0,1,raw
69740909920,640.003,0,1,raw
69741549917,639.997,0,1,raw
69742237918,688.001,0,1,raw
69742917920,680.002,0,1,raw
69743597921,680.001,0,1,raw
69744301920,703.999,0,1,raw
69745053920,752.0,0,1,raw
69745789920,736.0,0,1,raw
69746541920,752.0,0,1,raw
69747269920,728.0,0,1,raw
69747973920,704.0,0,1,raw
69748661920,688.0,0,1,raw
69749301917,639.997,0,1,raw
69749933920,632.003,0,1,raw
69750541920,608.0,0,1,raw
69751189920,648.0,0,1,raw
69751869921,680.001,0,1,raw
69752565920,695.999,0,1,raw
69753277918,711.998,0,1,raw
69754021918,744.0,0,1,raw
69754741920,720.002,0,1,raw
69755477921,736.001,0,1,raw
69756197920,719.999,0,1,raw
69756917921,720.001,0,1,raw
69757637920,719.999,0,1,raw
69758325920,688.0,0,1,raw
69759029921,704.001,0,1,raw
69759717920,687.999,0,1,raw
69760397916,679.996,0,1,raw
69761029920,632.004,0,1,raw
69761637916,607.996,0,1,raw
69762221917,584.001,0,1,raw
69762789921,568.004,0,1,raw
69763397921,608.0,0,1,raw
69764061917,663.996,0,1,raw
69764717920,656.003,0,1,raw
69765389920,672.0,0,1,raw
69766085918,695.998,0,1,raw
69766765920,680.002,0,1,raw
69767421920,656.0,0,1,raw
69768117920,696.0,0,1,raw
69768813917,695.997,0,1,raw
69769525920,712.003,0,1,raw
69770165920,640.0,0,1,raw
69770829921,664.001,0,1,raw
69771469920,639.999,0,1,raw
69772117917,647.997,0,1,raw
69772773921,656.004,0,1,raw
69773405920,631.999,0,1,raw
69774029920,624.0,0,1,raw
69774693920,664.0,0,1,raw
69775381920,688.0,0,1,raw
69776037921,656.001,0,1,raw
69776773918,735.997,0,1,raw
69777461918,688.0,0,1,raw
69778181921,720.003,0,1,raw
69778901920,719.999,0,1,raw
69779645917,743.997,0,1,raw
69780365916,719.999,0,1,raw
69781109920,744.004,0,1,raw
69781853920,744.0,0,1,raw
69782613917,759.997,0,1,raw
69783341917,728.0,0,1,raw
69784053919,712.002,0,1,raw
69784781917,727.998,0,1,raw
69785509918,728.001,0,1,raw
69786237921,728.003,0,1,raw
69786949920,711.999,0,1,raw
69787653918,703.998,0,1,raw
69788365917,711.999,0,1,raw
69789085917,720.0,0,1,raw
69789805916,719.999,0,1,raw
69790557921,752.005,0,1,raw
69791301920,743.999,0,1,raw
69791997916,695.996,0,1,raw
69792701917,704.001,0,1,raw
69793413920,712.003,0,1,raw
69794101920,688.0,0,1,raw
69794813917,711.997,0,1,raw
69795517920,704.003,0,1,raw
69796253916,735.996,0,1,raw
69796909920,656.004,0,1,raw
69797605920,696.0,0,1,raw
69798309918,703.998,0,1,raw
69798981920,672.002,0,1,raw
69799677917,695.997,0,1,raw
69800389920,712.003,0,1,raw
69801077921,688.001,0,1,raw
69801781918,703.997,0,1,raw
69802477920,696.002,0,1,raw
69803173918,695.998,0,1,raw
69803893920,720.002,0,1,raw
69804613917,719.997,0,1,raw
69805301920,688.003,0,1,raw
69805989918,687.998,0,1,raw
69806669919,680.001,0,1,raw
69807333921,664.002,0,1,raw
69808037917,703.996,0,1,raw
69808757916,719.999,0,1,raw
69809413920,656.004,0,1,raw
69810101920,688.0,0,1,raw
69810789919,687.999,0,1,raw
69811525920,736.001,0,1,raw
69812261920,736.0,0,1,raw
69812981920,720.0,0,1,raw
69813717918,735.998,0,1,raw
69814477918,760.0,0,1,raw
69815237921,760.003,0,1,raw
69815965920,727.999,0,1,raw
69816621917,655.997,0,1,raw
69817293918,672.001,0,1,raw
69817981920,688.002,0,1,raw
69818685920,704.0,0,1,raw
69819437920,752.0,0,1,raw
69820189918,751.998,0,1,raw
69820893917,703.999,0,1,raw
69821629916,735.999,0,1,raw
69822349920,720.004,0,1,raw
69823053918,703.998,0,1,raw
69823749918,696.0,0,1,raw
69824421919,672.001,0,1,raw
69825085920,664.001,0,1,raw
69825765918,679.998,0,1,raw
69826469921,704.003,0,1,raw
69827197920,727.999,0,1,raw
69827893920,696.0,0,1,raw
69828605920,712.0,0,1,raw
69829301917,695.997,0,1,raw
69829981920,680.003,0,1,raw
69830693918,711.998,0,1,raw
69831365918,672.0,0,1,raw
69832013920,648.002,0,1,raw
69832661917,647.997,0,1,raw
69833301917,640.0,0,1,raw
69833917916,615.999,0,1,raw
69834533921,616.005,0,1,raw
69835165920,631.999,0,1,raw
69835789920,624.0,0,1,raw
69836421917,631.997,0,1,raw
69837093916,671.999,0,1,raw
69837773918,680.002,0,1,raw
69838429918,656.0,0,1,raw
69839109917,679.999,0,1,raw
69839805920,696.003,0,1,raw
69840493920,688.0,0,1,raw
69841165920,672.0,0,1,raw
69841829920,664.0,0,1,raw
69842509921,680.001,0,1,raw
69843197916,687.995,0,1,raw
69843909920,712.004,0,1,raw
69844621920,712.0,0,1,raw
69845309916,687.996,0,1,raw
69845973917,664.001,0,1,raw
69846669921,696.004,0,1,raw
69847357916,687.995,0,1,raw
69848021920,664.004,0,1,raw
69848701920,680.0,0,1,raw
69849389920,688.0,0,1,raw
69850101920,712.0,0,1,raw
69850805920,704.0,0,1,raw
69851525920,720.0,0,1,raw
69852261920,736.0,0,1,raw
69852965920,704.0,0,1,raw
69853653919,687.999,0,1,raw
69854357920,704.001,0,1,raw
69855029917,671.997,0,1,raw
69855693920,664.003,0,1,raw
69856357920,664.0,0,1,raw
69857037920,680.0,0,1,raw
69857717917,679.997,0,1,raw
69858357920,640.003,0,1,raw
69859029920,672.0,0,1,raw
69859685920,656.0,0,1,raw
69860365920,680.0,0,1,raw
69861053921,688.001,0,1,raw
69861765917,711.996,0,1,raw
69862477916,711.999,0,1,raw
69863205920,728.004,0,1,raw
69863909916,703.996,0,1,raw
69864581917,672.001,0,1,raw
69865253920,672.003,0,1,raw
69865949916,695.996,0,1,raw
69866637920,688.004,0,1,raw
69867333921,696.001,0,1,raw
69867989920,655.999,0,1,raw
69868677918,687.998,0,1,raw
69869381920,704.002,0,1,raw
69870085917,703.997,0,1,raw
69870765917,680.0,0,1,raw
69871429920,664.003,0,1,raw
69872125917,695.997,0,1,raw
69872845920,720.003,0,1,raw
69873557920,712.0,0,1,raw
69874277917,719.997,0,1,raw
69874973918,696.001,0,1,raw
69875693920,720.002,0,1,raw
69876397921,704.001,0,1,raw
69877085920,687.999,0,1,raw
69877797920,712.0,0,1,raw
69878493920,696.0,0,1,raw
69879149920,656.0,0,1,raw
69879805917,655.997,0,1,raw
69880461920,656.003,0,1,raw
69881085920,624.0,0,1,raw
69881701920,616.0,0,1,raw
69882349920,648.0,0,1,raw
69882981921,632.001,0,1,raw
69883605920,623.999,0,1,raw
69884277917,671.997,0,1,raw
69884957920,680.003,0,1,raw
69885621920,664.0,0,1,raw
69886333921,712.001,0,1,raw
69887021918,687.997,0,1,raw
69887757920,736.002,0,1,raw
69888445921,688.001,0,1,raw
69889149920,703.999,0,1,raw
69889829920,680.0,0,1,raw
69890509918,679.998,0,1,raw
69891157921,648.003,0,1,raw
69891821920,663.999,0,1,raw
69892485920,664.0,0,1,raw
69893157920,672.0,0,1,raw
69893765921,608.001,0,1,raw
69894373921,608.0,0,1,raw
69894965918,591.997,0,1,raw
69895573920,608.002,0,1,raw
69896245916,671.996,0,1,raw
69896901920,656.004,0,1,raw
69897541920,640.0,0,1,raw
69898197920,656.0,0,1,raw
69898845918,647.998,0,1,raw
69899517918,672.0,0,1,raw
69900157917,639.999,0,1,raw
69900837920,680.003,0,1,raw
69901517920,680.0,0,1,raw
69902197920,680.0,0,1,raw
69902869918,671.998,0,1,raw
69903549918,680.0,0,1,raw
69904237918,688.0,0,1,raw
69904925920,688.002,0,1,raw
69905613920,688.0,0,1,raw
69906301918,687.998,0,1,raw
69906989921,688.003,0,1,raw
69907669920,679.999,0,1,raw
69908341920,672.0,0,1,raw
69909005918,663.998,0,1,raw
69909685920,680.002,0,1,raw
69910365918,679.998,0,1,raw
69911029917,663.999,0,1,raw
69911709917,680.0,0,1,raw
69912405920,696.003,0,1,raw
69913109917,703.997,0,1,raw
69913813920,704.003,0,1,raw
69914477918,663.998,0,1,raw
69915133920,656.002,0,1,raw
69915805920,672.0,0,1,raw
69916493920,688.0,0,1,raw
69917189920,696.0,0,1,raw
69917861917,671.997,0,1,raw
69918549920,688.003,0,1,raw
69919237918,687.998,0,1,raw
69919917920,680.002,0,1,raw
69920589921,672.001,0,1,raw
69921245920,655.999,0,1,raw
69921917917,671.997,0,1,raw
69922613920,696.003,0,1,raw
69923309920,696.0,0,1,raw
69923965918,655.998,0,1,raw
69924653918,688.0,0,1,raw
69925333920,680.002,0,1,raw
69926053918,719.998,0,1,raw
69926813920,760.002,0,1,raw
69927525917,711.997,0,1,raw
69928253921,728.004,0,1,raw
69928949917,695.996,0,1,raw
69929621920,672.003,0,1,raw
69930285920,664.0,0,1,raw
69930981918,695.998,0,1,raw
69931653920,672.002,0,1,raw
69932357920,704.0,0,1,raw
69932989918,631.998,0,1,raw
69933693921,704.003,0,1,raw
69934357920,663.999,0,1,raw
69935021920,664.0,0,1,raw
69935709918,687.998,0,1,raw
69936397921,688.003,0,1,raw
69937061920,663.999,0,1,raw
69937733920,672.0,0,1,raw
69938421918,687.998,0,1,raw
69939133918,712.0,0,1,raw
69939813918,680.0,0,1,raw
69940469920,656.002,0,1,raw
69941165917,695.997,0,1,raw
69941829917,664.0,0,1,raw
69942469920,640.003,0,1,raw
69943165916,695.996,0,1,raw
69943821918,656.002,0,1,raw
69944469917,647.999,0,1,raw
69945109918,640.001,0,1,raw
69945757918,648.0,0,1,raw
69946389921,632.003,0,1,raw
69947085920,695.999,0,1,raw
69948213920,624.0,0,1,raw
69948757921,544.001,0,1,raw
69949557918,603.998,1,0,long_short_pair
69949965917,603.998,1,0,long_short_pair
69950589920,624.003,0,1,raw
69951237917,647.997,0,1,raw
69951957917,720.0,0,1,raw
69952629920,672.003,0,1,raw
69953325918,695.998,0,1,raw
69954045918,720.0,0,1,raw
69954717919,672.001,0,1,raw
69955405920,688.001,0,1,raw
69956141920,736.0,0,1,raw
69956797917,655.997,0,1,raw
69957461920,664.003,0,1,raw
69958133920,672.0,0,1,raw
69958813916,679.996,0,1,raw
69959477918,664.002,0,1,raw
69960149920,672.002,0,1,raw
69960837918,687.998,0,1,raw
69961525920,688.002,0,1,raw
69962189920,664.0,0,1,raw
69962909920,720.0,0,1,raw
69963597917,687.997,0,1,raw
69964301919,704.002,0,1,raw
69965021920,720.001,0,1,raw
69965733918,711.998,0,1,raw
69966413920,680.002,0,1,raw
69967165918,751.998,0,1,raw
69967861916,695.998,0,1,raw
69968581920,720.004,0,1,raw
69969277920,696.0,0,1,raw
69970013918,735.998,0,1,raw
69970741920,728.002,0,1,raw
69971453920,712.0,0,1,raw
69972157920,704.0,0,1,raw
69972877921,720.001,0,1,raw
69973589917,711.996,0,1,raw
69974309920,720.003,0,1,raw
69975037920,728.0,0,1,raw
69975757920,720.0,0,1,raw
69976453918,695.998,0,1,raw
69977165920,712.002,0,1,raw
69977885920,720.0,0,1,raw
69978637920,752.0,0,1,raw
69979381920,744.0,0,1,raw
69980133918,751.998,0,1,raw
69980821918,688.0,0,1,raw
69981533918,712.0,0,1,raw
69982237920,704.002,0,1,raw
69982949917,711.997,0,1,raw
69983597920,648.003,0,1,raw
69984269920,672.0,0,1,raw
69984957921,688.001,0,1,raw
69985669920,711.999,0,1,raw
69986421916,751.996,0,1,raw
69987213920,792.004,0,1,raw
69987925920,712.0,0,1,raw
69988653920,728.0,0,1,raw
69989397920,744.0,0,1,raw
69990189917,791.997,0,1,raw
69990965919,776.002,0,1,raw
69991709921,744.002,0,1,raw
69992469921,760.0,0,1,raw
69993213920,743.999,0,1,raw
69993957920,744.0,0,1,raw
69994661917,703.997,0,1,raw
69995333920,672.003,0,1,raw
69996037920,704.0,0,1,raw
69996725916,687.996,0,1,raw
69997429917,704.001,0,1,raw
69998125920,696.003,0,1,raw
69998773920,648.0,0,1,raw
69999477920,704.0,0,1,raw
70000181920,704.0,0,1,raw
70000869920,688.0,0,1,raw
70001565920,696.0,0,1,raw
70002301920,736.0,0,1,raw
70002989920,688.0,0,1,raw
70003653920,664.0,0,1,raw
70004333920,680.0,0,1,raw
70004973920,640.0,0,1,raw
70005637920,664.0,0,1,raw
70006285920,648.0,0,1,raw
70006933920,648.0,0,1,raw
70007589920,656.0,0,1,raw
70008197918,607.998,0,1,raw
70008853920,656.002,0,1,raw
70009501920,648.0,0,1,raw
70010181918,679.998,0,1,raw
70010877920,696.002,0,1,raw
70011549920,672.0,0,1,raw
70012229917,679.997,0,1,raw
70012885920,656.003,0,1,raw
70013549920,664.0,0,1,raw
70014197920,648.0,0,1,raw
70014813920,616.0,0,1,raw
70015469918,655.998,0,1,raw
70016141916,671.998,0,1,raw
70016909918,768.002,0,1,raw
70018077918,655.998,0,1,raw
70018789920,712.002,0,1,raw
70019461917,671.997,0,1,raw
70020125918,664.001,0,1,raw
70020813920,688.002,0,1,raw
70021469920,656.0,0,1,raw
70022109920,640.0,0,1,raw
70022733920,624.0,0,1,raw
70023349920,616.0,0,1,raw
70023973918,623.998,0,1,raw
70024613916,639.998,0,1,raw
70025229920,616.004,0,1,raw
70025869918,639.998,0,1,raw
70026509920,640.002,0,1,raw
70027157920,648.0,0,1,raw
70027829920,672.0,0,1,raw
70028493920,664.0,0,1,raw
70029165921,672.001,0,1,raw
70029821920,655.999,0,1,raw
70030477916,655.996,0,1,raw
70031133920,656.004,0,1,raw
70031797920,664.0,0,1,raw
70032453920,656.0,0,1,raw
70033109917,655.997,0,1,raw
70033765917,656.0,0,1,raw
70034341919,576.002,0,1,raw
70034933920,592.001,0,1,raw
70035533918,599.998,0,1,raw
70036093920,560.002,0,1,raw
70036653917,559.997,0,1,raw
70037237917,584.0,0,1,raw
70037797916,559.999,0,1,raw
70038373917,576.001,0,1,raw
70038949920,576.003,0,1,raw
70039557920,608.0,0,1,raw
70040173920,616.0,0,1,raw
70040869917,695.997,0,1,raw
70041589920,720.003,0,1,raw
70042365920,776.0,0,1,raw
70043189919,823.999,0,1,raw
70043973918,783.999,0,1,raw
70044765920,792.002,0,1,raw
70045509920,744.0,0,1,raw
70046277920,768.0,0,1,raw
70047021918,743.998,0,1,raw
70047741920,720.002,0,1,raw
70048437916,695.996,0,1,raw
70049125921,688.005,0,1,raw
70049829920,703.999,0,1,raw
70050541920,712.0,0,1,raw
70051349920,808.0,0,1,raw
70052157920,808.0,0,1,raw
70052973917,815.997,0,1,raw
70053717920,744.003,0,1,raw
70054477920,760.0,0,1,raw
70055229920,752.0,0,1,raw
70055957920,728.0,0,1,raw
70056749918,791.998,0,1,raw
70057533920,784.002,0,1,raw
70058261916,727.996,0,1,raw
70059029917,768.001,0,1,raw
70059797920,768.003,0,1,raw
70060541920,744.0,0,1,raw
70061245916,703.996,0,1,raw
70061989920,744.004,0,1,raw
70062765916,775.996,0,1,raw
70063445921,680.005,0,1,raw
70064205918,759.997,0,1,raw
70064957918,752.0,0,1,raw
70065717920,760.002,0,1,raw
70066549921,832.001,0,1,raw
70067365920,815.999,0,1,raw
70068157921,792.001,0,1,raw
70068925916,767.995,0,1,raw
70069661920,736.004,0,1,raw
70070389917,727.997,0,1,raw
70071077917,688.0,0,1,raw
70071829916,751.999,0,1,raw
70072549918,720.002,0,1,raw
70073277917,727.999,0,1,raw
70074029921,752.004,0,1,raw
70074749920,719.999,0,1,raw
70075509920,760.0,0,1,raw
70076261920,752.0,0,1,raw
70076973920,712.0,0,1,raw
70077637916,663.996,0,1,raw
70078333920,696.004,0,1,raw
70079053918,719.998,0,1,raw
70079781916,727.998,0,1,raw
70080493917,712.001,0,1,raw
70081253917,760.0,0,1,raw
70082325920,767.9994999999999,1,0,long_short_pair
70082789916,767.9994999999999,1,0,long_short_pair
70083581917,792.001,0,1,raw
70084373918,792.001,0,1,raw
70085261920,888.002,0,1,raw
70086061916,799.996,0,1,raw
70086885920,824.004,0,1,raw
70087685921,800.001,0,1,raw
70088453920,767.999,0,1,raw
70089181920,728.0,0,1,raw
70089917921,736.001,0,1,raw
70090637921,720.0,0,1,raw
70091309918,671.997,0,1,raw
70092029920,720.002,0,1,raw
70092693918,663.998,0,1,raw
70093389920,696.002,0,1,raw
70094125918,735.998,0,1,raw
70094829916,703.998,0,1,raw
70095525920,696.004,0,1,raw
70096181919,655.999,0,1,raw
70096837920,656.001,0,1,raw
70097573916,735.996,0,1,raw
70098277918,704.002,0,1,raw
70098997918,720.0,0,1,raw
70099741920,744.002,0,1,raw
70100509921,768.001,0,1,raw
70101221916,711.995,0,1,raw
70101885920,664.004,0,1,raw
70102589918,703.998,0,1,raw
70103301917,711.999,0,1,raw
70104013921,712.004,0,1,raw
70104701920,687.999,0,1,raw
70105453920,752.0,0,1,raw
70106165920,712.0,0,1,raw
70106885920,720.0,0,1,raw
70107653920,768.0,0,1,raw
70108333921,680.001,0,1,raw
70109061917,727.996,0,1,raw
70109821920,760.003,0,1,raw
70110509920,688.0,0,1,raw
70111213920,704.0,0,1,raw
70111933920,720.0,0,1,raw
70112653920,720.0,0,1,raw
70113341918,687.998,0,1,raw
70114021920,680.002,0,1,raw
70114725917,703.997,0,1,raw
70115413920,688.003,0,1,raw
70116101916,687.996,0,1,raw
70116797920,696.004,0,1,raw
70117509920,712.0,0,1,raw
70118237920,728.0,0,1,raw
70118973920,736.0,0,1,raw
70119765920,792.0,0,1,raw
70120565918,799.998,0,1,raw
70121309920,744.002,0,1,raw
70122077918,767.998,0,1,raw
70122845921,768.003,0,1,raw
70123597920,751.999,0,1,raw
70124373920,776.0,0,1,raw
70125149918,775.998,0,1,raw
70125957920,808.002,0,1,raw
70126733918,775.998,0,1,raw
70127581917,847.999,0,1,raw
70128461918,880.001,0,1,raw
70129325917,863.999,0,1,raw
70130165918,840.001,0,1,raw
70130997917,831.999,0,1,raw
70131829920,832.003,0,1,raw
70132589918,759.998,0,1,raw
70133349920,760.002,0,1,raw
70134117921,768.001,0,1,raw
70134861917,743.996,0,1,raw
70135597920,736.003,0,1,raw
70136373918,775.998,0,1,raw
70137141920,768.002,0,1,raw
70137949920,808.0,0,1,raw
70138821920,872.0,0,1,raw
70139749920,928.0,0,1,raw
70141605920,912.0,0,1,raw
70142469917,863.997,0,1,raw
70143277920,808.003,0,1,raw
70144045917,767.997,0,1,raw
70144813920,768.003,0,1,raw
70145589920,776.0,0,1,raw
70146341916,751.996,0,1,raw
70147125916,784.0,0,1,raw
70147941920,816.004,0,1,raw
70148741917,799.997,0,1,raw
70149509920,768.003,0,1,raw
70150349918,839.998,0,1,raw
70151221920,872.002,0,1,raw
70152125920,904.0,0,1,raw
70153013916,887.996,0,1,raw
70153957920,944.004,0,1,raw
70154869920,912.0,0,1,raw
70155709920,840.0,0,1,raw
70156525918,815.998,0,1,raw
70157349920,824.002,0,1,raw
70158189921,840.001,0,1,raw
70158917920,727.999,0,1,raw
70159597920,680.0,0,1,raw
70160277917,679.997,0,1,raw
70160973920,696.003,0,1,raw
70161733917,759.997,0,1,raw
70162461920,728.003,0,1,raw
70163293920,832.0,0,1,raw
70164085920,792.0,0,1,raw
70164949920,864.0,0,1,raw
70165797920,848.0,0,1,raw
70166581920,784.0,0,1,raw
70167405920,824.0,0,1,raw
70168213916,807.996,0,1,raw
70168989920,776.004,0,1,raw
70169749920,760.0,0,1,raw
70170453918,703.998,0,1,raw
70171197917,743.999,0,1,raw
70171973917,776.0,0,1,raw
70172725921,752.004,0,1,raw
70173485921,760.0,0,1,raw
70174237918,751.997,0,1,raw
70175037920,800.002,0,1,raw
70175789920,752.0,0,1,raw
70176581920,792.0,0,1,raw
70177341918,759.998,0,1,raw
70178053918,712.0,0,1,raw
70178789921,736.003,0,1,raw
70179517921,728.0,0,1,raw
70180237917,719.996,0,1,raw
70180997920,760.003,0,1,raw
70181805919,807.999,0,1,raw
70182565920,760.001,0,1,raw
70183333920,768.0,0,1,raw
70184117917,783.997,0,1,raw
70184933917,816.0,0,1,raw
70185653917,720.0,0,1,raw
70186357920,704.003,0,1,raw
70187077918,719.998,0,1,raw
70187789920,712.002,0,1,raw
70188493920,704.0,0,1,raw
70189221921,728.001,0,1,raw
70189949918,727.997,0,1,raw
70190677917,727.999,0,1,raw
70191453920,776.003,0,1,raw
70192229920,776.0,0,1,raw
70192981920,752.0,0,1,raw
70193749917,767.997,0,1,raw
70194517920,768.003,0,1,raw
70195277920,760.0,0,1,raw
70196061920,784.0,0,1,raw
70196837920,776.0,0,1,raw
70197645918,807.998,0,1,raw
70198501920,856.002,0,1,raw
70199397920,896.0,0,1,raw
70200245920,848.0,0,1,raw
70201109920,864.0,0,1,raw
70201965920,856.0,0,1,raw
70202773917,807.997,0,1,raw
70203589921,816.004,0,1,raw
70204445918,855.997,0,1,raw
70205269920,824.002,0,1,raw
70206037921,768.001,0,1,raw
70206749920,711.999,0,1,raw
70207461916,711.996,0,1,raw
70208213920,752.004,0,1,raw
70208981920,768.0,0,1,raw
70209757916,775.996,0,1,raw
70210589920,832.004,0,1,raw
70211517917,927.997,0,1,raw
70212437920,920.003,0,1,raw
70213365916,927.996,0,1,raw
70214245921,880.005,0,1,raw
70215101920,855.999,0,1,raw
70215965920,864.0,0,1,raw
70216821919,855.999,0,1,raw
70217653916,831.997,0,1,raw
70218509920,856.004,0,1,raw
70219381918,871.998,0,1,raw
70220165920,784.002,0,1,raw
70220981921,816.001,0,1,raw
70221789920,807.999,0,1,raw
70222557921,768.001,0,1,raw
70223357920,799.999,0,1,raw
70224165920,808.0,0,1,raw
70224973917,807.997,0,1,raw
70225805920,832.003,0,1,raw
70226653918,847.998,0,1,raw
70227469917,815.999,0,1,raw
70228301920,832.003,0,1,raw
70229101921,800.001,0,1,raw
70229869920,767.999,0,1,raw
70230637917,767.997,0,1,raw
70231429920,792.003,0,1,raw
70232181920,752.0,0,1,raw
70232821916,639.996,0,1,raw
70233517920,696.004,0,1,raw
70234213921,696.001,0,1,raw
70234909919,695.998,0,1,raw
70235669920,760.001,0,1,raw
70236437921,768.001,0,1,raw
70237197920,759.999,0,1,raw
70237989920,792.0,0,1,raw
70238773920,784.0,0,1,raw
70239509920,736.0,0,1,raw
70240205920,696.0,0,1,raw
70240893917,687.997,0,1,raw
70241581920,688.003,0,1,raw
70242277920,696.0,0,1,raw
70242949917,671.997,0,1,raw
70243637920,688.003,0,1,raw
70244341921,704.001,0,1,raw
70245045921,704.0,0,1,raw
70245741919,695.998,0,1,raw
70246477918,735.999,0,1,raw
70247213920,736.002,0,1,raw
70247917918,703.998,0,1,raw
70248629920,712.002,0,1,raw
70249357920,728.0,0,1,raw
70250029921,672.001,0,1,raw
70250677921,648.0,0,1,raw
70251333920,655.999,0,1,raw
70251989920,656.0,0,1,raw
70252661918,671.998,0,1,raw
70253333918,672.0,0,1,raw
70253997920,664.002,0,1,raw
70254677918,679.998,0,1,raw
70255333917,655.999,0,1,raw
70255997920,664.003,0,1,raw
70256677918,679.998,0,1,raw
70257357920,680.002,0,1,raw
70258013920,656.0,0,1,raw
70258653919,639.999,0,1,raw
70259293920,640.001,0,1,raw
70259949921,656.001,0,1,raw
70260621920,671.999,0,1,raw
70261301920,680.0,0,1,raw
70261997920,696.0,0,1,raw
70262693920,696.0,0,1,raw
70263413918,719.998,0,1,raw
70264125920,712.002,0,1,raw
70264797920,672.0,0,1,raw
70265493921,696.001,0,1,raw
70266181917,687.996,0,1,raw
70266877920,696.003,0,1,raw
70267549920,672.0,0,1,raw
70268245920,696.0,0,1,raw
70268933916,687.996,0,1,raw
70269645920,712.004,0,1,raw
70270317920,672.0,0,1,raw
70271021920,704.0,0,1,raw
70271733920,712.0,0,1,raw
70272453920,720.0,0,1,raw
70273141918,687.998,0,1,raw
70273837916,695.998,0,1,raw
70274517917,680.001,0,1,raw
70275181920,664.003,0,1,raw
70275829919,647.999,0,1,raw
70276509920,680.001,1,0,false_peak_merge
70277173920,664.0,0,1,raw
70277805917,631.997,0,1,raw
70278477918,672.001,0,1,raw
70279157916,679.998,0,1,raw
70279797917,640.001,0,1,raw
70280453918,656.001,0,1,raw
70281125921,672.003,0,1,raw
70281805921,680.0,0,1,raw
70282477920,671.999,0,1,raw
70283165917,687.997,0,1,raw
70283885916,719.999,0,1,raw
70284653920,768.004,0,1,raw
70285381918,727.998,0,1,raw
70286117921,736.003,0,1,raw
70286845920,727.999,0,1,raw
70287581920,736.0,0,1,raw
70288293921,712.001,0,1,raw
70288981917,687.996,0,1,raw
70289677920,696.003,0,1,raw
70290333920,656.0,0,1,raw
70290981918,647.998,0,1,raw
70291597921,616.003,0,1,raw
70292245916,647.995,0,1,raw
70292925916,680.0,0,1,raw
70293661916,736.0,0,1,raw
70294413920,752.004,0,1,raw
70295157919,743.999,0,1,raw
70295869916,711.997,0,1,raw
70296589917,720.001,0,1,raw
70297333917,744.0,0,1,raw
70298053918,720.001,0,1,raw
70298789917,735.999,0,1,raw
70299461920,672.003,0,1,raw
70300149920,688.0,0,1,raw
70300837920,688.0,0,1,raw
70301485916,647.996,0,1,raw
70302037920,552.004,0,1,raw
70302629920,592.0,0,1,raw
70303213920,584.0,0,1,raw
70303781920,568.0,0,1,raw
70304349918,567.998,0,1,raw
70304917920,568.002,0,1,raw
70305509920,592.0,0,1,raw
70306133918,623.998,0,1,raw
70306749921,616.003,0,1,raw
70307357920,607.999,0,1,raw
70307933920,576.0,0,1,raw
70308493918,559.998,0,1,raw
70309069920,576.002,0,1,raw
70309629917,559.997,0,1,raw
70310213921,584.004,0,1,raw
70310797920,583.999,0,1,raw
70311421921,624.001,0,1,raw
70312021918,599.997,0,1,raw
70312661920,640.002,0,1,raw
70313285916,623.996,0,1,raw
70313933916,648.0,1,0,false_peak_merge
70314605920,672.004,0,1,raw
70315301916,695.996,0,1,raw
70316005916,704.0,0,1,raw
70316669920,664.004,0,1,raw
70317341921,672.001,0,1,raw
70318029918,687.997,0,1,raw
70318741916,711.998,0,1,raw
70319477917,736.001,0,1,raw
70320165918,688.001,0,1,raw
70320869917,703.999,0,1,raw
70321589920,720.003,0,1,raw
70322333918,743.998,0,1,raw
70323093918,760.0,0,1,raw
70323829916,735.998,0,1,raw
70324573920,744.004,0,1,raw
70325341921,768.001,0,1,raw
70326125918,783.997,0,1,raw
70326909921,784.003,0,1,raw
70327661920,751.999,0,1,raw
70328421920,760.0,0,1,raw
70329197916,775.996,0,1,raw
70329965920,768.004,0,1,raw
70330725917,759.997,0,1,raw
70331501920,776.003,0,1,raw
70332285918,783.998,0,1,raw
70333029921,744.003,0,1,raw
70333829918,799.997,0,1,raw
70334581920,752.002,0,1,raw
70335301916,719.996,0,1,raw
70336069917,768.001,0,1,raw
70336829920,760.003,0,1,raw
70337605920,776.0,0,1,raw
70338381920,776.0,0,1,raw
70339149915,767.995,0,1,raw
70339909916,760.001,0,1,raw
70340653920,744.004,0,1,raw
70341333918,679.998,0,1,raw
70342069920,736.002,0,1,raw
70342797916,727.996,0,1,raw
70343517919,720.003,0,1,raw
70344261920,744.001,0,1,raw
70344997920,736.0,0,1,raw
70345749917,751.997,0,1,raw
70346453920,704.003,0,1,raw
70347141917,687.997,0,1,raw
70347893918,752.001,0,1,raw
70348533920,640.002,0,1,raw
70349197921,664.001,0,1,raw
70349893919,695.998,0,1,raw
70351061920,695.999,0,1,raw
70351789917,727.997,0,1,raw
70352557920,768.003,0,1,raw
70353365920,808.0,0,1,raw
70354149920,784.0,0,1,raw
70354893920,744.0,0,1,raw
70355677920,784.0,0,1,raw
70356485920,808.0,0,1,raw
70357261921,776.001,0,1,raw
70358069920,807.999,0,1,raw
70358845918,775.998,0,1,raw
70359693920,848.002,0,1,raw
70360509917,815.997,0,1,raw
70361317920,808.003,0,1,raw
70362053920,736.0,0,1,raw
70362877920,824.0,0,1,raw
70363677917,799.997,0,1,raw
70364485920,808.003,0,1,raw
70365261920,776.0,0,1,raw
70365941920,680.0,0,1,raw
70366685920,744.0,0,1,raw
70367341916,655.996,0,1,raw
70367973920,632.004,0,1,raw
70368621917,647.997,0,1,raw
70369221918,600.001,0,1,raw
70369853921,632.003,0,1,raw
70370501920,647.999,0,1,raw
70371133920,632.0,0,1,raw
70371781920,648.0,0,1,raw
70372461920,680.0,0,1,raw
70373173920,712.0,0,1,raw
70373893916,719.996,0,1,raw
70374637917,744.001,0,1,raw
70375293920,656.003,0,1,raw
70375973918,679.998,0,1,raw
70376661917,687.999,0,1,raw
70377405919,744.002,0,1,raw
70378165920,760.001,0,1,raw
70378909917,743.997,0,1,raw
70379645919,736.002,0,1,raw
70380365917,719.998,0,1,raw
70381077920,712.003,0,1,raw
70381805920,728.0,0,1,raw
70382549920,744.0,0,1,raw
70383285920,736.0,0,1,raw
70384061918,775.998,0,1,raw
70384805921,744.003,0,1,raw
70385493916,687.995,0,1,raw
70386229917,736.001,0,1,raw
70386949920,720.003,0,1,raw
70387685921,736.001,0,1,raw
70388397918,711.997,0,1,raw
70389109920,712.002,0,1,raw
70389845917,735.997,0,1,raw
70390597920,752.003,0,1,raw
70391365916,767.996,0,1,raw
70392189916,824.0,0,1,raw
70392997920,808.004,0,1,raw
70393805920,808.0,0,1,raw
70394597920,792.0,0,1,raw
70395325920,728.0,0,1,raw
70396053918,727.998,0,1,raw
70396789920,736.002,0,1,raw
70397581920,792.0,0,1,raw
70398349920,768.0,0,1,raw
70399085920,736.0,0,1,raw
70399869920,784.0,0,1,raw
70400629920,760.0,0,1,raw
70401389920,760.0,0,1,raw
70402149918,759.998,0,1,raw
70402901920,752.002,0,1,raw
70403645920,744.0,0,1,raw
70404341920,696.0,0,1,raw
70404997920,656.0,0,1,raw
70405733920,736.0,0,1,raw
70406517919,783.999,0,1,raw
70407269920,752.001,0,1,raw
70408053917,783.997,0,1,raw
70408845917,792.0,0,1,raw
70409613916,767.999,0,1,raw
70410357919,744.003,0,1,raw
70411117920,760.001,0,1,raw
70411853920,736.0,0,1,raw
70412613917,759.997,0,1,raw
70413397917,784.0,0,1,raw
70414101921,704.004,0,1,raw
70414837918,735.997,0,1,raw
70415557920,720.002,0,1,raw
70416317921,760.001,0,1,raw
70417077918,759.997,0,1,raw
70417813920,736.002,0,1,raw
70418589917,775.997,0,1,raw
70419357916,767.999,0,1,raw
70420085920,728.004,0,1,raw
70420869916,783.996,0,1,raw
70421613920,744.004,0,1,raw
70422373920,760.0,0,1,raw
70423141920,768.0,0,1,raw
70423853916,711.996,0,1,raw
70424605920,752.004,0,1,raw
70425341920,736.0,0,1,raw
70426093921,752.001,0,1,raw
70426861917,767.996,0,1,raw
70427613921,752.004,0,1,raw
70428373920,759.999,0,1,raw
70429085920,712.0,0,1,raw
70429797920,712.0,0,1,raw
70430517916,719.996,0,1,raw
70431261918,744.002,0,1,raw
70432005916,743.998,0,1,raw
70432789920,784.004,0,1,raw
70433549918,759.998,0,1,raw
70434285917,735.999,0,1,raw
70434997916,711.999,0,1,raw
70435701921,704.005,0,1,raw
70436317917,615.996,0,1,raw
70437005918,688.001,0,1,raw
70437693921,688.003,0,1,raw
70438381917,687.996,0,1,raw
70439109920,728.003,0,1,raw
70439861920,752.0,0,1,raw
70440589917,727.997,0,1,raw
70441309920,720.003,0,1,raw
70442061921,752.001,0,1,raw
70442821920,759.999,0,1,raw
70443533920,712.0,0,1,raw
70444285920,752.0,0,1,raw
70445005916,719.996,0,1,raw
70445733917,728.001,0,1,raw
70446421920,688.003,0,1,raw
70447093917,671.997,0,1,raw
70447725921,632.004,0,1,raw
70448365920,639.999,0,1,raw
70449021920,656.0,0,1,raw
70449637920,616.0,0,1,raw
70450253920,616.0,0,1,raw
70450901916,647.996,0,1,raw
70451589920,688.004,0,1,raw
70452333918,743.998,0,1,raw
70453077920,744.002,0,1,raw
70453845917,767.997,0,1,raw
70454613920,768.003,0,1,raw
70455397920,784.0,0,1,raw
70456173919,775.999,0,1,raw
70456877920,704.001,0,1,raw
70457573917,695.997,0,1,raw
70458253917,680.0,0,1,raw
70458893920,640.003,0,1,raw
70459589917,695.997,0,1,raw
70460301920,712.003,0,1,raw
70461053918,751.998,0,1,raw
70461829917,775.999,0,1,raw
70462565917,736.0,0,1,raw
70463237920,672.003,0,1,raw
70463909919,671.999,0,1,raw
70464669921,760.002,0,1,raw
70465381920,711.999,0,1,raw
70466085918,703.998,0,1,raw
70466805920,720.002,0,1,raw
70467533920,728.0,0,1,raw
70468213919,679.999,0,1,raw
70468861917,647.998,0,1,raw
70469469917,608.0,0,1,raw
70470061916,591.999,0,1,raw
70470741917,680.001,0,1,raw
70471477920,736.003,0,1,raw
70472221920,744.0,0,1,raw
70472957917,735.997,0,1,raw
70473701916,743.999,0,1,raw
70474413917,712.001,0,1,raw
70475101917,688.0,0,1,raw
70475829921,728.004,0,1,raw
70476533918,703.997,0,1,raw
70477189920,656.002,0,1,raw
70477885918,695.998,0,1,raw
70478581920,696.002,0,1,raw
70479277920,696.0,0,1,raw
70479933920,656.0,0,1,raw
70480637916,703.996,0,1,raw
70481325915,687.999,0,1,raw
70482045919,720.004,0,1,raw
70482773920,728.001,0,1,raw
70483541920,768.0,0,1,raw
70484277917,735.997,0,1,raw
70485045920,768.003,0,1,raw
70485829921,784.001,0,1,raw
70486565920,735.999,0,1,raw
70487325920,760.0,0,1,raw
70488117918,791.998,0,1,raw
70488821920,704.002,0,1,raw
70489549918,727.998,0,1,raw
70490285921,736.003,0,1,raw
70491005920,719.999,0,1,raw
70491749920,744.0,0,1,raw
70492469920,720.0,0,1,raw
70493189920,720.0,0,1,raw
70493869918,679.998,0,1,raw
70494525917,655.999,0,1,raw
70495189920,664.003,0,1,raw
70495829920,640.0,0,1,raw
70496477917,647.997,0,1,raw
70497165917,688.0,0,1,raw
70497869920,704.003,0,1,raw
70498637920,768.0,0,1,raw
70499421920,784.0,0,1,raw
70500181920,760.0,0,1,raw
70500989920,808.0,0,1,raw
70501741920,752.0,0,1,raw
70502469920,728.0,0,1,raw
70503205916,735.996,0,1,raw
70503949920,744.004,0,1,raw
70504661921,712.001,0,1,raw
70505397916,735.995,0,1,raw
70506133920,736.004,0,1,raw
70506869920,736.0,0,1,raw
70507629920,760.0,0,1,raw
70508349918,719.998,0,1,raw
70509093917,743.999,0,1,raw
70509757916,663.999,0,1,raw
70510485918,728.002,0,1,raw
70511189920,704.002,0,1,raw
70511861920,672.0,0,1,raw
70512613920,752.0,0,1,raw
70513365921,752.001,0,1,raw
70514173921,808.0,0,1,raw
70515013920,839.999,0,1,raw
70515821920,808.0,0,1,raw
70516661920,840.0,0,1,raw
70517437920,776.0,0,1,raw
70518229920,792.0,0,1,raw
70518973921,744.001,0,1,raw
70519773918,799.997,0,1,raw
70520549920,776.002,0,1,raw
70521277921,728.001,0,1,raw
70522013917,735.996,0,1,raw
70522789920,776.003,0,1,raw
70523613920,824.0,0,1,raw
70524421920,808.0,0,1,raw
70525205920,784.0,0,1,raw
70526093916,887.996,0,1,raw
70526941917,848.001,0,1,raw
70527789920,848.003,0,1,raw
70528469918,679.998,0,1,raw
70529221917,751.999,0,1,raw
70529941920,720.003,0,1,raw
70530645920,704.0,0,1,raw
70531317920,672.0,0,1,raw
70532029920,712.0,0,1,raw
70532757920,728.0,0,1,raw
70533493919,735.999,0,1,raw
70534205920,712.001,0,1,raw
70534973917,767.997,0,1,raw
70535773921,800.004,0,1,raw
70536493920,719.999,0,1,raw
70537205920,712.0,0,1,raw
70537949917,743.997,0,1,raw
70538677917,728.0,0,1,raw
70539357920,680.003,0,1,raw
70540045920,688.0,0,1,raw
70540749921,704.001,0,1,raw
70541509920,759.999,0,1,raw
70542253918,743.998,0,1,raw
70542981920,728.002,0,1,raw
70543725917,743.997,0,1,raw
70544493918,768.001,0,1,raw
70545197917,703.999,0,1,raw
70545917918,720.001,0,1,raw
70546669917,751.999,0,1,raw
70547437921,768.004,0,1,raw
70548165918,727.997,0,1,raw
70548957920,792.002,0,1,raw
70549725920,768.0,0,1,raw
70550453917,727.997,0,1,raw
70551189920,736.003,0,1,raw
70551941920,752.0,0,1,raw
70552693920,752.0,0,1,raw
70553413920,720.0,0,1,raw
70554117919,703.999,0,1,raw
70554837920,720.001,0,1,raw
70555597920,760.0,0,1,raw
70556373920,776.0,0,1,raw
70557157920,784.0,0,1,raw
70557949916,791.996,0,1,raw
70558733920,784.004,0,1,raw
70559493920,760.0,0,1,raw
70560189916,695.996,0,1,raw
70560885920,696.004,0,1,raw
70561605920,720.0,0,1,raw
70562293917,687.997,0,1,raw
70562965920,672.003,0,1,raw
70563621921,656.001,0,1,raw
70564301921,680.0,0,1,raw
70565021916,719.995,0,1,raw
70565701920,680.004,0,1,raw
70566429920,728.0,0,1,raw
70567149921,720.001,0,1,raw
70567845920,695.999,0,1,raw
70568589920,744.0,0,1,raw
70569357918,767.998,0,1,raw
70570037920,680.002,0,1,raw
70570725920,688.0,0,1,raw
70571381918,655.998,0,1,raw
70572077920,696.002,0,1,raw
70572765921,688.001,0,1,raw
70573429917,663.996,0,1,raw
70574109921,680.004,0,1,raw
70574797918,687.997,0,1,raw
70575469920,672.002,0,1,raw
70576133917,663.997,0,1,raw
70576845917,712.0,0,1,raw
70577573920,728.003,0,1,raw
70578325920,752.0,0,1,raw
70579045917,719.997,0,1,raw
70579765920,720.003,0,1,raw
70580501920,736.0,0,1,raw
70581157917,655.997,0,1,raw
70581837920,680.003,0,1,raw
70582517920,680.0,0,1,raw
70583181920,664.0,0,1,raw
70583845920,664.0,0,1,raw
70584557920,712.0,0,1,raw
70585325920,768.0,0,1,raw
70586061920,736.0,0,1,raw
70586821920,760.0,0,1,raw
70587613920,792.0,0,1,raw
70588389920,776.0,0,1,raw
70589125920,736.0,0,1,raw
70589877917,751.997,0,1,raw
70590661918,784.001,0,1,raw
70591437917,775.999,0,1,raw
70592173920,736.003,0,1,raw
70592909920,736.0,0,1,raw
70593621921,712.001,0,1,raw
70594253920,631.999,0,1,raw
70594885921,632.001,0,1,raw
70595477920,591.999,0,1,raw
70596101921,624.001,0,1,raw
70596709920,607.999,0,1,raw
70597325917,615.997,0,1,raw
70597989920,664.003,0,1,raw
70598613917,623.997,0,1,raw
70599221917,608.0,0,1,raw
70599869921,648.004,0,1,raw
70600517918,647.997,0,1,raw
70601253920,736.002,0,1,raw
70601973920,720.0,0,1,raw
70602669919,695.999,0,1,raw
70603373920,704.001,0,1,raw
70604101920,728.0,0,1,raw
70604805920,704.0,0,1,raw
70605501918,695.998,0,1,raw
70606117921,616.003,0,1,raw
70606781918,663.997,0,1,raw
70607445917,663.999,0,1,raw
70608117917,672.0,0,1,raw
70608757918,640.001,0,1,raw
70609397920,640.002,0,1,raw
70610061918,663.998,0,1,raw
70610709918,648.0,0,1,raw
70611357921,648.003,0,1,raw
70612021921,664.0,0,1,raw
70612685918,663.997,0,1,raw
70613333920,648.002,0,1,raw
70613997917,663.997,0,1,raw
70614661920,664.003,0,1,raw
70615309917,647.997,0,1,raw
70615941920,632.003,0,1,raw
70616565920,624.0,0,1,raw
70617197920,632.0,0,1,raw
70617821920,624.0,0,1,raw
70618453920,632.0,0,1,raw
70619173921,720.001,0,1,raw
70619973920,799.999,0,1,raw
70620861920,888.0,0,1,raw
70621757916,895.996,0,1,raw
70622629918,872.002,0,1,raw
70623413919,784.001,0,1,raw
70624213918,799.999,0,1,raw
70625077920,864.002,0,1,raw
70625965920,888.0,0,1,raw
70626861920,896.0,0,1,raw
70627629920,768.0,0,1,raw
70628381918,751.998,0,1,raw
70629125920,744.002,0,1,raw
70629813921,688.001,0,1,raw
70630509920,695.999,0,1,raw
70631221920,712.0,0,1,raw
70631933920,712.0,0,1,raw
70632645920,712.0,0,1,raw
70633317921,672.001,0,1,raw
70633965920,647.999,0,1,raw
70634621918,655.998,0,1,raw
70635277918,656.0,0,1,raw
70635877921,600.003,0,1,raw
70636493916,615.995,0,1,raw
70637133921,640.005,0,1,raw
70637797920,663.999,0,1,raw
70638485920,688.0,0,1,raw
70639157918,671.998,0,1,raw
70639805920,648.002,0,1,raw
70640477917,671.997,0,1,raw
70641133917,656.0,0,1,raw
70641797920,664.003,0,1,raw
70642461918,663.998,0,1,raw
70643077918,616.0,0,1,raw
70643749920,672.002,0,1,raw
70644397917,647.997,0,1,raw
70645029919,632.002,0,1,raw
70645685920,656.001,0,1,raw
70646317917,631.997,0,1,raw
70646957920,640.003,0,1,raw
70647613918,655.998,0,1,raw
70648293918,680.0,0,1,raw
70649061920,768.002,0,1,raw
70649645920,584.0005,1,0,missed_beat_split
70650229921,584.0005,1,0,missed_beat_split
70650957917,727.996,0,1,raw
70651613921,656.004,0,1,raw
70652205918,591.997,0,1,raw
70652781919,576.001,0,1,raw
70653365920,584.001,0,1,raw
70653949917,583.997,0,1,raw
70654533920,584.003,0,1,raw
70655125918,591.998,0,1,raw
70655797918,672.0,0,1,raw
70656509918,712.0,0,1,raw
70657213920,704.002,0,1,raw
70657949920,736.0,0,1,raw
70658653920,704.0,0,1,raw
70659349920,696.0,0,1,raw
70659997916,647.996,0,1,raw
70660685920,688.004,0,1,raw
70661397918,711.998,0,1,raw
70662085919,688.001,0,1,raw
70662781920,696.001,0,1,raw
70663437920,656.0,0,1,raw
70664085919,647.999,0,1,raw
70664781921,696.002,0,1,raw
70665453917,671.996,0,1,raw
70666141917,688.0,0,1,raw
70666813917,672.0,0,1,raw
70667573920,760.003,0,1,raw
70668285920,712.0,0,1,raw
70669077920,792.0,0,1,raw
70669829920,752.0,0,1,raw
70670589920,760.0,0,1,raw
70671341920,752.0,0,1,raw
70672141917,799.997,0,1,raw
70672893921,752.004,0,1,raw
70673637918,743.997,0,1,raw
70674733921,1096.003,0,1,raw
70675733920,999.999,0,1,raw
70676605916,871.996,0,1,raw
70677445920,840.004,0,1,raw
70678205918,759.998,0,1,raw
70678949920,744.002,0,1,raw
70679701916,751.996,0,1,raw
70680517920,816.004,0,1,raw
70681389917,871.997,0,1,raw
70682245920,856.003,0,1,raw
70683077917,831.997,0,1,raw
70683901920,824.003,0,1,raw
70684669919,767.999,0,1,raw
70685389920,720.001,0,1,raw
70686093920,704.0,0,1,raw
70686805918,711.998,0,1,raw
70687501917,695.999,0,1,raw
70688189920,688.003,0,1,raw
70688853920,664.0,0,1,raw
70689581920,728.0,0,1,raw
70690293921,712.001,0,1,raw
70690949920,655.999,0,1,raw
70691629920,680.0,0,1,raw
70692309920,680.0,0,1,raw
70693005920,696.0,0,1,raw
70693741921,736.001,0,1,raw
70694437920,695.999,0,1,raw
70695197917,759.997,0,1,raw
70695949920,752.003,0,1,raw
70696773918,823.998,0,1,raw
70697533920,760.002,0,1,raw
70698317920,784.0,0,1,raw
70699125916,807.996,0,1,raw
70699725920,600.004,0,1,raw
70700365918,639.998,0,1,raw
70701061919,696.001,0,1,raw
70701693918,631.999,0,1,raw
70702341919,648.001,0,1,raw
70702965920,624.001,0,1,raw
70703613920,648.0,0,1,raw
70704277920,664.0,0,1,raw
70704997918,719.998,0,1,raw
70705781917,783.999,0,1,raw
70706701920,920.003,0,1,raw
70707693920,992.0,0,1,raw
70708677920,984.0,0,1,raw
70709573918,895.998,0,1,raw
70710477917,903.999,0,1,raw
70711381920,904.003,0,1,raw
70712205920,824.0,0,1,raw
70713045920,840.0,0,1,raw
70713965918,919.998,0,1,raw
70714925920,960.002,0,1,raw
70715813921,888.001,0,1,raw
70716661916,847.995,0,1,raw
70717509920,848.004,0,1,raw
70718381920,872.0,0,1,raw
70719197918,815.998,0,1,raw
70719949917,751.999,0,1,raw
70720725920,776.003,0,1,raw
70721509920,784.0,0,1,raw
70722229917,719.997,0,1,raw
70722965918,736.001,0,1,raw
70723757917,791.999,0,1,raw
70724549920,792.003,0,1,raw
70725349920,800.0,0,1,raw
70726173917,823.997,0,1,raw
70727021920,848.003,0,1,raw
70727837920,816.0,0,1,raw
70728717920,880.0,0,1,raw
70729629921,912.001,0,1,raw
70730485920,855.999,0,1,raw
70731309920,824.0,0,1,raw
70732133916,823.996,0,1,raw
70732989920,856.004,0,1,raw
70733789918,799.998,0,1,raw
70734597919,808.001,0,1,raw
70735461920,864.001,0,1,raw
70736445917,983.997,0,1,raw
70737365920,920.003,0,1,raw
70738285917,919.997,0,1,raw
70739181920,896.003,0,1,raw
70740021920,840.0,0,1,raw
70740885920,864.0,0,1,raw
70741709918,823.998,0,1,raw
70742493920,784.002,0,1,raw
70743285920,792.0,0,1,raw
70744085916,799.996,0,1,raw
70744885920,800.004,0,1,raw
70745669921,784.001,0,1,raw
70746413916,743.995,0,1,raw
70747141920,728.004,0,1,raw
70747869921,728.001,0,1,raw
70748621916,751.995,0,1,raw
70749405920,784.004,0,1,raw
70750173918,767.998,0,1,raw
70750925920,752.002,0,1,raw
70751725916,799.996,0,1,raw
70752589920,864.004,0,1,raw
70753357920,768.0,0,1,raw
70754165919,807.999,0,1,raw
70754989920,824.001,0,1,raw
70755725921,736.001,0,1,raw
70756429920,703.999,0,1,raw
70757173920,744.0,0,1,raw
70757893917,719.997,0,1,raw
70758621920,728.003,0,1,raw
70759341921,720.001,0,1,raw
70760125917,783.996,0,1,raw
70760901920,776.003,0,1,raw
70761637917,735.997,0,1,raw
70762373917,736.0,0,1,raw
70763149920,776.003,0,1,raw
70763933920,784.0,0,1,raw
70764693920,760.0,0,1,raw
70765445920,752.0,0,1,raw
70766221921,776.001,0,1,raw
70767005920,783.999,0,1,raw
70767693916,687.996,0,1,raw
70768413916,720.0,0,1,raw
70769149920,736.004,0,1,raw
70769917918,767.998,0,1,raw
70770677918,760.0,0,1,raw
70771477916,799.998,0,1,raw
70772285921,808.005,0,1,raw
70773101920,815.999,0,1,raw
70773869920,768.0,0,1,raw
70774613920,744.0,0,1,raw
70775381917,767.997,0,1,raw
70776109920,728.003,0,1,raw
70776837917,727.997,0,1,raw
70777597920,760.003,0,1,raw
70778309917,711.997,0,1,raw
70779053917,744.0,0,1,raw
70779821916,767.999,0,1,raw
70780581920,760.004,0,1,raw
70781349920,768.0,0,1,raw
70782141921,792.001,0,1,raw
70782853921,712.0,0,1,raw
70783597919,743.998,0,1,raw
70784365920,768.001,0,1,raw
70785165920,800.0,0,1,raw
70785901918,735.998,0,1,raw
70786645920,744.002,0,1,raw
70787405918,759.998,0,1,raw
70788101917,695.999,0,1,raw
70788781920,680.003,0,1,raw
70789437918,655.998,0,1,raw
70790109918,672.0,0,1,raw
70790773917,663.999,0,1,raw
70791541919,768.002,0,1,raw
70792253919,712.0,0,1,raw
70793053920,800.001,0,1,raw
70793869916,815.996,0,1,raw
70794621920,752.004,0,1,raw
70795429920,808.0,0,1,raw
70796245920,816.0,0,1,raw
70797037921,792.001,0,1,raw
70797773921,736.0,0,1,raw
70798621920,847.999,0,1,raw
70799437918,815.998,0,1,raw
70800221921,784.003,0,1,raw
70801037920,815.999,0,1,raw
70801789920,752.0,0,1,raw
70802525916,735.996,0,1,raw
70803301920,776.004,0,1,raw
70803957921,656.001,0,1,raw
70804757916,799.995,0,1,raw
70805501918,744.002,0,1,raw
70806197917,695.999,0,1,raw
70807037921,840.004,0,1,raw
70807877920,839.999,0,1,raw
70808701921,824.001,0,1,raw
70809549920,847.999,0,1,raw
70810317920,768.0,0,1,raw
70811245917,927.997,0,1,raw
70812093918,848.001,0,1,raw
70812949920,856.002,0,1,raw
70813693921,744.001,1,0,false_peak_merge
70814501920,807.999,1,0,false_peak_merge
70815269921,768.001,0,1,raw
70816069921,800.0,0,1,raw
70816797916,727.995,0,1,raw
70817589917,792.001,0,1,raw
70818357920,768.003,0,1,raw
70819109920,752.0,0,1,raw
70819949921,840.001,0,1,raw
70820741916,791.995,0,1,raw
70821581920,840.004,0,1,raw
70822365918,783.998,0,1,raw
70823109920,744.002,0,1,raw
70823909920,800.0,0,1,raw
70824741917,831.997,0,1,raw
70825501917,760.0,0,1,raw
70826253921,752.004,0,1,raw
70826581920,327.999,0,1,raw
70827061918,479.998,0,1,raw
70827573920,512.002,0,1,raw
70828037919,463.999,0,1,raw
70828485918,447.999,0,1,raw
70829213917,727.999,0,1,raw
70829965920,752.003,0,1,raw
70830733918,767.998,0,1,raw
70831237921,504.003,0,1,raw
70831549920,311.999,0,1,raw
70832341919,791.999,0,1,raw
70833157917,815.998,0,1,raw
70833861921,704.004,0,1,raw
70834549920,687.999,0,1,raw
70835269920,720.0,0,1,raw
70835957921,688.001,0,1,raw
70836677921,720.0,0,1,raw
70837325920,647.999,0,1,raw
70837973920,648.0,0,1,raw
70838589920,616.0,0,1,raw
70839365921,776.001,0,1,raw
70840117921,752.0,0,1,raw
70840805920,687.999,0,1,raw
70841461920,656.0,0,1,raw
70842125920,664.0,0,1,raw
70842821920,696.0,0,1,raw
70843549920,728.0,0,1,raw
70844309920,760.0,0,1,raw
70845093918,783.998,0,1,raw
70845877920,784.002,0,1,raw
70846589920,712.0,0,1,raw
70847309921,720.001,0,1,raw
70848053918,743.997,0,1,raw
70848845920,792.002,0,1,raw
70849637920,792.0,0,1,raw
70850469920,832.0,0,1,raw
70851261917,791.997,0,1,raw
70852013920,752.003,0,1,raw
70852749918,735.998,0,1,raw
70853477918,728.0,0,1,raw
70854189916,711.998,0,1,raw
70854949920,760.004,0,1,raw
70855757920,808.0,0,1,raw
70856589920,832.0,0,1,raw
70857389920,800.0,0,1,raw
70858229920,840.0,0,1,raw
70859109920,880.0,0,1,raw
70860005920,896.0,0,1,raw
70860925916,919.996,0,1,raw
70861869917,944.001,0,1,raw
70862821920,952.003,0,1,raw
70863781920,960.0,0,1,raw
70864645918,863.998,0,1,raw
70865477918,832.0,0,1,raw
70866301917,823.999,0,1,raw
70867157920,856.003,0,1,raw
70867965918,807.998,0,1,raw
70868805920,840.002,0,1,raw
70869661921,856.001,0,1,raw
70870485917,823.996,0,1,raw
70871333920,848.003,0,1,raw
70872189920,856.0,0,1,raw
70873021920,832.0,0,1,raw
70873861917,839.997,0,1,raw
70874685916,823.999,0,1,raw
70875477920,792.004,0,1,raw
70876261917,783.997,0,1,raw
70877005920,744.003,0,1,raw
70877789920,784.0,0,1,raw
70878509920,720.0,0,1,raw
70879301921,792.001,0,1,raw
70880109917,807.996,0,1,raw
70880893920,784.003,0,1,raw
70881709918,815.998,0,1,raw
70882541920,832.002,0,1,raw
70883373917,831.997,0,1,raw
70884293920,920.003,0,1,raw
70885229920,936.0,0,1,raw
70886101920,872.0,0,1,raw
70886981916,879.996,0,1,raw
70887853920,872.004,0,1,raw
70888709916,855.996,0,1,raw
70889581917,872.001,0,1,raw
70890445920,864.003,0,1,raw
70891253921,808.001,0,1,raw
70892069920,815.999,0,1,raw
70892917920,848.0,0,1,raw
70893813920,896.0,0,1,raw
70894653920,840.0,0,1,raw
70895533920,880.0,0,1,raw
70896445918,911.998,0,1,raw
70897285920,840.002,0,1,raw
70898117921,832.001,0,1,raw
70898965918,847.997,0,1,raw
70899773920,808.002,0,1,raw
70900605920,832.0,0,1,raw
70901461920,856.0,0,1,raw
70902285917,823.997,0,1,raw
70903125917,840.0,0,1,raw
70903949917,824.0,0,1,raw
70904725920,776.003,0,1,raw
70905517920,792.0,0,1,raw
70906373921,856.001,0,1,raw
70907285920,911.999,0,1,raw
70908141920,856.0,0,1,raw
70909021917,879.997,0,1,raw
70909933920,912.003,0,1,raw
70910829917,895.997,0,1,raw
70911701918,872.001,0,1,raw
70912589920,888.002,0,1,raw
70913469917,879.997,0,1,raw
70914341916,871.999,0,1,raw
70915221920,880.004,0,1,raw
70916141920,920.0,0,1,raw
70917061920,920.0,0,1,raw
70917909920,848.0,0,1,raw
70918757916,847.996,0,1,raw
70919573920,816.004,0,1,raw
70920333916,759.996,0,1,raw
70921109916,776.0,0,1,raw
70921917920,808.004,0,1,raw
70922701920,784.0,0,1,raw
70923493920,792.0,0,1,raw
70924301918,807.998,0,1,raw
70925093921,792.003,0,1,raw
70925877920,783.999,0,1,raw
70926677916,799.996,0,1,raw
70927493921,816.005,0,1,raw
70928269921,776.0,0,1,raw
70928989920,719.999,0,1,raw
70929693920,704.0,0,1,raw
70930365920,672.0,0,1,raw
70930997920,632.0,0,1,raw
70931637920,640.0,0,1,raw
70932269920,632.0,0,1,raw
70932917917,647.997,0,1,raw
70933541921,624.004,0,1,raw
70934181921,640.0,0,1,raw
70934877920,695.999,0,1,raw
70935525921,648.001,0,1,raw
70936173916,647.995,0,1,raw
70936845918,672.002,0,1,raw
70937509920,664.002,0,1,raw
70938133920,624.0,0,1,raw
70938789916,655.996,0,1,raw
70939421920,632.004,0,1,raw
70940069920,648.0,0,1,raw
70940701920,632.0,0,1,raw
70941357920,656.0,0,1,raw
70942013920,656.0,0,1,raw
70942629921,616.001,0,1,raw
70943277918,647.997,0,1,raw
70943917920,640.002,0,1,raw
70944581920,664.0,0,1,raw
70945269920,688.0,0,1,raw
70945973917,703.997,0,1,raw
70946669918,696.001,0,1,raw
70947349918,680.0,0,1,raw
70948045917,695.999,0,1,raw
70948757917,712.0,0,1,raw
70949493917,736.0,0,1,raw
70950213920,720.003,0,1,raw
70950909920,696.0,0,1,raw
70951661917,751.997,0,1,raw
70952429921,768.004,0,1,raw
70953221921,792.0,0,1,raw
70953981921,760.0,0,1,raw
70954717917,735.996,0,1,raw
70955493920,776.003,0,1,raw
70956285917,791.997,0,1,raw
70957077920,792.003,0,1,raw
70957821920,744.0,0,1,raw
70958573918,751.998,0,1,raw
70959349920,776.002,0,1,raw
70960077917,727.997,0,1,raw
70960797920,720.003,0,1,raw
70961533917,735.997,0,1,raw
70962277920,744.003,0,1,raw
70962997920,720.0,0,1,raw
70963717920,720.0,0,1,raw
70964437920,720.0,0,1,raw
70965181920,744.0,0,1,raw
70965893920,712.0,0,1,raw
70966597916,703.996,0,1,raw
70967285920,688.004,0,1,raw
70967981920,696.0,0,1,raw
70968653921,672.001,0,1,raw
70969325920,671.999,0,1,raw
70969981920,656.0,0,1,raw
70970645917,663.997,0,1,raw
70971317920,672.003,0,1,raw
70971981920,664.0,0,1,raw
70972605920,624.0,0,1,raw
70973277920,672.0,0,1,raw
70973973918,695.998,0,1,raw
70974693920,720.002,0,1,raw
70975405920,712.0,0,1,raw
70976133916,727.996,0,1,raw
70976861918,728.002,0,1,raw
70977613921,752.003,0,1,raw
70978301920,687.999,0,1,raw
70978981920,680.0,0,1,raw
70979709920,728.0,0,1,raw
70980421920,712.0,0,1,raw
70981117917,695.997,0,1,raw
70981813917,696.0,0,1,raw
70982509920,696.003,0,1,raw
70983245917,735.997,0,1,raw
70983949920,704.003,0,1,raw
70984677920,728.0,0,1,raw
70985421920,744.0,0,1,raw
70986189921,768.001,0,1,raw
70986973920,783.999,0,1,raw
70987813920,840.0,0,1,raw
70988605920,792.0,0,1,raw
70989381921,776.001,0,1,raw
70990149920,767.999,0,1,raw
70990941920,792.0,0,1,raw
70991749917,807.997,0,1,raw
70992541920,792.003,0,1,raw
70993357920,816.0,0,1,raw
70994165920,808.0,0,1,raw
70994941920,776.0,0,1,raw
70995733920,792.0,0,1,raw
70996525921,792.001,0,1,raw
70997325921,800.0,0,1,raw
70998101920,775.999,0,1,raw
70998917920,816.0,0,1,raw
70999733920,816.0,0,1,raw
71000541920,808.0,0,1,raw
71001317920,776.0,0,1,raw
71002101921,784.001,0,1,raw
71002869920,767.999,0,1,raw
71003589920,720.0,0,1,raw
71004341921,752.001,0,1,raw
71005077920,735.999,0,1,raw
71005797917,719.997,0,1,raw
71006533920,736.003,0,1,raw
71007293920,760.0,0,1,raw
71008061919,767.999,0,1,raw
71008805916,743.997,0,1,raw
71009605920,800.004,0,1,raw
71010405920,800.0,0,1,raw
71011189920,784.0,0,1,raw
71011933919,743.999,0,1,raw
71012685920,752.001,0,1,raw
71013421921,736.001,0,1,raw
71014149921,728.0,0,1,raw
71014845921,696.0,0,1,raw
71015557920,711.999,0,1,raw
71016309920,752.0,0,1,raw
71017085920,776.0,0,1,raw
71017829921,744.001,0,1,raw
71018597920,767.999,0,1,raw
71019381920,784.0,0,1,raw
71020173921,792.001,0,1,raw
71020901920,727.999,0,1,raw
71021669921,768.001,0,1,raw
71022429921,760.0,0,1,raw
71023205920,775.999,0,1,raw
71023933916,727.996,0,1,raw
71024653920,720.004,0,1,raw
71025373917,719.997,0,1,raw
71026021920,648.003,0,1,raw
71026693916,671.996,0,1,raw
71027389920,696.004,0,1,raw
71028101920,712.0,0,1,raw
71028733918,631.998,0,1,raw
71029405917,671.999,0,1,raw
71030157918,752.001,0,1,raw
71030741921,584.003,0,1,raw
71031405920,663.999,0,1,raw
71032061920,656.0,0,1,raw
71032693917,631.997,0,1,raw
71033357917,664.0,0,1,raw
71033949919,592.002,0,1,raw
71034597920,648.001,0,1,raw
71035189921,592.001,0,1,raw
71035805920,615.999,0,1,raw
71036413918,607.998,0,1,raw
71037013920,600.002,0,1,raw
71037605918,591.998,0,1,raw
71038221918,616.0,0,1,raw
71038813921,592.003,0,1,raw
71039437920,623.999,0,1,raw
71040053920,616.0,0,1,raw
71040677921,624.001,0,1,raw
71041333917,655.996,0,1,raw
71042013920,680.003,0,1,raw
71042701920,688.0,0,1,raw
71043365917,663.997,0,1,raw
71044013917,648.0,0,1,raw
71044701916,687.999,0,1,raw
71045381917,680.001,0,1,raw
71046085920,704.003,0,1,raw
71046789920,704.0,0,1,raw
71047549917,759.997,0,1,raw
71048261920,712.003,0,1,raw
71048957916,695.996,0,1,raw
71049693920,736.004,0,1,raw
71050445920,752.0,0,1,raw
71051229919,783.999,0,1,raw
71051957920,728.001,0,1,raw
71052701920,744.0,0,1,raw
71053469920,768.0,0,1,raw
71054277917,807.997,0,1,raw
71055077920,800.003,0,1,raw
71055853917,775.997,0,1,raw
71056645917,792.0,0,1,raw
71057357920,712.003,0,1,raw
71058117921,760.001,0,1,raw
71058917920,799.999,0,1,raw
71059669920,752.0,0,1,raw
71060421918,751.998,0,1,raw
71061221920,800.002,0,1,raw
71061957921,736.001,0,1,raw
71062653921,696.0,0,1,raw
71063381917,727.996,0,1,raw
71064109920,728.003,0,1,raw
71064789920,680.0,0,1,raw
71065533920,744.0,0,1,raw
71066277920,744.0,0,1,raw
71066989920,712.0,0,1,raw
71067685920,696.0,0,1,raw
71068389918,703.998,0,1,raw
71069101916,711.998,0,1,raw
71069837917,736.001,0,1,raw
71070621920,784.003,0,1,raw
71071469917,847.997,0,1,raw
71072317920,848.003,0,1,raw
71073221917,903.997,0,1,raw
71074173917,952.0,0,1,raw
71075117920,944.003,0,1,raw
71076021920,904.0,0,1,raw
71076853917,831.997,0,1,raw
71077669918,816.001,0,1,raw
71078477917,807.999,0,1,raw
71079237920,760.003,0,1,raw
71079981920,744.0,0,1,raw
71080797921,816.001,0,1,raw
71081613920,815.999,0,1,raw
71082421921,808.001,0,1,raw
71083221920,799.999,0,1,raw
71083989916,767.996,0,1,raw
71084717920,728.004,0,1,raw
71085501921,784.001,0,1,raw
71086277920,775.999,0,1,raw
71087037920,760.0,0,1,raw
71087765917,727.997,0,1,raw
71088517920,752.003,0,1,raw
71089261916,743.996,0,1,raw
71089981920,720.004,0,1,raw
71090749921,768.001,0,1,raw
71091501920,751.999,0,1,raw
71092237920,736.0,0,1,raw
71092949918,711.998,0,1,raw
71093709920,760.002,0,1,raw
71094453920,744.0,0,1,raw
71095261918,807.998,0,1,raw
71095997920,736.002,0,1,raw
71096733920,736.0,0,1,raw
71097485921,752.001,0,1,raw
71098253921,768.0,0,1,raw
71098949917,695.996,0,1,raw
71099701920,752.003,0,1,raw
71100437917,735.997,0,1,raw
71101197917,760.0,0,1,raw
71101893920,696.003,0,1,raw
71102589920,696.0,0,1,raw
71103309920,720.0,0,1,raw
71104029920,720.0,0,1,raw
71104757920,728.0,0,1,raw
71105493920,736.0,0,1,raw
71106237918,743.998,0,1,raw
71106965920,728.002,0,1,raw
71107629920,664.0,0,1,raw
71108317920,688.0,0,1,raw
71109053920,736.0,0,1,raw
71109709917,655.997,0,1,raw
71110381916,671.999,0,1,raw
71111101921,720.005,0,1,raw
71111805917,703.996,0,1,raw
71112525921,720.004,0,1,raw
71113197918,671.997,0,1,raw
71113941921,744.003,0,1,raw
71114621920,679.999,0,1,raw
71115317921,696.001,0,1,raw
71116045917,727.996,0,1,raw
71116733920,688.003,0,1,raw
71117397917,663.997,0,1,raw
71118109920,712.003,0,1,raw
71118813917,703.997,0,1,raw
71119533920,720.003,0,1,raw
71120245918,711.998,0,1,raw
71120909920,664.002,0,1,raw
71121565920,656.0,0,1,raw
71122229920,664.0,0,1,raw
71122869921,640.001,0,1,raw
71123493921,624.0,0,1,raw
71124085920,591.999,0,1,raw
71124813916,727.996,0,1,raw
71125549920,736.004,0,1,raw
71126221920,672.0,0,1,raw
71126949920,728.0,0,1,raw
71127653917,703.997,0,1,raw
71128309920,656.003,0,1,raw
71128981920,672.0,0,1,raw
71129677916,695.996,0,1,raw
71130389920,712.004,0,1,raw
71131157920,768.0,0,1,raw
71131821920,664.0,0,1,raw
71132549917,727.997,0,1,raw
71133253918,704.001,0,1,raw
71133933920,680.002,0,1,raw
71134661920,728.0,0,1,raw
71135397917,735.997,0,1,raw
71136173921,776.004,0,1,raw
71136925920,751.999,0,1,raw
71137637920,712.0,0,1,raw
71138325918,687.998,0,1,raw
71139037920,712.002,0,1,raw
71139765920,728.0,0,1,raw
71140485918,719.998,0,1,raw
71141245920,760.002,0,1,raw
71141989917,743.997,0,1,raw
71142749921,760.004,0,1,raw
71143525920,775.999,0,1,raw
71144293917,767.997,0,1,raw
71145013920,720.003,0,1,raw
71145765916,751.996,0,1,raw
71146557920,792.004,0,1,raw
71147293920,736.0,0,1,raw
71147997920,704.0,0,1,raw
71148725918,727.998,0,1,raw
71149461916,735.998,0,1,raw
71150173920,712.004,0,1,raw
71150909917,735.997,0,1,raw
71151597920,688.003,0,1,raw
71152333920,736.0,0,1,raw
71153085916,751.996,0,1,raw
71153885920,800.004,0,1,raw
71154669917,783.997,0,1,raw
71155533916,863.999,0,1,raw
71156381920,848.004,0,1,raw
71157181921,800.001,0,1,raw
71157917920,735.999,0,1,raw
71158677920,760.0,0,1,raw
71159421918,743.998,0,1,raw
71160189920,768.002,0,1,raw
71160877918,687.998,0,1,raw
71161653917,775.999,1,0,false_peak_merge
71162429920,776.003,0,1,raw
71163221920,792.0,0,1,raw
71163989917,767.997,0,1,raw
71164813920,824.003,0,1,raw
71165621917,807.997,0,1,raw
71166421916,799.999,0,1,raw
71167213921,792.005,0,1,raw
71168021920,807.999,0,1,raw
71168813921,792.001,0,1,raw
71169565917,751.996,0,1,raw
71170325920,760.003,0,1,raw
71171069920,744.0,0,1,raw
71171805919,735.999,0,1,raw
71172517921,712.002,0,1,raw
71173253916,735.995,0,1,raw
71173997920,744.004,0,1,raw
71174685917,687.997,0,1,raw
71175445921,760.004,0,1,raw
71176221920,775.999,0,1,raw
71176957920,736.0,0,1,raw
71177717917,759.997,0,1,raw
71178493920,776.003,0,1,raw
71179301918,807.998,0,1,raw
71180101920,800.002,0,1,raw
71180845917,743.997,0,1,raw
71181637917,792.0,0,1,raw
71182429920,792.003,0,1,raw
71183181920,752.0,0,1,raw
71183973917,791.997,0,1,raw
71184757920,784.003,0,1,raw
71185509916,751.996,0,1,raw
71186309921,800.005,0,1,raw
71187061920,751.999,0,1,raw
71187781918,719.998,0,1,raw
71188509920,728.002,0,1,raw
71189229917,719.997,0,1,raw
71189941920,712.003,0,1,raw
71190661920,720.0,0,1,raw
71191397916,735.996,0,1,raw
71192117920,720.004,0,1,raw
71192813920,696.0,0,1,raw
71193541920,728.0,0,1,raw
71194261918,719.998,0,1,raw
71195013917,751.999,0,1,raw
71195789920,776.003,0,1,raw
71196493920,704.0,0,1,raw
71197197920,704.0,0,1,raw
71197973920,776.0,0,1,raw
71198717921,744.001,0,1,raw
71199445921,728.0,0,1,raw
71200173916,727.995,0,1,raw
71200981920,808.004,0,1,raw
71201645920,664.0,0,1,raw
71202285921,640.001,0,1,raw
71202925920,639.999,0,1,raw
71203581918,655.998,0,1,raw
71204205921,624.003,0,1,raw
71204901917,695.996,0,1,raw
71205597920,696.003,0,1,raw
71206333916,735.996,0,1,raw
71207085920,752.004,0,1,raw
71207853917,767.997,0,1,raw
71208621920,768.003,0,1,raw
71209413920,792.0,0,1,raw
71210181920,768.0,0,1,raw
71210957917,775.997,0,1,raw
71211725918,768.001,0,1,raw
71212469916,743.998,0,1,raw
71213269920,800.004,0,1,raw
71214053919,783.999,0,1,raw
71214837920,784.001,0,1,raw
71215685920,848.0,0,1,raw
71216565920,880.0,0,1,raw
71217477920,912.0,0,1,raw
71218245920,768.0,0,1,raw
71219053917,807.997,0,1,raw
71219861919,808.002,0,1,raw
71220629920,768.001,0,1,raw
71221349920,720.0,0,1,raw
71222077918,727.998,0,1,raw
71222757920,680.002,0,1,raw
71223429920,672.0,0,1,raw
71224021920,592.0,0,1,raw
71224709921,688.001,0,1,raw
71225461918,751.997,0,1,raw
71226293920,832.002,0,1,raw
71227261921,968.001,0,1,raw
71228301921,1040.0,0,1,raw
71229285920,983.999,0,1,raw
71230277920,992.0,0,1,raw
71231277917,999.997,0,1,raw
71232245920,968.003,0,1,raw
71233149918,903.998,0,1,raw
71233997920,848.002,0,1,raw
71234861920,864.0,0,1,raw
71235725920,864.0,0,1,raw
71236573920,848.0,0,1,raw
71237381921,808.001,0,1,raw
71238189917,807.996,0,1,raw
71238981916,791.999,0,1,raw
71239749917,768.001,0,1,raw
71240573920,824.003,0,1,raw
71241413920,840.0,0,1,raw
71242277917,863.997,0,1,raw
71243141916,863.999,0,1,raw
71244029920,888.004,0,1,raw
71244853917,823.997,0,1,raw
71245677918,824.001,0,1,raw
71246421917,743.999,0,1,raw
71247173920,752.003,0,1,raw
71247909918,735.998,0,1,raw
71248653920,744.002,0,1,raw
71249397920,744.0,0,1,raw
71250093920,696.0,0,1,raw
71250805917,711.997,0,1,raw
71251517920,712.003,0,1,raw
71252229920,712.0,0,1,raw
71252965920,736.0,0,1,raw
71253749919,783.999,0,1,raw
71254493921,744.002,0,1,raw
71255277917,783.996,0,1,raw
71256061917,784.0,0,1,raw
71256821920,760.003,0,1,raw
71257581921,760.001,0,1,raw
71258309920,727.999,0,1,raw
71258981920,672.0,0,1,raw
71259677919,695.999,0,1,raw
71260373920,696.001,0,1,raw
71261053920,680.0,0,1,raw
71261749920,696.0,0,1,raw
71262485916,735.996,0,1,raw
71263229920,744.004,0,1,raw
71264045918,815.998,0,1,raw
71264893920,848.002,0,1,raw
71265701918,807.998,0,1,raw
71266517920,816.002,0,1,raw
71267325917,807.997,0,1,raw
71268101920,776.003,0,1,raw
71268861921,760.001,0,1,raw
71269597920,735.999,0,1,raw
71270293920,696.0,0,1,raw
71270949920,656.0,0,1,raw
71271605918,655.998,0,1,raw
71272253920,648.002,0,1,raw
71272861920,608.0,0,1,raw
71273485920,624.0,0,1,raw
71274181918,695.998,0,1,raw
71274845917,663.999,0,1,raw
71275541917,696.0,0,1,raw
71276237920,696.003,0,1,raw
71276925920,688.0,0,1,raw
71277589918,663.998,0,1,raw
71278269920,680.002,0,1,raw
71278965921,696.001,0,1,raw
71279677916,711.995,0,1,raw
71280357920,680.004,0,1,raw
71281013920,656.0,0,1,raw
71281701920,688.0,0,1,raw
71282349920,648.0,0,1,raw
71283053920,704.0,1,0,false_peak_merge
71283717917,663.997,0,1,raw
71284397921,680.004,0,1,raw
71285093920,695.999,0,1,raw
71285773920,680.0,0,1,raw
71286445918,671.998,0,1,raw
71287101920,656.002,0,1,raw
71287741921,640.001,0,1,raw
71288413917,671.996,0,1,raw
71289077917,664.0,0,1,raw
71289757920,680.003,0,1,raw
71290437916,679.996,0,1,raw
71291085918,648.002,0,1,raw
71291741920,656.002,0,1,raw
71292373920,632.0,0,1,raw
71293061920,688.0,0,1,raw
71293741920,680.0,0,1,raw
71294365920,624.0,0,1,raw
71295037921,672.001,0,1,raw
71295701921,664.0,0,1,raw
71296381917,679.996,0,1,raw
71297077920,696.003,0,1,raw
71297757920,680.0,0,1,raw
71298469917,711.997,0,1,raw
71299149921,680.004,0,1,raw
71299829920,679.999,0,1,raw
71300541918,711.998,0,1,raw
71301245920,704.002,0,1,raw
71301877918,631.998,0,1,raw
71302565920,688.002,0,1,raw
71303253920,688.0,0,1,raw
71303901916,647.996,0,1,raw
71304517917,616.001,0,1,raw
71305205920,688.003,0,1,raw
71305877920,672.0,0,1,raw
71306597920,720.0,0,1,raw
71307245920,648.0,0,1,raw
71307901920,656.0,0,1,raw
71308597917,695.997,0,1,raw
71309277920,680.003,0,1,raw
71309933920,656.0,0,1,raw
71310605917,671.997,0,1,raw
71311301920,696.003,0,1,raw
71311989917,687.997,0,1,raw
71312661916,671.999,0,1,raw
71313349916,688.0,0,1,raw
71314045920,696.004,0,1,raw
71314725921,680.001,0,1,raw
71315445917,719.996,0,1,raw
71316157919,712.002,0,1,raw
71316853920,696.001,0,1,raw
71317557921,704.001,0,1,raw
71318269920,711.999,0,1,raw
71319029920,760.0,0,1,raw
71319749921,720.001,0,1,raw
71320445917,695.996,0,1,raw
71321141920,696.003,0,1,raw
71321733918,591.998,0,1,raw
71322381916,647.998,0,1,raw
71323013920,632.004,0,1,raw
71323629920,616.0,0,1,raw
71324253918,623.998,0,1,raw
71324853920,600.002,0,1,raw
71325501920,648.0,0,1,raw
71326157920,656.0,0,1,raw
71326813918,655.998,0,1,raw
71327477918,664.0,0,1,raw
71328165916,687.998,0,1,raw
71328861916,696.0,0,1,raw
71329581920,720.004,0,1,raw
71330277916,695.996,0,1,raw
71330989920,712.004,0,1,raw
71331701920,712.0,0,1,raw
71332397920,696.0,0,1,raw
71333101920,704.0,0,1,raw
71333821920,720.0,0,1,raw
71334549920,728.0,0,1,raw
71335285920,736.0,0,1,raw
71336029920,744.0,0,1,raw
71336797920,768.0,0,1,raw
71337573917,775.997,0,1,raw
71338317920,744.003,0,1,raw
71339069920,752.0,0,1,raw
71339821917,751.997,0,1,raw
71340549917,728.0,0,1,raw
71341277917,728.0,0,1,raw
71342021918,744.001,0,1,raw
71342757920,736.002,0,1,raw
71343493920,736.0,0,1,raw
71344181920,688.0,0,1,raw
71344885921,704.001,0,1,raw
71345573917,687.996,0,1,raw
71346261920,688.003,0,1,raw
71346965918,703.998,0,1,raw
71347709917,743.999,0,1,raw
71348445920,736.003,0,1,raw
71349157920,712.0,0,1,raw
71349901917,743.997,0,1,raw
71350629921,728.004,0,1,raw
71351357920,727.999,0,1,raw
71352085920,728.0,0,1,raw
71352845920,760.0,0,1,raw
71353597920,752.0,0,1,raw
71354333920,736.0,0,1,raw
71355125920,792.0,0,1,raw
71355885920,760.0,0,1,raw
71356605917,719.997,0,1,raw
71357333920,728.003,0,1,raw
71358077917,743.997,0,1,raw
71358797918,720.001,0,1,raw
71359517920,720.002,0,1,raw
71360269918,751.998,0,1,raw
71361029921,760.003,0,1,raw
71361749920,719.999,0,1,raw
71362517919,767.999,0,1,raw
71363333917,815.998,0,1,raw
71364165920,832.003,0,1,raw
71364925919,759.999,0,1,raw
71365733917,807.998,0,1,raw
71366573920,840.003,0,1,raw
71367373919,799.999,0,1,raw
71368141916,767.997,0,1,raw
71368925920,784.004,0,1,raw
71369685918,759.998,0,1,raw
71370389920,704.002,0,1,raw
71371085918,695.998,0,1,raw
71371813917,727.999,0,1,raw
71372573920,760.003,0,1,raw
71373349920,776.0,0,1,raw
71374101920,752.0,0,1,raw
71374877916,775.996,0,1,raw
71375653921,776.005,0,1,raw
71376405920,751.999,0,1,raw
71377157920,752.0,0,1,raw
71377933920,776.0,0,1,raw
71378677916,743.996,0,1,raw
71379405920,728.004,0,1,raw
71380165920,760.0,0,1,raw
71380933920,768.0,0,1,raw
71381661921,728.001,0,1,raw
71382405920,743.999,0,1,raw
71383197918,791.998,0,1,raw
71383933920,736.002,0,1,raw
71384669920,736.0,0,1,raw
71385421920,752.0,0,1,raw
71386205920,784.0,0,1,raw
71386933920,728.0,0,1,raw
71387661921,728.001,0,1,raw
71388381920,719.999,0,1,raw
71389093917,711.997,0,1,raw
71389813918,720.001,0,1,raw
71390509920,696.002,0,1,raw
71391221920,712.0,0,1,raw
71391949917,727.997,0,1,raw
71392645917,696.0,0,1,raw
71393381920,736.003,0,1,raw
71394125920,744.0,0,1,raw
71394837920,712.0,0,1,raw
71395589921,752.001,0,1,raw
71396365920,775.999,0,1,raw
71397149921,784.001,0,1,raw
71397893920,743.999,0,1,raw
71398645917,751.997,0,1,raw
71399373917,728.0,0,1,raw
71400069918,696.001,0,1,raw
71400725920,656.002,0,1,raw
71401389920,664.0,0,1,raw
71402077918,687.998,0,1,raw
71402789920,712.002,0,1,raw
71403549918,759.998,0,1,raw
71404285921,736.003,0,1,raw
71405061920,775.999,0,1,raw
71405853920,792.0,0,1,raw
71406661921,808.001,0,1,raw
71407461920,799.999,0,1,raw
71408293920,832.0,0,1,raw
71409117920,824.0,0,1,raw
71409909921,792.001,0,1,raw
71410661920,751.999,0,1,raw
71411437920,776.0,0,1,raw
71412221919,783.999,0,1,raw
71412981918,759.999,0,1,raw
71413741920,760.002,0,1,raw
71414453920,712.0,0,1,raw
71415173920,720.0,0,1,raw
71415925920,752.0,0,1,raw
71416661920,736.0,0,1,raw
71417413920,752.0,0,1,raw
71418173920,760.0,0,1,raw
71418917920,744.0,0,1,raw
71419621920,704.0,0,1,raw
71420325920,704.0,0,1,raw
71421045920,720.0,0,1,raw
71421773918,727.998,0,1,raw
71422485920,712.002,0,1,raw
71423205920,720.0,0,1,raw
71423917918,711.998,0,1,raw
71424605920,688.002,0,1,raw
71425261920,656.0,0,1,raw
71425941916,679.996,0,1,raw
71426669917,728.001,0,1,raw
71427405917,736.0,0,1,raw
71428085917,680.0,0,1,raw
71428725921,640.004,0,1,raw
71429365920,639.999,0,1,raw
71429981918,615.998,0,1,raw
71430589921,608.003,0,1,raw
71431213920,623.999,0,1,raw
71431869920,656.0,0,1,raw
71432549920,680.0,0,1,raw
71433221919,671.999,0,1,raw
71433869919,648.0,0,1,raw
71434573920,704.001,0,1,raw
71435269917,695.997,0,1,raw
71435957920,688.003,0,1,raw
71436629916,671.996,0,1,raw
71437317920,688.004,0,1,raw
71438005920,688.0,0,1,raw
71438677917,671.997,0,1,raw
71439325920,648.003,0,1,raw
71439997921,672.001,0,1,raw
71440701921,704.0,0,1,raw
71441381918,679.997,0,1,raw
71442037921,656.003,0,1,raw
71442741920,703.999,0,1,raw
71443453920,712.0,0,1,raw
71444173920,720.0,0,1,raw
71444853919,679.999,0,1,raw
71445517920,664.001,0,1,raw
71446229920,712.0,0,1,raw
71446957920,728.0,0,1,raw
71447653920,696.0,0,1,raw
71448381918,727.998,0,1,raw
71449093920,712.002,0,1,raw
71449797920,704.0,0,1,raw
71450501920,704.0,0,1,raw
71451181920,680.0,0,1,raw
71451861920,680.0,0,1,raw
71452525920,664.0,0,1,raw
71453165921,640.001,0,1,raw
71453781921,616.0,0,1,raw
71454405917,623.996,0,1,raw
71455013920,608.003,0,1,raw
71455661920,648.0,0,1,raw
71456301920,640.0,0,1,raw
71456949921,648.001,0,1,raw
71457589920,639.999,0,1,raw
71458253920,664.0,0,1,raw
71458933920,680.0,0,1,raw
71459605920,672.0,0,1,raw
71460277917,671.997,0,1,raw
71460949920,672.003,0,1,raw
71461613921,664.001,0,1,raw
71462269920,655.999,0,1,raw
71462933920,664.0,0,1,raw
71463573920,640.0,0,1,raw
71464181916,607.996,0,1,raw
71464829920,648.004,0,1,raw
71465461920,632.0,0,1,raw
71466101920,640.0,0,1,raw
71466709920,608.0,0,1,raw
71467381920,672.0,0,1,raw
71468005920,624.0,0,1,raw
71468693919,687.999,0,1,raw
71469349918,655.999,0,1,raw
71470013920,664.002,0,1,raw
71470701920,688.0,0,1,raw
71471381919,679.999,0,1,raw
71472045921,664.002,0,1,raw
71472701918,655.997,0,1,raw
71473333917,631.999,0,1,raw
71473933918,600.001,0,1,raw
71474509920,576.002,0,1,raw
71475085918,575.998,0,1,raw
71475693921,608.003,0,1,raw
71476309920,615.999,0,1,raw
71476941921,632.001,0,1,raw
71477597920,655.999,0,1,raw
71478277920,680.0,0,1,raw
71478949920,672.0,0,1,raw
71479605920,656.0,0,1,raw
71480309918,599.999,1,0,long_short_pair
71480805918,599.999,1,0,long_short_pair
71481389917,583.999,0,1,raw
71482493920,728.003,0,1,raw
71483253920,760.0,0,1,raw
71483957920,704.0,0,1,raw
71484725921,768.001,0,1,raw
71485493920,767.999,0,1,raw
71486213916,719.996,0,1,raw
71486917921,704.005,0,1,raw
71487621920,703.999,0,1,raw
71488341916,719.996,0,1,raw
71489021916,680.0,0,1,raw
71489693921,672.005,0,1,raw
71490381920,687.999,0,1,raw
71491125921,744.001,0,1,raw
71491885921,760.0,0,1,raw
71492677921,792.0,0,1,raw
71493485916,807.995,0,1,raw
71494301920,816.004,0,1,raw
71495109920,808.0,0,1,raw
71495925919,815.999,0,1,raw
71496693920,768.001,0,1,raw
71497501920,808.0,0,1,raw
71498317921,816.001,0,1,raw
71499141921,824.0,0,1,raw
71499981918,839.997,0,1,raw
71500813918,832.0,0,1,raw
71501629920,816.002,0,1,raw
71502325920,696.0,0,1,raw
71503093920,768.0,0,1,raw
71503853918,759.998,0,1,raw
71504629920,776.002,0,1,raw
71505413920,784.0,0,1,raw
71506157920,744.0,0,1,raw
71506957920,800.0,0,1,raw
71507725920,768.0,0,1,raw
71508453920,728.0,0,1,raw
71509181920,728.0,0,1,raw
71509941918,759.998,0,1,raw
71510717921,776.003,0,1,raw
71511509920,791.999,0,1,raw
71512245920,736.0,0,1,raw
71512989917,743.997,0,1,raw
71513757920,768.003,0,1,raw
71514557920,800.0,0,1,raw
71515333920,776.0,0,1,raw
71516061918,727.998,0,1,raw
71516821920,760.002,0,1,raw
71517557918,735.998,0,1,raw
71518269920,712.002,0,1,raw
71518997917,727.997,0,1,raw
71519725920,728.003,0,1,raw
71520429917,703.997,0,1,raw
71521269920,840.003,0,1,raw
71522061917,791.997,0,1,raw
71522717917,656.0,0,1,raw
71523429920,712.003,0,1,raw
71524093920,664.0,0,1,raw
71524853918,759.998,0,1,raw
71525613918,760.0,0,1,raw
71526381917,767.999,0,1,raw
71527149916,767.999,0,1,raw
71527909917,760.001,0,1,raw
71528605916,695.999,0,1,raw
71529269920,664.004,0,1,raw
71529957918,687.998,0,1,raw
71530533920,576.002,0,1,raw
71531253917,719.997,0,1,raw
71531877917,624.0,0,1,raw
71532517920,640.003,0,1,raw
71533157916,639.996,0,1,raw
71533805918,648.002,0,1,raw
71534453920,648.002,0,1,raw
71535109920,656.0,0,1,raw
71535797921,688.001,0,1,raw
71536461920,663.999,0,1,raw
71537101920,640.0,0,1,raw
71537733917,631.997,0,1,raw
71538389917,656.0,0,1,raw
71538989920,600.003,0,1,raw
71539605918,615.998,0,1,raw
71540229920,624.002,0,1,raw
71540813920,584.0,0,1,raw
71541429918,615.998,0,1,raw
71542045917,615.999,0,1,raw
71542669920,624.003,0,1,raw
71543277920,608.0,0,1,raw
71543869920,592.0,0,1,raw
71544493920,624.0,0,1,raw
71545189920,696.0,0,1,raw
71545941920,752.0,0,1,raw
71546757918,815.998,0,1,raw
71547621920,864.002,0,1,raw
71548493920,872.0,0,1,raw
71549357917,863.997,0,1,raw
71550253920,896.003,0,1,raw
71551133921,880.001,0,1,raw
71552125919,991.998,0,1,raw
71553093918,967.999,0,1,raw
71554013920,920.002,0,1,raw
71554901920,888.0,0,1,raw
71555677920,776.0,0,1,raw
71556501917,823.997,0,1,raw
71557285918,784.001,0,1,raw
71558173920,888.002,0,1,raw
71559157920,984.0,0,1,raw
71560181917,1023.997,0,1,raw
71561197920,1016.003,0,1,raw
71562197917,999.997,0,1,raw
71563077920,880.003,0,1,raw
71563925920,848.0,0,1,raw
71564797917,871.997,0,1,raw
71565613921,816.004,0,1,raw
71566397916,783.995,0,1,raw
71567221920,824.004,0,1,raw
71568053920,832.0,0,1,raw
71568837921,784.001,0,1,raw
71569613919,775.998,0,1,raw
71570421920,808.001,0,1,raw
71571213920,792.0,0,1,raw
71571949920,736.0,0,1,raw
71572717920,768.0,0,1,raw
71573541918,823.998,0,1,raw
71574429921,888.003,0,1,raw
71575261920,831.999,0,1,raw
71576093917,831.997,0,1,raw
71576933920,840.003,0,1,raw
71577717917,783.997,0,1,raw
71578477916,759.999,0,1,raw
71579277920,800.004,0,1,raw
71579989916,711.996,0,1,raw
71580717920,728.004,0,1,raw
71581413921,696.001,0,1,raw
71582117920,703.999,0,1,raw
71582853920,736.0,0,1,raw
71583517920,664.0,0,1,raw
71584285920,768.0,0,1,raw
71584973921,688.001,0,1,raw
71585813921,840.0,0,1,raw
71586581920,767.999,0,1,raw
71587357920,776.0,0,1,raw
71588149920,792.0,0,1,raw
71588893920,744.0,0,1,raw
71589717920,824.0,0,1,raw
71590445921,728.001,0,1,raw
71591285916,839.995,0,1,raw
71592061921,776.005,0,1,raw
71592797917,735.996,0,1,raw
71593581920,784.003,0,1,raw
71594285920,704.0,0,1,raw
71595069917,783.997,0,1,raw
71595805920,736.003,0,1,raw
71596517917,711.997,0,1,raw
71597245920,728.003,0,1,raw
71597957917,711.997,0,1,raw
71598701920,744.003,0,1,raw
71599493920,792.0,0,1,raw
71600261917,767.997,0,1,raw
71601053920,792.003,0,1,raw
71601789920,736.0,0,1,raw
71602573920,784.0,0,1,raw
71603365919,791.999,0,1,raw
71604077916,711.997,0,1,raw
71604861920,784.004,0,1,raw
71605581920,720.0,0,1,raw
71606333920,752.0,0,1,raw
71607085920,752.0,0,1,raw
71607781920,696.0,0,1,raw
71608525920,744.0,0,1,raw
71609237920,712.0,0,1,raw
71609981920,744.0,0,1,raw
71610765919,783.999,1,0,false_peak_merge
71611461921,696.002,0,1,raw
71612197920,735.999,0,1,raw
71612925920,728.0,0,1,raw
71613605916,679.996,0,1,raw
71614277923,672.007,0,1,raw
71614997920,719.997,0,1,raw
71615757920,760.0,0,1,raw
71616485920,728.0,0,1,raw
71617213920,728.0,0,1,raw
71618005920,792.0,0,1,raw
71618773920,768.0,0,1,raw
71619501920,728.0,0,1,raw
71620221919,719.999,0,1,raw
71620949920,728.001,0,1,raw
71621669918,719.998,0,1,raw
71622437920,768.002,0,1,raw
71623229918,791.998,0,1,raw
71623957920,728.002,0,1,raw
71624661918,703.998,0,1,raw
71625365920,704.002,0,1,raw
71626045920,680.0,0,1,raw
71626781920,736.0,0,1,raw
71627533921,752.001,0,1,raw
71628293920,759.999,0,1,raw
71629173920,880.0,0,1,raw
71630029920,856.0,0,1,raw
71630845921,816.001,0,1,raw
71631685921,840.0,0,1,raw
71632501920,815.999,0,1,raw
71633365917,863.997,0,1,raw
71634221915,855.998,0,1,raw
71635109917,888.002,0,1,raw
71635989917,880.0,0,1,raw
71636845921,856.004,0,1,raw
71637629921,784.0,0,1,raw
71638381920,751.999,0,1,raw
71639053917,671.997,0,1,raw
71639765920,712.003,0,1,raw
71640517920,752.0,0,1,raw
71641245920,728.0,0,1,raw
71642069917,823.997,0,1,raw
71642893921,824.004,0,1,raw
71643725918,831.997,0,1,raw
71644589919,864.001,0,1,raw
71645381921,792.002,0,1,raw
71646165920,783.999,0,1,raw
71646933920,768.0,0,1,raw
71647685920,752.0,0,1,raw
71648469920,784.0,0,1,raw
71649261920,792.0,0,1,raw
71650069917,807.997,0,1,raw
71650893920,824.003,0,1,raw
71651661920,768.0,0,1,raw
71652429917,767.997,0,1,raw
71653173916,743.999,0,1,raw
71653941921,768.005,0,1,raw
71654717921,776.0,0,1,raw
71655533917,815.996,0,1,raw
71656341920,808.003,0,1,raw
71657133920,792.0,0,1,raw
71657893916,759.996,0,1,raw
71658653916,760.0,0,1,raw
71659445917,792.001,0,1,raw
71660197920,752.003,0,1,raw
71660941920,744.0,0,1,raw
71661701917,759.997,0,1,raw
71662453921,752.004,0,1,raw
71663261920,807.999,0,1,raw
71663997920,736.0,0,1,raw
71664789920,792.0,0,1,raw
71665581920,792.0,0,1,raw
71666341920,760.0,0,1,raw
71667085920,744.0,0,1,raw
71667837920,752.0,0,1,raw
71668629917,791.997,0,1,raw
71669381918,752.001,0,1,raw
71670133918,752.0,0,1,raw
71670933918,800.0,0,1,raw
71671709920,776.002,0,1,raw
71672485920,776.0,0,1,raw
71673237916,751.996,0,1,raw
71673997921,760.005,0,1,raw
71674765920,767.999,0,1,raw
71675573920,808.0,0,1,raw
71676341917,767.997,0,1,raw
71677157920,816.003,0,1,raw
71677933918,775.998,0,1,raw
71678693920,760.002,0,1,raw
71679461919,767.999,0,1,raw
71680205917,743.998,0,1,raw
71680957920,752.003,0,1,raw
71681685920,728.0,0,1,raw
71682381920,696.0,0,1,raw
71683085920,704.0,0,1,raw
71683749920,664.0,0,1,raw
71684421918,671.998,0,1,raw
71685101920,680.002,0,1,raw
71685765918,663.998,0,1,raw
71686477920,712.002,0,1,raw
71687165917,687.997,0,1,raw
71687877918,712.001,0,1,raw
71688629916,751.998,0,1,raw
71689341920,712.004,0,1,raw
71690053917,711.997,0,1,raw
71690757917,704.0,0,1,raw
71691453917,696.0,0,1,raw
71692149920,696.003,0,1,raw
71692837917,687.997,0,1,raw
71693517917,680.0,0,1,raw
71694189920,672.003,0,1,raw
71694861919,671.999,0,1,raw
71695549920,688.001,0,1,raw
71696253921,704.001,0,1,raw
71696981920,727.999,0,1,raw
71697717920,736.0,0,1,raw
71698477916,759.996,0,1,raw
71699221918,744.002,0,1,raw
71699997917,775.999,0,1,raw
71700757918,760.001,0,1,raw
71701517920,760.002,0,1,raw
71702301920,784.0,0,1,raw
71703061921,760.001,0,1,raw
71703837920,775.999,0,1,raw
71704613920,776.0,0,1,raw
71705357920,744.0,0,1,raw
71706117918,759.998,0,1,raw
71706845920,728.002,0,1,raw
71707557920,712.0,0,1,raw
71708301921,744.001,0,1,raw
71709045920,743.999,0,1,raw
71709813921,768.001,0,1,raw
71710541920,727.999,0,1,raw
71711317920,776.0,0,1,raw
71712085920,768.0,0,1,raw
71712861920,776.0,0,1,raw
71713645920,784.0,0,1,raw
71714429917,783.997,0,1,raw
71715205918,776.001,0,1,raw
71716013916,807.998,0,1,raw
71716781920,768.004,0,1,raw
71717573917,791.997,0,1,raw
71718301916,727.999,0,1,raw
71719069918,768.002,0,1,raw
71719837919,768.001,0,1,raw
71720581920,744.001,0,1,raw
71721349920,768.0,0,1,raw
71722093918,743.998,0,1,raw
71722853920,760.002,0,1,raw
71723621920,768.0,0,1,raw
71724357920,736.0,0,1,raw
71725133920,776.0,0,1,raw
71725877920,744.0,0,1,raw
71726645918,767.998,0,1,raw
71727429920,784.002,0,1,raw
71728221921,792.001,0,1,raw
71729013921,792.0,0,1,raw
71729797917,783.996,0,1,raw
71730589920,792.003,0,1,raw
71731405920,816.0,0,1,raw
71732197917,791.997,0,1,raw
71733013920,816.003,0,1,raw
71733781919,767.999,0,1,raw
71734557918,775.999,0,1,raw
71735349920,792.002,0,1,raw
71736173921,824.001,0,1,raw
71736949917,775.996,0,1,raw
71737733920,784.003,0,1,raw
71738525917,791.997,0,1,raw
71739293920,768.003,0,1,raw
71740085920,792.0,0,1,raw
71740845920,760.0,0,1,raw
71741581920,736.0,0,1,raw
71742317920,736.0,0,1,raw
71743021920,704.0,0,1,raw
71743725918,703.998,0,1,raw
71744405917,679.999,0,1,raw
71745061920,656.003,0,1,raw
71745725920,664.0,0,1,raw
71746437921,712.001,0,1,raw
71747157918,719.997,0,1,raw
71747941920,784.002,0,1,raw
71748741920,800.0,0,1,raw
71749525920,784.0,0,1,raw
71750341916,815.996,0,1,raw
71751125917,784.001,0,1,raw
71751893920,768.003,0,1,raw
71752653920,760.0,0,1,raw
71753405920,752.0,0,1,raw
71754181918,775.998,0,1,raw
71754957918,776.0,0,1,raw
71755709920,752.002,0,1,raw
71756509920,800.0,0,1,raw
71757341920,832.0,0,1,raw
71758133921,792.001,0,1,raw
71758933920,799.999,0,1,raw
71759773917,839.997,0,1,raw
71760565916,791.999,0,1,raw
71761333920,768.004,0,1,raw
71762077917,743.997,0,1,raw
71762805917,728.0,0,1,raw
71763549917,744.0,0,1,raw
71764293921,744.004,0,1,raw
71765069920,775.999,0,1,raw
71765861918,791.998,0,1,raw
71766645918,784.0,0,1,raw
71767437920,792.002,0,1,raw
71768285920,848.0,0,1,raw
71769085920,800.0,0,1,raw
71769885920,800.0,0,1,raw
71770693918,807.998,0,1,raw
71771461917,767.999,0,1,raw
71772261921,800.004,0,1,raw
71773069920,807.999,0,1,raw
71773885917,815.997,0,1,raw
71774749917,864.0,0,1,raw
71775589920,840.003,0,1,raw
71776421920,832.0,0,1,raw
71777229917,807.997,0,1,raw
71777997917,768.0,0,1,raw
71778829916,831.999,0,1,raw
71779661917,832.001,0,1,raw
