seq,t_us,rr_raw_ms,nn_ms,valid,corrected,metric_eligible,status,reason,hr_bpm,score,rescued,source_t_us,timing_shift_ms,timing_quality,timing_uncertainty_ms,timing_recovered,refined,correction_method,waveform_score,reference_rr_ms,matched_firmware_t_us,inserted_by_smoother,low_prominence_rescue,flags
4012206,32098197829,860.725,860.725,1,0,1,accepted,,69.70867582561213,1.0,0,32098196723,1.106,1.0,7.0,0,1,fixed_lag_waveform,1.0,784.0,32098196723,0,0,73
4012312,32099047158,849.329,849.329,1,0,1,accepted,,70.17322259998807,1.0,0,32099044723,2.435,1.0,7.0,0,1,fixed_lag_waveform,1.0,784.0,32099044723,0,0,73
4012412,32099849702,802.544,802.544,1,0,1,accepted,,70.6440025007977,1.0,0,32099844726,4.976,1.0,7.0,0,1,fixed_lag_waveform,1.0,776.0,32099844726,0,0,73
4012507,32100607268,757.566,757.566,1,0,1,accepted,,72.64480986129078,1.0,0,32100604723,2.545,1.0,7.0,0,1,fixed_lag_waveform,1.0,799.4652800000001,32100604723,0,0,73
4012604,32101388359,781.091,781.091,1,0,1,accepted,,74.76225602583784,1.0,0,32101388723,-0.364,1.0,7.0,0,1,fixed_lag_waveform,1.0,791.9796800000001,32101388723,0,0,73
4012702,32102165879,777.52,777.52,1,0,1,accepted,,75.77503654566867,1.0,0,32102165879,0.0,1.0,7.0,1,1,fixed_lag_waveform,1.0,779.05408,0,1,0,1
4012799,32102941072,775.193,775.193,1,0,1,accepted,,76.81563351773353,1.0,1,32102941072,0.0,1.0,7.0,1,1,fixed_lag_waveform,1.0,775.6216,0,1,0,17
4012891,32103684123,743.051,743.051,1,0,1,accepted,,76.99162908512773,1.0,1,32103684123,0.0,1.0,7.0,1,1,fixed_lag_waveform,1.0,772.18912,0,1,0,17
4012983,32104418056,733.933,733.933,1,0,1,accepted,,77.16843296635456,1.0,0,32104412726,5.33,1.0,7.0,0,1,fixed_lag_waveform,1.0,766.17776,32104412726,0,0,169
4013076,32105161635,743.579,743.579,1,0,1,accepted,,77.40007972208211,1.0,0,32105164726,-3.091,1.0,7.0,0,1,fixed_lag_waveform,1.0,765.6064000000001,32105164726,0,0,169
4013169,32105900816,739.181,739.181,1,0,1,accepted,,79.20102010913901,1.0,0,32105900723,0.093,1.0,7.0,0,1,fixed_lag_waveform,1.0,759.42176,32105900723,0,0,169
4013259,32106627853,727.037,727.037,1,0,1,accepted,,80.69082101565537,1.0,0,32106628723,-0.87,1.0,7.0,0,1,fixed_lag_waveform,1.0,753.78112,32106628723,0,0,73
4013353,32107378894,751.041,751.041,1,0,1,accepted,,80.69082101565537,1.0,0,32107380727,-1.833,1.0,7.0,0,1,fixed_lag_waveform,1.0,749.30528,32107380727,0,0,73
4013447,32108132723,753.829,753.829,1,0,1,accepted,,80.69082101565537,1.0,0,32108132723,0.0,1.0,7.0,0,1,fixed_lag_waveform,1.0,749.30528,32108132723,0,0,73
4013541,32108883617,750.894,750.894,1,0,1,accepted,,80.69082101565537,1.0,0,32108884723,-1.106,1.0,7.0,0,1,fixed_lag_waveform,1.0,743.86528,32108884723,0,0,73
4013633,32109614986,731.369,731.369,1,0,1,accepted,,80.74815860553313,1.0,0,32109612725,2.261,1.0,7.0,0,1,fixed_lag_waveform,1.0,743.86528,32109612725,0,0,73
4013724,32110342442,727.456,727.456,1,0,1,accepted,,81.17091754252341,1.0,0,32110342442,0.0,1.0,7.0,1,1,fixed_lag_waveform,1.0,738.2563200000001,0,1,0,1
4013814,32111067212,724.77,724.77,1,0,1,accepted,,81.17091754252341,1.0,1,32111067212,0.0,1.0,7.0,1,1,fixed_lag_waveform,1.0,737.01792,0,1,0,17
4013902,32111767361,700.149,700.149,1,0,1,accepted,,82.03793160497642,1.0,1,32111444723,322.638,1.0,7.0,1,1,fixed_lag_waveform,1.0,731.5779200000001,32111444723,0,0,185
4013993,32112496252,728.891,728.891,1,0,1,accepted,,82.31683475307008,1.0,1,32112496252,0.0,1.0,7.0,1,1,fixed_lag_waveform,1.0,734.51808,0,1,0,17
4014083,32113217065,720.813,720.813,1,0,1,accepted,,82.31683475307008,1.0,0,32113212723,4.342,1.0,7.0,0,1,fixed_lag_waveform,1.0,733.7251200000001,32113212723,0,0,169
4014170,32113916468,699.403,699.403,1,0,1,accepted,,82.47921523776009,1.0,1,32113916468,0.0,1.0,7.0,1,1,fixed_lag_waveform,1.0,728.28512,0,1,0,17
4014258,32114615582,699.114,699.114,1,0,1,accepted,,82.7848834802765,1.0,0,32114612725,2.857,1.0,7.0,0,1,fixed_lag_waveform,1.0,727.82592,32114612725,0,0,169
4014345,32115316027,700.445,700.445,1,0,1,accepted,,83.2393422427176,1.0,0,32115316723,-0.696,1.0,7.0,0,1,fixed_lag_waveform,1.0,726.9664,32115316723,0,0,73
4014436,32116038559,722.532,722.532,1,0,1,accepted,,83.2393422427176,1.0,0,32116036726,1.833,1.0,7.0,0,1,fixed_lag_waveform,1.0,725.70016,32116036726,0,0,73
4014527,32116764806,726.247,726.247,1,0,1,accepted,,83.2393422427176,1.0,0,32116764724,0.082,1.0,7.0,0,1,fixed_lag_waveform,1.0,725.70016,32116764724,0,0,73
4014615,32117472560,707.754,707.754,1,0,1,accepted,,84.7752185081257,1.0,0,32117468723,3.837,1.0,7.0,0,1,fixed_lag_waveform,1.0,731.14016,32117468723,0,0,73
4014702,32118169404,696.844,696.844,1,0,1,accepted,,84.7752185081257,1.0,0,32118164723,4.681,1.0,7.0,0,1,fixed_lag_waveform,1.0,726.96128,32118164723,0,0,73
4014793,32118896108,726.704,726.704,1,0,1,accepted,,84.7752185081257,1.0,0,32118892723,3.385,1.0,7.0,0,1,fixed_lag_waveform,1.0,726.96128,32118892723,0,0,73
4014889,32119665390,769.282,769.282,1,0,1,accepted,,84.7752185081257,1.0,0,32119660724,4.666,1.0,7.0,0,1,fixed_lag_waveform,1.0,726.96128,32119660724,0,0,73
4014986,32120441868,776.478,776.478,1,0,1,accepted,,83.04130474498015,1.0,0,32120444725,-2.857,1.0,7.0,0,1,fixed_lag_waveform,1.0,726.96128,32120444725,0,0,73
4015078,32121180553,738.685,738.685,1,0,1,accepted,,82.61652027478254,1.0,0,32121180727,-0.174,1.0,7.0,0,1,fixed_lag_waveform,1.0,731.69024,32121180727,0,0,73
4015174,32121948375,767.822,767.822,1,0,1,accepted,,82.56456549021335,1.0,0,32121948723,-0.348,1.0,7.0,0,1,fixed_lag_waveform,1.0,732.87904,32121948723,0,0,73
4015266,32122677087,728.712,728.712,1,0,1,accepted,,82.3370549682179,1.0,0,32122676723,0.364,1.0,7.0,0,1,fixed_lag_waveform,1.0,738.46528,32122676723,0,0,73
4015360,32123431191,754.104,754.104,1,0,1,accepted,,81.22542084921179,1.0,0,32123428723,2.468,1.0,7.0,0,1,fixed_lag_waveform,1.0,739.10784,32123428723,0,0,73
4015455,32124196362,765.171,765.171,1,0,1,accepted,,79.56462238630215,1.0,0,32124196726,-0.364,1.0,7.0,0,1,fixed_lag_waveform,1.0,747.7392,32124196726,0,0,73
4015550,32124949406,753.044,753.044,1,0,1,accepted,,79.56462238630215,1.0,0,32124948723,0.683,1.0,7.0,0,1,fixed_lag_waveform,1.0,752.67328,32124948723,0,0,73
4015639,32125663421,714.015,714.015,1,0,1,accepted,,79.56462238630215,1.0,0,32125660723,2.698,1.0,7.0,0,1,fixed_lag_waveform,1.0,758.11328,32125660723,0,0,73
4015733,32126418288,754.867,754.867,1,0,1,accepted,,79.56462238630215,1.0,0,32126420723,-2.435,1.0,7.0,0,1,fixed_lag_waveform,1.0,758.11328,32126420723,0,0,73
4015828,32127179331,761.043,761.043,1,0,1,accepted,,79.56462238630215,1.0,0,32127180726,-1.395,1.0,7.0,0,1,fixed_lag_waveform,1.0,763.5532800000001,32127180726,0,0,73
4015927,32127966767,787.436,787.436,1,0,1,accepted,,79.48420052804005,1.0,0,32127964723,2.044,1.0,7.0,0,1,fixed_lag_waveform,1.0,768.9932800000001,32127964723,0,0,73
4016026,32128757488,790.721,790.721,1,0,1,accepted,,79.48420052804005,1.0,0,32128756726,0.762,1.0,7.0,0,1,fixed_lag_waveform,1.0,774.6774399999999,32128756726,0,0,73
4016132,32129610583,853.095,853.095,1,0,1,accepted,,78.83917203101532,1.0,0,32129612723,-2.14,1.0,7.0,0,1,fixed_lag_waveform,1.0,780.11744,32129612723,0,0,73
4016246,32130521486,910.903,910.903,1,0,1,accepted,,78.41384474842877,1.0,0,32130524724,-3.238,1.0,7.0,0,1,fixed_lag_waveform,1.0,787.53376,32130524724,0,0,73
4016362,32131451845,930.359,930.359,1,0,1,accepted,,76.19666868164524,1.0,0,32131748726,-296.881,1.0,7.0,1,1,fixed_lag_waveform,1.0,794.2947200000001,32131748726,0,0,169
4016473,32132335881,884.036,884.036,1,0,1,accepted,,75.88011447779938,1.0,0,32132636723,-300.842,1.0,7.0,1,1,fixed_lag_waveform,1.0,806.85952,32132636723,0,0,169
4016576,32133157912,822.031,822.031,1,0,1,accepted,,72.98994806765195,1.0,1,32133157912,0.0,1.0,7.0,1,1,fixed_lag_waveform,1.0,807.91072,0,1,0,17
4016681,32133997777,839.865,839.865,1,0,1,accepted,,71.44005286563912,1.0,0,32133996724,1.053,1.0,7.0,0,1,fixed_lag_waveform,1.0,823.3699200000001,32133996724,0,0,169
4016784,32134824726,826.949,826.949,1,0,1,accepted,,71.44005286563912,1.0,0,32134820724,4.002,1.0,7.0,0,1,fixed_lag_waveform,1.0,834.5168,32134820724,0,0,169
4016887,32135647290,822.564,822.564,1,0,1,accepted,,71.44005286563912,1.0,0,32135644726,2.564,1.0,7.0,0,1,fixed_lag_waveform,1.0,834.5168,32135644726,0,0,73
4016992,32136491671,844.381,844.381,1,0,1,accepted,,71.05797027645103,1.0,0,32136492724,-1.053,1.0,7.0,0,1,fixed_lag_waveform,1.0,839.9568,32136492724,0,0,73
4017101,32137359039,867.368,867.368,1,0,1,accepted,,71.05797027645103,1.0,0,32137356723,2.316,1.0,7.0,0,1,fixed_lag_waveform,1.0,846.84192,32137356723,0,0,73
4017209,32138223288,864.249,864.249,1,0,1,accepted,,71.05797027645103,1.0,0,32138220724,2.564,1.0,7.0,0,1,fixed_lag_waveform,1.0,852.28192,32138220724,0,0,73
4017316,32139081409,858.121,858.121,1,0,1,accepted,,71.05797027645103,1.0,0,32139076724,4.685,1.0,7.0,0,1,fixed_lag_waveform,1.0,852.28192,32139076724,0,0,73
4017417,32139889182,807.773,807.773,1,0,1,accepted,,71.44005286563912,1.0,0,32139884723,4.459,1.0,7.0,0,1,fixed_lag_waveform,1.0,852.28192,32139884723,0,0,73
4017521,32140717169,827.987,827.987,1,0,1,accepted,,71.44005286563912,1.0,0,32140716725,0.444,1.0,7.0,0,1,fixed_lag_waveform,1.0,850.8368,32140716725,0,0,73
4017627,32141567039,849.87,849.87,1,0,1,accepted,,71.05797027645103,1.0,0,32141564723,2.316,1.0,7.0,0,1,fixed_lag_waveform,1.0,850.8368,32141564723,0,0,73
4017738,32142455671,888.632,888.632,1,0,1,accepted,,70.59903279325073,1.0,0,32142452724,2.947,1.0,7.0,0,1,fixed_lag_waveform,1.0,846.84192,32142452724,0,0,73
4017850,32143354097,898.426,898.426,1,0,1,accepted,,69.92020938772038,1.0,0,32143356726,-2.629,1.0,7.0,0,1,fixed_lag_waveform,1.0,848.5984,32143356726,0,0,73
4017964,32144263782,909.685,909.685,1,0,1,accepted,,69.42443670747666,1.0,0,32144260723,3.059,1.0,7.0,0,1,fixed_lag_waveform,1.0,845.79872,32144260723,0,0,73
4018071,32145119513,855.731,855.731,1,0,1,accepted,,69.92020938772038,1.0,0,32145116725,2.788,1.0,7.0,0,1,fixed_lag_waveform,1.0,847.7596800000001,32145116725,0,0,73
4018177,32145966301,846.788,846.788,1,0,1,accepted,,70.1154919010764,1.0,0,32145964725,1.576,1.0,7.0,0,1,fixed_lag_waveform,1.0,845.79872,32145964725,0,0,73
4018281,32146797834,831.533,831.533,1,0,1,accepted,,70.59903279325073,1.0,0,32146796723,1.111,1.0,7.0,0,1,fixed_lag_waveform,1.0,845.0339200000001,32146796723,0,0,73
4018382,32147609640,811.806,811.806,1,0,1,accepted,,70.59903279325073,1.0,0,32147612726,-3.086,1.0,7.0,0,1,fixed_lag_waveform,1.0,843.1584,32147612726,0,0,73
4018480,32148389526,779.886,779.886,1,0,1,accepted,,70.59903279325073,1.0,0,32148388726,0.8,1.0,7.0,0,1,fixed_lag_waveform,1.0,843.1584,32148388726,0,0,73
4018581,32149201170,811.644,811.644,1,0,1,accepted,,70.85598756713605,1.0,0,32149204726,-3.556,1.0,7.0,0,1,fixed_lag_waveform,1.0,843.1584,32149204726,0,0,73
4018683,32150018409,817.239,817.239,1,0,1,accepted,,72.15588557519665,1.0,0,32150020725,-2.316,1.0,7.0,0,1,fixed_lag_waveform,1.0,836.73216,32150020725,0,0,73
4018787,32150851318,832.909,832.909,1,0,1,accepted,,72.15588557519665,1.0,0,32150852723,-1.405,1.0,7.0,0,1,fixed_lag_waveform,1.0,831.85056,32150852723,0,0,73
4018888,32151658279,806.961,806.961,1,0,1,accepted,,73.41793526740648,1.0,0,32151660723,-2.444,1.0,7.0,0,1,fixed_lag_waveform,1.0,831.85056,32151660723,0,0,73
4018989,32152465615,807.336,807.336,1,0,1,accepted,,73.90928374513122,1.0,0,32152460727,4.888,1.0,7.0,0,1,fixed_lag_waveform,1.0,821.83648,32152460727,0,0,73
4019093,32153297614,831.999,831.999,1,0,1,accepted,,73.90928374513122,1.0,0,32153292722,4.892,1.0,7.0,0,1,fixed_lag_waveform,1.0,820.09792,32153292722,0,0,73
4019198,32154139966,842.352,842.352,1,0,1,accepted,,73.90928374513122,1.0,0,32154140723,-0.757,1.0,7.0,0,1,fixed_lag_waveform,1.0,814.65792,32154140723,0,0,73
4019301,32154964252,824.286,824.286,1,0,1,accepted,,73.41793526740648,1.0,0,32154964723,-0.471,1.0,7.0,0,1,fixed_lag_waveform,1.0,809.21792,32154964723,0,0,73
4019403,32155777834,813.582,813.582,1,0,1,accepted,,73.41793526740648,1.0,0,32155780723,-2.889,1.0,7.0,0,1,fixed_lag_waveform,1.0,805.51648,32155780723,0,0,73
4019503,32156576056,798.222,798.222,1,0,1,accepted,,73.41793526740648,1.0,0,32156572723,3.333,1.0,7.0,0,1,fixed_lag_waveform,1.0,805.51648,32156572723,0,0,73
4019601,32157359393,783.337,783.337,1,0,1,accepted,,73.7479442760533,1.0,0,32157356726,2.667,1.0,7.0,0,1,fixed_lag_waveform,1.0,805.51648,32157356726,0,0,73
4019695,32158116488,757.095,757.095,1,0,1,accepted,,74.3184993608609,1.0,0,32158116723,-0.235,1.0,7.0,0,1,fixed_lag_waveform,1.0,798.90624,32158116723,0,0,73
4019788,32158859168,742.68,742.68,1,0,1,accepted,,74.3184993608609,1.0,0,32158860724,-1.556,1.0,7.0,0,1,fixed_lag_waveform,1.0,796.9075200000001,32158860724,0,0,73
4019881,32159601413,742.245,742.245,1,0,1,accepted,,75.16705878815668,1.0,0,32159596724,4.689,1.0,7.0,0,1,fixed_lag_waveform,1.0,796.9075200000001,32159596724,0,0,73
4019976,32160359429,758.016,758.016,1,0,1,accepted,,76.59538614925633,1.0,0,32160356726,2.703,1.0,7.0,0,1,fixed_lag_waveform,1.0,793.9910400000001,32160356726,0,0,73
4020068,32161096968,737.539,737.539,1,0,1,accepted,,79.15400202634245,1.0,0,32161096968,0.0,1.0,7.0,1,1,fixed_lag_waveform,1.0,783.78784,0,1,0,1
4020163,32161856518,759.55,759.55,1,0,1,accepted,,79.15400202634245,1.0,1,32161508723,347.795,1.0,7.0,1,1,fixed_lag_waveform,1.0,775.68512,32161508723,0,0,185
4020260,32162631834,775.316,775.316,1,0,1,accepted,,79.15400202634245,1.0,1,32162644724,-12.89,1.0,7.0,0,1,fixed_lag_waveform,1.0,775.68512,32162644724,0,0,185
4020359,32163427834,796.0,796.0,1,0,1,accepted,,79.15400202634245,1.0,1,32163428723,-0.889,1.0,7.0,0,1,fixed_lag_waveform,1.0,775.68512,32163428723,0,0,185
4020454,32164187750,759.916,759.916,1,0,1,accepted,,79.15400202634245,1.0,1,32164187750,0.0,1.0,7.0,1,1,fixed_lag_waveform,1.0,775.68512,0,1,0,17
4020549,32164944108,756.358,756.358,1,0,1,accepted,,79.15400202634245,1.0,1,32164940723,3.385,1.0,7.0,0,1,fixed_lag_waveform,1.0,775.68512,32164940723,0,0,185
4020646,32165722555,778.447,778.447,1,0,1,accepted,,78.99414126785597,1.0,1,32165722555,0.0,1.0,7.0,1,1,fixed_lag_waveform,1.0,770.24512,0,1,0,17
4020746,32166519039,796.484,796.484,1,0,1,accepted,,78.95609514735838,1.0,1,32166519039,0.0,1.0,7.0,1,1,fixed_lag_waveform,1.0,770.7360000000001,0,1,0,17
4020843,32167299009,779.97,779.97,1,0,1,accepted,,77.38780058711545,1.0,1,32166956727,342.282,1.0,7.0,1,1,fixed_lag_waveform,1.0,765.41312,32166956727,0,0,185
4020941,32168078777,779.768,779.768,1,0,1,accepted,,77.07653828712809,1.0,1,32167732726,346.051,1.0,7.0,1,1,fixed_lag_waveform,1.0,770.34112,32167732726,0,0,185
4021040,32168873664,794.887,794.887,1,0,1,accepted,,76.94596341475926,1.0,0,32168868726,4.938,1.0,7.0,0,1,fixed_lag_waveform,1.0,771.34304,32168868726,0,0,169
4021139,32169668723,795.059,795.059,1,0,1,accepted,,76.92603561675449,1.0,0,32169668723,0.0,1.0,7.0,0,1,fixed_lag_waveform,1.0,771.76576,32169668723,0,0,73
4021236,32170440962,772.239,772.239,1,0,1,accepted,,76.94596341475926,1.0,0,32170436723,4.239,1.0,7.0,0,1,fixed_lag_waveform,1.0,771.8304,32170436723,0,0,73
4021332,32171212609,771.647,771.647,1,0,1,accepted,,76.94596341475926,1.0,0,32171212723,-0.114,1.0,7.0,0,1,fixed_lag_waveform,1.0,777.20576,32171212723,0,0,73
4021428,32171975039,762.43,762.43,1,0,1,accepted,,76.94596341475926,1.0,0,32171972723,2.316,1.0,7.0,0,1,fixed_lag_waveform,1.0,777.20576,32171972723,0,0,73
4021521,32172717091,742.052,742.052,1,0,1,accepted,,76.94596341475926,1.0,0,32172716727,0.364,1.0,7.0,0,1,fixed_lag_waveform,1.0,782.64576,32172716727,0,0,73
4021612,32173448077,730.986,730.986,1,0,1,accepted,,77.69615365191346,1.0,0,32173444726,3.351,1.0,7.0,0,1,fixed_lag_waveform,1.0,782.64576,32173444726,0,0,73
4021705,32174190845,742.768,742.768,1,0,1,accepted,,77.75576137793576,1.0,0,32174188727,2.118,1.0,7.0,0,1,fixed_lag_waveform,1.0,780.23648,32174188727,0,0,73
4021797,32174932728,741.883,741.883,1,0,1,accepted,,78.69574911795182,1.0,0,32174932728,0.0,1.0,7.0,0,1,fixed_lag_waveform,1.0,785.4870400000001,32174932728,0,0,73
4021892,32175689900,757.172,757.172,1,0,1,accepted,,79.24223294046794,1.0,0,32175684723,5.177,1.0,7.0,0,1,fixed_lag_waveform,1.0,787.9775999999999,32175684723,0,0,73
4021989,32176462437,772.537,772.537,1,0,1,accepted,,79.24223294046794,1.0,0,32176460723,1.714,1.0,7.0,0,1,fixed_lag_waveform,1.0,786.29504,32176460723,0,0,73
4022088,32177256280,793.843,793.843,1,0,1,accepted,,79.24223294046794,1.0,0,32177252724,3.556,1.0,7.0,0,1,fixed_lag_waveform,1.0,786.29504,32177252724,0,0,73
4022191,32178082136,825.856,825.856,1,0,1,accepted,,79.24223294046794,1.0,0,32178076726,5.41,1.0,7.0,0,1,fixed_lag_waveform,1.0,791.73504,32178076726,0,0,73
4022301,32178958128,875.992,875.992,1,0,1,accepted,,79.24223294046794,1.0,0,32178956723,1.405,1.0,7.0,0,1,fixed_lag_waveform,1.0,791.73504,32178956723,0,0,73
4022407,32179812381,854.253,854.253,1,0,1,accepted,,77.66618297893822,1.0,0,32179812724,-0.343,1.0,7.0,0,1,fixed_lag_waveform,1.0,791.73504,32179812724,0,0,73
4022517,32180688726,876.345,876.345,1,0,1,accepted,,75.58169562495355,1.0,0,32180684726,4.0,1.0,7.0,0,1,fixed_lag_waveform,1.0,796.6518400000001,32180684726,0,0,169
4022631,32181597980,909.254,909.254,1,0,1,accepted,,72.65189088654681,1.0,1,32181597980,0.0,1.0,7.0,1,1,fixed_lag_waveform,1.0,808.90976,0,1,0,17
4022739,32182464958,866.978,866.978,1,0,1,accepted,,70.23680338260445,1.0,1,32182464958,0.0,1.0,7.0,1,1,fixed_lag_waveform,1.0,819.15392,0,1,0,17
4022842,32183288037,823.079,823.079,1,0,1,accepted,,70.23680338260445,1.0,0,32183284723,3.314,1.0,7.0,0,1,fixed_lag_waveform,1.0,828.2409600000001,32183284723,0,0,169
4022945,32184111811,823.774,823.774,1,0,1,accepted,,70.23680338260445,1.0,0,32184108725,3.086,1.0,7.0,0,1,fixed_lag_waveform,1.0,828.2409600000001,32184108725,0,0,169
4023046,32184923149,811.338,811.338,1,0,1,accepted,,70.23680338260445,1.0,0,32184924725,-1.576,1.0,7.0,0,1,fixed_lag_waveform,1.0,828.2409600000001,32184924725,0,0,73
4023145,32185712238,789.089,789.089,1,0,1,accepted,,70.23680338260445,1.0,0,32185708723,3.515,1.0,7.0,0,1,fixed_lag_waveform,1.0,828.2409600000001,32185708723,0,0,73
4023245,32186508837,796.599,796.599,1,0,1,accepted,,72.83551071046185,1.0,0,32186508723,0.114,1.0,7.0,0,1,fixed_lag_waveform,1.0,828.2409600000001,32186508723,0,0,73
4023349,32187341614,832.777,832.777,1,0,1,accepted,,72.83551071046185,1.0,0,32187340725,0.889,1.0,7.0,0,1,fixed_lag_waveform,1.0,823.92768,32187340725,0,0,73
4023457,32188210323,868.709,868.709,1,0,1,accepted,,72.83551071046185,1.0,0,32188204726,5.597,1.0,7.0,0,1,fixed_lag_waveform,1.0,823.92768,32188204726,0,0,73
4023562,32189046474,836.151,836.151,1,0,1,accepted,,72.83551071046185,1.0,0,32189044724,1.75,1.0,7.0,0,1,fixed_lag_waveform,1.0,818.48768,32189044724,0,0,73
4023660,32189834223,787.749,787.749,1,0,1,accepted,,72.89701231595024,1.0,0,32189836723,-2.5,1.0,7.0,0,1,fixed_lag_waveform,1.0,818.48768,32189836723,0,0,73
4023758,32190613168,778.945,778.945,1,0,1,accepted,,73.95191646391517,1.0,0,32190612724,0.444,1.0,7.0,0,1,fixed_lag_waveform,1.0,818.26528,32190612724,0,0,73
4023854,32191383996,770.828,770.828,1,0,1,accepted,,75.32020502159807,1.0,0,32191380723,3.273,1.0,7.0,0,1,fixed_lag_waveform,1.0,809.06816,32191380723,0,0,73
4023947,32192125980,741.984,741.984,1,0,1,accepted,,76.03705032005261,1.0,0,32192124723,1.257,1.0,7.0,0,1,fixed_lag_waveform,1.0,804.3516800000001,32192124723,0,0,73
4024042,32192888724,762.744,762.744,1,0,1,accepted,,76.16639310237144,1.0,0,32192884724,4.0,1.0,7.0,0,1,fixed_lag_waveform,1.0,796.50848,32192884724,0,0,73
4024138,32193657938,769.214,769.214,1,0,1,accepted,,77.02726123153752,1.0,0,32193652723,5.215,1.0,7.0,0,1,fixed_lag_waveform,1.0,796.07968,32193652723,0,0,73
4024235,32194435634,777.696,777.696,1,0,1,accepted,,77.15096901617083,1.0,0,32194436725,-1.091,1.0,7.0,0,1,fixed_lag_waveform,1.0,787.8224,32194436725,0,0,73
4024331,32195201473,765.839,765.839,1,0,1,accepted,,77.8383763952529,1.0,0,32195196723,4.75,1.0,7.0,0,1,fixed_lag_waveform,1.0,787.42272,32195196723,0,0,73
4024429,32195983859,782.386,782.386,1,0,1,accepted,,77.8383763952529,1.0,0,32195980724,3.135,1.0,7.0,0,1,fixed_lag_waveform,1.0,785.22496,32195980724,0,0,73
4024529,32196784494,800.635,800.635,1,0,1,accepted,,77.8383763952529,1.0,0,32196780723,3.771,1.0,7.0,0,1,fixed_lag_waveform,1.0,779.78496,32196780723,0,0,73
4024627,32197568268,783.774,783.774,1,0,1,accepted,,77.8383763952529,1.0,0,32197564725,3.543,1.0,7.0,0,1,fixed_lag_waveform,1.0,779.78496,32197564725,0,0,73
4024728,32198373912,805.644,805.644,1,0,1,accepted,,77.15096901617083,1.0,0,32198372723,1.189,1.0,7.0,0,1,fixed_lag_waveform,1.0,779.78496,32198372723,0,0,73
4024829,32199185637,811.725,811.725,1,0,1,accepted,,76.6884888022025,1.0,0,32199188723,-3.086,1.0,7.0,0,1,fixed_lag_waveform,1.0,781.98272,32199188723,0,0,73
4024928,32199973294,787.657,787.657,1,0,1,accepted,,76.55267972655383,1.0,0,32199972723,0.571,1.0,7.0,0,1,fixed_lag_waveform,1.0,778.0435200000001,32199972723,0,0,73
4025023,32200734784,761.49,761.49,1,0,1,accepted,,76.55267972655383,1.0,0,32200732723,2.061,1.0,7.0,0,1,fixed_lag_waveform,1.0,778.4876800000001,32200732723,0,0,73
4025118,32201498605,763.821,763.821,1,0,1,accepted,,76.55267972655383,1.0,0,32201492725,5.88,1.0,7.0,0,1,fixed_lag_waveform,1.0,778.4876800000001,32201492725,0,0,73
4025214,32202263549,764.944,764.944,1,0,1,accepted,,76.55267972655383,1.0,0,32202260725,2.824,1.0,7.0,0,1,fixed_lag_waveform,1.0,778.4876800000001,32202260725,0,0,73
4025310,32203034371,770.822,770.822,1,0,1,accepted,,76.55267972655383,1.0,0,32203036724,-2.353,1.0,7.0,0,1,fixed_lag_waveform,1.0,778.4876800000001,32203036724,0,0,73
4025405,32203794473,760.102,760.102,1,0,1,accepted,,77.838982281253,1.0,0,32203796723,-2.25,1.0,7.0,0,1,fixed_lag_waveform,1.0,778.4876800000001,32203796723,0,0,73
4025501,32204562780,768.307,768.307,1,0,1,accepted,,78.09378282379309,1.0,0,32204564723,-1.943,1.0,7.0,0,1,fixed_lag_waveform,1.0,774.3430400000001,32204564723,0,0,73
4025598,32205338373,775.593,775.593,1,0,1,accepted,,78.09378282379309,1.0,0,32205340726,-2.353,1.0,7.0,0,1,fixed_lag_waveform,1.0,773.5382400000001,32205340726,0,0,73
4025695,32206109087,770.714,770.714,1,0,1,accepted,,78.09378282379309,1.0,0,32206108723,0.364,1.0,7.0,0,1,fixed_lag_waveform,1.0,778.97824,32206108723,0,0,73
4025793,32206893429,784.342,784.342,1,0,1,accepted,,78.09378282379309,1.0,0,32206892723,0.706,1.0,7.0,0,1,fixed_lag_waveform,1.0,778.97824,32206892723,0,0,73
4025890,32207675694,782.265,782.265,1,0,1,accepted,,77.84988984240587,1.0,0,32207676723,-1.029,1.0,7.0,0,1,fixed_lag_waveform,1.0,778.97824,32207676723,0,0,73
4025988,32208456725,781.031,781.031,1,0,1,accepted,,77.838982281253,1.0,0,32208452725,4.0,1.0,7.0,0,1,fixed_lag_waveform,1.0,779.74848,32208452725,0,0,73
4026082,32209211547,754.822,754.822,1,0,1,accepted,,77.838982281253,1.0,0,32209212723,-1.176,1.0,7.0,0,1,fixed_lag_waveform,1.0,779.78304,32209212723,0,0,73
4026176,32209960723,749.176,749.176,1,0,1,accepted,,77.84988984240587,1.0,0,32209956723,4.0,1.0,7.0,0,1,fixed_lag_waveform,1.0,779.78304,32209956723,0,0,73
4026270,32210713693,752.97,752.97,1,0,1,accepted,,77.84988984240587,1.0,0,32210708723,4.97,1.0,7.0,0,1,fixed_lag_waveform,1.0,779.74848,32210708723,0,0,73
4026366,32211483836,770.143,770.143,1,0,1,accepted,,77.84988984240587,1.0,0,32211484725,-0.889,1.0,7.0,0,1,fixed_lag_waveform,1.0,779.74848,32211484725,0,0,73
4026467,32212292252,808.416,808.416,1,0,1,accepted,,77.84988984240587,1.0,0,32212292723,-0.471,1.0,7.0,0,1,fixed_lag_waveform,1.0,779.74848,32212292723,0,0,73
4026574,32213140837,848.585,848.585,1,0,1,accepted,,76.82153461258261,1.0,0,32213140723,0.114,1.0,7.0,0,1,fixed_lag_waveform,1.0,779.74848,32213140723,0,0,73
4026674,32213944255,803.418,803.418,1,0,1,accepted,,76.82153461258261,1.0,0,32213940726,3.529,1.0,7.0,0,1,fixed_lag_waveform,1.0,783.0499199999999,32213940726,0,0,73
4026773,32214737693,793.438,793.438,1,0,1,accepted,,76.82153461258261,1.0,0,32214732725,4.968,1.0,7.0,0,1,fixed_lag_waveform,1.0,783.0499199999999,32214732725,0,0,73
4026874,32215540840,803.147,803.147,1,0,1,accepted,,75.62027530821564,1.0,0,32215540726,0.114,1.0,7.0,0,1,fixed_lag_waveform,1.0,783.0499199999999,32215540726,0,0,73
4026975,32216349523,808.683,808.683,1,0,1,accepted,,74.70612478164021,1.0,0,32216348723,0.8,1.0,7.0,0,1,fixed_lag_waveform,1.0,792.4601600000001,32216348723,0,0,73
4027072,32217124838,775.315,775.315,1,0,1,accepted,,74.70612478164021,1.0,0,32217124724,0.114,1.0,7.0,0,1,fixed_lag_waveform,1.0,795.5670400000001,32217124724,0,0,73
4027169,32217903209,778.371,778.371,1,0,1,accepted,,74.70612478164021,1.0,0,32217900723,2.486,1.0,7.0,0,1,fixed_lag_waveform,1.0,795.5670400000001,32217900723,0,0,73
4027268,32218700252,797.043,797.043,1,0,1,accepted,,74.70612478164021,1.0,0,32218700723,-0.471,1.0,7.0,0,1,fixed_lag_waveform,1.0,795.5670400000001,32218700723,0,0,73
4027366,32219482666,782.414,782.414,1,0,1,accepted,,75.27824722129169,1.0,0,32219476723,5.943,1.0,7.0,0,1,fixed_lag_waveform,1.0,795.5670400000001,32219476723,0,0,73
4027463,32220257616,774.95,774.95,1,0,1,accepted,,75.62027530821564,1.0,0,32220252726,4.89,1.0,7.0,0,1,fixed_lag_waveform,1.0,793.6137600000001,32220252726,0,0,73
4027562,32221048074,790.458,790.458,1,0,1,accepted,,75.90536119566126,1.0,0,32221044723,3.351,1.0,7.0,0,1,fixed_lag_waveform,1.0,797.90016,32221044723,0,0,73
4027663,32221854777,806.703,806.703,1,0,1,accepted,,75.90536119566126,1.0,0,32221852723,2.054,1.0,7.0,0,1,fixed_lag_waveform,1.0,796.94656,32221852723,0,0,73
4027762,32222649450,794.673,794.673,1,0,1,accepted,,75.90536119566126,1.0,0,32222644724,4.726,1.0,7.0,0,1,fixed_lag_waveform,1.0,796.94656,32222644724,0,0,73
4027863,32223453480,804.03,804.03,1,0,1,accepted,,75.90536119566126,1.0,0,32223452723,0.757,1.0,7.0,0,1,fixed_lag_waveform,1.0,796.94656,32223452723,0,0,73
4027967,32224286724,833.244,833.244,1,0,1,accepted,,75.5027539629508,1.0,0,32224284724,2.0,1.0,7.0,0,1,fixed_lag_waveform,1.0,796.94656,32224284724,0,0,73
4028066,32225083923,797.199,797.199,1,0,1,accepted,,75.27824722129169,1.0,0,32225084723,-0.8,1.0,7.0,0,1,fixed_lag_waveform,1.0,798.2953600000001,32225084723,0,0,73
4028168,32225896723,812.8,812.8,1,0,1,accepted,,75.2635163867491,1.0,0,32225892723,4.0,1.0,7.0,0,1,fixed_lag_waveform,1.0,799.05376,32225892723,0,0,73
4028269,32226707551,810.828,810.828,1,0,1,accepted,,74.62408119100034,1.0,0,32226700723,6.828,1.0,7.0,0,1,fixed_lag_waveform,1.0,799.1036799999999,32226700723,0,0,73
4028368,32227497196,789.645,789.645,1,0,1,accepted,,74.62408119100034,1.0,0,32227500725,-3.529,1.0,7.0,0,1,fixed_lag_waveform,1.0,795.8496,32227500725,0,0,73
4028464,32228261973,764.777,764.777,1,0,1,accepted,,74.62408119100034,1.0,0,32228260723,1.25,1.0,7.0,0,1,fixed_lag_waveform,1.0,795.8496,32228260723,0,0,73
4028562,32229050135,788.162,788.162,1,0,1,accepted,,75.2635163867491,1.0,0,32229044727,5.408,1.0,7.0,0,1,fixed_lag_waveform,1.0,795.8496,32229044727,0,0,73
4028662,32229849450,799.315,799.315,1,0,1,accepted,,75.06427378442791,1.0,0,32229844726,4.724,1.0,7.0,0,1,fixed_lag_waveform,1.0,788.2236800000001,32229844726,0,0,73
4028761,32230637973,788.523,788.523,1,0,1,accepted,,75.2635163867491,1.0,0,32230636723,1.25,1.0,7.0,0,1,fixed_lag_waveform,1.0,788.9008,32230636723,0,0,73
4028861,32231440724,802.751,802.751,1,0,1,accepted,,75.2635163867491,1.0,0,32231436724,4.0,1.0,7.0,0,1,fixed_lag_waveform,1.0,782.78368,32231436724,0,0,73
4028963,32232256958,816.234,816.234,1,0,1,accepted,,75.06427378442791,1.0,0,32232252723,4.235,1.0,7.0,0,1,fixed_lag_waveform,1.0,782.78368,32232252723,0,0,73
4029063,32233054945,797.987,797.987,1,0,1,accepted,,75.1891948114443,1.0,0,32233052723,2.222,1.0,7.0,0,1,fixed_lag_waveform,1.0,778.0208,32233052723,0,0,73
4029159,32233824481,769.536,769.536,1,0,1,accepted,,75.98351157798758,1.0,0,32233820723,3.758,1.0,7.0,0,1,fixed_lag_waveform,1.0,772.1558400000001,32233820723,0,0,73
4029252,32234565332,740.851,740.851,1,0,1,accepted,,76.09162954029242,1.0,0,32234564726,0.606,1.0,7.0,0,1,fixed_lag_waveform,1.0,769.4864,32234564726,0,0,73
4029340,32235276359,711.027,711.027,1,0,1,accepted,,76.09162954029242,1.0,0,32235276723,-0.364,1.0,7.0,0,1,fixed_lag_waveform,1.0,769.1273600000001,32235276723,0,0,73
4029427,32235966723,690.364,690.364,1,0,1,accepted,,76.09162954029242,1.0,0,32235966723,0.0,1.0,7.0,1,1,fixed_lag_waveform,1.0,769.1273600000001,0,1,0,1
4029510,32236628945,662.222,662.222,1,0,1,accepted,,77.96906187624751,1.0,1,32236356726,272.219,1.0,7.0,1,1,fixed_lag_waveform,1.0,769.1273600000001,32236356726,0,0,185
4029594,32237303835,674.89,674.89,1,0,1,accepted,,80.98794494439503,1.0,0,32237300724,3.111,1.0,7.0,0,1,fixed_lag_waveform,1.0,763.0515200000001,32237300724,0,0,169
4029676,32237957390,653.555,653.555,1,0,1,accepted,,84.38498116105295,1.0,0,32237956723,0.667,1.0,7.0,0,1,fixed_lag_waveform,1.0,753.8723200000001,32237956723,0,0,169
4029758,32238617835,660.445,660.445,1,0,1,accepted,,86.91067321007468,1.0,0,32238620724,-2.889,1.0,7.0,0,1,fixed_lag_waveform,1.0,744.3286400000001,32238620724,0,0,169
4029842,32239285852,668.017,668.017,1,0,1,accepted,,88.90337684659723,1.0,0,32239284724,1.128,1.0,7.0,0,1,fixed_lag_waveform,1.0,737.71648,32239284724,0,0,169
4029926,32239957240,671.388,671.388,1,0,1,accepted,,89.36710218234462,1.0,0,32239956727,0.513,1.0,7.0,0,1,fixed_lag_waveform,1.0,732.7648,32239956727,0,0,169
4030015,32240669123,711.883,711.883,1,0,1,accepted,,89.36710218234462,1.0,0,32240668723,0.4,1.0,7.0,0,1,fixed_lag_waveform,1.0,731.64416,32240668723,0,0,73
4030111,32241439268,770.145,770.145,1,0,1,accepted,,89.36710218234462,1.0,0,32241436723,2.545,1.0,7.0,0,1,fixed_lag_waveform,1.0,731.64416,32241436723,0,0,73
4030206,32242202364,763.096,763.096,1,0,1,accepted,,89.36710218234462,1.0,0,32242204723,-2.359,1.0,7.0,0,1,fixed_lag_waveform,1.0,726.20416,32242204723,0,0,73
4030308,32243020323,817.959,817.959,1,0,1,accepted,,88.90337684659723,1.0,0,32243020723,-0.4,1.0,7.0,0,1,fixed_lag_waveform,1.0,726.20416,32243020723,0,0,73
4030416,32243884430,864.107,864.107,1,0,1,accepted,,84.28351288062785,1.0,0,32243884723,-0.293,1.0,7.0,0,1,fixed_lag_waveform,1.0,727.3248,32243884723,0,0,73
4030522,32244730945,846.515,846.515,1,0,1,accepted,,78.62706658139999,1.0,0,32244732723,-1.778,1.0,7.0,0,1,fixed_lag_waveform,1.0,739.16256,32244732723,0,0,73
4030620,32245511641,780.696,780.696,1,0,1,accepted,,77.90740704672497,1.0,0,32245508722,2.919,1.0,7.0,0,1,fixed_lag_waveform,1.0,755.55072,32245508722,0,0,73
4030715,32246275837,764.196,764.196,1,0,1,accepted,,77.90740704672497,1.0,0,32246276726,-0.889,1.0,7.0,0,1,fixed_lag_waveform,1.0,757.8064,32246276726,0,0,73
4030811,32247037612,761.775,761.775,1,0,1,accepted,,77.90740704672497,1.0,0,32247036723,0.889,1.0,7.0,0,1,fixed_lag_waveform,1.0,757.8064,32247036723,0,0,73
4030905,32247792939,755.327,755.327,1,0,1,accepted,,77.90740704672497,1.0,0,32247788726,4.213,1.0,7.0,0,1,fixed_lag_waveform,1.0,757.8064,32247788726,0,0,73
4030999,32248547966,755.027,755.027,1,0,1,accepted,,78.51388910698303,1.0,0,32248548723,-0.757,1.0,7.0,0,1,fixed_lag_waveform,1.0,757.8064,32248548723,0,0,73
4031094,32249302469,754.503,754.503,1,0,1,accepted,,78.51388910698303,1.0,0,32249300725,1.744,1.0,7.0,0,1,fixed_lag_waveform,1.0,761.3427200000001,32249300725,0,0,73
4031190,32250075670,773.201,773.201,1,0,1,accepted,,78.51388910698303,1.0,0,32250076723,-1.053,1.0,7.0,0,1,fixed_lag_waveform,1.0,761.3427200000001,32250076723,0,0,73
4031290,32250876214,800.544,800.544,1,0,1,accepted,,78.51388910698303,1.0,0,32250876727,-0.513,1.0,7.0,0,1,fixed_lag_waveform,1.0,761.3427200000001,32250876727,0,0,73
4031387,32251652489,776.275,776.275,1,0,1,accepted,,78.51388910698303,1.0,0,32251652724,-0.235,1.0,7.0,0,1,fixed_lag_waveform,1.0,761.3427200000001,32251652724,0,0,73
4031484,32252421700,769.211,769.211,1,0,1,accepted,,78.51388910698303,1.0,0,32252421700,0.0,1.0,7.0,1,1,fixed_lag_waveform,1.0,761.3427200000001,0,1,0,1
4031581,32253202237,780.537,780.537,1,0,1,accepted,,78.00200465151954,1.0,0,32253204723,-2.486,1.0,7.0,0,1,fixed_lag_waveform,1.0,761.3427200000001,32253204723,0,0,73
4031673,32253936504,734.267,734.267,1,0,1,accepted,,78.00200465151954,1.0,0,32253932726,3.778,1.0,7.0,0,1,fixed_lag_waveform,1.0,757.50752,32253932726,0,0,73
4031763,32254654605,718.101,718.101,1,0,1,accepted,,78.00200465151954,1.0,0,32254652723,1.882,1.0,7.0,0,1,fixed_lag_waveform,1.0,752.0675200000001,32254652723,0,0,73
4031853,32255379078,724.473,724.473,1,0,1,accepted,,78.00200465151954,1.0,0,32255380725,-1.647,1.0,7.0,0,1,fixed_lag_waveform,1.0,746.62752,32255380725,0,0,73
4031940,32256074279,695.201,695.201,1,0,1,accepted,,78.00200465151954,1.0,0,32256068725,5.554,1.0,7.0,0,1,fixed_lag_waveform,1.0,746.62752,32256068725,0,0,73
4032023,32256732831,658.552,658.552,1,0,1,accepted,,81.71414485466458,1.0,0,32256732723,0.108,1.0,7.0,0,1,fixed_lag_waveform,1.0,741.1875200000001,32256732723,0,0,73
4032110,32257429047,696.216,696.216,1,0,1,accepted,,82.81882140535258,1.0,1,32257428723,0.324,1.0,7.0,0,1,fixed_lag_waveform,1.0,724.5654400000001,32257428723,0,0,185
4032197,32258126137,697.09,697.09,1,0,1,accepted,,83.55370623352425,1.0,1,32258126137,0.0,1.0,7.0,1,1,fixed_lag_waveform,1.0,721.43136,0,1,0,17
4032288,32258854390,728.253,728.253,1,0,1,accepted,,83.55370623352425,1.0,1,32258828726,25.664,1.0,7.0,0,1,fixed_lag_waveform,1.0,719.39232,32258828726,0,0,185
4032377,32259569487,715.097,715.097,1,0,1,accepted,,83.90470104055814,1.0,1,32259569487,0.0,1.0,7.0,1,1,fixed_lag_waveform,1.0,713.9523200000001,0,1,0,17
4032467,32260291700,722.213,722.213,1,0,1,accepted,,83.90470104055814,1.0,1,32260268723,22.977,1.0,7.0,0,1,fixed_lag_waveform,1.0,712.99104,32260268723,0,0,185
4032555,32260994588,702.888,702.888,1,0,1,accepted,,85.36210605388055,1.0,1,32260994588,0.0,1.0,7.0,1,1,fixed_lag_waveform,1.0,712.99104,0,1,0,17
4032641,32261677829,683.241,683.241,1,0,1,accepted,,86.07209972887289,1.0,1,32261676723,1.106,1.0,7.0,0,1,fixed_lag_waveform,1.0,703.64416,32261676723,0,0,185
4032726,32262357090,679.261,679.261,1,0,1,accepted,,86.07209972887289,1.0,0,32262356726,0.364,1.0,7.0,0,1,fixed_lag_waveform,1.0,701.7888,32262356726,0,0,169
4032810,32263035506,678.416,678.416,1,0,1,accepted,,86.07209972887289,1.0,0,32263036723,-1.217,1.0,7.0,0,1,fixed_lag_waveform,1.0,701.7888,32263036723,0,0,73
4032895,32263710723,675.217,675.217,1,0,1,accepted,,86.07209972887289,1.0,0,32263708723,2.0,1.0,7.0,0,1,fixed_lag_waveform,1.0,701.7888,32263708723,0,0,73
4032980,32264396403,685.68,685.68,1,0,1,accepted,,87.50437521876094,1.0,0,32264396723,-0.32,1.0,7.0,0,1,fixed_lag_waveform,1.0,701.7888,32264396723,0,0,73
4033066,32265084647,688.244,688.244,1,0,1,accepted,,87.50437521876094,1.0,0,32265084725,-0.078,1.0,7.0,0,1,fixed_lag_waveform,1.0,698.1376,32265084725,0,0,73
4033153,32265780402,695.755,695.755,1,0,1,accepted,,87.50437521876094,1.0,0,32265780722,-0.32,1.0,7.0,0,1,fixed_lag_waveform,1.0,698.1376,32265780722,0,0,73
4033239,32266460809,680.407,680.407,1,0,1,accepted,,87.81674401858203,1.0,0,32266460724,0.085,1.0,7.0,0,1,fixed_lag_waveform,1.0,703.5776000000001,32266460724,0,0,73
4033325,32267154395,693.586,693.586,1,0,1,accepted,,87.81674401858203,1.0,0,32267156728,-2.333,1.0,7.0,0,1,fixed_lag_waveform,1.0,702.7971200000001,32267156728,0,0,73
4033413,32267855288,700.893,700.893,1,0,1,accepted,,87.50437521876094,1.0,0,32267852728,2.56,1.0,7.0,0,1,fixed_lag_waveform,1.0,702.7971200000001,32267852728,0,0,73
4033503,32268574484,719.196,719.196,1,0,1,accepted,,87.1783844101801,1.0,0,32268572724,1.76,1.0,7.0,0,1,fixed_lag_waveform,1.0,709.0176,32268572724,0,0,73
4033590,32269273419,698.935,698.935,1,0,1,accepted,,86.50693641451817,1.0,0,32269276723,-3.304,1.0,7.0,0,1,fixed_lag_waveform,1.0,715.27808,32269276723,0,0,73
4033679,32269980971,707.552,707.552,1,0,1,accepted,,86.23725305603266,1.0,0,32269980726,0.245,1.0,7.0,0,1,fixed_lag_waveform,1.0,716.98752,32269980726,0,0,73
4033771,32270719515,738.544,738.544,1,0,1,accepted,,85.84489258657815,1.0,0,32270716723,2.792,1.0,7.0,0,1,fixed_lag_waveform,1.0,717.6816,32270716723,0,0,73
4033861,32271440409,720.894,720.894,1,0,1,accepted,,85.60507809323249,1.0,0,32271436723,3.686,1.0,7.0,0,1,fixed_lag_waveform,1.0,718.6992,32271436723,0,0,73
4033952,32272166108,725.699,725.699,1,0,1,accepted,,84.79942110261861,1.0,0,32272164723,1.385,1.0,7.0,0,1,fixed_lag_waveform,1.0,724.76576,32272164723,0,0,73
4034049,32272942057,775.949,775.949,1,0,1,accepted,,83.42649291709075,1.0,0,32272940724,1.333,1.0,7.0,0,1,fixed_lag_waveform,1.0,726.89664,32272940724,0,0,73
4034150,32273754021,811.964,811.964,1,0,1,accepted,,83.22998942979135,1.0,0,32273756727,-2.706,1.0,7.0,0,1,fixed_lag_waveform,1.0,736.06272,32273756727,0,0,73
4034249,32274546643,792.622,792.622,1,0,1,accepted,,82.67890681949403,1.0,0,32274548723,-2.08,1.0,7.0,0,1,fixed_lag_waveform,1.0,736.60608,32274548723,0,0,73
4034347,32275331012,784.369,784.369,1,0,1,accepted,,81.24092809636258,1.0,0,32275332726,-1.714,1.0,7.0,0,1,fixed_lag_waveform,1.0,743.58368,32275332726,0,0,169
4034444,32276105523,774.511,774.511,1,0,1,accepted,,77.46823479589057,1.0,0,32276108723,-3.2,1.0,7.0,0,1,fixed_lag_waveform,1.0,747.69408,32276108723,0,0,169
4034539,32276860934,755.411,755.411,1,0,1,accepted,,77.46823479589057,1.0,0,32276860723,0.211,1.0,7.0,0,1,fixed_lag_waveform,1.0,764.6435200000001,32276860723,0,0,169
4034633,32277620522,759.588,759.588,1,0,1,accepted,,77.46823479589057,1.0,1,32277620522,0.0,1.0,7.0,1,1,fixed_lag_waveform,1.0,764.6435200000001,0,1,0,17
4034729,32278381390,760.868,760.868,1,0,1,accepted,,77.46823479589057,1.0,1,32278381390,0.0,1.0,7.0,1,1,fixed_lag_waveform,1.0,770.08352,0,1,0,17
4034828,32279178476,797.086,797.086,1,0,1,accepted,,77.32466953369358,1.0,1,32279180726,-2.25,1.0,7.0,0,1,fixed_lag_waveform,1.0,770.08352,32279180726,0,0,185
4034923,32279937144,758.668,758.668,1,0,1,accepted,,77.46823479589057,1.0,1,32279937144,0.0,1.0,7.0,1,1,fixed_lag_waveform,1.0,770.54368,0,1,0,17
4035020,32280710096,772.952,772.952,1,0,1,accepted,,77.62448379718275,1.0,1,32280692728,17.368,1.0,7.0,0,1,fixed_lag_waveform,1.0,775.5235200000001,32280692728,0,0,185
4035114,32281468208,758.112,758.112,1,0,1,accepted,,78.85730507788473,1.0,1,32281468724,-0.516,1.0,7.0,0,1,fixed_lag_waveform,1.0,775.0246400000001,32281468724,0,0,185
4035210,32282231861,763.653,763.653,1,0,1,accepted,,78.85730507788473,1.0,0,32282228723,3.138,1.0,7.0,0,1,fixed_lag_waveform,1.0,771.15776,32282228723,0,0,169
4035306,32283001358,769.497,769.497,1,0,1,accepted,,78.85730507788473,1.0,0,32282996723,4.635,1.0,7.0,0,1,fixed_lag_waveform,1.0,776.59776,32282996723,0,0,73
4035408,32283817209,815.851,815.851,1,0,1,accepted,,78.56971687402525,1.0,0,32283812723,4.486,1.0,7.0,0,1,fixed_lag_waveform,1.0,776.59776,32283812723,0,0,73
4035508,32284614190,796.981,796.981,1,0,1,accepted,,77.97301354001381,1.0,0,32284612723,1.467,1.0,7.0,0,1,fixed_lag_waveform,1.0,777.48896,32284612723,0,0,73
4035605,32285389473,775.283,775.283,1,0,1,accepted,,77.62448379718275,1.0,0,32285388723,0.75,1.0,7.0,0,1,fixed_lag_waveform,1.0,779.35904,32285388723,0,0,73
4035703,32286180232,790.759,790.759,1,0,1,accepted,,77.62448379718275,1.0,0,32286180723,-0.491,1.0,7.0,0,1,fixed_lag_waveform,1.0,785.9046400000001,32286180723,0,0,73
4035801,32286962895,782.663,782.663,1,0,1,accepted,,77.39109460674361,1.0,0,32286964726,-1.831,1.0,7.0,0,1,fixed_lag_waveform,1.0,785.9046400000001,32286964726,0,0,73
4035902,32287767328,804.433,804.433,1,0,1,accepted,,76.66134722096228,1.0,0,32287764725,2.603,1.0,7.0,0,1,fixed_lag_waveform,1.0,786.65056,32287764725,0,0,73
4035999,32288548295,780.967,780.967,1,0,1,accepted,,76.66134722096228,1.0,0,32288548724,-0.429,1.0,7.0,0,1,fixed_lag_waveform,1.0,789.0121600000001,32288548724,0,0,73
4036103,32289374598,826.303,826.303,1,0,1,accepted,,75.87646805158082,1.0,0,32289372723,1.875,1.0,7.0,0,1,fixed_lag_waveform,1.0,789.0121600000001,32289372723,0,0,73
4036207,32290207523,832.925,832.925,1,0,1,accepted,,75.2841033851497,1.0,0,32290204723,2.8,1.0,7.0,0,1,fixed_lag_waveform,1.0,791.60288,32290204723,0,0,73
4036310,32291035866,828.343,828.343,1,0,1,accepted,,75.2841033851497,1.0,0,32291036723,-0.857,1.0,7.0,0,1,fixed_lag_waveform,1.0,793.59392,32291036723,0,0,73
4036410,32291835200,799.334,799.334,1,0,1,accepted,,75.06248952252751,1.0,0,32291836727,-1.527,1.0,7.0,0,1,fixed_lag_waveform,1.0,799.03392,32291836727,0,0,73
4036511,32292642128,806.928,806.928,1,0,1,accepted,,74.58669646819561,1.0,0,32292644724,-2.596,1.0,7.0,0,1,fixed_lag_waveform,1.0,799.78688,32292644724,0,0,73
4036612,32293445167,803.039,803.039,1,0,1,accepted,,74.58669646819561,1.0,0,32293444723,0.444,1.0,7.0,0,1,fixed_lag_waveform,1.0,801.4185600000001,32293444723,0,0,73
4036709,32294226654,781.487,781.487,1,0,1,accepted,,74.58669646819561,1.0,0,32294228728,-2.074,1.0,7.0,0,1,fixed_lag_waveform,1.0,801.4185600000001,32294228728,0,0,73
4036811,32295036864,810.21,810.21,1,0,1,accepted,,74.35607637856165,1.0,0,32295036726,0.138,1.0,7.0,0,1,fixed_lag_waveform,1.0,801.4185600000001,32295036726,0,0,73
4036907,32295807943,771.079,771.079,1,0,1,accepted,,74.35607637856165,1.0,0,32295804727,3.216,1.0,7.0,0,1,fixed_lag_waveform,1.0,796.7769600000001,32295804727,0,0,73
4037007,32296609295,801.352,801.352,1,0,1,accepted,,74.71617194183595,1.0,0,32296604723,4.572,1.0,7.0,0,1,fixed_lag_waveform,1.0,796.7769600000001,32296604723,0,0,73
4037109,32297427982,818.687,818.687,1,0,1,accepted,,74.71617194183595,1.0,0,32297428723,-0.741,1.0,7.0,0,1,fixed_lag_waveform,1.0,795.5324800000001,32297428723,0,0,73
4037212,32298244804,816.822,816.822,1,0,1,accepted,,74.71617194183595,1.0,0,32298244726,0.078,1.0,7.0,0,1,fixed_lag_waveform,1.0,795.5324800000001,32298244726,0,0,73
4037312,32299048883,804.079,804.079,1,0,1,accepted,,74.61953365278785,1.0,0,32299044723,4.16,1.0,7.0,0,1,fixed_lag_waveform,1.0,795.5324800000001,32299044723,0,0,73
4037409,32299823031,774.148,774.148,1,0,1,accepted,,74.71617194183595,1.0,0,32299820723,2.308,1.0,7.0,0,1,fixed_lag_waveform,1.0,795.86528,32299820723,0,0,73
4037506,32300602893,779.862,779.862,1,0,1,accepted,,74.8734638461001,1.0,0,32300604726,-1.833,1.0,7.0,0,1,fixed_lag_waveform,1.0,795.5324800000001,32300604726,0,0,73
4037597,32301331957,729.064,729.064,1,0,1,accepted,,74.8734638461001,1.0,0,32301332723,-0.766,1.0,7.0,0,1,fixed_lag_waveform,1.0,789.55264,32301332723,0,0,73
4037689,32302066484,734.527,734.527,1,0,1,accepted,,76.93668879878749,1.0,0,32302068724,-2.24,1.0,7.0,0,1,fixed_lag_waveform,1.0,789.55264,32302068724,0,0,73
4037783,32302817540,751.056,751.056,1,0,1,accepted,,76.93668879878749,1.0,0,32302812724,4.816,1.0,7.0,0,1,fixed_lag_waveform,1.0,782.67584,32302812724,0,0,73
4037879,32303587446,769.906,769.906,1,0,1,accepted,,77.5045598516046,1.0,0,32303588726,-1.28,1.0,7.0,0,1,fixed_lag_waveform,1.0,782.67584,32303588726,0,0,73
4037973,32304338595,751.149,751.149,1,0,1,accepted,,77.93159164885064,1.0,0,32304340723,-2.128,1.0,7.0,0,1,fixed_lag_waveform,1.0,780.84736,32304340723,0,0,73
4038068,32305095706,757.111,757.111,1,0,1,accepted,,79.24861744182822,1.0,0,32305092724,2.982,1.0,7.0,0,1,fixed_lag_waveform,1.0,779.48992,32305092724,0,0,73
4038165,32305874085,778.379,778.379,1,0,1,accepted,,79.24861744182822,1.0,0,32305868723,5.362,1.0,7.0,0,1,fixed_lag_waveform,1.0,775.39552,32305868723,0,0,73
4038263,32306654984,780.899,780.899,1,0,1,accepted,,79.24861744182822,1.0,0,32306652723,2.261,1.0,7.0,0,1,fixed_lag_waveform,1.0,775.39552,32306652723,0,0,73
4038359,32307427662,772.678,772.678,1,0,1,accepted,,79.24861744182822,1.0,0,32307428723,-1.061,1.0,7.0,0,1,fixed_lag_waveform,1.0,775.39552,32307428723,0,0,73
4038456,32308204393,776.731,776.731,1,0,1,accepted,,77.93159164885064,1.0,0,32308204726,-0.333,1.0,7.0,0,1,fixed_lag_waveform,1.0,775.39552,32308204726,0,0,73
4038556,32308997805,793.412,793.412,1,0,1,accepted,,77.65201028112617,1.0,0,32308996728,1.077,1.0,7.0,0,1,fixed_lag_waveform,1.0,779.48992,32308996728,0,0,73
4038653,32309777944,780.139,780.139,1,0,1,accepted,,77.24682032775826,1.0,0,32309780727,-2.783,1.0,7.0,0,1,fixed_lag_waveform,1.0,780.37696,32309780727,0,0,73
4038755,32310590687,812.743,812.743,1,0,1,accepted,,77.08327177377602,1.0,0,32310588723,1.964,1.0,7.0,0,1,fixed_lag_waveform,1.0,781.67392,32310588723,0,0,73
4038857,32311409683,818.996,818.996,1,0,1,accepted,,76.90937127870802,1.0,0,32311412723,-3.04,1.0,7.0,0,1,fixed_lag_waveform,1.0,782.20128,32311412723,0,0,73
4038957,32312204808,795.125,795.125,1,0,1,accepted,,76.8345202132414,1.0,0,32312204723,0.085,1.0,7.0,0,1,fixed_lag_waveform,1.0,782.76448,32312204723,0,0,73
4039054,32312981843,777.035,777.035,1,0,1,accepted,,76.8345202132414,1.0,0,32312980723,1.12,1.0,7.0,0,1,fixed_lag_waveform,1.0,783.00768,32312980723,0,0,73
4039155,32313791447,809.604,809.604,1,0,1,accepted,,75.62275337403517,1.0,0,32313788727,2.72,1.0,7.0,0,1,fixed_lag_waveform,1.0,788.4476800000001,32313788727,0,0,73
4039258,32314617392,825.945,825.945,1,0,1,accepted,,75.45983335953467,1.0,0,32314612723,4.669,1.0,7.0,0,1,fixed_lag_waveform,1.0,792.4518400000001,32314612723,0,0,73
4039354,32315387618,770.226,770.226,1,0,1,accepted,,75.45983335953467,1.0,0,32315388724,-1.106,1.0,7.0,0,1,fixed_lag_waveform,1.0,798.44,32315388724,0,0,73
4039450,32316155390,767.772,767.772,1,0,1,accepted,,75.45983335953467,1.0,0,32316156723,-1.333,1.0,7.0,0,1,fixed_lag_waveform,1.0,798.44,32316156723,0,0,73
4039549,32316942003,786.613,786.613,1,0,1,accepted,,75.45983335953467,1.0,0,32316940723,1.28,1.0,7.0,0,1,fixed_lag_waveform,1.0,803.8800000000001,32316940723,0,0,73
4039646,32317724472,782.469,782.469,1,0,1,accepted,,76.27639004186302,1.0,0,32317724727,-0.255,1.0,7.0,0,1,fixed_lag_waveform,1.0,803.8800000000001,32317724727,0,0,73
4039743,32318500403,775.931,775.931,1,0,1,accepted,,76.68035410987527,1.0,0,32318500723,-0.32,1.0,7.0,0,1,fixed_lag_waveform,1.0,801.1561600000001,32318500723,0,0,73
4039847,32319326004,825.601,825.601,1,0,1,accepted,,76.68035410987527,1.0,0,32319324724,1.28,1.0,7.0,0,1,fixed_lag_waveform,1.0,799.8300800000001,32319324724,0,0,73
4039953,32320178939,852.935,852.935,1,0,1,accepted,,76.27639004186302,1.0,0,32320180726,-1.787,1.0,7.0,0,1,fixed_lag_waveform,1.0,799.8300800000001,32320180726,0,0,73
4040060,32321028978,850.039,850.039,1,0,1,accepted,,76.27639004186302,1.0,0,32321028723,0.255,1.0,7.0,0,1,fixed_lag_waveform,1.0,806.59616,32321028723,0,0,73
4040166,32321877786,848.808,848.808,1,0,1,accepted,,76.27639004186302,1.0,0,32321876725,1.061,1.0,7.0,0,1,fixed_lag_waveform,1.0,806.59616,32321876725,0,0,73
4040274,32322741345,863.559,863.559,1,0,1,accepted,,72.67433057857245,1.0,0,32322740723,0.622,1.0,7.0,0,1,fixed_lag_waveform,1.0,801.1561600000001,32322740723,0,0,73
4040378,32323574726,833.381,833.381,1,0,1,accepted,,71.995881835559,1.0,0,32323572726,2.0,1.0,7.0,0,1,fixed_lag_waveform,1.0,819.07232,32323572726,0,0,73
4040479,32324387276,812.55,812.55,1,0,1,accepted,,71.995881835559,1.0,0,32324388723,-1.447,1.0,7.0,0,1,fixed_lag_waveform,1.0,821.56192,32324388723,0,0,73
4040583,32325217256,829.98,829.98,1,0,1,accepted,,71.995881835559,1.0,0,32325212723,4.533,1.0,7.0,0,1,fixed_lag_waveform,1.0,821.56192,32325212723,0,0,73
4040684,32326024549,807.293,807.293,1,0,1,accepted,,71.995881835559,1.0,0,32326020723,3.826,1.0,7.0,0,1,fixed_lag_waveform,1.0,821.56192,32326020723,0,0,73
4040782,32326809813,785.264,785.264,1,0,1,accepted,,71.995881835559,1.0,0,32326804727,5.086,1.0,7.0,0,1,fixed_lag_waveform,1.0,821.56192,32326804727,0,0,73
4040883,32327615532,805.719,805.719,1,0,1,accepted,,72.29089857586929,1.0,0,32327612723,2.809,1.0,7.0,0,1,fixed_lag_waveform,1.0,827.00192,32327612723,0,0,73
4040985,32328436378,820.846,820.846,1,0,1,accepted,,73.09531873213733,1.0,0,32328436726,-0.348,1.0,7.0,0,1,fixed_lag_waveform,1.0,825.9136000000001,32328436726,0,0,73
4041086,32329244549,808.171,808.171,1,0,1,accepted,,73.84160974709249,1.0,0,32329244723,-0.174,1.0,7.0,0,1,fixed_lag_waveform,1.0,822.99072,32329244723,0,0,73
4041187,32330044905,800.356,800.356,1,0,1,accepted,,74.24171369673002,1.0,0,32330044723,0.182,1.0,7.0,0,1,fixed_lag_waveform,1.0,820.336,32330044723,0,0,73
4041290,32330871301,826.396,826.396,1,0,1,accepted,,74.24171369673002,1.0,0,32330868723,2.578,1.0,7.0,0,1,fixed_lag_waveform,1.0,818.9347200000001,32330868723,0,0,73
4041396,32331720383,849.082,849.082,1,0,1,accepted,,74.24171369673002,1.0,0,32331716723,3.66,1.0,7.0,0,1,fixed_lag_waveform,1.0,818.9347200000001,32331716723,0,0,73
4041497,32332532634,812.251,812.251,1,0,1,accepted,,74.24171369673002,1.0,0,32332532723,-0.089,1.0,7.0,0,1,fixed_lag_waveform,1.0,813.49472,32332532723,0,0,73
4041600,32333356375,823.741,823.741,1,0,1,accepted,,73.86879178973003,1.0,0,32333356723,-0.348,1.0,7.0,0,1,fixed_lag_waveform,1.0,813.49472,32333356723,0,0,73
4041704,32334186723,830.348,830.348,1,0,1,accepted,,73.09531873213733,1.0,0,32334188723,-2.0,1.0,7.0,0,1,fixed_lag_waveform,1.0,809.36032,32334188723,0,0,73
4041809,32335026360,839.637,839.637,1,0,1,accepted,,72.83842858374173,1.0,0,32335028724,-2.364,1.0,7.0,0,1,fixed_lag_waveform,1.0,812.1107200000001,32335028724,0,0,73
4041911,32335842180,815.82,815.82,1,0,1,accepted,,72.83842858374173,1.0,0,32335844725,-2.545,1.0,7.0,0,1,fixed_lag_waveform,1.0,813.0371200000001,32335844725,0,0,73
4042013,32336657435,815.255,815.255,1,0,1,accepted,,72.83842858374173,1.0,0,32336652723,4.712,1.0,7.0,0,1,fixed_lag_waveform,1.0,813.0371200000001,32336652723,0,0,73
4042114,32337467890,810.455,810.455,1,0,1,accepted,,72.83842858374173,1.0,0,32337468727,-0.837,1.0,7.0,0,1,fixed_lag_waveform,1.0,813.0371200000001,32337468727,0,0,73
4042212,32338248169,780.279,780.279,1,0,1,accepted,,73.5456350665588,1.0,0,32338244727,3.442,1.0,7.0,0,1,fixed_lag_waveform,1.0,813.0371200000001,32338244727,0,0,73
4042309,32339022304,774.135,774.135,1,0,1,accepted,,73.59660474330117,1.0,0,32339020723,1.581,1.0,7.0,0,1,fixed_lag_waveform,1.0,810.5024000000001,32339020723,0,0,73
4042407,32339806984,784.68,784.68,1,0,1,accepted,,73.59660474330117,1.0,0,32339804723,2.261,1.0,7.0,0,1,fixed_lag_waveform,1.0,810.3216,32339804723,0,0,73
4042503,32340580342,773.358,773.358,1,0,1,accepted,,74.0324879234504,1.0,0,32340580723,-0.381,1.0,7.0,0,1,fixed_lag_waveform,1.0,810.3216,32340580723,0,0,73
4042597,32341328725,748.383,748.383,1,0,1,accepted,,76.46429117602081,1.0,0,32341324725,4.0,1.0,7.0,0,1,fixed_lag_waveform,1.0,808.7856,32341324725,0,0,73
4042694,32342107037,778.312,778.312,1,0,1,accepted,,76.8955719684882,1.0,0,32342108726,-1.689,1.0,7.0,0,1,fixed_lag_waveform,1.0,800.5376000000001,32342108726,0,0,73
4042795,32342909271,802.234,802.234,1,0,1,accepted,,76.8955719684882,1.0,0,32342908726,0.545,1.0,7.0,0,1,fixed_lag_waveform,1.0,799.1292800000001,32342908726,0,0,73
4042897,32343729632,820.361,820.361,1,0,1,accepted,,76.8955719684882,1.0,0,32343724722,4.91,1.0,7.0,0,1,fixed_lag_waveform,1.0,799.1292800000001,32343724722,0,0,73
4042997,32344530631,800.999,800.999,1,0,1,accepted,,76.8955719684882,1.0,0,32344532726,-2.095,1.0,7.0,0,1,fixed_lag_waveform,1.0,799.1292800000001,32344532726,0,0,73
4043100,32345349074,818.443,818.443,1,0,1,accepted,,76.46429117602081,1.0,0,32345348726,0.348,1.0,7.0,0,1,fixed_lag_waveform,1.0,793.68928,32345348726,0,0,73
4043204,32346186984,837.91,837.91,1,0,1,accepted,,74.90646055737898,1.0,0,32346188723,-1.739,1.0,7.0,0,1,fixed_lag_waveform,1.0,795.0976,32346188723,0,0,73
4043305,32346995268,808.284,808.284,1,0,1,accepted,,74.79114572556136,1.0,0,32346996723,-1.455,1.0,7.0,0,1,fixed_lag_waveform,1.0,800.3196800000001,32346996723,0,0,73
4043407,32347806510,811.242,811.242,1,0,1,accepted,,74.2313345309322,1.0,0,32347804723,1.787,1.0,7.0,0,1,fixed_lag_waveform,1.0,795.27488,32347804723,0,0,73
4043510,32348630636,824.126,824.126,1,0,1,accepted,,73.96066771690815,1.0,0,32348628723,1.913,1.0,7.0,0,1,fixed_lag_waveform,1.0,797.2108800000001,32348628723,0,0,73
4043612,32349445450,814.814,814.814,1,0,1,accepted,,73.63643727280092,1.0,0,32349444723,0.727,1.0,7.0,0,1,fixed_lag_waveform,1.0,798.1574400000001,32349444723,0,0,73
4043712,32350248723,803.273,803.273,1,0,1,accepted,,73.63643727280092,1.0,0,32350244723,4.0,1.0,7.0,0,1,fixed_lag_waveform,1.0,793.86048,32350244723,0,0,73
4043813,32351056045,807.322,807.322,1,0,1,accepted,,73.96066771690815,1.0,0,32351052726,3.319,1.0,7.0,0,1,fixed_lag_waveform,1.0,793.86048,32351052726,0,0,73
4043911,32351837167,781.122,781.122,1,0,1,accepted,,73.96066771690815,1.0,0,32351836723,0.444,1.0,7.0,0,1,fixed_lag_waveform,1.0,792.71744,32351836723,0,0,73
4044006,32352602092,764.925,764.925,1,0,1,accepted,,74.2313345309322,1.0,0,32352596723,5.369,1.0,7.0,0,1,fixed_lag_waveform,1.0,787.2774400000001,32352596723,0,0,73
4044104,32353386985,784.893,784.893,1,0,1,accepted,,74.31978813905728,1.0,0,32353388724,-1.739,1.0,7.0,0,1,fixed_lag_waveform,1.0,786.3308800000001,32353388724,0,0,73
4044199,32354144027,757.042,757.042,1,0,1,accepted,,74.69440650936855,1.0,0,32354140723,3.304,1.0,7.0,0,1,fixed_lag_waveform,1.0,780.58304,32354140723,0,0,73
4044291,32354882541,738.514,738.514,1,0,1,accepted,,76.44354071191869,1.0,0,32354884723,-2.182,1.0,7.0,0,1,fixed_lag_waveform,1.0,773.8473600000001,32354884723,0,0,73
4044384,32355624243,741.702,741.702,1,0,1,accepted,,76.81258497392213,1.0,0,32355620723,3.52,1.0,7.0,0,1,fixed_lag_waveform,1.0,767.96576,32355620723,0,0,73
4044475,32356350056,725.813,725.813,1,0,1,accepted,,78.4390626532013,1.0,0,32356350056,0.0,1.0,7.0,1,1,fixed_lag_waveform,1.0,766.75904,0,1,0,1
4044563,32357060472,710.416,710.416,1,0,1,accepted,,79.25584049497914,1.0,1,32357060727,-0.255,1.0,7.0,0,1,fixed_lag_waveform,1.0,761.576,32357060727,0,0,185
4044650,32357748810,688.338,688.338,1,0,1,accepted,,80.89502252926377,1.0,1,32357748810,0.0,1.0,7.0,1,1,fixed_lag_waveform,1.0,759.0534400000001,0,1,0,17
4044735,32358429766,680.956,680.956,1,0,1,accepted,,81.24422827461632,1.0,0,32358428723,1.043,1.0,7.0,0,1,fixed_lag_waveform,1.0,754.1446400000001,32358428723,0,0,169
4044819,32359103223,673.457,673.457,1,0,1,accepted,,82.66592083635868,1.0,0,32359100723,2.5,1.0,7.0,0,1,fixed_lag_waveform,1.0,753.1244800000001,32359100723,0,0,169
4044903,32359773393,670.17,670.17,1,0,1,accepted,,84.45755726222382,1.0,0,32359772726,0.667,1.0,7.0,0,1,fixed_lag_waveform,1.0,749.0601600000001,32359772726,0,0,169
4044988,32360455580,682.187,682.187,1,0,1,accepted,,87.16647925873626,1.0,0,32360452723,2.857,1.0,7.0,0,1,fixed_lag_waveform,1.0,744.1331200000001,32360452723,0,0,169
4045074,32361146890,691.31,691.31,1,0,1,accepted,,87.16647925873626,1.0,0,32361148723,-1.833,1.0,7.0,0,1,fixed_lag_waveform,1.0,737.06816,32361148723,0,0,73
4045165,32361876403,729.513,729.513,1,0,1,accepted,,87.16647925873626,1.0,0,32361876723,-0.32,1.0,7.0,0,1,fixed_lag_waveform,1.0,737.06816,32361876723,0,0,73
4045262,32362651031,774.628,774.628,1,0,1,accepted,,87.16647925873626,1.0,0,32362652723,-1.692,1.0,7.0,0,1,fixed_lag_waveform,1.0,737.06816,32362652723,0,0,73
4045359,32363422056,771.025,771.025,1,0,1,accepted,,87.16647925873626,1.0,0,32363420723,1.333,1.0,7.0,0,1,fixed_lag_waveform,1.0,737.06816,32363420723,0,0,73
4045455,32364190262,768.206,768.206,1,0,1,accepted,,86.79174321216243,1.0,0,32364188724,1.538,1.0,7.0,0,1,fixed_lag_waveform,1.0,737.06816,32364188724,0,0,73
4045557,32365008430,818.168,818.168,1,0,1,accepted,,82.24664947711692,1.0,0,32365004726,3.704,1.0,7.0,0,1,fixed_lag_waveform,1.0,738.0192000000001,32365004726,0,0,73
4045660,32365829555,821.125,821.125,1,0,1,accepted,,78.10405021569736,1.0,0,32365828725,0.83,1.0,7.0,0,1,fixed_lag_waveform,1.0,755.68416,32365828725,0,0,73
4045760,32366630527,800.972,800.972,1,0,1,accepted,,77.8184883758633,1.0,0,32366628723,1.804,1.0,7.0,0,1,fixed_lag_waveform,1.0,768.06592,32366628723,0,0,73
4045861,32367443662,813.135,813.135,1,0,1,accepted,,77.45653397501768,1.0,0,32367444723,-1.061,1.0,7.0,0,1,fixed_lag_waveform,1.0,768.9680000000001,32367444723,0,0,73
4045961,32368240043,796.381,796.381,1,0,1,accepted,,75.3408230482646,1.0,0,32368236724,3.319,1.0,7.0,0,1,fixed_lag_waveform,1.0,770.12096,32368236724,0,0,73
4046064,32369067447,827.404,827.404,1,0,1,accepted,,74.90898558251725,1.0,0,32369068727,-1.28,1.0,7.0,0,1,fixed_lag_waveform,1.0,777.08192,32369068727,0,0,73
4046167,32369885226,817.779,817.779,1,0,1,accepted,,73.78848530686787,1.0,0,32369884726,0.5,1.0,7.0,0,1,fixed_lag_waveform,1.0,783.9910400000001,32369884726,0,0,73
4046264,32370665632,780.406,780.406,1,0,1,accepted,,73.78848530686787,1.0,0,32370660724,4.908,1.0,7.0,0,1,fixed_lag_waveform,1.0,787.8832,32370660724,0,0,73
4046364,32371467391,801.759,801.759,1,0,1,accepted,,73.78848530686787,1.0,0,32371468724,-1.333,1.0,7.0,0,1,fixed_lag_waveform,1.0,787.8832,32371468724,0,0,73
4046465,32372269556,802.165,802.165,1,0,1,accepted,,74.79757905169136,1.0,0,32372268723,0.833,1.0,7.0,0,1,fixed_lag_waveform,1.0,793.3232,32372268723,0,0,73
4046561,32373037087,767.531,767.531,1,0,1,accepted,,74.83545554212675,1.0,0,32373036723,0.364,1.0,7.0,0,1,fixed_lag_waveform,1.0,789.8127999999999,32373036723,0,0,73
4046655,32373790767,753.68,753.68,1,0,1,accepted,,74.83545554212675,1.0,0,32373788723,2.044,1.0,7.0,0,1,fixed_lag_waveform,1.0,789.6828800000001,32373788723,0,0,73
4046750,32374549942,759.175,759.175,1,0,1,accepted,,75.3408230482646,1.0,0,32374548725,1.217,1.0,7.0,0,1,fixed_lag_waveform,1.0,789.6828800000001,32374548725,0,0,73
4046843,32375299964,750.022,750.022,1,0,1,accepted,,76.88305830554866,1.0,0,32375300726,-0.762,1.0,7.0,0,1,fixed_lag_waveform,1.0,787.96192,32375300726,0,0,73
4046936,32376042723,742.759,742.759,1,0,1,accepted,,78.17273829982112,1.0,0,32376044723,-2.0,1.0,7.0,0,1,fixed_lag_waveform,1.0,782.84992,32376044723,0,0,73
4047030,32376794810,752.087,752.087,1,0,1,accepted,,79.03316099713506,1.0,0,32376796723,-1.913,1.0,7.0,0,1,fixed_lag_waveform,1.0,778.72992,32376796723,0,0,73
4047128,32377580205,785.395,785.395,1,0,1,accepted,,79.03316099713506,1.0,0,32377580727,-0.522,1.0,7.0,0,1,fixed_lag_waveform,1.0,770.616,32377580727,0,0,73
4047223,32378336916,756.711,756.711,1,0,1,accepted,,79.29050852967646,1.0,0,32378332723,4.193,1.0,7.0,0,1,fixed_lag_waveform,1.0,770.616,32378332723,0,0,73
4047320,32379108897,771.981,771.981,1,0,1,accepted,,79.29050852967646,1.0,0,32379108723,0.174,1.0,7.0,0,1,fixed_lag_waveform,1.0,764.38752,32379108723,0,0,73
4047418,32379894288,785.391,785.391,1,0,1,accepted,,79.29050852967646,1.0,0,32379892723,1.565,1.0,7.0,0,1,fixed_lag_waveform,1.0,764.38752,32379892723,0,0,73
4047513,32380655362,761.074,761.074,1,0,1,accepted,,79.03316099713506,1.0,0,32380652724,2.638,1.0,7.0,0,1,fixed_lag_waveform,1.0,764.38752,32380652724,0,0,73
4047605,32381390894,735.532,735.532,1,0,1,accepted,,79.29050852967646,1.0,0,32381388727,2.167,1.0,7.0,0,1,fixed_lag_waveform,1.0,765.1759999999999,32381388727,0,0,73
4047699,32382143393,752.499,752.499,1,0,1,accepted,,79.29050852967646,1.0,0,32382140726,2.667,1.0,7.0,0,1,fixed_lag_waveform,1.0,764.38752,32382140726,0,0,73
4047795,32382908898,765.505,765.505,1,0,1,accepted,,78.83596076071447,1.0,0,32382908724,0.174,1.0,7.0,0,1,fixed_lag_waveform,1.0,764.38752,32382908724,0,0,73
4047886,32383644101,735.203,735.203,1,0,1,accepted,,78.83596076071447,1.0,0,32383644723,-0.622,1.0,7.0,0,1,fixed_lag_waveform,1.0,765.78368,32383644723,0,0,73
4047979,32384387787,743.686,743.686,1,0,1,accepted,,79.29050852967646,1.0,0,32384388723,-0.936,1.0,7.0,0,1,fixed_lag_waveform,1.0,765.78368,32384388723,0,0,73
4048073,32385140031,752.244,752.244,1,0,1,accepted,,79.73432522833917,1.0,0,32385140727,-0.696,1.0,7.0,0,1,fixed_lag_waveform,1.0,769.82752,32385140727,0,0,73
4048168,32385894437,754.406,754.406,1,0,1,accepted,,79.73432522833917,1.0,0,32385892723,1.714,1.0,7.0,0,1,fixed_lag_waveform,1.0,768.4796800000001,32385892723,0,0,73
4048261,32386644027,749.59,749.59,1,0,1,accepted,,79.76135402874598,1.0,0,32386644723,-0.696,1.0,7.0,0,1,fixed_lag_waveform,1.0,768.4796800000001,32386644723,0,0,73
4048357,32387406059,762.032,762.032,1,0,1,accepted,,79.76135402874598,1.0,0,32387404726,1.333,1.0,7.0,0,1,fixed_lag_waveform,1.0,768.39808,32387404726,0,0,73
4048455,32388191185,785.126,785.126,1,0,1,accepted,,79.73432522833917,1.0,0,32388188723,2.462,1.0,7.0,0,1,fixed_lag_waveform,1.0,773.83808,32388188723,0,0,73
4048557,32389009226,818.041,818.041,1,0,1,accepted,,79.53277147848772,1.0,0,32389004723,4.503,1.0,7.0,0,1,fixed_lag_waveform,1.0,768.4796800000001,32389004723,0,0,73
4048657,32389805523,796.297,796.297,1,0,1,accepted,,79.53277147848772,1.0,0,32389804723,0.8,1.0,7.0,0,1,fixed_lag_waveform,1.0,774.52992,32389804723,0,0,73
4048755,32390592723,787.2,787.2,1,0,1,accepted,,78.73685094589203,1.0,0,32390588723,4.0,1.0,7.0,0,1,fixed_lag_waveform,1.0,774.52992,32390588723,0,0,73
4048858,32391413495,820.772,820.772,1,0,1,accepted,,76.42085474178667,1.0,0,32391412723,0.772,1.0,7.0,0,1,fixed_lag_waveform,1.0,771.53024,32391412723,0,0,73
4048962,32392245763,832.268,832.268,1,0,1,accepted,,76.21951219512195,1.0,0,32392244726,1.037,1.0,7.0,0,1,fixed_lag_waveform,1.0,778.9203200000001,32392244726,0,0,73
4049063,32393058323,812.56,812.56,1,0,1,accepted,,75.34877062201666,1.0,0,32393060723,-2.4,1.0,7.0,0,1,fixed_lag_waveform,1.0,785.024,32393060723,0,0,73
4049162,32393851591,793.268,793.268,1,0,1,accepted,,75.34877062201666,1.0,0,32393852723,-1.132,1.0,7.0,0,1,fixed_lag_waveform,1.0,787.9350400000001,32393852723,0,0,73
4049261,32394638058,786.467,786.467,1,0,1,accepted,,75.34877062201666,1.0,0,32394636725,1.333,1.0,7.0,0,1,fixed_lag_waveform,1.0,787.9350400000001,32394636725,0,0,73
4049361,32395438155,800.097,800.097,1,0,1,accepted,,74.99090735248352,1.0,0,32395436726,1.429,1.0,7.0,0,1,fixed_lag_waveform,1.0,787.9350400000001,32395436726,0,0,73
4049455,32396196085,757.93,757.93,1,0,1,accepted,,75.34877062201666,1.0,0,32396196725,-0.64,1.0,7.0,0,1,fixed_lag_waveform,1.0,789.15104,32396196725,0,0,73
4049554,32396981468,785.383,785.383,1,0,1,accepted,,75.6364809875099,1.0,0,32396980727,0.741,1.0,7.0,0,1,fixed_lag_waveform,1.0,793.3750400000001,32396980727,0,0,73
4049650,32397754324,772.856,772.856,1,0,1,accepted,,75.6364809875099,1.0,0,32397756724,-2.4,1.0,7.0,0,1,fixed_lag_waveform,1.0,792.4057600000001,32397756724,0,0,73
4049743,32398495923,741.599,741.599,1,0,1,accepted,,76.29055001672035,1.0,0,32398492723,3.2,1.0,7.0,0,1,fixed_lag_waveform,1.0,792.4057600000001,32398492723,0,0,73
4049840,32399270323,774.4,774.4,1,0,1,accepted,,76.39584763102843,1.0,0,32399268723,1.6,1.0,7.0,0,1,fixed_lag_waveform,1.0,790.2294400000001,32399268723,0,0,73
4049939,32400064096,793.773,793.773,1,0,1,accepted,,76.39584763102843,1.0,0,32400060723,3.373,1.0,7.0,0,1,fixed_lag_waveform,1.0,789.88256,32400060723,0,0,73
4050037,32400848726,784.63,784.63,1,0,1,accepted,,76.46916380969374,1.0,0,32400844726,4.0,1.0,7.0,0,1,fixed_lag_waveform,1.0,789.88256,32400844726,0,0,73
4050135,32401636390,787.664,787.664,1,0,1,accepted,,76.46916380969374,1.0,0,32401636723,-0.333,1.0,7.0,0,1,fixed_lag_waveform,1.0,789.6416,32401636723,0,0,73
4050236,32402437060,800.67,800.67,1,0,1,accepted,,76.46916380969374,1.0,0,32402436727,0.333,1.0,7.0,0,1,fixed_lag_waveform,1.0,789.6416,32402436727,0,0,73
4050335,32403231444,794.384,794.384,1,0,1,accepted,,76.39584763102843,1.0,0,32403228724,2.72,1.0,7.0,0,1,fixed_lag_waveform,1.0,789.6416,32403228724,0,0,73
4050433,32404015557,784.113,784.113,1,0,1,accepted,,76.46916380969374,1.0,0,32404012724,2.833,1.0,7.0,0,1,fixed_lag_waveform,1.0,789.88256,32404012724,0,0,73
4050531,32404802940,787.383,787.383,1,0,1,accepted,,76.20179760040538,1.0,0,32404804727,-1.787,1.0,7.0,0,1,fixed_lag_waveform,1.0,789.6416,32404804727,0,0,73
4050630,32405594803,791.863,791.863,1,0,1,accepted,,76.17461252513762,1.0,0,32405596723,-1.92,1.0,7.0,0,1,fixed_lag_waveform,1.0,790.5225600000001,32405596723,0,0,73
4050730,32406392390,797.587,797.587,1,0,1,accepted,,75.7706825549369,1.0,0,32406388723,3.667,1.0,7.0,0,1,fixed_lag_waveform,1.0,790.61248,32406388723,0,0,73
4050830,32407195890,803.5,803.5,1,0,1,accepted,,75.7706825549369,1.0,0,32407196723,-0.833,1.0,7.0,0,1,fixed_lag_waveform,1.0,791.9561600000001,32407196723,0,0,73
4050932,32408005056,809.166,809.166,1,0,1,accepted,,75.53022215956011,1.0,0,32408004723,0.333,1.0,7.0,0,1,fixed_lag_waveform,1.0,791.9561600000001,32408004723,0,0,73
4051032,32408808061,803.005,803.005,1,0,1,accepted,,75.22690314661598,1.0,0,32408804728,3.333,1.0,7.0,0,1,fixed_lag_waveform,1.0,798.20288,32408804728,0,0,73
4051129,32409582463,774.402,774.402,1,0,1,accepted,,75.53022215956011,1.0,0,32409580724,1.739,1.0,7.0,0,1,fixed_lag_waveform,1.0,799.22784,32409580724,0,0,73
4051227,32410367927,785.464,785.464,1,0,1,accepted,,75.7706825549369,1.0,0,32410364727,3.2,1.0,7.0,0,1,fixed_lag_waveform,1.0,803.6428800000001,32410364727,0,0,73
4051327,32411168214,800.287,800.287,1,0,1,accepted,,75.22690314661598,1.0,0,32411164725,3.489,1.0,7.0,0,1,fixed_lag_waveform,1.0,802.8361600000001,32411164725,0,0,73
4051428,32411976382,808.168,808.168,1,0,1,accepted,,74.97310339915555,1.0,0,32411972722,3.66,1.0,7.0,0,1,fixed_lag_waveform,1.0,810.10784,32411972722,0,0,73
4051527,32412771814,795.432,795.432,1,0,1,accepted,,74.97310339915555,1.0,0,32412772723,-0.909,1.0,7.0,0,1,fixed_lag_waveform,1.0,810.9718399999999,32412772723,0,0,73
4051630,32413589149,817.335,817.335,1,0,1,accepted,,74.71933549604299,1.0,0,32413588723,0.426,1.0,7.0,0,1,fixed_lag_waveform,1.0,810.9718399999999,32413588723,0,0,73
4051738,32414456890,867.741,867.741,1,0,1,accepted,,74.71933549604299,1.0,0,32414452727,4.163,1.0,7.0,0,1,fixed_lag_waveform,1.0,811.8416,32414452727,0,0,73
4051850,32415352403,895.513,895.513,1,0,1,accepted,,74.71933549604299,1.0,0,32415348723,3.68,1.0,7.0,0,1,fixed_lag_waveform,1.0,811.8416,32415348723,0,0,73
4051956,32416202820,850.417,850.417,1,0,1,accepted,,74.24198928935567,1.0,0,32416204725,-1.905,1.0,7.0,0,1,fixed_lag_waveform,1.0,811.8416,32416204725,0,0,73
4052062,32417050725,847.905,847.905,1,0,1,accepted,,73.40931197122354,1.0,0,32417052725,-2.0,1.0,7.0,0,1,fixed_lag_waveform,1.0,813.4937600000001,32417052725,0,0,73
4052168,32417897972,847.247,847.247,1,0,1,accepted,,70.81760100655417,1.0,0,32417900728,-2.756,1.0,7.0,0,1,fixed_lag_waveform,1.0,821.8672000000001,32417900728,0,0,73
4052272,32418729281,831.309,831.309,1,0,1,accepted,,70.81760100655417,1.0,0,32418724726,4.555,1.0,7.0,0,1,fixed_lag_waveform,1.0,831.43904,32418724726,0,0,73
4052371,32419523268,793.987,793.987,1,0,1,accepted,,70.81760100655417,1.0,0,32419524723,-1.455,1.0,7.0,0,1,fixed_lag_waveform,1.0,831.43904,32419524723,0,0,73
4052471,32420320216,796.948,796.948,1,0,1,accepted,,70.81760100655417,1.0,0,32420316727,3.489,1.0,7.0,0,1,fixed_lag_waveform,1.0,831.43904,32420316727,0,0,73
4052573,32421138437,818.221,818.221,1,0,1,accepted,,70.81760100655417,1.0,0,32421140723,-2.286,1.0,7.0,0,1,fixed_lag_waveform,1.0,831.43904,32421140723,0,0,73
4052672,32421930159,791.722,791.722,1,0,1,accepted,,72.17532830752464,1.0,0,32421924723,5.436,1.0,7.0,0,1,fixed_lag_waveform,1.0,831.43904,32421924723,0,0,73
4052772,32422731331,801.172,801.172,1,0,1,accepted,,73.32982164965212,1.0,0,32422732726,-1.395,1.0,7.0,0,1,fixed_lag_waveform,1.0,831.77888,32422732726,0,0,73
4052875,32423553954,822.623,822.623,1,0,1,accepted,,73.32982164965212,1.0,0,32423548724,5.23,1.0,7.0,0,1,fixed_lag_waveform,1.0,827.5907199999999,32423548724,0,0,73
4052981,32424401675,847.721,847.721,1,0,1,accepted,,73.32982164965212,1.0,0,32424396723,4.952,1.0,7.0,0,1,fixed_lag_waveform,1.0,827.5907199999999,32424396723,0,0,73
4053086,32425239834,838.159,838.159,1,0,1,accepted,,73.32982164965212,1.0,0,32425236723,3.111,1.0,7.0,0,1,fixed_lag_waveform,1.0,827.5907199999999,32425236723,0,0,73
4053189,32426068362,828.528,828.528,1,0,1,accepted,,73.32982164965212,1.0,0,32426068726,-0.364,1.0,7.0,0,1,fixed_lag_waveform,1.0,822.1507200000001,32426068726,0,0,73
4053293,32426897486,829.124,829.124,1,0,1,accepted,,72.9374209084842,1.0,0,32426892727,4.759,1.0,7.0,0,1,fixed_lag_waveform,1.0,822.1507200000001,32426892727,0,0,73
4053395,32427716444,818.958,818.958,1,0,1,accepted,,72.9374209084842,1.0,0,32427716723,-0.279,1.0,7.0,0,1,fixed_lag_waveform,1.0,823.5593600000001,32427716723,0,0,73
4053497,32428524825,808.381,808.381,1,0,1,accepted,,72.9374209084842,1.0,0,32428524727,0.098,1.0,7.0,0,1,fixed_lag_waveform,1.0,823.5593600000001,32428524727,0,0,73
4053600,32429351508,826.683,826.683,1,0,1,accepted,,72.57921113655416,1.0,0,32429348725,2.783,1.0,7.0,0,1,fixed_lag_waveform,1.0,818.11936,32429348725,0,0,73
4053703,32430178723,827.215,827.215,1,0,1,accepted,,72.53253386362674,1.0,0,32430180723,-2.0,1.0,7.0,0,1,fixed_lag_waveform,1.0,824.8585600000001,32430180723,0,0,73
4053804,32430981869,803.146,803.146,1,0,1,accepted,,72.53253386362674,1.0,0,32430980726,1.143,1.0,7.0,0,1,fixed_lag_waveform,1.0,825.0288,32430980726,0,0,73
4053903,32431775480,793.611,793.611,1,0,1,accepted,,72.57921113655416,1.0,0,32431772724,2.756,1.0,7.0,0,1,fixed_lag_waveform,1.0,825.0288,32431772724,0,0,73
4054005,32432596631,821.151,821.151,1,0,1,accepted,,73.06816894822025,1.0,0,32432596724,-0.093,1.0,7.0,0,1,fixed_lag_waveform,1.0,824.8585600000001,32432596724,0,0,73
4054108,32433419009,822.378,822.378,1,0,1,accepted,,73.06816894822025,1.0,0,32433420723,-1.714,1.0,7.0,0,1,fixed_lag_waveform,1.0,823.0883200000001,32433420723,0,0,73
4054209,32434228074,809.065,809.065,1,0,1,accepted,,73.26383037957991,1.0,0,32434228725,-0.651,1.0,7.0,0,1,fixed_lag_waveform,1.0,828.52832,32434228725,0,0,73
4054313,32435059036,830.962,830.962,1,0,1,accepted,,73.06816894822025,1.0,0,32435060725,-1.689,1.0,7.0,0,1,fixed_lag_waveform,1.0,827.82656,32435060725,0,0,73
4054419,32435904905,845.869,845.869,1,0,1,accepted,,72.95915017181879,1.0,0,32435900727,4.178,1.0,7.0,0,1,fixed_lag_waveform,1.0,823.0883200000001,32435900727,0,0,73
4054523,32436738123,833.218,833.218,1,0,1,accepted,,72.95915017181879,1.0,0,32436740723,-2.6,1.0,7.0,0,1,fixed_lag_waveform,1.0,823.4809600000001,32436740723,0,0,73
4054627,32437569839,831.716,831.716,1,0,1,accepted,,72.95915017181879,1.0,0,32437564725,5.114,1.0,7.0,0,1,fixed_lag_waveform,1.0,823.4809600000001,32437564725,0,0,73
4054733,32438416545,846.706,846.706,1,0,1,accepted,,72.20546787939762,1.0,0,32438412723,3.822,1.0,7.0,0,1,fixed_lag_waveform,1.0,823.4809600000001,32438412723,0,0,73
4054840,32439273282,856.737,856.737,1,0,1,accepted,,72.14000933010787,1.0,0,32439268723,4.559,1.0,7.0,0,1,fixed_lag_waveform,1.0,820.78784,32439268723,0,0,73
4054944,32440105341,832.059,832.059,1,0,1,accepted,,72.11027102645366,1.0,0,32440100725,4.616,1.0,7.0,0,1,fixed_lag_waveform,1.0,826.46912,32440100725,0,0,73
4055048,32440936541,831.2,831.2,1,0,1,accepted,,72.11027102645366,1.0,0,32440932727,3.814,1.0,7.0,0,1,fixed_lag_waveform,1.0,826.57888,32440932727,0,0,73
4055152,32441770359,833.818,833.818,1,0,1,accepted,,72.00996617931922,1.0,0,32441772723,-2.364,1.0,7.0,0,1,fixed_lag_waveform,1.0,826.57888,32441772723,0,0,73
4055252,32442572723,802.364,802.364,1,0,1,accepted,,72.00996617931922,1.0,0,32442572723,0.0,1.0,7.0,0,1,fixed_lag_waveform,1.0,826.94976,32442572723,0,0,73
4055351,32443362056,789.333,789.333,1,0,1,accepted,,72.11027102645366,1.0,0,32443356724,5.332,1.0,7.0,0,1,fixed_lag_waveform,1.0,826.94976,32443356724,0,0,73
4055452,32444166060,804.004,804.004,1,0,1,accepted,,72.14000933010787,1.0,0,32444164727,1.333,1.0,7.0,0,1,fixed_lag_waveform,1.0,826.57888,32444164727,0,0,73
4055550,32444953544,787.484,787.484,1,0,1,accepted,,72.18479307025986,1.0,0,32444948725,4.819,1.0,7.0,0,1,fixed_lag_waveform,1.0,821.0291199999999,32444948725,0,0,73
4055648,32445738632,785.088,785.088,1,0,1,accepted,,74.62649439555027,1.0,0,32445740727,-2.095,1.0,7.0,0,1,fixed_lag_waveform,1.0,820.864,32445740727,0,0,73
4055749,32446544015,805.383,805.383,1,0,1,accepted,,74.62649439555027,1.0,0,32446540726,3.289,1.0,7.0,0,1,fixed_lag_waveform,1.0,812.16128,32446540726,0,0,73
4055856,32447396808,852.793,852.793,1,0,1,accepted,,74.62649439555027,1.0,0,32447396723,0.085,1.0,7.0,0,1,fixed_lag_waveform,1.0,806.7212800000001,32447396723,0,0,73
4055965,32448268809,872.001,872.001,1,0,1,accepted,,74.62649439555027,1.0,0,32448268724,0.085,1.0,7.0,0,1,fixed_lag_waveform,1.0,806.7212800000001,32448268724,0,0,73
4056066,32449081295,812.486,812.486,1,0,1,accepted,,74.62649439555027,1.0,0,32449076723,4.572,1.0,7.0,0,1,fixed_lag_waveform,1.0,806.7212800000001,32449076723,0,0,73
4056165,32449870546,789.251,789.251,1,0,1,accepted,,74.62649439555027,1.0,0,32449868728,1.818,1.0,7.0,0,1,fixed_lag_waveform,1.0,801.28128,32449868728,0,0,73
4056264,32450663268,792.722,792.722,1,0,1,accepted,,74.62649439555027,1.0,0,32450660723,2.545,1.0,7.0,0,1,fixed_lag_waveform,1.0,801.28128,32450660723,0,0,73
4056359,32451425894,762.626,762.626,1,0,1,accepted,,75.68857682768991,1.0,0,32451428723,-2.829,1.0,7.0,0,1,fixed_lag_waveform,1.0,801.28128,32451428723,0,0,73
4056453,32452177840,751.946,751.946,1,0,1,accepted,,75.68857682768991,1.0,0,32452172723,5.117,1.0,7.0,0,1,fixed_lag_waveform,1.0,797.67104,32452172723,0,0,73
4056549,32452948344,770.504,770.504,1,0,1,accepted,,75.68857682768991,1.0,0,32452948725,-0.381,1.0,7.0,0,1,fixed_lag_waveform,1.0,797.67104,32452948725,0,0,73
4056646,32453719610,771.266,771.266,1,0,1,accepted,,76.02144311505465,1.0,0,32453716726,2.884,1.0,7.0,0,1,fixed_lag_waveform,1.0,803.11104,32453716726,0,0,73
4056738,32454458871,739.261,739.261,1,0,1,accepted,,77.79417217924815,1.0,0,32454460725,-1.854,1.0,7.0,0,1,fixed_lag_waveform,1.0,802.0003200000001,32454460725,0,0,73
4056833,32455215891,757.02,757.02,1,0,1,accepted,,77.87110774246467,1.0,0,32455212724,3.167,1.0,7.0,0,1,fixed_lag_waveform,1.0,796.24512,32455212724,0,0,73
4056932,32456010178,794.287,794.287,1,0,1,accepted,,77.87110774246467,1.0,0,32456012723,-2.545,1.0,7.0,0,1,fixed_lag_waveform,1.0,796.0012800000001,32456012723,0,0,73
4057028,32456780040,769.862,769.862,1,0,1,accepted,,77.93604568091425,1.0,0,32456780723,-0.683,1.0,7.0,0,1,fixed_lag_waveform,1.0,796.0012800000001,32456780723,0,0,73
4057128,32457580545,800.505,800.505,1,0,1,accepted,,77.93604568091425,1.0,0,32457580727,-0.182,1.0,7.0,0,1,fixed_lag_waveform,1.0,795.79584,32457580727,0,0,73
4057237,32458445621,865.076,865.076,1,0,1,accepted,,77.87110774246467,1.0,0,32458444723,0.898,1.0,7.0,0,1,fixed_lag_waveform,1.0,795.79584,32458444723,0,0,73
4057346,32459322028,876.407,876.407,1,0,1,accepted,,77.79417217924815,1.0,0,32459324726,-2.698,1.0,7.0,0,1,fixed_lag_waveform,1.0,796.0012800000001,32459324726,0,0,73
4057450,32460150818,828.79,828.79,1,0,1,accepted,,75.53944606924198,1.0,0,32460148723,2.095,1.0,7.0,0,1,fixed_lag_waveform,1.0,796.24512,32460148723,0,0,73
4057554,32460985090,834.272,834.272,1,0,1,accepted,,74.95268611688871,1.0,0,32460980726,4.364,1.0,7.0,0,1,fixed_lag_waveform,1.0,803.61184,32460980726,0,0,73
4057658,32461818359,833.269,833.269,1,0,1,accepted,,72.39469588194838,1.0,0,32461820723,-2.364,1.0,7.0,0,1,fixed_lag_waveform,1.0,805.6016000000001,32461820723,0,0,73
4057758,32462613633,795.274,795.274,1,0,1,accepted,,72.39469588194838,1.0,0,32462612724,0.909,1.0,7.0,0,1,fixed_lag_waveform,1.0,814.6528000000001,32462612724,0,0,73
4057858,32463419568,805.935,805.935,1,0,1,accepted,,72.39469588194838,1.0,0,32463420724,-1.156,1.0,7.0,0,1,fixed_lag_waveform,1.0,814.6528000000001,32463420724,0,0,73
4057962,32464244832,825.264,825.264,1,0,1,accepted,,72.39469588194838,1.0,0,32464244724,0.108,1.0,7.0,0,1,fixed_lag_waveform,1.0,814.6528000000001,32464244724,0,0,73
4058068,32465098359,853.527,853.527,1,0,1,accepted,,72.0055588291416,1.0,0,32465100723,-2.364,1.0,7.0,0,1,fixed_lag_waveform,1.0,814.6528000000001,32465100723,0,0,73
4058172,32465932524,834.165,834.165,1,0,1,accepted,,72.0055588291416,1.0,0,32465932724,-0.2,1.0,7.0,0,1,fixed_lag_waveform,1.0,821.52608,32465932724,0,0,73
4058273,32466740235,807.711,807.711,1,0,1,accepted,,72.39469588194838,1.0,0,32466740723,-0.488,1.0,7.0,0,1,fixed_lag_waveform,1.0,821.52608,32466740723,0,0,73
4058376,32467558628,818.393,818.393,1,0,1,accepted,,72.70400744489037,1.0,0,32467556723,1.905,1.0,7.0,0,1,fixed_lag_waveform,1.0,820.0928,32467556723,0,0,73
4058473,32468334820,776.192,776.192,1,0,1,accepted,,73.31441006948984,1.0,0,32468332725,2.095,1.0,7.0,0,1,fixed_lag_waveform,1.0,818.96448,32468332725,0,0,73
4058570,32469115268,780.448,780.448,1,0,1,accepted,,74.28399514182672,1.0,0,32469116723,-1.455,1.0,7.0,0,1,fixed_lag_waveform,1.0,816.76576,32469116723,0,0,73
4058670,32469910723,795.455,795.455,1,0,1,accepted,,74.28399514182672,1.0,0,32469908723,2.0,1.0,7.0,0,1,fixed_lag_waveform,1.0,813.34752,32469908723,0,0,73
4058767,32470689897,779.174,779.174,1,0,1,accepted,,74.28399514182672,1.0,0,32470684723,5.174,1.0,7.0,0,1,fixed_lag_waveform,1.0,807.9075200000001,32470684723,0,0,73
4058864,32471464913,775.016,775.016,1,0,1,accepted,,75.42852832655524,1.0,0,32471460723,4.19,1.0,7.0,0,1,fixed_lag_waveform,1.0,807.9075200000001,32471460723,0,0,73
4058965,32472269247,804.334,804.334,1,0,1,accepted,,75.42852832655524,1.0,0,32472268725,0.522,1.0,7.0,0,1,fixed_lag_waveform,1.0,803.9856000000001,32472268725,0,0,73
4059067,32473091332,822.085,822.085,1,0,1,accepted,,75.42852832655524,1.0,0,32473092723,-1.391,1.0,7.0,0,1,fixed_lag_waveform,1.0,803.9856000000001,32473092723,0,0,73
4059168,32473895556,804.224,804.224,1,0,1,accepted,,75.42852832655524,1.0,0,32473892723,2.833,1.0,7.0,0,1,fixed_lag_waveform,1.0,803.9856000000001,32473892723,0,0,73
4059271,32474721071,825.515,825.515,1,0,1,accepted,,75.42852832655524,1.0,0,32474716725,4.346,1.0,7.0,0,1,fixed_lag_waveform,1.0,803.9856000000001,32474716725,0,0,73
4059376,32475562192,841.121,841.121,1,0,1,accepted,,74.60607989813782,1.0,0,32475564723,-2.531,1.0,7.0,0,1,fixed_lag_waveform,1.0,803.9856000000001,32475564723,0,0,73
4059477,32476364808,802.616,802.616,1,0,1,accepted,,74.60607989813782,1.0,0,32476364723,0.085,1.0,7.0,0,1,fixed_lag_waveform,1.0,806.79168,32476364723,0,0,73
4059577,32477169453,804.645,804.645,1,0,1,accepted,,74.59587683723429,1.0,0,32477164726,4.727,1.0,7.0,0,1,fixed_lag_waveform,1.0,801.35168,32477164726,0,0,73
4059678,32477976387,806.934,806.934,1,0,1,accepted,,74.56704509442052,1.0,0,32477972727,3.66,1.0,7.0,0,1,fixed_lag_waveform,1.0,806.8268800000001,32477972727,0,0,73
4059779,32478787213,810.826,810.826,1,0,1,accepted,,74.3555235000632,1.0,0,32478788724,-1.511,1.0,7.0,0,1,fixed_lag_waveform,1.0,801.4864,32478788724,0,0,73
4059879,32479587212,799.999,799.999,1,0,1,accepted,,74.3555235000632,1.0,0,32479588723,-1.511,1.0,7.0,0,1,fixed_lag_waveform,1.0,802.21888,32479588723,0,0,73
4059978,32480374390,787.178,787.178,1,0,1,accepted,,74.56704509442052,1.0,0,32480372723,1.667,1.0,7.0,0,1,fixed_lag_waveform,1.0,802.21888,32480372723,0,0,73
4060078,32481180471,806.081,806.081,1,0,1,accepted,,74.43420698416163,1.0,0,32481180726,-0.255,1.0,7.0,0,1,fixed_lag_waveform,1.0,801.4864,32481180726,0,0,73
4060183,32482013294,832.823,832.823,1,0,1,accepted,,74.43420698416163,1.0,0,32482012723,0.571,1.0,7.0,0,1,fixed_lag_waveform,1.0,801.94592,32482012723,0,0,73
4060283,32482814811,801.517,801.517,1,0,1,accepted,,74.56704509442052,1.0,0,32482812724,2.087,1.0,7.0,0,1,fixed_lag_waveform,1.0,801.94592,32482812724,0,0,73
4060384,32483625636,810.825,810.825,1,0,1,accepted,,74.43420698416163,1.0,0,32483620723,4.913,1.0,7.0,0,1,fixed_lag_waveform,1.0,801.4864,32483620723,0,0,73
4060488,32484457404,831.768,831.768,1,0,1,accepted,,74.3555235000632,1.0,0,32484452724,4.68,1.0,7.0,0,1,fixed_lag_waveform,1.0,801.94592,32484452724,0,0,73
4060589,32485267201,809.797,809.797,1,0,1,accepted,,74.09264297101619,1.0,0,32485268725,-1.524,1.0,7.0,0,1,fixed_lag_waveform,1.0,802.21888,32485268725,0,0,73
4060686,32486043580,776.379,776.379,1,0,1,accepted,,74.43420698416163,1.0,0,32486044723,-1.143,1.0,7.0,0,1,fixed_lag_waveform,1.0,803.13504,32486044723,0,0,73
4060783,32486816900,773.32,773.32,1,0,1,accepted,,74.43420698416163,1.0,0,32486812725,4.175,1.0,7.0,0,1,fixed_lag_waveform,1.0,801.94592,32486812725,0,0,73
4060879,32487588100,771.2,771.2,1,0,1,accepted,,74.43420698416163,1.0,0,32487588722,-0.622,1.0,7.0,0,1,fixed_lag_waveform,1.0,807.38592,32487588722,0,0,73
4060975,32488354770,766.67,766.67,1,0,1,accepted,,74.8580504218875,1.0,0,32488356723,-1.953,1.0,7.0,0,1,fixed_lag_waveform,1.0,807.38592,32488356723,0,0,73
4061072,32489129966,775.196,775.196,1,0,1,accepted,,77.28184301739228,1.0,0,32489132722,-2.756,1.0,7.0,0,1,fixed_lag_waveform,1.0,805.9254400000001,32489132722,0,0,73
4061171,32489918680,788.714,788.714,1,0,1,accepted,,77.28184301739228,1.0,0,32489916723,1.957,1.0,7.0,0,1,fixed_lag_waveform,1.0,797.8812800000001,32489916723,0,0,73
4061269,32490704723,786.043,786.043,1,0,1,accepted,,77.28184301739228,1.0,0,32490700723,4.0,1.0,7.0,0,1,fixed_lag_waveform,1.0,803.32128,32490700723,0,0,73
4061370,32491511723,807.0,807.0,1,0,1,accepted,,77.28184301739228,1.0,0,32491508723,3.0,1.0,7.0,0,1,fixed_lag_waveform,1.0,803.32128,32491508723,0,0,73
4061472,32492330541,818.818,818.818,1,0,1,accepted,,77.28184301739228,1.0,0,32492332723,-2.182,1.0,7.0,0,1,fixed_lag_waveform,1.0,808.76128,32492332723,0,0,73
4061571,32493123997,793.456,793.456,1,0,1,accepted,,76.33170195523654,1.0,0,32493124724,-0.727,1.0,7.0,0,1,fixed_lag_waveform,1.0,808.76128,32493124724,0,0,73
4061678,32493979890,855.893,855.893,1,0,1,accepted,,76.0732027071917,1.0,0,32493980723,-0.833,1.0,7.0,0,1,fixed_lag_waveform,1.0,806.41376,32493980723,0,0,73
4061788,32494857390,877.5,877.5,1,0,1,accepted,,75.61855981932206,1.0,0,32494852724,4.666,1.0,7.0,0,1,fixed_lag_waveform,1.0,807.26848,32494852724,0,0,73
4061894,32495702293,844.903,844.903,1,0,1,accepted,,74.34944237918215,1.0,0,32495700728,1.565,1.0,7.0,0,1,fixed_lag_waveform,1.0,808.78592,32495700728,0,0,73
4062001,32496558111,855.818,855.818,1,0,1,accepted,,73.2763568949388,1.0,0,32496556723,1.388,1.0,7.0,0,1,fixed_lag_waveform,1.0,813.12,32496556723,0,0,73
4062113,32497458595,900.484,900.484,1,0,1,accepted,,71.0140690706507,1.0,0,32497460723,-2.128,1.0,7.0,0,1,fixed_lag_waveform,1.0,816.90176,32497460723,0,0,73
4062221,32498321434,862.839,862.839,1,0,1,accepted,,70.10836416153901,1.0,0,32498316723,4.711,1.0,7.0,0,1,fixed_lag_waveform,1.0,819.8089600000001,32498316723,0,0,73
4062325,32499151743,830.309,830.309,1,0,1,accepted,,70.10836416153901,1.0,0,32499148723,3.02,1.0,7.0,0,1,fixed_lag_waveform,1.0,823.3017600000001,32499148723,0,0,73
4062428,32499975361,823.618,823.618,1,0,1,accepted,,70.10836416153901,1.0,0,32499972723,2.638,1.0,7.0,0,1,fixed_lag_waveform,1.0,823.3017600000001,32499972723,0,0,73
4062528,32500780542,805.181,805.181,1,0,1,accepted,,70.10836416153901,1.0,0,32500780724,-0.182,1.0,7.0,0,1,fixed_lag_waveform,1.0,823.3017600000001,32500780724,0,0,73
4062625,32501549561,769.019,769.019,1,0,1,accepted,,71.0140690706507,1.0,0,32501548724,0.837,1.0,7.0,0,1,fixed_lag_waveform,1.0,823.3017600000001,32501548724,0,0,73
4062720,32502316639,767.078,767.078,1,0,1,accepted,,72.2622541728441,1.0,0,32502316724,-0.085,1.0,7.0,0,1,fixed_lag_waveform,1.0,819.8089600000001,32502316724,0,0,73
4062818,32503096030,779.391,779.391,1,0,1,accepted,,72.849306353188,1.0,0,32503092726,3.304,1.0,7.0,0,1,fixed_lag_waveform,1.0,809.6988799999999,32503092726,0,0,73
4062914,32503868375,772.345,772.345,1,0,1,accepted,,74.51740664521392,1.0,0,32503868723,-0.348,1.0,7.0,0,1,fixed_lag_waveform,1.0,807.55776,32503868723,0,0,73
4063010,32504633636,765.261,765.261,1,0,1,accepted,,76.98318302366849,1.0,0,32504628723,4.913,1.0,7.0,0,1,fixed_lag_waveform,1.0,801.65792,32504628723,0,0,73
4063106,32505399049,765.413,765.413,1,0,1,accepted,,77.68549029255061,1.0,0,32505396723,2.326,1.0,7.0,0,1,fixed_lag_waveform,1.0,787.9651200000001,32505396723,0,0,73
4063200,32506153894,754.845,754.845,1,0,1,accepted,,78.02147931325494,1.0,0,32506156723,-2.829,1.0,7.0,0,1,fixed_lag_waveform,1.0,780.2704,32506156723,0,0,73
4063291,32506884634,730.74,730.74,1,0,1,accepted,,78.21890342311994,1.0,0,32506884727,-0.093,1.0,7.0,0,1,fixed_lag_waveform,1.0,779.20608,32506884727,0,0,73
4063383,32507615506,730.872,730.872,1,0,1,accepted,,78.38905270749255,1.0,0,32507612723,2.783,1.0,7.0,0,1,fixed_lag_waveform,1.0,778.58496,32507612723,0,0,73
4063476,32508357563,742.057,742.057,1,0,1,accepted,,78.40462273655655,1.0,0,32508356726,0.837,1.0,7.0,0,1,fixed_lag_waveform,1.0,778.05216,32508356726,0,0,73
4063568,32509099998,742.435,742.435,1,0,1,accepted,,79.48651709953698,1.0,0,32509100725,-0.727,1.0,7.0,0,1,fixed_lag_waveform,1.0,778.00352,32509100725,0,0,73
4063664,32509864056,764.058,764.058,1,0,1,accepted,,79.48651709953698,1.0,0,32509860723,3.333,1.0,7.0,0,1,fixed_lag_waveform,1.0,774.6704,32509860723,0,0,73
4063762,32510647058,783.002,783.002,1,0,1,accepted,,79.48651709953698,1.0,0,32510644725,2.333,1.0,7.0,0,1,fixed_lag_waveform,1.0,774.6704,32510644725,0,0,73
4063857,32511405843,758.785,758.785,1,0,1,accepted,,79.48651709953698,1.0,0,32511404723,1.12,1.0,7.0,0,1,fixed_lag_waveform,1.0,774.6704,32511404723,0,0,73
4063948,32512134684,728.841,728.841,1,0,1,accepted,,80.81515553550143,1.0,0,32512132723,1.961,1.0,7.0,0,1,fixed_lag_waveform,1.0,774.6704,32512132723,0,0,73
4064043,32512895940,761.256,761.256,1,0,1,accepted,,80.81515553550143,1.0,0,32512892724,3.216,1.0,7.0,0,1,fixed_lag_waveform,1.0,770.6992,32512892724,0,0,73
4064141,32513679187,783.247,783.247,1,0,1,accepted,,79.07378242848765,1.0,0,32513676725,2.462,1.0,7.0,0,1,fixed_lag_waveform,1.0,770.6992,32513676725,0,0,73
4064242,32514491663,812.476,812.476,1,0,1,accepted,,78.81711277152496,1.0,0,32514492724,-1.061,1.0,7.0,0,1,fixed_lag_waveform,1.0,775.9312,32514492724,0,0,73
4064344,32515308641,816.978,816.978,1,0,1,accepted,,78.52806985857094,1.0,0,32515308723,-0.082,1.0,7.0,0,1,fixed_lag_waveform,1.0,782.16192,32515308723,0,0,73
4064454,32516182978,874.337,874.337,1,0,1,accepted,,76.62815676077456,1.0,0,32516180723,2.255,1.0,7.0,0,1,fixed_lag_waveform,1.0,783.05856,32516180723,0,0,73
4064564,32517061918,878.94,878.94,1,0,1,accepted,,76.60418744023278,1.0,0,32517060725,1.193,1.0,7.0,0,1,fixed_lag_waveform,1.0,789.1206400000001,32517060725,0,0,73
4064667,32517886601,824.683,824.683,1,0,1,accepted,,73.8483352123632,1.0,0,32517884723,1.878,1.0,7.0,0,1,fixed_lag_waveform,1.0,789.1990400000001,32517884723,0,0,73
4064767,32518691390,804.789,804.789,1,0,1,accepted,,73.8483352123632,1.0,0,32518692723,-1.333,1.0,7.0,0,1,fixed_lag_waveform,1.0,803.9923200000001,32518692723,0,0,73
4064867,32519488567,797.177,797.177,1,0,1,accepted,,73.8483352123632,1.0,0,32519484724,3.843,1.0,7.0,0,1,fixed_lag_waveform,1.0,803.9923200000001,32519484724,0,0,73
4064968,32520297063,808.496,808.496,1,0,1,accepted,,73.8483352123632,1.0,0,32520292723,4.34,1.0,7.0,0,1,fixed_lag_waveform,1.0,803.9923200000001,32520292723,0,0,73
4065068,32521096893,799.83,799.83,1,0,1,accepted,,73.8483352123632,1.0,0,32521092725,4.168,1.0,7.0,0,1,fixed_lag_waveform,1.0,803.9923200000001,32521092725,0,0,73
4065168,32521896252,799.359,799.359,1,0,1,accepted,,74.2118699412242,1.0,0,32521892723,3.529,1.0,7.0,0,1,fixed_lag_waveform,1.0,803.9923200000001,32521892723,0,0,73
4065269,32522703800,807.548,807.548,1,0,1,accepted,,74.29898903842249,1.0,0,32522700723,3.077,1.0,7.0,0,1,fixed_lag_waveform,1.0,808.1587200000001,32522700723,0,0,73
4065370,32523512261,808.461,808.461,1,0,1,accepted,,74.29898903842249,1.0,0,32523508723,3.538,1.0,7.0,0,1,fixed_lag_waveform,1.0,807.85536,32523508723,0,0,73
4065469,32524305593,793.332,793.332,1,0,1,accepted,,74.55370289603859,1.0,0,32524300723,4.87,1.0,7.0,0,1,fixed_lag_waveform,1.0,813.2953600000001,32524300723,0,0,73
4065569,32525105866,800.273,800.273,1,0,1,accepted,,74.97441498088777,1.0,0,32525108723,-2.857,1.0,7.0,0,1,fixed_lag_waveform,1.0,812.41248,32525108723,0,0,73
4065670,32525914114,808.248,808.248,1,0,1,accepted,,74.97441498088777,1.0,0,32525916723,-2.609,1.0,7.0,0,1,fixed_lag_waveform,1.0,810.96736,32525916723,0,0,73
4065769,32526704204,790.09,790.09,1,0,1,accepted,,74.97441498088777,1.0,0,32526700726,3.478,1.0,7.0,0,1,fixed_lag_waveform,1.0,810.96736,32526700726,0,0,73
4065862,32527451514,747.31,747.31,1,0,1,accepted,,75.01594088743857,1.0,0,32527452723,-1.209,1.0,7.0,0,1,fixed_lag_waveform,1.0,810.96736,32527452723,0,0,73
4065961,32528240895,789.381,789.381,1,0,1,accepted,,75.0601419387284,1.0,0,32528236723,4.172,1.0,7.0,0,1,fixed_lag_waveform,1.0,810.8256,32528236723,0,0,73
4066061,32529039509,798.614,798.614,1,0,1,accepted,,75.13016300741033,1.0,0,32529036726,2.783,1.0,7.0,0,1,fixed_lag_waveform,1.0,810.67488,32529036726,0,0,73
4066166,32529880563,841.054,841.054,1,0,1,accepted,,75.13016300741033,1.0,0,32529876723,3.84,1.0,7.0,0,1,fixed_lag_waveform,1.0,810.4364800000001,32529876723,0,0,73
4066271,32530717743,837.18,837.18,1,0,1,accepted,,75.13016300741033,1.0,0,32530716723,1.02,1.0,7.0,0,1,fixed_lag_waveform,1.0,810.4364800000001,32530716723,0,0,73
4066378,32531573553,855.81,855.81,1,0,1,accepted,,74.97441498088777,1.0,0,32531572723,0.83,1.0,7.0,0,1,fixed_lag_waveform,1.0,810.4364800000001,32531572723,0,0,73
4066486,32532444082,870.529,870.529,1,0,1,accepted,,74.23464085280754,1.0,0,32532444722,-0.64,1.0,7.0,0,1,fixed_lag_waveform,1.0,810.96736,32532444722,0,0,73
4066588,32533259957,815.875,815.875,1,0,1,accepted,,73.5406771870691,1.0,0,32533260723,-0.766,1.0,7.0,0,1,fixed_lag_waveform,1.0,818.9593600000001,32533260723,0,0,73
4066691,32534080572,820.615,820.615,1,0,1,accepted,,73.1158947862274,1.0,0,32534076723,3.849,1.0,7.0,0,1,fixed_lag_waveform,1.0,821.4000000000001,32534076723,0,0,73
4066793,32534899723,819.151,819.151,1,0,1,accepted,,73.1158947862274,1.0,0,32534900723,-1.0,1.0,7.0,0,1,fixed_lag_waveform,1.0,822.9168000000001,32534900723,0,0,73
4066893,32535695746,796.023,796.023,1,0,1,accepted,,73.1158947862274,1.0,0,32535692726,3.02,1.0,7.0,0,1,fixed_lag_waveform,1.0,822.9168000000001,32535692726,0,0,73
4066995,32536516083,820.337,820.337,1,0,1,accepted,,73.1158947862274,1.0,0,32536516723,-0.64,1.0,7.0,0,1,fixed_lag_waveform,1.0,822.9168000000001,32536516723,0,0,73
4067102,32537366460,850.377,850.377,1,0,1,accepted,,73.1158947862274,1.0,0,32537364724,1.736,1.0,7.0,0,1,fixed_lag_waveform,1.0,822.9168000000001,32537364724,0,0,73
4067206,32538200083,833.623,833.623,1,0,1,accepted,,73.1158947862274,1.0,0,32538196723,3.36,1.0,7.0,0,1,fixed_lag_waveform,1.0,822.9168000000001,32538196723,0,0,73
4067311,32539039970,839.887,839.887,1,0,1,accepted,,73.1158947862274,1.0,0,32539036725,3.245,1.0,7.0,0,1,fixed_lag_waveform,1.0,822.9168000000001,32539036725,0,0,73
4067418,32539895996,856.026,856.026,1,0,1,accepted,,73.1158947862274,1.0,0,32539892723,3.273,1.0,7.0,0,1,fixed_lag_waveform,1.0,822.9168000000001,32539892723,0,0,73
4067524,32540742963,846.967,846.967,1,0,1,accepted,,71.97498149643184,1.0,0,32540740723,2.24,1.0,7.0,0,1,fixed_lag_waveform,1.0,817.4768,32540740723,0,0,73
4067625,32541553390,810.427,810.427,1,0,1,accepted,,71.97498149643184,1.0,0,32541548723,4.667,1.0,7.0,0,1,fixed_lag_waveform,1.0,821.63936,32541548723,0,0,73
4067728,32542375821,822.431,822.431,1,0,1,accepted,,71.97498149643184,1.0,0,32542372727,3.094,1.0,7.0,0,1,fixed_lag_waveform,1.0,816.1993600000001,32542372727,0,0,73
4067831,32543203703,827.882,827.882,1,0,1,accepted,,71.97498149643184,1.0,0,32543204723,-1.02,1.0,7.0,0,1,fixed_lag_waveform,1.0,810.75936,32543204723,0,0,73
4067930,32543989943,786.24,786.24,1,0,1,accepted,,71.97498149643184,1.0,0,32543988726,1.217,1.0,7.0,0,1,fixed_lag_waveform,1.0,805.3193600000001,32543988726,0,0,73
4068025,32544755958,766.015,766.015,1,0,1,accepted,,72.47409654999143,1.0,0,32544756724,-0.766,1.0,7.0,0,1,fixed_lag_waveform,1.0,805.3193600000001,32544756724,0,0,73
4068120,32545514766,758.808,758.808,1,0,1,accepted,,72.95444845829012,1.0,0,32545516723,-1.957,1.0,7.0,0,1,fixed_lag_waveform,1.0,803.48224,32545516723,0,0,73
4068213,32546257247,742.481,742.481,1,0,1,accepted,,74.03504572281032,1.0,0,32546252723,4.524,1.0,7.0,0,1,fixed_lag_waveform,1.0,796.29792,32546252723,0,0,73
4068303,32546977082,719.835,719.835,1,0,1,accepted,,76.31257631257631,1.0,0,32547260723,-283.641,1.0,7.0,1,1,fixed_lag_waveform,1.0,792.45664,32547260723,0,0,169
4068391,32547679890,702.808,702.808,1,0,1,accepted,,78.32744789592893,1.0,1,32547679890,0.0,1.0,7.0,1,1,fixed_lag_waveform,1.0,784.7168,0,1,0,17
4068477,32548372471,692.581,692.581,1,0,1,accepted,,79.07138564696209,1.0,0,32548372726,-0.255,1.0,7.0,0,1,fixed_lag_waveform,1.0,778.2447999999999,32548372726,0,0,169
4068568,32549093117,720.646,720.646,1,0,1,accepted,,80.8101486772052,1.0,0,32549092725,0.392,1.0,7.0,0,1,fixed_lag_waveform,1.0,775.93856,32549092725,0,0,169
4068660,32549832884,739.767,739.767,1,0,1,accepted,,81.10661870561947,1.0,0,32549828726,4.158,1.0,7.0,0,1,fixed_lag_waveform,1.0,770.71392,32549828726,0,0,169
4068753,32550576396,743.512,743.512,1,0,1,accepted,,81.10661870561947,1.0,0,32550572723,3.673,1.0,7.0,0,1,fixed_lag_waveform,1.0,764.4054400000001,32550572723,0,0,169
4068844,32551302680,726.284,726.284,1,0,1,accepted,,82.61231143739914,1.0,0,32551300723,1.957,1.0,7.0,0,1,fixed_lag_waveform,1.0,764.4054400000001,32551300723,0,0,73
4068938,32552056883,754.203,754.203,1,0,1,accepted,,82.61231143739914,1.0,0,32552052725,4.158,1.0,7.0,0,1,fixed_lag_waveform,1.0,760.0908800000001,32552052725,0,0,73
4069035,32552834193,777.31,777.31,1,0,1,accepted,,82.61231143739914,1.0,0,32552836724,-2.531,1.0,7.0,0,1,fixed_lag_waveform,1.0,760.0908800000001,32552836724,0,0,73
4069135,32553631467,797.274,797.274,1,0,1,accepted,,81.10661870561947,1.0,0,32553628722,2.745,1.0,7.0,0,1,fixed_lag_waveform,1.0,760.0908800000001,32553628722,0,0,73
4069231,32554403926,772.459,772.459,1,0,1,accepted,,80.6980922970981,1.0,0,32554404726,-0.8,1.0,7.0,0,1,fixed_lag_waveform,1.0,764.4054400000001,32554404726,0,0,73
4069330,32555194032,790.106,790.106,1,0,1,accepted,,79.5541783843342,1.0,0,32555196726,-2.694,1.0,7.0,0,1,fixed_lag_waveform,1.0,765.60384,32555196726,0,0,73
4069432,32556008261,814.229,814.229,1,0,1,accepted,,77.67402541753026,1.0,0,32556004723,3.538,1.0,7.0,0,1,fixed_lag_waveform,1.0,769.0249600000001,32556004723,0,0,73
4069535,32556833051,824.79,824.79,1,0,1,accepted,,77.18928098184766,1.0,0,32556828722,4.329,1.0,7.0,0,1,fixed_lag_waveform,1.0,780.30688,32556828722,0,0,73
4069634,32557622304,789.253,789.253,1,0,1,accepted,,76.02125047354903,1.0,0,32557620723,1.581,1.0,7.0,0,1,fixed_lag_waveform,1.0,781.8592,32557620723,0,0,73
4069737,32558446927,824.623,824.623,1,0,1,accepted,,75.93917778120911,1.0,0,32558444723,2.204,1.0,7.0,0,1,fixed_lag_waveform,1.0,785.68096,32558444723,0,0,73
4069842,32559291283,844.356,844.356,1,0,1,accepted,,75.25643630671513,1.0,0,32559292723,-1.44,1.0,7.0,0,1,fixed_lag_waveform,1.0,791.3939200000001,32559292723,0,0,73
4069949,32560143467,852.184,852.184,1,0,1,accepted,,73.6893429244107,1.0,0,32560140722,2.745,1.0,7.0,0,1,fixed_lag_waveform,1.0,793.68768,32560140722,0,0,73
4070050,32560954393,810.926,810.926,1,0,1,accepted,,73.6893429244107,1.0,0,32560956726,-2.333,1.0,7.0,0,1,fixed_lag_waveform,1.0,799.11328,32560956726,0,0,73
4070152,32561766854,812.461,812.461,1,0,1,accepted,,73.6893429244107,1.0,0,32561764726,2.128,1.0,7.0,0,1,fixed_lag_waveform,1.0,804.5532800000001,32561764726,0,0,73
4070254,32562587337,820.483,820.483,1,0,1,accepted,,73.12765773331076,1.0,0,32562588725,-1.388,1.0,7.0,0,1,fixed_lag_waveform,1.0,804.5532800000001,32562588725,0,0,73
4070353,32563373005,785.668,785.668,1,0,1,accepted,,73.12765773331076,1.0,0,32563372726,0.279,1.0,7.0,0,1,fixed_lag_waveform,1.0,811.9945600000001,32563372726,0,0,73
4070451,32564157947,784.942,784.942,1,0,1,accepted,,73.84969863168817,1.0,0,32564156723,1.224,1.0,7.0,0,1,fixed_lag_waveform,1.0,811.9945600000001,32564156723,0,0,73
4070551,32564960901,802.954,802.954,1,0,1,accepted,,73.84969863168817,1.0,0,32564956723,4.178,1.0,7.0,0,1,fixed_lag_waveform,1.0,809.4275200000001,32564956723,0,0,73
4070651,32565757890,796.989,796.989,1,0,1,accepted,,73.98948855999191,1.0,0,32565756723,1.167,1.0,7.0,0,1,fixed_lag_waveform,1.0,809.4275200000001,32565756723,0,0,73
4070744,32566502541,744.651,744.651,1,0,1,accepted,,74.72408132969012,1.0,0,32566500723,1.818,1.0,7.0,0,1,fixed_lag_waveform,1.0,808.93632,32566500723,0,0,73
4070836,32567239923,737.382,737.382,1,0,1,accepted,,75.28334769990552,1.0,0,32567236723,3.2,1.0,7.0,0,1,fixed_lag_waveform,1.0,806.38528,32567236723,0,0,73
4070933,32568013844,773.921,773.921,1,0,1,accepted,,76.36813514105195,1.0,0,32568012724,1.12,1.0,7.0,0,1,fixed_lag_waveform,1.0,804.47648,32568012724,0,0,73
4071035,32568836108,822.264,822.264,1,0,1,accepted,,76.36813514105195,1.0,0,32568836723,-0.615,1.0,7.0,0,1,fixed_lag_waveform,1.0,800.8537600000001,32568836723,0,0,73
4071138,32569655335,819.227,819.227,1,0,1,accepted,,76.36813514105195,1.0,0,32569652726,2.609,1.0,7.0,0,1,fixed_lag_waveform,1.0,806.29376,32569652726,0,0,73
4071242,32570490296,834.961,834.961,1,0,1,accepted,,75.28334769990552,1.0,0,32570492727,-2.431,1.0,7.0,0,1,fixed_lag_waveform,1.0,806.29376,32570492727,0,0,73
4071347,32571331339,841.043,841.043,1,0,1,accepted,,74.72408132969012,1.0,0,32571332727,-1.388,1.0,7.0,0,1,fixed_lag_waveform,1.0,809.91648,32571332727,0,0,73
4071449,32572147894,816.555,816.555,1,0,1,accepted,,73.47943494314529,1.0,0,32572148727,-0.833,1.0,7.0,0,1,fixed_lag_waveform,1.0,811.82528,32572148727,0,0,73
4071549,32572945404,797.51,797.51,1,0,1,accepted,,73.47943494314529,1.0,0,32572940723,4.681,1.0,7.0,0,1,fixed_lag_waveform,1.0,816.1776,32572940723,0,0,73
4071652,32573765203,819.799,819.799,1,0,1,accepted,,73.23977359144658,1.0,0,32573764723,0.48,1.0,7.0,0,1,fixed_lag_waveform,1.0,816.1776,32573764723,0,0,73
4071756,32574603767,838.564,838.564,1,0,1,accepted,,73.18867185736991,1.0,0,32574604727,-0.96,1.0,7.0,0,1,fixed_lag_waveform,1.0,817.03264,32574604727,0,0,73
4071857,32575411448,807.681,807.681,1,0,1,accepted,,73.18867185736991,1.0,0,32575412725,-1.277,1.0,7.0,0,1,fixed_lag_waveform,1.0,817.21568,32575412725,0,0,73
4071961,32576239243,827.795,827.795,1,0,1,accepted,,73.18867185736991,1.0,0,32576236724,2.519,1.0,7.0,0,1,fixed_lag_waveform,1.0,817.21568,32576236724,0,0,73
4072070,32577109185,869.942,869.942,1,0,1,accepted,,72.48171346770638,1.0,0,32577108723,0.462,1.0,7.0,0,1,fixed_lag_waveform,1.0,817.21568,32577108723,0,0,73
4072182,32578008119,898.934,898.934,1,0,1,accepted,,72.48171346770638,1.0,0,32578004723,3.396,1.0,7.0,0,1,fixed_lag_waveform,1.0,819.7744,32578004723,0,0,73
4072289,32578862966,854.847,854.847,1,0,1,accepted,,72.48171346770638,1.0,0,32578860726,2.24,1.0,7.0,0,1,fixed_lag_waveform,1.0,819.7744,32578860726,0,0,73
4072393,32579699703,836.737,836.737,1,0,1,accepted,,71.70711944135374,1.0,0,32579700723,-1.02,1.0,7.0,0,1,fixed_lag_waveform,1.0,825.2144000000001,32579700723,0,0,73
4072497,32580527254,827.551,827.551,1,0,1,accepted,,71.70711944135374,1.0,0,32580524723,2.531,1.0,7.0,0,1,fixed_lag_waveform,1.0,828.07584,32580524723,0,0,73
4072595,32581316393,789.139,789.139,1,0,1,accepted,,71.70711944135374,1.0,0,32581316726,-0.333,1.0,7.0,0,1,fixed_lag_waveform,1.0,828.07584,32581316726,0,0,73
4072687,32582051390,734.997,734.997,1,0,1,accepted,,72.48171346770638,1.0,0,32582052723,-1.333,1.0,7.0,0,1,fixed_lag_waveform,1.0,828.07584,32582052723,0,0,73
4072781,32582802723,751.333,751.333,1,0,1,accepted,,72.48171346770638,1.0,0,32582804723,-2.0,1.0,7.0,0,1,fixed_lag_waveform,1.0,825.2144000000001,32582804723,0,0,73
4072875,32583550483,747.76,747.76,1,0,1,accepted,,72.50308440204893,1.0,0,32583548723,1.76,1.0,7.0,0,1,fixed_lag_waveform,1.0,825.2144000000001,32583548723,0,0,73
4072970,32584315391,764.908,764.908,1,0,1,accepted,,76.03223259780596,1.0,0,32584316724,-1.333,1.0,7.0,0,1,fixed_lag_waveform,1.0,825.1363200000001,32584316724,0,0,73
4073067,32585090085,774.694,774.694,1,0,1,accepted,,77.44993507113777,1.0,0,32585092727,-2.642,1.0,7.0,0,1,fixed_lag_waveform,1.0,812.8444800000001,32585092727,0,0,73
4073170,32585911742,821.657,821.657,1,0,1,accepted,,77.44993507113777,1.0,0,32585908724,3.018,1.0,7.0,0,1,fixed_lag_waveform,1.0,808.22208,32585908724,0,0,73
4073276,32586758544,846.802,846.802,1,0,1,accepted,,77.44993507113777,1.0,0,32586756726,1.818,1.0,7.0,0,1,fixed_lag_waveform,1.0,808.22208,32586756726,0,0,73
4073380,32587596152,837.608,837.608,1,0,1,accepted,,77.44993507113777,1.0,0,32587596723,-0.571,1.0,7.0,0,1,fixed_lag_waveform,1.0,813.66208,32587596723,0,0,73
4073488,32588454399,858.247,858.247,1,0,1,accepted,,77.44993507113777,1.0,0,32588452726,1.673,1.0,7.0,0,1,fixed_lag_waveform,1.0,808.22208,32588452726,0,0,73
4073593,32589300645,846.246,846.246,1,0,1,accepted,,73.02317146936008,1.0,0,32589300723,-0.078,1.0,7.0,0,1,fixed_lag_waveform,1.0,808.22208,32589300723,0,0,73
4073696,32590119418,818.773,818.773,1,0,1,accepted,,73.02317146936008,1.0,0,32590116724,2.694,1.0,7.0,0,1,fixed_lag_waveform,1.0,823.2502400000001,32590116724,0,0,73
4073800,32590955726,836.308,836.308,1,0,1,accepted,,71.74390296397978,1.0,0,32590956726,-1.0,1.0,7.0,0,1,fixed_lag_waveform,1.0,823.2502400000001,32590956726,0,0,73
4073905,32591791804,836.078,836.078,1,0,1,accepted,,71.74390296397978,1.0,0,32591788727,3.077,1.0,7.0,0,1,fixed_lag_waveform,1.0,827.93856,32591788727,0,0,73
4074006,32592603664,811.86,811.86,1,0,1,accepted,,71.74390296397978,1.0,0,32592604725,-1.061,1.0,7.0,0,1,fixed_lag_waveform,1.0,827.93856,32592604725,0,0,73
4074111,32593443742,840.078,840.078,1,0,1,accepted,,71.63255365278269,1.0,0,32593444723,-0.981,1.0,7.0,0,1,fixed_lag_waveform,1.0,833.37856,32593444723,0,0,73
4074220,32594314108,870.366,870.366,1,0,1,accepted,,71.63255365278269,1.0,0,32594316723,-2.615,1.0,7.0,0,1,fixed_lag_waveform,1.0,833.79456,32594316723,0,0,73
4074326,32595159395,845.287,845.287,1,0,1,accepted,,71.42193939134224,1.0,0,32595156728,2.667,1.0,7.0,0,1,fixed_lag_waveform,1.0,833.79456,32595156728,0,0,73
4074430,32595992723,833.328,833.328,1,0,1,accepted,,71.74390296397978,1.0,0,32595988726,3.997,1.0,7.0,0,1,fixed_lag_waveform,1.0,840.02496,32595988726,0,0,73
4074537,32596846264,853.541,853.541,1,0,1,accepted,,71.74390296397978,1.0,0,32596844726,1.538,1.0,7.0,0,1,fixed_lag_waveform,1.0,838.81856,32596844726,0,0,73
4074643,32597697213,850.949,850.949,1,0,1,accepted,,71.42193939134224,1.0,0,32597692726,4.487,1.0,7.0,0,1,fixed_lag_waveform,1.0,838.81856,32597692726,0,0,73
4074747,32598528112,830.899,830.899,1,0,1,accepted,,71.42193939134224,1.0,0,32598524727,3.385,1.0,7.0,0,1,fixed_lag_waveform,1.0,834.5849599999999,32598524727,0,0,73
4074853,32599375538,847.426,847.426,1,0,1,accepted,,70.98180854549993,1.0,0,32599372723,2.815,1.0,7.0,0,1,fixed_lag_waveform,1.0,834.5849599999999,32599372723,0,0,73
4074959,32600226919,851.381,851.381,1,0,1,accepted,,70.80264235461267,1.0,0,32600228723,-1.804,1.0,7.0,0,1,fixed_lag_waveform,1.0,836.25184,32600228723,0,0,73
4075062,32601048723,821.804,821.804,1,0,1,accepted,,70.80264235461267,1.0,0,32601044726,3.997,1.0,7.0,0,1,fixed_lag_waveform,1.0,836.93632,32601044726,0,0,73
4075164,32601862261,813.538,813.538,1,0,1,accepted,,70.98180854549993,1.0,0,32601860723,1.538,1.0,7.0,0,1,fixed_lag_waveform,1.0,836.93632,32601860723,0,0,73
4075270,32602712409,850.148,850.148,1,0,1,accepted,,70.80264235461267,1.0,0,32602708723,3.686,1.0,7.0,0,1,fixed_lag_waveform,1.0,836.25184,32602708723,0,0,73
4075374,32603546836,834.427,834.427,1,0,1,accepted,,70.80264235461267,1.0,0,32603548723,-1.887,1.0,7.0,0,1,fixed_lag_waveform,1.0,831.4963200000001,32603548723,0,0,73
4075475,32604351157,804.321,804.321,1,0,1,accepted,,71.90563104981022,1.0,0,32604348722,2.435,1.0,7.0,0,1,fixed_lag_waveform,1.0,831.4963200000001,32604348722,0,0,73
4075575,32605152099,800.942,800.942,1,0,1,accepted,,72.2109426055393,1.0,0,32605148726,3.373,1.0,7.0,0,1,fixed_lag_waveform,1.0,827.33664,32605148726,0,0,73
4075676,32605963223,811.124,811.124,1,0,1,accepted,,73.01010946649079,1.0,0,32605964723,-1.5,1.0,7.0,0,1,fixed_lag_waveform,1.0,820.7676799999999,32605964723,0,0,73
4075775,32606750890,787.667,787.667,1,0,1,accepted,,73.75193291524182,1.0,0,32606748723,2.167,1.0,7.0,0,1,fixed_lag_waveform,1.0,817.85728,32606748723,0,0,73
4075875,32607553050,802.16,802.16,1,0,1,accepted,,73.97142730334696,1.0,0,32607548724,4.326,1.0,7.0,0,1,fixed_lag_waveform,1.0,815.21216,32607548724,0,0,73
4075979,32608386090,833.04,833.04,1,0,1,accepted,,73.97142730334696,1.0,0,32608388728,-2.638,1.0,7.0,0,1,fixed_lag_waveform,1.0,808.9996800000001,32608388728,0,0,73
4076078,32609177944,791.854,791.854,1,0,1,accepted,,74.5970825081031,1.0,0,32609180727,-2.783,1.0,7.0,0,1,fixed_lag_waveform,1.0,808.9996800000001,32609180727,0,0,73
4076174,32609946226,768.282,768.282,1,0,1,accepted,,74.79804527775008,1.0,0,32609948726,-2.5,1.0,7.0,0,1,fixed_lag_waveform,1.0,806.8227200000001,32609948726,0,0,73
4076270,32610716390,770.164,770.164,1,0,1,accepted,,74.91179136566693,1.0,0,32610716723,-0.333,1.0,7.0,0,1,fixed_lag_waveform,1.0,806.1312,32610716723,0,0,73
4076366,32611484385,767.995,767.995,1,0,1,accepted,,75.77154374417506,1.0,0,32611484733,-0.348,1.0,7.0,0,1,fixed_lag_waveform,1.0,805.74144,32611484733,0,0,73
4076460,32612230680,746.295,746.295,1,0,1,accepted,,76.17432239766296,1.0,0,32612228723,1.957,1.0,7.0,0,1,fixed_lag_waveform,1.0,802.8332800000001,32612228723,0,0,73
4076554,32612983124,752.444,752.444,1,0,1,accepted,,77.90548506551852,1.0,0,32612980724,2.4,1.0,7.0,0,1,fixed_lag_waveform,1.0,801.4934400000001,32612980724,0,0,73
4076652,32613770766,787.642,787.642,1,0,1,accepted,,77.90548506551852,1.0,0,32613772723,-1.957,1.0,7.0,0,1,fixed_lag_waveform,1.0,795.8924800000001,32613772723,0,0,73
4076752,32614570936,800.17,800.17,1,0,1,accepted,,77.90548506551852,1.0,0,32614572723,-1.787,1.0,7.0,0,1,fixed_lag_waveform,1.0,795.8924800000001,32614572723,0,0,73
4076854,32615381188,810.252,810.252,1,0,1,accepted,,77.90548506551852,1.0,0,32615380726,0.462,1.0,7.0,0,1,fixed_lag_waveform,1.0,795.8924800000001,32615380726,0,0,73
4076959,32616220958,839.77,839.77,1,0,1,accepted,,77.90548506551852,1.0,0,32616220723,0.235,1.0,7.0,0,1,fixed_lag_waveform,1.0,801.33248,32616220723,0,0,73
4077068,32617094415,873.457,873.457,1,0,1,accepted,,76.17674019414912,1.0,0,32617092723,1.692,1.0,7.0,0,1,fixed_lag_waveform,1.0,801.33248,32617092723,0,0,73
4077173,32617937436,843.021,843.021,1,0,1,accepted,,74.98406588599923,1.0,0,32617932722,4.714,1.0,7.0,0,1,fixed_lag_waveform,1.0,806.92544,32617932722,0,0,73
4077279,32618783091,845.655,845.655,1,0,1,accepted,,74.05103597399328,1.0,0,32618780724,2.367,1.0,7.0,0,1,fixed_lag_waveform,1.0,810.9344,32618780724,0,0,73
4077383,32619619390,836.299,836.299,1,0,1,accepted,,71.74467505043053,1.0,0,32619620723,-1.333,1.0,7.0,0,1,fixed_lag_waveform,1.0,814.1606400000001,32619620723,0,0,73
4077487,32620451894,832.504,832.504,1,0,1,accepted,,71.74467505043053,1.0,0,32620452727,-0.833,1.0,7.0,0,1,fixed_lag_waveform,1.0,822.49568,32620452727,0,0,73
4077588,32621259270,807.376,807.376,1,0,1,accepted,,71.74467505043053,1.0,0,32621260725,-1.455,1.0,7.0,0,1,fixed_lag_waveform,1.0,822.49568,32621260725,0,0,73
4077692,32622092027,832.757,832.757,1,0,1,accepted,,71.74467505043053,1.0,0,32622092723,-0.696,1.0,7.0,0,1,fixed_lag_waveform,1.0,822.49568,32622092723,0,0,73
4077804,32622982265,890.238,890.238,1,0,1,accepted,,71.4481346082856,1.0,0,32622980727,1.538,1.0,7.0,0,1,fixed_lag_waveform,1.0,822.49568,32622980727,0,0,73
4077911,32623838465,856.2,856.2,1,0,1,accepted,,71.17260424117549,1.0,0,32623836726,1.739,1.0,7.0,0,1,fixed_lag_waveform,1.0,829.0464000000001,32623836726,0,0,73
4078012,32624649633,811.168,811.168,1,0,1,accepted,,71.74467505043053,1.0,0,32624652724,-3.091,1.0,7.0,0,1,fixed_lag_waveform,1.0,830.08672,32624652724,0,0,73
4078112,32625446340,796.707,796.707,1,0,1,accepted,,72.04982966219438,1.0,0,32625444723,1.617,1.0,7.0,0,1,fixed_lag_waveform,1.0,833.37568,32625444723,0,0,73
4078212,32626248383,802.043,802.043,1,0,1,accepted,,72.07172578149775,1.0,0,32626244723,3.66,1.0,7.0,0,1,fixed_lag_waveform,1.0,832.24224,32626244723,0,0,73
4078310,32627031535,783.152,783.152,1,0,1,accepted,,73.96741488816127,1.0,0,32627028726,2.809,1.0,7.0,0,1,fixed_lag_waveform,1.0,837.6012800000001,32627028726,0,0,73
4078407,32627805419,773.884,773.884,1,0,1,accepted,,74.31481738372209,1.0,0,32627804723,0.696,1.0,7.0,0,1,fixed_lag_waveform,1.0,830.77376,32627804723,0,0,73
4078507,32628609404,803.985,803.985,1,0,1,accepted,,74.62825798988787,1.0,0,32628604727,4.677,1.0,7.0,0,1,fixed_lag_waveform,1.0,829.56032,32628604727,0,0,73
4078612,32629445899,836.495,836.495,1,0,1,accepted,,74.62825798988787,1.0,0,32629444723,1.176,1.0,7.0,0,1,fixed_lag_waveform,1.0,828.4752000000001,32629444723,0,0,73
4078719,32630301101,855.202,855.202,1,0,1,accepted,,74.62825798988787,1.0,0,32630300724,0.377,1.0,7.0,0,1,fixed_lag_waveform,1.0,828.4752000000001,32630300724,0,0,73
4078824,32631143390,842.289,842.289,1,0,1,accepted,,74.62825798988787,1.0,0,32631140723,2.667,1.0,7.0,0,1,fixed_lag_waveform,1.0,828.4752000000001,32631140723,0,0,73
4078929,32631987233,843.843,843.843,1,0,1,accepted,,74.62825798988787,1.0,0,32631988723,-1.49,1.0,7.0,0,1,fixed_lag_waveform,1.0,828.4752000000001,32631988723,0,0,73
4079036,32632842415,855.182,855.182,1,0,1,accepted,,71.7278644821547,1.0,0,32632844723,-2.308,1.0,7.0,0,1,fixed_lag_waveform,1.0,833.9151999999999,32632844723,0,0,73
4079147,32633726912,884.497,884.497,1,0,1,accepted,,71.23445753179728,1.0,0,32633724723,2.189,1.0,7.0,0,1,fixed_lag_waveform,1.0,844.3184,32633724723,0,0,73
4079254,32634583059,856.147,856.147,1,0,1,accepted,,71.10327395024905,1.0,0,32634580726,2.333,1.0,7.0,0,1,fixed_lag_waveform,1.0,851.61248,32634580726,0,0,73
4079358,32635417056,833.997,833.997,1,0,1,accepted,,71.10327395024905,1.0,0,32635412724,4.332,1.0,7.0,0,1,fixed_lag_waveform,1.0,852.10976,32635412724,0,0,73
4079468,32636298032,880.976,880.976,1,0,1,accepted,,70.16050384596495,1.0,0,32636300723,-2.691,1.0,7.0,0,1,fixed_lag_waveform,1.0,852.10976,32636300723,0,0,73
4079580,32637195703,897.671,897.671,1,0,1,accepted,,70.15886305223795,1.0,0,32637196723,-1.02,1.0,7.0,0,1,fixed_lag_waveform,1.0,861.1782400000002,32637196723,0,0,73
4079685,32638034256,838.553,838.553,1,0,1,accepted,,70.16050384596495,1.0,0,32638036724,-2.468,1.0,7.0,0,1,fixed_lag_waveform,1.0,861.1846400000002,32638036724,0,0,73
4079791,32638880893,846.637,846.637,1,0,1,accepted,,70.16050384596495,1.0,0,32638876727,4.166,1.0,7.0,0,1,fixed_lag_waveform,1.0,866.61824,32638876727,0,0,73
4079903,32639777890,896.997,896.997,1,0,1,accepted,,70.08142293321123,1.0,0,32639780723,-2.833,1.0,7.0,0,1,fixed_lag_waveform,1.0,866.61824,32639780723,0,0,73
4080020,32640715031,937.141,937.141,1,0,1,accepted,,68.10628212346307,1.0,0,32640716723,-1.692,1.0,7.0,0,1,fixed_lag_waveform,1.0,866.92704,32640716723,0,0,73
4080137,32641648890,933.859,933.859,1,0,1,accepted,,68.10628212346307,1.0,0,32641644723,4.167,1.0,7.0,0,1,fixed_lag_waveform,1.0,874.8723200000001,32641644723,0,0,73
4080248,32642535923,887.033,887.033,1,0,1,accepted,,67.6412264256234,1.0,0,32642532723,3.2,1.0,7.0,0,1,fixed_lag_waveform,1.0,874.8723200000001,32642532723,0,0,73
4080358,32643419031,883.108,883.108,1,0,1,accepted,,67.6412264256234,1.0,0,32643420723,-1.692,1.0,7.0,0,1,fixed_lag_waveform,1.0,876.8105600000001,32643420723,0,0,73
4080471,32644321350,902.319,902.319,1,0,1,accepted,,66.88985581891579,1.0,0,32644316726,4.624,1.0,7.0,0,1,fixed_lag_waveform,1.0,882.2505600000002,32644316726,0,0,73
4080579,32645188723,867.373,867.373,1,0,1,accepted,,67.6412264256234,1.0,0,32645188723,0.0,1.0,7.0,0,1,fixed_lag_waveform,1.0,885.4390400000001,32645188723,0,0,73
4080684,32646021940,833.217,833.217,1,0,1,accepted,,67.6412264256234,1.0,0,32646020723,1.217,1.0,7.0,0,1,fixed_lag_waveform,1.0,882.2505600000002,32646020723,0,0,73
4080789,32646862170,840.23,840.23,1,0,1,accepted,,67.6412264256234,1.0,0,32646860723,1.447,1.0,7.0,0,1,fixed_lag_waveform,1.0,882.2505600000002,32646860723,0,0,73
4080896,32647722225,860.055,860.055,1,0,1,accepted,,67.94185988576709,1.0,0,32647724725,-2.5,1.0,7.0,0,1,fixed_lag_waveform,1.0,882.2505600000002,32647724725,0,0,73
4081008,32648613560,891.335,891.335,1,0,1,accepted,,67.94185988576709,1.0,0,32648612727,0.833,1.0,7.0,0,1,fixed_lag_waveform,1.0,880.9945600000001,32648612727,0,0,73
4081113,32649460105,846.545,846.545,1,0,1,accepted,,69.17439210120675,1.0,0,32649460727,-0.622,1.0,7.0,0,1,fixed_lag_waveform,1.0,880.9945600000001,32649460727,0,0,73
4081221,32650319744,859.639,859.639,1,0,1,accepted,,69.76298027451733,1.0,0,32650316724,3.02,1.0,7.0,0,1,fixed_lag_waveform,1.0,875.9593600000001,32650316724,0,0,73
4081335,32651232145,912.401,912.401,1,0,1,accepted,,69.76298027451733,1.0,0,32651228727,3.418,1.0,7.0,0,1,fixed_lag_waveform,1.0,868.1776,32651228727,0,0,73
4081452,32652172403,940.258,940.258,1,0,1,accepted,,69.76298027451733,1.0,0,32652172723,-0.32,1.0,7.0,0,1,fixed_lag_waveform,1.0,868.1776,32652172723,0,0,73
4081562,32653051034,878.631,878.631,1,0,1,accepted,,69.76298027451733,1.0,0,32653052723,-1.689,1.0,7.0,0,1,fixed_lag_waveform,1.0,862.7376000000002,32653052723,0,0,73
4081670,32653912726,861.692,861.692,1,0,1,accepted,,69.63044800230244,1.0,0,32653908726,4.0,1.0,7.0,0,1,fixed_lag_waveform,1.0,862.7376000000002,32653908726,0,0,73
4081778,32654780127,867.401,867.401,1,0,1,accepted,,69.17215912824634,1.0,0,32654780723,-0.596,1.0,7.0,0,1,fixed_lag_waveform,1.0,863.2614400000001,32654780723,0,0,73
4081883,32655620030,839.903,839.903,1,0,1,accepted,,69.17215912824634,1.0,0,32655620726,-0.696,1.0,7.0,0,1,fixed_lag_waveform,1.0,865.0883200000001,32655620726,0,0,73
4081985,32656431362,811.332,811.332,1,0,1,accepted,,69.63044800230244,1.0,0,32656428724,2.638,1.0,7.0,0,1,fixed_lag_waveform,1.0,865.0883200000001,32656428724,0,0,73
4082090,32657271091,839.729,839.729,1,0,1,accepted,,69.63044800230244,1.0,0,32657268724,2.367,1.0,7.0,0,1,fixed_lag_waveform,1.0,863.2614400000001,32657268724,0,0,73
4082194,32658105450,834.359,834.359,1,0,1,accepted,,69.63044800230244,1.0,0,32658100723,4.727,1.0,7.0,0,1,fixed_lag_waveform,1.0,868.70144,32658100723,0,0,73
4082296,32658920909,815.459,815.459,1,0,1,accepted,,71.43682068048334,1.0,0,32658916727,4.182,1.0,7.0,0,1,fixed_lag_waveform,1.0,868.70144,32658916727,0,0,73
4082400,32659753634,832.725,832.725,1,0,1,accepted,,71.45162308316135,1.0,0,32659756725,-3.091,1.0,7.0,0,1,fixed_lag_waveform,1.0,861.72896,32659756725,0,0,73
4082510,32660632723,879.089,879.089,1,0,1,accepted,,71.45162308316135,1.0,0,32660628723,4.0,1.0,7.0,0,1,fixed_lag_waveform,1.0,861.67328,32660628723,0,0,73
4082617,32661490360,857.637,857.637,1,0,1,accepted,,71.45162308316135,1.0,0,32661492724,-2.364,1.0,7.0,0,1,fixed_lag_waveform,1.0,856.2332800000001,32661492724,0,0,73
4082724,32662348723,858.363,858.363,1,0,1,accepted,,71.45162308316135,1.0,0,32662348723,0.0,1.0,7.0,0,1,fixed_lag_waveform,1.0,856.2332800000001,32662348723,0,0,73
4082838,32663259106,910.383,910.383,1,0,1,accepted,,71.45162308316135,1.0,0,32663260723,-1.617,1.0,7.0,0,1,fixed_lag_waveform,1.0,850.7932800000001,32663260723,0,0,73
4082955,32664194810,935.704,935.704,1,0,1,accepted,,69.95966825125316,1.0,0,32664196723,-1.913,1.0,7.0,0,1,fixed_lag_waveform,1.0,845.35328,32664196723,0,0,73
4083064,32665064364,869.554,869.554,1,0,1,accepted,,69.90049664302865,1.0,0,32665060728,3.636,1.0,7.0,0,1,fixed_lag_waveform,1.0,845.64384,32665060728,0,0,73
4083172,32665929450,865.086,865.086,1,0,1,accepted,,69.3572662139949,1.0,0,32665924723,4.727,1.0,7.0,0,1,fixed_lag_waveform,1.0,845.87616,32665924723,0,0,73
4083282,32666811158,881.708,881.708,1,0,1,accepted,,69.00089011148243,1.0,0,32666812723,-1.565,1.0,7.0,0,1,fixed_lag_waveform,1.0,848.0275200000001,32666812723,0,0,73
4083385,32667629867,818.709,818.709,1,0,1,accepted,,69.00089011148243,1.0,0,32667628724,1.143,1.0,7.0,0,1,fixed_lag_waveform,1.0,854.8972799999999,32667628724,0,0,73
4083485,32668435650,805.783,805.783,1,0,1,accepted,,69.3572662139949,1.0,0,32668436723,-1.073,1.0,7.0,0,1,fixed_lag_waveform,1.0,854.8972799999999,32668436723,0,0,73
4083587,32669248726,813.076,813.076,1,0,1,accepted,,69.3572662139949,1.0,0,32669244726,4.0,1.0,7.0,0,1,fixed_lag_waveform,1.0,853.4675199999999,32669244726,0,0,73
4083683,32670018126,769.4,769.4,1,0,1,accepted,,69.3572662139949,1.0,0,32670020726,-2.6,1.0,7.0,0,1,fixed_lag_waveform,1.0,853.4675199999999,32670020726,0,0,73
4083779,32670783837,765.711,765.711,1,0,1,accepted,,73.28611264808376,1.0,0,32670780726,3.111,1.0,7.0,0,1,fixed_lag_waveform,1.0,858.90752,32670780726,0,0,73
4083877,32671565071,781.234,781.234,1,0,1,accepted,,73.79383969026266,1.0,0,32671564723,0.348,1.0,7.0,0,1,fixed_lag_waveform,1.0,844.0668800000001,32671564723,0,0,73
4083978,32672373941,808.87,808.87,1,0,1,accepted,,74.17755634403551,1.0,0,32672372724,1.217,1.0,7.0,0,1,fixed_lag_waveform,1.0,842.26432,32672372724,0,0,73
4084079,32673182723,808.782,808.782,1,0,1,accepted,,74.18562727657144,1.0,0,32673180723,2.0,1.0,7.0,0,1,fixed_lag_waveform,1.0,840.9184,32673180723,0,0,73
4084185,32674032027,849.304,849.304,1,0,1,accepted,,74.18562727657144,1.0,0,32674028723,3.304,1.0,7.0,0,1,fixed_lag_waveform,1.0,840.8902400000001,32674028723,0,0,73
4084298,32674935532,903.505,903.505,1,0,1,accepted,,74.18562727657144,1.0,0,32674932723,2.809,1.0,7.0,0,1,fixed_lag_waveform,1.0,835.45024,32674932723,0,0,73
4084411,32675844101,908.569,908.569,1,0,1,accepted,,74.17755634403551,1.0,0,32675844723,-0.622,1.0,7.0,0,1,fixed_lag_waveform,1.0,830.0102400000001,32675844723,0,0,73
4084521,32676716812,872.711,872.711,1,0,1,accepted,,74.17755634403551,1.0,0,32676716723,0.089,1.0,7.0,0,1,fixed_lag_waveform,1.0,830.0384,32676716723,0,0,73
4084632,32677608723,891.911,891.911,1,0,1,accepted,,70.64608196829404,1.0,0,32677604723,4.0,1.0,7.0,0,1,fixed_lag_waveform,1.0,830.0384,32677604723,0,0,73
4084741,32678478121,869.398,869.398,1,0,1,accepted,,69.01327125206177,1.0,0,32678476726,1.395,1.0,7.0,0,1,fixed_lag_waveform,1.0,837.53728,32678476726,0,0,73
4084846,32679320027,841.906,841.906,1,0,1,accepted,,69.01327125206177,1.0,0,32679316723,3.304,1.0,7.0,0,1,fixed_lag_waveform,1.0,843.96736,32679316723,0,0,73
4084953,32680178359,858.332,858.332,1,0,1,accepted,,69.01327125206177,1.0,0,32680180723,-2.364,1.0,7.0,0,1,fixed_lag_waveform,1.0,843.96736,32680180723,0,0,73
4085059,32681023505,845.146,845.146,1,0,1,accepted,,69.01327125206177,1.0,0,32681020722,2.783,1.0,7.0,0,1,fixed_lag_waveform,1.0,849.40736,32681020722,0,0,73
4085160,32681835009,811.504,811.504,1,0,1,accepted,,69.01327125206177,1.0,0,32681836723,-1.714,1.0,7.0,0,1,fixed_lag_waveform,1.0,854.84736,32681836723,0,0,73
4085256,32682601355,766.346,766.346,1,0,1,accepted,,69.90302120857663,1.0,0,32682596722,4.633,1.0,7.0,0,1,fixed_lag_waveform,1.0,860.28736,32682596722,0,0,73
4085361,32683442127,840.772,840.772,1,0,1,accepted,,70.99365080116335,1.0,0,32683442127,0.0,1.0,7.0,1,1,fixed_lag_waveform,1.0,862.1862400000001,0,1,0,1
4085462,32684248074,805.947,805.947,1,0,1,accepted,,71.2668635215808,1.0,0,32684248074,0.0,1.0,7.0,1,1,fixed_lag_waveform,1.0,863.40672,0,1,0,1
4085554,32684981194,733.12,733.12,1,0,1,accepted,,71.36298544670849,1.0,0,32684980723,0.471,1.0,7.0,0,1,fixed_lag_waveform,1.0,862.3699200000001,32684980723,0,0,75
4085643,32685693294,712.1,712.1,1,0,1,accepted,,73.93678897454603,1.0,0,32685692723,0.571,1.0,7.0,0,1,fixed_lag_waveform,1.0,862.0070400000001,32685692723,0,0,73
4085741,32686479236,785.942,785.942,1,0,1,accepted,,74.4465827157369,1.0,0,32686476724,2.512,1.0,7.0,0,1,fixed_lag_waveform,1.0,847.2012800000001,32686476724,0,0,73
4085850,32687356724,877.488,877.488,1,0,1,accepted,,74.4465827157369,1.0,0,32687356724,0.0,1.0,7.0,0,1,fixed_lag_waveform,1.0,839.9830400000001,32687356724,0,0,73
4085970,32688311414,954.69,954.69,1,0,1,accepted,,74.4465827157369,1.0,0,32688308723,2.691,1.0,7.0,0,1,fixed_lag_waveform,1.0,839.9830400000001,32688308723,0,0,169
4086096,32689323233,1011.819,1011.819,1,0,1,accepted,,74.4465827157369,1.0,1,32689316724,6.509,1.0,7.0,0,1,fixed_lag_waveform,1.0,839.9830400000001,32689316724,0,0,185
4086210,32690228811,905.578,905.578,1,0,1,accepted,,71.36298544670849,1.0,0,32690228726,0.085,1.0,7.0,0,1,fixed_lag_waveform,1.0,839.9830400000001,32690228726,0,0,169
4086321,32691122770,893.959,893.959,1,0,1,accepted,,68.37700344620097,1.0,0,32691124723,-1.953,1.0,7.0,0,1,fixed_lag_waveform,1.0,856.5670400000001,32691124723,0,0,169
4086429,32691984913,862.143,862.143,1,0,1,accepted,,68.37700344620097,1.0,0,32691980724,4.189,1.0,7.0,0,1,fixed_lag_waveform,1.0,873.7561600000001,32691980724,0,0,169
4086529,32692781104,796.191,796.191,1,0,1,accepted,,68.37700344620097,1.0,0,32692780723,0.381,1.0,7.0,0,1,fixed_lag_waveform,1.0,873.7561600000001,32692780723,0,0,73
4086630,32693591635,810.531,810.531,1,0,1,accepted,,68.37700344620097,1.0,0,32693588726,2.909,1.0,7.0,0,1,fixed_lag_waveform,1.0,879.1961600000002,32693588726,0,0,73
4086734,32694421450,829.815,829.815,1,0,1,accepted,,68.37700344620097,1.0,0,32694420723,0.727,1.0,7.0,0,1,fixed_lag_waveform,1.0,884.63616,32694420723,0,0,73
4086841,32695277002,855.552,855.552,1,0,1,accepted,,69.59402326528198,1.0,0,32695276723,0.279,1.0,7.0,0,1,fixed_lag_waveform,1.0,884.63616,32695276723,0,0,73
4086953,32696175238,898.236,898.236,1,0,1,accepted,,69.59402326528198,1.0,0,32696172726,2.512,1.0,7.0,0,1,fixed_lag_waveform,1.0,879.72576,32696172726,0,0,73
4087062,32697051926,876.688,876.688,1,0,1,accepted,,69.59402326528198,1.0,0,32697052726,-0.8,1.0,7.0,0,1,fixed_lag_waveform,1.0,879.72576,32697052726,0,0,73
4087185,32698032031,980.105,980.105,1,0,1,accepted,,69.59402326528198,1.0,0,32698028727,3.304,1.0,7.0,0,1,fixed_lag_waveform,1.0,885.1657600000001,32698028727,0,0,169
4087320,32699112396,1080.365,1080.365,1,0,1,accepted,,69.59402326528198,1.0,1,32699112396,0.0,1.0,7.0,1,1,fixed_lag_waveform,1.0,885.1657600000001,0,1,0,17
4087452,32700166407,1054.011,1054.011,1,0,1,accepted,,68.43939919332762,1.0,0,32700164723,1.684,1.0,7.0,0,1,fixed_lag_waveform,1.0,874.2857600000001,32700164723,0,0,169
4087562,32701048724,882.317,882.317,1,0,1,accepted,,68.00276997949716,1.0,0,32701044723,4.001,1.0,7.0,0,1,fixed_lag_waveform,1.0,868.0601600000001,32701044723,0,0,169
4087666,32701880238,831.514,831.514,1,0,1,accepted,,68.00276997949716,1.0,0,32701876723,3.515,1.0,7.0,0,1,fixed_lag_waveform,1.0,869.8614400000001,32701876723,0,0,169
4087763,32702657009,776.771,776.771,1,0,1,accepted,,68.00276997949716,1.0,0,32702652723,4.286,1.0,7.0,0,1,fixed_lag_waveform,1.0,864.4214400000001,32702652723,0,0,73
4087856,32703399783,742.774,742.774,1,0,1,accepted,,68.00276997949716,1.0,0,32703396724,3.059,1.0,7.0,0,1,fixed_lag_waveform,1.0,864.4214400000001,32703396724,0,0,73
4087946,32704123724,723.941,723.941,1,0,1,accepted,,68.43939919332762,1.0,0,32704124724,-1.0,1.0,7.0,0,1,fixed_lag_waveform,1.0,869.8614400000001,32704124724,0,0,73
4088037,32704844837,721.113,721.113,1,0,1,accepted,,72.15753432894695,1.0,1,32705220723,-375.886,1.0,7.0,1,1,fixed_lag_waveform,1.0,873.50016,32705220723,0,0,185
4088129,32705585592,740.755,740.755,1,0,1,accepted,,77.24284248510823,1.0,1,32705220723,364.869,1.0,7.0,1,1,fixed_lag_waveform,1.0,859.04448,32705220723,0,0,185
4088229,32706382924,797.332,797.332,1,0,1,accepted,,77.24284248510823,1.0,1,32706756723,-373.799,1.0,7.0,1,1,fixed_lag_waveform,1.0,841.5267200000001,32706756723,0,0,185
4088339,32707266774,883.85,883.85,1,0,1,accepted,,77.24284248510823,1.0,0,32707268723,-1.949,1.0,7.0,0,1,fixed_lag_waveform,1.0,841.5267200000001,32707268723,0,0,169
4088450,32708149123,882.349,882.349,1,0,1,accepted,,77.24284248510823,1.0,0,32708148723,0.4,1.0,7.0,0,1,fixed_lag_waveform,1.0,836.0867200000001,32708148723,0,0,169
4088561,32709040238,891.115,891.115,1,0,1,accepted,,77.24284248510823,1.0,0,32709036723,3.515,1.0,7.0,0,1,fixed_lag_waveform,1.0,836.0867200000001,32709036723,0,0,169
4088668,32709894893,854.655,854.655,1,0,1,accepted,,75.25096195813036,1.0,0,32709892722,2.171,1.0,7.0,0,1,fixed_lag_waveform,1.0,830.6467200000001,32709892722,0,0,73
4088773,32710735211,840.318,840.318,1,0,1,accepted,,71.40154084525145,1.0,0,32710732725,2.486,1.0,7.0,0,1,fixed_lag_waveform,1.0,831.78624,32710732725,0,0,73
4088879,32711582299,847.088,847.088,1,0,1,accepted,,70.83089360255369,1.0,0,32711580723,1.576,1.0,7.0,0,1,fixed_lag_waveform,1.0,840.10176,32711580723,0,0,73
4088987,32712451967,869.668,869.668,1,0,1,accepted,,70.20376643206909,1.0,0,32712452724,-0.757,1.0,7.0,0,1,fixed_lag_waveform,1.0,836.82816,32712452724,0,0,73
4089095,32713309646,857.679,857.679,1,0,1,accepted,,69.95624237039732,1.0,0,32713308723,0.923,1.0,7.0,0,1,fixed_lag_waveform,1.0,839.2496,32713308723,0,0,73
4089199,32714147455,837.809,837.809,1,0,1,accepted,,69.95624237039732,1.0,0,32714148723,-1.268,1.0,7.0,0,1,fixed_lag_waveform,1.0,840.2172800000001,32714148723,0,0,73
4089310,32715031311,883.856,883.856,1,0,1,accepted,,69.95624237039732,1.0,0,32715028723,2.588,1.0,7.0,0,1,fixed_lag_waveform,1.0,845.6572800000001,32715028723,0,0,73
4089417,32715887043,855.732,855.732,1,0,1,accepted,,70.11540996480207,1.0,0,32715884727,2.316,1.0,7.0,0,1,fixed_lag_waveform,1.0,845.6572800000001,32715884727,0,0,73
4089520,32716713391,826.348,826.348,1,0,1,accepted,,70.20376643206909,1.0,0,32716716724,-3.333,1.0,7.0,0,1,fixed_lag_waveform,1.0,850.47424,32716716724,0,0,73
4089624,32717548059,834.668,834.668,1,0,1,accepted,,70.83089360255369,1.0,0,32717548726,-0.667,1.0,7.0,0,1,fixed_lag_waveform,1.0,850.1296,32717548726,0,0,73
4089729,32718380934,832.875,832.875,1,0,1,accepted,,70.83089360255369,1.0,0,32718380723,0.211,1.0,7.0,0,1,fixed_lag_waveform,1.0,847.7081599999999,32718380723,0,0,73
4089833,32719217372,836.438,836.438,1,0,1,accepted,,71.61536818057577,1.0,0,32719212723,4.649,1.0,7.0,0,1,fixed_lag_waveform,1.0,847.7081599999999,32719212723,0,0,73
4089933,32720014877,797.505,797.505,1,0,1,accepted,,71.73275245744455,1.0,0,32720012723,2.154,1.0,7.0,0,1,fixed_lag_waveform,1.0,844.73888,32720012723,0,0,73
4090034,32720826979,812.102,812.102,1,0,1,accepted,,71.8848691934997,1.0,0,32720828723,-1.744,1.0,7.0,0,1,fixed_lag_waveform,1.0,838.8601600000001,32720828723,0,0,73
4090141,32721680939,853.96,853.96,1,0,1,accepted,,71.8848691934997,1.0,0,32721676723,4.216,1.0,7.0,0,1,fixed_lag_waveform,1.0,838.29376,32721676723,0,0,73
4090242,32722489834,808.895,808.895,1,0,1,accepted,,72.0396217919856,1.0,0,32722492723,-2.889,1.0,7.0,0,1,fixed_lag_waveform,1.0,838.29376,32722492723,0,0,73
4090352,32723367076,877.242,877.242,1,0,1,accepted,,72.0396217919856,1.0,0,32723364723,2.353,1.0,7.0,0,1,fixed_lag_waveform,1.0,837.72,32723364723,0,0,73
4090460,32724235391,868.315,868.315,1,0,1,accepted,,71.8848691934997,1.0,0,32724236724,-1.333,1.0,7.0,0,1,fixed_lag_waveform,1.0,832.28,32724236724,0,0,73
4090564,32725066904,831.513,831.513,1,0,1,accepted,,72.0396217919856,1.0,0,32725068722,-1.818,1.0,7.0,0,1,fixed_lag_waveform,1.0,838.29376,32725068722,0,0,73
4090666,32725877904,811.0,811.0,1,0,1,accepted,,72.15762110754733,1.0,0,32725876728,1.176,1.0,7.0,0,1,fixed_lag_waveform,1.0,837.72,32725876728,0,0,73
4090770,32726715238,837.334,837.334,1,0,1,accepted,,72.15762110754733,1.0,0,32726716724,-1.486,1.0,7.0,0,1,fixed_lag_waveform,1.0,831.84416,32726716724,0,0,73
4090871,32727523390,808.152,808.152,1,0,1,accepted,,72.15762110754733,1.0,0,32727524723,-1.333,1.0,7.0,0,1,fixed_lag_waveform,1.0,831.84416,32727524723,0,0,73
4090969,32728308723,785.333,785.333,1,0,1,accepted,,72.15762110754733,1.0,0,32728308723,0.0,1.0,7.0,0,1,fixed_lag_waveform,1.0,831.84416,32728308723,0,0,73
4091073,32729136074,827.351,827.351,1,0,1,accepted,,72.52061096197382,1.0,0,32729132723,3.351,1.0,7.0,0,1,fixed_lag_waveform,1.0,831.84416,32729132723,0,0,73
4091178,32729974727,838.653,838.653,1,0,1,accepted,,72.15762110754733,1.0,0,32729972727,2.0,1.0,7.0,0,1,fixed_lag_waveform,1.0,830.51232,32729972727,0,0,73
4091281,32730800266,825.539,825.539,1,0,1,accepted,,72.52061096197382,1.0,0,32730796723,3.543,1.0,7.0,0,1,fixed_lag_waveform,1.0,826.40416,32730796723,0,0,73
4091389,32731668183,867.917,867.917,1,0,1,accepted,,72.52061096197382,1.0,0,32731668724,-0.541,1.0,7.0,0,1,fixed_lag_waveform,1.0,825.07232,32731668724,0,0,73
4091500,32732548847,880.664,880.664,1,0,1,accepted,,72.52061096197382,1.0,0,32732548726,0.121,1.0,7.0,0,1,fixed_lag_waveform,1.0,825.07232,32732548726,0,0,73
4091604,32733381193,832.346,832.346,1,0,1,accepted,,72.08540678996475,1.0,0,32733380722,0.471,1.0,7.0,0,1,fixed_lag_waveform,1.0,825.07232,32733380722,0,0,73
4091707,32734207177,825.984,825.984,1,0,1,accepted,,72.52061096197382,1.0,0,32734204725,2.452,1.0,7.0,0,1,fixed_lag_waveform,1.0,826.6707200000001,32734204725,0,0,73
4091806,32735001902,794.725,794.725,1,0,1,accepted,,72.52061096197382,1.0,0,32734996727,5.175,1.0,7.0,0,1,fixed_lag_waveform,1.0,825.07232,32734996727,0,0,73
4091903,32735775837,773.935,773.935,1,0,1,accepted,,72.52061096197382,1.0,0,32735772726,3.111,1.0,7.0,0,1,fixed_lag_waveform,1.0,830.51232,32735772726,0,0,73
4092002,32736571473,795.636,795.636,1,0,1,accepted,,72.64063226406323,1.0,0,32736572723,-1.25,1.0,7.0,0,1,fixed_lag_waveform,1.0,830.51232,32736572723,0,0,73
4092102,32737368724,797.251,797.251,1,0,1,accepted,,72.67978859872156,1.0,0,32737364724,4.0,1.0,7.0,0,1,fixed_lag_waveform,1.0,830.07488,32737364724,0,0,73
4092202,32738171632,802.908,802.908,1,0,1,accepted,,74.7283624026663,1.0,0,32738172723,-1.091,1.0,7.0,0,1,fixed_lag_waveform,1.0,835.37248,32738172723,0,0,73
4092301,32738963223,791.591,791.591,1,0,1,accepted,,75.25860738964266,1.0,0,32738964723,-1.5,1.0,7.0,0,1,fixed_lag_waveform,1.0,828.1305600000001,32738964723,0,0,73
4092405,32739791514,828.291,828.291,1,0,1,accepted,,75.25860738964266,1.0,0,32739788726,2.788,1.0,7.0,0,1,fixed_lag_waveform,1.0,831.76032,32739788726,0,0,73
4092511,32740644359,852.845,852.845,1,0,1,accepted,,75.25860738964266,1.0,0,32740644723,-0.364,1.0,7.0,0,1,fixed_lag_waveform,1.0,837.20032,32740644723,0,0,73
4092620,32741512481,868.122,868.122,1,0,1,accepted,,75.25860738964266,1.0,0,32741508723,3.758,1.0,7.0,0,1,fixed_lag_waveform,1.0,837.20032,32741508723,0,0,73
4092735,32742433474,920.993,920.993,1,0,1,accepted,,74.7283624026663,1.0,0,32742428723,4.751,1.0,7.0,0,1,fixed_lag_waveform,1.0,842.6403200000001,32742428723,0,0,73
4092849,32743343691,910.217,910.217,1,0,1,accepted,,72.43830972448089,1.0,0,32743340723,2.968,1.0,7.0,0,1,fixed_lag_waveform,1.0,844.4505600000001,32743340723,0,0,73
4092958,32744215974,872.283,872.283,1,0,1,accepted,,70.3527604664388,1.0,0,32744212724,3.25,1.0,7.0,0,1,fixed_lag_waveform,1.0,858.0131200000001,32744212724,0,0,73
4093074,32745141194,925.22,925.22,1,0,1,accepted,,69.11470968366197,1.0,0,32745140723,0.471,1.0,7.0,0,1,fixed_lag_waveform,1.0,865.8704,32745140723,0,0,73
4093185,32746029973,888.779,888.779,1,0,1,accepted,,68.78501587214241,1.0,0,32746028723,1.25,1.0,7.0,0,1,fixed_lag_waveform,1.0,876.1990400000001,32746028723,0,0,73
4093298,32746935999,906.026,906.026,1,0,1,accepted,,67.50834571923954,1.0,0,32746932726,3.273,1.0,7.0,0,1,fixed_lag_waveform,1.0,882.97056,32746932726,0,0,73
4093416,32747881667,945.668,945.668,1,0,1,accepted,,66.22326511601213,1.0,0,32747884726,-3.059,1.0,7.0,0,1,fixed_lag_waveform,1.0,893.68928,32747884726,0,0,169
4093533,32748813474,931.807,931.807,1,0,1,accepted,,65.91834694364091,1.0,0,32748812724,0.75,1.0,7.0,0,1,fixed_lag_waveform,1.0,904.64832,32748812724,0,0,169
4093654,32749787476,974.002,974.002,1,0,1,accepted,,65.14707495062395,1.0,0,32750044726,-257.25,1.0,7.0,1,1,fixed_lag_waveform,1.0,911.4294400000001,32750044726,0,0,169
4093773,32750733664,946.188,946.188,1,0,1,accepted,,64.84944121398154,1.0,0,32751052724,-319.06,1.0,7.0,1,1,fixed_lag_waveform,1.0,925.7577600000001,32751052724,0,0,169
4093887,32751652117,918.453,918.453,1,0,1,accepted,,64.84944121398154,1.0,1,32751652117,0.0,1.0,7.0,1,1,fixed_lag_waveform,1.0,932.5504000000001,0,1,0,17
4094004,32752585935,933.818,933.818,1,0,1,accepted,,64.39101659463816,1.0,1,32752585935,0.0,1.0,7.0,1,1,fixed_lag_waveform,1.0,932.5504000000001,0,1,0,17
4094115,32753474223,888.288,888.288,1,0,1,accepted,,64.39101659463816,1.0,1,32753474223,0.0,1.0,7.0,1,1,fixed_lag_waveform,1.0,934.65824,0,1,0,17
4094233,32754418946,944.723,944.723,1,0,1,accepted,,64.25234895879069,1.0,0,32754420724,-1.778,1.0,7.0,0,1,fixed_lag_waveform,1.0,934.65824,32754420724,0,0,169
4094363,32755458662,1039.716,1039.716,1,0,1,accepted,,63.51067985007246,1.0,0,32755460723,-2.061,1.0,7.0,0,1,fixed_lag_waveform,1.0,940.7417600000001,32755460723,0,0,73
4094490,32756471835,1013.173,1013.173,1,0,1,accepted,,63.51067985007246,1.0,0,32756468724,3.111,1.0,7.0,0,1,fixed_lag_waveform,1.0,944.23136,32756468724,0,0,73
4094620,32757513936,1042.101,1042.101,1,0,1,accepted,,63.41234511534706,1.0,0,32757508726,5.21,1.0,7.0,0,1,fixed_lag_waveform,1.0,944.23136,32757508726,0,0,73
4094746,32758519949,1006.013,1006.013,1,0,1,accepted,,63.41234511534706,1.0,0,32758516723,3.226,1.0,7.0,0,1,fixed_lag_waveform,1.0,944.7001600000001,32758516723,0,0,73
4094859,32759425551,905.602,905.602,1,0,1,accepted,,63.51067985007246,1.0,0,32759420723,4.828,1.0,7.0,0,1,fixed_lag_waveform,1.0,939.26016,32759420723,0,0,73
4094972,32760326224,900.673,900.673,1,0,1,accepted,,63.51067985007246,1.0,0,32760324724,1.5,1.0,7.0,0,1,fixed_lag_waveform,1.0,938.7913599999999,32760324724,0,0,73
4095086,32761243562,917.338,917.338,1,0,1,accepted,,63.51067985007246,1.0,0,32761244723,-1.161,1.0,7.0,0,1,fixed_lag_waveform,1.0,933.3513600000001,32761244723,0,0,73
4095200,32762153226,909.664,909.664,1,0,1,accepted,,63.51067985007246,1.0,0,32762148723,4.503,1.0,7.0,0,1,fixed_lag_waveform,1.0,927.9113600000001,32762148723,0,0,73
4095314,32763060844,907.618,907.618,1,0,1,accepted,,65.40664400689822,1.0,0,32763060723,0.121,1.0,7.0,0,1,fixed_lag_waveform,1.0,927.9113600000001,32763060723,0,0,73
4095430,32763989901,929.057,929.057,1,0,1,accepted,,65.40664400689822,1.0,0,32763988725,1.176,1.0,7.0,0,1,fixed_lag_waveform,1.0,919.14816,32763988725,0,0,73
4095541,32764882569,892.668,892.668,1,0,1,accepted,,65.95841981215042,1.0,0,32764884723,-2.154,1.0,7.0,0,1,fixed_lag_waveform,1.0,919.14816,32764884723,0,0,73
4095649,32765744210,861.641,861.641,1,0,1,accepted,,66.10710673433096,1.0,0,32765740726,3.484,1.0,7.0,0,1,fixed_lag_waveform,1.0,911.2524800000001,32765740726,0,0,73
4095760,32766630605,886.395,886.395,1,0,1,accepted,,66.25427063986166,1.0,0,32766628723,1.882,1.0,7.0,0,1,fixed_lag_waveform,1.0,905.15776,32766628723,0,0,73
4095866,32767483009,852.404,852.404,1,0,1,accepted,,66.6168520650669,1.0,0,32767484723,-1.714,1.0,7.0,0,1,fixed_lag_waveform,1.0,899.0726400000001,32767484723,0,0,73
4095972,32768332082,849.073,849.073,1,0,1,accepted,,67.21423866431864,1.0,0,32768332727,-0.645,1.0,7.0,0,1,fixed_lag_waveform,1.0,897.4953600000001,32768332727,0,0,73
4096085,32769231656,899.574,899.574,1,0,1,accepted,,67.21423866431864,1.0,0,32769228723,2.933,1.0,7.0,0,1,fixed_lag_waveform,1.0,889.4937600000001,32769228723,0,0,73
4096201,32770156976,925.32,925.32,1,0,1,accepted,,67.21423866431864,1.0,0,32770156726,0.25,1.0,7.0,0,1,fixed_lag_waveform,1.0,884.0537600000001,32770156726,0,0,73
4096312,32771048223,891.247,891.247,1,0,1,accepted,,67.32140472843106,1.0,0,32771044723,3.5,1.0,7.0,0,1,fixed_lag_waveform,1.0,884.0537600000001,32771044723,0,0,73
4096418,32771892861,844.638,844.638,1,0,1,accepted,,67.68991251078808,1.0,0,32771892723,0.138,1.0,7.0,0,1,fixed_lag_waveform,1.0,878.15904,32771892723,0,0,73
4096524,32772747926,855.065,855.065,1,0,1,accepted,,69.63456938562581,1.0,0,32772748726,-0.8,1.0,7.0,0,1,fixed_lag_waveform,1.0,876.6064000000001,32772748726,0,0,73
4096632,32773611727,863.801,863.801,1,0,1,accepted,,69.46044285663017,1.0,0,32773612727,-1.0,1.0,7.0,0,1,fixed_lag_waveform,1.0,868.6851200000001,32773612727,0,0,73
4096736,32774440724,828.997,828.997,1,0,1,accepted,,70.17010402717922,1.0,0,32774436724,4.0,1.0,7.0,0,1,fixed_lag_waveform,1.0,863.9363200000001,32774436724,0,0,73
4096839,32775265938,825.214,825.214,1,0,1,accepted,,70.17010402717922,1.0,0,32775268726,-2.788,1.0,7.0,0,1,fixed_lag_waveform,1.0,861.1408000000001,32775268726,0,0,73
4096945,32776108857,842.919,842.919,1,0,1,accepted,,70.17010402717922,1.0,0,32776108728,0.129,1.0,7.0,0,1,fixed_lag_waveform,1.0,861.1408000000001,32776108728,0,0,73
4097050,32776952481,843.624,843.624,1,0,1,accepted,,71.03634929993677,1.0,0,32776948723,3.758,1.0,7.0,0,1,fixed_lag_waveform,1.0,861.1408000000001,32776948723,0,0,73
4097154,32777784984,832.503,832.503,1,0,1,accepted,,71.1217319564166,1.0,0,32777780723,4.261,1.0,7.0,0,1,fixed_lag_waveform,1.0,857.8041600000001,32777780723,0,0,73
4097262,32778649755,864.771,864.771,1,0,1,accepted,,71.1217319564166,1.0,0,32778652723,-2.968,1.0,7.0,0,1,fixed_lag_waveform,1.0,857.4796800000001,32778652723,0,0,73
4097371,32779523823,874.068,874.068,1,0,1,accepted,,71.1217319564166,1.0,0,32779524726,-0.903,1.0,7.0,0,1,fixed_lag_waveform,1.0,857.4796800000001,32779524726,0,0,73
4097478,32780375268,851.445,851.445,1,0,1,accepted,,71.1217319564166,1.0,0,32780372723,2.545,1.0,7.0,0,1,fixed_lag_waveform,1.0,852.0396800000001,32780372723,0,0,73
4097588,32781253973,878.705,878.705,1,0,1,accepted,,71.1217319564166,1.0,0,32781252723,1.25,1.0,7.0,0,1,fixed_lag_waveform,1.0,852.0396800000001,32781252723,0,0,73
4097700,32782156362,902.389,902.389,1,0,1,accepted,,70.46843894790621,1.0,0,32782156726,-0.364,1.0,7.0,0,1,fixed_lag_waveform,1.0,852.0396800000001,32782156726,0,0,73
4097808,32783019973,863.611,863.611,1,0,1,accepted,,69.47572460285939,1.0,0,32783020723,-0.75,1.0,7.0,0,1,fixed_lag_waveform,1.0,854.5424,32783020723,0,0,73
4097917,32783891076,871.103,871.103,1,0,1,accepted,,69.38253017272781,1.0,0,32783892723,-1.647,1.0,7.0,0,1,fixed_lag_waveform,1.0,852.9955199999999,32783892723,0,0,73
4098027,32784766976,875.9,875.9,1,0,1,accepted,,68.8781923607197,1.0,0,32784764726,2.25,1.0,7.0,0,1,fixed_lag_waveform,1.0,853.36672,32784764726,0,0,73
4098131,32785603726,836.75,836.75,1,0,1,accepted,,68.8781923607197,1.0,0,32785604726,-1.0,1.0,7.0,0,1,fixed_lag_waveform,1.0,855.3929599999999,32785604726,0,0,73
4098234,32786421626,817.9,817.9,1,0,1,accepted,,68.8781923607197,1.0,0,32786420723,0.903,1.0,7.0,0,1,fixed_lag_waveform,1.0,855.3929599999999,32786420723,0,0,73
4098337,32787251303,829.677,829.677,1,0,1,accepted,,69.47572460285939,1.0,0,32787252722,-1.419,1.0,7.0,0,1,fixed_lag_waveform,1.0,855.3929599999999,32787252722,0,0,73
4098441,32788078590,827.287,827.287,1,0,1,accepted,,69.47572460285939,1.0,0,32788076723,1.867,1.0,7.0,0,1,fixed_lag_waveform,1.0,852.9955199999999,32788076723,0,0,73
4098546,32788924336,845.746,845.746,1,0,1,accepted,,70.94328557273697,1.0,0,32788924723,-0.387,1.0,7.0,0,1,fixed_lag_waveform,1.0,858.43552,32788924723,0,0,73
4098652,32789768465,844.129,844.129,1,0,1,accepted,,71.07918339495504,1.0,0,32789764723,3.742,1.0,7.0,0,1,fixed_lag_waveform,1.0,852.7187200000001,32789764723,0,0,73
4098755,32790592456,823.991,823.991,1,0,1,accepted,,71.7060053779504,1.0,0,32790588723,3.733,1.0,7.0,0,1,fixed_lag_waveform,1.0,846.7612799999999,32790588723,0,0,73
4098856,32791404080,811.624,811.624,1,0,1,accepted,,72.31729938277185,1.0,0,32791404725,-0.645,1.0,7.0,0,1,fixed_lag_waveform,1.0,844.4,32791404725,0,0,73
4098962,32792245087,841.007,841.007,1,0,1,accepted,,72.31729938277185,1.0,0,32792244723,0.364,1.0,7.0,0,1,fixed_lag_waveform,1.0,847.57664,32792244723,0,0,73
4099066,32793081239,836.152,836.152,1,0,1,accepted,,72.31729938277185,1.0,0,32793076725,4.514,1.0,7.0,0,1,fixed_lag_waveform,1.0,842.1366399999999,32793076725,0,0,73
4099169,32793901887,820.648,820.648,1,0,1,accepted,,72.31729938277185,1.0,0,32793900726,1.161,1.0,7.0,0,1,fixed_lag_waveform,1.0,842.1366399999999,32793900726,0,0,73
4099277,32794768723,866.836,866.836,1,0,1,accepted,,71.75728814856629,1.0,0,32794764723,4.0,1.0,7.0,0,1,fixed_lag_waveform,1.0,847.57664,32794764723,0,0,73
4099387,32795645474,876.751,876.751,1,0,1,accepted,,71.34304470711896,1.0,0,32795644724,0.75,1.0,7.0,0,1,fixed_lag_waveform,1.0,849.6486400000001,32795644724,0,0,73
4099493,32796497256,851.782,851.782,1,0,1,accepted,,71.34304470711896,1.0,0,32796492723,4.533,1.0,7.0,0,1,fixed_lag_waveform,1.0,851.2022400000001,32796492723,0,0,73
4099600,32797348853,851.597,851.597,1,0,1,accepted,,71.34304470711896,1.0,0,32797348724,0.129,1.0,7.0,0,1,fixed_lag_waveform,1.0,851.2022400000001,32797348724,0,0,73
4099706,32798203824,854.971,854.971,1,0,1,accepted,,70.45586116437705,1.0,0,32798204727,-0.903,1.0,7.0,0,1,fixed_lag_waveform,1.0,856.6422400000001,32798204727,0,0,73
4099818,32799093884,890.06,890.06,1,0,1,accepted,,70.44055873451188,1.0,0,32799092723,1.161,1.0,7.0,0,1,fixed_lag_waveform,1.0,860.0310400000001,32799092723,0,0,73
4099926,32799958541,864.657,864.657,1,0,1,accepted,,70.17781889678129,1.0,0,32799956723,1.818,1.0,7.0,0,1,fixed_lag_waveform,1.0,860.0902400000001,32799956723,0,0,73
4100037,32800847473,888.932,888.932,1,0,1,accepted,,69.39167785607472,1.0,0,32800844723,2.75,1.0,7.0,0,1,fixed_lag_waveform,1.0,866.5507200000001,32800844723,0,0,73
4100152,32801767473,920.0,920.0,1,0,1,accepted,,69.21724524592886,1.0,0,32801764723,2.75,1.0,7.0,0,1,fixed_lag_waveform,1.0,869.65024,32801764723,0,0,73
4100266,32802680727,913.254,913.254,1,0,1,accepted,,68.4344813977971,1.0,0,32802676727,4.0,1.0,7.0,0,1,fixed_lag_waveform,1.0,875.7875200000001,32802676727,0,0,73
4100374,32803545011,864.284,864.284,1,0,1,accepted,,69.39167785607472,1.0,0,32803540726,4.285,1.0,7.0,0,1,fixed_lag_waveform,1.0,878.9603200000001,32803540726,0,0,73
4100489,32804465792,920.781,920.781,1,0,1,accepted,,67.49672640876918,1.0,0,32804468725,-2.933,1.0,7.0,0,1,fixed_lag_waveform,1.0,875.0902400000001,32804468725,0,0,73
4100599,32805345008,879.216,879.216,1,0,1,accepted,,67.49672640876918,1.0,0,32805340723,4.285,1.0,7.0,0,1,fixed_lag_waveform,1.0,882.85824,32805340723,0,0,73
4100707,32806205629,860.621,860.621,1,0,1,accepted,,67.49672640876918,1.0,0,32806204726,0.903,1.0,7.0,0,1,fixed_lag_waveform,1.0,882.85824,32806204726,0,0,73
4100820,32807114378,908.749,908.749,1,0,1,accepted,,67.49672640876918,1.0,0,32807108723,5.655,1.0,7.0,0,1,fixed_lag_waveform,1.0,882.85824,32807108723,0,0,73
4100933,32808019562,905.184,905.184,1,0,1,accepted,,66.28486583943155,1.0,0,32808020723,-1.161,1.0,7.0,0,1,fixed_lag_waveform,1.0,888.2982400000001,32808020723,0,0,73
4101043,32808894792,875.23,875.23,1,0,1,accepted,,66.28486583943155,1.0,0,32808892723,2.069,1.0,7.0,0,1,fixed_lag_waveform,1.0,893.4988800000001,32808892723,0,0,73
4101153,32809772852,878.06,878.06,1,0,1,accepted,,68.24261614893268,1.0,0,32809772723,0.129,1.0,7.0,0,1,fixed_lag_waveform,1.0,898.9388800000002,32809772723,0,0,73
4101264,32810665581,892.729,892.729,1,0,1,accepted,,68.24261614893268,1.0,0,32810660723,4.858,1.0,7.0,0,1,fixed_lag_waveform,1.0,890.6291200000001,32810660723,0,0,73
4101369,32811508457,842.876,842.876,1,0,1,accepted,,68.24261614893268,1.0,0,32811508724,-0.267,1.0,7.0,0,1,fixed_lag_waveform,1.0,890.6291200000001,32811508724,0,0,73
4101478,32812377239,868.782,868.782,1,0,1,accepted,,68.33246019634194,1.0,0,32812372723,4.516,1.0,7.0,0,1,fixed_lag_waveform,1.0,890.6291200000001,32812372723,0,0,73
4101590,32813272223,894.984,894.984,1,0,1,accepted,,68.33246019634194,1.0,0,32813268723,3.5,1.0,7.0,0,1,fixed_lag_waveform,1.0,884.8192,32813268723,0,0,73
4101700,32814151473,879.25,879.25,1,0,1,accepted,,68.23997725334091,1.0,0,32814148723,2.75,1.0,7.0,0,1,fixed_lag_waveform,1.0,884.8192,32814148723,0,0,73
4101817,32815087999,936.526,936.526,1,0,1,accepted,,68.23997725334091,1.0,0,32815084726,3.273,1.0,7.0,0,1,fixed_lag_waveform,1.0,885.2,32815084726,0,0,73
4101935,32816029884,941.885,941.885,1,0,1,accepted,,68.23997725334091,1.0,0,32816028723,1.161,1.0,7.0,0,1,fixed_lag_waveform,1.0,879.7600000000001,32816028723,0,0,73
4102046,32816917259,887.375,887.375,1,0,1,accepted,,67.61515706437527,1.0,0,32816916726,0.533,1.0,7.0,0,1,fixed_lag_waveform,1.0,879.7600000000001,32816916726,0,0,73
4102159,32817825256,907.997,907.997,1,0,1,accepted,,67.20964592838364,1.0,0,32817820723,4.533,1.0,7.0,0,1,fixed_lag_waveform,1.0,882.3600000000001,32817820723,0,0,73
4102272,32818726240,900.984,900.984,1,0,1,accepted,,67.04030463114424,1.0,0,32818724723,1.517,1.0,7.0,0,1,fixed_lag_waveform,1.0,884.0732800000001,32818724723,0,0,73
4102377,32819565414,839.174,839.174,1,0,1,accepted,,67.04030463114424,1.0,0,32819564724,0.69,1.0,7.0,0,1,fixed_lag_waveform,1.0,884.7948800000001,32819564724,0,0,73
4102483,32820417260,851.846,851.846,1,0,1,accepted,,67.04030463114424,1.0,0,32820412724,4.536,1.0,7.0,0,1,fixed_lag_waveform,1.0,884.7948800000001,32820412724,0,0,73
4102591,32821282656,865.396,865.396,1,0,1,accepted,,67.61515706437527,1.0,0,32821276723,5.933,1.0,7.0,0,1,fixed_lag_waveform,1.0,879.3548800000001,32821276723,0,0,73
4102699,32822141723,859.067,859.067,1,0,1,accepted,,67.61515706437527,1.0,0,32822140723,1.0,1.0,7.0,0,1,fixed_lag_waveform,1.0,876.9200000000001,32822140723,0,0,73
4102803,32822980724,839.001,839.001,1,0,1,accepted,,69.33242122681409,1.0,0,32822980724,0.0,1.0,7.0,0,1,fixed_lag_waveform,1.0,876.9200000000001,32822980724,0,0,73
4102913,32823854724,874.0,874.0,1,0,1,accepted,,69.33242122681409,1.0,0,32823852724,2.0,1.0,7.0,0,1,fixed_lag_waveform,1.0,869.88672,32823852724,0,0,73
4103020,32824709223,854.499,854.499,1,0,1,accepted,,69.84321362594535,1.0,0,32824708723,0.5,1.0,7.0,0,1,fixed_lag_waveform,1.0,864.4467200000001,32824708723,0,0,73
4103126,32825558223,849.0,849.0,1,0,1,accepted,,70.21658305041902,1.0,0,32825556723,1.5,1.0,7.0,0,1,fixed_lag_waveform,1.0,862.4214400000001,32825556723,0,0,73
4103235,32826429332,871.109,871.109,1,0,1,accepted,,70.21658305041902,1.0,0,32826428726,0.606,1.0,7.0,0,1,fixed_lag_waveform,1.0,855.5196800000001,32826428726,0,0,73
4103343,32827294143,864.811,864.811,1,0,1,accepted,,69.84321362594535,1.0,0,32827292724,1.419,1.0,7.0,0,1,fixed_lag_waveform,1.0,850.07968,32827292724,0,0,73
4103446,32828124723,830.58,830.58,1,0,1,accepted,,69.84321362594535,1.0,0,32828124723,0.0,1.0,7.0,0,1,fixed_lag_waveform,1.0,851.54144,32828124723,0,0,73
4103553,32828974916,850.193,850.193,1,0,1,accepted,,70.21658305041902,1.0,0,32828972722,2.194,1.0,7.0,0,1,fixed_lag_waveform,1.0,846.1014400000001,32828972722,0,0,73
4103656,32829802151,827.235,827.235,1,0,1,accepted,,70.57221125085717,1.0,0,32829796726,5.425,1.0,7.0,0,1,fixed_lag_waveform,1.0,844.63968,32829796726,0,0,73
4103756,32830600465,798.314,798.314,1,0,1,accepted,,70.57221125085717,1.0,0,32830596723,3.742,1.0,7.0,0,1,fixed_lag_waveform,1.0,843.2617600000001,32830596723,0,0,73
4103856,32831399175,798.71,798.71,1,0,1,accepted,,70.6713780918728,1.0,0,32831396723,2.452,1.0,7.0,0,1,fixed_lag_waveform,1.0,843.2617600000001,32831396723,0,0,73
4103958,32832214977,815.802,815.802,1,0,1,accepted,,72.23867658744491,1.0,0,32832212727,2.25,1.0,7.0,0,1,fixed_lag_waveform,1.0,842.8800000000001,32832212727,0,0,73
4104058,32833018725,803.748,803.748,1,0,1,accepted,,72.53078024986854,1.0,0,32833020725,-2.0,1.0,7.0,0,1,fixed_lag_waveform,1.0,836.9856000000001,32833020725,0,0,73
4104157,32833809551,790.826,790.826,1,0,1,accepted,,73.54725779049328,1.0,0,32833804723,4.828,1.0,7.0,0,1,fixed_lag_waveform,1.0,835.9152,32833804723,0,0,73
4104258,32834618529,808.978,808.978,1,0,1,accepted,,74.16765350850085,1.0,0,32834620723,-2.194,1.0,7.0,0,1,fixed_lag_waveform,1.0,837.69664,32834620723,0,0,73
4104362,32835446725,828.196,828.196,1,0,1,accepted,,74.16765350850085,1.0,0,32835444725,2.0,1.0,7.0,0,1,fixed_lag_waveform,1.0,835.51296,32835444725,0,0,73
4104464,32836261885,815.16,815.16,1,0,1,accepted,,74.16765350850085,1.0,0,32836260724,1.161,1.0,7.0,0,1,fixed_lag_waveform,1.0,835.51296,32836260724,0,0,73
4104570,32837115148,853.263,853.263,1,0,1,accepted,,74.16765350850085,1.0,0,32837116724,-1.576,1.0,7.0,0,1,fixed_lag_waveform,1.0,835.51296,32837116724,0,0,73
4104682,32838006973,891.825,891.825,1,0,1,accepted,,73.60518180479906,1.0,0,32838004723,2.25,1.0,7.0,0,1,fixed_lag_waveform,1.0,835.51296,32838004723,0,0,73
4104790,32838875126,868.153,868.153,1,0,1,accepted,,73.54725779049328,1.0,0,32838876726,-1.6,1.0,7.0,0,1,fixed_lag_waveform,1.0,832.0512000000001,32838876726,0,0,73
4104898,32839733888,858.762,858.762,1,0,1,accepted,,72.44661891629518,1.0,0,32839732727,1.161,1.0,7.0,0,1,fixed_lag_waveform,1.0,832.2566400000001,32839732727,0,0,73
4105010,32840631949,898.061,898.061,1,0,1,accepted,,70.31829576578382,1.0,0,32840628723,3.226,1.0,7.0,0,1,fixed_lag_waveform,1.0,836.22272,32840628723,0,0,73
4105125,32841552223,920.274,920.274,1,0,1,accepted,,69.86801931152054,1.0,0,32841548723,3.5,1.0,7.0,0,1,fixed_lag_waveform,1.0,844.2441600000001,32841548723,0,0,73
4105235,32842431999,879.776,879.776,1,0,1,accepted,,69.11224173619166,1.0,0,32842428726,3.273,1.0,7.0,0,1,fixed_lag_waveform,1.0,846.0038400000001,32842428726,0,0,73
4105342,32843288472,856.473,856.473,1,0,1,accepted,,69.11224173619166,1.0,0,32843284722,3.75,1.0,7.0,0,1,fixed_lag_waveform,1.0,849.0089600000001,32843284722,0,0,73
4105451,32844159473,871.001,871.001,1,0,1,accepted,,68.8862584543531,1.0,0,32844156723,2.75,1.0,7.0,0,1,fixed_lag_waveform,1.0,854.4489599999999,32844156723,0,0,73
4105554,32844985522,826.049,826.049,1,0,1,accepted,,68.8862584543531,1.0,0,32844988722,-3.2,1.0,7.0,0,1,fixed_lag_waveform,1.0,855.36032,32844988722,0,0,73
4105655,32845790973,805.451,805.451,1,0,1,accepted,,69.11224173619166,1.0,0,32845788723,2.25,1.0,7.0,0,1,fixed_lag_waveform,1.0,855.36032,32845788723,0,0,73
4105757,32846605724,814.751,814.751,1,0,1,accepted,,69.86801931152054,1.0,0,32846604724,1.0,1.0,7.0,0,1,fixed_lag_waveform,1.0,854.4489599999999,32846604724,0,0,73
4105856,32847401011,795.287,795.287,1,0,1,accepted,,70.05474778539428,1.0,0,32847396723,4.288,1.0,7.0,0,1,fixed_lag_waveform,1.0,851.4438399999999,32847396723,0,0,73
4105958,32848213090,812.079,812.079,1,0,1,accepted,,72.6349163306293,1.0,0,32848212726,0.364,1.0,7.0,0,1,fixed_lag_waveform,1.0,856.1513600000001,32848212726,0,0,73
4106061,32849044461,831.371,831.371,1,0,1,accepted,,72.6349163306293,1.0,0,32849044728,-0.267,1.0,7.0,0,1,fixed_lag_waveform,1.0,840.97568,32849044728,0,0,73
4106169,32849904210,859.749,859.749,1,0,1,accepted,,72.6349163306293,1.0,0,32849900726,3.484,1.0,7.0,0,1,fixed_lag_waveform,1.0,840.97568,32849900726,0,0,73
4106273,32850733723,829.513,829.513,1,0,1,accepted,,72.6349163306293,1.0,0,32850732723,1.0,1.0,7.0,0,1,fixed_lag_waveform,1.0,840.97568,32850732723,0,0,73
4106378,32851574723,841.0,841.0,1,0,1,accepted,,72.6349163306293,1.0,0,32851572723,2.0,1.0,7.0,0,1,fixed_lag_waveform,1.0,840.97568,32851572723,0,0,73
4106483,32852419304,844.581,844.581,1,0,1,accepted,,72.33159697316377,1.0,0,32852420723,-1.419,1.0,7.0,0,1,fixed_lag_waveform,1.0,835.5356800000001,32852420723,0,0,73
4106588,32853254517,835.213,835.213,1,0,1,accepted,,72.16994578834239,1.0,0,32853252724,1.793,1.0,7.0,0,1,fixed_lag_waveform,1.0,825.7641600000001,32853252724,0,0,73
4106691,32854084471,829.954,829.954,1,0,1,accepted,,72.16994578834239,1.0,0,32854084726,-0.255,1.0,7.0,0,1,fixed_lag_waveform,1.0,820.91872,32854084726,0,0,73
4106802,32854965523,881.052,881.052,1,0,1,accepted,,71.8379622922536,1.0,0,32854964723,0.8,1.0,7.0,0,1,fixed_lag_waveform,1.0,815.4787200000001,32854964723,0,0,73
4106905,32855795390,829.867,829.867,1,0,1,accepted,,71.8379622922536,1.0,0,32855796723,-1.333,1.0,7.0,0,1,fixed_lag_waveform,1.0,811.26816,32855796723,0,0,73
4107012,32856645580,850.19,850.19,1,0,1,accepted,,71.3436385255648,1.0,0,32856644723,0.857,1.0,7.0,0,1,fixed_lag_waveform,1.0,805.82816,32856644723,0,0,73
4107113,32857458778,813.198,813.198,1,0,1,accepted,,71.8379622922536,1.0,0,32857460727,-1.949,1.0,7.0,0,1,fixed_lag_waveform,1.0,802.24,32857460727,0,0,73
4107224,32858345239,886.461,886.461,1,0,1,accepted,,71.3436385255648,1.0,0,32858345239,0.0,1.0,7.0,1,1,fixed_lag_waveform,1.0,794.94816,0,1,0,1
4107319,32859106136,760.897,760.897,1,0,1,accepted,,71.8379622922536,1.0,0,32859106136,0.0,1.0,7.0,1,1,fixed_lag_waveform,1.0,796.8000000000001,0,1,0,1
4107414,32859861429,755.293,755.293,1,0,1,accepted,,72.29316323555283,1.0,0,32859860723,0.706,1.0,7.0,0,1,fixed_lag_waveform,1.0,794.94816,32859860723,0,0,75
4107506,32860604108,742.679,742.679,1,0,1,accepted,,72.30074216711834,1.0,0,32860604723,-0.615,1.0,7.0,0,1,fixed_lag_waveform,1.0,793.2652800000001,32860604723,0,0,73
4107592,32861287511,683.403,683.403,1,0,1,accepted,,73.78276877218094,1.0,0,32861284723,2.788,1.0,7.0,0,1,fixed_lag_waveform,1.0,793.2374400000001,32861284723,0,0,73
4107677,32861972602,685.091,685.091,1,0,1,accepted,,78.85429959639741,1.0,0,32861972723,-0.121,1.0,7.0,0,1,fixed_lag_waveform,1.0,787.90336,32861972723,0,0,73
4107764,32862662723,690.121,690.121,1,0,1,accepted,,79.43936988691806,1.0,0,32862660723,2.0,1.0,7.0,0,1,fixed_lag_waveform,1.0,776.60704,32862660723,0,0,73
4107852,32863371834,709.111,709.111,1,0,1,accepted,,80.7886044980402,1.0,0,32863372723,-0.889,1.0,7.0,0,1,fixed_lag_waveform,1.0,774.81376,32863372723,0,0,73
4107945,32864110618,738.784,738.784,1,0,1,accepted,,81.21453631914065,1.0,0,32864108723,1.895,1.0,7.0,0,1,fixed_lag_waveform,1.0,770.77728,32864108723,0,0,73
4108037,32864845239,734.621,734.621,1,0,1,accepted,,81.67476834993828,1.0,0,32864844726,0.513,1.0,7.0,0,1,fixed_lag_waveform,1.0,769.53088,32864844726,0,0,73
4108130,32865595671,750.432,750.432,1,0,1,accepted,,81.67476834993828,1.0,0,32865596724,-1.053,1.0,7.0,0,1,fixed_lag_waveform,1.0,768.19872,32865596724,0,0,73
4108229,32866383747,788.076,788.076,1,0,1,accepted,,81.67476834993828,1.0,0,32866380723,3.024,1.0,7.0,0,1,fixed_lag_waveform,1.0,768.19872,32866380723,0,0,73
4108327,32867172127,788.38,788.38,1,0,1,accepted,,81.67476834993828,1.0,0,32867172727,-0.6,1.0,7.0,0,1,fixed_lag_waveform,1.0,768.19872,32867172727,0,0,73
4108425,32867952108,779.981,779.981,1,0,1,accepted,,81.21453631914065,1.0,0,32867948723,3.385,1.0,7.0,0,1,fixed_lag_waveform,1.0,768.19872,32867948723,0,0,73
4108526,32868760723,808.615,808.615,1,0,1,accepted,,79.95394652680056,1.0,0,32868756723,4.0,1.0,7.0,0,1,fixed_lag_waveform,1.0,769.53088,32868756723,0,0,73
4108630,32869589450,828.727,828.727,1,0,1,accepted,,76.92495073597946,1.0,0,32869588723,0.727,1.0,7.0,0,1,fixed_lag_waveform,1.0,773.25824,32869588723,0,0,73
4108730,32870396543,807.093,807.093,1,0,1,accepted,,76.13478903049959,1.0,0,32870396725,-0.182,1.0,7.0,0,1,fixed_lag_waveform,1.0,782.71392,32870396725,0,0,73
4108833,32871218821,822.278,822.278,1,0,1,accepted,,76.1054313909536,1.0,0,32871220726,-1.905,1.0,7.0,0,1,fixed_lag_waveform,1.0,785.30432,32871220726,0,0,169
4108937,32872049838,831.017,831.017,1,0,1,accepted,,74.34087521512392,1.0,0,32872044724,5.114,1.0,7.0,0,1,fixed_lag_waveform,1.0,785.4016,32872044724,0,0,169
4109037,32872852072,802.234,802.234,1,0,1,accepted,,74.34087521512392,1.0,0,32872852723,-0.651,1.0,7.0,0,1,fixed_lag_waveform,1.0,791.38976,32872852723,0,0,169
4109135,32873628891,776.819,776.819,1,0,1,accepted,,74.34087521512392,1.0,0,32873628724,0.167,1.0,7.0,0,1,fixed_lag_waveform,1.0,796.8297600000001,32873628724,0,0,169
4109234,32874424212,795.321,795.321,1,0,1,accepted,,74.34087521512392,1.0,0,32874420723,3.489,1.0,7.0,0,1,fixed_lag_waveform,1.0,796.8297600000001,32874420723,0,0,169
4109335,32875232725,808.513,808.513,1,0,1,accepted,,74.2103095435695,1.0,1,32875232725,0.0,1.0,7.0,1,1,fixed_lag_waveform,1.0,802.26976,0,1,0,17
4109433,32876018856,786.131,786.131,1,0,1,accepted,,74.34087521512392,1.0,0,32876300723,-281.867,1.0,7.0,1,1,fixed_lag_waveform,1.0,802.72416,32876300723,0,0,169
4109534,32876824404,805.548,805.548,1,0,1,accepted,,74.48345722415051,1.0,1,32876824404,0.0,1.0,7.0,1,1,fixed_lag_waveform,1.0,807.7097600000001,0,1,0,17
4109633,32877616057,791.653,791.653,1,0,1,accepted,,74.79114572556136,1.0,0,32877612724,3.333,1.0,7.0,0,1,fixed_lag_waveform,1.0,807.21536,32877612724,0,0,169
4109729,32878381071,765.014,765.014,1,0,1,accepted,,75.44123693452077,1.0,1,32878740725,-359.654,1.0,7.0,1,1,fixed_lag_waveform,1.0,811.59488,32878740725,0,0,185
4109826,32879162682,781.611,781.611,1,0,1,accepted,,75.79078207244841,1.0,0,32879468723,-306.041,1.0,7.0,1,1,fixed_lag_waveform,1.0,809.3827200000001,32879468723,0,0,169
4109927,32879969248,806.566,806.566,1,0,1,accepted,,75.79078207244841,1.0,1,32879969248,0.0,1.0,7.0,1,1,fixed_lag_waveform,1.0,808.20896,0,1,0,17
4110028,32880773787,804.539,804.539,1,0,1,accepted,,75.44123693452077,1.0,1,32880772726,1.061,1.0,7.0,0,1,fixed_lag_waveform,1.0,813.6489600000001,32880772726,0,0,185
4110131,32881603763,829.976,829.976,1,0,1,accepted,,74.57686948674956,1.0,0,32881908723,-304.96,1.0,7.0,1,1,fixed_lag_waveform,1.0,814.8227200000001,32881908723,0,0,169
4110240,32882473523,869.76,869.76,1,0,1,accepted,,74.57686948674956,1.0,0,32882476723,-3.2,1.0,7.0,0,1,fixed_lag_waveform,1.0,817.7724800000001,32882476723,0,0,169
4110345,32883310680,837.157,837.157,1,0,1,accepted,,74.48345722415051,1.0,0,32883308723,1.957,1.0,7.0,0,1,fixed_lag_waveform,1.0,817.7724800000001,32883308723,0,0,169
4110448,32884134340,823.66,823.66,1,0,1,accepted,,74.38944860061049,1.0,0,32884132723,1.617,1.0,7.0,0,1,fixed_lag_waveform,1.0,818.09536,32884132723,0,0,169
4110554,32884982527,848.187,848.187,1,0,1,accepted,,72.84559162761335,1.0,0,32884980723,1.804,1.0,7.0,0,1,fixed_lag_waveform,1.0,818.4211200000001,32884980723,0,0,169
4110662,32885852391,869.864,869.864,1,0,1,accepted,,72.29124697581616,1.0,0,32885852724,-0.333,1.0,7.0,0,1,fixed_lag_waveform,1.0,818.4512,32885852724,0,0,169
4110769,32886707854,855.463,855.463,1,0,1,accepted,,71.67114412230919,1.0,0,32886708724,-0.87,1.0,7.0,0,1,fixed_lag_waveform,1.0,820.4723200000001,32886708724,0,0,169
4110878,32887577404,869.55,869.55,1,0,1,accepted,,70.7391176709853,1.0,0,32887572724,4.68,1.0,7.0,0,1,fixed_lag_waveform,1.0,822.7702400000001,32887572724,0,0,169
4110987,32888447283,869.879,869.879,1,0,1,accepted,,70.13745772756975,1.0,0,32888444723,2.56,1.0,7.0,0,1,fixed_lag_waveform,1.0,826.29984,32888444723,0,0,169
4111090,32889275662,828.379,828.379,1,0,1,accepted,,70.13745772756975,1.0,0,32889276723,-1.061,1.0,7.0,0,1,fixed_lag_waveform,1.0,834.06816,32889276723,0,0,169
4111190,32890074178,798.516,798.516,1,0,1,accepted,,70.7391176709853,1.0,0,32890068725,5.453,1.0,7.0,0,1,fixed_lag_waveform,1.0,834.06816,32890068725,0,0,169
4111286,32890842122,767.944,767.944,1,0,1,accepted,,70.7391176709853,1.0,0,32890844722,-2.6,1.0,7.0,0,1,fixed_lag_waveform,1.0,831.7398400000001,32890844722,0,0,169
4111376,32891560071,717.949,717.949,1,0,1,accepted,,70.7391176709853,1.0,0,32891556724,3.347,1.0,7.0,0,1,fixed_lag_waveform,1.0,831.7398400000001,32891556724,0,0,169
4111468,32892293115,733.044,733.044,1,0,1,accepted,,72.43061448926156,1.0,0,32892292723,0.392,1.0,7.0,0,1,fixed_lag_waveform,1.0,837.17984,32892292723,0,0,169
4111562,32893049766,756.651,756.651,1,0,1,accepted,,75.13938355649731,1.0,0,32893044723,5.043,1.0,7.0,0,1,fixed_lag_waveform,1.0,830.84128,32893044723,0,0,169
4111658,32893819825,770.059,770.059,1,0,1,accepted,,77.91610772681055,1.0,0,32893820723,-0.898,1.0,7.0,0,1,fixed_lag_waveform,1.0,815.8451200000001,32893820723,0,0,169
4111757,32894612650,792.825,792.825,1,0,1,accepted,,77.91610772681055,1.0,0,32894612725,-0.075,1.0,7.0,0,1,fixed_lag_waveform,1.0,806.7388800000001,32894612725,0,0,169
4111862,32895446649,833.999,833.999,1,0,1,accepted,,77.91610772681055,1.0,0,32895444723,1.926,1.0,7.0,0,1,fixed_lag_waveform,1.0,812.1788799999999,32895444723,0,0,169
4111969,32896307835,861.186,861.186,1,0,1,accepted,,77.91610772681055,1.0,0,32896308724,-0.889,1.0,7.0,0,1,fixed_lag_waveform,1.0,812.1788799999999,32896308724,0,0,169
4112074,32897147890,840.055,840.055,1,0,1,accepted,,77.91610772681055,1.0,0,32897148723,-0.833,1.0,7.0,0,1,fixed_lag_waveform,1.0,812.1788799999999,32897148723,0,0,169
4112178,32897978569,830.679,830.679,1,0,1,accepted,,75.67874373285403,1.0,0,32897980723,-2.154,1.0,7.0,0,1,fixed_lag_waveform,1.0,812.1788799999999,32897980723,0,0,169
4112283,32898815185,836.616,836.616,1,0,1,accepted,,72.23006721007754,1.0,0,32898812723,2.462,1.0,7.0,0,1,fixed_lag_waveform,1.0,824.904,32898812723,0,0,169
4112387,32899646261,831.076,831.076,1,0,1,accepted,,72.19556334198076,1.0,0,32899644723,1.538,1.0,7.0,0,1,fixed_lag_waveform,1.0,837.01728,32899644723,0,0,169
4112489,32900463686,817.425,817.425,1,0,1,accepted,,72.19556334198076,1.0,0,32900748723,-285.037,1.0,7.0,1,1,fixed_lag_waveform,1.0,837.1443200000001,32900748723,0,0,169
4112594,32901305707,842.021,842.021,1,0,1,accepted,,71.9425323051946,1.0,0,32901612726,-307.019,1.0,7.0,1,1,fixed_lag_waveform,1.0,842.5843199999999,32901612726,0,0,169
4112703,32902174006,868.299,868.299,1,0,1,accepted,,71.71749046157377,1.0,0,32902172723,1.283,1.0,7.0,0,1,fixed_lag_waveform,1.0,848.95968,32902172723,0,0,169
4112809,32903022649,848.643,848.643,1,0,1,accepted,,71.42389486402676,1.0,0,32903020723,1.926,1.0,7.0,0,1,fixed_lag_waveform,1.0,855.2371200000001,32903020723,0,0,169
4112923,32903940136,917.487,917.487,1,0,1,accepted,,71.42389486402676,1.0,0,32903940726,-0.59,1.0,7.0,0,1,fixed_lag_waveform,1.0,861.7776,32903940726,0,0,169
4113046,32904922945,982.809,982.809,1,0,1,accepted,,71.2571301665873,1.0,0,32904924723,-1.778,1.0,7.0,0,1,fixed_lag_waveform,1.0,867.2176000000001,32904924723,0,0,169
4113164,32905865931,942.986,942.986,1,0,1,accepted,,70.7011075328495,1.0,0,32905868723,-2.792,1.0,7.0,0,1,fixed_lag_waveform,1.0,867.84672,32905868723,0,0,169
4113288,32906854197,988.266,988.266,1,0,1,accepted,,69.10062086907851,1.0,0,32907140725,-286.528,1.0,7.0,1,1,fixed_lag_waveform,1.0,869.96576,32907140725,0,0,169
4113413,32907856433,1002.236,1002.236,1,0,1,accepted,,65.39602195998418,1.0,0,32907852724,3.709,1.0,7.0,0,1,fixed_lag_waveform,1.0,876.2556800000001,32907852724,0,0,169
4113530,32908790111,933.678,933.678,1,0,1,accepted,,64.26198325332716,1.0,0,32908788723,1.388,1.0,7.0,0,1,fixed_lag_waveform,1.0,891.99584,32908788723,0,0,169
4113646,32909722192,932.081,932.081,1,0,1,accepted,,64.26198325332716,1.0,0,32909724723,-2.531,1.0,7.0,0,1,fixed_lag_waveform,1.0,891.7369600000001,32909724723,0,0,169
4113760,32910630223,908.031,908.031,1,0,1,accepted,,64.26198325332716,1.0,0,32910628723,1.5,1.0,7.0,0,1,fixed_lag_waveform,1.0,891.7369600000001,32910628723,0,0,169
4113868,32911498723,868.5,868.5,1,0,1,accepted,,64.26198325332716,1.0,0,32911788723,-290.0,1.0,7.0,1,1,fixed_lag_waveform,1.0,891.7369600000001,32911788723,0,0,169
4113973,32912334415,835.692,835.692,1,0,1,accepted,,64.26198325332716,1.0,0,32912636723,-302.308,1.0,7.0,1,1,fixed_lag_waveform,1.0,891.7369600000001,32912636723,0,0,169
4114076,32913159743,825.328,825.328,1,0,1,accepted,,64.37208783356812,1.0,1,32913476728,-316.985,1.0,7.0,1,1,fixed_lag_waveform,1.0,891.7369600000001,32913476728,0,0,185
4114170,32913915335,755.592,755.592,1,0,1,accepted,,66.07703922002663,1.0,1,32913915335,0.0,1.0,7.0,1,1,fixed_lag_waveform,1.0,891.2259200000001,0,1,0,17
4114267,32914687515,772.18,772.18,1,0,1,accepted,,69.08462867012089,1.0,1,32914684723,2.792,1.0,7.0,0,1,fixed_lag_waveform,1.0,883.52992,32914684723,0,0,185
4114361,32915439056,751.541,751.541,1,0,1,accepted,,71.79678637584182,1.0,1,32915116723,322.333,1.0,7.0,1,1,fixed_lag_waveform,1.0,865.44,32915116723,0,0,185
4114452,32916168406,729.35,729.35,1,0,1,accepted,,72.69836961789737,1.0,0,32916164726,3.68,1.0,7.0,0,1,fixed_lag_waveform,1.0,849.50144,32916164726,0,0,169
4114546,32916919724,751.318,751.318,1,0,1,accepted,,77.70209018622602,1.0,0,32916916724,3.0,1.0,7.0,0,1,fixed_lag_waveform,1.0,846.18496,32916916724,0,0,169
4114646,32917723438,803.714,803.714,1,0,1,accepted,,77.70209018622602,1.0,1,32917723438,0.0,1.0,7.0,1,1,fixed_lag_waveform,1.0,823.7375999999999,0,1,0,17
4114750,32918554653,831.215,831.215,1,0,1,accepted,,77.70209018622602,1.0,1,32918556727,-2.074,1.0,7.0,0,1,fixed_lag_waveform,1.0,818.2976000000001,32918556727,0,0,185
4114856,32919404723,850.07,850.07,1,0,1,accepted,,77.70209018622602,1.0,1,32919404723,0.0,1.0,7.0,0,1,fixed_lag_waveform,1.0,818.2976000000001,32919404723,0,0,185
4114966,32920280437,875.714,875.714,1,0,1,accepted,,77.70209018622602,1.0,0,32920276723,3.714,1.0,7.0,0,1,fixed_lag_waveform,1.0,812.8576,32920276723,0,0,169
4115074,32921146292,865.855,865.855,1,0,1,accepted,,74.65342149072929,1.0,0,32921148723,-2.431,1.0,7.0,0,1,fixed_lag_waveform,1.0,812.8576,32921148723,0,0,169
4115177,32921966964,820.672,820.672,1,0,1,accepted,,73.11081650159869,1.0,0,32921964724,2.24,1.0,7.0,0,1,fixed_lag_waveform,1.0,817.5084800000001,32921964724,0,0,169
4115280,32922791985,825.021,825.021,1,0,1,accepted,,72.72542153472457,1.0,0,32922788726,3.259,1.0,7.0,0,1,fixed_lag_waveform,1.0,822.9350400000001,32922788726,0,0,169
4115385,32923633350,841.365,841.365,1,0,1,accepted,,72.18349043267987,1.0,0,32923628725,4.625,1.0,7.0,0,1,fixed_lag_waveform,1.0,824.32672,32923628725,0,0,169
4115487,32924451079,817.729,817.729,1,0,1,accepted,,72.18349043267987,1.0,0,32924452726,-1.647,1.0,7.0,0,1,fixed_lag_waveform,1.0,826.3088,32924452726,0,0,169
4115591,32925280012,828.933,828.933,1,0,1,accepted,,72.18349043267987,1.0,0,32925276726,3.286,1.0,7.0,0,1,fixed_lag_waveform,1.0,831.7488000000001,32925276726,0,0,169
4115698,32926136880,856.868,856.868,1,0,1,accepted,,71.31268831006757,1.0,0,32926132726,4.154,1.0,7.0,0,1,fixed_lag_waveform,1.0,831.7488000000001,32926132726,0,0,169
4115803,32926980152,843.272,843.272,1,0,1,accepted,,71.31268831006757,1.0,0,32926980723,-0.571,1.0,7.0,0,1,fixed_lag_waveform,1.0,834.9968,32926980723,0,0,169
4115907,32927810292,830.14,830.14,1,0,1,accepted,,72.27696533114896,1.0,0,32927812723,-2.431,1.0,7.0,0,1,fixed_lag_waveform,1.0,840.4368000000001,32927812723,0,0,169
4116010,32928636650,826.358,826.358,1,0,1,accepted,,72.38220700587382,1.0,0,32928636725,-0.075,1.0,7.0,0,1,fixed_lag_waveform,1.0,842.2847999999999,32928636725,0,0,169
4116114,32929461899,825.249,825.249,1,0,1,accepted,,72.38220700587382,1.0,0,32929460723,1.176,1.0,7.0,0,1,fixed_lag_waveform,1.0,841.89856,32929460723,0,0,169
4116215,32930276177,814.278,814.278,1,0,1,accepted,,72.38220700587382,1.0,0,32930276726,-0.549,1.0,7.0,0,1,fixed_lag_waveform,1.0,847.33856,32930276726,0,0,169
4116321,32931118106,841.929,841.929,1,0,1,accepted,,72.38220700587382,1.0,0,32931116727,1.379,1.0,7.0,0,1,fixed_lag_waveform,1.0,847.33856,32931116727,0,0,169
4116430,32931992874,874.768,874.768,1,0,1,accepted,,72.27696533114896,1.0,1,32932036723,-43.849,1.0,7.0,0,1,fixed_lag_waveform,1.0,847.33856,32932036723,0,0,185
4116537,32932850452,857.578,857.578,1,0,1,accepted,,71.26491663786376,1.0,1,32932852727,-2.275,1.0,7.0,0,1,fixed_lag_waveform,1.0,847.7248,32932852727,0,0,185
4116643,32933700447,849.995,849.995,1,0,1,accepted,,71.26491663786376,1.0,0,32933700723,-0.276,1.0,7.0,0,1,fixed_lag_waveform,1.0,851.49728,32933700723,0,0,169
4116754,32934584465,884.018,884.018,1,0,1,accepted,,71.26491663786376,1.0,0,32934580723,3.742,1.0,7.0,0,1,fixed_lag_waveform,1.0,851.49728,32934580723,0,0,169
4116867,32935487523,903.058,903.058,1,0,1,accepted,,70.58865052147365,1.0,0,32935484723,2.8,1.0,7.0,0,1,fixed_lag_waveform,1.0,851.49728,32935484723,0,0,169
4116978,32936376171,888.648,888.648,1,0,1,accepted,,69.96448136496039,1.0,0,32936372723,3.448,1.0,7.0,0,1,fixed_lag_waveform,1.0,854.0784000000001,32936372723,0,0,169
4117088,32937258560,882.389,882.389,1,0,1,accepted,,68.58961461781867,1.0,0,32937260724,-2.164,1.0,7.0,0,1,fixed_lag_waveform,1.0,856.50496,32937260724,0,0,169
4117200,32938151709,893.149,893.149,1,0,1,accepted,,67.99722118022777,1.0,0,32938148725,2.984,1.0,7.0,0,1,fixed_lag_waveform,1.0,862.00576,32938148725,0,0,169
4117306,32939001025,849.316,849.316,1,0,1,accepted,,67.99722118022777,1.0,1,32939356724,-355.699,1.0,7.0,1,1,fixed_lag_waveform,1.0,864.4444800000001,32939356724,0,0,185
4117412,32939852335,851.31,851.31,1,0,1,accepted,,67.99722118022777,1.0,1,32939852335,0.0,1.0,7.0,1,1,fixed_lag_waveform,1.0,869.8844800000002,0,1,0,17
4117520,32940710859,858.524,858.524,1,0,1,accepted,,67.99722118022777,1.0,1,32940676723,34.136,1.0,7.0,0,1,fixed_lag_waveform,1.0,869.8844800000002,32940676723,0,0,185
4117626,32941559834,848.975,848.975,1,0,1,accepted,,67.99722118022777,1.0,0,32941556723,3.111,1.0,7.0,0,1,fixed_lag_waveform,1.0,875.32448,32941556723,0,0,169
4117728,32942374724,814.89,814.89,1,0,1,accepted,,69.88738812193951,1.0,0,32942372724,2.0,1.0,7.0,0,1,fixed_lag_waveform,1.0,875.32448,32942372724,0,0,169
4117832,32943211010,836.286,836.286,1,0,1,accepted,,70.47961377171653,1.0,0,32943212724,-1.714,1.0,7.0,0,1,fixed_lag_waveform,1.0,867.68768,32943212724,0,0,169
4117941,32944076861,865.851,865.851,1,0,1,accepted,,70.47961377171653,1.0,0,32944076723,0.138,1.0,7.0,0,1,fixed_lag_waveform,1.0,865.3792000000001,32944076723,0,0,169
4118047,32944927153,850.292,850.292,1,0,1,accepted,,70.5639944865999,1.0,0,32944924724,2.429,1.0,7.0,0,1,fixed_lag_waveform,1.0,865.3792000000001,32944924724,0,0,169
4118157,32945810127,882.974,882.974,1,0,1,accepted,,70.5639944865999,1.0,0,32945812723,-2.596,1.0,7.0,0,1,fixed_lag_waveform,1.0,865.05344,32945812723,0,0,169
4118273,32946737269,927.142,927.142,1,0,1,accepted,,70.47961377171653,1.0,0,32946732725,4.544,1.0,7.0,0,1,fixed_lag_waveform,1.0,865.05344,32946732725,0,0,169
4118385,32947632728,895.459,895.459,1,0,1,accepted,,69.88738812193951,1.0,0,32947628728,4.0,1.0,7.0,0,1,fixed_lag_waveform,1.0,859.9392,32947628728,0,0,169
4118493,32948500508,867.78,867.78,1,0,1,accepted,,69.29598741584869,1.0,1,32948500508,0.0,1.0,7.0,1,1,fixed_lag_waveform,1.0,862.2476800000002,0,1,0,17
4118605,32949389469,888.961,888.961,1,0,1,accepted,,69.14194842010649,1.0,1,32949332724,56.745,1.0,7.0,0,1,fixed_lag_waveform,1.0,859.15232,32949332724,0,0,185
4118715,32950273350,883.881,883.881,1,0,1,accepted,,67.95217073209403,1.0,0,32950268724,4.626,1.0,7.0,0,1,fixed_lag_waveform,1.0,859.7696000000001,32950268724,0,0,169
4118822,32951131895,858.545,858.545,1,0,1,accepted,,67.95217073209403,1.0,0,32951132723,-0.828,1.0,7.0,0,1,fixed_lag_waveform,1.0,864.6316800000001,32951132723,0,0,169
4118934,32952022013,890.118,890.118,1,0,1,accepted,,67.88244118835001,1.0,0,32952020723,1.29,1.0,7.0,0,1,fixed_lag_waveform,1.0,859.19168,32952020723,0,0,169
4119040,32952871723,849.71,849.71,1,0,1,accepted,,67.88244118835001,1.0,0,32952868723,3.0,1.0,7.0,0,1,fixed_lag_waveform,1.0,859.48192,32952868723,0,0,169
4119141,32953681867,810.144,810.144,1,0,1,accepted,,67.88244118835001,1.0,0,32953684724,-2.857,1.0,7.0,0,1,fixed_lag_waveform,1.0,864.92192,32953684724,0,0,169
4119244,32954506152,824.285,824.285,1,0,1,accepted,,69.14194842010649,1.0,0,32954500726,5.426,1.0,7.0,0,1,fixed_lag_waveform,1.0,859.48192,32954500726,0,0,169
4119345,32955316284,810.132,810.132,1,0,1,accepted,,69.88567867729707,1.0,0,32955316728,-0.444,1.0,7.0,0,1,fixed_lag_waveform,1.0,854.3296,32955316728,0,0,169
4119444,32956108261,791.977,791.977,1,0,1,accepted,,70.61232655847289,1.0,0,32956108723,-0.462,1.0,7.0,0,1,fixed_lag_waveform,1.0,851.3743999999999,32956108723,0,0,169
4119544,32956906103,797.842,797.842,1,0,1,accepted,,72.79035770394948,1.0,0,32956908724,-2.621,1.0,7.0,0,1,fixed_lag_waveform,1.0,848.5472,32956908724,0,0,169
4119647,32957729888,823.785,823.785,1,0,1,accepted,,72.83453813798504,1.0,0,32957732724,-2.836,1.0,7.0,0,1,fixed_lag_waveform,1.0,834.9712000000001,32957732724,0,0,169
4119749,32958545821,815.933,815.933,1,0,1,accepted,,73.53544960186682,1.0,0,32958540723,5.098,1.0,7.0,0,1,fixed_lag_waveform,1.0,829.3712,32958540723,0,0,169
4119852,32959365152,819.331,819.331,1,0,1,accepted,,73.53544960186682,1.0,0,32959364723,0.429,1.0,7.0,0,1,fixed_lag_waveform,1.0,826.85856,32959364723,0,0,169
4119957,32960209019,843.867,843.867,1,0,1,accepted,,73.53544960186682,1.0,1,32960209019,0.0,1.0,7.0,1,1,fixed_lag_waveform,1.0,826.85856,0,1,0,17
4120062,32961046980,837.961,837.961,1,0,1,accepted,,73.2304770599428,1.0,0,32961044725,2.255,1.0,7.0,0,1,fixed_lag_waveform,1.0,821.4185600000001,32961044725,0,0,169
4120163,32961857030,810.05,810.05,1,0,1,accepted,,73.53544960186682,1.0,1,32961852723,4.307,1.0,7.0,0,1,fixed_lag_waveform,1.0,822.5059200000001,32961852723,0,0,185
4120267,32962685917,828.887,828.887,1,0,1,accepted,,73.2304770599428,1.0,1,32962684724,1.193,1.0,7.0,0,1,fixed_lag_waveform,1.0,821.4185600000001,32962684724,0,0,185
4120372,32963532513,846.596,846.596,1,0,1,accepted,,72.83453813798504,1.0,1,32963500723,31.79,1.0,7.0,0,1,fixed_lag_waveform,1.0,817.06592,32963500723,0,0,185
4120473,32964338919,806.406,806.406,1,0,1,accepted,,72.83453813798504,1.0,0,32964596725,-257.806,1.0,7.0,1,1,fixed_lag_waveform,1.0,818.4911999999999,32964596725,0,0,169
4120573,32965133553,794.634,794.634,1,0,1,accepted,,73.2304770599428,1.0,0,32965132723,0.83,1.0,7.0,0,1,fixed_lag_waveform,1.0,818.4911999999999,32965132723,0,0,169
4120674,32965942930,809.377,809.377,1,0,1,accepted,,73.2304770599428,1.0,0,32965940723,2.207,1.0,7.0,0,1,fixed_lag_waveform,1.0,817.06592,32965940723,0,0,169
4120776,32966758059,815.129,815.129,1,0,1,accepted,,73.60798106802727,1.0,0,32966756726,1.333,1.0,7.0,0,1,fixed_lag_waveform,1.0,817.06592,32966756726,0,0,169
4120875,32967553478,795.419,795.419,1,0,1,accepted,,74.06950188259984,1.0,0,32967556723,-3.245,1.0,7.0,0,1,fixed_lag_waveform,1.0,810.28128,32967556723,0,0,169
4120978,32968376451,822.973,822.973,1,0,1,accepted,,74.06950188259984,1.0,0,32968372727,3.724,1.0,7.0,0,1,fixed_lag_waveform,1.0,808.6560000000001,32968372727,0,0,169
4121083,32969214960,838.509,838.509,1,0,1,accepted,,73.60798106802727,1.0,0,32969212723,2.237,1.0,7.0,0,1,fixed_lag_waveform,1.0,808.6560000000001,32969212723,0,0,169
4121185,32970035744,820.784,820.784,1,0,1,accepted,,73.60798106802727,1.0,0,32970036725,-0.981,1.0,7.0,0,1,fixed_lag_waveform,1.0,804.84128,32970036725,0,0,169
4121285,32970833612,797.868,797.868,1,0,1,accepted,,74.13109095019998,1.0,0,32970836723,-3.111,1.0,7.0,0,1,fixed_lag_waveform,1.0,804.84128,32970836723,0,0,169
4121386,32971637723,804.111,804.111,1,0,1,accepted,,74.13109095019998,1.0,0,32971636723,1.0,1.0,7.0,0,1,fixed_lag_waveform,1.0,803.00064,32971636723,0,0,169
4121485,32972432261,794.538,794.538,1,0,1,accepted,,74.13109095019998,1.0,0,32972428723,3.538,1.0,7.0,0,1,fixed_lag_waveform,1.0,803.00064,32972428723,0,0,169
4121578,32973176100,743.839,743.839,1,0,1,accepted,,74.61656413107146,1.0,0,32973172727,3.373,1.0,7.0,0,1,fixed_lag_waveform,1.0,808.44064,32973172727,0,0,169
4121671,32973918832,742.732,742.732,1,0,1,accepted,,75.20040909022545,1.0,0,32973916723,2.109,1.0,7.0,0,1,fixed_lag_waveform,1.0,806.75552,32973916723,0,0,169
4121765,32974673465,754.633,754.633,1,0,1,accepted,,75.20040909022545,1.0,0,32974668723,4.742,1.0,7.0,0,1,fixed_lag_waveform,1.0,804.7577600000001,32974668723,0,0,169
4121858,32975413526,740.061,740.061,1,0,1,accepted,,75.51558264047786,1.0,0,32975412726,0.8,1.0,7.0,0,1,fixed_lag_waveform,1.0,804.7577600000001,32975412726,0,0,169
4121950,32976154127,740.601,740.601,1,0,1,accepted,,79.50884734698853,1.0,0,32976156723,-2.596,1.0,7.0,0,1,fixed_lag_waveform,1.0,803.6921600000001,32976156723,0,0,169
4122047,32976929760,775.633,775.633,1,0,1,accepted,,79.50884734698853,1.0,0,32977204724,-274.964,1.0,7.0,1,1,fixed_lag_waveform,1.0,796.36256,32977204724,0,0,169
4122150,32977750058,820.298,820.298,1,0,1,accepted,,79.50884734698853,1.0,0,32977748725,1.333,1.0,7.0,0,1,fixed_lag_waveform,1.0,796.36256,32977748725,0,0,169
4122252,32978565464,815.406,815.406,1,0,1,accepted,,79.50884734698853,1.0,0,32978564723,0.741,1.0,7.0,0,1,fixed_lag_waveform,1.0,801.8025600000001,32978564723,0,0,169
4122356,32979404092,838.628,838.628,1,0,1,accepted,,79.50884734698853,1.0,0,32979404724,-0.632,1.0,7.0,0,1,fixed_lag_waveform,1.0,801.8025600000001,32979404724,0,0,169
4122465,32980270183,866.091,866.091,1,0,1,accepted,,77.35617231345236,1.0,0,32980268723,1.46,1.0,7.0,0,1,fixed_lag_waveform,1.0,801.8025600000001,32980268723,0,0,169
4122570,32981112874,842.691,842.691,1,0,1,accepted,,73.58297584270903,1.0,0,32981108726,4.148,1.0,7.0,0,1,fixed_lag_waveform,1.0,808.5225600000001,32981108726,0,0,169
4122677,32981971973,859.099,859.099,1,0,1,accepted,,73.14415005278569,1.0,0,32981972723,-0.75,1.0,7.0,0,1,fixed_lag_waveform,1.0,821.24992,32981972723,0,0,169
4122790,32982876657,904.684,904.684,1,0,1,accepted,,71.54542896254358,1.0,0,32982876723,-0.066,1.0,7.0,0,1,fixed_lag_waveform,1.0,828.25536,32982876723,0,0,169
4122898,32983735972,859.315,859.315,1,0,1,accepted,,71.20047561917713,1.0,0,32983732727,3.245,1.0,7.0,0,1,fixed_lag_waveform,1.0,834.12096,32983732727,0,0,169
4123004,32984584592,848.62,848.62,1,0,1,accepted,,70.7030237326483,1.0,0,32984580723,3.869,1.0,7.0,0,1,fixed_lag_waveform,1.0,840.86112,32984580723,0,0,169
4123112,32985450726,866.134,866.134,1,0,1,accepted,,69.8406120831243,1.0,0,32985452726,-2.0,1.0,7.0,0,1,fixed_lag_waveform,1.0,842.7584,32985452726,0,0,169
4123217,32986290948,840.222,840.222,1,0,1,accepted,,69.8406120831243,1.0,1,32986292726,-1.778,1.0,7.0,0,1,fixed_lag_waveform,1.0,846.1116800000001,32986292726,0,0,185
4123320,32987116033,825.085,825.085,1,0,1,accepted,,69.8406120831243,1.0,1,32987116723,-0.69,1.0,7.0,0,1,fixed_lag_waveform,1.0,851.55168,32987116723,0,0,185
4123426,32987959412,843.379,843.379,1,0,1,accepted,,70.7030237326483,1.0,1,32987956723,2.689,1.0,7.0,0,1,fixed_lag_waveform,1.0,851.55168,32987956723,0,0,185
4123532,32988810905,851.493,851.493,1,0,1,accepted,,70.46446653114,1.0,0,32988812723,-1.818,1.0,7.0,0,1,fixed_lag_waveform,1.0,842.7584,32988812723,0,0,169
4123638,32989659341,848.436,848.436,1,0,1,accepted,,70.7030237326483,1.0,0,32989660723,-1.382,1.0,7.0,0,1,fixed_lag_waveform,1.0,843.67776,32989660723,0,0,169
4123746,32990521159,861.818,861.818,1,0,1,accepted,,70.7030237326483,1.0,0,32990516728,4.431,1.0,7.0,0,1,fixed_lag_waveform,1.0,842.7584,32990516728,0,0,169
4123858,32991417523,896.364,896.364,1,0,1,accepted,,70.7030237326483,1.0,0,32991412724,4.799,1.0,7.0,0,1,fixed_lag_waveform,1.0,837.3184,32991412724,0,0,169
4123965,32992269959,852.436,852.436,1,0,1,accepted,,70.46446653114,1.0,0,32992268723,1.236,1.0,7.0,0,1,fixed_lag_waveform,1.0,837.3184,32992268723,0,0,169
4124067,32993086978,817.019,817.019,1,0,1,accepted,,70.71835707112852,1.0,0,32993084723,2.255,1.0,7.0,0,1,fixed_lag_waveform,1.0,838.23776,32993084723,0,0,169
4124166,32993879982,793.004,793.004,1,0,1,accepted,,70.71835707112852,1.0,0,32993876723,3.259,1.0,7.0,0,1,fixed_lag_waveform,1.0,831.81952,32993876723,0,0,169
4124261,32994643031,763.049,763.049,1,0,1,accepted,,70.71835707112852,1.0,0,32994644723,-1.692,1.0,7.0,0,1,fixed_lag_waveform,1.0,831.81952,32994644723,0,0,169
4124354,32995388359,745.328,745.328,1,0,1,accepted,,70.71835707112852,1.0,0,32995388723,-0.364,1.0,7.0,0,1,fixed_lag_waveform,1.0,826.37952,32995388723,0,0,169
4124449,32996141723,753.364,753.364,1,0,1,accepted,,73.43770463110405,1.0,0,32996140723,1.0,1.0,7.0,0,1,fixed_lag_waveform,1.0,826.37952,32996140723,0,0,169
4124543,32996896295,754.572,754.572,1,0,1,accepted,,75.66166122743391,1.0,0,32996892724,3.571,1.0,7.0,0,1,fixed_lag_waveform,1.0,810.88608,32996892724,0,0,169
4124639,32997664055,767.76,767.76,1,0,1,accepted,,78.14942169427947,1.0,0,32997660722,3.333,1.0,7.0,0,1,fixed_lag_waveform,1.0,797.7612799999999,32997660722,0,0,169
4124739,32998463999,799.944,799.944,1,0,1,accepted,,78.14942169427947,1.0,0,32998460726,3.273,1.0,7.0,0,1,fixed_lag_waveform,1.0,789.6831999999999,32998460726,0,0,169
4124839,32999268520,804.521,804.521,1,0,1,accepted,,78.14942169427947,1.0,0,32999268723,-0.203,1.0,7.0,0,1,fixed_lag_waveform,1.0,784.2432000000001,32999268723,0,0,169
4124940,33000069438,800.918,800.918,1,0,1,accepted,,78.14942169427947,1.0,0,33000068724,0.714,1.0,7.0,0,1,fixed_lag_waveform,1.0,778.8032000000001,33000068724,0,0,169
4125038,33000859070,789.632,789.632,1,0,1,accepted,,78.14942169427947,1.0,0,33000860725,-1.655,1.0,7.0,0,1,fixed_lag_waveform,1.0,778.8032000000001,33000860725,0,0,169
4125136,33001637590,778.52,778.52,1,0,1,accepted,,77.06931100035966,1.0,0,33001636727,0.863,1.0,7.0,0,1,fixed_lag_waveform,1.0,773.3632,33001636727,0,0,169
4125228,33002379206,741.616,741.616,1,0,1,accepted,,77.06931100035966,0.9578802385939242,0,33002380723,-1.517,0.9578802385939242,8.179353319370122,0,1,fixed_lag_waveform,0.9578802385939242,776.8064,33002380723,0,0,169
4125318,33003100665,721.459,721.459,1,0,1,accepted,,77.06931100035966,1.0,0,33003100728,-0.063,1.0,7.0,0,1,fixed_lag_waveform,1.0,776.8064,33003100728,0,0,169
4125410,33003830890,730.225,730.225,1,0,1,accepted,,77.06931100035966,1.0,0,33003828723,2.167,1.0,7.0,0,1,fixed_lag_waveform,1.0,776.8064,33003828723,0,0,169
4125494,33004507788,676.898,676.898,1,0,1,accepted,,77.06931100035966,1.0,0,33004508724,-0.936,1.0,7.0,0,1,fixed_lag_waveform,1.0,771.3664,33004508724,0,0,169
4125577,33005171739,663.951,663.951,1,0,1,accepted,,80.90440335699338,1.0,1,33005171739,0.0,1.0,7.0,1,1,fixed_lag_waveform,1.0,771.3664,0,1,0,17
4125669,33005900786,729.047,729.047,1,0,1,accepted,,82.16645554452394,1.0,0,33005900786,0.0,1.0,7.0,1,1,fixed_lag_waveform,1.0,759.5571199999999,0,1,0,0
4125765,33006671105,770.319,770.319,1,0,1,accepted,,82.16645554452394,1.0,0,33006671105,0.0,1.0,7.0,1,1,fixed_lag_waveform,1.0,755.912,0,1,0,1
4125862,33007449602,778.497,778.497,1,0,1,accepted,,82.16645554452394,1.0,0,33007444723,4.879,1.0,7.0,0,1,fixed_lag_waveform,1.0,750.4720000000001,33007444723,0,0,75
4125961,33008240850,791.248,791.248,1,0,1,accepted,,82.16645554452394,1.0,0,33008236724,4.126,1.0,7.0,0,1,fixed_lag_waveform,1.0,750.4720000000001,33008236724,0,0,73
4126062,33009047126,806.276,806.276,1,0,1,accepted,,82.16645554452394,1.0,0,33009044726,2.4,1.0,7.0,0,1,fixed_lag_waveform,1.0,745.032,33009044726,0,0,73
4126162,33009846569,799.443,799.443,1,0,1,accepted,,77.88980928680196,1.0,0,33009844723,1.846,1.0,7.0,0,1,fixed_lag_waveform,1.0,745.032,33009844723,0,0,73
4126261,33010642919,796.35,796.35,1,0,1,accepted,,77.07158794446222,1.0,0,33010644723,-1.804,1.0,7.0,0,1,fixed_lag_waveform,1.0,752.42208,33010644723,0,0,73
4126355,33011394056,751.137,751.137,1,0,1,accepted,,77.07158794446222,1.0,0,33011396723,-2.667,1.0,7.0,0,1,fixed_lag_waveform,1.0,749.5990400000001,33011396723,0,0,73
4126447,33012130770,736.714,736.714,1,0,1,accepted,,77.07158794446222,1.0,0,33012132727,-1.957,1.0,7.0,0,1,fixed_lag_waveform,1.0,744.15904,33012132727,0,0,73
4126536,33012841060,710.29,710.29,1,0,1,accepted,,77.07158794446222,1.0,0,33012836726,4.334,1.0,7.0,0,1,fixed_lag_waveform,1.0,744.15904,33012836726,0,0,73
4126623,33013536554,695.494,695.494,1,0,1,accepted,,77.07158794446222,1.0,0,33013836723,-300.169,1.0,7.0,1,1,fixed_lag_waveform,1.0,744.15904,33013836723,0,0,169
4126708,33014220155,683.601,683.601,1,0,1,accepted,,79.87890358216944,1.0,1,33014220155,0.0,1.0,7.0,1,1,fixed_lag_waveform,1.0,744.15904,0,1,0,17
4126791,33014883650,663.495,663.495,1,0,1,accepted,,81.44273082905984,1.0,0,33014884727,-1.077,1.0,7.0,0,1,fixed_lag_waveform,1.0,740.84384,33014884727,0,0,169
4126873,33015537821,654.171,654.171,1,0,1,accepted,,84.4725393853215,1.0,0,33015540723,-2.902,1.0,7.0,0,1,fixed_lag_waveform,1.0,736.22848,33015540723,0,0,169
4126954,33016183943,646.122,646.122,1,0,1,accepted,,86.26961555383654,1.0,0,33016180727,3.216,1.0,7.0,0,1,fixed_lag_waveform,1.0,733.2128,33016180727,0,0,169
4127035,33016834605,650.662,650.662,1,0,1,accepted,,87.77049770260722,1.0,0,33016836723,-2.118,1.0,7.0,0,1,fixed_lag_waveform,1.0,728.4780800000001,33016836723,0,0,169
4127117,33017486610,652.005,652.005,1,0,1,accepted,,90.43022178011891,1.0,0,33017484723,1.887,1.0,7.0,0,1,fixed_lag_waveform,1.0,730.11232,33017484723,0,0,169
4127200,33018151688,665.078,665.078,1,0,1,accepted,,90.43022178011891,1.0,1,33018151688,0.0,1.0,7.0,1,1,fixed_lag_waveform,1.0,723.6784,0,1,0,17
4127286,33018841185,689.497,689.497,1,0,1,accepted,,90.43022178011891,1.0,1,33018836723,4.462,1.0,7.0,0,1,fixed_lag_waveform,1.0,723.6784,33018836723,0,0,185
4127376,33019557492,716.307,716.307,1,0,1,accepted,,90.43022178011891,1.0,0,33019556723,0.769,1.0,7.0,0,1,fixed_lag_waveform,1.0,718.2384,33019556723,0,0,169
4127471,33020319009,761.517,761.517,1,0,1,accepted,,90.43022178011891,1.0,1,33020319009,0.0,1.0,7.0,1,1,fixed_lag_waveform,1.0,718.2384,0,1,0,17
4127568,33021093103,774.094,774.094,1,0,1,accepted,,90.21498230282764,1.0,0,33021092726,0.377,1.0,7.0,0,1,fixed_lag_waveform,1.0,718.2384,33021092726,0,0,169
4127667,33021888235,795.132,795.132,1,0,1,accepted,,87.01995802737359,1.0,0,33021884725,3.51,1.0,7.0,0,1,fixed_lag_waveform,1.0,724.18496,33021884725,0,0,169
4127770,33022708879,820.644,820.644,1,0,1,accepted,,83.76296755441452,1.0,1,33022708879,0.0,1.0,7.0,1,1,fixed_lag_waveform,1.0,731.99904,0,1,0,17
4127869,33023500891,792.012,792.012,1,0,1,accepted,,78.79009923612998,1.0,1,33023500724,0.167,1.0,7.0,0,1,fixed_lag_waveform,1.0,746.0182400000001,33023500724,0,0,185
4127969,33024306003,805.112,805.112,1,0,1,accepted,,77.50996648985782,1.0,1,33024306003,0.0,1.0,7.0,1,1,fixed_lag_waveform,1.0,765.92544,0,1,0,17
4128068,33025100332,794.329,794.329,1,0,1,accepted,,75.75642793291011,1.0,1,33025100332,0.0,1.0,7.0,1,1,fixed_lag_waveform,1.0,775.3900800000001,0,1,0,17
4128168,33025894601,794.269,794.269,1,0,1,accepted,,75.54115797041052,1.0,1,33025892723,1.878,1.0,7.0,0,1,fixed_lag_waveform,1.0,792.0038400000001,33025892723,0,0,185
4128262,33026649683,755.082,755.082,1,0,1,accepted,,75.54115797041052,1.0,1,33026292723,356.96,1.0,7.0,1,1,fixed_lag_waveform,1.0,803.60608,33026292723,0,0,185
4128361,33027436929,787.246,787.246,1,0,1,accepted,,75.54115797041052,1.0,1,33027436726,0.203,1.0,7.0,0,1,fixed_lag_waveform,1.0,809.04608,33027436726,0,0,185
4128461,33028239179,802.25,802.25,1,0,1,accepted,,75.53545193490355,1.0,0,33028532726,-293.547,1.0,7.0,1,1,fixed_lag_waveform,1.0,809.04608,33028532726,0,0,169
4128569,33029102859,863.68,863.68,1,0,1,accepted,,75.53545193490355,1.0,0,33029100726,2.133,1.0,7.0,0,1,fixed_lag_waveform,1.0,809.06528,33029100726,0,0,169
4128680,33029991580,888.721,888.721,1,0,1,accepted,,75.53545193490355,1.0,0,33029988723,2.857,1.0,7.0,0,1,fixed_lag_waveform,1.0,809.06528,33029988723,0,0,169
4128802,33030970209,978.629,0.0,0,0,0,local_outlier,局部 RR 异常,74.78965409784979,1.0,0,33030972723,-2.514,1.0,7.0,0,1,fixed_lag_waveform,1.0,809.06528,33030972723,0,0,169
4128923,33031938167,967.958,0.0,0,0,0,local_outlier,局部 RR 异常,74.78965409784979,1.0,0,33031940724,-2.557,1.0,7.0,0,1,fixed_lag_waveform,1.0,811.6,33031940724,0,0,169
4129035,33032836130,897.963,897.963,1,0,1,accepted,,69.47017413856985,1.0,1,33033164723,-328.593,1.0,7.0,1,1,fixed_lag_waveform,1.0,822.48,33033164723,0,0,185
4129144,33033703351,867.221,867.221,1,0,1,accepted,,69.1865164704268,1.0,1,33034068723,-365.372,1.0,7.0,1,1,fixed_lag_waveform,1.0,842.1376,33034068723,0,0,185
4129248,33034535997,832.646,832.646,1,0,1,accepted,,69.1865164704268,1.0,0,33034532724,3.273,1.0,7.0,0,1,fixed_lag_waveform,1.0,848.71072,33034532724,0,0,169
4129344,33035308498,772.501,772.501,1,0,1,accepted,,69.1865164704268,1.0,0,33035308724,-0.226,1.0,7.0,0,1,fixed_lag_waveform,1.0,854.15072,33035308724,0,0,169
4129439,33036066056,757.558,757.558,1,0,1,accepted,,69.1865164704268,1.0,0,33036068723,-2.667,1.0,7.0,0,1,fixed_lag_waveform,1.0,859.59072,33036068723,0,0,169
4129536,33036839433,773.377,773.377,1,0,1,accepted,,69.1865164704268,1.0,0,33036836723,2.71,1.0,7.0,0,1,fixed_lag_waveform,1.0,865.0307200000001,33036836723,0,0,169
4129633,33037616589,777.156,777.156,1,0,1,accepted,,72.05943462167596,1.0,0,33037612727,3.862,1.0,7.0,0,1,fixed_lag_waveform,1.0,865.0307200000001,33037612727,0,0,169
4129731,33038404456,787.867,787.867,1,0,1,accepted,,76.1549855495915,1.0,0,33038404723,-0.267,1.0,7.0,0,1,fixed_lag_waveform,1.0,859.40672,33038404723,0,0,169
4129838,33039253208,848.752,848.752,1,0,1,accepted,,76.1549855495915,1.0,0,33039252723,0.485,1.0,7.0,0,1,fixed_lag_waveform,1.0,845.07744,33039252723,0,0,169
4129950,33040156348,903.14,903.14,1,0,1,accepted,,76.1549855495915,1.0,0,33040156723,-0.375,1.0,7.0,0,1,fixed_lag_waveform,1.0,845.07744,33040156723,0,0,169
4130060,33041035123,878.775,878.775,1,0,1,accepted,,76.1549855495915,1.0,0,33041036723,-1.6,1.0,7.0,0,1,fixed_lag_waveform,1.0,839.6374400000001,33041036723,0,0,169
4130175,33041956079,920.956,920.956,1,0,1,accepted,,76.1549855495915,1.0,0,33041956724,-0.645,1.0,7.0,0,1,fixed_lag_waveform,1.0,834.19744,33041956724,0,0,169
4130296,33042922598,966.519,966.519,1,0,1,accepted,,70.69202782438215,1.0,1,33042924723,-2.125,1.0,7.0,0,1,fixed_lag_waveform,1.0,834.19744,33042924723,0,0,185
4130415,33043869316,946.718,946.718,1,0,1,accepted,,68.27686267815994,1.0,0,33043868723,0.593,1.0,7.0,0,1,fixed_lag_waveform,1.0,842.80064,33043868723,0,0,169
4130522,33044730108,860.792,860.792,1,0,1,accepted,,68.27686267815994,1.0,0,33044724723,5.385,1.0,7.0,0,1,fixed_lag_waveform,1.0,852.4080000000001,33044724723,0,0,169
4130630,33045592067,861.959,861.959,1,0,1,accepted,,68.27686267815994,1.0,0,33045588723,3.344,1.0,7.0,0,1,fixed_lag_waveform,1.0,852.4080000000001,33045588723,0,0,169
4130736,33046442906,850.839,850.839,1,0,1,accepted,,68.27686267815994,1.0,0,33046444724,-1.818,1.0,7.0,0,1,fixed_lag_waveform,1.0,852.4080000000001,33046444724,0,0,169
4130836,33047239515,796.609,796.609,1,0,1,accepted,,68.27686267815994,1.0,0,33047236723,2.792,1.0,7.0,0,1,fixed_lag_waveform,1.0,857.848,33047236723,0,0,169
4130936,33048039069,799.554,799.554,1,0,1,accepted,,69.60887930864462,1.0,0,33048036724,2.345,1.0,7.0,0,1,fixed_lag_waveform,1.0,857.848,33048036724,0,0,169
4131036,33048838930,799.861,799.861,1,0,1,accepted,,69.70325003020474,1.0,0,33048836723,2.207,1.0,7.0,0,1,fixed_lag_waveform,1.0,852.46688,33048836723,0,0,169
4131139,33049667031,828.101,828.101,1,0,1,accepted,,70.51862925888446,1.0,0,33049668723,-1.692,1.0,7.0,0,1,fixed_lag_waveform,1.0,852.09344,33049668723,0,0,169
4131240,33050472569,805.538,805.538,1,0,1,accepted,,72.45493001457551,1.0,0,33050468723,3.846,1.0,7.0,0,1,fixed_lag_waveform,1.0,843.46848,33050468723,0,0,169
4131345,33051315608,843.039,843.039,1,0,1,accepted,,72.45493001457551,1.0,0,33051316723,-1.115,1.0,7.0,0,1,fixed_lag_waveform,1.0,836.1923200000001,33051316723,0,0,169
4131452,33052169167,853.559,853.559,1,0,1,accepted,,72.45493001457551,1.0,0,33052500723,-331.556,1.0,7.0,1,1,fixed_lag_waveform,1.0,830.75232,33052500723,0,0,169
4131556,33052997115,827.948,827.948,1,0,1,accepted,,72.46831926642736,1.0,1,33052997115,0.0,1.0,7.0,1,1,fixed_lag_waveform,1.0,830.75232,0,1,0,17
4131657,33053810415,813.3,813.3,1,0,1,accepted,,73.77351530800443,1.0,0,33054108723,-298.308,1.0,7.0,1,1,fixed_lag_waveform,1.0,825.26336,33054108723,0,0,169
4131758,33054617031,806.616,806.616,1,0,1,accepted,,73.77351530800443,1.0,1,33054636726,-19.695,1.0,7.0,0,1,fixed_lag_waveform,1.0,815.136,33054636726,0,0,185
4131857,33055407157,790.126,790.126,1,0,1,accepted,,73.77351530800443,1.0,1,33055724726,-317.569,1.0,7.0,1,1,fixed_lag_waveform,1.0,809.696,33055724726,0,0,185
4131952,33056171172,764.015,764.015,1,0,1,accepted,,73.77351530800443,1.0,1,33056171172,0.0,1.0,7.0,1,1,fixed_lag_waveform,1.0,809.696,0,1,0,17
4132049,33056945821,774.649,774.649,1,0,1,accepted,,74.38483739474546,1.0,1,33056940726,5.095,1.0,7.0,0,1,fixed_lag_waveform,1.0,804.256,33056940726,0,0,185
4132149,33057743709,797.888,797.888,1,0,1,accepted,,74.38483739474546,1.0,0,33058044723,-301.014,1.0,7.0,1,1,fixed_lag_waveform,1.0,802.11712,33058044723,0,0,169
4132248,33058538256,794.547,794.547,1,0,1,accepted,,75.19852410363359,1.0,1,33058538256,0.0,1.0,7.0,1,1,fixed_lag_waveform,1.0,796.6771200000001,0,1,0,17
4132348,33059334223,795.967,795.967,1,0,1,accepted,,75.38000947275452,1.0,0,33059332723,1.5,1.0,7.0,0,1,fixed_lag_waveform,1.0,793.8841600000001,33059332723,0,0,169
4132451,33060157458,823.235,823.235,1,0,1,accepted,,75.38000947275452,1.0,0,33060156723,0.735,1.0,7.0,0,1,fixed_lag_waveform,1.0,793.26944,33060156723,0,0,169
4132546,33060921216,763.758,763.758,1,0,1,accepted,,75.51472725968382,1.0,0,33060924726,-3.51,1.0,7.0,0,1,fixed_lag_waveform,1.0,793.26944,33060924726,0,0,169
4132641,33061683389,762.173,762.173,1,0,1,accepted,,75.93725557695862,1.0,0,33061684722,-1.333,1.0,7.0,0,1,fixed_lag_waveform,1.0,792.8150400000001,33061684722,0,0,169
4132734,33062428153,744.764,744.764,1,0,1,accepted,,77.45443420181269,1.0,0,33062428724,-0.571,1.0,7.0,0,1,fixed_lag_waveform,1.0,791.4003200000001,33062428724,0,0,169
4132828,33063174102,745.949,745.949,1,0,1,accepted,,77.45443420181269,1.0,0,33063468725,-294.623,1.0,7.0,1,1,fixed_lag_waveform,1.0,781.00768,33063468725,0,0,169
4132925,33063954828,780.726,780.726,1,0,1,accepted,,76.85154586884515,1.0,0,33064244723,-289.895,1.0,7.0,1,1,fixed_lag_waveform,1.0,781.00768,33064244723,0,0,169
4133020,33064711601,756.773,756.773,1,0,1,accepted,,78.5589152584981,1.0,1,33064711601,0.0,1.0,7.0,1,1,fixed_lag_waveform,1.0,782.95232,0,1,0,17
4133117,33065489248,777.647,777.647,1,0,1,accepted,,78.5589152584981,1.0,1,33065476723,12.525,1.0,7.0,0,1,fixed_lag_waveform,1.0,777.52256,33065476723,0,0,185
4133217,33066287691,798.443,798.443,1,0,1,accepted,,78.5589152584981,1.0,1,33066284723,2.968,1.0,7.0,0,1,fixed_lag_waveform,1.0,777.52256,33066284723,0,0,185
4133313,33067055096,767.405,767.405,1,0,1,accepted,,78.5589152584981,1.0,1,33067052723,2.373,1.0,7.0,0,1,fixed_lag_waveform,1.0,777.52256,33067052723,0,0,185
4133409,33067828726,773.63,773.63,1,0,1,accepted,,78.185573458604,1.0,1,33067828726,0.0,1.0,7.0,0,1,fixed_lag_waveform,1.0,777.52256,33067828726,0,0,185
4133509,33068627845,799.119,799.119,1,0,1,accepted,,77.55645463593707,1.0,0,33068916723,-288.878,1.0,7.0,1,1,fixed_lag_waveform,1.0,778.6896,33068916723,0,0,169
4133607,33069407093,779.248,779.248,1,0,1,accepted,,77.15583034461652,1.0,1,33069404723,2.37,1.0,7.0,0,1,fixed_lag_waveform,1.0,780.6816,33069404723,0,0,185
4133703,33070178468,771.375,771.375,1,0,1,accepted,,77.15583034461652,1.0,1,33070180723,-2.255,1.0,7.0,0,1,fixed_lag_waveform,1.0,781.96704,33070180723,0,0,185
4133802,33070968070,789.602,789.602,1,0,1,accepted,,77.15583034461652,1.0,0,33070964726,3.344,1.0,7.0,0,1,fixed_lag_waveform,1.0,781.96704,33070964726,0,0,169
4133903,33071773689,805.619,805.619,1,0,1,accepted,,76.99731022729605,1.0,0,33071772723,0.966,1.0,7.0,0,1,fixed_lag_waveform,1.0,781.96704,33071772723,0,0,169
4134003,33072577013,803.324,803.324,1,0,1,accepted,,75.98764947403882,1.0,0,33072572724,4.289,1.0,7.0,0,1,fixed_lag_waveform,1.0,782.47936,33072572724,0,0,169
4134106,33073397692,820.679,820.679,1,0,1,accepted,,75.98764947403882,1.0,0,33073396726,0.966,1.0,7.0,0,1,fixed_lag_waveform,1.0,785.79264,33073396726,0,0,169
4134206,33074203867,806.175,806.175,1,0,1,accepted,,75.08268480664331,1.0,0,33074204724,-0.857,1.0,7.0,0,1,fixed_lag_waveform,1.0,791.2326400000001,33074204724,0,0,169
4134304,33074983581,779.714,779.714,1,0,1,accepted,,75.08268480664331,1.0,0,33074980724,2.857,1.0,7.0,0,1,fixed_lag_waveform,1.0,794.27808,33074980724,0,0,169
4134403,33075777404,793.823,793.823,1,0,1,accepted,,75.5835998705001,1.0,0,33075772723,4.681,1.0,7.0,0,1,fixed_lag_waveform,1.0,794.27808,33075772723,0,0,169
4134504,33076588362,810.958,810.958,1,0,1,accepted,,74.68966444423421,1.0,0,33076588726,-0.364,1.0,7.0,0,1,fixed_lag_waveform,1.0,798.02336,33076588726,0,0,169
4134602,33077368723,780.361,780.361,1,0,1,accepted,,74.68966444423421,1.0,0,33077364726,3.997,1.0,7.0,0,1,fixed_lag_waveform,1.0,801.06368,33077364726,0,0,169
4134700,33078156250,787.527,787.527,1,0,1,accepted,,74.68966444423421,1.0,0,33078156725,-0.475,1.0,7.0,0,1,fixed_lag_waveform,1.0,801.06368,33078156725,0,0,169
4134802,33078970407,814.157,814.157,1,0,1,accepted,,74.68966444423421,1.0,0,33078972723,-2.316,1.0,7.0,0,1,fixed_lag_waveform,1.0,801.06368,33078972723,0,0,169
4134901,33079759031,788.624,788.624,1,0,1,accepted,,75.5835998705001,1.0,0,33079756723,2.308,1.0,7.0,0,1,fixed_lag_waveform,1.0,801.06368,33079756723,0,0,169
4134999,33080547199,788.168,788.168,1,0,1,accepted,,76.08188439611273,1.0,0,33080548726,-1.527,1.0,7.0,0,1,fixed_lag_waveform,1.0,803.4633600000001,33080548726,0,0,169
4135102,33081371656,824.457,824.457,1,0,1,accepted,,76.08188439611273,1.0,0,33081372723,-1.067,1.0,7.0,0,1,fixed_lag_waveform,1.0,801.7996800000001,33081372723,0,0,169
4135204,33082185481,813.825,813.825,1,0,1,accepted,,75.5835998705001,1.0,0,33082188726,-3.245,1.0,7.0,0,1,fixed_lag_waveform,1.0,801.7996800000001,33082188726,0,0,169
4135305,33082995952,810.471,810.471,1,0,1,accepted,,74.03102640316557,1.0,0,33082996724,-0.772,1.0,7.0,0,1,fixed_lag_waveform,1.0,803.4633600000001,33082996724,0,0,169
4135410,33083833526,837.574,837.574,1,0,1,accepted,,74.03102640316557,1.0,0,33083828723,4.803,1.0,7.0,0,1,fixed_lag_waveform,1.0,808.7907200000001,33083828723,0,0,169
4135511,33084641419,807.893,807.893,1,0,1,accepted,,74.03102640316557,1.0,0,33084636723,4.696,1.0,7.0,0,1,fixed_lag_waveform,1.0,808.7907200000001,33084636723,0,0,169
4135609,33085424261,782.842,782.842,1,0,1,accepted,,74.03102640316557,1.0,0,33085420723,3.538,1.0,7.0,0,1,fixed_lag_waveform,1.0,808.7907200000001,33085420723,0,0,169
4135711,33086241376,817.115,817.115,1,0,1,accepted,,74.03102640316557,1.0,0,33086236723,4.653,1.0,7.0,0,1,fixed_lag_waveform,1.0,808.7907200000001,33086236723,0,0,169
4135816,33087078108,836.732,836.732,1,0,1,accepted,,73.72592387798359,1.0,0,33087076723,1.385,1.0,7.0,0,1,fixed_lag_waveform,1.0,814.23072,33087076723,0,0,169
4135917,33087886570,808.462,808.462,1,0,1,accepted,,73.72592387798359,1.0,0,33087884724,1.846,1.0,7.0,0,1,fixed_lag_waveform,1.0,815.3040000000001,33087884724,0,0,169
4136022,33088732576,846.006,846.006,1,0,1,accepted,,73.72592387798359,1.0,1,33088732724,-0.148,1.0,7.0,0,1,fixed_lag_waveform,1.0,815.3040000000001,33088732724,0,0,185
4136127,33089569866,837.29,837.29,1,0,1,accepted,,73.42907669055151,1.0,1,33089892723,-322.857,1.0,7.0,1,1,fixed_lag_waveform,1.0,820.7440000000001,33089892723,0,0,185
4136227,33090369892,800.026,800.026,1,0,1,accepted,,73.42907669055151,1.0,0,33090372725,-2.833,1.0,7.0,0,1,fixed_lag_waveform,1.0,821.7968000000001,33090372725,0,0,169
4136329,33091180884,810.992,810.992,1,0,1,accepted,,73.98346716120504,1.0,0,33091180724,0.16,1.0,7.0,0,1,fixed_lag_waveform,1.0,821.7968000000001,33091180724,0,0,169
4136431,33092003680,822.796,822.796,1,0,1,accepted,,73.42907669055151,1.0,0,33092004723,-1.043,1.0,7.0,0,1,fixed_lag_waveform,1.0,819.83744,33092004723,0,0,169
4136532,33092805701,802.021,802.021,1,0,1,accepted,,73.42907669055151,1.0,0,33092804723,0.978,1.0,7.0,0,1,fixed_lag_waveform,1.0,821.7968000000001,33092804723,0,0,169
4136636,33093638308,832.607,832.607,1,0,1,accepted,,72.92208518271843,1.0,0,33093636723,1.585,1.0,7.0,0,1,fixed_lag_waveform,1.0,821.7968000000001,33093636723,0,0,169
4136744,33094501131,862.823,862.823,1,0,1,accepted,,72.92208518271843,1.0,0,33094500723,0.408,1.0,7.0,0,1,fixed_lag_waveform,1.0,823.61472,33094500723,0,0,169
4136849,33095346522,845.391,845.391,1,0,1,accepted,,72.06280994514819,1.0,0,33095348726,-2.204,1.0,7.0,0,1,fixed_lag_waveform,1.0,823.61472,33095348726,0,0,169
4136955,33096193350,846.828,846.828,1,0,1,accepted,,72.06280994514819,1.0,0,33096188723,4.627,1.0,7.0,0,1,fixed_lag_waveform,1.0,826.75424,33096188723,0,0,169
4137063,33097058769,865.419,865.419,1,0,1,accepted,,72.06280994514819,1.0,0,33097060726,-1.957,1.0,7.0,0,1,fixed_lag_waveform,1.0,832.19424,33097060726,0,0,169
4137167,33097886340,827.571,827.571,1,0,1,accepted,,72.06280994514819,1.0,0,33097884723,1.617,1.0,7.0,0,1,fixed_lag_waveform,1.0,832.19424,33097884723,0,0,169
4137268,33098696556,810.216,810.216,1,0,1,accepted,,72.06280994514819,1.0,0,33098692723,3.833,1.0,7.0,0,1,fixed_lag_waveform,1.0,826.75424,33098692723,0,0,169
4137371,33099517632,821.076,821.076,1,0,1,accepted,,72.06280994514819,1.0,0,33099836726,-319.094,1.0,7.0,1,1,fixed_lag_waveform,1.0,826.75424,33099836726,0,0,169
4137474,33100345056,827.424,827.424,1,0,1,accepted,,72.06280994514819,1.0,1,33100716726,-371.67,1.0,7.0,1,1,fixed_lag_waveform,1.0,826.75424,33100716726,0,0,185
4137574,33101146956,801.9,801.9,1,0,1,accepted,,72.50133221197939,1.0,1,33101492723,-345.767,1.0,7.0,1,1,fixed_lag_waveform,1.0,821.3142399999999,33101492723,0,0,185
4137677,33101967268,820.312,820.312,1,0,1,accepted,,72.514212785706,1.0,1,33101967268,0.0,1.0,7.0,1,1,fixed_lag_waveform,1.0,819.70272,0,1,0,17
4137783,33102815968,848.7,848.7,1,0,1,accepted,,72.514212785706,1.0,0,33102812723,3.245,1.0,7.0,0,1,fixed_lag_waveform,1.0,814.21568,33102812723,0,0,169
4137888,33103657247,841.279,841.279,1,0,1,accepted,,72.514212785706,1.0,0,33103652726,4.521,1.0,7.0,0,1,fixed_lag_waveform,1.0,814.21568,33103652726,0,0,169
4137990,33104469635,812.388,812.388,1,0,1,accepted,,73.07484325446121,1.0,0,33104468726,0.909,1.0,7.0,0,1,fixed_lag_waveform,1.0,808.77568,33104468726,0,0,169
4138086,33105243035,773.4,773.4,1,0,1,accepted,,73.14290172519723,1.0,0,33105244724,-1.689,1.0,7.0,0,1,fixed_lag_waveform,1.0,801.3043200000001,33105244724,0,0,169
4138179,33105982416,739.381,739.381,1,0,1,accepted,,73.14290172519723,1.0,0,33105980727,1.689,1.0,7.0,0,1,fixed_lag_waveform,1.0,795.6198400000001,33105980727,0,0,169
4138266,33106683268,700.852,700.852,1,0,1,accepted,,73.8563346578236,1.0,0,33106684723,-1.455,1.0,7.0,0,1,fixed_lag_waveform,1.0,795.6198400000001,33106684723,0,0,169
4138356,33107397561,714.293,714.293,1,0,1,accepted,,74.82229704451927,1.0,1,33107397561,0.0,1.0,7.0,1,1,fixed_lag_waveform,1.0,787.64416,0,1,0,17
4138446,33108121065,723.504,723.504,1,0,1,accepted,,77.57951900698215,1.0,0,33108428724,-307.659,1.0,7.0,1,1,fixed_lag_waveform,1.0,784.288,33108428724,0,0,169
4138534,33108821830,700.765,700.765,1,0,1,accepted,,81.14896109042564,1.0,1,33108821830,0.0,1.0,7.0,1,1,fixed_lag_waveform,1.0,769.7280000000001,0,1,0,17
4138621,33109524111,702.281,702.281,1,0,1,accepted,,82.92974192264313,1.0,0,33109524726,-0.615,1.0,7.0,0,1,fixed_lag_waveform,1.0,753.40192,33109524726,0,0,169
4138712,33110244877,720.766,720.766,1,0,1,accepted,,83.24477014731549,1.0,0,33110244723,0.154,1.0,7.0,0,1,fixed_lag_waveform,1.0,742.8812800000001,33110244723,0,0,169
4138802,33110965900,721.023,721.023,1,0,1,accepted,,83.24477014731549,1.0,0,33110964724,1.176,1.0,7.0,0,1,fixed_lag_waveform,1.0,742.00512,33110964724,0,0,169
4138892,33111689744,723.844,723.844,1,0,1,accepted,,83.24477014731549,1.0,0,33111684726,5.018,1.0,7.0,0,1,fixed_lag_waveform,1.0,736.56512,33111684726,0,0,169
4138984,33112427138,737.394,737.394,1,0,1,accepted,,83.24477014731549,1.0,0,33112428723,-1.585,1.0,7.0,0,1,fixed_lag_waveform,1.0,736.56512,33112428723,0,0,169
4139079,33113183414,756.276,756.276,1,0,1,accepted,,83.21509854748045,1.0,0,33113180723,2.691,1.0,7.0,0,1,fixed_lag_waveform,1.0,736.56512,33113180723,0,0,169
4139173,33113936287,752.873,752.873,1,0,1,accepted,,82.92974192264313,1.0,0,33113932723,3.564,1.0,7.0,0,1,fixed_lag_waveform,1.0,736.64736,33113932723,0,0,169
4139265,33114673978,737.691,737.691,1,0,1,accepted,,82.89078862296296,1.0,0,33114668724,5.254,1.0,7.0,0,1,fixed_lag_waveform,1.0,737.44128,33114668724,0,0,169
4139355,33115395093,721.115,721.115,1,0,1,accepted,,82.89078862296296,1.0,0,33115396723,-1.63,1.0,7.0,0,1,fixed_lag_waveform,1.0,737.55008,33115396723,0,0,169
4139444,33116104108,709.015,709.015,1,0,1,accepted,,82.89078862296296,1.0,0,33116100723,3.385,1.0,7.0,0,1,fixed_lag_waveform,1.0,732.11008,33116100723,0,0,169
4139531,33116799390,695.282,695.282,1,0,1,accepted,,82.89078862296296,1.0,0,33116796723,2.667,1.0,7.0,0,1,fixed_lag_waveform,1.0,732.11008,33116796723,0,0,169
4139621,33117518792,719.402,719.402,1,0,1,accepted,,82.89078862296296,1.0,1,33117518792,0.0,1.0,7.0,1,1,fixed_lag_waveform,1.0,737.55008,0,1,0,17
4139714,33118264848,746.056,746.056,1,0,1,accepted,,81.36762707589159,1.0,1,33118244723,20.125,1.0,7.0,0,1,fixed_lag_waveform,1.0,737.55008,33118244723,0,0,185
4139809,33119028657,763.809,763.809,1,0,1,accepted,,81.33486785117346,1.0,1,33119028657,0.0,1.0,7.0,1,1,fixed_lag_waveform,1.0,747.32608,0,1,0,17
4139902,33119771803,743.146,743.146,1,0,1,accepted,,81.33486785117346,1.0,1,33119772726,-0.923,1.0,7.0,0,1,fixed_lag_waveform,1.0,747.42112,33119772726,0,0,185
4139997,33120526605,754.802,754.802,1,0,1,accepted,,81.33486785117346,1.0,1,33120526605,0.0,1.0,7.0,1,1,fixed_lag_waveform,1.0,752.86112,0,1,0,17
4140094,33121302353,775.748,775.748,1,0,1,accepted,,80.73783617216537,1.0,1,33121300728,1.625,1.0,7.0,0,1,fixed_lag_waveform,1.0,752.86112,33121300728,0,0,185
4140191,33122082128,779.775,779.775,1,0,1,accepted,,80.42291731451795,1.0,0,33122356723,-274.595,1.0,7.0,1,1,fixed_lag_waveform,1.0,760.04672,33122356723,0,0,169
4140284,33122827758,745.63,745.63,1,0,1,accepted,,80.42291731451795,1.0,1,33122827758,0.0,1.0,7.0,1,1,fixed_lag_waveform,1.0,766.4179200000001,0,1,0,17
4140380,33123594190,766.432,766.432,1,0,1,accepted,,79.49104533374314,1.0,1,33123596723,-2.533,1.0,7.0,0,1,fixed_lag_waveform,1.0,766.4179200000001,33123596723,0,0,185
4140482,33124405575,811.385,811.385,1,0,1,accepted,,78.55366983107034,1.0,1,33124404723,0.852,1.0,7.0,0,1,fixed_lag_waveform,1.0,769.2166400000001,33124404723,0,0,185
4140587,33125249025,843.45,843.45,1,0,1,accepted,,78.28483153104254,1.0,1,33125252723,-3.698,1.0,7.0,0,1,fixed_lag_waveform,1.0,777.5388800000001,33125252723,0,0,185
4140689,33126061012,811.987,811.987,1,0,1,accepted,,77.34470472369892,1.0,0,33126060726,0.286,1.0,7.0,0,1,fixed_lag_waveform,1.0,778.37824,33126060726,0,0,169
4140791,33126881537,820.525,820.525,1,0,1,accepted,,76.94527267481004,1.0,0,33126876723,4.814,1.0,7.0,0,1,fixed_lag_waveform,1.0,786.7993600000001,33126876723,0,0,169
4140895,33127711347,829.81,829.81,1,0,1,accepted,,73.94763275140654,1.0,0,33127708726,2.621,1.0,7.0,0,1,fixed_lag_waveform,1.0,788.0880000000001,33127708726,0,0,169
4140995,33128509492,798.145,798.145,1,0,1,accepted,,73.94763275140654,1.0,0,33128508723,0.769,1.0,7.0,0,1,fixed_lag_waveform,1.0,798.2032,33128508723,0,0,169
4141098,33129334726,825.234,825.234,1,0,1,accepted,,73.89280862870957,1.0,0,33129332726,2.0,1.0,7.0,0,1,fixed_lag_waveform,1.0,803.6432,33129332726,0,0,169
4141202,33130164798,830.072,830.072,1,0,1,accepted,,73.12391456689315,1.0,0,33130164723,0.075,1.0,7.0,0,1,fixed_lag_waveform,1.0,803.83584,33130164723,0,0,169
4141302,33130971890,807.092,807.092,1,0,1,accepted,,73.12391456689315,1.0,0,33130972723,-0.833,1.0,7.0,0,1,fixed_lag_waveform,1.0,806.568,33130972723,0,0,169
4141404,33131781214,809.324,809.324,1,0,1,accepted,,73.12391456689315,1.0,0,33131780723,0.491,1.0,7.0,0,1,fixed_lag_waveform,1.0,806.568,33131780723,0,0,169
4141506,33132598018,816.804,816.804,1,0,1,accepted,,73.45703498024007,1.0,0,33132596730,1.288,1.0,7.0,0,1,fixed_lag_waveform,1.0,812.008,33132596730,0,0,169
4141608,33133418204,820.186,820.186,1,0,1,accepted,,73.15413820767485,1.0,0,33133420723,-2.519,1.0,7.0,0,1,fixed_lag_waveform,1.0,810.81728,33133420723,0,0,169
4141707,33134208886,790.682,790.682,1,0,1,accepted,,73.45703498024007,1.0,0,33134204726,4.16,1.0,7.0,0,1,fixed_lag_waveform,1.0,817.33952,33134204726,0,0,169
4141807,33135009723,800.837,800.837,1,0,1,accepted,,74.13594555456159,1.0,0,33135004723,5.0,1.0,7.0,0,1,fixed_lag_waveform,1.0,816.25728,33135004723,0,0,169
4141907,33135809327,799.604,799.604,1,0,1,accepted,,74.13594555456159,1.0,0,33135804723,4.604,1.0,7.0,0,1,fixed_lag_waveform,1.0,813.8636799999999,33135804723,0,0,169
4142006,33136598396,789.069,789.069,1,0,1,accepted,,74.34096732466683,1.0,0,33136596723,1.673,1.0,7.0,0,1,fixed_lag_waveform,1.0,813.8636799999999,33136596723,0,0,169
4142106,33137399538,801.142,801.142,1,0,1,accepted,,74.89309011386246,1.0,0,33137396723,2.815,1.0,7.0,0,1,fixed_lag_waveform,1.0,818.58944,33137396723,0,0,169
4142206,33138200445,800.907,800.907,1,0,1,accepted,,74.91506504500522,1.0,0,33138196726,3.719,1.0,7.0,0,1,fixed_lag_waveform,1.0,816.6854400000001,33138196726,0,0,169
4142306,33139003028,802.583,802.583,1,0,1,accepted,,74.91506504500522,1.0,0,33139004723,-1.695,1.0,7.0,0,1,fixed_lag_waveform,1.0,816.6102400000001,33139004723,0,0,169
4142411,33139844017,840.989,840.989,1,0,1,accepted,,74.91506504500522,1.0,0,33140124723,-280.706,1.0,7.0,1,1,fixed_lag_waveform,1.0,816.6102400000001,33140124723,0,0,169
4142516,33140684456,840.439,840.439,1,0,1,accepted,,74.91506504500522,1.0,1,33140684456,0.0,1.0,7.0,1,1,fixed_lag_waveform,1.0,816.6102400000001,0,1,0,17
4142622,33141528481,844.025,844.025,1,0,1,accepted,,74.89309011386246,1.0,1,33141524723,3.758,1.0,7.0,0,1,fixed_lag_waveform,1.0,816.6102400000001,33141524723,0,0,185
4142730,33142395563,867.082,867.082,1,0,1,accepted,,74.75862309567982,1.0,0,33142396724,-1.161,1.0,7.0,0,1,fixed_lag_waveform,1.0,822.12544,33142396724,0,0,169
4142837,33143250650,855.087,855.087,1,0,1,accepted,,71.39126099574152,1.0,0,33143252724,-2.074,1.0,7.0,0,1,fixed_lag_waveform,1.0,822.58656,33143252724,0,0,169
4142944,33144103123,852.473,852.473,1,0,1,accepted,,71.34457168880924,1.0,0,33144100723,2.4,1.0,7.0,0,1,fixed_lag_waveform,1.0,834.70048,33144100723,0,0,169
4143051,33144959347,856.224,856.224,1,0,1,accepted,,71.08794170788781,1.0,0,33144956726,2.621,1.0,7.0,0,1,fixed_lag_waveform,1.0,834.87648,33144956726,0,0,169
4143157,33145811985,852.638,852.638,1,0,1,accepted,,70.38346082515224,1.0,0,33145812726,-0.741,1.0,7.0,0,1,fixed_lag_waveform,1.0,835.848,33145812726,0,0,169
4143262,33146645704,833.719,833.719,1,0,1,accepted,,70.38346082515224,1.0,0,33146644723,0.981,1.0,7.0,0,1,fixed_lag_waveform,1.0,843.99136,33146644723,0,0,169
4143366,33147480883,835.179,835.179,1,0,1,accepted,,70.38346082515224,1.0,0,33147476723,4.16,1.0,7.0,0,1,fixed_lag_waveform,1.0,843.99136,33147476723,0,0,169
4143472,33148328297,847.414,847.414,1,0,1,accepted,,70.38346082515224,1.0,0,33148324726,3.571,1.0,7.0,0,1,fixed_lag_waveform,1.0,843.99136,33148324726,0,0,169
4143579,33149181088,852.791,852.791,1,0,1,accepted,,70.36984042465853,1.0,0,33149180724,0.364,1.0,7.0,0,1,fixed_lag_waveform,1.0,843.99136,33149180724,0,0,169
4143686,33150038399,857.311,857.311,1,0,1,accepted,,70.36984042465853,1.0,1,33150084726,-46.327,1.0,7.0,0,1,fixed_lag_waveform,1.0,844.04416,33150084726,0,0,185
4143791,33150881390,842.991,842.991,1,0,1,accepted,,70.38346082515224,1.0,0,33151188724,-307.334,1.0,7.0,1,1,fixed_lag_waveform,1.0,844.04416,33151188724,0,0,169
4143894,33151702056,820.666,820.666,1,0,1,accepted,,70.80364497164314,1.0,0,33151700723,1.333,1.0,7.0,0,1,fixed_lag_waveform,1.0,838.5513599999999,33151700723,0,0,169
4143998,33152538416,836.36,836.36,1,0,1,accepted,,71.17513710110784,1.0,0,33152540724,-2.308,1.0,7.0,0,1,fixed_lag_waveform,1.0,836.9324799999999,33152540724,0,0,169
4144101,33153361223,822.807,822.807,1,0,1,accepted,,71.7394423454015,1.0,0,33153356723,4.5,1.0,7.0,0,1,fixed_lag_waveform,1.0,835.51712,33153356723,0,0,169
4144201,33154159362,798.139,798.139,1,0,1,accepted,,71.7394423454015,1.0,0,33154156724,2.638,1.0,7.0,0,1,fixed_lag_waveform,1.0,833.3951999999999,33154156724,0,0,169
4144302,33154966112,806.75,806.75,1,0,1,accepted,,71.7394423454015,1.0,0,33154964724,1.388,1.0,7.0,0,1,fixed_lag_waveform,1.0,833.3951999999999,33154964724,0,0,169
4144404,33155781954,815.842,815.842,1,0,1,accepted,,72.92111029682538,1.0,0,33155780723,1.231,1.0,7.0,0,1,fixed_lag_waveform,1.0,833.3951999999999,33155780723,0,0,169
4144503,33156573786,791.832,791.832,1,0,1,accepted,,73.11135102465558,1.0,0,33156572725,1.061,1.0,7.0,0,1,fixed_lag_waveform,1.0,823.61824,33156572725,0,0,169
4144604,33157383834,810.048,810.048,1,0,1,accepted,,73.5436518345464,1.0,0,33157380723,3.111,1.0,7.0,0,1,fixed_lag_waveform,1.0,822.9331200000001,33157380723,0,0,169
4144706,33158202383,818.549,818.549,1,0,1,accepted,,73.5436518345464,1.0,0,33158204723,-2.34,1.0,7.0,0,1,fixed_lag_waveform,1.0,821.38944,33158204723,0,0,169
4144806,33159004056,801.673,801.673,1,0,1,accepted,,74.06968475942166,1.0,0,33159004723,-0.667,1.0,7.0,0,1,fixed_lag_waveform,1.0,821.38944,33159004723,0,0,169
4144909,33159824724,820.668,820.668,1,0,1,accepted,,74.06968475942166,1.0,0,33159820724,4.0,1.0,7.0,0,1,fixed_lag_waveform,1.0,814.09536,33159820724,0,0,169
4145012,33160647090,822.366,822.366,1,0,1,accepted,,74.06968475942166,1.0,0,33160644723,2.367,1.0,7.0,0,1,fixed_lag_waveform,1.0,814.09536,33160644723,0,0,169
4145112,33161450890,803.8,803.8,1,0,1,accepted,,74.06968475942166,1.0,0,33161452723,-1.833,1.0,7.0,0,1,fixed_lag_waveform,1.0,808.6553600000001,33161452723,0,0,169
4145216,33162281208,830.318,830.318,1,0,1,accepted,,73.5436518345464,1.0,0,33162276723,4.485,1.0,7.0,0,1,fixed_lag_waveform,1.0,808.6553600000001,33162276723,0,0,169
4145320,33163114890,833.682,833.682,1,0,1,accepted,,73.30043772578063,1.0,1,33163114890,0.0,1.0,7.0,1,1,fixed_lag_waveform,1.0,810.50944,0,1,0,17
4145419,33163907557,792.667,792.667,1,0,1,accepted,,73.30043772578063,1.0,0,33163908724,-1.167,1.0,7.0,0,1,fixed_lag_waveform,1.0,805.93568,33163908724,0,0,169
4145519,33164707825,800.268,800.268,1,0,1,accepted,,73.30043772578063,1.0,0,33164708723,-0.898,1.0,7.0,0,1,fixed_lag_waveform,1.0,805.93568,33164708723,0,0,169
4145619,33165508334,800.509,800.509,1,0,1,accepted,,74.64543418760886,1.0,0,33165836723,-328.389,1.0,7.0,1,1,fixed_lag_waveform,1.0,800.49568,33165836723,0,0,169
4145717,33166290857,782.523,782.523,1,0,1,accepted,,74.64543418760886,1.0,1,33166620723,-329.866,1.0,7.0,1,1,fixed_lag_waveform,1.0,790.336,33166620723,0,0,185
4145816,33167078327,787.47,787.47,1,0,1,accepted,,74.95231159174975,1.0,0,33167396725,-318.398,1.0,7.0,1,1,fixed_lag_waveform,1.0,790.336,33167396725,0,0,169
4145916,33167879923,801.596,801.596,1,0,1,accepted,,74.95231159174975,1.0,0,33168204723,-324.8,1.0,7.0,1,1,fixed_lag_waveform,1.0,783.8428800000002,33168204723,0,0,169
4146011,33168641981,762.058,762.058,1,0,1,accepted,,74.9748834140563,1.0,0,33168924724,-282.743,1.0,7.0,1,1,fixed_lag_waveform,1.0,783.8428800000002,33168924724,0,0,169
4146107,33169405043,763.062,763.062,1,0,1,accepted,,75.69382855600145,1.0,1,33169405043,0.0,1.0,7.0,1,1,fixed_lag_waveform,1.0,783.76576,0,1,0,17
4146201,33170156816,751.773,751.773,1,0,1,accepted,,76.19337879538269,1.0,1,33170156723,0.093,1.0,7.0,0,1,fixed_lag_waveform,1.0,775.89344,33170156723,0,0,185
4146291,33170883893,727.077,727.077,1,0,1,accepted,,76.67506258601983,1.0,0,33170884723,-0.83,1.0,7.0,0,1,fixed_lag_waveform,1.0,779.6704000000001,33170884723,0,0,169
4146382,33171606204,722.311,722.311,1,0,1,accepted,,78.63056999300188,1.0,1,33171606204,0.0,1.0,7.0,1,1,fixed_lag_waveform,1.0,778.0873600000001,0,1,0,17
4146470,33172313350,707.146,707.146,1,0,1,accepted,,78.73416459114661,1.0,0,33172308724,4.626,1.0,7.0,0,1,fixed_lag_waveform,1.0,771.8598400000001,33172308724,0,0,169
4146557,33173007009,693.659,693.659,1,0,1,accepted,,79.81132602527624,1.0,0,33173004723,2.286,1.0,7.0,0,1,fixed_lag_waveform,1.0,771.5385600000001,33173004723,0,0,169
4146643,33173697108,690.099,690.099,1,0,1,accepted,,82.52220878944046,1.0,0,33173692723,4.385,1.0,7.0,0,1,fixed_lag_waveform,1.0,768.2473600000001,33173692723,0,0,169
4146728,33174376357,679.249,679.249,1,0,1,accepted,,83.06671226106207,1.0,0,33174372726,3.631,1.0,7.0,0,1,fixed_lag_waveform,1.0,760.34464,33174372726,0,0,169
4146815,33175072723,696.366,696.366,1,0,1,accepted,,84.84810774578376,1.0,0,33175068723,4.0,1.0,7.0,0,1,fixed_lag_waveform,1.0,758.81952,33175068723,0,0,169
4146910,33175833279,760.556,760.556,1,0,1,accepted,,84.84810774578376,1.0,0,33175828723,4.556,1.0,7.0,0,1,fixed_lag_waveform,1.0,748.5267200000001,33175828723,0,0,169
4147010,33176635390,802.111,802.111,1,0,1,accepted,,84.84810774578376,1.0,0,33176636723,-1.333,1.0,7.0,0,1,fixed_lag_waveform,1.0,748.5267200000001,33176636723,0,0,169
4147114,33177464193,828.803,828.803,1,0,1,accepted,,84.84810774578376,1.0,0,33177460726,3.467,1.0,7.0,0,1,fixed_lag_waveform,1.0,748.5267200000001,33177460726,0,0,169
4147220,33178311076,846.883,846.883,1,0,1,accepted,,84.84810774578376,1.0,0,33178308723,2.353,1.0,7.0,0,1,fixed_lag_waveform,1.0,748.5267200000001,33178308723,0,0,169
4147321,33179117031,805.955,805.955,1,0,1,accepted,,78.88965441072057,1.0,0,33179116723,0.308,1.0,7.0,0,1,fixed_lag_waveform,1.0,748.5267200000001,33179116723,0,0,169
4147422,33179931878,814.847,814.847,1,0,1,accepted,,74.80261460072235,1.0,0,33179932723,-0.845,1.0,7.0,0,1,fixed_lag_waveform,1.0,771.0579200000001,33179932723,0,0,169
4147523,33180733295,801.417,801.417,1,0,1,accepted,,74.80261460072235,1.0,0,33180732724,0.571,1.0,7.0,0,1,fixed_lag_waveform,1.0,784.3555200000001,33180732724,0,0,169
4147619,33181502105,768.81,768.81,1,0,1,accepted,,74.80261460072235,1.0,0,33181500723,1.382,1.0,7.0,0,1,fixed_lag_waveform,1.0,789.79552,33181500723,0,0,169
4147713,33182258654,756.549,756.549,1,0,1,accepted,,74.80261460072235,1.0,0,33182260723,-2.069,1.0,7.0,0,1,fixed_lag_waveform,1.0,789.79552,33182260723,0,0,169
4147810,33183031911,773.257,773.257,1,0,1,accepted,,74.80261460072235,1.0,0,33183028725,3.186,1.0,7.0,0,1,fixed_lag_waveform,1.0,795.2355200000001,33183028725,0,0,169
4147908,33183815320,783.409,783.409,1,0,1,accepted,,74.86739113345486,1.0,0,33183812724,2.596,1.0,7.0,0,1,fixed_lag_waveform,1.0,800.67552,33183812724,0,0,169
4148002,33184568595,753.275,753.275,1,0,1,accepted,,76.58834657248002,1.0,0,33184564726,3.869,1.0,7.0,0,1,fixed_lag_waveform,1.0,800.45344,33184564726,0,0,169
4148096,33185323303,754.708,754.708,1,0,1,accepted,,77.59386594625073,1.0,0,33185324727,-1.424,1.0,7.0,0,1,fixed_lag_waveform,1.0,800.13088,33185324727,0,0,169
4148196,33186120725,797.422,797.422,1,0,1,accepted,,77.59386594625073,1.0,0,33186116725,4.0,1.0,7.0,0,1,fixed_lag_waveform,1.0,796.88224,33186116725,0,0,169
4148306,33186998458,877.733,877.733,1,0,1,accepted,,77.59386594625073,1.0,0,33186996727,1.731,1.0,7.0,0,1,fixed_lag_waveform,1.0,802.32224,33186996727,0,0,169
4148418,33187899390,900.932,900.932,1,0,1,accepted,,77.59386594625073,1.0,0,33187900723,-1.333,1.0,7.0,0,1,fixed_lag_waveform,1.0,802.32224,33187900723,0,0,169
4148524,33188746206,846.816,846.816,1,0,1,accepted,,76.58834657248002,1.0,1,33188746206,0.0,1.0,7.0,1,1,fixed_lag_waveform,1.0,802.32224,0,1,0,17
4148629,33189583180,836.974,836.974,1,0,1,accepted,,75.24246885588809,1.0,1,33189580728,2.452,1.0,7.0,0,1,fixed_lag_waveform,1.0,805.57088,33189580728,0,0,185
4148734,33190422759,839.579,839.579,1,0,1,accepted,,71.68681464418249,1.0,1,33190436723,-13.964,1.0,7.0,0,1,fixed_lag_waveform,1.0,810.05504,33190436723,0,0,185
4148841,33191281781,859.022,859.022,1,0,1,accepted,,71.46438869957443,1.0,0,33191276723,5.058,1.0,7.0,0,1,fixed_lag_waveform,1.0,822.71168,33191276723,0,0,169
4148942,33192086527,804.746,804.746,1,0,1,accepted,,71.46438869957443,1.0,0,33192084723,1.804,1.0,7.0,0,1,fixed_lag_waveform,1.0,823.54528,33192084723,0,0,169
4149042,33192890195,803.668,803.668,1,0,1,accepted,,71.46438869957443,1.0,0,33192892728,-2.533,1.0,7.0,0,1,fixed_lag_waveform,1.0,823.54528,33192892728,0,0,169
4149144,33193707895,817.7,817.7,1,0,1,accepted,,71.46438869957443,1.0,0,33193708723,-0.828,1.0,7.0,0,1,fixed_lag_waveform,1.0,823.54528,33193708723,0,0,169
4149244,33194503820,795.925,795.925,1,0,1,accepted,,71.68681464418249,1.0,0,33194500726,3.094,1.0,7.0,0,1,fixed_lag_waveform,1.0,828.9852800000001,33194500726,0,0,169
4149343,33195298323,794.503,794.503,1,0,1,accepted,,73.37654396477926,1.0,0,33195300723,-2.4,1.0,7.0,0,1,fixed_lag_waveform,1.0,828.15168,33195300723,0,0,169
4149445,33196109838,811.515,811.515,1,0,1,accepted,,73.93578676919095,1.0,0,33196108723,1.115,1.0,7.0,0,1,fixed_lag_waveform,1.0,821.9840000000002,33196108723,0,0,169
4149548,33196933779,823.941,823.941,1,0,1,accepted,,73.93578676919095,1.0,0,33196932726,1.053,1.0,7.0,0,1,fixed_lag_waveform,1.0,820.0048,33196932726,0,0,169
4149648,33197737934,804.155,804.155,1,0,1,accepted,,74.55768652469226,1.0,0,33197740726,-2.792,1.0,7.0,0,1,fixed_lag_waveform,1.0,825.4448,33197740726,0,0,169
4149752,33198567391,829.457,829.457,1,0,1,accepted,,74.55768652469226,1.0,0,33198564724,2.667,1.0,7.0,0,1,fixed_lag_waveform,1.0,817.83872,33198564724,0,0,169
4149858,33199412949,845.558,845.558,1,0,1,accepted,,73.93578676919095,1.0,0,33199412723,0.226,1.0,7.0,0,1,fixed_lag_waveform,1.0,817.83872,33199412723,0,0,169
4149958,33200216883,803.934,803.934,1,0,1,accepted,,73.93578676919095,1.0,0,33200212723,4.16,1.0,7.0,0,1,fixed_lag_waveform,1.0,814.5648,33200212723,0,0,169
4150061,33201041887,825.004,825.004,1,0,1,accepted,,73.93578676919095,1.0,0,33201044723,-2.836,1.0,7.0,0,1,fixed_lag_waveform,1.0,814.5648,33201044723,0,0,169
4150165,33201871969,830.082,830.082,1,0,1,accepted,,72.8207480875451,1.0,1,33201871969,0.0,1.0,7.0,1,1,fixed_lag_waveform,1.0,814.5648,0,1,0,17
4150267,33202686985,815.016,815.016,1,0,1,accepted,,72.8207480875451,1.0,0,33202684724,2.261,1.0,7.0,0,1,fixed_lag_waveform,1.0,818.5411200000001,33202684724,0,0,169
4150368,33203496566,809.581,809.581,1,0,1,accepted,,72.8207480875451,1.0,1,33203496566,0.0,1.0,7.0,1,1,fixed_lag_waveform,1.0,813.10112,0,1,0,17
4150471,33204323236,826.67,826.67,1,0,1,accepted,,72.72692011190249,1.0,1,33204324726,-1.49,1.0,7.0,0,1,fixed_lag_waveform,1.0,813.10112,33204324726,0,0,185
4150576,33205157883,834.647,834.647,1,0,1,accepted,,72.58035249857863,1.0,1,33205156727,1.156,1.0,7.0,0,1,fixed_lag_waveform,1.0,818.8812800000001,33205156727,0,0,185
4150675,33205949882,791.999,791.999,1,0,1,accepted,,72.72692011190249,1.0,1,33205956724,-6.842,1.0,7.0,0,1,fixed_lag_waveform,1.0,819.4144,33205956724,0,0,185
4150776,33206760270,810.388,810.388,1,0,1,accepted,,73.61818663682676,1.0,0,33207060723,-300.453,1.0,7.0,1,1,fixed_lag_waveform,1.0,818.8812800000001,33207060723,0,0,169
4150877,33207570762,810.492,810.492,1,0,1,accepted,,73.61818663682676,1.0,0,33207572723,-1.961,1.0,7.0,0,1,fixed_lag_waveform,1.0,821.12512,33207572723,0,0,169
4150977,33208367161,796.399,796.399,1,0,1,accepted,,74.02910824536208,1.0,0,33208364726,2.435,1.0,7.0,0,1,fixed_lag_waveform,1.0,821.12512,33208364726,0,0,169
4151076,33209157492,790.331,790.331,1,0,1,accepted,,74.03860866646593,1.0,0,33209156723,0.769,1.0,7.0,0,1,fixed_lag_waveform,1.0,819.67744,33209156723,0,0,169
4151172,33209932479,774.987,774.987,1,0,1,accepted,,74.11241123494746,1.0,0,33209932724,-0.245,1.0,7.0,0,1,fixed_lag_waveform,1.0,819.64416,33209932724,0,0,169
4151269,33210705234,772.755,772.755,1,0,1,accepted,,75.33912021486717,1.0,0,33210700723,4.511,1.0,7.0,0,1,fixed_lag_waveform,1.0,819.38592,33210700723,0,0,169
4151369,33211502542,797.308,797.308,1,0,1,accepted,,75.33912021486717,1.0,0,33211500724,1.818,1.0,7.0,0,1,fixed_lag_waveform,1.0,809.72768,33211500724,0,0,169
4151478,33212379866,877.324,877.324,1,0,1,accepted,,75.33912021486717,1.0,0,33212380723,-0.857,1.0,7.0,0,1,fixed_lag_waveform,1.0,809.72768,33212380723,0,0,169
4151592,33213287013,907.147,907.147,1,0,1,accepted,,75.25322710922254,1.0,0,33213284727,2.286,1.0,7.0,0,1,fixed_lag_waveform,1.0,809.72768,33213284727,0,0,169
4151697,33214132318,845.305,845.305,1,0,1,accepted,,75.25322710922254,1.0,0,33214132726,-0.408,1.0,7.0,0,1,fixed_lag_waveform,1.0,810.01856,33214132726,0,0,169
4151805,33214993821,861.503,861.503,1,0,1,accepted,,75.25322710922254,1.0,0,33214988723,5.098,1.0,7.0,0,1,fixed_lag_waveform,1.0,810.01856,33214988723,0,0,169
4151909,33215823283,829.462,829.462,1,0,1,accepted,,72.33604432752796,1.0,0,33215820723,2.56,1.0,7.0,0,1,fixed_lag_waveform,1.0,810.01856,33215820723,0,0,169
4152007,33216606927,783.644,783.644,1,0,1,accepted,,72.33604432752796,1.0,0,33216604723,2.204,1.0,7.0,0,1,fixed_lag_waveform,1.0,820.3078399999999,33216604723,0,0,169
4152106,33217398416,791.489,791.489,1,0,1,accepted,,72.33604432752796,1.0,0,33217396724,1.692,1.0,7.0,0,1,fixed_lag_waveform,1.0,820.3078399999999,33217396724,0,0,169
4152204,33218183001,784.585,784.585,1,0,1,accepted,,72.33604432752796,1.0,1,33218183001,0.0,1.0,7.0,1,1,fixed_lag_waveform,1.0,820.3078399999999,0,1,0,17
4152303,33218974391,791.39,791.39,1,0,1,accepted,,72.33604432752796,1.0,0,33218972724,1.667,1.0,7.0,0,1,fixed_lag_waveform,1.0,820.3078399999999,33218972724,0,0,169
4152401,33219763493,789.102,789.102,1,0,1,accepted,,75.80648625565232,1.0,0,33220052725,-289.232,1.0,7.0,1,1,fixed_lag_waveform,1.0,820.3078399999999,33220052725,0,0,169
4152506,33220597091,833.598,833.598,1,0,1,accepted,,75.80648625565232,1.0,1,33220597091,0.0,1.0,7.0,1,1,fixed_lag_waveform,1.0,808.15648,0,1,0,17
4152611,33221441646,844.555,844.555,1,0,1,accepted,,75.80648625565232,1.0,1,33221436723,4.923,1.0,7.0,0,1,fixed_lag_waveform,1.0,813.59648,33221436723,0,0,185
4152712,33222246652,805.006,805.006,1,0,1,accepted,,75.80648625565232,1.0,0,33222524723,-278.071,1.0,7.0,1,1,fixed_lag_waveform,1.0,813.59648,33222524723,0,0,169
4152813,33223059068,812.416,812.416,1,0,1,accepted,,75.80648625565232,1.0,0,33223060723,-1.655,1.0,7.0,0,1,fixed_lag_waveform,1.0,819.03648,33223060723,0,0,169
4152916,33223877498,818.43,818.43,1,0,1,accepted,,74.53360596070091,1.0,0,33223876726,0.772,1.0,7.0,0,1,fixed_lag_waveform,1.0,819.03648,33223876726,0,0,169
4153013,33224655468,777.97,777.97,1,0,1,accepted,,74.53360596070091,1.0,0,33224652723,2.745,1.0,7.0,0,1,fixed_lag_waveform,1.0,823.36192,33224652723,0,0,169
4153115,33225472982,817.514,817.514,1,0,1,accepted,,73.85378919174413,1.0,0,33225468726,4.256,1.0,7.0,0,1,fixed_lag_waveform,1.0,823.36192,33225468726,0,0,169
4153220,33226311707,838.725,838.725,1,0,1,accepted,,73.39323852557877,1.0,0,33226308723,2.984,1.0,7.0,0,1,fixed_lag_waveform,1.0,825.73312,33226308723,0,0,169
4153320,33227115580,803.873,803.873,1,0,1,accepted,,73.39323852557877,1.0,0,33227116723,-1.143,1.0,7.0,0,1,fixed_lag_waveform,1.0,827.36448,33227116723,0,0,169
4153428,33227975768,860.188,860.188,1,0,1,accepted,,73.39323852557877,1.0,0,33227972723,3.045,1.0,7.0,0,1,fixed_lag_waveform,1.0,827.36448,33227972723,0,0,169
4153537,33228851346,875.578,875.578,1,0,1,accepted,,73.39323852557877,1.0,0,33228852723,-1.377,1.0,7.0,0,1,fixed_lag_waveform,1.0,827.36448,33228852723,0,0,169
4153643,33229693553,842.207,842.207,1,0,1,accepted,,73.31109563432426,1.0,0,33229692723,0.83,1.0,7.0,0,1,fixed_lag_waveform,1.0,827.36448,33229692723,0,0,169
4153750,33230556723,863.17,863.17,1,0,1,accepted,,71.5371546096754,1.0,0,33230556723,0.0,1.0,7.0,0,1,fixed_lag_waveform,1.0,827.6576,33230556723,0,0,169
4153861,33231442867,886.144,886.144,1,0,1,accepted,,71.24139314919016,1.0,1,33231812726,-369.859,1.0,7.0,1,1,fixed_lag_waveform,1.0,834.152,33231812726,0,0,185
4153966,33232279939,837.072,837.072,1,0,1,accepted,,71.24139314919016,1.0,1,33232279939,0.0,1.0,7.0,1,1,fixed_lag_waveform,1.0,829.8262400000001,0,1,0,17
4154073,33233135178,855.239,855.239,1,0,1,accepted,,70.15582778615101,1.0,1,33233132726,2.452,1.0,7.0,0,1,fixed_lag_waveform,1.0,829.8262400000001,33233132726,0,0,185
4154179,33233982204,847.026,847.026,1,0,1,accepted,,70.15582778615101,1.0,0,33233980723,1.481,1.0,7.0,0,1,fixed_lag_waveform,1.0,833.99648,33233980723,0,0,169
4154280,33234791268,809.064,809.064,1,0,1,accepted,,70.15582778615101,1.0,0,33234788723,2.545,1.0,7.0,0,1,fixed_lag_waveform,1.0,839.4364800000001,33234788723,0,0,169
4154382,33235612723,821.455,821.455,1,0,1,accepted,,70.83607823136481,1.0,0,33235612723,0.0,1.0,7.0,0,1,fixed_lag_waveform,1.0,833.99648,33235612723,0,0,169
4154483,33236413101,800.378,800.378,1,0,1,accepted,,71.24139314919016,1.0,0,33236412724,0.377,1.0,7.0,0,1,fixed_lag_waveform,1.0,836.80832,33236412724,0,0,169
4154578,33237177510,764.409,764.409,1,0,1,accepted,,71.67842192786284,1.0,0,33237172726,4.784,1.0,7.0,0,1,fixed_lag_waveform,1.0,835.2662399999999,33237172726,0,0,169
4154677,33237965741,788.231,788.231,1,0,1,accepted,,73.0411282419609,1.0,0,33237964724,1.017,1.0,7.0,0,1,fixed_lag_waveform,1.0,828.1830400000001,33237964724,0,0,169
4154777,33238769159,803.418,803.418,1,0,1,accepted,,74.15976980807451,1.0,0,33238764726,4.433,1.0,7.0,0,1,fixed_lag_waveform,1.0,823.1856,33238764726,0,0,169
4154877,33239567157,797.998,797.998,1,0,1,accepted,,74.68092574475553,1.0,0,33239564726,2.431,1.0,7.0,0,1,fixed_lag_waveform,1.0,819.2204800000001,33239564726,0,0,169
4154980,33240391657,824.5,824.5,1,0,1,accepted,,74.68092574475553,1.0,0,33240388724,2.933,1.0,7.0,0,1,fixed_lag_waveform,1.0,817.4137600000001,33240388724,0,0,169
4155084,33241228428,836.771,836.771,1,0,1,accepted,,74.68092574475553,1.0,0,33241228724,-0.296,1.0,7.0,0,1,fixed_lag_waveform,1.0,811.9737600000001,33241228724,0,0,169
4155185,33242030223,801.795,801.795,1,0,1,accepted,,74.83209548575384,1.0,0,33242028723,1.5,1.0,7.0,0,1,fixed_lag_waveform,1.0,811.9737600000001,33242028723,0,0,169
4155285,33242830205,799.982,799.982,1,0,1,accepted,,74.96457923631084,1.0,0,33242828724,1.481,1.0,7.0,0,1,fixed_lag_waveform,1.0,811.4544,33242828724,0,0,169
4155385,33243636430,806.225,806.225,1,0,1,accepted,,74.83209548575384,1.0,0,33243636726,-0.296,1.0,7.0,0,1,fixed_lag_waveform,1.0,805.56096,33243636726,0,0,169
4155485,33244430108,793.678,793.678,1,0,1,accepted,,74.83209548575384,1.0,0,33244428723,1.385,1.0,7.0,0,1,fixed_lag_waveform,1.0,806.0144,33244428723,0,0,169
4155583,33245217478,787.37,787.37,1,0,1,accepted,,74.83209548575384,1.0,0,33245220723,-3.245,1.0,7.0,0,1,fixed_lag_waveform,1.0,806.0144,33245220723,0,0,169
4155685,33246033185,815.707,815.707,1,0,1,accepted,,74.83209548575384,1.0,0,33246028725,4.46,1.0,7.0,0,1,fixed_lag_waveform,1.0,806.0144,33246028725,0,0,169
4155788,33246855154,821.969,821.969,1,0,1,accepted,,74.42091227634965,1.0,0,33246852723,2.431,1.0,7.0,0,1,fixed_lag_waveform,1.0,806.0144,33246852723,0,0,169
4155888,33247658004,802.85,802.85,1,0,1,accepted,,74.73376097652114,1.0,0,33247660724,-2.72,1.0,7.0,0,1,fixed_lag_waveform,1.0,801.992,33247660724,0,0,169
4155990,33248469704,811.7,811.7,1,0,1,accepted,,74.73376097652114,1.0,0,33248468723,0.981,1.0,7.0,0,1,fixed_lag_waveform,1.0,806.3520000000001,33248468723,0,0,169
4156094,33249308297,838.593,838.593,1,0,1,accepted,,74.42091227634965,1.0,1,33249308723,-0.426,1.0,7.0,0,1,fixed_lag_waveform,1.0,806.3520000000001,33249308723,0,0,185
4156194,33250106723,798.426,798.426,1,0,1,accepted,,74.42091227634965,1.0,1,33250106723,0.0,1.0,7.0,1,1,fixed_lag_waveform,1.0,807.432,0,1,0,17
4156296,33250916805,810.082,810.082,1,0,1,accepted,,74.06657597625919,1.0,1,33250916723,0.082,1.0,7.0,0,1,fixed_lag_waveform,1.0,812.8720000000001,33250916723,0,0,185
4156395,33251710998,794.193,794.193,1,0,1,accepted,,74.06657597625919,1.0,1,33252068723,-357.725,1.0,7.0,1,1,fixed_lag_waveform,1.0,814.1062400000001,33252068723,0,0,185
4156493,33252497064,786.066,786.066,1,0,1,accepted,,74.06657597625919,1.0,1,33252497064,0.0,1.0,7.0,1,1,fixed_lag_waveform,1.0,814.1062400000001,0,1,0,17
4156591,33253280723,783.659,783.659,1,0,1,accepted,,74.73376097652114,1.0,0,33253588723,-308.0,1.0,7.0,1,1,fixed_lag_waveform,1.0,808.66624,33253588723,0,0,169
4156691,33254080109,799.386,799.386,1,0,1,accepted,,75.05760671315235,1.0,1,33254076724,3.385,1.0,7.0,0,1,fixed_lag_waveform,1.0,806.3520000000001,33254076724,0,0,185
4156788,33254857891,777.782,777.782,1,0,1,accepted,,75.14785340156757,1.0,1,33254860724,-2.833,1.0,7.0,0,1,fixed_lag_waveform,1.0,805.24352,33254860724,0,0,185
4156889,33255665186,807.295,807.295,1,0,1,accepted,,75.14785340156757,1.0,0,33255660723,4.463,1.0,7.0,0,1,fixed_lag_waveform,1.0,804.93632,33255660723,0,0,169
4156994,33256506919,841.733,841.733,1,0,1,accepted,,75.14785340156757,1.0,0,33256508723,-1.804,1.0,7.0,0,1,fixed_lag_waveform,1.0,804.93632,33256508723,0,0,169
4157102,33257365765,858.846,858.846,1,0,1,accepted,,75.05760671315235,1.0,0,33257364722,1.043,1.0,7.0,0,1,fixed_lag_waveform,1.0,804.93632,33257364722,0,0,169
4157209,33258221043,855.278,855.278,1,0,1,accepted,,75.05760671315235,1.0,0,33258220723,0.32,1.0,7.0,0,1,fixed_lag_waveform,1.0,799.8035199999999,33258220723,0,0,169
4157313,33259059604,838.561,838.561,1,0,1,accepted,,74.32227376609542,1.0,0,33259060724,-1.12,1.0,7.0,0,1,fixed_lag_waveform,1.0,799.8035199999999,33259060724,0,0,169
4157412,33259851926,792.322,792.322,1,0,1,accepted,,74.32227376609542,1.0,0,33259852726,-0.8,1.0,7.0,0,1,fixed_lag_waveform,1.0,802.3344,33259852726,0,0,169
4157511,33260640884,788.958,788.958,1,0,1,accepted,,74.32227376609542,1.0,0,33260636723,4.161,1.0,7.0,0,1,fixed_lag_waveform,1.0,802.3344,33260636723,0,0,169
4157611,33261437784,796.9,796.9,1,0,1,accepted,,74.32227376609542,1.0,0,33261436723,1.061,1.0,7.0,0,1,fixed_lag_waveform,1.0,802.3344,33261436723,0,0,169
4157707,33262208201,770.417,770.417,1,0,1,accepted,,74.32227376609542,1.0,0,33262204723,3.478,1.0,7.0,0,1,fixed_lag_waveform,1.0,802.3344,33262204723,0,0,169
4157803,33262980101,771.9,771.9,1,0,1,accepted,,75.29175555276697,1.0,0,33262980723,-0.622,1.0,7.0,0,1,fixed_lag_waveform,1.0,802.3344,33262980723,0,0,169
4157899,33263746810,766.709,766.709,1,0,1,accepted,,75.72678784635539,1.0,0,33263748723,-1.913,1.0,7.0,0,1,fixed_lag_waveform,1.0,799.008,33263748723,0,0,169
4157994,33264502680,755.87,755.87,1,0,1,accepted,,76.04967564813336,1.0,0,33264500723,1.957,1.0,7.0,0,1,fixed_lag_waveform,1.0,797.54304,33264500723,0,0,169
4158091,33265282356,779.676,779.676,1,0,1,accepted,,76.95504286395887,1.0,0,33265284723,-2.367,1.0,7.0,0,1,fixed_lag_waveform,1.0,796.46656,33265284723,0,0,169
4158188,33266053131,770.775,770.775,1,0,1,accepted,,77.7302759424796,1.0,0,33266052723,0.408,1.0,7.0,0,1,fixed_lag_waveform,1.0,793.49632,33266052723,0,0,169
4158287,33266850643,797.512,797.512,1,0,1,accepted,,77.7302759424796,1.0,0,33266852723,-2.08,1.0,7.0,0,1,fixed_lag_waveform,1.0,791.008,33266852723,0,0,169
4158389,33267668403,817.76,817.76,1,0,1,accepted,,77.7302759424796,1.0,0,33267668723,-0.32,1.0,7.0,0,1,fixed_lag_waveform,1.0,791.008,33267668723,0,0,169
4158488,33268457941,789.538,789.538,1,0,1,accepted,,77.7302759424796,1.0,0,33268460724,-2.783,1.0,7.0,0,1,fixed_lag_waveform,1.0,785.5680000000001,33268460724,0,0,169
4158585,33269230010,772.069,772.069,1,0,1,accepted,,77.7132613794881,1.0,0,33269228727,1.283,1.0,7.0,0,1,fixed_lag_waveform,1.0,785.5680000000001,33269228727,0,0,169
4158685,33270035031,805.021,805.021,1,0,1,accepted,,76.95504286395887,1.0,0,33270036723,-1.692,1.0,7.0,0,1,fixed_lag_waveform,1.0,785.6220800000001,33270036723,0,0,169
4158783,33270814878,779.847,779.847,1,0,1,accepted,,76.93816864077185,1.0,0,33270812724,2.154,1.0,7.0,0,1,fixed_lag_waveform,1.0,788.0563200000001,33270812724,0,0,169
4158883,33271613123,798.245,798.245,1,0,1,accepted,,75.9938090376904,1.0,0,33271612723,0.4,1.0,7.0,0,1,fixed_lag_waveform,1.0,788.11104,33271612723,0,0,169
4158984,33272424294,811.171,811.171,1,0,1,accepted,,75.23397767055543,1.0,0,33272420723,3.571,1.0,7.0,0,1,fixed_lag_waveform,1.0,791.21216,33272420723,0,0,169
4159083,33273214108,789.814,789.814,1,0,1,accepted,,75.23397767055543,1.0,0,33273212723,1.385,1.0,7.0,0,1,fixed_lag_waveform,1.0,793.7638400000001,33273212723,0,0,169
4159180,33273990415,776.307,776.307,1,0,1,accepted,,75.96725304945215,1.0,0,33273988723,1.692,1.0,7.0,0,1,fixed_lag_waveform,1.0,793.7638400000001,33273988723,0,0,169
4159279,33274782204,791.789,791.789,1,0,1,accepted,,75.96725304945215,1.0,0,33274780723,1.481,1.0,7.0,0,1,fixed_lag_waveform,1.0,791.3004800000001,33274780723,0,0,169
4159380,33275592162,809.958,809.958,1,0,1,accepted,,75.7777640255169,1.0,0,33275868724,-276.562,1.0,7.0,1,1,fixed_lag_waveform,1.0,796.7404799999999,33275868724,0,0,169
4159480,33276391009,798.847,798.847,1,0,1,accepted,,75.16489298398362,1.0,1,33276391009,0.0,1.0,7.0,1,1,fixed_lag_waveform,1.0,797.37248,0,1,0,17
4159577,33277168432,777.423,777.423,1,0,1,accepted,,75.7777640255169,1.0,0,33277164723,3.709,1.0,7.0,0,1,fixed_lag_waveform,1.0,799.4384,33277164723,0,0,169
4159677,33277967983,799.551,799.551,1,0,1,accepted,,75.16489298398362,1.0,0,33278268723,-300.74,1.0,7.0,1,1,fixed_lag_waveform,1.0,797.37248,33278268723,0,0,169
4159777,33278767540,799.557,799.557,1,0,1,accepted,,75.10824976497376,1.0,0,33279060723,-293.183,1.0,7.0,1,1,fixed_lag_waveform,1.0,799.4384,33279060723,0,0,169
4159875,33279555031,787.491,787.491,1,0,1,accepted,,75.7777640255169,1.0,0,33279844724,-289.693,1.0,7.0,1,1,fixed_lag_waveform,1.0,799.63104,33279844724,0,0,169
4159977,33280368723,813.692,813.692,1,0,1,accepted,,75.10824976497376,1.0,0,33280652727,-284.004,1.0,7.0,1,1,fixed_lag_waveform,1.0,797.37248,33280652727,0,0,169
4160079,33281186293,817.57,817.57,1,0,1,accepted,,75.04211738838423,1.0,0,33281468723,-282.43,1.0,7.0,1,1,fixed_lag_waveform,1.0,799.63104,33281468723,0,0,169
4160182,33282011390,825.097,825.097,1,0,1,accepted,,75.04155426067184,1.0,0,33282316726,-305.336,1.0,7.0,1,1,fixed_lag_waveform,1.0,799.85632,33282316726,0,0,169
4160282,33282809526,798.136,798.136,1,0,1,accepted,,75.04211738838423,1.0,0,33282812726,-3.2,1.0,7.0,0,1,fixed_lag_waveform,1.0,799.85824,33282812726,0,0,169
4160382,33283608427,798.901,798.901,1,0,1,accepted,,75.04211738838423,1.0,0,33283604723,3.704,1.0,7.0,0,1,fixed_lag_waveform,1.0,799.85632,33283604723,0,0,169
4160482,33284409540,801.113,801.113,1,0,1,accepted,,75.04155426067184,1.0,0,33284404727,4.813,1.0,7.0,0,1,fixed_lag_waveform,1.0,799.85632,33284404727,0,0,169
4160581,33285197031,787.491,787.491,1,0,1,accepted,,75.04155426067184,1.0,0,33285196723,0.308,1.0,7.0,0,1,fixed_lag_waveform,1.0,799.85824,33285196723,0,0,169
4160679,33285986293,789.262,789.262,1,0,1,accepted,,75.10317298388662,1.0,0,33285988724,-2.431,1.0,7.0,0,1,fixed_lag_waveform,1.0,799.85824,33285988724,0,0,169
4160779,33286786877,800.584,800.584,1,0,1,accepted,,74.94528993834501,1.0,0,33286788723,-1.846,1.0,7.0,0,1,fixed_lag_waveform,1.0,799.64832,33286788723,0,0,169
4160878,33287579446,792.569,792.569,1,0,1,accepted,,75.10317298388662,1.0,0,33287580726,-1.28,1.0,7.0,0,1,fixed_lag_waveform,1.0,800.18688,33287580726,0,0,169
4160977,33288367800,788.354,788.354,1,0,1,accepted,,75.17515811841591,1.0,0,33288364723,3.077,1.0,7.0,0,1,fixed_lag_waveform,1.0,799.64832,33288364723,0,0,169
4161078,33289176884,809.084,809.084,1,0,1,accepted,,75.17515811841591,1.0,0,33289172723,4.161,1.0,7.0,0,1,fixed_lag_waveform,1.0,804.84352,33289172723,0,0,169
4161179,33289981391,804.507,804.507,1,0,1,accepted,,75.10317298388662,1.0,0,33289980724,0.667,1.0,7.0,0,1,fixed_lag_waveform,1.0,804.84352,33289980724,0,0,169
4161277,33290767942,786.551,786.551,1,0,1,accepted,,75.70318798741813,1.0,0,33290764726,3.216,1.0,7.0,0,1,fixed_lag_waveform,1.0,805.0883200000001,33290764726,0,0,169
4161379,33291584442,816.5,816.5,1,0,1,accepted,,75.70318798741813,1.0,0,33291580728,3.714,1.0,7.0,0,1,fixed_lag_waveform,1.0,803.06208,33291580728,0,0,169
4161482,33292410323,825.881,825.881,1,0,1,accepted,,74.94528993834501,1.0,0,33292412723,-2.4,1.0,7.0,0,1,fixed_lag_waveform,1.0,803.06208,33292412723,0,0,169
4161581,33293199443,789.12,789.12,1,0,1,accepted,,74.94528993834501,1.0,0,33293196723,2.72,1.0,7.0,0,1,fixed_lag_waveform,1.0,805.62688,33293196723,0,0,169
4161681,33293998309,798.866,798.866,1,0,1,accepted,,75.10646341188635,1.0,0,33293996724,1.585,1.0,7.0,0,1,fixed_lag_waveform,1.0,805.62688,33293996724,0,0,169
4161783,33294815492,817.183,817.183,1,0,1,accepted,,74.5798358497813,1.0,0,33294812723,2.769,1.0,7.0,0,1,fixed_lag_waveform,1.0,805.07712,33294812723,0,0,169
4161884,33295621226,805.734,805.734,1,0,1,accepted,,74.46626305952088,1.0,0,33295620726,0.5,1.0,7.0,0,1,fixed_lag_waveform,1.0,806.88224,33295620726,0,0,169
4161987,33296451538,830.312,830.312,1,0,1,accepted,,74.46626305952088,1.0,0,33296452723,-1.185,1.0,7.0,0,1,fixed_lag_waveform,1.0,807.27488,33296452723,0,0,169
4162093,33297295801,844.263,844.263,1,0,1,accepted,,73.48438456827924,1.0,0,33297292724,3.077,1.0,7.0,0,1,fixed_lag_waveform,1.0,807.27488,33297292724,0,0,169
4162193,33298093593,797.792,797.792,1,0,1,accepted,,73.48438456827924,1.0,0,33298092723,0.87,1.0,7.0,0,1,fixed_lag_waveform,1.0,810.72,33298092723,0,0,169
4162293,33298894459,800.866,800.866,1,0,1,accepted,,74.46626305952088,1.0,0,33299188723,-294.264,1.0,7.0,1,1,fixed_lag_waveform,1.0,810.72,33299188723,0,0,169
4162394,33299706890,812.431,812.431,1,0,1,accepted,,74.46626305952088,1.0,1,33299706890,0.0,1.0,7.0,1,1,fixed_lag_waveform,1.0,807.27488,0,1,0,17
4162493,33300493432,786.542,786.542,1,0,1,accepted,,74.46626305952088,1.0,0,33300492726,0.706,1.0,7.0,0,1,fixed_lag_waveform,1.0,807.27488,33300492726,0,0,169
4162594,33301303539,810.107,810.107,1,0,1,accepted,,74.06429027276644,1.0,1,33301303539,0.0,1.0,7.0,1,1,fixed_lag_waveform,1.0,807.27488,0,1,0,17
4162697,33302130609,827.07,827.07,1,0,1,accepted,,74.06429027276644,1.0,1,33302132727,-2.118,1.0,7.0,0,1,fixed_lag_waveform,1.0,808.67424,33302132727,0,0,185
4162796,33302919680,789.071,789.071,1,0,1,accepted,,74.06429027276644,1.0,0,33303220724,-301.044,1.0,7.0,1,1,fixed_lag_waveform,1.0,808.67424,33303220724,0,0,169
4162897,33303728056,808.376,808.376,1,0,1,accepted,,74.22288637960553,1.0,1,33303732724,-4.668,1.0,7.0,0,1,fixed_lag_waveform,1.0,808.67424,33303732724,0,0,185
4162999,33304541338,813.282,813.282,1,0,1,accepted,,74.22288637960553,1.0,0,33304540723,0.615,1.0,7.0,0,1,fixed_lag_waveform,1.0,808.12032,33304540723,0,0,169
4163098,33305340087,798.749,798.749,1,0,1,accepted,,74.22288637960553,1.0,0,33305340727,-0.64,1.0,7.0,0,1,fixed_lag_waveform,1.0,808.12032,33305340727,0,0,169
4163199,33306145305,805.218,805.218,1,0,1,accepted,,74.22288637960553,1.0,0,33306148723,-3.418,1.0,7.0,0,1,fixed_lag_waveform,1.0,802.6803199999999,33306148723,0,0,169
4163297,33306925556,780.251,780.251,1,0,1,accepted,,74.5139825488253,1.0,0,33306924723,0.833,1.0,7.0,0,1,fixed_lag_waveform,1.0,802.6803199999999,33306924723,0,0,169
4163395,33307711156,785.6,785.6,1,0,1,accepted,,74.5139825488253,1.0,0,33307708725,2.431,1.0,7.0,0,1,fixed_lag_waveform,1.0,796.22976,33307708725,0,0,169
4163495,33308513780,802.624,802.624,1,0,1,accepted,,74.75480424208595,1.0,0,33308508723,5.057,1.0,7.0,0,1,fixed_lag_waveform,1.0,796.22976,33308508723,0,0,169
4163597,33309330643,816.863,816.863,1,0,1,accepted,,74.75480424208595,1.0,0,33309332723,-2.08,1.0,7.0,0,1,fixed_lag_waveform,1.0,789.9596799999999,33309332723,0,0,169
4163697,33310130415,799.772,799.772,1,0,1,accepted,,74.75480424208595,1.0,0,33310132723,-2.308,1.0,7.0,0,1,fixed_lag_waveform,1.0,789.9596799999999,33310132723,0,0,169
4163800,33310952723,822.308,822.308,1,0,1,accepted,,74.75480424208595,1.0,0,33310948723,4.0,1.0,7.0,0,1,fixed_lag_waveform,1.0,789.9596799999999,33310948723,0,0,169
4163897,33311729980,777.257,777.257,1,0,1,accepted,,75.02138109361168,1.0,0,33311732725,-2.745,1.0,7.0,0,1,fixed_lag_waveform,1.0,789.9596799999999,33311732725,0,0,169
4163990,33312472101,742.121,742.121,1,0,1,accepted,,75.02138109361168,1.0,0,33312468728,3.373,1.0,7.0,0,1,fixed_lag_waveform,1.0,789.04704,33312468728,0,0,169
4164080,33313189587,717.486,717.486,1,0,1,accepted,,76.37474541751527,1.0,0,33313188724,0.863,1.0,7.0,0,1,fixed_lag_waveform,1.0,789.04704,33313188724,0,0,169
4164167,33313885686,696.099,696.099,1,0,1,accepted,,76.37474541751527,1.0,0,33313884726,0.96,1.0,7.0,0,1,fixed_lag_waveform,1.0,789.9520000000001,33313884726,0,0,169
4164254,33314583518,697.832,697.832,1,0,1,accepted,,77.1945444042318,1.0,1,33314583518,0.0,1.0,7.0,1,1,fixed_lag_waveform,1.0,789.9520000000001,0,1,0,17
4164342,33315285092,701.574,701.574,1,0,1,accepted,,80.84934936486098,1.0,1,33315284728,0.364,1.0,7.0,0,1,fixed_lag_waveform,1.0,787.28224,33315284728,0,0,185
4164432,33316006338,721.246,721.246,1,0,1,accepted,,83.1893695077685,1.0,0,33316004724,1.614,1.0,7.0,0,1,fixed_lag_waveform,1.0,776.03872,33316004724,0,0,169
4164528,33316779305,772.967,772.967,1,0,1,accepted,,83.1893695077685,1.0,0,33317060723,-281.418,1.0,7.0,1,1,fixed_lag_waveform,1.0,769.3587200000001,33317060723,0,0,169
4164624,33317543505,764.2,764.2,1,0,1,accepted,,83.1893695077685,1.0,0,33317820723,-277.218,1.0,7.0,1,1,fixed_lag_waveform,1.0,774.79872,33317820723,0,0,169
4164723,33318335618,792.113,792.113,1,0,1,accepted,,83.1893695077685,1.0,0,33318620724,-285.106,1.0,7.0,1,1,fixed_lag_waveform,1.0,774.79872,33318620724,0,0,169
4164827,33319166471,830.853,830.853,1,0,1,accepted,,83.1893695077685,1.0,1,33319166471,0.0,1.0,7.0,1,1,fixed_lag_waveform,1.0,774.79872,0,1,0,17
4164935,33320029098,862.627,862.627,1,0,1,accepted,,78.51347814708191,1.0,1,33320004723,24.375,1.0,7.0,0,1,fixed_lag_waveform,1.0,780.2387200000001,33320004723,0,0,185
4165039,33320866895,837.797,837.797,1,0,1,accepted,,77.62297743629418,1.0,0,33320868726,-1.831,1.0,7.0,0,1,fixed_lag_waveform,1.0,793.984,33320868726,0,0,169
4165144,33321703707,836.812,836.812,1,0,1,accepted,,75.74676845349084,1.0,0,33321700723,2.984,1.0,7.0,0,1,fixed_lag_waveform,1.0,796.78944,33321700723,0,0,169
4165249,33322542186,838.479,838.479,1,0,1,accepted,,72.2149405490502,1.0,0,33322540726,1.46,1.0,7.0,0,1,fixed_lag_waveform,1.0,802.9161600000001,33322540726,0,0,169
4165354,33323383412,841.226,841.226,1,0,1,accepted,,71.70069262869079,1.0,0,33323380723,2.689,1.0,7.0,0,1,fixed_lag_waveform,1.0,815.31296,33323380723,0,0,169
4165463,33324253450,870.038,870.038,1,0,1,accepted,,71.61639394745983,1.0,0,33324252723,0.727,1.0,7.0,0,1,fixed_lag_waveform,1.0,817.2198400000001,33324252723,0,0,169
4165568,33325099580,846.13,846.13,1,0,1,accepted,,71.55814277996228,1.0,0,33325100723,-1.143,1.0,7.0,0,1,fixed_lag_waveform,1.0,822.97504,33325100723,0,0,169
4165669,33325902761,803.181,803.181,1,0,1,accepted,,71.55814277996228,1.0,0,33325900726,2.035,1.0,7.0,0,1,fixed_lag_waveform,1.0,823.19328,33325900726,0,0,169
4165770,33326714191,811.43,811.43,1,0,1,accepted,,71.55814277996228,1.0,0,33326716724,-2.533,1.0,7.0,0,1,fixed_lag_waveform,1.0,823.19328,33326716724,0,0,169
4165874,33327542756,828.565,828.565,1,0,1,accepted,,71.61639394745983,1.0,0,33327540723,2.033,1.0,7.0,0,1,fixed_lag_waveform,1.0,828.63328,33327540723,0,0,169
4165976,33328361647,818.891,818.891,1,0,1,accepted,,71.70069262869079,1.0,1,33328361647,0.0,1.0,7.0,1,1,fixed_lag_waveform,1.0,828.4150400000001,0,1,0,17
4166075,33329149525,787.878,787.878,1,0,1,accepted,,72.41435493896073,1.0,0,33329148725,0.8,1.0,7.0,0,1,fixed_lag_waveform,1.0,828.0998400000001,33329148725,0,0,169
4166176,33329960476,810.951,810.951,1,0,1,accepted,,73.26982467752119,1.0,0,33330244725,-284.249,1.0,7.0,1,1,fixed_lag_waveform,1.0,830.9008,33330244725,0,0,169
4166277,33330768163,807.687,807.687,1,0,1,accepted,,73.94353178955672,1.0,0,33331060724,-292.561,1.0,7.0,1,1,fixed_lag_waveform,1.0,827.80512,33331060724,0,0,169
4166375,33331550378,782.215,782.215,1,0,1,accepted,,73.98720761180391,1.0,0,33331828727,-278.349,1.0,7.0,1,1,fixed_lag_waveform,1.0,825.4176,33331828727,0,0,169
4166478,33332375029,824.651,824.651,1,0,1,accepted,,73.98720761180391,1.0,1,33332375029,0.0,1.0,7.0,1,1,fixed_lag_waveform,1.0,825.26432,0,1,0,17
4166581,33333198758,823.729,823.729,1,0,1,accepted,,73.94353178955672,1.0,1,33333196723,2.035,1.0,7.0,0,1,fixed_lag_waveform,1.0,830.70432,33333196723,0,0,185
4166682,33334006142,807.384,807.384,1,0,1,accepted,,73.98720761180391,1.0,0,33334292723,-286.581,1.0,7.0,1,1,fixed_lag_waveform,1.0,830.8576,33334292723,0,0,169
4166787,33334850755,844.613,844.613,1,0,1,accepted,,73.98720761180391,1.0,0,33334852723,-1.968,1.0,7.0,0,1,fixed_lag_waveform,1.0,830.70432,33334852723,0,0,169
4166896,33335719820,869.065,869.065,1,0,1,accepted,,73.98720761180391,1.0,0,33335716723,3.097,1.0,7.0,0,1,fixed_lag_waveform,1.0,830.70432,33335716723,0,0,169
4167002,33336572520,852.7,852.7,1,0,1,accepted,,72.83948968653526,1.0,0,33336572723,-0.203,1.0,7.0,0,1,fixed_lag_waveform,1.0,830.70432,33336572723,0,0,169
4167114,33337466784,894.264,894.264,1,0,1,accepted,,72.75805158788384,1.0,0,33337468723,-1.939,1.0,7.0,0,1,fixed_lag_waveform,1.0,834.7932800000001,33337468723,0,0,169
4167225,33338353001,886.217,886.217,1,0,1,accepted,,71.03845193005553,1.0,0,33338348724,4.277,1.0,7.0,0,1,fixed_lag_waveform,1.0,835.0883200000001,33338348724,0,0,169
4167330,33339189745,836.744,836.744,1,0,1,accepted,,71.03845193005553,1.0,0,33339188728,1.017,1.0,7.0,0,1,fixed_lag_waveform,1.0,841.47616,33339188728,0,0,169
4167436,33340044526,854.781,854.781,1,0,1,accepted,,70.36472381845901,1.0,0,33340324723,-280.197,1.0,7.0,1,1,fixed_lag_waveform,1.0,841.47616,33340324723,0,0,169
4167545,33340916207,871.681,871.681,1,0,1,accepted,,70.19341796319759,1.0,0,33341196724,-280.517,1.0,7.0,1,1,fixed_lag_waveform,1.0,844.0640000000001,33341196724,0,0,169
4167649,33341743656,827.449,827.449,1,0,1,accepted,,70.19341796319759,1.0,1,33341756723,-13.067,1.0,7.0,0,1,fixed_lag_waveform,1.0,844.72992,33341756723,0,0,185
4167756,33342599376,855.72,855.72,1,0,1,accepted,,70.11639321273313,1.0,0,33342596727,2.649,1.0,7.0,0,1,fixed_lag_waveform,1.0,844.72992,33342596727,0,0,169
4167864,33343467431,868.055,868.055,1,0,1,accepted,,70.11639321273313,1.0,0,33343468723,-1.292,1.0,7.0,0,1,fixed_lag_waveform,1.0,839.5904,33343468723,0,0,169
4167969,33344305986,838.555,838.555,1,0,1,accepted,,70.11639321273313,1.0,0,33344300726,5.26,1.0,7.0,0,1,fixed_lag_waveform,1.0,839.5904,33344300726,0,0,169
4168076,33345158868,852.882,852.882,1,0,1,accepted,,70.19341796319759,1.0,0,33345156723,2.145,1.0,7.0,0,1,fixed_lag_waveform,1.0,839.5904,33345156723,0,0,169
4168182,33346005723,846.855,846.855,1,0,1,accepted,,70.34970840045868,1.0,0,33346004723,1.0,1.0,7.0,0,1,fixed_lag_waveform,1.0,833.8499200000001,33346004723,0,0,169
4168280,33346793295,787.572,787.572,1,0,1,accepted,,70.34970840045868,1.0,0,33346788726,4.569,1.0,7.0,0,1,fixed_lag_waveform,1.0,833.24224,33346788726,0,0,169
4168379,33347581256,787.961,787.961,1,0,1,accepted,,70.85038170643145,1.0,0,33347580723,0.533,1.0,7.0,0,1,fixed_lag_waveform,1.0,833.24224,33347580723,0,0,169
4168477,33348370529,789.273,789.273,1,0,1,accepted,,71.55165731526257,1.0,0,33348372723,-2.194,1.0,7.0,0,1,fixed_lag_waveform,1.0,825.8736,33348372723,0,0,169
4168571,33349123867,753.338,753.338,1,0,1,accepted,,71.55165731526257,1.0,0,33349124724,-0.857,1.0,7.0,0,1,fixed_lag_waveform,1.0,823.2176,33349124724,0,0,169
4168664,33349867151,743.284,743.284,1,0,1,accepted,,76.01932411218931,1.0,0,33349868727,-1.576,1.0,7.0,0,1,fixed_lag_waveform,1.0,823.2176,33349868727,0,0,169
4168759,33350620839,753.688,753.688,1,0,1,accepted,,76.14590062198509,1.0,0,33350620728,0.111,1.0,7.0,0,1,fixed_lag_waveform,1.0,807.44736,33350620728,0,0,169
4168849,33351342454,721.615,721.615,1,0,1,accepted,,76.1835108409136,1.0,0,33351340723,1.731,1.0,7.0,0,1,fixed_lag_waveform,1.0,807.02752,33351340723,0,0,169
4168941,33352082801,740.347,740.347,1,0,1,accepted,,79.60853828109244,1.0,0,33352084723,-1.922,1.0,7.0,0,1,fixed_lag_waveform,1.0,806.90304,33352084723,0,0,169
4169038,33352857932,775.131,775.131,1,0,1,accepted,,79.60853828109244,1.0,0,33352860723,-2.791,1.0,7.0,0,1,fixed_lag_waveform,1.0,796.06016,33352860723,0,0,169
4169138,33353659746,801.814,801.814,1,0,1,accepted,,79.60853828109244,1.0,0,33353659746,0.0,1.0,7.0,1,1,fixed_lag_waveform,1.0,796.06016,0,1,0,1
4169237,33354451612,791.866,791.866,1,0,1,accepted,,79.60853828109244,1.0,0,33354451612,0.0,1.0,7.0,1,1,fixed_lag_waveform,1.0,796.06016,0,1,0,1
4169337,33355252257,800.645,800.645,1,0,1,accepted,,79.60853828109244,1.0,0,33355252722,-0.465,1.0,7.0,0,1,fixed_lag_waveform,1.0,796.06016,33355252722,0,0,75
4169441,33356079905,827.648,827.648,1,0,1,accepted,,77.40627068198795,1.0,0,33356076723,3.182,1.0,7.0,0,1,fixed_lag_waveform,1.0,790.62016,33356076723,0,0,73
4169548,33356934914,855.009,855.009,1,0,1,accepted,,75.7703954962077,1.0,0,33356932724,2.19,1.0,7.0,0,1,fixed_lag_waveform,1.0,797.4819200000001,33356932724,0,0,73
4169651,33357760839,825.925,825.925,1,0,1,accepted,,74.93957996365431,1.0,0,33357756723,4.116,1.0,7.0,0,1,fixed_lag_waveform,1.0,797.39712,33357756723,0,0,73
4169757,33358610747,849.908,849.908,1,0,1,accepted,,74.83032224431103,1.0,0,33358612723,-1.976,1.0,7.0,0,1,fixed_lag_waveform,1.0,800.2064,33358612723,0,0,73
4169869,33359504823,894.076,894.076,1,0,1,accepted,,72.64582135181766,1.0,0,33359504823,0.0,1.0,7.0,1,1,fixed_lag_waveform,1.0,800.58048,0,1,0,1
4169978,33360380549,875.726,875.726,1,0,1,accepted,,72.49458707083204,1.0,0,33360380549,0.0,1.0,7.0,1,1,fixed_lag_waveform,1.0,808.296,0,1,0,1
4170082,33361209804,829.255,829.255,1,0,1,accepted,,72.35410097014791,1.0,0,33361204723,5.081,1.0,7.0,0,1,fixed_lag_waveform,1.0,814.28736,33361204723,0,0,75
4170184,33362023204,813.4,813.4,1,0,1,accepted,,72.35410097014791,1.0,0,33362020723,2.481,1.0,7.0,0,1,fixed_lag_waveform,1.0,814.8016,33362020723,0,0,73
4170281,33362803901,780.697,780.697,1,0,1,accepted,,72.35410097014791,1.0,0,33362804726,-0.825,1.0,7.0,0,1,fixed_lag_waveform,1.0,820.2416000000001,33362804726,0,0,73
4170380,33363589544,785.643,785.643,1,0,1,accepted,,72.35410097014791,1.0,0,33363588723,0.821,1.0,7.0,0,1,fixed_lag_waveform,1.0,820.2416000000001,33363588723,0,0,73
4170478,33364376403,786.859,786.859,1,0,1,accepted,,72.64582135181766,1.0,0,33364372723,3.68,1.0,7.0,0,1,fixed_lag_waveform,1.0,820.2416000000001,33364372723,0,0,73
4170575,33365156723,780.32,780.32,1,0,1,accepted,,73.76444553725105,1.0,0,33365156723,0.0,1.0,7.0,0,1,fixed_lag_waveform,1.0,824.616,33365156723,0,0,73
4170671,33365922488,765.765,765.765,1,0,1,accepted,,76.25254334003932,1.0,0,33365924723,-2.235,1.0,7.0,0,1,fixed_lag_waveform,1.0,820.6080000000001,33365924723,0,0,73
4170769,33366701894,779.406,779.406,1,0,1,accepted,,76.37056525673874,1.0,0,33366700723,1.171,1.0,7.0,0,1,fixed_lag_waveform,1.0,817.55488,33366700723,0,0,73
4170869,33367500780,798.886,798.886,1,0,1,accepted,,76.37056525673874,1.0,0,33367500780,0.0,1.0,7.0,1,1,fixed_lag_waveform,1.0,817.16576,0,1,0,1
4170969,33368308553,807.773,807.773,1,0,1,accepted,,76.37056525673874,1.0,0,33368308553,0.0,1.0,7.0,1,1,fixed_lag_waveform,1.0,811.72576,0,1,0,1
4171071,33369121757,813.204,813.204,1,0,1,accepted,,76.37056525673874,1.0,0,33369124728,-2.971,1.0,7.0,0,1,fixed_lag_waveform,1.0,811.72576,33369124728,0,0,75
4171177,33369966674,844.917,844.917,1,0,1,accepted,,76.25254334003932,1.0,0,33369964723,1.951,1.0,7.0,0,1,fixed_lag_waveform,1.0,811.72576,33369964723,0,0,73
4171285,33370830920,864.246,864.246,1,0,1,accepted,,75.10458313201133,1.0,0,33370828723,2.197,1.0,7.0,0,1,fixed_lag_waveform,1.0,806.67488,33370828723,0,0,73
