t_us,firmware_t_us,waveform_t_us,final_t_us,timing_shift_ms,no_firmware_match,inserted_by_smoother,timing_recovered,low_prominence_rescue,waveform_score,peak_prominence,peak_polarity,expected_rr_ms,match_distance_ms,recovery_reason,template_version
461516570,461510044,461516570,461516570,6.526000,0,0,0,0,1.000000,92.111111,1,848.000000,6.526000,,v0.4.0-fixed-lag
462409243,462406043,462409243,462409243,3.200000,0,0,0,0,1.000000,320.555556,1,832.000000,3.200000,,v0.4.0-fixed-lag
463275243,463270043,463275243,463275243,5.200000,0,0,0,0,1.000000,321.555556,1,824.000000,5.200000,,v0.4.0-fixed-lag
464141643,0,464141643,464141643,0.000000,1,1,1,0,1.000000,329.555556,1,824.000000,0.000000,waveform_inserted+timing_recovered,v0.4.0-fixed-lag
465010464,465038044,465010464,465010464,-27.580000,0,0,0,0,1.000000,329.444444,1,832.128000,27.580000,,v0.4.0-fixed-lag
465847821,465846043,465847821,465847821,1.778000,0,0,0,0,1.000000,333.555556,1,832.515360,1.778000,,v0.4.0-fixed-lag
466674044,466670044,466674044,466674044,4.000000,0,0,0,0,1.000000,342.444444,1,826.688000,4.000000,,v0.4.0-fixed-lag
467490934,467486046,467490934,467490934,4.888000,0,0,0,0,1.000000,312.666667,1,826.624000,4.888000,,v0.4.0-fixed-lag
468297243,468294043,468297243,468297243,3.200000,0,0,0,0,1.000000,330.111111,1,821.120000,3.200000,,v0.4.0-fixed-lag
469027306,0,469027306,469027306,0.000000,1,1,1,0,1.000000,313.222222,1,811.097120,0.000000,waveform_inserted+timing_recovered,v0.4.0-fixed-lag
469759761,469758047,469759761,469759761,1.714000,0,0,0,0,1.000000,341.111111,1,806.514240,1.714000,,v0.4.0-fixed-lag
470506424,470174043,470506424,470506424,332.381000,0,0,1,0,1.000000,343.333333,1,802.951360,332.381000,timing_recovered,v0.4.0-fixed-lag
471304952,471302043,471304952,471304952,2.909000,0,0,0,0,1.000000,357.444444,1,794.524800,2.909000,,v0.4.0-fixed-lag
472089679,0,472089679,472089679,0.000000,1,1,1,0,1.000000,335.333333,1,785.698880,0.000000,waveform_inserted+timing_recovered,v0.4.0-fixed-lag
472851567,472502043,472851567,472851567,349.524000,0,0,1,0,1.000000,356.444444,1,783.208960,349.524000,timing_recovered,v0.4.0-fixed-lag
473622043,473622043,473622043,473622043,0.000000,0,0,0,0,1.000000,334.222222,1,773.352640,0.000000,,v0.4.0-fixed-lag
474326233,474326043,474326233,474326233,0.190000,0,0,0,0,1.000000,304.777778,1,768.792320,0.190000,,v0.4.0-fixed-lag
475044828,475046045,475044828,475044828,-1.217000,0,0,0,0,1.000000,342.000000,1,760.604160,1.217000,,v0.4.0-fixed-lag
475763186,475758044,475763186,475763186,5.142000,0,0,0,0,1.000000,324.333333,1,755.732160,5.142000,,v0.4.0-fixed-lag
476502044,476502044,476502044,476502044,0.000000,0,0,0,0,1.000000,335.222222,1,750.292160,0.000000,,v0.4.0-fixed-lag
477257695,477254043,477257695,477257695,3.652000,0,0,0,0,1.000000,336.111111,1,744.852160,3.652000,,v0.4.0-fixed-lag
477953347,477950043,477953347,477953347,3.304000,0,0,0,0,1.000000,323.222222,1,747.728320,3.304000,,v0.4.0-fixed-lag
478638565,478638043,478638565,478638565,0.522000,0,0,0,0,1.000000,331.666667,1,736.914560,0.522000,,v0.4.0-fixed-lag
479349175,0,479349175,479349175,0.000000,1,1,1,0,1.000000,342.888889,1,730.430400,0.000000,waveform_inserted+timing_recovered,v0.4.0-fixed-lag
480080376,480078043,480080376,480080376,2.333000,0,0,0,0,1.000000,330.888889,1,724.914560,2.333000,,v0.4.0-fixed-lag
480793043,480790043,480793043,480793043,3.000000,0,0,0,0,1.000000,314.555556,1,724.914560,3.000000,,v0.4.0-fixed-lag
481545712,481542045,481545712,481545712,3.667000,0,0,0,0,1.000000,338.111111,1,730.354560,3.667000,,v0.4.0-fixed-lag
482295758,482294044,482295758,482295758,1.714000,0,0,0,0,1.000000,320.000000,1,724.914560,1.714000,,v0.4.0-fixed-lag
483042043,483038043,483042043,483042043,4.000000,0,0,0,0,1.000000,320.777778,1,729.024320,4.000000,,v0.4.0-fixed-lag
483773870,483774044,483773870,483773870,-0.174000,0,0,0,0,1.000000,312.111111,1,729.024320,0.174000,,v0.4.0-fixed-lag
484498045,484494045,484498045,484498045,4.000000,0,0,0,0,1.000000,313.444444,1,729.024320,4.000000,,v0.4.0-fixed-lag
485160652,485158043,485160652,485160652,2.609000,0,0,0,0,1.000000,320.666667,1,729.024320,2.609000,,v0.4.0-fixed-lag
485823608,485822043,485823608,485823608,1.565000,0,0,0,0,1.000000,327.000000,1,729.024320,1.565000,,v0.4.0-fixed-lag
486521316,0,486521316,486521316,0.000000,1,1,1,0,1.000000,333.222222,1,729.024320,0.000000,waveform_inserted+timing_recovered,v0.4.0-fixed-lag
487243782,0,487243782,487243782,0.000000,1,1,1,0,1.000000,339.333333,1,726.776000,0.000000,waveform_inserted+timing_recovered,v0.4.0-fixed-lag
487980443,487974043,487980443,487980443,6.400000,0,0,0,0,1.000000,341.666667,1,732.216000,6.400000,,v0.4.0-fixed-lag
488724590,488726045,488724590,488724590,-1.455000,0,0,0,0,1.000000,347.000000,1,732.216000,1.455000,,v0.4.0-fixed-lag
489471608,489470043,489471608,489471608,1.565000,0,0,0,0,1.000000,344.000000,1,737.656000,1.565000,,v0.4.0-fixed-lag
490234407,490230043,490234407,490234407,4.364000,0,0,0,0,1.000000,330.000000,1,743.096000,4.364000,,v0.4.0-fixed-lag
490993043,490990043,490993043,490993043,3.000000,0,0,0,0,1.000000,338.555556,1,743.096000,3.000000,,v0.4.0-fixed-lag
491685247,491678043,491685247,491685247,7.204000,0,0,0,0,1.000000,333.555556,1,752.531520,7.204000,,v0.4.0-fixed-lag
492417347,492414043,492417347,492417347,3.304000,0,0,0,0,1.000000,354.222222,1,752.531520,3.304000,,v0.4.0-fixed-lag
493175757,493174043,493175757,493175757,1.714000,0,0,0,0,1.000000,340.000000,1,757.971520,1.714000,,v0.4.0-fixed-lag
493938844,493934043,493938844,493938844,4.801000,0,0,0,0,1.000000,330.888889,1,760.367040,4.801000,,v0.4.0-fixed-lag
494741092,494734045,494741092,494741092,7.047000,0,0,0,0,1.000000,367.777778,1,761.285760,7.047000,,v0.4.0-fixed-lag
495584900,495582043,495584900,495584900,2.857000,0,0,0,0,1.000000,369.555556,1,770.371200,2.857000,,v0.4.0-fixed-lag
496449000,496446043,496449000,496449000,2.957000,0,0,0,0,1.000000,353.444444,1,775.883520,2.957000,,v0.4.0-fixed-lag
497288588,497286043,497288588,497288588,2.545000,0,0,0,0,1.000000,347.555556,1,782.655680,2.545000,,v0.4.0-fixed-lag
498117872,498118046,498117872,498117872,-0.174000,0,0,0,0,1.000000,355.000000,1,782.747840,0.174000,,v0.4.0-fixed-lag
498910770,498910043,498910770,498910770,0.727000,0,0,0,0,1.000000,355.333333,1,800.719360,0.727000,,v0.4.0-fixed-lag
499734771,499734044,499734771,499734771,0.727000,0,0,0,0,1.000000,363.333333,1,800.719360,0.727000,,v0.4.0-fixed-lag
500521349,500518045,500521349,500521349,3.304000,0,0,0,0,1.000000,343.222222,1,802.240320,3.304000,,v0.4.0-fixed-lag
501327498,501326043,501327498,501327498,1.455000,0,0,0,0,1.000000,369.000000,1,802.240320,1.455000,,v0.4.0-fixed-lag
502144123,502142043,502144123,502144123,2.080000,0,0,0,0,1.000000,354.888889,1,802.240320,2.080000,,v0.4.0-fixed-lag
502998770,502998043,502998770,502998770,0.727000,0,0,0,0,1.000000,355.333333,1,807.680320,0.727000,,v0.4.0-fixed-lag
503840304,503838043,503840304,503840304,2.261000,0,0,0,0,1.000000,341.222222,1,807.680320,2.261000,,v0.4.0-fixed-lag
504666805,0,504666805,504666805,0.000000,1,1,1,0,1.000000,326.222222,1,807.680320,0.000000,waveform_inserted+timing_recovered,v0.4.0-fixed-lag
505463864,0,505463864,505463864,0.000000,1,1,1,0,1.000000,323.000000,1,807.680320,0.000000,waveform_inserted+timing_recovered,v0.4.0-fixed-lag
506184225,506182043,506184225,506184225,2.182000,0,0,0,0,1.000000,308.888889,1,799.880000,2.182000,,v0.4.0-fixed-lag
506874043,506870043,506874043,506874043,4.000000,0,0,0,0,1.000000,327.888889,1,794.440000,4.000000,,v0.4.0-fixed-lag
507549646,507550046,507549646,507549646,-0.400000,0,0,0,0,1.000000,317.333333,1,785.647680,0.400000,,v0.4.0-fixed-lag
508249662,508246043,508249662,508249662,3.619000,0,0,0,0,1.000000,328.444444,1,785.647680,3.619000,,v0.4.0-fixed-lag
508985348,508982044,508985348,508985348,3.304000,0,0,0,0,1.000000,330.222222,1,782.738880,3.304000,,v0.4.0-fixed-lag
509743045,509742045,509743045,509743045,1.000000,0,0,0,0,1.000000,331.888889,1,757.659520,1.000000,,v0.4.0-fixed-lag
510514043,510510043,510514043,510514043,4.000000,0,0,0,0,1.000000,324.333333,1,757.659520,4.000000,,v0.4.0-fixed-lag
511284044,511286044,511284044,511284044,-2.000000,0,0,0,0,1.000000,332.111111,1,757.659520,2.000000,,v0.4.0-fixed-lag
512029834,512022043,512029834,512029834,7.791000,0,0,0,0,1.000000,318.666667,1,757.659520,7.791000,,v0.4.0-fixed-lag
512735757,0,512735757,512735757,0.000000,1,1,1,0,1.000000,310.000000,1,752.219520,0.000000,waveform_inserted+timing_recovered,v0.4.0-fixed-lag
513407757,513406043,513407757,513407757,1.714000,0,0,0,0,1.000000,305.000000,1,746.779520,1.714000,,v0.4.0-fixed-lag
514122806,514118045,514122806,514122806,4.761000,0,0,0,0,1.000000,339.222222,1,746.779520,4.761000,,v0.4.0-fixed-lag
514842464,514838044,514842464,514842464,4.420000,0,0,0,0,1.000000,328.444444,1,741.339520,4.420000,,v0.4.0-fixed-lag
515597376,515598043,515597376,515597376,-0.667000,0,0,0,0,1.000000,339.888889,1,741.339520,0.667000,,v0.4.0-fixed-lag
516383861,516382043,516383861,516383861,1.818000,0,0,0,0,1.000000,335.000000,1,744.572800,1.818000,,v0.4.0-fixed-lag
517178806,517174043,517178806,517178806,4.763000,0,0,0,0,1.000000,335.222222,1,744.572800,4.763000,,v0.4.0-fixed-lag
517985712,517982045,517985712,517985712,3.667000,0,0,0,0,1.000000,329.666667,1,750.012800,3.667000,,v0.4.0-fixed-lag
518748225,518750043,518748225,518748225,-1.818000,0,0,0,0,1.000000,308.000000,1,755.452800,1.818000,,v0.4.0-fixed-lag
519425662,519422043,519425662,519425662,3.619000,0,0,0,0,1.000000,298.222222,1,758.371840,3.619000,,v0.4.0-fixed-lag
520106043,520102043,520106043,520106043,4.000000,0,0,0,0,1.000000,348.888889,1,763.811840,4.000000,,v0.4.0-fixed-lag
520787501,520782043,520787501,520787501,5.458000,0,0,0,0,1.000000,335.333333,1,763.811840,5.458000,,v0.4.0-fixed-lag
521506043,0,521506043,521506043,0.000000,1,1,1,0,1.000000,354.333333,1,763.811840,0.000000,waveform_inserted+timing_recovered,v0.4.0-fixed-lag
522287959,522294043,522287959,522287959,-6.084000,0,0,0,0,1.000000,361.555556,1,763.811840,6.084000,,v0.4.0-fixed-lag
523098741,523102045,523098741,523098741,-3.304000,0,0,0,0,1.000000,348.666667,1,771.684160,3.304000,,v0.4.0-fixed-lag
523954424,523950043,523954424,523954424,4.381000,0,0,0,0,1.000000,351.333333,1,777.124160,4.381000,,v0.4.0-fixed-lag
524821091,524822043,524821091,524821091,-0.952000,0,0,0,0,1.000000,344.111111,1,782.564160,0.952000,,v0.4.0-fixed-lag
525653091,525654043,525653091,525653091,-0.952000,0,0,0,0,1.000000,328.333333,1,788.004160,0.952000,,v0.4.0-fixed-lag
526436953,526438044,526436953,526436953,-1.091000,0,0,0,0,1.000000,338.888889,1,799.653120,1.091000,,v0.4.0-fixed-lag
527215862,527214044,527215862,527215862,1.818000,0,0,0,0,1.000000,323.000000,1,800.275840,1.818000,,v0.4.0-fixed-lag
527983861,527982043,527983861,527983861,1.818000,0,0,0,0,1.000000,336.000000,1,805.715840,1.818000,,v0.4.0-fixed-lag
528782444,528782044,528782444,528782444,0.400000,0,0,0,0,1.000000,342.444444,1,811.155840,0.400000,,v0.4.0-fixed-lag
529604330,529606044,529604330,529604330,-1.714000,0,0,0,0,1.000000,351.000000,1,815.866560,1.714000,,v0.4.0-fixed-lag
530444329,530446043,530444329,530444329,-1.714000,0,0,0,0,1.000000,371.222222,1,819.770240,1.714000,,v0.4.0-fixed-lag
531318843,531318043,531318843,531318843,0.800000,0,0,0,0,1.000000,370.555556,1,823.323520,0.800000,,v0.4.0-fixed-lag
532215863,532214045,532215863,532215863,1.818000,0,0,0,0,1.000000,372.222222,1,828.763520,1.818000,,v0.4.0-fixed-lag
533085854,533086044,533085854,533085854,-0.190000,0,0,0,0,1.000000,355.222222,1,823.323520,0.190000,,v0.4.0-fixed-lag
533957472,533958043,533957472,533957472,-0.571000,0,0,0,0,1.000000,354.333333,1,823.323520,0.571000,,v0.4.0-fixed-lag
534818043,534814043,534818043,534818043,4.000000,0,0,0,0,1.000000,347.888889,1,829.119680,4.000000,,v0.4.0-fixed-lag
535678410,535678046,535678410,535678410,0.364000,0,0,0,0,1.000000,344.222222,1,830.262720,0.364000,,v0.4.0-fixed-lag
536508589,0,536508589,536508589,0.000000,1,1,1,0,1.000000,328.000000,1,830.262720,0.000000,waveform_inserted+timing_recovered,v0.4.0-fixed-lag
537298443,537294043,537298443,537298443,4.400000,0,0,0,0,1.000000,340.444444,1,824.822720,4.400000,,v0.4.0-fixed-lag
538120359,537862046,538120359,538120359,258.313000,0,0,1,0,1.000000,255.444444,1,830.262720,258.313000,timing_recovered,v0.4.0-fixed-lag
538930805,0,538930805,538930805,0.000000,1,1,1,0,1.000000,383.444444,1,824.822720,0.000000,waveform_inserted+timing_recovered,v0.4.0-fixed-lag
539666466,539382043,539666466,539666466,284.423000,0,0,1,0,1.000000,328.666667,1,824.757440,284.423000,timing_recovered,v0.4.0-fixed-lag
540362043,540358043,540362043,540362043,4.000000,0,0,0,0,1.000000,338.555556,1,815.097280,4.000000,,v0.4.0-fixed-lag
541054995,541054043,541054995,541054995,0.952000,0,0,0,0,1.000000,338.555556,1,807.013120,0.952000,,v0.4.0-fixed-lag
541791498,541790043,541791498,541791498,1.455000,0,0,0,0,1.000000,354.222222,1,797.902720,1.455000,,v0.4.0-fixed-lag
542552376,542550043,542552376,542552376,2.333000,0,0,0,0,1.000000,366.111111,1,791.313280,2.333000,,v0.4.0-fixed-lag
543330806,543326043,543330806,543330806,4.763000,0,0,0,0,1.000000,358.444444,1,782.040960,4.763000,,v0.4.0-fixed-lag
544120304,544118043,544120304,544120304,2.261000,0,0,0,0,1.000000,352.111111,1,782.040960,2.261000,,v0.4.0-fixed-lag
544933173,544934043,544933173,544933173,-0.870000,0,0,0,0,1.000000,358.444444,1,776.600960,0.870000,,v0.4.0-fixed-lag
545693680,545694044,545693680,545693680,-0.364000,0,0,0,0,1.000000,334.222222,1,776.600960,0.364000,,v0.4.0-fixed-lag
546393317,546390044,546393317,546393317,3.273000,0,0,0,0,1.000000,328.444444,1,771.042240,3.273000,,v0.4.0-fixed-lag
547109472,547110043,547109472,547109472,-0.571000,0,0,0,0,1.000000,347.555556,1,771.042240,0.571000,,v0.4.0-fixed-lag
547825710,547822043,547825710,547825710,3.667000,0,0,0,0,1.000000,358.888889,1,765.602240,3.667000,,v0.4.0-fixed-lag
548558916,548558046,548558916,548558916,0.870000,0,0,0,0,1.000000,356.000000,1,765.602240,0.870000,,v0.4.0-fixed-lag
549354045,549358045,549354045,549354045,-4.000000,0,0,0,0,1.000000,372.333333,1,760.162240,4.000000,,v0.4.0-fixed-lag
550172130,550174043,550172130,550172130,-1.913000,0,0,0,0,1.000000,384.111111,1,760.162240,1.913000,,v0.4.0-fixed-lag
550998710,550998043,550998710,550998710,0.667000,0,0,0,0,1.000000,366.888889,1,765.602240,0.667000,,v0.4.0-fixed-lag
551822920,551822050,551822920,551822920,0.870000,0,0,0,0,1.000000,359.111111,1,765.602240,0.870000,,v0.4.0-fixed-lag
552623710,552622043,552623710,552623710,1.667000,0,0,0,0,1.000000,352.222222,1,771.042240,1.667000,,v0.4.0-fixed-lag
553404588,553398043,553404588,553404588,6.545000,0,0,0,0,1.000000,344.666667,1,782.121280,6.545000,,v0.4.0-fixed-lag
554139710,554142043,554139710,554139710,-2.333000,0,0,0,0,1.000000,335.888889,1,782.121280,2.333000,,v0.4.0-fixed-lag
554831043,0,554831043,554831043,0.000000,1,1,1,0,1.000000,346.111111,1,787.561280,0.000000,waveform_inserted+timing_recovered,v0.4.0-fixed-lag
555556481,555254045,555556481,555556481,302.436000,0,0,1,0,1.000000,378.222222,1,787.561280,302.436000,timing_recovered,v0.4.0-fixed-lag
556311612,556310047,556311612,556311612,1.565000,0,0,0,0,1.000000,373.777778,1,782.121280,1.565000,,v0.4.0-fixed-lag
557096043,557094043,557096043,557096043,2.000000,0,0,0,0,1.000000,378.666667,1,783.000960,2.000000,,v0.4.0-fixed-lag
557920900,557918043,557920900,557920900,2.857000,0,0,0,0,1.000000,368.111111,1,783.000960,2.857000,,v0.4.0-fixed-lag
558739863,558734043,558739863,558739863,5.820000,0,0,0,0,1.000000,353.000000,1,783.000960,5.820000,,v0.4.0-fixed-lag
559537043,559534043,559537043,559537043,3.000000,0,0,0,0,1.000000,358.000000,1,783.000960,3.000000,,v0.4.0-fixed-lag
560346043,0,560346043,560346043,0.000000,1,1,1,0,1.000000,359.000000,1,783.000960,0.000000,waveform_inserted+timing_recovered,v0.4.0-fixed-lag
561116591,560774043,561116591,561116591,342.548000,0,0,1,0,1.000000,351.111111,1,778.697920,342.548000,timing_recovered,v0.4.0-fixed-lag
561922407,561918043,561922407,561922407,4.364000,0,0,0,0,1.000000,384.444444,1,778.697920,4.364000,,v0.4.0-fixed-lag
562715498,0,562715498,562715498,0.000000,1,1,1,0,1.000000,373.444444,1,777.337600,0.000000,waveform_inserted+timing_recovered,v0.4.0-fixed-lag
563494913,563494043,563494913,563494913,0.870000,0,0,0,0,1.000000,365.222222,1,777.337600,0.870000,,v0.4.0-fixed-lag
564280953,564278044,564280953,564280953,2.909000,0,0,0,0,1.000000,366.444444,1,771.897600,2.909000,,v0.4.0-fixed-lag
565048123,565046043,565048123,565048123,2.080000,0,0,0,0,1.000000,349.000000,1,777.337600,2.080000,,v0.4.0-fixed-lag
565772591,565774046,565772591,565772591,-1.455000,0,0,0,0,1.000000,338.111111,1,776.029120,1.455000,,v0.4.0-fixed-lag
566473084,566470044,566473084,566473084,3.040000,0,0,0,0,1.000000,366.666667,1,779.212800,3.040000,,v0.4.0-fixed-lag
567184952,567182043,567184952,567184952,2.909000,0,0,0,0,1.000000,357.444444,1,777.092800,2.909000,,v0.4.0-fixed-lag
567904305,567902044,567904305,567904305,2.261000,0,0,0,0,1.000000,356.000000,1,774.255360,2.261000,,v0.4.0-fixed-lag
568615262,568614045,568615262,568615262,1.217000,0,0,0,0,1.000000,331.000000,1,778.614400,1.217000,,v0.4.0-fixed-lag
569318710,569318043,569318710,569318710,0.667000,0,0,0,0,1.000000,361.222222,1,759.509760,0.667000,,v0.4.0-fixed-lag
570049406,570046046,570049406,570049406,3.360000,0,0,0,0,1.000000,370.777778,1,757.872960,3.360000,,v0.4.0-fixed-lag
570809347,570814045,570809347,570809347,-4.698000,0,0,0,0,1.000000,391.222222,1,757.872960,4.698000,,v0.4.0-fixed-lag
571616652,571622043,571616652,571616652,-5.391000,0,0,0,0,1.000000,408.333333,1,752.432960,5.391000,,v0.4.0-fixed-lag
572432376,572430043,572432376,572432376,2.333000,0,0,0,0,1.000000,386.888889,1,752.432960,2.333000,,v0.4.0-fixed-lag
573220376,573222043,573220376,573220376,-1.667000,0,0,0,0,1.000000,371.555556,1,752.432960,1.667000,,v0.4.0-fixed-lag
574037091,574030043,574037091,574037091,7.048000,0,0,0,0,1.000000,398.555556,1,750.622720,7.048000,,v0.4.0-fixed-lag
574855261,574854044,574855261,574855261,1.217000,0,0,0,0,1.000000,399.000000,1,759.981120,1.217000,,v0.4.0-fixed-lag
575661473,575662044,575661473,575661473,-0.571000,0,0,0,0,1.000000,355.111111,1,763.520000,0.571000,,v0.4.0-fixed-lag
576449044,576446044,576449044,576449044,3.000000,0,0,0,0,1.000000,349.777778,1,769.347840,3.000000,,v0.4.0-fixed-lag
577219086,577214044,577219086,577219086,5.042000,0,0,0,0,1.000000,347.444444,1,769.347840,5.042000,,v0.4.0-fixed-lag
577943862,0,577943862,577943862,0.000000,1,1,1,0,1.000000,324.222222,1,769.347840,0.000000,waveform_inserted+timing_recovered,v0.4.0-fixed-lag
578644590,578374046,578644590,578644590,270.544000,0,0,1,0,1.000000,343.222222,1,774.787840,270.544000,timing_recovered,v0.4.0-fixed-lag
579366565,579366043,579366565,579366565,0.522000,0,0,0,0,1.000000,335.333333,1,768.960000,0.522000,,v0.4.0-fixed-lag
580099086,580094046,580099086,580099086,5.040000,0,0,0,0,1.000000,350.444444,1,768.822720,5.040000,,v0.4.0-fixed-lag
580812588,580814043,580812588,580812588,-1.455000,0,0,0,0,1.000000,333.222222,1,763.213440,1.455000,,v0.4.0-fixed-lag
581522044,581518044,581522044,581522044,4.000000,0,0,0,0,1.000000,344.111111,1,751.206720,4.000000,,v0.4.0-fixed-lag
582225710,582222043,582225710,582225710,3.667000,0,0,0,0,1.000000,317.888889,1,748.728320,3.667000,,v0.4.0-fixed-lag
582862843,582862043,582862843,582862843,0.800000,0,0,0,0,1.000000,307.555556,1,747.832000,0.800000,,v0.4.0-fixed-lag
583611326,583614046,583611326,583611326,-2.720000,0,0,0,0,1.000000,380.777778,1,745.120640,2.720000,,v0.4.0-fixed-lag
584359045,584358045,584359045,584359045,1.000000,0,0,0,0,1.000000,356.111111,1,739.680640,1.000000,,v0.4.0-fixed-lag
585128522,585134043,585128522,585128522,-5.521000,0,0,0,0,1.000000,354.555556,1,745.120640,5.521000,,v0.4.0-fixed-lag
585898047,0,585898047,585898047,0.000000,1,1,1,0,1.000000,349.888889,1,747.832000,0.000000,waveform_inserted+timing_recovered,v0.4.0-fixed-lag
586653173,0,586653173,586653173,0.000000,1,1,1,0,1.000000,330.000000,1,751.206720,0.000000,waveform_inserted+timing_recovered,v0.4.0-fixed-lag
587367260,587366043,587367260,587367260,1.217000,0,0,0,0,1.000000,338.666667,1,761.510080,1.217000,,v0.4.0-fixed-lag
588103483,587790043,588103483,588103483,313.440000,0,0,1,0,1.000000,342.000000,1,761.510080,313.440000,timing_recovered,v0.4.0-fixed-lag
588845885,588846045,588845885,588845885,-0.160000,0,0,0,0,1.000000,330.000000,1,766.950080,0.160000,,v0.4.0-fixed-lag
589597472,589598043,589597472,589597472,-0.571000,0,0,0,0,1.000000,341.555556,1,772.390080,0.571000,,v0.4.0-fixed-lag
590376226,590374044,590376226,590376226,2.182000,0,0,0,0,1.000000,366.777778,1,778.074560,2.182000,,v0.4.0-fixed-lag
591165175,591166045,591165175,591165175,-0.870000,0,0,0,0,1.000000,367.111111,1,784.507840,0.870000,,v0.4.0-fixed-lag
591976124,591974044,591976124,591976124,2.080000,0,0,0,0,1.000000,401.111111,1,791.080320,2.080000,,v0.4.0-fixed-lag
592812478,592806044,592812478,592812478,6.434000,0,0,0,0,1.000000,409.333333,1,796.520320,6.434000,,v0.4.0-fixed-lag
593634391,593630043,593634391,593634391,4.348000,0,0,0,0,1.000000,407.000000,1,796.520320,4.348000,,v0.4.0-fixed-lag
594508588,594510043,594508588,594508588,-1.455000,0,0,0,0,1.000000,444.111111,1,804.081280,1.455000,,v0.4.0-fixed-lag
595396225,595454043,595396225,595396225,-57.818000,0,0,0,0,1.000000,446.333333,1,807.343680,57.818000,,v0.4.0-fixed-lag
596296126,596294046,596296126,596296126,2.080000,0,0,0,0,1.000000,436.000000,1,819.823680,2.080000,,v0.4.0-fixed-lag
597167163,597166043,597167163,597167163,1.120000,0,0,0,0,1.000000,407.000000,1,823.332160,1.120000,,v0.4.0-fixed-lag
598012043,598014043,598012043,598012043,-2.000000,0,0,0,0,1.000000,411.000000,1,827.953280,2.000000,,v0.4.0-fixed-lag
598851710,598846043,598851710,598851710,5.667000,0,0,0,0,1.000000,413.222222,1,830.681600,5.667000,,v0.4.0-fixed-lag
599683434,599678046,599683434,599683434,5.388000,0,0,0,0,1.000000,407.444444,1,830.681600,5.388000,,v0.4.0-fixed-lag
600477244,600478044,600477244,600477244,-0.800000,0,0,0,0,1.000000,381.000000,1,830.681600,0.800000,,v0.4.0-fixed-lag
601265724,601262044,601265724,601265724,3.680000,0,0,0,0,1.000000,407.000000,1,830.681600,3.680000,,v0.4.0-fixed-lag
602062217,602062043,602062217,602062217,0.174000,0,0,0,0,1.000000,417.333333,1,836.121600,0.174000,,v0.4.0-fixed-lag
602875964,602870043,602875964,602875964,5.921000,0,0,0,0,1.000000,419.111111,1,834.453440,5.921000,,v0.4.0-fixed-lag
603714043,603710043,603714043,603714043,4.000000,0,0,0,0,1.000000,410.888889,1,831.911680,4.000000,,v0.4.0-fixed-lag
604537710,604534043,604537710,604537710,3.667000,0,0,0,0,1.000000,374.111111,1,831.911680,3.667000,,v0.4.0-fixed-lag
605298044,605294044,605298044,605298044,4.000000,0,0,0,0,1.000000,366.888889,1,829.333440,4.000000,,v0.4.0-fixed-lag
606074363,606070043,606074363,606074363,4.320000,0,0,0,0,1.000000,400.888889,1,826.159040,4.320000,,v0.4.0-fixed-lag
606870217,606870043,606870217,606870217,0.174000,0,0,0,0,1.000000,407.222222,1,820.637760,0.174000,,v0.4.0-fixed-lag
607695164,607694044,607695164,607695164,1.120000,0,0,0,0,1.000000,407.111111,1,814.993280,1.120000,,v0.4.0-fixed-lag
608560043,608558043,608560043,608560043,2.000000,0,0,0,0,1.000000,422.444444,1,809.757760,2.000000,,v0.4.0-fixed-lag
609405563,609406043,609405563,609405563,-0.480000,0,0,0,0,1.000000,408.000000,1,815.279040,0.480000,,v0.4.0-fixed-lag
610241747,610238043,610241747,610241747,3.704000,0,0,0,0,1.000000,383.666667,1,818.453440,3.704000,,v0.4.0-fixed-lag
611065735,611062043,611065735,611065735,3.692000,0,0,0,0,1.000000,403.666667,1,813.423040,3.692000,,v0.4.0-fixed-lag
611900130,611894044,611900130,611900130,6.086000,0,0,0,0,1.000000,400.666667,1,813.116160,6.086000,,v0.4.0-fixed-lag
612733379,612734046,612733379,612733379,-0.667000,0,0,0,0,1.000000,392.000000,1,818.863040,0.667000,,v0.4.0-fixed-lag
613556843,613550045,613556843,613556843,6.798000,0,0,0,0,1.000000,383.666667,1,821.519680,6.798000,,v0.4.0-fixed-lag
614357043,614358043,614357043,614357043,-1.000000,0,0,0,0,1.000000,364.888889,1,826.959680,1.000000,,v0.4.0-fixed-lag
615136123,615134043,615136123,615136123,2.080000,0,0,0,0,1.000000,361.888889,1,826.959680,2.080000,,v0.4.0-fixed-lag
615842805,615838045,615842805,615842805,4.760000,0,0,0,0,1.000000,328.222222,1,826.959680,4.760000,,v0.4.0-fixed-lag
616494218,616494044,616494218,616494218,0.174000,0,0,0,0,1.000000,320.222222,1,829.436160,0.174000,,v0.4.0-fixed-lag
617197735,617198043,617197735,617197735,-0.308000,0,0,0,0,1.000000,411.777778,1,834.708480,0.308000,,v0.4.0-fixed-lag
617945085,617942045,617945085,617945085,3.040000,0,0,0,0,1.000000,439.777778,1,827.264000,3.040000,,v0.4.0-fixed-lag
618741735,618742043,618741735,618741735,-0.308000,0,0,0,0,1.000000,441.000000,1,825.945600,0.308000,,v0.4.0-fixed-lag
619612900,619614043,619612900,619612900,-1.143000,0,0,0,0,1.000000,428.666667,1,825.945600,1.143000,,v0.4.0-fixed-lag
620543608,620542043,620543608,620543608,1.565000,0,0,0,0,1.000000,390.444444,1,825.945600,1.565000,,v0.4.0-fixed-lag
621477316,621478043,621477316,621477316,-0.727000,0,0,0,0,1.000000,353.111111,1,825.945600,0.727000,,v0.4.0-fixed-lag
622404588,622406043,622404588,622404588,-1.455000,0,0,0,0,1.000000,332.000000,1,825.945600,1.455000,,v0.4.0-fixed-lag
623324588,623262046,623324588,623324588,62.542000,0,0,0,0,1.000000,336.777778,1,831.568000,62.542000,,v0.4.0-fixed-lag
624230046,624230046,624230046,624230046,0.000000,0,0,0,0,1.000000,333.666667,1,849.972800,0.000000,,v0.4.0-fixed-lag
625119245,625118045,625119245,625119245,1.200000,0,0,0,0,1.000000,333.777778,1,855.506560,1.200000,,v0.4.0-fixed-lag
626010043,626006043,626010043,626010043,4.000000,0,0,0,0,1.000000,338.666667,1,855.506560,4.000000,,v0.4.0-fixed-lag
626901175,626902045,626901175,626901175,-0.870000,0,0,0,0,1.000000,342.666667,1,855.506560,0.870000,,v0.4.0-fixed-lag
627763088,627758044,627763088,627763088,5.044000,0,0,0,0,1.000000,339.333333,1,850.066560,5.044000,,v0.4.0-fixed-lag
628563134,628558043,628563134,628563134,5.091000,0,0,0,0,1.000000,345.222222,1,855.506560,5.091000,,v0.4.0-fixed-lag
629316588,629310044,629316588,629316588,6.544000,0,0,0,0,1.000000,348.333333,1,856.362240,6.544000,,v0.4.0-fixed-lag
630026377,630022044,630026377,630026377,4.333000,0,0,0,0,1.000000,340.777778,1,861.695360,4.333000,,v0.4.0-fixed-lag
630732479,630734044,630732479,630732479,-1.565000,0,0,0,0,1.000000,350.888889,1,855.743680,1.565000,,v0.4.0-fixed-lag
631455483,631454043,631455483,631455483,1.440000,0,0,0,0,1.000000,348.000000,1,847.012160,1.440000,,v0.4.0-fixed-lag
632170740,632166044,632170740,632170740,4.696000,0,0,0,0,1.000000,328.000000,1,827.214720,4.696000,,v0.4.0-fixed-lag
632885563,632886043,632885563,632885563,-0.480000,0,0,0,0,1.000000,334.444444,1,806.865280,0.480000,,v0.4.0-fixed-lag
633607045,0,633607045,633607045,0.000000,1,1,1,0,1.000000,344.888889,1,797.121280,0.000000,waveform_inserted+timing_recovered,v0.4.0-fixed-lag
634357243,634022046,634357243,634357243,335.197000,0,0,1,0,1.000000,351.666667,1,796.634240,335.197000,timing_recovered,v0.4.0-fixed-lag
635121735,635118043,635121735,635121735,3.692000,0,0,0,0,1.000000,372.000000,1,802.074240,3.692000,,v0.4.0-fixed-lag
635936710,0,635936710,635936710,0.000000,1,1,1,0,1.000000,408.111111,1,802.074240,0.000000,waveform_inserted+timing_recovered,v0.4.0-fixed-lag
636769403,636766043,636769403,636769403,3.360000,0,0,0,0,1.000000,405.111111,1,802.074240,3.360000,,v0.4.0-fixed-lag
637620712,0,637620712,637620712,0.000000,1,1,1,0,1.000000,399.000000,1,797.121280,0.000000,waveform_inserted+timing_recovered,v0.4.0-fixed-lag
638496710,638494043,638496710,638496710,2.667000,0,0,0,0,1.000000,390.111111,1,800.383360,2.667000,,v0.4.0-fixed-lag
639377726,639374046,639377726,639377726,3.680000,0,0,0,0,1.000000,388.777778,1,804.957440,3.680000,,v0.4.0-fixed-lag
640266407,640262045,640266407,640266407,4.362000,0,0,0,0,1.000000,394.000000,1,815.672000,4.362000,,v0.4.0-fixed-lag
641163582,641166044,641163582,641163582,-2.462000,0,0,0,0,1.000000,396.555556,1,826.781760,2.462000,,v0.4.0-fixed-lag
642060378,642054043,642060378,642060378,6.335000,0,0,0,0,1.000000,396.666667,1,832.738880,6.335000,,v0.4.0-fixed-lag
642966191,642966043,642966191,642966191,0.148000,0,0,0,0,1.000000,417.444444,1,840.639360,0.148000,,v0.4.0-fixed-lag
643820046,643822046,643820046,643820046,-2.000000,0,0,0,0,1.000000,367.777778,1,842.245120,2.000000,,v0.4.0-fixed-lag
644652816,0,644652816,644652816,0.000000,1,1,1,0,1.000000,394.666667,1,842.245120,0.000000,waveform_inserted+timing_recovered,v0.4.0-fixed-lag
645431581,645430043,645431581,645431581,1.538000,0,0,0,0,1.000000,378.666667,1,842.245120,1.538000,,v0.4.0-fixed-lag
646212197,646214043,646212197,646212197,-1.846000,0,0,0,0,1.000000,393.444444,1,847.685120,1.846000,,v0.4.0-fixed-lag
646987323,646990043,646987323,646987323,-2.720000,0,0,0,0,1.000000,386.444444,1,842.245120,2.720000,,v0.4.0-fixed-lag
647782043,0,647782043,647782043,0.000000,1,1,1,0,1.000000,404.444444,1,833.553600,0.000000,waveform_inserted+timing_recovered,v0.4.0-fixed-lag
648584123,648582043,648584123,648584123,2.080000,0,0,0,0,1.000000,412.333333,1,826.806400,2.080000,,v0.4.0-fixed-lag
649395643,0,649395643,649395643,0.000000,1,1,1,0,1.000000,415.555556,1,816.985600,0.000000,waveform_inserted+timing_recovered,v0.4.0-fixed-lag
650187963,650182043,650187963,650187963,5.920000,0,0,0,0,1.000000,416.222222,1,811.545600,5.920000,,v0.4.0-fixed-lag
650980603,0,650980603,650980603,0.000000,1,1,1,0,1.000000,402.333333,1,809.190400,0.000000,waveform_inserted+timing_recovered,v0.4.0-fixed-lag
651770046,651766046,651770046,651770046,4.000000,0,0,0,0,1.000000,422.888889,1,803.084800,4.000000,,v0.4.0-fixed-lag
652573476,652574047,652573476,652573476,-0.571000,0,0,0,0,1.000000,433.666667,1,802.982400,0.571000,,v0.4.0-fixed-lag
653365010,653366047,653365010,653365010,-1.037000,0,0,0,0,1.000000,409.777778,1,797.644800,1.037000,,v0.4.0-fixed-lag
654157600,654158044,654157600,654157600,-0.444000,0,0,0,0,1.000000,405.444444,1,797.644800,0.444000,,v0.4.0-fixed-lag
654924812,654926043,654924812,654924812,-1.231000,0,0,0,0,1.000000,401.777778,1,792.204800,1.231000,,v0.4.0-fixed-lag
655706043,655702045,655706043,655706043,3.998000,0,0,0,0,1.000000,435.777778,1,792.188800,3.998000,,v0.4.0-fixed-lag
656504268,656502046,656504268,656504268,2.222000,0,0,0,0,1.000000,423.222222,1,786.662400,2.222000,,v0.4.0-fixed-lag
657297767,657294043,657297767,657297767,3.724000,0,0,0,0,1.000000,412.888889,1,786.662400,3.724000,,v0.4.0-fixed-lag
658098659,658094043,658098659,658098659,4.616000,0,0,0,0,1.000000,435.000000,1,786.748800,4.616000,,v0.4.0-fixed-lag
658910787,658910046,658910787,658910787,0.741000,0,0,0,0,1.000000,422.444444,1,786.748800,0.741000,,v0.4.0-fixed-lag
659714044,659710044,659714044,659714044,4.000000,0,0,0,0,1.000000,411.888889,1,787.039680,4.000000,,v0.4.0-fixed-lag
660492505,660494043,660492505,660492505,-1.538000,0,0,0,0,1.000000,389.888889,1,787.039680,1.538000,,v0.4.0-fixed-lag
661237010,661238047,661237010,661237010,-1.037000,0,0,0,0,1.000000,400.222222,1,787.039680,1.037000,,v0.4.0-fixed-lag
661987323,661982046,661987323,661987323,5.277000,0,0,0,0,1.000000,412.666667,1,787.039680,5.277000,,v0.4.0-fixed-lag
662747643,662742045,662747643,662747643,5.598000,0,0,0,0,1.000000,407.555556,1,787.039680,5.598000,,v0.4.0-fixed-lag
663512859,663510044,663512859,663512859,2.815000,0,0,0,0,1.000000,400.444444,1,787.039680,2.815000,,v0.4.0-fixed-lag
664282658,664278044,664282658,664282658,4.614000,0,0,0,0,1.000000,399.333333,1,776.787520,4.614000,,v0.4.0-fixed-lag
665063472,665062043,665063472,665063472,1.429000,0,0,0,0,1.000000,406.222222,1,774.015680,1.429000,,v0.4.0-fixed-lag
665822658,665822043,665822658,665822658,0.615000,0,0,0,0,1.000000,393.444444,1,774.015680,0.615000,,v0.4.0-fixed-lag
666588117,666582043,666588117,666588117,6.074000,0,0,0,0,1.000000,418.222222,1,772.549120,6.074000,,v0.4.0-fixed-lag
667351378,667350045,667351378,667351378,1.333000,0,0,0,0,1.000000,415.888889,1,767.109120,1.333000,,v0.4.0-fixed-lag
668131891,668126044,668131891,668131891,5.847000,0,0,0,0,1.000000,422.222222,1,766.483520,5.847000,,v0.4.0-fixed-lag
668910352,668910044,668910352,668910352,0.308000,0,0,0,0,1.000000,419.222222,1,761.669120,0.308000,,v0.4.0-fixed-lag
669686784,669686043,669686784,669686784,0.741000,0,0,0,0,1.000000,414.222222,1,761.746880,0.741000,,v0.4.0-fixed-lag
670459524,670462043,670459524,670459524,-2.519000,0,0,0,0,1.000000,409.666667,1,763.135680,2.519000,,v0.4.0-fixed-lag
671213757,671214043,671213757,671213757,-0.286000,0,0,0,0,1.000000,403.888889,1,758.636800,0.286000,,v0.4.0-fixed-lag
671947890,671942045,671947890,671947890,5.845000,0,0,0,0,1.000000,403.555556,1,758.636800,5.845000,,v0.4.0-fixed-lag
672684710,672686043,672684710,672684710,-1.333000,0,0,0,0,1.000000,419.222222,1,761.746880,1.333000,,v0.4.0-fixed-lag
673424043,673422043,673424043,673424043,2.000000,0,0,0,0,1.000000,414.777778,1,761.746880,2.000000,,v0.4.0-fixed-lag
674157599,0,674157599,674157599,0.000000,1,1,1,0,1.000000,402.555556,1,761.043520,0.000000,waveform_inserted+timing_recovered,v0.4.0-fixed-lag
674854847,674854047,674854847,674854847,0.800000,0,0,0,0,1.000000,383.000000,1,758.154560,0.800000,,v0.4.0-fixed-lag
675551757,675550043,675551757,675551757,1.714000,0,0,0,0,1.000000,420.777778,1,753.386560,1.714000,,v0.4.0-fixed-lag
676275822,676278044,676275822,676275822,-2.222000,0,0,0,0,1.000000,448.777778,1,747.142400,2.222000,,v0.4.0-fixed-lag
677026968,677022044,677026968,677026968,4.924000,0,0,0,0,1.000000,454.111111,1,746.282560,4.924000,,v0.4.0-fixed-lag
677791376,677790043,677791376,677791376,1.333000,0,0,0,0,1.000000,451.444444,1,746.282560,1.333000,,v0.4.0-fixed-lag
678574192,678574044,678574192,678574192,0.148000,0,0,0,0,1.000000,439.222222,1,746.282560,0.148000,,v0.4.0-fixed-lag
679350043,679350043,679350043,679350043,0.000000,0,0,0,0,1.000000,423.777778,1,747.142400,0.000000,,v0.4.0-fixed-lag
680111837,680110044,680111837,680111837,1.793000,0,0,0,0,1.000000,429.888889,1,747.946560,1.793000,,v0.4.0-fixed-lag
680891146,680894043,680891146,680891146,-2.897000,0,0,0,0,1.000000,433.666667,1,751.726720,2.897000,,v0.4.0-fixed-lag
681659643,681662043,681659643,681659643,-2.400000,0,0,0,0,1.000000,415.555556,1,749.694080,2.400000,,v0.4.0-fixed-lag
682408329,682406043,682408329,682408329,2.286000,0,0,0,0,1.000000,413.000000,1,750.530560,2.286000,,v0.4.0-fixed-lag
683147146,683150043,683147146,683147146,-2.897000,0,0,0,0,1.000000,450.666667,1,745.090560,2.897000,,v0.4.0-fixed-lag
683903472,683902043,683903472,683903472,1.429000,0,0,0,0,1.000000,446.777778,1,745.090560,1.429000,,v0.4.0-fixed-lag
684663080,684662043,684663080,684663080,1.037000,0,0,0,0,1.000000,448.000000,1,745.090560,1.037000,,v0.4.0-fixed-lag
685433243,685430043,685433243,685433243,3.200000,0,0,0,0,1.000000,451.333333,1,744.254080,3.200000,,v0.4.0-fixed-lag
686201757,686198043,686201757,686201757,3.714000,0,0,0,0,1.000000,427.777778,1,744.254080,3.714000,,v0.4.0-fixed-lag
686944444,686942044,686944444,686944444,2.400000,0,0,0,0,1.000000,442.333333,1,744.254080,2.400000,,v0.4.0-fixed-lag
687668044,0,687668044,687668044,0.000000,1,1,1,0,1.000000,427.111111,1,743.554560,0.000000,waveform_inserted+timing_recovered,v0.4.0-fixed-lag
688352614,688350043,688352614,688352614,2.571000,0,0,0,0,1.000000,405.555556,1,742.504320,2.571000,,v0.4.0-fixed-lag
689005757,689006043,689005757,689005757,-0.286000,0,0,0,0,1.000000,419.444444,1,740.059520,0.286000,,v0.4.0-fixed-lag
689656112,689654043,689656112,689656112,2.069000,0,0,0,0,1.000000,416.111111,1,732.699840,2.069000,,v0.4.0-fixed-lag
690294329,690294043,690294329,690294329,0.286000,0,0,0,0,1.000000,408.222222,1,727.259840,0.286000,,v0.4.0-fixed-lag
690974543,690974043,690974543,690974543,0.500000,0,0,0,0,1.000000,461.222222,1,721.152000,0.500000,,v0.4.0-fixed-lag
691693512,0,691693512,691693512,0.000000,1,1,1,0,1.000000,494.666667,1,697.782400,0.000000,waveform_inserted+timing_recovered,v0.4.0-fixed-lag
692425270,0,692425270,692425270,0.000000,1,1,1,0,1.000000,485.555556,1,697.782400,0.000000,waveform_inserted+timing_recovered,v0.4.0-fixed-lag
693168588,693166043,693168588,693168588,2.545000,0,0,0,0,1.000000,493.555556,1,686.902400,2.545000,,v0.4.0-fixed-lag
693920976,693918043,693920976,693920976,2.933000,0,0,0,0,1.000000,470.444444,1,681.462400,2.933000,,v0.4.0-fixed-lag
694635698,694638043,694635698,694635698,-2.345000,0,0,0,0,1.000000,439.555556,1,676.022400,2.345000,,v0.4.0-fixed-lag
695326576,695326043,695326576,695326576,0.533000,0,0,0,0,1.000000,431.666667,1,674.791040,0.533000,,v0.4.0-fixed-lag
695983838,695982045,695983838,695983838,1.793000,0,0,0,0,1.000000,425.666667,1,669.351040,1.793000,,v0.4.0-fixed-lag
696616346,696614043,696616346,696616346,2.303000,0,0,0,0,1.000000,433.333333,1,663.911040,2.303000,,v0.4.0-fixed-lag
697248046,0,697248046,697248046,0.000000,1,1,1,0,1.000000,437.555556,1,663.911040,0.000000,waveform_inserted+timing_recovered,v0.4.0-fixed-lag
697836102,697838045,697836102,697836102,-1.943000,0,0,0,0,1.000000,427.111111,1,663.911040,1.943000,,v0.4.0-fixed-lag
698448588,698446043,698448588,698448588,2.545000,0,0,0,0,1.000000,455.555556,1,656.280960,2.545000,,v0.4.0-fixed-lag
699039619,699038043,699039619,699039619,1.576000,0,0,0,0,1.000000,444.444444,1,645.523840,1.576000,,v0.4.0-fixed-lag
699609808,0,699609808,699609808,0.000000,1,1,1,0,1.000000,437.222222,1,637.602560,0.000000,waveform_inserted+timing_recovered,v0.4.0-fixed-lag
700191619,700190043,700191619,700191619,1.576000,0,0,0,0,1.000000,445.444444,1,637.344000,1.576000,,v0.4.0-fixed-lag
700744163,700742045,700744163,700744163,2.118000,0,0,0,0,1.000000,413.333333,1,636.635520,2.118000,,v0.4.0-fixed-lag
701308227,701310045,701308227,701308227,-1.818000,0,0,0,0,1.000000,470.555556,1,629.769920,1.818000,,v0.4.0-fixed-lag
701893720,0,701893720,701893720,0.000000,1,1,1,0,1.000000,460.777778,1,634.257920,0.000000,waveform_inserted+timing_recovered,v0.4.0-fixed-lag
702451255,702446043,702451255,702451255,5.212000,0,0,0,0,1.000000,447.444444,1,633.437760,5.212000,,v0.4.0-fixed-lag
703046367,703046043,703046367,703046367,0.324000,0,0,0,0,1.000000,482.000000,1,632.259520,0.324000,,v0.4.0-fixed-lag
703654407,703654043,703654407,703654407,0.364000,0,0,0,0,1.000000,433.222222,1,632.259520,0.364000,,v0.4.0-fixed-lag
704307774,0,704307774,704307774,0.000000,1,1,1,0,1.000000,528.000000,1,632.259520,0.000000,waveform_inserted+timing_recovered,v0.4.0-fixed-lag
704970908,0,704970908,704970908,0.000000,1,1,1,0,1.000000,517.000000,1,632.259520,0.000000,waveform_inserted+timing_recovered,v0.4.0-fixed-lag
705673833,705670044,705673833,705673833,3.789000,0,0,0,0,1.000000,562.333333,1,633.437760,3.789000,,v0.4.0-fixed-lag
706364932,706366043,706364932,706364932,-1.111000,0,0,0,0,1.000000,532.111111,1,641.955840,1.111000,,v0.4.0-fixed-lag
707012487,707014043,707012487,707012487,-1.556000,0,0,0,0,1.000000,505.000000,1,646.092800,1.556000,,v0.4.0-fixed-lag
707792313,707790043,707792313,707792313,2.270000,0,0,0,0,1.000000,557.000000,1,664.177600,2.270000,,v0.4.0-fixed-lag
708508713,708510046,708508713,708508713,-1.333000,0,0,0,0,1.000000,507.777778,1,666.037440,1.333000,,v0.4.0-fixed-lag
709334586,709334045,709334586,709334586,0.541000,0,0,0,0,1.000000,594.000000,1,680.042880,0.541000,,v0.4.0-fixed-lag
710219599,710222043,710219599,710219599,-2.444000,0,0,0,0,1.000000,578.888889,1,694.431680,2.444000,,v0.4.0-fixed-lag
711138909,711142044,711138909,711138909,-3.135000,0,0,0,0,1.000000,572.666667,1,703.656000,3.135000,,v0.4.0-fixed-lag
712012045,712014045,712012045,712012045,-2.000000,0,0,0,0,1.000000,510.222222,1,718.848000,2.000000,,v0.4.0-fixed-lag
712820162,712822044,712820162,712820162,-1.882000,0,0,0,0,1.000000,515.222222,1,744.584320,1.882000,,v0.4.0-fixed-lag
713611255,713606043,713611255,713611255,5.212000,0,0,0,0,1.000000,512.555556,1,759.077440,5.212000,,v0.4.0-fixed-lag
714354279,714350043,714354279,714354279,4.236000,0,0,0,0,1.000000,482.333333,1,764.517440,4.236000,,v0.4.0-fixed-lag
715035740,715030043,715035740,715035740,5.697000,0,0,0,0,1.000000,454.666667,1,769.957440,5.697000,,v0.4.0-fixed-lag
715723643,715726043,715723643,715723643,-2.400000,0,0,0,0,1.000000,468.333333,1,769.957440,2.400000,,v0.4.0-fixed-lag
716424214,716422043,716424214,716424214,2.171000,0,0,0,0,1.000000,455.222222,1,775.397440,2.171000,,v0.4.0-fixed-lag
717082795,0,717082795,717082795,0.000000,1,1,1,0,1.000000,445.666667,1,769.949760,0.000000,waveform_inserted+timing_recovered,v0.4.0-fixed-lag
717791448,717790043,717791448,717791448,1.405000,0,0,0,0,1.000000,517.888889,1,760.007680,1.405000,,v0.4.0-fixed-lag
718520101,718518047,718520101,718520101,2.054000,0,0,0,0,1.000000,497.222222,1,749.008960,2.054000,,v0.4.0-fixed-lag
719299044,719294043,719299044,719299044,5.001000,0,0,0,0,1.000000,507.555556,1,749.008960,5.001000,,v0.4.0-fixed-lag
720052867,720054043,720052867,720052867,-1.176000,0,0,0,0,1.000000,453.000000,1,754.448960,1.176000,,v0.4.0-fixed-lag
720796543,720798043,720796543,720796543,-1.500000,0,0,0,0,1.000000,486.777778,1,749.008960,1.500000,,v0.4.0-fixed-lag
721562043,721558043,721562043,721562043,4.000000,0,0,0,0,1.000000,515.222222,1,738.128960,4.000000,,v0.4.0-fixed-lag
722322287,722318043,722322287,722322287,4.244000,0,0,0,0,1.000000,494.333333,1,744.528960,4.244000,,v0.4.0-fixed-lag
723058793,723054043,723058793,723058793,4.750000,0,0,0,0,1.000000,462.444444,1,738.456320,4.750000,,v0.4.0-fixed-lag
723783757,723782043,723783757,723783757,1.714000,0,0,0,0,1.000000,477.333333,1,738.456320,1.714000,,v0.4.0-fixed-lag
724525438,724526044,724525438,724525438,-0.606000,0,0,0,0,1.000000,507.555556,1,733.016320,0.606000,,v0.4.0-fixed-lag
725279987,725278044,725279987,725279987,1.943000,0,0,0,0,1.000000,502.000000,1,727.576320,1.943000,,v0.4.0-fixed-lag
726078614,726078043,726078614,726078614,0.571000,0,0,0,0,1.000000,509.333333,1,725.383360,0.571000,,v0.4.0-fixed-lag
726833293,726830043,726833293,726833293,3.250000,0,0,0,0,1.000000,455.666667,1,730.823360,3.250000,,v0.4.0-fixed-lag
727587543,727590043,727587543,727587543,-2.500000,0,0,0,0,1.000000,491.333333,1,736.495680,2.500000,,v0.4.0-fixed-lag
728294891,728294043,728294891,728294891,0.848000,0,0,0,0,1.000000,474.444444,1,747.375680,0.848000,,v0.4.0-fixed-lag
728951464,0,728951464,728951464,0.000000,1,1,1,0,1.000000,446.666667,1,747.280000,0.000000,waveform_inserted+timing_recovered,v0.4.0-fixed-lag
729578301,729574043,729578301,729578301,4.258000,0,0,0,0,1.000000,437.444444,1,748.697920,4.258000,,v0.4.0-fixed-lag
730195077,730190044,730195077,730195077,5.033000,0,0,0,0,1.000000,441.555556,1,759.577920,5.033000,,v0.4.0-fixed-lag
730810793,730814043,730810793,730810793,-3.250000,0,0,0,0,1.000000,432.000000,1,765.017920,3.250000,,v0.4.0-fixed-lag
731429793,0,731429793,731429793,0.000000,1,1,1,0,1.000000,450.666667,1,754.031360,0.000000,waveform_inserted+timing_recovered,v0.4.0-fixed-lag
732041337,732038043,732041337,732041337,3.294000,0,0,0,0,1.000000,467.000000,1,748.663360,3.294000,,v0.4.0-fixed-lag
732668855,732670044,732668855,732668855,-1.189000,0,0,0,0,1.000000,507.888889,1,808.000000,1.189000,,v0.4.0-fixed-lag
733394908,733398043,733394908,733394908,-3.135000,0,0,0,0,1.000000,585.555556,1,832.000000,3.135000,,v0.4.0-fixed-lag
734264780,734262043,734264780,734264780,2.737000,0,0,0,0,1.000000,630.000000,1,848.000000,2.737000,,v0.4.0-fixed-lag
735165196,735166044,735165196,735165196,-0.848000,0,0,0,0,1.000000,583.777778,1,856.000000,0.848000,,v0.4.0-fixed-lag
736132295,0,736132295,736132295,0.000000,1,1,1,0,1.000000,595.444444,1,872.000000,0.000000,waveform_inserted+timing_recovered,v0.4.0-fixed-lag
737108545,737110045,737108545,737108545,-1.500000,0,0,0,0,1.000000,575.333333,1,444.000000,1.500000,,v0.4.0-fixed-lag
738010793,738006043,738010793,738010793,4.750000,0,0,0,0,1.000000,515.111111,1,836.176960,4.750000,,v0.4.0-fixed-lag
738897294,738894044,738897294,738897294,3.250000,0,0,0,0,1.000000,544.111111,1,887.639040,3.250000,,v0.4.0-fixed-lag
739773044,739774044,739773044,739773044,-1.000000,0,0,0,0,1.000000,537.111111,1,892.960320,1.000000,,v0.4.0-fixed-lag
740677914,740678043,740677914,740677914,-0.129000,0,0,0,0,1.000000,523.555556,1,892.960320,0.129000,,v0.4.0-fixed-lag
741565797,741566047,741565797,741565797,-0.250000,0,0,0,0,1.000000,507.555556,1,897.413120,0.250000,,v0.4.0-fixed-lag
742491543,742486046,742491543,742491543,5.497000,0,0,0,0,1.000000,538.555556,1,897.413120,5.497000,,v0.4.0-fixed-lag
743411643,743406043,743411643,743411643,5.600000,0,0,0,0,1.000000,523.888889,1,897.999360,5.600000,,v0.4.0-fixed-lag
744299743,744302046,744299743,744299743,-2.303000,0,0,0,0,1.000000,500.111111,1,898.838400,2.303000,,v0.4.0-fixed-lag
745142688,745142043,745142688,745142688,0.645000,0,0,0,0,1.000000,491.333333,1,897.999360,0.645000,,v0.4.0-fixed-lag
746027543,746022044,746027543,746027543,5.499000,0,0,0,0,1.000000,520.444444,1,893.472000,5.499000,,v0.4.0-fixed-lag
746925046,746926046,746925046,746925046,-1.000000,0,0,0,0,1.000000,512.333333,1,893.402560,1.000000,,v0.4.0-fixed-lag
747784665,747782044,747784665,747784665,2.621000,0,0,0,0,1.000000,467.777778,1,888.032000,2.621000,,v0.4.0-fixed-lag
748638043,748638043,748638043,748638043,0.000000,0,0,0,0,1.000000,496.333333,1,882.592000,0.000000,,v0.4.0-fixed-lag
749514580,749510043,749514580,749514580,4.537000,0,0,0,0,1.000000,475.333333,1,877.082560,4.537000,,v0.4.0-fixed-lag
750421793,0,750421793,750421793,0.000000,1,1,1,0,1.000000,518.222222,1,876.113600,0.000000,waveform_inserted+timing_recovered,v0.4.0-fixed-lag
751286046,751310043,751286046,751286046,-23.997000,0,0,0,0,1.000000,469.555556,1,870.673600,23.997000,,v0.4.0-fixed-lag
752125472,0,752125472,752125472,0.000000,1,1,1,0,1.000000,480.666667,1,868.011840,0.000000,waveform_inserted+timing_recovered,v0.4.0-fixed-lag
752969527,752966043,752969527,752969527,3.484000,0,0,0,0,1.000000,483.333333,1,858.640960,3.484000,,v0.4.0-fixed-lag
753802332,753798043,753802332,753802332,4.289000,0,0,0,0,1.000000,461.777778,1,853.200960,4.289000,,v0.4.0-fixed-lag
754607111,754606044,754607111,754607111,1.067000,0,0,0,0,1.000000,465.333333,1,851.718080,1.067000,,v0.4.0-fixed-lag
755462311,755462044,755462311,755462311,0.267000,0,0,0,0,1.000000,496.222222,1,844.280960,0.267000,,v0.4.0-fixed-lag
756294735,756294045,756294735,756294735,0.690000,0,0,0,0,1.000000,485.444444,1,844.280960,0.690000,,v0.4.0-fixed-lag
757087377,757086044,757087377,757087377,1.333000,0,0,0,0,1.000000,446.777778,1,841.297600,1.333000,,v0.4.0-fixed-lag
757821895,757822043,757821895,757821895,-0.148000,0,0,0,0,1.000000,453.777778,1,845.256320,0.148000,,v0.4.0-fixed-lag
758587524,758582043,758587524,758587524,5.481000,0,0,0,0,1.000000,488.000000,1,843.137600,5.481000,,v0.4.0-fixed-lag
759400664,759398043,759400664,759400664,2.621000,0,0,0,0,1.000000,499.666667,1,837.575680,2.621000,,v0.4.0-fixed-lag
760221247,760222047,760221247,760221247,-0.800000,0,0,0,0,1.000000,486.888889,1,831.404800,0.800000,,v0.4.0-fixed-lag
761026046,761022046,761026046,761026046,4.000000,0,0,0,0,1.000000,486.555556,1,825.964800,4.000000,,v0.4.0-fixed-lag
761857269,761854043,761857269,761857269,3.226000,0,0,0,0,1.000000,507.777778,1,823.295680,3.226000,,v0.4.0-fixed-lag
762731794,762734044,762731794,762731794,-2.250000,0,0,0,0,1.000000,532.111111,1,820.524800,2.250000,,v0.4.0-fixed-lag
763614043,763614043,763614043,763614043,0.000000,0,0,0,0,1.000000,498.111111,1,820.524800,0.000000,,v0.4.0-fixed-lag
764499850,764502044,764499850,764499850,-2.194000,0,0,0,0,1.000000,521.444444,1,820.524800,2.194000,,v0.4.0-fixed-lag
765373437,765374043,765373437,765373437,-0.606000,0,0,0,0,1.000000,514.555556,1,822.906560,0.606000,,v0.4.0-fixed-lag
766186595,766182044,766186595,766186595,4.551000,0,0,0,0,1.000000,458.777778,1,826.311360,4.551000,,v0.4.0-fixed-lag
766966843,766966043,766966843,766966843,0.800000,0,0,0,0,1.000000,479.777778,1,826.311360,0.800000,,v0.4.0-fixed-lag
767768832,767766044,767768832,767768832,2.788000,0,0,0,0,1.000000,507.333333,1,831.751360,2.788000,,v0.4.0-fixed-lag
768563544,768566044,768563544,768563544,-2.500000,0,0,0,0,1.000000,497.333333,1,831.751360,2.500000,,v0.4.0-fixed-lag
769331376,769334043,769331376,769331376,-2.667000,0,0,0,0,1.000000,465.555556,1,837.191360,2.667000,,v0.4.0-fixed-lag
770073787,770070045,770073787,770073787,3.742000,0,0,0,0,1.000000,479.666667,1,836.850560,3.742000,,v0.4.0-fixed-lag
770883075,770878043,770883075,770883075,5.032000,0,0,0,0,1.000000,548.777778,1,833.276480,5.032000,,v0.4.0-fixed-lag
771717437,771718043,771717437,771717437,-0.606000,0,0,0,0,1.000000,547.555556,1,833.276480,0.606000,,v0.4.0-fixed-lag
772563793,772566043,772563793,772563793,-2.250000,0,0,0,0,1.000000,518.111111,1,833.276480,2.250000,,v0.4.0-fixed-lag
773456592,773454047,773456592,773456592,2.545000,0,0,0,0,1.000000,549.333333,1,833.276480,2.545000,,v0.4.0-fixed-lag
774398407,774350046,774398407,774398407,48.361000,0,0,0,0,1.000000,549.333333,1,827.836480,48.361000,,v0.4.0-fixed-lag
775268978,775270045,775268978,775268978,-1.067000,0,0,0,0,1.000000,485.444444,1,830.172160,1.067000,,v0.4.0-fixed-lag
776149811,776150046,776149811,776149811,-0.235000,0,0,0,0,1.000000,538.333333,1,832.755840,0.235000,,v0.4.0-fixed-lag
777027498,777030043,777027498,777027498,-2.545000,0,0,0,0,1.000000,525.333333,1,836.593920,2.545000,,v0.4.0-fixed-lag
777868625,777870044,777868625,777868625,-1.419000,0,0,0,0,1.000000,485.444444,1,844.342720,1.419000,,v0.4.0-fixed-lag
778667376,778670043,778667376,778667376,-2.667000,0,0,0,0,1.000000,480.555556,1,849.782720,2.667000,,v0.4.0-fixed-lag
779491984,779494045,779491984,779491984,-2.061000,0,0,0,0,1.000000,530.444444,1,849.782720,2.061000,,v0.4.0-fixed-lag
780315075,780310043,780315075,780315075,5.032000,0,0,0,0,1.000000,516.777778,1,849.782720,5.032000,,v0.4.0-fixed-lag
781138046,781134046,781138046,781138046,4.000000,0,0,0,0,1.000000,504.000000,1,855.222720,4.000000,,v0.4.0-fixed-lag
781924526,781926043,781924526,781924526,-1.517000,0,0,0,0,1.000000,481.777778,1,845.800640,1.517000,,v0.4.0-fixed-lag
782729558,782726043,782729558,782729558,3.515000,0,0,0,0,1.000000,526.000000,1,840.514560,3.515000,,v0.4.0-fixed-lag
783572543,783574043,783572543,783572543,-1.500000,0,0,0,0,1.000000,524.777778,1,840.029120,1.500000,,v0.4.0-fixed-lag
784425804,784422046,784425804,784425804,3.758000,0,0,0,0,1.000000,509.666667,1,840.029120,3.758000,,v0.4.0-fixed-lag
785257528,785254044,785257528,785257528,3.484000,0,0,0,0,1.000000,484.777778,1,840.029120,3.484000,,v0.4.0-fixed-lag
786114847,786110043,786114847,786114847,4.804000,0,0,0,0,1.000000,514.888889,1,834.589120,4.804000,,v0.4.0-fixed-lag
786988043,786990043,786988043,786988043,-2.000000,0,0,0,0,1.000000,514.555556,1,835.074560,2.000000,,v0.4.0-fixed-lag
787847465,787846046,787847465,787847465,1.419000,0,0,0,0,1.000000,493.555556,1,831.911680,1.419000,,v0.4.0-fixed-lag
788659699,788654046,788659699,788659699,5.653000,0,0,0,0,1.000000,460.000000,1,835.515200,5.653000,,v0.4.0-fixed-lag
789495293,789494043,789495293,789495293,1.250000,0,0,0,0,1.000000,507.555556,1,835.515200,1.250000,,v0.4.0-fixed-lag
790337801,790334043,790337801,790337801,3.758000,0,0,0,0,1.000000,507.444444,1,840.955200,3.758000,,v0.4.0-fixed-lag
791186285,791182043,791186285,791186285,4.242000,0,0,0,0,1.000000,500.444444,1,840.955200,4.242000,,v0.4.0-fixed-lag
791999376,791998043,791999376,791999376,1.333000,0,0,0,0,1.000000,452.777778,1,842.714880,1.333000,,v0.4.0-fixed-lag
792804467,792806043,792804467,792804467,-1.576000,0,0,0,0,1.000000,487.444444,1,840.802560,1.576000,,v0.4.0-fixed-lag
793631010,793630044,793631010,793631010,0.966000,0,0,0,0,1.000000,501.888889,1,840.802560,0.966000,,v0.4.0-fixed-lag
794473543,794470043,794473543,794473543,3.500000,0,0,0,0,1.000000,493.111111,1,838.590080,3.500000,,v0.4.0-fixed-lag
795300710,795302043,795300710,795300710,-1.333000,0,0,0,0,1.000000,435.777778,1,838.590080,1.333000,,v0.4.0-fixed-lag
796160713,796158046,796160713,796160713,2.667000,0,0,0,0,1.000000,510.333333,1,835.893440,2.667000,,v0.4.0-fixed-lag
797030576,797030043,797030576,797030576,0.533000,0,0,0,0,1.000000,478.888889,1,838.590080,0.533000,,v0.4.0-fixed-lag
797869121,797870044,797869121,797869121,-0.923000,0,0,0,0,1.000000,450.333333,1,840.802560,0.923000,,v0.4.0-fixed-lag
798695284,798694043,798695284,798695284,1.241000,0,0,0,0,1.000000,477.000000,1,834.094400,1.241000,,v0.4.0-fixed-lag
799541656,799542043,799541656,799541656,-0.387000,0,0,0,0,1.000000,499.111111,1,830.453440,0.387000,,v0.4.0-fixed-lag
800394044,800390044,800394044,800394044,4.000000,0,0,0,0,1.000000,488.222222,1,828.654400,4.000000,,v0.4.0-fixed-lag
801243274,801238043,801243274,801243274,5.231000,0,0,0,0,1.000000,463.555556,1,829.930560,5.231000,,v0.4.0-fixed-lag
802055969,802054043,802055969,802055969,1.926000,0,0,0,0,1.000000,459.222222,1,825.719040,1.926000,,v0.4.0-fixed-lag
802871379,802870046,802871379,802871379,1.333000,0,0,0,0,1.000000,485.777778,1,825.719040,1.333000,,v0.4.0-fixed-lag
803688859,0,803688859,803688859,0.000000,1,1,1,0,1.000000,479.222222,1,825.719040,0.000000,waveform_inserted+timing_recovered,v0.4.0-fixed-lag
804485302,0,804485302,804485302,0.000000,1,1,1,0,1.000000,443.888889,1,817.774400,0.000000,waveform_inserted+timing_recovered,v0.4.0-fixed-lag
805273748,0,805273748,805273748,0.000000,1,1,1,0,1.000000,475.111111,1,813.812160,0.000000,waveform_inserted+timing_recovered,v0.4.0-fixed-lag
806083976,0,806083976,806083976,0.000000,1,1,1,0,1.000000,503.888889,1,805.593600,0.000000,waveform_inserted+timing_recovered,v0.4.0-fixed-lag
806858683,0,806858683,806858683,0.000000,1,1,1,0,1.000000,459.666667,1,804.931200,0.000000,waveform_inserted+timing_recovered,v0.4.0-fixed-lag
807604900,807606043,807604900,807604900,-1.143000,0,0,0,0,1.000000,469.333333,1,798.622400,1.143000,,v0.4.0-fixed-lag
808282043,808278043,808282043,808282043,4.000000,0,0,0,0,1.000000,438.888889,1,797.832960,4.000000,,v0.4.0-fixed-lag
808982457,808982043,808982457,808982457,0.414000,0,0,0,0,1.000000,460.000000,1,793.421760,0.414000,,v0.4.0-fixed-lag
809669474,809670045,809669474,809669474,-0.571000,0,0,0,0,1.000000,420.222222,1,790.862720,0.571000,,v0.4.0-fixed-lag
810354577,810350043,810354577,810354577,4.534000,0,0,0,0,1.000000,478.111111,1,786.466240,4.534000,,v0.4.0-fixed-lag
811070947,811070044,811070947,811070947,0.903000,0,0,0,0,1.000000,500.666667,1,777.349440,0.903000,,v0.4.0-fixed-lag
811855793,811854043,811855793,811855793,1.750000,0,0,0,0,1.000000,524.444444,1,767.798400,1.750000,,v0.4.0-fixed-lag
812666301,812662045,812666301,812666301,4.256000,0,0,0,0,1.000000,515.777778,1,767.798400,4.256000,,v0.4.0-fixed-lag
813452882,813454043,813452882,813452882,-1.161000,0,0,0,0,1.000000,481.666667,1,767.798400,1.161000,,v0.4.0-fixed-lag
814231862,814230044,814231862,814231862,1.818000,0,0,0,0,1.000000,493.333333,1,767.798400,1.818000,,v0.4.0-fixed-lag
815030172,815030043,815030172,815030172,0.129000,0,0,0,0,1.000000,506.444444,1,767.798400,0.129000,,v0.4.0-fixed-lag
815837244,815838044,815837244,815837244,-0.800000,0,0,0,0,1.000000,489.888889,1,787.833600,0.800000,,v0.4.0-fixed-lag
816644446,816646046,816644446,816644446,-1.600000,0,0,0,0,1.000000,473.222222,1,795.150720,1.600000,,v0.4.0-fixed-lag
817437510,817438043,817437510,817437510,-0.533000,0,0,0,0,1.000000,478.222222,1,795.705920,0.533000,,v0.4.0-fixed-lag
818270174,818270045,818270174,818270174,0.129000,0,0,0,0,1.000000,508.888889,1,797.780480,0.129000,,v0.4.0-fixed-lag
819122820,819118045,819122820,819122820,4.775000,0,0,0,0,1.000000,509.222222,1,804.899200,4.775000,,v0.4.0-fixed-lag
819987849,819990043,819987849,819987849,-2.194000,0,0,0,0,1.000000,499.000000,1,807.703040,2.194000,,v0.4.0-fixed-lag
820811110,820806043,820811110,820811110,5.067000,0,0,0,0,1.000000,461.333333,1,813.143040,5.067000,,v0.4.0-fixed-lag
821645905,821646043,821645905,821645905,-0.138000,0,0,0,0,1.000000,496.555556,1,813.184640,0.138000,,v0.4.0-fixed-lag
822497243,822494043,822497243,822497243,3.200000,0,0,0,0,1.000000,507.333333,1,818.323520,3.200000,,v0.4.0-fixed-lag
823352496,823350044,823352496,823352496,2.452000,0,0,0,0,1.000000,497.000000,1,821.332480,2.452000,,v0.4.0-fixed-lag
824164445,824166045,824164445,824164445,-1.600000,0,0,0,0,1.000000,458.000000,1,822.014400,1.600000,,v0.4.0-fixed-lag
824972293,824974043,824972293,824972293,-1.750000,0,0,0,0,1.000000,497.333333,1,822.014400,1.750000,,v0.4.0-fixed-lag
825814545,825814045,825814545,825814545,0.500000,0,0,0,0,1.000000,510.333333,1,822.014400,0.500000,,v0.4.0-fixed-lag
826665546,826662046,826665546,826665546,3.500000,0,0,0,0,1.000000,506.666667,1,824.400640,3.500000,,v0.4.0-fixed-lag
827475761,827470044,827475761,827475761,5.717000,0,0,0,0,1.000000,462.666667,1,818.960640,5.717000,,v0.4.0-fixed-lag
828282576,828278045,828282576,828282576,4.531000,0,0,0,0,1.000000,496.222222,1,816.574400,4.531000,,v0.4.0-fixed-lag
829081014,829078046,829081014,829081014,2.968000,0,0,0,0,1.000000,502.333333,1,822.014400,2.968000,,v0.4.0-fixed-lag
829864710,829862043,829864710,829864710,2.667000,0,0,0,0,1.000000,475.000000,1,814.703680,2.667000,,v0.4.0-fixed-lag
830600446,830598046,830600446,830600446,2.400000,0,0,0,0,1.000000,463.000000,1,808.708800,2.400000,,v0.4.0-fixed-lag
831362319,831366043,831362319,831362319,-3.724000,0,0,0,0,1.000000,512.777778,1,807.951360,3.724000,,v0.4.0-fixed-lag
832129011,832126043,832129011,832129011,2.968000,0,0,0,0,1.000000,510.444444,1,807.620800,2.968000,,v0.4.0-fixed-lag
832910172,832910043,832910172,832910172,0.129000,0,0,0,0,1.000000,497.111111,1,804.940160,0.129000,,v0.4.0-fixed-lag
833649269,833646043,833649269,833649269,3.226000,0,0,0,0,1.000000,464.111111,1,794.782720,3.226000,,v0.4.0-fixed-lag
834406410,834406046,834406410,834406410,0.364000,0,0,0,0,1.000000,535.000000,1,793.971520,0.364000,,v0.4.0-fixed-lag
835200396,835198043,835200396,835200396,2.353000,0,0,0,0,1.000000,564.111111,1,789.341440,2.353000,,v0.4.0-fixed-lag
836046891,836046043,836046891,836046891,0.848000,0,0,0,0,1.000000,581.444444,1,783.901440,0.848000,,v0.4.0-fixed-lag
836879720,836878043,836879720,836879720,1.677000,0,0,0,0,1.000000,516.666667,1,783.901440,1.677000,,v0.4.0-fixed-lag
837687376,837686043,837687376,837687376,1.333000,0,0,0,0,1.000000,523.555556,1,778.461440,1.333000,,v0.4.0-fixed-lag
838517102,838518043,838517102,838517102,-0.941000,0,0,0,0,1.000000,545.333333,1,783.091520,0.941000,,v0.4.0-fixed-lag
839332293,839334043,839332293,839332293,-1.750000,0,0,0,0,1.000000,511.333333,1,787.195520,1.750000,,v0.4.0-fixed-lag
840103862,840102044,840103862,840103862,1.818000,0,0,0,0,1.000000,492.333333,1,791.569920,1.818000,,v0.4.0-fixed-lag
840888868,840886044,840888868,840888868,2.824000,0,0,0,0,1.000000,515.222222,1,791.569920,2.824000,,v0.4.0-fixed-lag
841638293,841638043,841638293,841638293,0.250000,0,0,0,0,1.000000,480.444444,1,791.569920,0.250000,,v0.4.0-fixed-lag
842340624,842342043,842340624,842340624,-1.419000,0,0,0,0,1.000000,461.444444,1,791.569920,1.419000,,v0.4.0-fixed-lag
843059982,843062043,843059982,843059982,-2.061000,0,0,0,0,1.000000,512.222222,1,791.569920,2.061000,,v0.4.0-fixed-lag
843800932,843798043,843800932,843800932,2.889000,0,0,0,0,1.000000,517.000000,1,784.321920,2.889000,,v0.4.0-fixed-lag
844574514,844574043,844574514,844574514,0.471000,0,0,0,0,1.000000,514.444444,1,780.022080,0.471000,,v0.4.0-fixed-lag
845338562,845334043,845338562,845338562,4.519000,0,0,0,0,1.000000,474.555556,1,780.022080,4.519000,,v0.4.0-fixed-lag
846089043,846086043,846089043,846089043,3.000000,0,0,0,0,1.000000,476.777778,1,777.615360,3.000000,,v0.4.0-fixed-lag
846887378,846886045,846887378,846887378,1.333000,0,0,0,0,1.000000,521.111111,1,778.713920,1.333000,,v0.4.0-fixed-lag
847695620,847694044,847695620,847695620,1.576000,0,0,0,0,1.000000,508.000000,1,773.273920,1.576000,,v0.4.0-fixed-lag
848472495,848470043,848472495,848472495,2.452000,0,0,0,0,1.000000,470.333333,1,773.273920,2.452000,,v0.4.0-fixed-lag
849249317,849246044,849249317,849249317,3.273000,0,0,0,0,1.000000,491.111111,1,777.615360,3.273000,,v0.4.0-fixed-lag
850028633,850030045,850028633,850028633,-1.412000,0,0,0,0,1.000000,496.555556,1,775.226240,1.412000,,v0.4.0-fixed-lag
850812469,850814045,850812469,850812469,-1.576000,0,0,0,0,1.000000,489.777778,1,776.263040,1.576000,,v0.4.0-fixed-lag
851544237,851542043,851544237,851544237,2.194000,0,0,0,0,1.000000,446.888889,1,776.280000,2.194000,,v0.4.0-fixed-lag
852303207,852302046,852303207,852303207,1.161000,0,0,0,0,1.000000,493.111111,1,776.280000,1.161000,,v0.4.0-fixed-lag
853122046,0,853122046,853122046,0.000000,1,1,1,0,1.000000,520.777778,1,781.720000,0.000000,waveform_inserted+timing_recovered,v0.4.0-fixed-lag
853953543,853950043,853953543,853953543,3.500000,0,0,0,0,1.000000,519.666667,1,782.501120,3.500000,,v0.4.0-fixed-lag
854761785,854758043,854761785,854761785,3.742000,0,0,0,0,1.000000,476.666667,1,782.501120,3.742000,,v0.4.0-fixed-lag
855537269,855534043,855537269,855537269,3.226000,0,0,0,0,1.000000,482.222222,1,782.501120,3.226000,,v0.4.0-fixed-lag
856318043,856318043,856318043,856318043,0.000000,0,0,0,0,1.000000,508.888889,1,787.941120,0.000000,,v0.4.0-fixed-lag
857106843,857102046,857106843,857106843,4.797000,0,0,0,0,1.000000,498.222222,1,788.407680,4.797000,,v0.4.0-fixed-lag
857894043,0,857894043,857894043,0.000000,1,1,1,0,1.000000,471.888889,1,789.387520,0.000000,waveform_inserted+timing_recovered,v0.4.0-fixed-lag
858667910,0,858667910,858667910,0.000000,1,1,1,0,1.000000,484.888889,1,790.464000,0.000000,waveform_inserted+timing_recovered,v0.4.0-fixed-lag
859486894,859486046,859486894,859486894,0.848000,0,0,0,0,1.000000,528.000000,1,790.464000,0.848000,,v0.4.0-fixed-lag
860293293,860294043,860293293,860293293,-0.750000,0,0,0,0,1.000000,492.111111,1,790.976000,0.750000,,v0.4.0-fixed-lag
861063645,0,861063645,861063645,0.000000,1,1,1,0,1.000000,453.444444,1,790.976000,0.000000,waveform_inserted+timing_recovered,v0.4.0-fixed-lag
861824976,0,861824976,861824976,0.000000,1,1,1,0,1.000000,476.444444,1,790.464000,0.000000,waveform_inserted+timing_recovered,v0.4.0-fixed-lag
862610576,0,862610576,862610576,0.000000,1,1,1,0,1.000000,504.333333,1,788.407680,0.000000,waveform_inserted+timing_recovered,v0.4.0-fixed-lag
863433801,863438043,863433801,863433801,-4.242000,0,0,0,0,1.000000,504.444444,1,795.392000,4.242000,,v0.4.0-fixed-lag
864250817,864254043,864250817,864250817,-3.226000,0,0,0,0,1.000000,465.111111,1,790.464000,3.226000,,v0.4.0-fixed-lag
865040296,865038046,865040296,865040296,2.250000,0,0,0,0,1.000000,480.333333,1,790.464000,2.250000,,v0.4.0-fixed-lag
865860886,865862047,865860886,865860886,-1.161000,0,0,0,0,1.000000,500.666667,1,791.193280,1.161000,,v0.4.0-fixed-lag
866694164,866694043,866694164,866694164,0.121000,0,0,0,0,1.000000,498.444444,1,796.607680,0.121000,,v0.4.0-fixed-lag
867479204,867478043,867479204,867479204,1.161000,0,0,0,0,1.000000,454.222222,1,796.607680,1.161000,,v0.4.0-fixed-lag
868241244,868238044,868241244,868241244,3.200000,0,0,0,0,1.000000,470.777778,1,791.193280,3.200000,,v0.4.0-fixed-lag
869023836,869022043,869023836,869023836,1.793000,0,0,0,0,1.000000,487.777778,1,791.193280,1.793000,,v0.4.0-fixed-lag
869806543,869806043,869806543,869806543,0.500000,0,0,0,0,1.000000,481.333333,1,791.193280,0.500000,,v0.4.0-fixed-lag
870565353,0,870565353,870565353,0.000000,1,1,1,0,1.000000,451.777778,1,791.193280,0.000000,waveform_inserted+timing_recovered,v0.4.0-fixed-lag
871347543,871350043,871347543,871347543,-2.500000,0,0,0,0,1.000000,494.333333,1,789.772800,2.500000,,v0.4.0-fixed-lag
872155377,0,872155377,872155377,0.000000,1,1,1,0,1.000000,502.000000,1,789.026240,0.000000,waveform_inserted+timing_recovered,v0.4.0-fixed-lag
872967284,872950043,872967284,872967284,17.241000,0,0,0,0,1.000000,490.777778,1,789.026240,17.241000,,v0.4.0-fixed-lag
873734043,0,873734043,873734043,0.000000,1,1,1,0,1.000000,462.555556,1,789.026240,0.000000,waveform_inserted+timing_recovered,v0.4.0-fixed-lag
874535378,874534045,874535378,874535378,1.333000,0,0,0,0,1.000000,501.555556,1,788.989440,1.333000,,v0.4.0-fixed-lag
875367643,875342043,875367643,875367643,25.600000,0,0,0,0,1.000000,506.777778,1,788.989440,25.600000,,v0.4.0-fixed-lag
876160329,0,876160329,876160329,0.000000,1,1,1,0,1.000000,463.555556,1,789.026240,0.000000,waveform_inserted+timing_recovered,v0.4.0-fixed-lag
876922871,876918043,876922871,876922871,4.828000,0,0,0,0,1.000000,470.777778,1,792.219520,4.828000,,v0.4.0-fixed-lag
877714874,0,877714874,877714874,0.000000,1,1,1,0,1.000000,499.777778,1,786.779520,0.000000,waveform_inserted+timing_recovered,v0.4.0-fixed-lag
878510733,878510043,878510733,878510733,0.690000,0,0,0,0,1.000000,490.000000,1,786.779520,0.690000,,v0.4.0-fixed-lag
879278045,879278045,879278045,879278045,0.000000,0,0,0,0,1.000000,463.111111,1,787.794880,0.000000,,v0.4.0-fixed-lag
880006181,880006043,880006181,880006181,0.138000,0,0,0,0,1.000000,448.444444,1,786.779520,0.138000,,v0.4.0-fixed-lag
880765398,880766043,880765398,880765398,-0.645000,0,0,0,0,1.000000,496.777778,1,781.120960,0.645000,,v0.4.0-fixed-lag
881554304,881550043,881554304,881554304,4.261000,0,0,0,0,1.000000,506.333333,1,781.120960,4.261000,,v0.4.0-fixed-lag
882365398,882366043,882365398,882365398,-0.645000,0,0,0,0,1.000000,491.888889,1,780.129920,0.645000,,v0.4.0-fixed-lag
883165914,883166043,883165914,883165914,-0.129000,0,0,0,0,1.000000,488.555556,1,774.689920,0.129000,,v0.4.0-fixed-lag
883901776,883902043,883901776,883901776,-0.267000,0,0,0,0,1.000000,460.777778,1,774.689920,0.267000,,v0.4.0-fixed-lag
884639690,884638043,884639690,884639690,1.647000,0,0,0,0,1.000000,517.444444,1,774.689920,1.647000,,v0.4.0-fixed-lag
885362559,885358043,885362559,885362559,4.516000,0,0,0,0,1.000000,512.777778,1,767.779840,4.516000,,v0.4.0-fixed-lag
886159720,886158043,886159720,886159720,1.677000,0,0,0,0,1.000000,528.888889,1,770.629440,1.677000,,v0.4.0-fixed-lag
886882331,886878043,886882331,886882331,4.288000,0,0,0,0,1.000000,476.888889,1,765.189440,4.288000,,v0.4.0-fixed-lag
887588400,887590047,887588400,887588400,-1.647000,0,0,0,0,1.000000,511.333333,1,765.189440,1.647000,,v0.4.0-fixed-lag
888330046,888326046,888330046,888330046,4.000000,0,0,0,0,1.000000,509.777778,1,758.372480,4.000000,,v0.4.0-fixed-lag
889076043,889070043,889076043,889076043,6.000000,0,0,0,0,1.000000,482.777778,1,763.812480,6.000000,,v0.4.0-fixed-lag
889787110,889782043,889787110,889787110,5.067000,0,0,0,0,1.000000,464.666667,1,758.372480,5.067000,,v0.4.0-fixed-lag
890513801,890510043,890513801,890513801,3.758000,0,0,0,0,1.000000,483.000000,1,757.715840,3.758000,,v0.4.0-fixed-lag
891296793,891294043,891296793,891296793,2.750000,0,0,0,0,1.000000,507.222222,1,760.221120,2.750000,,v0.4.0-fixed-lag
892137543,892134043,892137543,892137543,3.500000,0,0,0,0,1.000000,509.777778,1,760.221120,3.500000,,v0.4.0-fixed-lag
892988624,892990043,892988624,892988624,-1.419000,0,0,0,0,1.000000,476.555556,1,765.006720,1.419000,,v0.4.0-fixed-lag
893793186,893790043,893793186,893793186,3.143000,0,0,0,0,1.000000,456.444444,1,759.566720,3.143000,,v0.4.0-fixed-lag
894581794,894582044,894581794,894581794,-0.250000,0,0,0,0,1.000000,485.222222,1,760.959040,0.250000,,v0.4.0-fixed-lag
895380976,895382043,895380976,895380976,-1.067000,0,0,0,0,1.000000,500.555556,1,778.237440,1.067000,,v0.4.0-fixed-lag
896181142,896182045,896181142,896181142,-0.903000,0,0,0,0,1.000000,494.666667,1,780.034560,0.903000,,v0.4.0-fixed-lag
896953513,896950046,896953513,896953513,3.467000,0,0,0,0,1.000000,461.222222,1,783.418240,3.467000,,v0.4.0-fixed-lag
897736495,897734043,897736495,897736495,2.452000,0,0,0,0,1.000000,494.444444,1,788.858240,2.452000,,v0.4.0-fixed-lag
898530043,898526043,898530043,898530043,4.000000,0,0,0,0,1.000000,500.444444,1,788.858240,4.000000,,v0.4.0-fixed-lag
899318546,899318046,899318546,899318546,0.500000,0,0,0,0,1.000000,492.333333,1,794.298240,0.500000,,v0.4.0-fixed-lag
900071284,900070043,900071284,900071284,1.241000,0,0,0,0,1.000000,455.666667,1,792.495360,1.241000,,v0.4.0-fixed-lag
900825793,0,900825793,900825793,0.000000,1,1,1,0,1.000000,486.555556,1,796.354560,0.000000,waveform_inserted+timing_recovered,v0.4.0-fixed-lag
901626301,901630043,901626301,901626301,-3.742000,0,0,0,0,1.000000,515.666667,1,796.320960,3.742000,,v0.4.0-fixed-lag
902422579,0,902422579,902422579,0.000000,1,1,1,0,1.000000,520.888889,1,796.320960,0.000000,waveform_inserted+timing_recovered,v0.4.0-fixed-lag
903200497,0,903200497,903200497,0.000000,1,1,1,0,1.000000,489.444444,1,796.320960,0.000000,waveform_inserted+timing_recovered,v0.4.0-fixed-lag
903977543,903966047,903977543,903977543,11.496000,0,0,0,0,1.000000,501.666667,1,794.554240,11.496000,,v0.4.0-fixed-lag
904811044,904814044,904811044,904811044,-3.000000,0,0,0,0,1.000000,535.111111,1,789.114240,3.000000,,v0.4.0-fixed-lag
905654688,905654043,905654688,905654688,0.645000,0,0,0,0,1.000000,523.222222,1,790.880960,0.645000,,v0.4.0-fixed-lag
906470543,906470043,906470543,906470543,0.500000,0,0,0,0,1.000000,492.333333,1,785.440960,0.500000,,v0.4.0-fixed-lag
907294796,907294046,907294796,907294796,0.750000,0,0,0,0,1.000000,516.777778,1,787.928960,0.750000,,v0.4.0-fixed-lag
908119043,908118043,908119043,908119043,1.000000,0,0,0,0,1.000000,517.333333,1,789.282560,1.000000,,v0.4.0-fixed-lag
908908043,908910043,908908043,908908043,-2.000000,0,0,0,0,1.000000,478.333333,1,794.193600,2.000000,,v0.4.0-fixed-lag
909677398,909678043,909677398,909677398,-0.645000,0,0,0,0,1.000000,485.000000,1,788.753600,0.645000,,v0.4.0-fixed-lag
910454843,910454043,910454843,910454843,0.800000,0,0,0,0,1.000000,499.666667,1,788.753600,0.800000,,v0.4.0-fixed-lag
911202846,911198043,911202846,911202846,4.803000,0,0,0,0,1.000000,467.666667,1,788.753600,4.803000,,v0.4.0-fixed-lag
911938310,0,911938310,911938310,0.000000,1,1,1,0,1.000000,477.333333,1,783.313600,0.000000,waveform_inserted+timing_recovered,v0.4.0-fixed-lag
912685679,912342043,912685679,912685679,343.636000,0,0,1,0,1.000000,495.222222,1,774.720000,343.636000,timing_recovered,v0.4.0-fixed-lag
913417527,913414043,913417527,913417527,3.484000,0,0,0,0,1.000000,475.555556,1,771.022400,3.484000,,v0.4.0-fixed-lag
914130043,914126043,914130043,914130043,4.000000,0,0,0,0,1.000000,461.777778,1,762.993600,4.000000,,v0.4.0-fixed-lag
914868631,914870043,914868631,914868631,-1.412000,0,0,0,0,1.000000,514.444444,1,756.160960,1.412000,,v0.4.0-fixed-lag
915603333,915606043,915603333,915603333,-2.710000,0,0,0,0,1.000000,462.444444,1,750.518080,2.710000,,v0.4.0-fixed-lag
916340446,916342046,916340446,916340446,-1.600000,0,0,0,0,1.000000,490.888889,1,742.268160,1.600000,,v0.4.0-fixed-lag
917104161,917102043,917104161,917104161,2.118000,0,0,0,0,1.000000,500.333333,1,736.356160,2.118000,,v0.4.0-fixed-lag
917830949,917830046,917830949,917830949,0.903000,0,0,0,0,1.000000,479.444444,1,736.356160,0.903000,,v0.4.0-fixed-lag
918506984,918510043,918506984,918506984,-3.059000,0,0,0,0,1.000000,452.666667,1,735.828480,3.059000,,v0.4.0-fixed-lag
919182044,919182044,919182044,919182044,0.000000,0,0,0,0,1.000000,449.111111,1,735.584640,0.000000,,v0.4.0-fixed-lag
919830166,0,919830166,919830166,0.000000,1,1,1,0,1.000000,423.888889,1,734.671360,0.000000,waveform_inserted+timing_recovered,v0.4.0-fixed-lag
920482843,920478046,920482843,920482843,4.797000,0,0,0,0,1.000000,456.444444,1,733.052160,4.797000,,v0.4.0-fixed-lag
921169543,921166043,921169543,921169543,3.500000,0,0,0,0,1.000000,496.333333,1,733.052160,3.500000,,v0.4.0-fixed-lag
921870293,921870043,921870293,921870293,0.250000,0,0,0,0,1.000000,483.111111,1,720.224000,0.250000,,v0.4.0-fixed-lag
922588543,922590043,922588543,922588543,-1.500000,0,0,0,0,1.000000,486.000000,1,720.224000,1.500000,,v0.4.0-fixed-lag
923283296,923286046,923283296,923283296,-2.750000,0,0,0,0,1.000000,451.000000,1,720.224000,2.750000,,v0.4.0-fixed-lag
923980225,923982043,923980225,923980225,-1.818000,0,0,0,0,1.000000,483.000000,1,720.224000,1.818000,,v0.4.0-fixed-lag
924720753,924718043,924720753,924720753,2.710000,0,0,0,0,1.000000,506.666667,1,720.224000,2.710000,,v0.4.0-fixed-lag
925518044,925518044,925518044,925518044,0.000000,0,0,0,0,1.000000,505.333333,1,722.800960,0.000000,,v0.4.0-fixed-lag
926336867,926334043,926336867,926336867,2.824000,0,0,0,0,1.000000,486.000000,1,723.497280,2.824000,,v0.4.0-fixed-lag
927148976,927150043,927148976,927148976,-1.067000,0,0,0,0,1.000000,468.888889,1,719.280000,1.067000,,v0.4.0-fixed-lag
927931110,927934043,927931110,927931110,-2.933000,0,0,0,0,1.000000,461.000000,1,719.440000,2.933000,,v0.4.0-fixed-lag
928712495,928710043,928712495,928712495,2.452000,0,0,0,0,1.000000,476.111111,1,721.128960,2.452000,,v0.4.0-fixed-lag
929508108,929510043,929508108,929508108,-1.935000,0,0,0,0,1.000000,488.111111,1,734.203200,1.935000,,v0.4.0-fixed-lag
930305527,930302043,930305527,930305527,3.484000,0,0,0,0,1.000000,485.333333,1,734.442880,3.484000,,v0.4.0-fixed-lag
931029008,0,931029008,931029008,0.000000,1,1,1,0,1.000000,395.555556,1,738.756160,0.000000,waveform_inserted+timing_recovered,v0.4.0-fixed-lag
931705043,931702043,931705043,931705043,3.000000,0,0,0,0,1.000000,356.000000,1,738.756160,3.000000,,v0.4.0-fixed-lag
932338046,932334043,932338046,932338046,4.003000,0,0,0,0,1.000000,324.111111,1,744.196160,4.003000,,v0.4.0-fixed-lag
932960329,932958043,932960329,932960329,2.286000,0,0,0,0,1.000000,446.555556,1,739.882880,2.286000,,v0.4.0-fixed-lag
933599463,933598044,933599463,933599463,1.419000,0,0,0,0,1.000000,467.888889,1,739.643200,1.419000,,v0.4.0-fixed-lag
934255293,934254043,934255293,934255293,1.250000,0,0,0,0,1.000000,483.000000,1,726.553920,1.250000,,v0.4.0-fixed-lag
934910514,0,934910514,934910514,0.000000,1,1,1,0,1.000000,499.666667,1,711.371200,0.000000,waveform_inserted+timing_recovered,v0.4.0-fixed-lag
935543646,935542046,935543646,935543646,1.600000,0,0,0,0,1.000000,435.888889,1,704.905600,1.600000,,v0.4.0-fixed-lag
936204624,936206043,936204624,936204624,-1.419000,0,0,0,0,1.000000,445.222222,1,704.710720,1.419000,,v0.4.0-fixed-lag
936886736,936886046,936886736,936886736,0.690000,0,0,0,0,1.000000,392.666667,1,699.270720,0.690000,,v0.4.0-fixed-lag
937576813,937574044,937576813,937576813,2.769000,0,0,0,0,1.000000,357.555556,1,699.270720,2.769000,,v0.4.0-fixed-lag
938264125,938262045,938264125,938264125,2.080000,0,0,0,0,1.000000,341.111111,1,693.830720,2.080000,,v0.4.0-fixed-lag
938983610,0,938983610,938983610,0.000000,1,1,1,0,1.000000,363.666667,1,694.025600,0.000000,waveform_inserted+timing_recovered,v0.4.0-fixed-lag
939730932,939422045,939730932,939730932,308.887000,0,0,1,0,1.000000,368.000000,1,690.232960,308.887000,timing_recovered,v0.4.0-fixed-lag
940480614,0,940480614,940480614,0.000000,1,1,1,0,1.000000,399.222222,1,696.995840,0.000000,waveform_inserted+timing_recovered,v0.4.0-fixed-lag
941245243,0,941245243,941245243,0.000000,1,1,1,0,1.000000,414.777778,1,693.219840,0.000000,waveform_inserted+timing_recovered,v0.4.0-fixed-lag
942006047,942006047,942006047,942006047,0.000000,0,0,0,0,1.000000,401.444444,1,688.664640,0.000000,,v0.4.0-fixed-lag
942739591,942742043,942739591,942739591,-2.452000,0,0,0,0,1.000000,396.444444,1,698.075200,2.452000,,v0.4.0-fixed-lag
943449492,943446044,943449492,943449492,3.448000,0,0,0,0,1.000000,398.666667,1,702.574080,3.448000,,v0.4.0-fixed-lag
944170579,944166043,944170579,944170579,4.536000,0,0,0,0,1.000000,447.666667,1,702.574080,4.536000,,v0.4.0-fixed-lag
944903293,944902043,944903293,944903293,1.250000,0,0,0,0,1.000000,460.555556,1,708.014080,1.250000,,v0.4.0-fixed-lag
945624176,945622043,945624176,945624176,2.133000,0,0,0,0,1.000000,447.555556,1,718.894080,2.133000,,v0.4.0-fixed-lag
946325437,946326043,946325437,946325437,-0.606000,0,0,0,0,1.000000,457.444444,1,724.334080,0.606000,,v0.4.0-fixed-lag
947014487,947014043,947014487,947014487,0.444000,0,0,0,0,1.000000,473.444444,1,729.508480,0.444000,,v0.4.0-fixed-lag
947679693,0,947679693,947679693,0.000000,1,1,1,0,1.000000,441.666667,1,731.227840,0.000000,waveform_inserted+timing_recovered,v0.4.0-fixed-lag
948305814,948302043,948305814,948305814,3.771000,0,0,0,0,1.000000,412.333333,1,742.042560,3.771000,,v0.4.0-fixed-lag
948948487,948950043,948948487,948948487,-1.556000,0,0,0,0,1.000000,432.111111,1,749.408320,1.556000,,v0.4.0-fixed-lag
949618265,949614046,949618265,949618265,4.219000,0,0,0,0,1.000000,437.222222,1,752.083520,4.219000,,v0.4.0-fixed-lag
950310151,950310043,950310151,950310151,0.108000,0,0,0,0,1.000000,459.222222,1,753.616000,0.108000,,v0.4.0-fixed-lag
951070046,951070046,951070046,951070046,0.000000,0,0,0,0,1.000000,526.111111,1,759.056000,0.000000,,v0.4.0-fixed-lag
951867685,951870044,951867685,951867685,-2.359000,0,0,0,0,1.000000,556.888889,1,759.056000,2.359000,,v0.4.0-fixed-lag
952715730,952718046,952715730,952715730,-2.316000,0,0,0,0,1.000000,567.888889,1,759.056000,2.316000,,v0.4.0-fixed-lag
953583602,953582046,953583602,953583602,1.556000,0,0,0,0,1.000000,551.555556,1,748.176000,1.556000,,v0.4.0-fixed-lag
954448609,954446045,954448609,954448609,2.564000,0,0,0,0,1.000000,557.888889,1,749.083520,2.564000,,v0.4.0-fixed-lag
955343789,955342045,955343789,955343789,1.744000,0,0,0,0,1.000000,565.666667,1,770.846400,1.744000,,v0.4.0-fixed-lag
956244569,956246043,956244569,956244569,-1.474000,0,0,0,0,1.000000,556.000000,1,782.924480,1.474000,,v0.4.0-fixed-lag
957147994,956918044,957147994,957147994,229.950000,0,0,1,0,1.000000,555.555556,1,799.054400,229.950000,timing_recovered,v0.4.0-fixed-lag
957988468,0,957988468,957988468,0.000000,1,1,1,0,1.000000,499.222222,1,804.482240,0.000000,waveform_inserted+timing_recovered,v0.4.0-fixed-lag
958737804,958734046,958737804,958737804,3.758000,0,0,0,0,1.000000,475.444444,1,809.922240,3.758000,,v0.4.0-fixed-lag
959452043,959454043,959452043,959452043,-2.000000,0,0,0,0,1.000000,458.333333,1,809.922240,2.000000,,v0.4.0-fixed-lag
960128267,960126045,960128267,960128267,2.222000,0,0,0,0,1.000000,490.111111,1,809.922240,2.222000,,v0.4.0-fixed-lag
960784097,960782043,960784097,960784097,2.054000,0,0,0,0,1.000000,508.111111,1,815.362240,2.054000,,v0.4.0-fixed-lag
961503529,961502043,961503529,961503529,1.486000,0,0,0,0,1.000000,533.222222,1,807.511680,1.486000,,v0.4.0-fixed-lag
962242265,962238043,962242265,962242265,4.222000,0,0,0,0,1.000000,541.333333,1,778.347520,4.222000,,v0.4.0-fixed-lag
962968934,962966045,962968934,962968934,2.889000,0,0,0,0,1.000000,532.333333,1,774.955520,2.889000,,v0.4.0-fixed-lag
963732149,963734044,963732149,963732149,-1.895000,0,0,0,0,1.000000,559.888889,1,771.094080,1.895000,,v0.4.0-fixed-lag
964518467,964518046,964518467,964518467,0.421000,0,0,0,0,1.000000,548.666667,1,765.654080,0.421000,,v0.4.0-fixed-lag
965287300,965286043,965287300,965287300,1.257000,0,0,0,0,1.000000,523.333333,1,760.214080,1.257000,,v0.4.0-fixed-lag
966024903,0,966024903,966024903,0.000000,1,1,1,0,1.000000,523.444444,1,754.774080,0.000000,waveform_inserted+timing_recovered,v0.4.0-fixed-lag
966795557,0,966795557,966795557,0.000000,1,1,1,0,1.000000,560.444444,1,752.832960,0.000000,waveform_inserted+timing_recovered,v0.4.0-fixed-lag
967569622,0,967569622,967569622,0.000000,1,1,1,0,1.000000,527.777778,1,753.195520,0.000000,waveform_inserted+timing_recovered,v0.4.0-fixed-lag
968355559,0,968355559,968355559,0.000000,1,1,1,0,1.000000,546.000000,1,755.588800,0.000000,waveform_inserted+timing_recovered,v0.4.0-fixed-lag
969147821,0,969147821,969147821,0.000000,1,1,1,0,1.000000,543.222222,1,757.386560,0.000000,waveform_inserted+timing_recovered,v0.4.0-fixed-lag
969920932,969918043,969920932,969920932,2.889000,0,0,0,0,1.000000,521.333333,1,757.969280,2.889000,,v0.4.0-fixed-lag
970680359,970342043,970680359,970680359,338.316000,0,0,1,0,1.000000,523.222222,1,758.755520,338.316000,timing_recovered,v0.4.0-fixed-lag
971427925,971430043,971427925,971427925,-2.118000,0,0,0,0,1.000000,511.555556,1,758.755520,2.118000,,v0.4.0-fixed-lag
972145828,972142044,972145828,972145828,3.784000,0,0,0,0,1.000000,493.222222,1,763.409280,3.784000,,v0.4.0-fixed-lag
972879154,972878043,972879154,972879154,1.111000,0,0,0,0,1.000000,539.555556,1,763.409280,1.111000,,v0.4.0-fixed-lag
973613502,973614043,973613502,973613502,-0.541000,0,0,0,0,1.000000,530.000000,1,763.409280,0.541000,,v0.4.0-fixed-lag
974336043,974334043,974336043,974336043,2.000000,0,0,0,0,1.000000,517.333333,1,759.816640,2.000000,,v0.4.0-fixed-lag
975115599,975118043,975115599,975115599,-2.444000,0,0,0,0,1.000000,567.000000,1,756.021120,2.444000,,v0.4.0-fixed-lag
975916043,975918043,975916043,975916043,-2.000000,0,0,0,0,1.000000,548.333333,1,756.021120,2.000000,,v0.4.0-fixed-lag
976704097,976702043,976704097,976704097,2.054000,0,0,0,0,1.000000,537.333333,1,756.021120,2.054000,,v0.4.0-fixed-lag
977454161,977454047,977454161,977454161,0.114000,0,0,0,0,1.000000,517.333333,1,761.461120,0.114000,,v0.4.0-fixed-lag
978214712,978214045,978214712,978214712,0.667000,0,0,0,0,1.000000,543.666667,1,761.461120,0.667000,,v0.4.0-fixed-lag
978938932,978934043,978938932,978938932,4.889000,0,0,0,0,1.000000,507.333333,1,762.260480,4.889000,,v0.4.0-fixed-lag
979619602,979622046,979619602,979619602,-2.444000,0,0,0,0,1.000000,510.000000,1,762.260480,2.444000,,v0.4.0-fixed-lag
980347307,0,980347307,980347307,0.000000,1,1,1,0,1.000000,557.555556,1,762.260480,0.000000,waveform_inserted+timing_recovered,v0.4.0-fixed-lag
981101624,0,981101624,981101624,0.000000,1,1,1,0,1.000000,541.111111,1,756.820480,0.000000,waveform_inserted+timing_recovered,v0.4.0-fixed-lag
981889178,0,981889178,981889178,0.000000,1,1,1,0,1.000000,548.333333,1,758.181440,0.000000,waveform_inserted+timing_recovered,v0.4.0-fixed-lag
982710803,0,982710803,982710803,0.000000,1,1,1,0,1.000000,533.111111,1,758.181440,0.000000,waveform_inserted+timing_recovered,v0.4.0-fixed-lag
983525440,983526046,983525440,983525440,-0.606000,0,0,0,0,1.000000,508.444444,1,758.181440,0.606000,,v0.4.0-fixed-lag
984297339,0,984297339,984297339,0.000000,1,1,1,0,1.000000,490.333333,1,758.181440,0.000000,waveform_inserted+timing_recovered,v0.4.0-fixed-lag
985070514,0,985070514,985070514,0.000000,1,1,1,0,1.000000,503.222222,1,760.176320,0.000000,waveform_inserted+timing_recovered,v0.4.0-fixed-lag
985859293,985854043,985859293,985859293,5.250000,0,0,0,0,1.000000,499.666667,1,769.247680,5.250000,,v0.4.0-fixed-lag
986649129,0,986649129,986649129,0.000000,1,1,1,0,1.000000,492.888889,1,769.656000,0.000000,waveform_inserted+timing_recovered,v0.4.0-fixed-lag
987423986,987422043,987423986,987423986,1.943000,0,0,0,0,1.000000,489.111111,1,768.817280,1.943000,,v0.4.0-fixed-lag
988191693,988190046,988191693,988191693,1.647000,0,0,0,0,1.000000,487.000000,1,768.817280,1.647000,,v0.4.0-fixed-lag
988922576,988918043,988922576,988922576,4.533000,0,0,0,0,1.000000,454.555556,1,768.817280,4.533000,,v0.4.0-fixed-lag
989626046,989622046,989626046,989626046,4.000000,0,0,0,0,1.000000,468.666667,1,764.754240,4.000000,,v0.4.0-fixed-lag
990337572,990334043,990337572,990337572,3.529000,0,0,0,0,1.000000,463.000000,1,769.656000,3.529000,,v0.4.0-fixed-lag
991082278,991078047,991082278,991082278,4.231000,0,0,0,0,1.000000,480.222222,1,769.247680,4.231000,,v0.4.0-fixed-lag
991823543,991822043,991823543,991823543,1.500000,0,0,0,0,1.000000,461.444444,1,767.906240,1.500000,,v0.4.0-fixed-lag
992586302,992582046,992586302,992586302,4.256000,0,0,0,0,1.000000,514.666667,1,760.545920,4.256000,,v0.4.0-fixed-lag
993366652,993366046,993366652,993366652,0.606000,0,0,0,0,1.000000,487.333333,1,755.105920,0.606000,,v0.4.0-fixed-lag
994134046,994134046,994134046,994134046,0.000000,0,0,0,0,1.000000,466.222222,1,749.665920,0.000000,,v0.4.0-fixed-lag
994910749,994910043,994910749,994910749,0.706000,0,0,0,0,1.000000,499.444444,1,744.225920,0.706000,,v0.4.0-fixed-lag
995695295,995694045,995695295,995695295,1.250000,0,0,0,0,1.000000,487.555556,1,738.785920,1.250000,,v0.4.0-fixed-lag
996448980,996446047,996448980,996448980,2.933000,0,0,0,0,1.000000,456.444444,1,744.562880,2.933000,,v0.4.0-fixed-lag
997200831,997198043,997200831,997200831,2.788000,0,0,0,0,1.000000,480.222222,1,744.562880,2.788000,,v0.4.0-fixed-lag
997918043,997918043,997918043,997918043,0.000000,0,0,0,0,1.000000,445.333333,1,744.562880,0.000000,,v0.4.0-fixed-lag
998605656,0,998605656,998605656,0.000000,1,1,1,0,1.000000,438.444444,1,744.562880,0.000000,waveform_inserted+timing_recovered,v0.4.0-fixed-lag
999299500,999302045,999299500,999299500,-2.545000,0,0,0,0,1.000000,497.222222,1,744.562880,2.545000,,v0.4.0-fixed-lag
999986576,999694045,999986576,999986576,292.531000,0,0,1,0,1.000000,445.333333,1,747.099200,292.531000,timing_recovered,v0.4.0-fixed-lag
1000651983,1000654044,1000651983,1000651983,-2.061000,0,0,0,0,1.000000,487.111111,1,746.512320,2.061000,,v0.4.0-fixed-lag
1001284469,1001286045,1001284469,1001284469,-1.576000,0,0,0,0,1.000000,470.000000,1,740.867840,1.576000,,v0.4.0-fixed-lag
1001900470,1001902046,1001900470,1001900470,-1.576000,0,0,0,0,1.000000,464.000000,1,733.390080,1.576000,,v0.4.0-fixed-lag
1002543690,0,1002543690,1002543690,0.000000,1,1,1,0,1.000000,508.000000,1,736.836160,0.000000,waveform_inserted+timing_recovered,v0.4.0-fixed-lag
1003248487,0,1003248487,1003248487,0.000000,1,1,1,0,1.000000,548.777778,1,736.664320,0.000000,waveform_inserted+timing_recovered,v0.4.0-fixed-lag
1004012559,0,1004012559,1004012559,0.000000,1,1,1,0,1.000000,567.555556,1,736.664320,0.000000,waveform_inserted+timing_recovered,v0.4.0-fixed-lag
1004821821,1004822043,1004821821,1004821821,-0.222000,0,0,0,0,1.000000,561.666667,1,736.664320,0.222000,,v0.4.0-fixed-lag
1005628205,0,1005628205,1005628205,0.000000,1,1,1,0,1.000000,538.777778,1,736.664320,0.000000,waveform_inserted+timing_recovered,v0.4.0-fixed-lag
1006432900,0,1006432900,1006432900,0.000000,1,1,1,0,1.000000,543.111111,1,736.664320,0.000000,waveform_inserted+timing_recovered,v0.4.0-fixed-lag
1007237014,1007238043,1007237014,1007237014,-1.029000,0,0,0,0,1.000000,519.888889,1,742.335040,1.029000,,v0.4.0-fixed-lag
1008038516,1008038045,1008038516,1008038516,0.471000,0,0,0,0,1.000000,506.222222,1,761.303040,0.471000,,v0.4.0-fixed-lag
1008832900,0,1008832900,1008832900,0.000000,1,1,1,0,1.000000,530.111111,1,767.840640,0.000000,waveform_inserted+timing_recovered,v0.4.0-fixed-lag
1009629154,1009630043,1009629154,1009629154,-0.889000,0,0,0,0,1.000000,523.888889,1,767.840640,0.889000,,v0.4.0-fixed-lag
1010437602,1010438046,1010437602,1010437602,-0.444000,0,0,0,0,1.000000,519.888889,1,767.840640,0.444000,,v0.4.0-fixed-lag
1011253337,1011254043,1011253337,1011253337,-0.706000,0,0,0,0,1.000000,500.555556,1,774.116480,0.706000,,v0.4.0-fixed-lag
1012020470,1012022046,1012020470,1012020470,-1.576000,0,0,0,0,1.000000,470.333333,1,774.302400,1.576000,,v0.4.0-fixed-lag
1012788467,1012790043,1012788467,1012788467,-1.576000,0,0,0,0,1.000000,514.333333,1,774.116480,1.576000,,v0.4.0-fixed-lag
1013555875,0,1013555875,1013555875,0.000000,1,1,1,0,1.000000,497.000000,1,778.720640,0.000000,waveform_inserted+timing_recovered,v0.4.0-fixed-lag
1014284399,1014286046,1014284399,1014284399,-1.647000,0,0,0,0,1.000000,487.444444,1,777.041280,1.647000,,v0.4.0-fixed-lag
1014973682,1014974046,1014973682,1014973682,-0.364000,0,0,0,0,1.000000,481.444444,1,781.882880,0.364000,,v0.4.0-fixed-lag
1015677812,1015678047,1015677812,1015677812,-0.235000,0,0,0,0,1.000000,498.444444,1,773.439040,0.235000,,v0.4.0-fixed-lag
1016410265,1016406043,1016410265,1016410265,4.222000,0,0,0,0,1.000000,515.333333,1,773.250560,4.222000,,v0.4.0-fixed-lag
1017130280,1017126044,1017130280,1017130280,4.236000,0,0,0,0,1.000000,504.444444,1,773.162560,4.236000,,v0.4.0-fixed-lag
1017843259,1017838043,1017843259,1017843259,5.216000,0,0,0,0,1.000000,507.666667,1,762.064960,5.216000,,v0.4.0-fixed-lag
1018605157,1018606046,1018605157,1018605157,-0.889000,0,0,0,0,1.000000,532.111111,1,755.367680,0.889000,,v0.4.0-fixed-lag
1019375529,1019374043,1019375529,1019375529,1.486000,0,0,0,0,1.000000,516.666667,1,755.367680,1.486000,,v0.4.0-fixed-lag
1020120635,1020118047,1020120635,1020120635,2.588000,0,0,0,0,1.000000,503.444444,1,755.367680,2.588000,,v0.4.0-fixed-lag
1020894043,1020894043,1020894043,1020894043,0.000000,0,0,0,0,1.000000,529.333333,1,749.927680,0.000000,,v0.4.0-fixed-lag
1021678278,0,1021678278,1021678278,0.000000,1,1,1,0,1.000000,527.222222,1,751.184960,0.000000,waveform_inserted+timing_recovered,v0.4.0-fixed-lag
1022488445,1022486045,1022488445,1022488445,2.400000,0,0,0,0,1.000000,524.222222,1,755.233920,2.400000,,v0.4.0-fixed-lag
1023276471,0,1023276471,1023276471,0.000000,1,1,1,0,1.000000,499.222222,1,760.607360,0.000000,waveform_inserted+timing_recovered,v0.4.0-fixed-lag
1024073379,1024078043,1024073379,1024073379,-4.664000,0,0,0,0,1.000000,526.333333,1,763.319040,4.664000,,v0.4.0-fixed-lag
1024855690,0,1024855690,1024855690,0.000000,1,1,1,0,1.000000,505.666667,1,769.730560,0.000000,waveform_inserted+timing_recovered,v0.4.0-fixed-lag
1025626043,1025622043,1025626043,1025626043,4.000000,0,0,0,0,1.000000,488.444444,1,772.579520,4.000000,,v0.4.0-fixed-lag
1026379459,1026382047,1026379459,1026379459,-2.588000,0,0,0,0,1.000000,490.222222,1,778.019520,2.588000,,v0.4.0-fixed-lag
1027127154,1027126043,1027127154,1027127154,1.111000,0,0,0,0,1.000000,512.111111,1,778.019520,1.111000,,v0.4.0-fixed-lag
1027880104,1027878043,1027880104,1027880104,2.061000,0,0,0,0,1.000000,512.777778,1,778.019520,2.061000,,v0.4.0-fixed-lag
1028656269,1028654047,1028656269,1028656269,2.222000,0,0,0,0,1.000000,522.333333,1,783.459520,2.222000,,v0.4.0-fixed-lag
1029448831,1029446043,1029448831,1029448831,2.788000,0,0,0,0,1.000000,508.666667,1,781.492800,2.788000,,v0.4.0-fixed-lag
1030232107,1030230046,1030232107,1030232107,2.061000,0,0,0,0,1.000000,501.444444,1,786.932800,2.061000,,v0.4.0-fixed-lag
1031032635,1031030047,1031032635,1031032635,2.588000,0,0,0,0,1.000000,528.444444,1,786.932800,2.588000,,v0.4.0-fixed-lag
1031855619,0,1031855619,1031855619,0.000000,1,1,1,0,1.000000,542.444444,1,786.932800,0.000000,waveform_inserted+timing_recovered,v0.4.0-fixed-lag
1032659259,0,1032659259,1032659259,0.000000,1,1,1,0,1.000000,530.555556,1,786.932800,0.000000,waveform_inserted+timing_recovered,v0.4.0-fixed-lag
1033458528,1033454044,1033458528,1033458528,4.484000,0,0,0,0,1.000000,515.555556,1,789.208320,4.484000,,v0.4.0-fixed-lag
1034265804,1034262046,1034265804,1034265804,3.758000,0,0,0,0,1.000000,535.555556,1,792.179840,3.758000,,v0.4.0-fixed-lag
1035066576,1035062043,1035066576,1035066576,4.533000,0,0,0,0,1.000000,512.888889,1,794.326080,4.533000,,v0.4.0-fixed-lag
1035874528,1035870043,1035874528,1035874528,4.485000,0,0,0,0,1.000000,525.555556,1,794.728960,4.485000,,v0.4.0-fixed-lag
1036706043,0,1036706043,1036706043,0.000000,1,1,1,0,1.000000,518.333333,1,794.807040,0.000000,waveform_inserted+timing_recovered,v0.4.0-fixed-lag
1037500467,1037502043,1037500467,1037500467,-1.576000,0,0,0,0,1.000000,500.333333,1,795.724800,1.576000,,v0.4.0-fixed-lag
1038318172,1038318043,1038318172,1038318172,0.129000,0,0,0,0,1.000000,528.444444,1,795.724800,0.129000,,v0.4.0-fixed-lag
1039115376,1039110043,1039115376,1039115376,5.333000,0,0,0,0,1.000000,513.555556,1,796.888320,5.333000,,v0.4.0-fixed-lag
1039912046,0,1039912046,1039912046,0.000000,1,1,1,0,1.000000,508.555556,1,795.724800,0.000000,waveform_inserted+timing_recovered,v0.4.0-fixed-lag
1040716399,1040718046,1040716399,1040716399,-1.647000,0,0,0,0,1.000000,503.222222,1,794.807040,1.647000,,v0.4.0-fixed-lag
1041519864,1041518046,1041519864,1041519864,1.818000,0,0,0,0,1.000000,512.222222,1,795.952960,1.818000,,v0.4.0-fixed-lag
1042315740,1042318043,1042315740,1042315740,-2.303000,0,0,0,0,1.000000,507.222222,1,790.228800,2.303000,,v0.4.0-fixed-lag
1043096107,0,1043096107,1043096107,0.000000,1,1,1,0,1.000000,507.555556,1,790.228800,0.000000,waveform_inserted+timing_recovered,v0.4.0-fixed-lag
1043888631,1043886043,1043888631,1043888631,2.588000,0,0,0,0,1.000000,511.222222,1,788.225280,2.588000,,v0.4.0-fixed-lag
1044651546,1044654046,1044651546,1044651546,-2.500000,0,0,0,0,1.000000,491.222222,1,788.054400,2.500000,,v0.4.0-fixed-lag
1045381043,1045382043,1045381043,1045381043,-1.000000,0,0,0,0,1.000000,486.555556,1,788.054400,1.000000,,v0.4.0-fixed-lag
1046119990,1046118047,1046119990,1046119990,1.943000,0,0,0,0,1.000000,495.888889,1,787.800320,1.943000,,v0.4.0-fixed-lag
1046829924,1046830045,1046829924,1046829924,-0.121000,0,0,0,0,1.000000,481.222222,1,786.727680,0.121000,,v0.4.0-fixed-lag
1047528592,1047526047,1047528592,1047528592,2.545000,0,0,0,0,1.000000,494.222222,1,782.837440,2.545000,,v0.4.0-fixed-lag
1048253294,1048254044,1048253294,1048253294,-0.750000,0,0,0,0,1.000000,522.666667,1,777.252800,0.750000,,v0.4.0-fixed-lag
1049005679,1049006043,1049005679,1049005679,-0.364000,0,0,0,0,1.000000,518.666667,1,764.143040,0.364000,,v0.4.0-fixed-lag
1049786517,1049790046,1049786517,1049786517,-3.529000,0,0,0,0,1.000000,529.444444,1,764.143040,3.529000,,v0.4.0-fixed-lag
1050571498,1050574043,1050571498,1050571498,-2.545000,0,0,0,0,1.000000,508.222222,1,764.143040,2.545000,,v0.4.0-fixed-lag
1051362281,1051358043,1051362281,1051362281,4.238000,0,0,0,0,1.000000,521.222222,1,758.703040,4.238000,,v0.4.0-fixed-lag
1052169293,1052166043,1052169293,1052169293,3.250000,0,0,0,0,1.000000,537.555556,1,758.703040,3.250000,,v0.4.0-fixed-lag
1052963079,1052966047,1052963079,1052963079,-2.968000,0,0,0,0,1.000000,506.333333,1,763.003200,2.968000,,v0.4.0-fixed-lag
1053754288,1053750045,1053754288,1053754288,4.243000,0,0,0,0,1.000000,532.222222,1,772.108160,4.243000,,v0.4.0-fixed-lag
1054550614,1054550043,1054550614,1054550614,0.571000,0,0,0,0,1.000000,527.222222,1,778.873920,0.571000,,v0.4.0-fixed-lag
1055327927,1055326045,1055327927,1055327927,1.882000,0,0,0,0,1.000000,504.222222,1,780.730560,1.882000,,v0.4.0-fixed-lag
1056074749,1056070046,1056074749,1056074749,4.703000,0,0,0,0,1.000000,504.111111,1,780.730560,4.703000,,v0.4.0-fixed-lag
1056847602,1056846046,1056847602,1056847602,1.556000,0,0,0,0,1.000000,528.777778,1,780.730560,1.556000,,v0.4.0-fixed-lag
1057627189,1057630046,1057627189,1057627189,-2.857000,0,0,0,0,1.000000,530.888889,1,786.170560,2.857000,,v0.4.0-fixed-lag
1058391296,1058390046,1058391296,1058391296,1.250000,0,0,0,0,1.000000,503.555556,1,786.170560,1.250000,,v0.4.0-fixed-lag
1059148954,1059150045,1059148954,1059148954,-1.091000,0,0,0,0,1.000000,519.555556,1,782.587840,1.091000,,v0.4.0-fixed-lag
1059943376,1059942043,1059943376,1059943376,1.333000,0,0,0,0,1.000000,565.555556,1,787.300160,1.333000,,v0.4.0-fixed-lag
1060757929,1060758043,1060757929,1060757929,-0.114000,0,0,0,0,1.000000,557.444444,1,787.300160,0.114000,,v0.4.0-fixed-lag
1061591158,1061590047,1061591158,1061591158,1.111000,0,0,0,0,1.000000,566.000000,1,781.860160,1.111000,,v0.4.0-fixed-lag
1062391293,1062390043,1062391293,1062391293,1.250000,0,0,0,0,1.000000,519.666667,1,781.860160,1.250000,,v0.4.0-fixed-lag
1063199694,1063198047,1063199694,1063199694,1.647000,0,0,0,0,1.000000,550.222222,1,777.147840,1.647000,,v0.4.0-fixed-lag
1064001340,1063998046,1064001340,1064001340,3.294000,0,0,0,0,1.000000,532.888889,1,776.455040,3.294000,,v0.4.0-fixed-lag
1064786281,1064782045,1064786281,1064786281,4.236000,0,0,0,0,1.000000,535.222222,1,778.283200,4.236000,,v0.4.0-fixed-lag
1065599154,1065598043,1065599154,1065599154,1.111000,0,0,0,0,1.000000,547.888889,1,772.843200,1.111000,,v0.4.0-fixed-lag
1066409812,1066406047,1066409812,1066409812,3.765000,0,0,0,0,1.000000,518.444444,1,767.886720,3.765000,,v0.4.0-fixed-lag
1067146043,1067142043,1067146043,1067146043,4.000000,0,0,0,0,1.000000,485.222222,1,770.048320,4.000000,,v0.4.0-fixed-lag
1067856490,1067854046,1067856490,1067856490,2.444000,0,0,0,0,1.000000,512.000000,1,770.048320,2.444000,,v0.4.0-fixed-lag
1068571928,0,1068571928,1068571928,0.000000,1,1,1,0,1.000000,517.111111,1,767.886720,0.000000,waveform_inserted+timing_recovered,v0.4.0-fixed-lag
1069244867,1068966045,1069244867,1069244867,278.822000,0,0,1,0,1.000000,507.111111,1,767.403200,278.822000,timing_recovered,v0.4.0-fixed-lag
1069902045,1069902045,1069902045,1069902045,0.000000,0,0,0,0,1.000000,526.111111,1,757.101120,0.000000,,v0.4.0-fixed-lag
1070588423,1070590045,1070588423,1070588423,-1.622000,0,0,0,0,1.000000,564.111111,1,741.513920,1.622000,,v0.4.0-fixed-lag
1071286970,1071286047,1071286970,1071286970,0.923000,0,0,0,0,1.000000,552.444444,1,734.860160,0.923000,,v0.4.0-fixed-lag
1071968610,1071966046,1071968610,1071968610,2.564000,0,0,0,0,1.000000,532.888889,1,727.823040,2.564000,,v0.4.0-fixed-lag
1072627154,1072622045,1072627154,1072627154,5.109000,0,0,0,0,1.000000,521.444444,1,724.015040,5.109000,,v0.4.0-fixed-lag
1073338647,0,1073338647,1073338647,0.000000,1,1,1,0,1.000000,540.555556,1,720.120960,0.000000,waveform_inserted+timing_recovered,v0.4.0-fixed-lag
1074059727,1074062043,1074059727,1074059727,-2.316000,0,0,0,0,1.000000,521.888889,1,720.120960,2.316000,,v0.4.0-fixed-lag
1074761415,1074758047,1074761415,1074761415,3.368000,0,0,0,0,1.000000,516.888889,1,720.120960,3.368000,,v0.4.0-fixed-lag
1075484330,1075486044,1075484330,1075484330,-1.714000,0,0,0,0,1.000000,542.111111,1,720.120960,1.714000,,v0.4.0-fixed-lag
1076233589,1076230046,1076233589,1076233589,3.543000,0,0,0,0,1.000000,509.555556,1,724.015040,3.543000,,v0.4.0-fixed-lag
1076968900,1076966043,1076968900,1076968900,2.857000,0,0,0,0,1.000000,494.333333,1,719.580160,2.857000,,v0.4.0-fixed-lag
1077696046,1077694046,1077696046,1077696046,2.000000,0,0,0,0,1.000000,500.333333,1,717.277760,2.000000,,v0.4.0-fixed-lag
1078446710,1078446043,1078446710,1078446710,0.667000,0,0,0,0,1.000000,536.333333,1,720.345600,0.667000,,v0.4.0-fixed-lag
1079220268,1079222046,1079220268,1079220268,-1.778000,0,0,0,0,1.000000,534.333333,1,720.932800,1.778000,,v0.4.0-fixed-lag
1080032047,1080030047,1080032047,1080032047,2.000000,0,0,0,0,1.000000,549.333333,1,722.286720,2.000000,,v0.4.0-fixed-lag
1080839158,1080838047,1080839158,1080839158,1.111000,0,0,0,0,1.000000,529.111111,1,730.339520,1.111000,,v0.4.0-fixed-lag
1081656489,1081654045,1081656489,1081656489,2.444000,0,0,0,0,1.000000,511.444444,1,740.242880,2.444000,,v0.4.0-fixed-lag
1082404398,1082406045,1082404398,1082404398,-1.647000,0,0,0,0,1.000000,482.222222,1,740.692480,1.647000,,v0.4.0-fixed-lag
1083121588,1083118045,1083121588,1083121588,3.543000,0,0,0,0,1.000000,508.888889,1,746.132480,3.543000,,v0.4.0-fixed-lag
1083828396,1083830043,1083828396,1083828396,-1.647000,0,0,0,0,1.000000,501.333333,1,751.572480,1.647000,,v0.4.0-fixed-lag
1084530986,0,1084530986,1084530986,0.000000,1,1,1,0,1.000000,480.777778,1,757.012480,0.000000,waveform_inserted+timing_recovered,v0.4.0-fixed-lag
1085208867,1085206043,1085208867,1085208867,2.824000,0,0,0,0,1.000000,483.666667,1,762.452480,2.824000,,v0.4.0-fixed-lag
1085884100,1085886043,1085884100,1085884100,-1.943000,0,0,0,0,1.000000,505.333333,1,767.010880,1.943000,,v0.4.0-fixed-lag
1086584532,1086582046,1086584532,1086584532,2.486000,0,0,0,0,1.000000,564.000000,1,757.180800,2.486000,,v0.4.0-fixed-lag
1087357502,1087358043,1087357502,1087357502,-0.541000,0,0,0,0,1.000000,599.000000,1,759.298560,0.541000,,v0.4.0-fixed-lag
1088140854,1088142043,1088140854,1088140854,-1.189000,0,0,0,0,1.000000,584.333333,1,770.178560,1.189000,,v0.4.0-fixed-lag
1088907157,1088910046,1088907157,1088907157,-2.889000,0,0,0,0,1.000000,583.111111,1,775.618560,2.889000,,v0.4.0-fixed-lag
1089702265,1089702043,1089702265,1089702265,0.222000,0,0,0,0,1.000000,616.333333,1,781.058560,0.222000,,v0.4.0-fixed-lag
1090524573,1090526047,1090524573,1090524573,-1.474000,0,0,0,0,1.000000,615.111111,1,791.938560,1.474000,,v0.4.0-fixed-lag
1091339340,1091334044,1091339340,1091339340,5.296000,0,0,0,0,1.000000,595.444444,1,810.976960,5.296000,,v0.4.0-fixed-lag
1092206443,1092206043,1092206443,1092206443,0.400000,0,0,0,0,1.000000,637.111111,1,818.550400,0.400000,,v0.4.0-fixed-lag
1093116421,1093486046,1093116421,1093116421,-369.625000,0,0,1,0,1.000000,638.333333,1,821.872640,369.625000,timing_recovered,v0.4.0-fixed-lag
1094072046,1094070046,1094072046,1094072046,2.000000,0,0,0,0,1.000000,626.666667,1,836.514560,2.000000,,v0.4.0-fixed-lag
1095052422,1095054044,1095052422,1095052422,-1.622000,0,0,0,0,1.000000,597.000000,1,848.245440,1.622000,,v0.4.0-fixed-lag
1095980867,1095982043,1095980867,1095980867,-1.176000,0,0,0,0,1.000000,557.111111,1,850.658560,1.176000,,v0.4.0-fixed-lag
1096893440,1096894046,1096893440,1096893440,-0.606000,0,0,0,0,1.000000,571.444444,1,864.992960,0.606000,,v0.4.0-fixed-lag
1097800359,1097798043,1097800359,1097800359,2.316000,0,0,0,0,1.000000,583.000000,1,878.712960,2.316000,,v0.4.0-fixed-lag
1098691157,0,1098691157,1098691157,0.000000,1,1,1,0,1.000000,559.888889,1,878.712960,0.000000,waveform_inserted+timing_recovered,v0.4.0-fixed-lag
1099552043,1099550043,1099552043,1099552043,2.000000,0,0,0,0,1.000000,559.111111,1,878.712960,2.000000,,v0.4.0-fixed-lag
1100441614,1100438046,1100441614,1100441614,3.568000,0,0,0,0,1.000000,590.333333,1,878.712960,3.568000,,v0.4.0-fixed-lag
1101335529,1101334043,1101335529,1101335529,1.486000,0,0,0,0,1.000000,580.666667,1,878.712960,1.486000,,v0.4.0-fixed-lag
1102211417,1102214046,1102211417,1102211417,-2.629000,0,0,0,0,1.000000,550.333333,1,877.734080,2.629000,,v0.4.0-fixed-lag
1103026821,1103022043,1103026821,1103026821,4.778000,0,0,0,0,1.000000,477.777778,1,879.012800,4.778000,,v0.4.0-fixed-lag
1103809102,1103806043,1103809102,1103809102,3.059000,0,0,0,0,1.000000,595.333333,1,872.575360,3.059000,,v0.4.0-fixed-lag
1104583982,1104582047,1104583982,1104583982,1.935000,0,0,0,0,1.000000,515.444444,1,866.742720,1.935000,,v0.4.0-fixed-lag
1105356165,1105358047,1105356165,1105356165,-1.882000,0,0,0,0,1.000000,537.111111,1,856.924160,1.882000,,v0.4.0-fixed-lag
1106120047,1106118047,1106120047,1106120047,2.000000,0,0,0,0,1.000000,518.111111,1,846.683520,2.000000,,v0.4.0-fixed-lag
1106857804,1106854046,1106857804,1106857804,3.758000,0,0,0,0,1.000000,526.444444,1,826.689280,3.758000,,v0.4.0-fixed-lag
1107609102,1107606043,1107609102,1107609102,3.059000,0,0,0,0,1.000000,535.000000,1,816.089920,3.059000,,v0.4.0-fixed-lag
1108406688,1108406043,1108406688,1108406688,0.645000,0,0,0,0,1.000000,550.888889,1,808.281600,0.645000,,v0.4.0-fixed-lag
1109231296,1109230046,1109231296,1109231296,1.250000,0,0,0,0,1.000000,542.555556,1,808.281600,1.250000,,v0.4.0-fixed-lag
1110061140,1110062043,1110061140,1110061140,-0.903000,0,0,0,0,1.000000,520.555556,1,802.841600,0.903000,,v0.4.0-fixed-lag
1110845547,1110846047,1110845547,1110845547,-0.500000,0,0,0,0,1.000000,514.222222,1,802.841600,0.500000,,v0.4.0-fixed-lag
1111639220,1111638044,1111639220,1111639220,1.176000,0,0,0,0,1.000000,549.888889,1,797.401600,1.176000,,v0.4.0-fixed-lag
1112441129,1112438043,1112441129,1112441129,3.086000,0,0,0,0,1.000000,554.444444,1,795.010240,3.086000,,v0.4.0-fixed-lag
1113270157,1113270043,1113270157,1113270157,0.114000,0,0,0,0,1.000000,556.333333,1,797.975360,0.114000,,v0.4.0-fixed-lag
1114086710,1114086043,1114086710,1114086710,0.667000,0,0,0,0,1.000000,538.333333,1,793.787520,0.667000,,v0.4.0-fixed-lag
1114903458,1114902046,1114903458,1114903458,1.412000,0,0,0,0,1.000000,546.666667,1,795.170880,1.412000,,v0.4.0-fixed-lag
1115720043,1115718043,1115720043,1115720043,2.000000,0,0,0,0,1.000000,546.444444,1,799.856960,2.000000,,v0.4.0-fixed-lag
1116537337,1116534043,1116537337,1116537337,3.294000,0,0,0,0,1.000000,542.555556,1,794.427200,3.294000,,v0.4.0-fixed-lag
1117365704,1117366047,1117365704,1117365704,-0.343000,0,0,0,0,1.000000,527.666667,1,794.427200,0.343000,,v0.4.0-fixed-lag
1118172631,1118174043,1118172631,1118172631,-1.412000,0,0,0,0,1.000000,504.555556,1,794.427200,1.412000,,v0.4.0-fixed-lag
1118945544,1118942044,1118945544,1118945544,3.500000,0,0,0,0,1.000000,503.000000,1,794.427200,3.500000,,v0.4.0-fixed-lag
1119719156,1119718045,1119719156,1119719156,1.111000,0,0,0,0,1.000000,530.333333,1,794.427200,1.111000,,v0.4.0-fixed-lag
1120479379,1120478046,1120479379,1120479379,1.333000,0,0,0,0,1.000000,484.777778,1,788.987200,1.333000,,v0.4.0-fixed-lag
1121181102,1121182043,1121181102,1121181102,-0.941000,0,0,0,0,1.000000,473.111111,1,783.536960,0.941000,,v0.4.0-fixed-lag
1121841543,0,1121841543,1121841543,0.000000,1,1,1,0,1.000000,464.777778,1,780.456640,0.000000,waveform_inserted+timing_recovered,v0.4.0-fixed-lag
1122518164,1122518043,1122518164,1122518164,0.121000,0,0,0,0,1.000000,468.555556,1,764.355840,0.121000,,v0.4.0-fixed-lag
1123185340,1123182046,1123185340,1123185340,3.294000,0,0,0,0,1.000000,471.111111,1,764.132160,3.294000,,v0.4.0-fixed-lag
1123874793,1123870043,1123874793,1123874793,4.750000,0,0,0,0,1.000000,476.777778,1,754.631360,4.750000,,v0.4.0-fixed-lag
1124587702,1124582046,1124587702,1124587702,5.656000,0,0,0,0,1.000000,474.222222,1,730.471360,5.656000,,v0.4.0-fixed-lag
1125300802,1125302043,1125300802,1125300802,-1.241000,0,0,0,0,1.000000,447.000000,1,719.591360,1.241000,,v0.4.0-fixed-lag
1126004976,1126006043,1126004976,1126004976,-1.067000,0,0,0,0,1.000000,462.777778,1,714.151360,1.067000,,v0.4.0-fixed-lag
1126736796,1126734046,1126736796,1126736796,2.750000,0,0,0,0,1.000000,478.444444,1,703.271360,2.750000,,v0.4.0-fixed-lag
1127480293,1127478043,1127480293,1127480293,2.250000,0,0,0,0,1.000000,478.000000,1,697.831360,2.250000,,v0.4.0-fixed-lag
1128211545,0,1128211545,1128211545,0.000000,1,1,1,0,1.000000,474.888889,1,687.735680,0.000000,waveform_inserted+timing_recovered,v0.4.0-fixed-lag
1128890046,1128886046,1128890046,1128890046,4.000000,0,0,0,0,1.000000,430.777778,1,685.090880,4.000000,,v0.4.0-fixed-lag
1129546562,1129550046,1129546562,1129546562,-3.484000,0,0,0,0,1.000000,438.222222,1,679.650880,3.484000,,v0.4.0-fixed-lag
1130173401,1130174046,1130173401,1130173401,-0.645000,0,0,0,0,1.000000,430.777778,1,668.770880,0.645000,,v0.4.0-fixed-lag
1130803647,1130806047,1130803647,1130803647,-2.400000,0,0,0,0,1.000000,462.333333,1,663.330880,2.400000,,v0.4.0-fixed-lag
1131407222,0,1131407222,1131407222,0.000000,1,1,1,0,1.000000,436.666667,1,660.535680,0.000000,waveform_inserted+timing_recovered,v0.4.0-fixed-lag
1132004329,1132006043,1132004329,1132004329,-1.714000,0,0,0,0,1.000000,452.444444,1,646.880320,1.714000,,v0.4.0-fixed-lag
1132600831,1132598043,1132600831,1132600831,2.788000,0,0,0,0,1.000000,452.666667,1,639.845120,2.788000,,v0.4.0-fixed-lag
1133184218,1133182047,1133184218,1133184218,2.171000,0,0,0,0,1.000000,434.333333,1,631.438720,2.171000,,v0.4.0-fixed-lag
1133759761,0,1133759761,1133759761,0.000000,1,1,1,0,1.000000,440.444444,1,630.348480,0.000000,waveform_inserted+timing_recovered,v0.4.0-fixed-lag
1134344046,1134342046,1134344046,1134344046,2.000000,0,0,0,0,1.000000,474.333333,1,622.904000,2.000000,,v0.4.0-fixed-lag
1134918278,1134918043,1134918278,1134918278,0.235000,0,0,0,0,1.000000,427.444444,1,620.834240,0.235000,,v0.4.0-fixed-lag
1135508149,1135510044,1135508149,1135508149,-1.895000,0,0,0,0,1.000000,489.111111,1,615.200640,1.895000,,v0.4.0-fixed-lag
1136109338,0,1136109338,1136109338,0.000000,1,1,1,0,1.000000,456.444444,1,613.078720,0.000000,waveform_inserted+timing_recovered,v0.4.0-fixed-lag
1136687075,1136686046,1136687075,1136687075,1.029000,0,0,0,0,1.000000,434.888889,1,613.078720,1.029000,,v0.4.0-fixed-lag
1137257590,1137254047,1137257590,1137257590,3.543000,0,0,0,0,1.000000,432.444444,1,611.291200,3.543000,,v0.4.0-fixed-lag
1137827773,1137830043,1137827773,1137827773,-2.270000,0,0,0,0,1.000000,443.000000,1,611.003840,2.270000,,v0.4.0-fixed-lag
1138409340,0,1138409340,1138409340,0.000000,1,1,1,0,1.000000,457.333333,1,603.755840,0.000000,waveform_inserted+timing_recovered,v0.4.0-fixed-lag
1139009626,1139006047,1139009626,1139009626,3.579000,0,0,0,0,1.000000,479.000000,1,603.755840,3.579000,,v0.4.0-fixed-lag
1139649222,1139646043,1139649222,1139649222,3.179000,0,0,0,0,1.000000,486.333333,1,604.981440,3.179000,,v0.4.0-fixed-lag
1140327448,1140326043,1140327448,1140327448,1.405000,0,0,0,0,1.000000,474.555556,1,604.981440,1.405000,,v0.4.0-fixed-lag
1141014846,1141014046,1141014846,1141014846,0.800000,0,0,0,0,1.000000,464.888889,1,613.078720,0.800000,,v0.4.0-fixed-lag
1141686164,0,1141686164,1141686164,0.000000,1,1,1,0,1.000000,449.333333,1,616.411520,0.000000,waveform_inserted+timing_recovered,v0.4.0-fixed-lag
1142334293,1142334043,1142334293,1142334293,0.250000,0,0,0,0,1.000000,447.333333,1,616.411520,0.250000,,v0.4.0-fixed-lag
1142942891,1142942043,1142942891,1142942891,0.848000,0,0,0,0,1.000000,430.444444,1,634.430720,0.848000,,v0.4.0-fixed-lag
1143548400,1143550047,1143548400,1143548400,-1.647000,0,0,0,0,1.000000,451.222222,1,634.430720,1.647000,,v0.4.0-fixed-lag
1144177182,1144174047,1144177182,1144177182,3.135000,0,0,0,0,1.000000,470.333333,1,639.870720,3.135000,,v0.4.0-fixed-lag
1144823790,0,1144823790,1144823790,0.000000,1,1,1,0,1.000000,476.777778,1,645.310720,0.000000,waveform_inserted+timing_recovered,v0.4.0-fixed-lag
1145484268,1145486046,1145484268,1145484268,-1.778000,0,0,0,0,1.000000,475.222222,1,652.994560,1.778000,,v0.4.0-fixed-lag
1146156104,1146158047,1146156104,1146156104,-1.943000,0,0,0,0,1.000000,480.222222,1,664.361280,1.943000,,v0.4.0-fixed-lag
1146877154,1146878043,1146877154,1146877154,-0.889000,0,0,0,0,1.000000,514.777778,1,675.241280,0.889000,,v0.4.0-fixed-lag
1147637599,1147638043,1147637599,1147637599,-0.444000,0,0,0,0,1.000000,511.555556,1,680.681280,0.444000,,v0.4.0-fixed-lag
1148421473,1148422044,1148421473,1148421473,-0.571000,0,0,0,0,1.000000,510.777778,1,691.561280,0.571000,,v0.4.0-fixed-lag
1149229683,1149230047,1149229683,1149229683,-0.364000,0,0,0,0,1.000000,508.222222,1,706.392960,0.364000,,v0.4.0-fixed-lag
1150015223,1150014047,1150015223,1150015223,1.176000,0,0,0,0,1.000000,481.888889,1,715.467520,1.176000,,v0.4.0-fixed-lag
1150768634,1150766046,1150768634,1150768634,2.588000,0,0,0,0,1.000000,499.222222,1,736.656000,2.588000,,v0.4.0-fixed-lag
1151560900,1151558043,1151560900,1151560900,2.857000,0,0,0,0,1.000000,521.444444,1,757.891520,2.857000,,v0.4.0-fixed-lag
1152375532,1152374046,1152375532,1152375532,1.486000,0,0,0,0,1.000000,533.222222,1,760.142400,1.486000,,v0.4.0-fixed-lag
1153193821,1153190043,1153193821,1153193821,3.778000,0,0,0,0,1.000000,523.222222,1,767.639680,3.778000,,v0.4.0-fixed-lag
1153960447,1153958047,1153960447,1153960447,2.400000,0,0,0,0,1.000000,501.333333,1,768.172800,2.400000,,v0.4.0-fixed-lag
1154703619,1154702043,1154703619,1154703619,1.576000,0,0,0,0,1.000000,516.666667,1,768.172800,1.576000,,v0.4.0-fixed-lag
1155476794,1155470046,1155476794,1155476794,6.748000,0,0,0,0,1.000000,542.888889,1,768.172800,6.748000,,v0.4.0-fixed-lag
1156279691,1156278044,1156279691,1156279691,1.647000,0,0,0,0,1.000000,537.222222,1,768.172800,1.647000,,v0.4.0-fixed-lag
1157092797,1157094047,1157092797,1157092797,-1.250000,0,0,0,0,1.000000,517.111111,1,773.612800,1.250000,,v0.4.0-fixed-lag
1157899223,1157902047,1157899223,1157899223,-2.824000,0,0,0,0,1.000000,536.666667,1,775.765120,2.824000,,v0.4.0-fixed-lag
1158700712,1158694043,1158700712,1158700712,6.669000,0,0,0,0,1.000000,536.777778,1,784.607040,6.669000,,v0.4.0-fixed-lag
1159447929,1159446047,1159447929,1159447929,1.882000,0,0,0,0,1.000000,504.222222,1,784.607040,1.882000,,v0.4.0-fixed-lag
1160128832,1160126044,1160128832,1160128832,2.788000,0,0,0,0,1.000000,485.444444,1,789.596480,2.788000,,v0.4.0-fixed-lag
1160819457,0,1160819457,1160819457,0.000000,1,1,1,0,1.000000,493.222222,1,780.536000,0.000000,waveform_inserted+timing_recovered,v0.4.0-fixed-lag
1161530278,1161526043,1161530278,1161530278,4.235000,0,0,0,0,1.000000,498.444444,1,780.536000,4.235000,,v0.4.0-fixed-lag
1162236398,1162238045,1162236398,1162236398,-1.647000,0,0,0,0,1.000000,504.444444,1,785.976000,1.647000,,v0.4.0-fixed-lag
1162972786,1162974043,1162972786,1162972786,-1.257000,0,0,0,0,1.000000,537.333333,1,777.669440,1.257000,,v0.4.0-fixed-lag
1163724932,1163726043,1163724932,1163724932,-1.111000,0,0,0,0,1.000000,555.333333,1,779.644160,1.111000,,v0.4.0-fixed-lag
1164536100,1164534046,1164536100,1164536100,2.054000,0,0,0,0,1.000000,555.333333,1,779.644160,2.054000,,v0.4.0-fixed-lag
1165332268,1165334046,1165332268,1165332268,-1.778000,0,0,0,0,1.000000,535.333333,1,785.084160,1.778000,,v0.4.0-fixed-lag
1166141679,1166142043,1166141679,1166141679,-0.364000,0,0,0,0,1.000000,562.777778,1,790.524160,0.364000,,v0.4.0-fixed-lag
1166976268,1166974046,1166976268,1166976268,2.222000,0,0,0,0,1.000000,569.333333,1,795.964160,2.222000,,v0.4.0-fixed-lag
1167864990,0,1167864990,1167864990,0.000000,1,1,1,0,1.000000,570.666667,1,806.446720,0.000000,waveform_inserted+timing_recovered,v0.4.0-fixed-lag
1168784097,1168766043,1168784097,1168784097,18.054000,0,0,0,0,1.000000,549.111111,1,820.533760,18.054000,,v0.4.0-fixed-lag
1169638518,1169638047,1169638518,1169638518,0.471000,0,0,0,0,1.000000,528.222222,1,830.211520,0.471000,,v0.4.0-fixed-lag
1170497394,1170494043,1170497394,1170497394,3.351000,0,0,0,0,1.000000,558.777778,1,830.773760,3.351000,,v0.4.0-fixed-lag
1171385224,1171382045,1171385224,1171385224,3.179000,0,0,0,0,1.000000,562.777778,1,843.708480,3.179000,,v0.4.0-fixed-lag
1172275256,1172270046,1172275256,1172275256,5.210000,0,0,0,0,1.000000,528.444444,1,850.054720,5.210000,,v0.4.0-fixed-lag
1173124265,1173126043,1173124265,1173124265,-1.778000,0,0,0,0,1.000000,534.111111,1,851.480320,1.778000,,v0.4.0-fixed-lag
1174016487,1174014043,1174016487,1174016487,2.444000,0,0,0,0,1.000000,567.000000,1,851.480320,2.444000,,v0.4.0-fixed-lag
1174933243,1174934043,1174933243,1174933243,-0.800000,0,0,0,0,1.000000,560.444444,1,866.185600,0.800000,,v0.4.0-fixed-lag
1175835013,1175830043,1175835013,1175835013,4.970000,0,0,0,0,1.000000,522.666667,1,866.471040,4.970000,,v0.4.0-fixed-lag
1176678514,1176678043,1176678514,1176678514,0.471000,0,0,0,0,1.000000,520.333333,1,866.890240,0.471000,,v0.4.0-fixed-lag
1177528631,1177518046,1177528631,1177528631,10.585000,0,0,0,0,1.000000,545.333333,1,871.625600,10.585000,,v0.4.0-fixed-lag
1178385073,1178382043,1178385073,1178385073,3.030000,0,0,0,0,1.000000,537.555556,1,871.625600,3.030000,,v0.4.0-fixed-lag
1179226548,1179230048,1179226548,1179226548,-3.500000,0,0,0,0,1.000000,518.111111,1,866.185600,3.500000,,v0.4.0-fixed-lag
1179999925,1179998043,1179999925,1179999925,1.882000,0,0,0,0,1.000000,494.333333,1,856.141440,1.882000,,v0.4.0-fixed-lag
1180704329,0,1180704329,1180704329,0.000000,1,1,1,0,1.000000,453.888889,1,848.677440,0.000000,waveform_inserted+timing_recovered,v0.4.0-fixed-lag
1181348366,1181350043,1181348366,1181348366,-1.677000,0,0,0,0,1.000000,452.333333,1,848.677440,1.677000,,v0.4.0-fixed-lag
1182029506,1182030047,1182029506,1182029506,-0.541000,0,0,0,0,1.000000,536.888889,1,846.560320,0.541000,,v0.4.0-fixed-lag
1182790297,1182790047,1182790297,1182790297,0.250000,0,0,0,0,1.000000,559.555556,1,840.472000,0.250000,,v0.4.0-fixed-lag
1183621247,1183622047,1183621247,1183621247,-0.800000,0,0,0,0,1.000000,618.111111,1,813.240640,0.800000,,v0.4.0-fixed-lag
1184518516,1184518045,1184518516,1184518516,0.471000,0,0,0,0,1.000000,597.222222,1,807.800640,0.471000,,v0.4.0-fixed-lag
1185379259,0,1185379259,1185379259,0.000000,1,1,1,0,1.000000,510.111111,1,802.360640,0.000000,waveform_inserted+timing_recovered,v0.4.0-fixed-lag
1186203186,1186206043,1186203186,1186203186,-2.857000,0,0,0,0,1.000000,450.555556,1,791.480640,2.857000,,v0.4.0-fixed-lag
1187003274,1186998051,1187003274,1187003274,5.223000,0,0,0,0,1.000000,433.111111,1,780.600640,5.223000,,v0.4.0-fixed-lag
1187763150,1187454047,1187763150,1187763150,309.103000,0,0,1,0,1.000000,428.555556,1,778.268160,309.103000,timing_recovered,v0.4.0-fixed-lag
1188502172,1188502043,1188502172,1188502172,0.129000,0,0,0,0,1.000000,430.444444,1,778.268160,0.129000,,v0.4.0-fixed-lag
1189209337,1189206043,1189209337,1189209337,3.294000,0,0,0,0,1.000000,440.666667,1,772.828160,3.294000,,v0.4.0-fixed-lag
1189890285,1189886046,1189890285,1189890285,4.239000,0,0,0,0,1.000000,439.000000,1,772.828160,4.239000,,v0.4.0-fixed-lag
1190559456,1190558044,1190559456,1190559456,1.412000,0,0,0,0,1.000000,445.777778,1,767.388160,1.412000,,v0.4.0-fixed-lag
1191199378,1191198045,1191199378,1191199378,1.333000,0,0,0,0,1.000000,427.000000,1,754.520320,1.333000,,v0.4.0-fixed-lag
1191848487,0,1191848487,1191848487,0.000000,1,1,1,0,1.000000,472.000000,1,747.847040,0.000000,waveform_inserted+timing_recovered,v0.4.0-fixed-lag
1192495154,1192494043,1192495154,1192495154,1.111000,0,0,0,0,1.000000,461.666667,1,743.092800,1.111000,,v0.4.0-fixed-lag
1193172044,1193174044,1193172044,1193172044,-2.000000,0,0,0,0,1.000000,479.888889,1,734.703360,2.000000,,v0.4.0-fixed-lag
1193861104,1193862045,1193861104,1193861104,-0.941000,0,0,0,0,1.000000,463.888889,1,733.404800,0.941000,,v0.4.0-fixed-lag
1194562518,1194558045,1194562518,1194562518,4.473000,0,0,0,0,1.000000,494.777778,1,738.844800,4.473000,,v0.4.0-fixed-lag
1195290932,1195286046,1195290932,1195290932,4.886000,0,0,0,0,1.000000,507.444444,1,733.404800,4.886000,,v0.4.0-fixed-lag
1196069337,1196070043,1196069337,1196069337,-0.706000,0,0,0,0,1.000000,518.777778,1,733.404800,0.706000,,v0.4.0-fixed-lag
1196863235,1196862046,1196863235,1196863235,1.189000,0,0,0,0,1.000000,512.222222,1,733.404800,1.189000,,v0.4.0-fixed-lag
1197645411,1197646043,1197645411,1197645411,-0.632000,0,0,0,0,1.000000,502.555556,1,737.299200,0.632000,,v0.4.0-fixed-lag
1198418280,1198414043,1198418280,1198418280,4.237000,0,0,0,0,1.000000,492.000000,1,741.252480,4.237000,,v0.4.0-fixed-lag
1199188359,1199190043,1199188359,1199188359,-1.684000,0,0,0,0,1.000000,482.666667,1,755.332480,1.684000,,v0.4.0-fixed-lag
1199932786,1199934043,1199932786,1199932786,-1.257000,0,0,0,0,1.000000,478.222222,1,768.665280,1.257000,,v0.4.0-fixed-lag
1200692639,1200694044,1200692639,1200692639,-1.405000,0,0,0,0,1.000000,502.777778,1,774.105280,1.405000,,v0.4.0-fixed-lag
1201490675,1201486043,1201490675,1201490675,4.632000,0,0,0,0,1.000000,523.333333,1,779.545280,4.632000,,v0.4.0-fixed-lag
1202321842,1202318047,1202321842,1202321842,3.795000,0,0,0,0,1.000000,528.222222,1,785.878080,3.795000,,v0.4.0-fixed-lag
1203187558,1203182046,1203187558,1203187558,5.512000,0,0,0,0,1.000000,533.777778,1,787.649600,5.512000,,v0.4.0-fixed-lag
1204028269,1204030047,1204028269,1204028269,-1.778000,0,0,0,0,1.000000,520.444444,1,794.296320,1.778000,,v0.4.0-fixed-lag
1204865827,1204862043,1204865827,1204865827,3.784000,0,0,0,0,1.000000,533.333333,1,794.296320,3.784000,,v0.4.0-fixed-lag
1205713158,1205710047,1205713158,1205713158,3.111000,0,0,0,0,1.000000,533.666667,1,799.371520,3.111000,,v0.4.0-fixed-lag
1206536100,1206534046,1206536100,1206536100,2.054000,0,0,0,0,1.000000,514.444444,1,815.413440,2.054000,,v0.4.0-fixed-lag
1207336710,1207334043,1207336710,1207336710,2.667000,0,0,0,0,1.000000,526.444444,1,815.413440,2.667000,,v0.4.0-fixed-lag
1208152490,1208150046,1208152490,1208152490,2.444000,0,0,0,0,1.000000,534.555556,1,815.413440,2.444000,,v0.4.0-fixed-lag
1208972854,1208974043,1208972854,1208972854,-1.189000,0,0,0,0,1.000000,530.444444,1,815.413440,1.189000,,v0.4.0-fixed-lag
1209786912,1209782047,1209786912,1209786912,4.865000,0,0,0,0,1.000000,530.444444,1,815.413440,4.865000,,v0.4.0-fixed-lag
1210609397,1210606046,1210609397,1210609397,3.351000,0,0,0,0,1.000000,526.777778,1,812.781440,3.351000,,v0.4.0-fixed-lag
1211419458,1211414046,1211419458,1211419458,5.412000,0,0,0,0,1.000000,517.777778,1,818.075200,5.412000,,v0.4.0-fixed-lag
1212170293,1212166047,1212170293,1212170293,4.246000,0,0,0,0,1.000000,489.222222,1,822.836480,4.246000,,v0.4.0-fixed-lag
1212923599,1212926043,1212923599,1212923599,-2.444000,0,0,0,0,1.000000,523.111111,1,821.369600,2.444000,,v0.4.0-fixed-lag
1213708269,1213710047,1213708269,1213708269,-1.778000,0,0,0,0,1.000000,537.444444,1,815.378560,1.778000,,v0.4.0-fixed-lag
1214517832,1214518043,1214517832,1214517832,-0.211000,0,0,0,0,1.000000,551.000000,1,814.099520,0.211000,,v0.4.0-fixed-lag
1215341158,1215342047,1215341158,1215341158,-0.889000,0,0,0,0,1.000000,542.888889,1,814.099520,0.889000,,v0.4.0-fixed-lag
1216147647,1216142043,1216147647,1216147647,5.604000,0,0,0,0,1.000000,526.444444,1,814.099520,5.604000,,v0.4.0-fixed-lag
1216930043,1216926043,1216930043,1216930043,4.000000,0,0,0,0,1.000000,531.555556,1,813.940160,4.000000,,v0.4.0-fixed-lag
1217756632,1217758044,1217756632,1217756632,-1.412000,0,0,0,0,1.000000,557.444444,1,812.956480,1.412000,,v0.4.0-fixed-lag
1218618696,1218614044,1218618696,1218618696,4.652000,0,0,0,0,1.000000,575.555556,1,818.396480,4.652000,,v0.4.0-fixed-lag
1219472712,1219470045,1219472712,1219472712,2.667000,0,0,0,0,1.000000,542.000000,1,818.396480,2.667000,,v0.4.0-fixed-lag
1220272793,1220270043,1220272793,1220272793,2.750000,0,0,0,0,1.000000,513.777778,1,813.940160,2.750000,,v0.4.0-fixed-lag
1221060165,1221054047,1221060165,1221060165,6.118000,0,0,0,0,1.000000,544.000000,1,813.940160,6.118000,,v0.4.0-fixed-lag
1221888487,0,1221888487,1221888487,0.000000,1,1,1,0,1.000000,554.555556,1,813.940160,0.000000,waveform_inserted+timing_recovered,v0.4.0-fixed-lag
1222734265,0,1222734265,1222734265,0.000000,1,1,1,0,1.000000,560.666667,1,812.904320,0.000000,waveform_inserted+timing_recovered,v0.4.0-fixed-lag
1223608197,1223606043,1223608197,1223608197,2.154000,0,0,0,0,1.000000,559.111111,1,813.948480,2.154000,,v0.4.0-fixed-lag
1224444265,1224430047,1224444265,1224444265,14.218000,0,0,0,0,1.000000,559.222222,1,819.943040,14.218000,,v0.4.0-fixed-lag
1225287599,1225286043,1225287599,1225287599,1.556000,0,0,0,0,1.000000,555.888889,1,822.421760,1.556000,,v0.4.0-fixed-lag
1226101105,1226102046,1226101105,1226101105,-0.941000,0,0,0,0,1.000000,508.666667,1,824.746880,0.941000,,v0.4.0-fixed-lag
1226893043,1226894043,1226893043,1226893043,-1.000000,0,0,0,0,1.000000,524.666667,1,822.421760,1.000000,,v0.4.0-fixed-lag
1227655532,0,1227655532,1227655532,0.000000,1,1,1,0,1.000000,530.555556,1,825.383040,0.000000,waveform_inserted+timing_recovered,v0.4.0-fixed-lag
1228399602,1228062045,1228399602,1228399602,337.557000,0,0,1,0,1.000000,509.888889,1,825.383040,337.557000,timing_recovered,v0.4.0-fixed-lag
1229120631,1228790044,1229120631,1229120631,330.587000,0,0,1,0,1.000000,515.333333,1,825.383040,330.587000,timing_recovered,v0.4.0-fixed-lag
1229871448,1229870043,1229871448,1229871448,1.405000,0,0,0,0,1.000000,564.222222,1,820.641920,1.405000,,v0.4.0-fixed-lag
1230662514,1230662043,1230662514,1230662514,0.471000,0,0,0,0,1.000000,575.333333,1,813.740160,0.471000,,v0.4.0-fixed-lag
1231481395,0,1231481395,1231481395,0.000000,1,1,1,0,1.000000,565.888889,1,813.461120,0.000000,waveform_inserted+timing_recovered,v0.4.0-fixed-lag
1232320710,0,1232320710,1232320710,0.000000,1,1,1,0,1.000000,582.888889,1,813.461120,0.000000,waveform_inserted+timing_recovered,v0.4.0-fixed-lag
1233162266,0,1233162266,1233162266,0.000000,1,1,1,0,1.000000,576.222222,1,813.461120,0.000000,waveform_inserted+timing_recovered,v0.4.0-fixed-lag
1234000215,1233974043,1234000215,1234000215,26.172000,0,0,0,0,1.000000,567.222222,1,813.461120,26.172000,,v0.4.0-fixed-lag
1234852642,1234854047,1234852642,1234852642,-1.405000,0,0,0,0,1.000000,592.111111,1,808.021120,1.405000,,v0.4.0-fixed-lag
1235726043,1235726043,1235726043,1235726043,0.000000,0,0,0,0,1.000000,577.222222,1,811.481920,0.000000,,v0.4.0-fixed-lag
1236565472,1236566043,1236565472,1236565472,-0.571000,0,0,0,0,1.000000,538.444444,1,817.583680,0.571000,,v0.4.0-fixed-lag
1237420638,1237422043,1237420638,1237420638,-1.405000,0,0,0,0,1.000000,576.000000,1,818.020800,1.405000,,v0.4.0-fixed-lag
1238263310,1238262047,1238263310,1238263310,1.263000,0,0,0,0,1.000000,555.777778,1,812.617280,1.263000,,v0.4.0-fixed-lag
1239079531,1239078045,1239079531,1239079531,1.486000,0,0,0,0,1.000000,530.222222,1,813.297920,1.486000,,v0.4.0-fixed-lag
1239877825,1239878047,1239877825,1239877825,-0.222000,0,0,0,0,1.000000,543.777778,1,813.297920,0.222000,,v0.4.0-fixed-lag
1240663885,1240662047,1240663885,1240663885,1.838000,0,0,0,0,1.000000,537.777778,1,813.297920,1.838000,,v0.4.0-fixed-lag
1241433203,1241430045,1241433203,1241433203,3.158000,0,0,0,0,1.000000,520.555556,1,812.617280,3.158000,,v0.4.0-fixed-lag
1242169341,1242166047,1242169341,1242169341,3.294000,0,0,0,0,1.000000,505.444444,1,812.617280,3.294000,,v0.4.0-fixed-lag
1242873131,1242870045,1242873131,1242873131,3.086000,0,0,0,0,1.000000,498.333333,1,799.750720,3.086000,,v0.4.0-fixed-lag
1243604569,1243606043,1243604569,1243604569,-1.474000,0,0,0,0,1.000000,513.222222,1,794.014080,1.474000,,v0.4.0-fixed-lag
1244361824,1244366046,1244361824,1244361824,-4.222000,0,0,0,0,1.000000,523.222222,1,784.659200,4.222000,,v0.4.0-fixed-lag
1245110710,0,1245110710,1245110710,0.000000,1,1,1,0,1.000000,509.333333,1,779.301760,0.000000,waveform_inserted+timing_recovered,v0.4.0-fixed-lag
1245873853,1245870043,1245873853,1245873853,3.810000,0,0,0,0,1.000000,560.444444,1,775.441600,3.810000,,v0.4.0-fixed-lag
1246637719,0,1246637719,1246637719,0.000000,1,1,1,0,1.000000,550.111111,1,775.441600,0.000000,waveform_inserted+timing_recovered,v0.4.0-fixed-lag
1247398464,0,1247398464,1247398464,0.000000,1,1,1,0,1.000000,539.111111,1,775.441600,0.000000,waveform_inserted+timing_recovered,v0.4.0-fixed-lag
1248100710,1248102043,1248100710,1248100710,-1.333000,0,0,0,0,1.000000,515.777778,1,770.001600,1.333000,,v0.4.0-fixed-lag
1248798966,1248798043,1248798966,1248798966,0.923000,0,0,0,0,1.000000,553.666667,1,767.323520,0.923000,,v0.4.0-fixed-lag
1249534885,1249534043,1249534885,1249534885,0.842000,0,0,0,0,1.000000,560.888889,1,767.323520,0.842000,,v0.4.0-fixed-lag
1250301846,1250302046,1250301846,1250301846,-0.200000,0,0,0,0,1.000000,577.888889,1,767.323520,0.200000,,v0.4.0-fixed-lag
1251088990,1251086043,1251088990,1251088990,2.947000,0,0,0,0,1.000000,565.555556,1,770.001600,2.947000,,v0.4.0-fixed-lag
1251874046,1251870046,1251874046,1251874046,4.000000,0,0,0,0,1.000000,566.333333,1,771.118400,4.000000,,v0.4.0-fixed-lag
1252675645,1252678045,1252675645,1252675645,-2.400000,0,0,0,0,1.000000,598.444444,1,771.885760,2.400000,,v0.4.0-fixed-lag
1253492569,1253494043,1253492569,1253492569,-1.474000,0,0,0,0,1.000000,588.111111,1,772.117120,1.474000,,v0.4.0-fixed-lag
1254307128,1254302045,1254307128,1254307128,5.083000,0,0,0,0,1.000000,587.444444,1,773.107520,5.083000,,v0.4.0-fixed-lag
1255099602,1255094045,1255099602,1255099602,5.557000,0,0,0,0,1.000000,552.555556,1,778.897920,5.557000,,v0.4.0-fixed-lag
1255888097,1255886043,1255888097,1255888097,2.054000,0,0,0,0,1.000000,578.222222,1,779.566080,2.054000,,v0.4.0-fixed-lag
1256680782,1256678045,1256680782,1256680782,2.737000,0,0,0,0,1.000000,586.888889,1,779.998400,2.737000,,v0.4.0-fixed-lag
1257491154,1257486043,1257491154,1257491154,5.111000,0,0,0,0,1.000000,578.111111,1,781.271680,5.111000,,v0.4.0-fixed-lag
1258305020,1258302046,1258305020,1258305020,2.974000,0,0,0,0,1.000000,569.444444,1,786.779200,2.974000,,v0.4.0-fixed-lag
1259088935,1259086046,1259088935,1259088935,2.889000,0,0,0,0,1.000000,522.888889,1,789.631680,2.889000,,v0.4.0-fixed-lag
1259848099,1259846045,1259848099,1259848099,2.054000,0,0,0,0,1.000000,559.888889,1,789.631680,2.054000,,v0.4.0-fixed-lag
1260610733,1260606046,1260610733,1260610733,4.687000,0,0,0,0,1.000000,558.222222,1,792.219200,4.687000,,v0.4.0-fixed-lag
1261375669,1261374047,1261375669,1261375669,1.622000,0,0,0,0,1.000000,551.111111,1,792.151680,1.622000,,v0.4.0-fixed-lag
1262129378,1262126045,1262129378,1262129378,3.333000,0,0,0,0,1.000000,525.888889,1,790.878400,3.333000,,v0.4.0-fixed-lag
1262874714,1262878047,1262874714,1262874714,-3.333000,0,0,0,0,1.000000,557.555556,1,789.412800,3.333000,,v0.4.0-fixed-lag
1263639581,1263638043,1263639581,1263639581,1.538000,0,0,0,0,1.000000,585.555556,1,783.339520,1.538000,,v0.4.0-fixed-lag
1264431791,1264430047,1264431791,1264431791,1.744000,0,0,0,0,1.000000,582.666667,1,783.317440,1.744000,,v0.4.0-fixed-lag
1265244569,1265246043,1265244569,1265244569,-1.474000,0,0,0,0,1.000000,587.000000,1,783.317440,1.474000,,v0.4.0-fixed-lag
1266076782,1266078045,1266076782,1266076782,-1.263000,0,0,0,0,1.000000,584.777778,1,783.317440,1.263000,,v0.4.0-fixed-lag
1266896992,1266894045,1266896992,1266896992,2.947000,0,0,0,0,1.000000,564.777778,1,783.317440,2.947000,,v0.4.0-fixed-lag
1267710157,1267710043,1267710157,1267710157,0.114000,0,0,0,0,1.000000,581.555556,1,783.339520,0.114000,,v0.4.0-fixed-lag
1268524043,1268526043,1268524043,1268524043,-2.000000,0,0,0,0,1.000000,577.222222,1,792.067200,2.000000,,v0.4.0-fixed-lag
1269334585,1269334044,1269334585,1269334585,0.541000,0,0,0,0,1.000000,563.777778,1,798.648960,0.541000,,v0.4.0-fixed-lag
1270120992,1270118045,1270120992,1270120992,2.947000,0,0,0,0,1.000000,561.666667,1,798.648960,2.947000,,v0.4.0-fixed-lag
1270897201,1270894043,1270897201,1270897201,3.158000,0,0,0,0,1.000000,572.555556,1,798.648960,3.158000,,v0.4.0-fixed-lag
1271664100,1271662046,1271664100,1271664100,2.054000,0,0,0,0,1.000000,552.888889,1,798.648960,2.054000,,v0.4.0-fixed-lag
1272405472,1272406043,1272405472,1272405472,-0.571000,0,0,0,0,1.000000,531.222222,1,804.088960,0.571000,,v0.4.0-fixed-lag
1273163824,1273166046,1273163824,1273163824,-2.222000,0,0,0,0,1.000000,591.000000,1,803.373440,2.222000,,v0.4.0-fixed-lag
1273940641,1273942046,1273940641,1273940641,-1.405000,0,0,0,0,1.000000,598.111111,1,801.090240,1.405000,,v0.4.0-fixed-lag
1274738456,1274734046,1274738456,1274738456,4.410000,0,0,0,0,1.000000,599.888889,1,803.461440,4.410000,,v0.4.0-fixed-lag
1275525836,1275526047,1275525836,1275525836,-0.211000,0,0,0,0,1.000000,588.777778,1,803.461440,0.211000,,v0.4.0-fixed-lag
1276334445,1276334045,1276334445,1276334445,0.400000,0,0,0,0,1.000000,633.777778,1,803.461440,0.400000,,v0.4.0-fixed-lag
1277152447,1277150047,1277152447,1277152447,2.400000,0,0,0,0,1.000000,624.777778,1,803.461440,2.400000,,v0.4.0-fixed-lag
1277950675,1277950043,1277950675,1277950675,0.632000,0,0,0,0,1.000000,597.777778,1,803.461440,0.632000,,v0.4.0-fixed-lag
1278799811,1278798044,1278799811,1278799811,1.767000,0,0,0,0,1.000000,646.222222,1,801.401600,1.767000,,v0.4.0-fixed-lag
1279669664,1279670045,1279669664,1279669664,-0.381000,0,0,0,0,1.000000,653.555556,1,804.740800,0.381000,,v0.4.0-fixed-lag
1280575255,1280574046,1280575255,1280575255,1.209000,0,0,0,0,1.000000,642.666667,1,804.872960,1.209000,,v0.4.0-fixed-lag
1281432486,1281430047,1281432486,1281432486,2.439000,0,0,0,0,1.000000,581.666667,1,802.754880,2.439000,,v0.4.0-fixed-lag
1282287585,1282286047,1282287585,1282287585,1.538000,0,0,0,0,1.000000,615.111111,1,805.760640,1.538000,,v0.4.0-fixed-lag
1283134464,1283134043,1283134464,1283134464,0.421000,0,0,0,0,1.000000,587.111111,1,815.723520,0.421000,,v0.4.0-fixed-lag
1283934967,1283934044,1283934967,1283934967,0.923000,0,0,0,0,1.000000,557.777778,1,815.723520,0.923000,,v0.4.0-fixed-lag
1284677472,1284678043,1284677472,1284677472,-0.571000,0,0,0,0,1.000000,512.555556,1,815.723520,0.571000,,v0.4.0-fixed-lag
1285347927,1285350045,1285347927,1285347927,-2.118000,0,0,0,0,1.000000,436.444444,1,815.723520,2.118000,,v0.4.0-fixed-lag
1286006460,1286006046,1286006460,1286006460,0.414000,0,0,0,0,1.000000,506.555556,1,815.723520,0.414000,,v0.4.0-fixed-lag
1286660526,1286662043,1286660526,1286660526,-1.517000,0,0,0,0,1.000000,483.777778,1,809.561280,1.517000,,v0.4.0-fixed-lag
1287312101,1287310047,1287312101,1287312101,2.054000,0,0,0,0,1.000000,521.222222,1,794.720960,2.054000,,v0.4.0-fixed-lag
1288024161,1288366046,1288024161,1288024161,-341.885000,0,0,1,0,1.000000,539.222222,1,776.161600,341.885000,timing_recovered,v0.4.0-fixed-lag
1288756047,0,1288756047,1288756047,0.000000,1,1,1,0,1.000000,552.222222,1,760.979200,0.000000,waveform_inserted+timing_recovered,v0.4.0-fixed-lag
1289516043,0,1289516043,1289516043,0.000000,1,1,1,0,1.000000,545.222222,1,760.979200,0.000000,waveform_inserted+timing_recovered,v0.4.0-fixed-lag
1290266043,1290262043,1290266043,1290266043,4.000000,0,0,0,0,1.000000,507.000000,1,750.099200,4.000000,,v0.4.0-fixed-lag
1290956396,1290958043,1290956396,1290956396,-1.647000,0,0,0,0,1.000000,499.333333,1,744.659200,1.647000,,v0.4.0-fixed-lag
1291691414,1291694043,1291691414,1291691414,-2.629000,0,0,0,0,1.000000,550.111111,1,737.712960,2.629000,,v0.4.0-fixed-lag
1292444100,1292446043,1292444100,1292444100,-1.943000,0,0,0,0,1.000000,536.222222,1,739.219200,1.943000,,v0.4.0-fixed-lag
1293219418,1293214045,1293219418,1293219418,5.373000,0,0,0,0,1.000000,521.555556,1,745.563520,5.373000,,v0.4.0-fixed-lag
1293933812,1293934047,1293933812,1293933812,-0.235000,0,0,0,0,1.000000,486.333333,1,741.125760,0.235000,,v0.4.0-fixed-lag
1294647451,1294646046,1294647451,1294647451,1.405000,0,0,0,0,1.000000,528.888889,1,741.125760,1.405000,,v0.4.0-fixed-lag
1295382047,1295382047,1295382047,1295382047,0.000000,0,0,0,0,1.000000,519.333333,1,741.125760,0.000000,,v0.4.0-fixed-lag
1296153614,1296150046,1296153614,1296153614,3.568000,0,0,0,0,1.000000,550.222222,1,741.125760,3.568000,,v0.4.0-fixed-lag
1296896631,1296894043,1296896631,1296896631,2.588000,0,0,0,0,1.000000,494.444444,1,746.565760,2.588000,,v0.4.0-fixed-lag
1297639076,1297638047,1297639076,1297639076,1.029000,0,0,0,0,1.000000,528.111111,1,746.565760,1.029000,,v0.4.0-fixed-lag
1298420396,0,1298420396,1298420396,0.000000,1,1,1,0,1.000000,544.444444,1,754.382400,0.000000,waveform_inserted+timing_recovered,v0.4.0-fixed-lag
1299206161,0,1299206161,1299206161,0.000000,1,1,1,0,1.000000,530.333333,1,754.565440,0.000000,waveform_inserted+timing_recovered,v0.4.0-fixed-lag
1300008046,0,1300008046,1300008046,0.000000,1,1,1,0,1.000000,525.333333,1,760.005440,0.000000,waveform_inserted+timing_recovered,v0.4.0-fixed-lag
1300759293,1300758043,1300759293,1300759293,1.250000,0,0,0,0,1.000000,488.777778,1,760.005440,1.250000,,v0.4.0-fixed-lag
1301517811,1301518046,1301517811,1301517811,-0.235000,0,0,0,0,1.000000,516.444444,1,762.639040,0.235000,,v0.4.0-fixed-lag
1302307013,0,1302307013,1302307013,0.000000,1,1,1,0,1.000000,539.777778,1,770.405760,0.000000,waveform_inserted+timing_recovered,v0.4.0-fixed-lag
1303106529,0,1303106529,1303106529,0.000000,1,1,1,0,1.000000,540.222222,1,774.581440,0.000000,waveform_inserted+timing_recovered,v0.4.0-fixed-lag
1303919219,0,1303919219,1303919219,0.000000,1,1,1,0,1.000000,531.666667,1,777.702400,0.000000,waveform_inserted+timing_recovered,v0.4.0-fixed-lag
1304691690,1304694043,1304691690,1304691690,-2.353000,0,0,0,0,1.000000,503.666667,1,779.124800,2.353000,,v0.4.0-fixed-lag
1305490530,1305494045,1305490530,1305490530,-3.515000,0,0,0,0,1.000000,533.222222,1,779.124800,3.515000,,v0.4.0-fixed-lag
1306292227,0,1306292227,1306292227,0.000000,1,1,1,0,1.000000,517.444444,1,780.224640,0.000000,waveform_inserted+timing_recovered,v0.4.0-fixed-lag
1307108225,1307110043,1307108225,1307108225,-1.818000,0,0,0,0,1.000000,520.444444,1,783.308800,1.818000,,v0.4.0-fixed-lag
1307894546,1307894046,1307894546,1307894546,0.500000,0,0,0,0,1.000000,510.666667,1,788.748800,0.500000,,v0.4.0-fixed-lag
1308667928,0,1308667928,1308667928,0.000000,1,1,1,0,1.000000,528.333333,1,788.748800,0.000000,waveform_inserted+timing_recovered,v0.4.0-fixed-lag
1309441818,0,1309441818,1309441818,0.000000,1,1,1,0,1.000000,530.111111,1,794.188800,0.000000,waveform_inserted+timing_recovered,v0.4.0-fixed-lag
1310214386,1310214043,1310214386,1310214386,0.343000,0,0,0,0,1.000000,520.444444,1,794.188800,0.343000,,v0.4.0-fixed-lag
1310942843,1310942043,1310942843,1310942843,0.800000,0,0,0,0,1.000000,520.333333,1,790.182720,0.800000,,v0.4.0-fixed-lag
1311700631,1311702043,1311700631,1311700631,-1.412000,0,0,0,0,1.000000,564.666667,1,786.204800,1.412000,,v0.4.0-fixed-lag
1312472359,1312470043,1312472359,1312472359,2.316000,0,0,0,0,1.000000,560.222222,1,786.204800,2.316000,,v0.4.0-fixed-lag
1313240904,1313238047,1313240904,1313240904,2.857000,0,0,0,0,1.000000,539.333333,1,786.042240,2.857000,,v0.4.0-fixed-lag
1314031379,1314030046,1314031379,1314031379,1.333000,0,0,0,0,1.000000,604.000000,1,785.781760,1.333000,,v0.4.0-fixed-lag
1314848993,1314846046,1314848993,1314848993,2.947000,0,0,0,0,1.000000,602.555556,1,785.781760,2.947000,,v0.4.0-fixed-lag
1315709411,1315710043,1315709411,1315709411,-0.632000,0,0,0,0,1.000000,605.000000,1,780.341760,0.632000,,v0.4.0-fixed-lag
1316531773,1316534043,1316531773,1316531773,-2.270000,0,0,0,0,1.000000,568.222222,1,780.341760,2.270000,,v0.4.0-fixed-lag
1317340205,1317342043,1317340205,1317340205,-1.838000,0,0,0,0,1.000000,589.333333,1,774.901760,1.838000,,v0.4.0-fixed-lag
1318148505,0,1318148505,1318148505,0.000000,1,1,1,0,1.000000,593.222222,1,780.632000,0.000000,waveform_inserted+timing_recovered,v0.4.0-fixed-lag
1318961225,0,1318961225,1318961225,0.000000,1,1,1,0,1.000000,586.000000,1,786.336000,0.000000,waveform_inserted+timing_recovered,v0.4.0-fixed-lag
1319753394,0,1319753394,1319753394,0.000000,1,1,1,0,1.000000,549.333333,1,786.378240,0.000000,waveform_inserted+timing_recovered,v0.4.0-fixed-lag
1320503727,1320502043,1320503727,1320503727,1.684000,0,0,0,0,1.000000,552.888889,1,791.818240,1.684000,,v0.4.0-fixed-lag
1321217204,1321214046,1321217204,1321217204,3.158000,0,0,0,0,1.000000,548.888889,1,791.818240,3.158000,,v0.4.0-fixed-lag
1321952486,0,1321952486,1321952486,0.000000,1,1,1,0,1.000000,590.666667,1,791.818240,0.000000,waveform_inserted+timing_recovered,v0.4.0-fixed-lag
1322626285,0,1322626285,1322626285,0.000000,1,1,1,0,1.000000,468.555556,1,797.216000,0.000000,waveform_inserted+timing_recovered,v0.4.0-fixed-lag
1323268487,0,1323268487,1323268487,0.000000,1,1,1,0,1.000000,491.111111,1,797.494080,0.000000,waveform_inserted+timing_recovered,v0.4.0-fixed-lag
1323894675,1323894043,1323894675,1323894675,0.632000,0,0,0,0,1.000000,509.888889,1,784.106560,0.632000,,v0.4.0-fixed-lag
1324611276,1324614045,1324611276,1324611276,-2.769000,0,0,0,0,1.000000,649.777778,1,784.730240,2.769000,,v0.4.0-fixed-lag
1325373532,0,1325373532,1325373532,0.000000,1,1,1,0,1.000000,590.333333,1,778.752320,0.000000,waveform_inserted+timing_recovered,v0.4.0-fixed-lag
1326172854,0,1326172854,1326172854,0.000000,1,1,1,0,1.000000,633.777778,1,784.192320,0.000000,waveform_inserted+timing_recovered,v0.4.0-fixed-lag
1327028293,0,1327028293,1327028293,0.000000,1,1,1,0,1.000000,568.555556,1,778.752320,0.000000,waveform_inserted+timing_recovered,v0.4.0-fixed-lag
1327902488,1327902044,1327902488,1327902488,0.444000,0,0,0,0,1.000000,518.444444,1,773.312320,0.444000,,v0.4.0-fixed-lag
1328815163,1328814043,1328815163,1328815163,1.120000,0,0,0,0,1.000000,475.888889,1,779.290240,1.120000,,v0.4.0-fixed-lag
1329742843,1329742043,1329742843,1329742843,0.800000,0,0,0,0,1.000000,479.111111,1,782.481920,0.800000,,v0.4.0-fixed-lag
1330662576,1330662043,1330662576,1330662576,0.533000,0,0,0,0,1.000000,508.444444,1,783.463040,0.533000,,v0.4.0-fixed-lag
1331565793,1331566043,1331565793,1331565793,-0.250000,0,0,0,0,1.000000,535.555556,1,795.980480,0.250000,,v0.4.0-fixed-lag
1332431643,1332430043,1332431643,1332431643,1.600000,0,0,0,0,1.000000,603.666667,1,796.542400,1.600000,,v0.4.0-fixed-lag
1333262843,0,1333262843,1333262843,0.000000,1,1,1,0,1.000000,514.111111,1,807.422400,0.000000,waveform_inserted+timing_recovered,v0.4.0-fixed-lag
1334040976,0,1334040976,1334040976,0.000000,1,1,1,0,1.000000,443.444444,1,807.422400,0.000000,waveform_inserted+timing_recovered,v0.4.0-fixed-lag
1334759219,1334758043,1334759219,1334759219,1.176000,0,0,0,0,1.000000,512.000000,1,812.862400,1.176000,,v0.4.0-fixed-lag
1335468787,1335470044,1335468787,1335468787,-1.257000,0,0,0,0,1.000000,513.888889,1,812.862400,1.257000,,v0.4.0-fixed-lag
1336123690,1336118043,1336123690,1336123690,5.647000,0,0,0,0,1.000000,489.666667,1,815.632000,5.647000,,v0.4.0-fixed-lag
1336764205,1336766043,1336764205,1336764205,-1.838000,0,0,0,0,1.000000,498.222222,1,804.544000,1.838000,,v0.4.0-fixed-lag
1337440643,1337438043,1337440643,1337440643,2.600000,0,0,0,0,1.000000,559.000000,1,787.562560,2.600000,,v0.4.0-fixed-lag
1338139599,1338134043,1338139599,1338139599,5.556000,0,0,0,0,1.000000,562.555556,1,762.957760,5.556000,,v0.4.0-fixed-lag
1338852443,1338854043,1338852443,1338852443,-1.600000,0,0,0,0,1.000000,542.000000,1,754.741760,1.600000,,v0.4.0-fixed-lag
1339567506,1339566043,1339567506,1339567506,1.463000,0,0,0,0,1.000000,612.666667,1,754.741760,1.463000,,v0.4.0-fixed-lag
1340346750,1340342043,1340346750,1340346750,4.707000,0,0,0,0,1.000000,539.222222,1,749.301760,4.707000,,v0.4.0-fixed-lag
1341119992,1341118043,1341119992,1341119992,1.949000,0,0,0,0,1.000000,598.555556,1,749.301760,1.949000,,v0.4.0-fixed-lag
1341915599,1341918043,1341915599,1341915599,-2.444000,0,0,0,0,1.000000,578.222222,1,749.301760,2.444000,,v0.4.0-fixed-lag
1342692265,1342694043,1342692265,1342692265,-1.778000,0,0,0,0,1.000000,550.888889,1,744.910080,1.778000,,v0.4.0-fixed-lag
1343474259,1343470046,1343474259,1343474259,4.213000,0,0,0,0,1.000000,557.888889,1,745.620160,4.213000,,v0.4.0-fixed-lag
1344256990,1344254043,1344256990,1344256990,2.947000,0,0,0,0,1.000000,549.111111,1,758.797440,2.947000,,v0.4.0-fixed-lag
1344994504,1344678043,1344994504,1344994504,316.461000,0,0,1,0,1.000000,520.000000,1,759.893120,316.461000,timing_recovered,v0.4.0-fixed-lag
1345758146,0,1345758146,1345758146,0.000000,1,1,1,0,1.000000,585.888889,1,759.893120,0.000000,waveform_inserted+timing_recovered,v0.4.0-fixed-lag
1346545157,1346542046,1346545157,1346545157,3.111000,0,0,0,0,1.000000,545.666667,1,765.333120,3.111000,,v0.4.0-fixed-lag
1347335043,1347014043,1347335043,1347335043,321.000000,0,0,1,0,1.000000,582.444444,1,771.598080,321.000000,timing_recovered,v0.4.0-fixed-lag
1348110560,1348110047,1348110560,1348110560,0.513000,0,0,0,0,1.000000,559.888889,1,772.478080,0.513000,,v0.4.0-fixed-lag
1348881222,1348878043,1348881222,1348881222,3.179000,0,0,0,0,1.000000,560.888889,1,772.478080,3.179000,,v0.4.0-fixed-lag
1349653622,1349654043,1349653622,1349653622,-0.421000,0,0,0,0,1.000000,556.888889,1,776.213120,0.421000,,v0.4.0-fixed-lag
1350418043,1350414043,1350418043,1350418043,4.000000,0,0,0,0,1.000000,552.111111,1,775.845440,4.000000,,v0.4.0-fixed-lag
1351152359,1351150043,1351152359,1351152359,2.316000,0,0,0,0,1.000000,544.111111,1,774.848000,2.316000,,v0.4.0-fixed-lag
1351927992,1351926043,1351927992,1351927992,1.949000,0,0,0,0,1.000000,600.222222,1,768.851840,1.949000,,v0.4.0-fixed-lag
1352712148,1352710043,1352712148,1352712148,2.105000,0,0,0,0,1.000000,591.000000,1,769.408000,2.105000,,v0.4.0-fixed-lag
1353536608,1353534044,1353536608,1353536608,2.564000,0,0,0,0,1.000000,592.777778,1,764.965440,2.564000,,v0.4.0-fixed-lag
1354364870,1354366046,1354364870,1354364870,-1.176000,0,0,0,0,1.000000,567.444444,1,764.965440,1.176000,,v0.4.0-fixed-lag
1355154729,1355150044,1355154729,1355154729,4.685000,0,0,0,0,1.000000,562.444444,1,764.965440,4.685000,,v0.4.0-fixed-lag
1355892162,1355894044,1355892162,1355892162,-1.882000,0,0,0,0,1.000000,519.111111,1,759.562560,1.882000,,v0.4.0-fixed-lag
1356614158,1356614044,1356614158,1356614158,0.114000,0,0,0,0,1.000000,528.111111,1,759.562560,0.114000,,v0.4.0-fixed-lag
1357318043,1357318043,1357318043,1357318043,0.000000,0,0,0,0,1.000000,550.111111,1,759.562560,0.000000,,v0.4.0-fixed-lag
1358020490,1358022046,1358020490,1358020490,-1.556000,0,0,0,0,1.000000,540.222222,1,759.562560,1.556000,,v0.4.0-fixed-lag
1358736903,1358734046,1358736903,1358736903,2.857000,0,0,0,0,1.000000,537.444444,1,759.562560,2.857000,,v0.4.0-fixed-lag
1359429573,0,1359429573,1359429573,0.000000,1,1,1,0,1.000000,497.444444,1,741.898560,0.000000,waveform_inserted+timing_recovered,v0.4.0-fixed-lag
1360123599,1360126043,1360123599,1360123599,-2.444000,0,0,0,0,1.000000,532.777778,1,736.958720,2.444000,,v0.4.0-fixed-lag
1360834265,1360534043,1360834265,1360834265,300.222000,0,0,1,0,1.000000,550.111111,1,729.732160,300.222000,timing_recovered,v0.4.0-fixed-lag
1361550843,0,1361550843,1361550843,0.000000,1,1,1,0,1.000000,532.888889,1,727.893120,0.000000,waveform_inserted+timing_recovered,v0.4.0-fixed-lag
1362286843,0,1362286843,1362286843,0.000000,1,1,1,0,1.000000,535.222222,1,727.893120,0.000000,waveform_inserted+timing_recovered,v0.4.0-fixed-lag
1363021622,0,1363021622,1363021622,0.000000,1,1,1,0,1.000000,526.555556,1,727.893120,0.000000,waveform_inserted+timing_recovered,v0.4.0-fixed-lag
1363742367,1363742043,1363742367,1363742367,0.324000,0,0,0,0,1.000000,528.777778,1,722.453120,0.324000,,v0.4.0-fixed-lag
1364482043,0,1364482043,1364482043,0.000000,1,1,1,0,1.000000,562.888889,1,724.292160,0.000000,waveform_inserted+timing_recovered,v0.4.0-fixed-lag
1365215788,0,1365215788,1365215788,0.000000,1,1,1,0,1.000000,559.666667,1,718.904960,0.000000,waveform_inserted+timing_recovered,v0.4.0-fixed-lag
1365941626,0,1365941626,1365941626,0.000000,1,1,1,0,1.000000,531.333333,1,714.798400,0.000000,waveform_inserted+timing_recovered,v0.4.0-fixed-lag
1366656402,1366342045,1366656402,1366656402,314.357000,0,0,1,0,1.000000,553.000000,1,716.428160,314.357000,timing_recovered,v0.4.0-fixed-lag
1367375787,0,1367375787,1367375787,0.000000,1,1,1,0,1.000000,546.666667,1,716.428160,0.000000,waveform_inserted+timing_recovered,v0.4.0-fixed-lag
1368095306,1368094043,1368095306,1368095306,1.263000,0,0,0,0,1.000000,535.222222,1,716.428160,1.263000,,v0.4.0-fixed-lag
1368793633,1368790043,1368793633,1368793633,3.590000,0,0,0,0,1.000000,504.666667,1,716.428160,3.590000,,v0.4.0-fixed-lag
1369482887,1369486045,1369482887,1369482887,-3.158000,0,0,0,0,1.000000,527.777778,1,714.798400,3.158000,,v0.4.0-fixed-lag
1370167450,1370166045,1370167450,1370167450,1.405000,0,0,0,0,1.000000,548.777778,1,719.846080,1.405000,,v0.4.0-fixed-lag
1370825543,1370822043,1370825543,1370825543,3.500000,0,0,0,0,1.000000,463.555556,1,719.803200,3.500000,,v0.4.0-fixed-lag
1371463533,1371462047,1371463533,1371463533,1.486000,0,0,0,0,1.000000,494.111111,1,718.328320,1.486000,,v0.4.0-fixed-lag
1372125326,1372126044,1372125326,1372125326,-0.718000,0,0,0,0,1.000000,534.666667,1,713.064640,0.718000,,v0.4.0-fixed-lag
1372776710,0,1372776710,1372776710,0.000000,1,1,1,0,1.000000,484.444444,1,710.161280,0.000000,waveform_inserted+timing_recovered,v0.4.0-fixed-lag
1373510464,1373510043,1373510464,1373510464,0.421000,0,0,0,0,1.000000,599.777778,1,703.220160,0.421000,,v0.4.0-fixed-lag
1374248152,1374246047,1374248152,1374248152,2.105000,0,0,0,0,1.000000,573.333333,1,703.220160,2.105000,,v0.4.0-fixed-lag
1375001414,1374998046,1375001414,1375001414,3.368000,0,0,0,0,1.000000,565.000000,1,703.220160,3.368000,,v0.4.0-fixed-lag
1375756856,1375758045,1375756856,1375756856,-1.189000,0,0,0,0,1.000000,537.000000,1,697.780160,1.189000,,v0.4.0-fixed-lag
1376519232,1376518043,1376519232,1376519232,1.189000,0,0,0,0,1.000000,550.000000,1,692.340160,1.189000,,v0.4.0-fixed-lag
1377272846,1377270046,1377272846,1377272846,2.800000,0,0,0,0,1.000000,561.888889,1,702.641280,2.800000,,v0.4.0-fixed-lag
1378040043,1378038043,1378040043,1378040043,2.000000,0,0,0,0,1.000000,558.333333,1,703.900160,2.000000,,v0.4.0-fixed-lag
1378765016,1378766045,1378765016,1378765016,-1.029000,0,0,0,0,1.000000,524.333333,1,703.443840,1.029000,,v0.4.0-fixed-lag
1379452640,1379454045,1379452640,1379452640,-1.405000,0,0,0,0,1.000000,491.888889,1,703.443840,1.405000,,v0.4.0-fixed-lag
1380101201,1380102043,1380101201,1380101201,-0.842000,0,0,0,0,1.000000,489.777778,1,698.003840,0.842000,,v0.4.0-fixed-lag
1380755417,1380750043,1380755417,1380755417,5.374000,0,0,0,0,1.000000,515.555556,1,698.003840,5.374000,,v0.4.0-fixed-lag
1381361377,1381358044,1381361377,1381361377,3.333000,0,0,0,0,1.000000,427.888889,1,698.003840,3.333000,,v0.4.0-fixed-lag
1381955727,1381958043,1381955727,1381955727,-2.316000,0,0,0,0,1.000000,491.888889,1,683.511360,2.316000,,v0.4.0-fixed-lag
1382564710,1382566043,1382564710,1382564710,-1.333000,0,0,0,0,1.000000,489.777778,1,671.559680,1.333000,,v0.4.0-fixed-lag
1383154500,0,1383154500,1383154500,0.000000,1,1,1,0,1.000000,459.333333,1,660.869120,0.000000,waveform_inserted+timing_recovered,v0.4.0-fixed-lag
1383748487,1383750043,1383748487,1383748487,-1.556000,0,0,0,0,1.000000,478.111111,1,659.059520,1.556000,,v0.4.0-fixed-lag
1384368710,1384134043,1384368710,1384368710,234.667000,0,0,1,0,1.000000,493.555556,1,646.394560,234.667000,timing_recovered,v0.4.0-fixed-lag
1385012100,1385014043,1385012100,1385012100,-1.943000,0,0,0,0,1.000000,494.222222,1,646.394560,1.943000,,v0.4.0-fixed-lag
1385610278,1385606045,1385610278,1385610278,4.233000,0,0,0,0,1.000000,448.333333,1,646.394560,4.233000,,v0.4.0-fixed-lag
1386242632,1386246047,1386242632,1386242632,-3.415000,0,0,0,0,1.000000,531.333333,1,645.427200,3.415000,,v0.4.0-fixed-lag
1386885165,1386606046,1386885165,1386885165,279.119000,0,0,1,0,1.000000,509.666667,1,639.987200,279.119000,timing_recovered,v0.4.0-fixed-lag
1387537656,0,1387537656,1387537656,0.000000,1,1,1,0,1.000000,525.111111,1,640.954560,0.000000,waveform_inserted+timing_recovered,v0.4.0-fixed-lag
1388143529,1387926045,1388143529,1388143529,217.484000,0,0,1,0,1.000000,467.666667,1,644.551360,217.484000,timing_recovered,v0.4.0-fixed-lag
1388752843,1388750043,1388752843,1388752843,2.800000,0,0,0,0,1.000000,501.888889,1,639.111360,2.800000,,v0.4.0-fixed-lag
1389358885,1389358043,1389358885,1389358885,0.842000,0,0,0,0,1.000000,481.333333,1,639.111360,0.842000,,v0.4.0-fixed-lag
1389967173,1389966045,1389967173,1389967173,1.128000,0,0,0,0,1.000000,492.777778,1,639.111360,1.128000,,v0.4.0-fixed-lag
1390647172,1390646044,1390647172,1390647172,1.128000,0,0,0,0,1.000000,506.777778,1,630.180480,1.128000,,v0.4.0-fixed-lag
1391367940,1391366045,1391367940,1391367940,1.895000,0,0,0,0,1.000000,525.222222,1,630.180480,1.895000,,v0.4.0-fixed-lag
1392080487,1392078043,1392080487,1392080487,2.444000,0,0,0,0,1.000000,496.333333,1,642.993280,2.444000,,v0.4.0-fixed-lag
1392805622,1392806043,1392805622,1392805622,-0.421000,0,0,0,0,1.000000,499.888889,1,646.250560,0.421000,,v0.4.0-fixed-lag
1393506265,1393214043,1393506265,1393506265,292.222000,0,0,1,0,1.000000,508.222222,1,654.877120,292.222000,timing_recovered,v0.4.0-fixed-lag
1394191665,1394190043,1394191665,1394191665,1.622000,0,0,0,0,1.000000,530.111111,1,669.119680,1.622000,,v0.4.0-fixed-lag
1394858490,1394574047,1394858490,1394858490,284.443000,0,0,1,0,1.000000,502.444444,1,676.288000,284.443000,timing_recovered,v0.4.0-fixed-lag
1395529411,1395526043,1395529411,1395529411,3.368000,0,0,0,0,1.000000,503.000000,1,681.728000,3.368000,,v0.4.0-fixed-lag
1396148397,1396150044,1396148397,1396148397,-1.647000,0,0,0,0,1.000000,462.444444,1,687.168000,1.647000,,v0.4.0-fixed-lag
1396827154,1396822043,1396827154,1396827154,5.111000,0,0,0,0,1.000000,531.555556,1,692.608000,5.111000,,v0.4.0-fixed-lag
1397509018,1397510047,1397509018,1397509018,-1.029000,0,0,0,0,1.000000,508.111111,1,698.048000,1.029000,,v0.4.0-fixed-lag
1398160043,1398158043,1398160043,1398160043,2.000000,0,0,0,0,1.000000,456.444444,1,702.356480,2.000000,,v0.4.0-fixed-lag
1398855072,1398854043,1398855072,1398855072,1.029000,0,0,0,0,1.000000,539.111111,1,706.802240,1.029000,,v0.4.0-fixed-lag
1399576097,1399574043,1399576097,1399576097,2.054000,0,0,0,0,1.000000,551.333333,1,712.242240,2.054000,,v0.4.0-fixed-lag
1400371479,1400374043,1400371479,1400371479,-2.564000,0,0,0,0,1.000000,605.888889,1,717.682240,2.564000,,v0.4.0-fixed-lag
1401240287,0,1401240287,1401240287,0.000000,1,1,1,0,1.000000,614.000000,1,723.122240,0.000000,waveform_inserted+timing_recovered,v0.4.0-fixed-lag
1402104402,1402102043,1402104402,1402104402,2.359000,0,0,0,0,1.000000,571.222222,1,724.116480,2.359000,,v0.4.0-fixed-lag
1402935448,1402934043,1402935448,1402935448,1.405000,0,0,0,0,1.000000,546.000000,1,728.329280,1.405000,,v0.4.0-fixed-lag
1403741622,1403742043,1403741622,1403741622,-0.421000,0,0,0,0,1.000000,571.000000,1,736.648000,0.421000,,v0.4.0-fixed-lag
1404511016,1404510043,1404511016,1404511016,0.973000,0,0,0,0,1.000000,552.555556,1,765.882240,0.973000,,v0.4.0-fixed-lag
1405311790,1405310046,1405311790,1405311790,1.744000,0,0,0,0,1.000000,571.222222,1,771.322240,1.744000,,v0.4.0-fixed-lag
1406063727,1406062043,1406063727,1406063727,1.684000,0,0,0,0,1.000000,513.888889,1,778.487680,1.684000,,v0.4.0-fixed-lag
1406811154,1406806044,1406811154,1406811154,5.110000,0,0,0,0,1.000000,554.555556,1,783.927680,5.110000,,v0.4.0-fixed-lag
1407587872,1407582046,1407587872,1407587872,5.826000,0,0,0,0,1.000000,584.555556,1,789.367680,5.826000,,v0.4.0-fixed-lag
1408345180,1408342045,1408345180,1408345180,3.135000,0,0,0,0,1.000000,543.000000,1,794.807680,3.135000,,v0.4.0-fixed-lag
1409067414,1409062044,1409067414,1409067414,5.370000,0,0,0,0,1.000000,528.444444,1,792.549760,5.370000,,v0.4.0-fixed-lag
1409752569,1409750043,1409752569,1409752569,2.526000,0,0,0,0,1.000000,505.777778,1,795.646080,2.526000,,v0.4.0-fixed-lag
1410491557,1410494043,1410491557,1410491557,-2.486000,0,0,0,0,1.000000,552.777778,1,791.778560,2.486000,,v0.4.0-fixed-lag
1411287667,1411286045,1411287667,1411287667,1.622000,0,0,0,0,1.000000,559.000000,1,795.499840,1.622000,,v0.4.0-fixed-lag
1412129244,1412126044,1412129244,1412129244,3.200000,0,0,0,0,1.000000,571.555556,1,800.939840,3.200000,,v0.4.0-fixed-lag
1412936571,1412934045,1412936571,1412936571,2.526000,0,0,0,0,1.000000,523.777778,1,800.939840,2.526000,,v0.4.0-fixed-lag
1413773623,1413774044,1413773623,1413773623,-0.421000,0,0,0,0,1.000000,575.000000,1,802.658560,0.421000,,v0.4.0-fixed-lag
1414713846,1414710046,1414713846,1414713846,3.800000,0,0,0,0,1.000000,612.111111,1,808.869760,3.800000,,v0.4.0-fixed-lag
1415652424,0,1415652424,1415652424,0.000000,1,1,1,0,1.000000,568.222222,1,820.515200,0.000000,waveform_inserted+timing_recovered,v0.4.0-fixed-lag
1416491601,1416494045,1416491601,1416491601,-2.444000,0,0,0,0,1.000000,532.000000,1,829.544640,2.444000,,v0.4.0-fixed-lag
1417353411,1417350043,1417353411,1417353411,3.368000,0,0,0,0,1.000000,581.000000,1,844.496640,3.368000,,v0.4.0-fixed-lag
1418221575,1418222046,1418221575,1418221575,-0.471000,0,0,0,0,1.000000,568.444444,1,845.176640,0.471000,,v0.4.0-fixed-lag
1419086649,1419086043,1419086649,1419086649,0.606000,0,0,0,0,1.000000,543.222222,1,851.384640,0.606000,,v0.4.0-fixed-lag
1419942386,1419942043,1419942386,1419942386,0.343000,0,0,0,0,1.000000,565.222222,1,863.299200,0.343000,,v0.4.0-fixed-lag
1420818987,1420814043,1420818987,1420818987,4.944000,0,0,0,0,1.000000,568.555556,1,868.739200,4.944000,,v0.4.0-fixed-lag
1421708398,1421710045,1421708398,1421708398,-1.647000,0,0,0,0,1.000000,543.222222,1,875.223680,1.647000,,v0.4.0-fixed-lag
1422554279,1422550043,1422554279,1422554279,4.236000,0,0,0,0,1.000000,537.222222,1,876.212480,4.236000,,v0.4.0-fixed-lag
1423448043,1423446043,1423448043,1423448043,2.000000,0,0,0,0,1.000000,580.111111,1,880.663680,2.000000,,v0.4.0-fixed-lag
1424365157,1424366046,1424365157,1424365157,-0.889000,0,0,0,0,1.000000,562.111111,1,880.663680,0.889000,,v0.4.0-fixed-lag
1425240047,1425238047,1425240047,1425240047,2.000000,0,0,0,0,1.000000,519.777778,1,881.652480,2.000000,,v0.4.0-fixed-lag
1426118158,1426118044,1426118158,1426118158,0.114000,0,0,0,0,1.000000,558.333333,1,883.804800,0.114000,,v0.4.0-fixed-lag
1427027255,1427030043,1427027255,1427027255,-2.788000,0,0,0,0,1.000000,561.222222,1,884.352320,2.788000,,v0.4.0-fixed-lag
1427966160,1427966046,1427966160,1427966160,0.114000,0,0,0,0,1.000000,566.333333,1,884.835520,0.114000,,v0.4.0-fixed-lag
1428868626,1428870045,1428868626,1428868626,-1.419000,0,0,0,0,1.000000,517.888889,1,888.451520,1.419000,,v0.4.0-fixed-lag
1429772225,1429774043,1429772225,1429772225,-1.818000,0,0,0,0,1.000000,562.222222,1,889.844480,1.818000,,v0.4.0-fixed-lag
1430686946,0,1430686946,1430686946,0.000000,1,1,1,0,1.000000,550.666667,1,892.629120,0.000000,waveform_inserted+timing_recovered,v0.4.0-fixed-lag
1431582649,0,1431582649,1431582649,0.000000,1,1,1,0,1.000000,522.222222,1,892.991680,0.000000,waveform_inserted+timing_recovered,v0.4.0-fixed-lag
1432455138,1432454047,1432455138,1432455138,1.091000,0,0,0,0,1.000000,558.555556,1,892.991680,1.091000,,v0.4.0-fixed-lag
1433344346,0,1433344346,1433344346,0.000000,1,1,1,0,1.000000,562.111111,1,887.189120,0.000000,waveform_inserted+timing_recovered,v0.4.0-fixed-lag
1434217316,0,1434217316,1434217316,0.000000,1,1,1,0,1.000000,530.777778,1,887.189120,0.000000,waveform_inserted+timing_recovered,v0.4.0-fixed-lag
1435077679,1435078043,1435077679,1435077679,-0.364000,0,0,0,0,1.000000,554.444444,1,887.189120,0.364000,,v0.4.0-fixed-lag
1435939690,1435942043,1435939690,1435939690,-2.353000,0,0,0,0,1.000000,561.444444,1,885.024960,2.353000,,v0.4.0-fixed-lag
1436796447,1436798047,1436796447,1436796447,-1.600000,0,0,0,0,1.000000,531.888889,1,882.946560,1.600000,,v0.4.0-fixed-lag
1437635593,1437630046,1437635593,1437635593,5.547000,0,0,0,0,1.000000,554.111111,1,877.750400,5.547000,,v0.4.0-fixed-lag
1438508176,1438502043,1438508176,1438508176,6.133000,0,0,0,0,1.000000,573.111111,1,877.596480,6.133000,,v0.4.0-fixed-lag
1439386729,1439382044,1439386729,1439386729,4.685000,0,0,0,0,1.000000,573.111111,1,877.596480,4.685000,,v0.4.0-fixed-lag
1440221922,1440222043,1440221922,1440221922,-0.121000,0,0,0,0,1.000000,528.555556,1,877.596480,0.121000,,v0.4.0-fixed-lag
1441067220,1441062046,1441067220,1441067220,5.174000,0,0,0,0,1.000000,576.444444,1,874.243520,5.174000,,v0.4.0-fixed-lag
1441946531,1441942043,1441946531,1441946531,4.488000,0,0,0,0,1.000000,578.444444,1,868.276160,4.488000,,v0.4.0-fixed-lag
1442831450,1442830045,1442831450,1442831450,1.405000,0,0,0,0,1.000000,555.777778,1,868.276160,1.405000,,v0.4.0-fixed-lag
1443706285,1443702047,1443706285,1443706285,4.238000,0,0,0,0,1.000000,575.222222,1,868.803520,4.238000,,v0.4.0-fixed-lag
1444626043,1444622043,1444626043,1444626043,4.000000,0,0,0,0,1.000000,590.111111,1,866.746560,4.000000,,v0.4.0-fixed-lag
1445557472,1445558043,1445557472,1445557472,-0.571000,0,0,0,0,1.000000,578.555556,1,867.467200,0.571000,,v0.4.0-fixed-lag
1446430987,1446430046,1446430987,1446430987,0.941000,0,0,0,0,1.000000,533.222222,1,863.216960,0.941000,,v0.4.0-fixed-lag
1447282043,1447278043,1447282043,1447282043,4.000000,0,0,0,0,1.000000,565.222222,1,863.216960,4.000000,,v0.4.0-fixed-lag
1448154985,1448150043,1448154985,1448154985,4.942000,0,0,0,0,1.000000,571.555556,1,856.587200,4.942000,,v0.4.0-fixed-lag
1449037243,1449038043,1449037243,1449037243,-0.800000,0,0,0,0,1.000000,556.333333,1,851.147200,0.800000,,v0.4.0-fixed-lag
1449869679,1449870043,1449869679,1449869679,-0.364000,0,0,0,0,1.000000,548.222222,1,847.139520,0.364000,,v0.4.0-fixed-lag
1450651982,1450654043,1450651982,1450651982,-2.061000,0,0,0,0,1.000000,524.111111,1,840.267200,2.061000,,v0.4.0-fixed-lag
1451377543,1451374043,1451377543,1451377543,3.500000,0,0,0,0,1.000000,500.555556,1,834.404800,3.500000,,v0.4.0-fixed-lag
1452095838,0,1452095838,1452095838,0.000000,1,1,1,0,1.000000,443.666667,1,834.221440,0.000000,waveform_inserted+timing_recovered,v0.4.0-fixed-lag
1452837922,1452838043,1452837922,1452837922,-0.121000,0,0,0,0,1.000000,563.222222,1,827.217920,0.121000,,v0.4.0-fixed-lag
1453532043,1453526043,1453532043,1453532043,6.000000,0,0,0,0,1.000000,487.111111,1,821.259520,6.000000,,v0.4.0-fixed-lag
1454206514,1454206043,1454206514,1454206514,0.471000,0,0,0,0,1.000000,547.222222,1,805.216960,0.471000,,v0.4.0-fixed-lag
1454907498,1454910043,1454907498,1454907498,-2.545000,0,0,0,0,1.000000,555.333333,1,792.346880,2.545000,,v0.4.0-fixed-lag
1455647455,0,1455647455,1455647455,0.000000,1,1,1,0,1.000000,551.555556,1,787.059520,0.000000,waveform_inserted+timing_recovered,v0.4.0-fixed-lag
1456400046,0,1456400046,1456400046,0.000000,1,1,1,0,1.000000,525.222222,1,787.059520,0.000000,waveform_inserted+timing_recovered,v0.4.0-fixed-lag
1457112835,1457110047,1457112835,1457112835,2.788000,0,0,0,0,1.000000,521.333333,1,781.619520,2.788000,,v0.4.0-fixed-lag
1457851875,1457854046,1457851875,1457851875,-2.171000,0,0,0,0,1.000000,553.000000,1,773.854400,2.171000,,v0.4.0-fixed-lag
1458626045,1458622045,1458626045,1458626045,4.000000,0,0,0,0,1.000000,557.000000,1,768.414400,4.000000,,v0.4.0-fixed-lag
1459442043,1459438043,1459442043,1459442043,4.000000,0,0,0,0,1.000000,551.777778,1,769.612800,4.000000,,v0.4.0-fixed-lag
1460279219,1460278043,1460279219,1460279219,1.176000,0,0,0,0,1.000000,558.000000,1,764.172800,1.176000,,v0.4.0-fixed-lag
1461199074,1461198045,1461199074,1461199074,1.029000,0,0,0,0,1.000000,602.222222,1,759.026240,1.029000,,v0.4.0-fixed-lag
1462125808,1462126043,1462125808,1462125808,-0.235000,0,0,0,0,1.000000,563.222222,1,757.629120,0.235000,,v0.4.0-fixed-lag
1463044624,1463046043,1463044624,1463044624,-1.419000,0,0,0,0,1.000000,538.666667,1,769.974400,1.419000,,v0.4.0-fixed-lag
1463852250,1463854043,1463852250,1463852250,-1.793000,0,0,0,0,1.000000,480.000000,1,783.359360,1.793000,,v0.4.0-fixed-lag
1464604882,1464606043,1464604882,1464604882,-1.161000,0,0,0,0,1.000000,493.333333,1,788.799360,1.161000,,v0.4.0-fixed-lag
1465346845,1465342045,1465346845,1465346845,4.800000,0,0,0,0,1.000000,481.444444,1,794.239360,4.800000,,v0.4.0-fixed-lag
1466097776,1466094043,1466097776,1466097776,3.733000,0,0,0,0,1.000000,477.333333,1,805.119360,3.733000,,v0.4.0-fixed-lag
1466827043,1466830043,1466827043,1466827043,-3.000000,0,0,0,0,1.000000,502.777778,1,810.559360,3.000000,,v0.4.0-fixed-lag
1467526278,0,1467526278,1467526278,0.000000,1,1,1,0,1.000000,500.888889,1,813.320320,0.000000,waveform_inserted+timing_recovered,v0.4.0-fixed-lag
1468237510,1467926043,1468237510,1468237510,311.467000,0,0,1,0,1.000000,542.444444,1,806.602240,311.467000,timing_recovered,v0.4.0-fixed-lag
1468992711,1468638046,1468992711,1468992711,354.665000,0,0,1,0,1.000000,562.555556,1,816.937920,354.665000,timing_recovered,v0.4.0-fixed-lag
1469766157,1469766043,1469766157,1469766157,0.114000,0,0,0,0,1.000000,555.888889,1,827.817920,0.114000,,v0.4.0-fixed-lag
1470530514,1470526043,1470530514,1470530514,4.471000,0,0,0,0,1.000000,569.222222,1,833.257920,4.471000,,v0.4.0-fixed-lag
1471348100,1471686043,1471348100,1471348100,-337.943000,0,0,1,0,1.000000,613.888889,1,833.257920,337.943000,timing_recovered,v0.4.0-fixed-lag
1472214151,0,1472214151,1472214151,0.000000,1,1,1,0,1.000000,620.888889,1,822.377920,0.000000,waveform_inserted+timing_recovered,v0.4.0-fixed-lag
1473162043,1473158043,1473162043,1473162043,4.000000,0,0,0,0,1.000000,648.111111,1,812.864320,4.000000,,v0.4.0-fixed-lag
1474143044,1474142044,1474143044,1474143044,1.000000,0,0,0,0,1.000000,637.666667,1,810.354240,1.000000,,v0.4.0-fixed-lag
1475090886,1475086046,1475090886,1475090886,4.840000,0,0,0,0,1.000000,614.111111,1,796.942720,4.840000,,v0.4.0-fixed-lag
1476034254,1476030045,1476034254,1476034254,4.209000,0,0,0,0,1.000000,623.444444,1,811.067520,4.209000,,v0.4.0-fixed-lag
1476970045,1476966045,1476970045,1476970045,4.000000,0,0,0,0,1.000000,609.555556,1,821.136320,4.000000,,v0.4.0-fixed-lag
1477829155,1477830044,1477829155,1477829155,-0.889000,0,0,0,0,1.000000,570.000000,1,848.893120,0.889000,,v0.4.0-fixed-lag
1478609155,1478606044,1478609155,1478609155,3.111000,0,0,0,0,1.000000,561.555556,1,854.333120,3.111000,,v0.4.0-fixed-lag
1479354730,1479350045,1479354730,1479354730,4.685000,0,0,0,0,1.000000,552.555556,1,865.213120,4.685000,,v0.4.0-fixed-lag
1480059991,1480062045,1480059991,1480059991,-2.054000,0,0,0,0,1.000000,560.111111,1,881.533120,2.054000,,v0.4.0-fixed-lag
1480735306,1480734043,1480735306,1480735306,1.263000,0,0,0,0,1.000000,550.888889,1,881.533120,1.263000,,v0.4.0-fixed-lag
1481411157,1481406043,1481411157,1481411157,5.114000,0,0,0,0,1.000000,556.444444,1,862.435200,5.114000,,v0.4.0-fixed-lag
1482138643,1482134043,1482138643,1482138643,4.600000,0,0,0,0,1.000000,599.000000,1,837.120000,4.600000,,v0.4.0-fixed-lag
1482855727,0,1482855727,1482855727,0.000000,1,1,1,0,1.000000,562.111111,1,826.104000,0.000000,waveform_inserted+timing_recovered,v0.4.0-fixed-lag
1483560402,1483254043,1483560402,1483560402,306.359000,0,0,1,0,1.000000,571.111111,1,820.315520,306.359000,timing_recovered,v0.4.0-fixed-lag
1484316246,1484646045,1484316246,1484316246,-329.799000,0,0,1,0,1.000000,617.000000,1,811.546880,329.799000,timing_recovered,v0.4.0-fixed-lag
1485183863,1485182045,1485183863,1485183863,1.818000,0,0,0,0,1.000000,670.777778,1,806.106880,1.818000,,v0.4.0-fixed-lag
1486142237,1486142047,1486142237,1486142237,0.190000,0,0,0,0,1.000000,670.111111,1,806.106880,0.190000,,v0.4.0-fixed-lag
1487084387,1487086046,1487084387,1487084387,-1.659000,0,0,0,0,1.000000,622.000000,1,800.666880,1.659000,,v0.4.0-fixed-lag
1487914936,0,1487914936,1487914936,0.000000,1,1,1,0,1.000000,547.222222,1,798.555520,0.000000,waveform_inserted+timing_recovered,v0.4.0-fixed-lag
1488699821,1488702043,1488699821,1488699821,-2.222000,0,0,0,0,1.000000,570.333333,1,807.630080,2.222000,,v0.4.0-fixed-lag
1489516782,1489470043,1489516782,1489516782,46.739000,0,0,0,0,1.000000,602.888889,1,816.923200,46.739000,,v0.4.0-fixed-lag
1490368749,1490366046,1490368749,1490368749,2.703000,0,0,0,0,1.000000,607.222222,1,832.627520,2.703000,,v0.4.0-fixed-lag
1491243483,1491238046,1491243483,1491243483,5.437000,0,0,0,0,1.000000,606.222222,1,836.975680,5.437000,,v0.4.0-fixed-lag
1492105180,1492102045,1492105180,1492105180,3.135000,0,0,0,0,1.000000,596.555556,1,849.269440,3.135000,,v0.4.0-fixed-lag
1493002675,1492998044,1493002675,1493002675,4.631000,0,0,0,0,1.000000,618.222222,1,852.383040,4.631000,,v0.4.0-fixed-lag
1493873222,1493870043,1493873222,1493873222,3.179000,0,0,0,0,1.000000,584.777778,1,852.383040,3.179000,,v0.4.0-fixed-lag
1494711016,1494710043,1494711016,1494711016,0.973000,0,0,0,0,1.000000,582.888889,1,857.823040,0.973000,,v0.4.0-fixed-lag
1495556854,0,1495556854,1495556854,0.000000,1,1,1,0,1.000000,608.555556,1,854.709440,0.000000,waveform_inserted+timing_recovered,v0.4.0-fixed-lag
1496426710,1496390043,1496426710,1496426710,36.667000,0,0,0,0,1.000000,604.555556,1,854.709440,36.667000,,v0.4.0-fixed-lag
1497273154,1497270043,1497273154,1497273154,3.111000,0,0,0,0,1.000000,571.111111,1,852.383040,3.111000,,v0.4.0-fixed-lag
1498152043,1498150043,1498152043,1498152043,2.000000,0,0,0,0,1.000000,621.666667,1,846.943040,2.000000,,v0.4.0-fixed-lag
1498976529,1498974043,1498976529,1498976529,2.486000,0,0,0,0,1.000000,590.111111,1,849.553920,2.486000,,v0.4.0-fixed-lag
1499799823,1499798045,1499799823,1499799823,1.778000,0,0,0,0,1.000000,583.000000,1,846.943040,1.778000,,v0.4.0-fixed-lag
1500586043,1500582046,1500586043,1500586043,3.997000,0,0,0,0,1.000000,528.222222,1,842.062080,3.997000,,v0.4.0-fixed-lag
1501381942,1501382045,1501381942,1501381942,-0.103000,0,0,0,0,1.000000,618.777778,1,841.868160,0.103000,,v0.4.0-fixed-lag
1502185396,1502182045,1502185396,1502185396,3.351000,0,0,0,0,1.000000,598.000000,1,839.294080,3.351000,,v0.4.0-fixed-lag
1503056402,1503054043,1503056402,1503056402,2.359000,0,0,0,0,1.000000,637.777778,1,835.035520,2.359000,,v0.4.0-fixed-lag
1503899517,1503902043,1503899517,1503899517,-2.526000,0,0,0,0,1.000000,553.555556,1,840.475520,2.526000,,v0.4.0-fixed-lag
1504638694,1504638043,1504638694,1504638694,0.651000,0,0,0,0,1.000000,548.333333,1,835.035520,0.651000,,v0.4.0-fixed-lag
1505381245,1505382045,1505381245,1505381245,-0.800000,0,0,0,0,1.000000,544.111111,1,834.654080,0.800000,,v0.4.0-fixed-lag
1506174556,1506174043,1506174556,1506174556,0.513000,0,0,0,0,1.000000,652.777778,1,828.305280,0.513000,,v0.4.0-fixed-lag
1507000287,1506998043,1507000287,1507000287,2.244000,0,0,0,0,1.000000,640.333333,1,825.887680,2.244000,,v0.4.0-fixed-lag
1507841017,1507838043,1507841017,1507841017,2.974000,0,0,0,0,1.000000,616.777778,1,825.887680,2.974000,,v0.4.0-fixed-lag
1508711379,1508710046,1508711379,1508711379,1.333000,0,0,0,0,1.000000,625.333333,1,828.305280,1.333000,,v0.4.0-fixed-lag
1509601222,1509598043,1509601222,1509601222,3.179000,0,0,0,0,1.000000,620.333333,1,835.433920,3.179000,,v0.4.0-fixed-lag
1510524710,1510526043,1510524710,1510524710,-1.333000,0,0,0,0,1.000000,634.555556,1,840.233600,1.333000,,v0.4.0-fixed-lag
1511394908,1511390043,1511394908,1511394908,4.865000,0,0,0,0,1.000000,588.666667,1,845.673600,4.865000,,v0.4.0-fixed-lag
1512234266,1512230044,1512234266,1512234266,4.222000,0,0,0,0,1.000000,605.000000,1,851.113600,4.222000,,v0.4.0-fixed-lag
1513058864,1513054045,1513058864,1513058864,4.819000,0,0,0,0,1.000000,618.555556,1,851.113600,4.819000,,v0.4.0-fixed-lag
1513898466,1513894046,1513898466,1513898466,4.420000,0,0,0,0,1.000000,619.333333,1,851.113600,4.420000,,v0.4.0-fixed-lag
1514746675,1514742047,1514746675,1514746675,4.628000,0,0,0,0,1.000000,593.222222,1,845.673600,4.628000,,v0.4.0-fixed-lag
1515592361,1515590045,1515592361,1515592361,2.316000,0,0,0,0,1.000000,607.222222,1,848.066880,2.316000,,v0.4.0-fixed-lag
1516447448,1516446043,1516447448,1516447448,1.405000,0,0,0,0,1.000000,620.333333,1,848.066880,1.405000,,v0.4.0-fixed-lag
1517318464,1517318043,1517318464,1517318464,0.421000,0,0,0,0,1.000000,621.222222,1,848.066880,0.421000,,v0.4.0-fixed-lag
1518233243,1518230043,1518233243,1518233243,3.200000,0,0,0,0,1.000000,631.777778,1,848.066880,3.200000,,v0.4.0-fixed-lag
1519171096,1519174043,1519171096,1519171096,-2.947000,0,0,0,0,1.000000,616.000000,1,848.066880,2.947000,,v0.4.0-fixed-lag
1520028205,1520030043,1520028205,1520028205,-1.838000,0,0,0,0,1.000000,565.333333,1,842.626880,1.838000,,v0.4.0-fixed-lag
1520832570,1520830044,1520832570,1520832570,2.526000,0,0,0,0,1.000000,570.000000,1,844.827840,2.526000,,v0.4.0-fixed-lag
1521617622,1521614043,1521617622,1521617622,3.579000,0,0,0,0,1.000000,586.222222,1,844.827840,3.579000,,v0.4.0-fixed-lag
1522357834,1522358045,1522357834,1522357834,-0.211000,0,0,0,0,1.000000,558.222222,1,844.827840,0.211000,,v0.4.0-fixed-lag
1523059222,1523062046,1523059222,1523059222,-2.824000,0,0,0,0,1.000000,545.222222,1,844.827840,2.824000,,v0.4.0-fixed-lag
1523788100,1523790043,1523788100,1523788100,-1.943000,0,0,0,0,1.000000,576.333333,1,844.827840,1.943000,,v0.4.0-fixed-lag
1524575666,1524574044,1524575666,1524575666,1.622000,0,0,0,0,1.000000,589.555556,1,828.596800,1.622000,,v0.4.0-fixed-lag
1525372710,1525374043,1525372710,1525372710,-1.333000,0,0,0,0,1.000000,578.222222,1,823.221120,1.333000,,v0.4.0-fixed-lag
1526139874,1526134043,1526139874,1526139874,5.831000,0,0,0,0,1.000000,573.777778,1,828.661120,5.831000,,v0.4.0-fixed-lag
1526952843,1526950043,1526952843,1526952843,2.800000,0,0,0,0,1.000000,632.888889,1,827.856640,2.800000,,v0.4.0-fixed-lag
1527830254,1527830043,1527830254,1527830254,0.211000,0,0,0,0,1.000000,636.333333,1,827.856640,0.211000,,v0.4.0-fixed-lag
1528725043,1528726043,1528725043,1528725043,-1.000000,0,0,0,0,1.000000,629.777778,1,822.416640,1.000000,,v0.4.0-fixed-lag
1529632482,1529630043,1529632482,1529632482,2.439000,0,0,0,0,1.000000,609.777778,1,817.781120,2.439000,,v0.4.0-fixed-lag
1530472935,1530470046,1530472935,1530472935,2.889000,0,0,0,0,1.000000,566.333333,1,820.814080,2.889000,,v0.4.0-fixed-lag
1531304531,1531302045,1531304531,1531304531,2.486000,0,0,0,0,1.000000,607.222222,1,820.470080,2.486000,,v0.4.0-fixed-lag
1532156710,1532158043,1532156710,1532156710,-1.333000,0,0,0,0,1.000000,624.222222,1,820.990720,1.333000,,v0.4.0-fixed-lag
1533043939,1533038043,1533043939,1533043939,5.896000,0,0,0,0,1.000000,626.444444,1,823.824960,5.896000,,v0.4.0-fixed-lag
1533934265,1533934043,1533934265,1533934265,0.222000,0,0,0,0,1.000000,596.333333,1,833.017280,0.222000,,v0.4.0-fixed-lag
1534776531,1534774045,1534776531,1534776531,2.486000,0,0,0,0,1.000000,568.222222,1,841.091520,2.486000,,v0.4.0-fixed-lag
1535579691,1535582044,1535579691,1535579691,-2.353000,0,0,0,0,1.000000,567.444444,1,846.531520,2.353000,,v0.4.0-fixed-lag
1536374158,1536374044,1536374158,1536374158,0.114000,0,0,0,0,1.000000,559.333333,1,838.457280,0.114000,,v0.4.0-fixed-lag
1537186043,1537182043,1537186043,1537186043,4.000000,0,0,0,0,1.000000,558.333333,1,835.285120,4.000000,,v0.4.0-fixed-lag
1537930279,1537926043,1537930279,1537930279,4.236000,0,0,0,0,1.000000,544.444444,1,834.704960,4.236000,,v0.4.0-fixed-lag
1538636208,1538638046,1538636208,1538636208,-1.838000,0,0,0,0,1.000000,554.333333,1,837.310720,1.838000,,v0.4.0-fixed-lag
1539376900,1539718046,1539376900,1539376900,-341.146000,0,0,1,0,1.000000,583.666667,1,825.563200,341.146000,timing_recovered,v0.4.0-fixed-lag
1540156208,1540158046,1540156208,1540156208,-1.838000,0,0,0,0,1.000000,604.333333,1,822.771200,1.838000,,v0.4.0-fixed-lag
1540984847,1540982047,1540984847,1540984847,2.800000,0,0,0,0,1.000000,608.888889,1,814.549440,2.800000,,v0.4.0-fixed-lag
1541830675,1541830043,1541830675,1541830675,0.632000,0,0,0,0,1.000000,594.000000,1,809.109440,0.632000,,v0.4.0-fixed-lag
1542628557,1542630043,1542628557,1542628557,-1.486000,0,0,0,0,1.000000,573.444444,1,809.109440,1.486000,,v0.4.0-fixed-lag
1543459557,1543462043,1543459557,1543459557,-2.486000,0,0,0,0,1.000000,609.000000,1,809.109440,2.486000,,v0.4.0-fixed-lag
1544296532,1544294046,1544296532,1544296532,2.486000,0,0,0,0,1.000000,588.777778,1,804.762240,2.486000,,v0.4.0-fixed-lag
1545148855,1545150044,1545148855,1545148855,-1.189000,0,0,0,0,1.000000,590.000000,1,799.322240,1.189000,,v0.4.0-fixed-lag
1545999881,1545998043,1545999881,1545999881,1.838000,0,0,0,0,1.000000,577.222222,1,809.164480,1.838000,,v0.4.0-fixed-lag
1546805599,1546806043,1546805599,1546805599,-0.444000,0,0,0,0,1.000000,555.222222,1,804.480000,0.444000,,v0.4.0-fixed-lag
1547568869,1547566045,1547568869,1547568869,2.824000,0,0,0,0,1.000000,557.666667,1,804.480000,2.824000,,v0.4.0-fixed-lag
1548347872,1548342046,1548347872,1548347872,5.826000,0,0,0,0,1.000000,576.777778,1,799.040000,5.826000,,v0.4.0-fixed-lag
1549134802,1549134045,1549134802,1549134802,0.757000,0,0,0,0,1.000000,567.000000,1,804.480000,0.757000,,v0.4.0-fixed-lag
1549917504,1549918045,1549917504,1549917504,-0.541000,0,0,0,0,1.000000,550.000000,1,801.829760,0.541000,,v0.4.0-fixed-lag
1550677154,1550678043,1550677154,1550677154,-0.889000,0,0,0,0,1.000000,550.111111,1,807.269760,0.889000,,v0.4.0-fixed-lag
1551447757,1551446043,1551447757,1551447757,1.714000,0,0,0,0,1.000000,579.444444,1,806.697600,1.714000,,v0.4.0-fixed-lag
1552214800,1552214043,1552214800,1552214800,0.757000,0,0,0,0,1.000000,575.000000,1,805.344640,0.757000,,v0.4.0-fixed-lag
1552974749,1552974043,1552974749,1552974749,0.706000,0,0,0,0,1.000000,555.222222,1,809.600960,0.706000,,v0.4.0-fixed-lag
1553685105,1553686046,1553685105,1553685105,-0.941000,0,0,0,0,1.000000,518.555556,1,812.352960,0.941000,,v0.4.0-fixed-lag
1554393154,1554390043,1554393154,1554393154,3.111000,0,0,0,0,1.000000,550.555556,1,811.213760,3.111000,,v0.4.0-fixed-lag
1555157120,1555158043,1555157120,1555157120,-0.923000,0,0,0,0,1.000000,601.888889,1,811.213760,0.923000,,v0.4.0-fixed-lag
1555990146,1555990043,1555990146,1555990146,0.103000,0,0,0,0,1.000000,626.888889,1,815.669120,0.103000,,v0.4.0-fixed-lag
1556898864,1556894043,1556898864,1556898864,4.821000,0,0,0,0,1.000000,662.555556,1,815.669120,4.821000,,v0.4.0-fixed-lag
1557841283,1557838045,1557841283,1557841283,3.238000,0,0,0,0,1.000000,635.888889,1,815.669120,3.238000,,v0.4.0-fixed-lag
1558763952,1558766047,1558763952,1558763952,-2.095000,0,0,0,0,1.000000,646.666667,1,822.093760,2.095000,,v0.4.0-fixed-lag
1559698244,0,1559698244,1559698244,0.000000,1,1,1,0,1.000000,646.777778,1,827.533760,0.000000,waveform_inserted+timing_recovered,v0.4.0-fixed-lag
1560634443,1560630043,1560634443,1560634443,4.400000,0,0,0,0,1.000000,640.000000,1,854.088320,4.400000,,v0.4.0-fixed-lag
1561499558,1561494046,1561499558,1561499558,5.512000,0,0,0,0,1.000000,576.333333,1,883.749760,5.512000,,v0.4.0-fixed-lag
1562335727,1562334043,1562335727,1562335727,1.684000,0,0,0,0,1.000000,612.111111,1,883.749760,1.684000,,v0.4.0-fixed-lag
1563199311,1563198043,1563199311,1563199311,1.268000,0,0,0,0,1.000000,643.333333,1,889.189760,1.268000,,v0.4.0-fixed-lag
1564081653,1564078043,1564081653,1564081653,3.610000,0,0,0,0,1.000000,633.444444,1,894.629760,3.610000,,v0.4.0-fixed-lag
1564970866,1564966043,1564970866,1564970866,4.823000,0,0,0,0,1.000000,612.777778,1,900.069760,4.823000,,v0.4.0-fixed-lag
1565834866,1565830046,1565834866,1565834866,4.820000,0,0,0,0,1.000000,587.777778,1,893.828160,4.820000,,v0.4.0-fixed-lag
1566734157,1566734043,1566734157,1566734157,0.114000,0,0,0,0,1.000000,589.888889,1,891.629440,0.114000,,v0.4.0-fixed-lag
1567641222,1567638043,1567641222,1567641222,3.179000,0,0,0,0,1.000000,609.888889,1,891.629440,3.179000,,v0.4.0-fixed-lag
1568522265,1568518043,1568522265,1568522265,4.222000,0,0,0,0,1.000000,585.333333,1,886.189440,4.222000,,v0.4.0-fixed-lag
1569398584,1569398043,1569398584,1569398584,0.541000,0,0,0,0,1.000000,606.000000,1,880.333760,0.541000,,v0.4.0-fixed-lag
1570303451,1570302046,1570303451,1570303451,1.405000,0,0,0,0,1.000000,626.333333,1,880.333760,1.405000,,v0.4.0-fixed-lag
1571245155,1571246044,1571245155,1571245155,-0.889000,0,0,0,0,1.000000,619.444444,1,880.749440,0.889000,,v0.4.0-fixed-lag
1572204265,1572206043,1572204265,1572204265,-1.778000,0,0,0,0,1.000000,606.222222,1,882.948160,1.778000,,v0.4.0-fixed-lag
1573047529,1573046043,1573047529,1573047529,1.486000,0,0,0,0,1.000000,547.555556,1,886.173120,1.486000,,v0.4.0-fixed-lag
1573854516,1573854045,1573854516,1573854516,0.471000,0,0,0,0,1.000000,584.333333,1,891.613120,0.471000,,v0.4.0-fixed-lag
1574652713,1574654046,1574652713,1574652713,-1.333000,0,0,0,0,1.000000,579.444444,1,897.053120,1.333000,,v0.4.0-fixed-lag
1575443255,1575438045,1575443255,1575443255,5.210000,0,0,0,0,1.000000,567.555556,1,896.653760,5.210000,,v0.4.0-fixed-lag
1576235982,1576238043,1576235982,1576235982,-2.061000,0,0,0,0,1.000000,566.888889,1,900.582080,2.061000,,v0.4.0-fixed-lag
1577127448,1577126043,1577127448,1577127448,1.405000,0,0,0,0,1.000000,662.555556,1,895.444480,1.405000,,v0.4.0-fixed-lag
1578088746,0,1578088746,1578088746,0.000000,1,1,1,0,1.000000,658.888889,1,900.884480,0.000000,waveform_inserted+timing_recovered,v0.4.0-fixed-lag
1579003499,0,1579003499,1579003499,0.000000,1,1,1,0,1.000000,606.666667,1,906.324480,0.000000,waveform_inserted+timing_recovered,v0.4.0-fixed-lag
1579902043,1579902043,1579902043,1579902043,0.000000,0,0,0,0,1.000000,650.222222,1,911.764480,0.000000,,v0.4.0-fixed-lag
1580963821,1580966043,1580963821,1580963821,-2.222000,0,0,0,0,1.000000,705.333333,1,917.204480,2.222000,,v0.4.0-fixed-lag
1582097838,0,1582097838,1582097838,0.000000,1,1,1,0,1.000000,702.333333,1,932.629120,0.000000,waveform_inserted+timing_recovered,v0.4.0-fixed-lag
1583143018,1583142045,1583143018,1583143018,0.973000,0,0,0,0,1.000000,633.111111,1,929.454080,0.973000,,v0.4.0-fixed-lag
1584144847,1584142047,1584144847,1584144847,2.800000,0,0,0,0,1.000000,650.666667,1,940.080960,2.800000,,v0.4.0-fixed-lag
1585175507,1585174044,1585175507,1585175507,1.463000,0,0,0,0,1.000000,680.555556,1,954.975360,1.463000,,v0.4.0-fixed-lag
1586227243,1586222043,1586227243,1586227243,5.200000,0,0,0,0,1.000000,654.888889,1,973.385280,5.200000,,v0.4.0-fixed-lag
1587185633,1587182043,1587185633,1587185633,3.590000,0,0,0,0,1.000000,604.666667,1,982.611200,3.590000,,v0.4.0-fixed-lag
1588119787,1588118043,1588119787,1588119787,1.744000,0,0,0,0,1.000000,641.000000,1,982.611200,1.744000,,v0.4.0-fixed-lag
1589051096,1589054043,1589051096,1589051096,-2.947000,0,0,0,0,1.000000,632.888889,1,988.051200,2.947000,,v0.4.0-fixed-lag
1589963340,1589966043,1589963340,1589963340,-2.703000,0,0,0,0,1.000000,596.000000,1,993.491200,2.703000,,v0.4.0-fixed-lag
1590858908,1590862043,1590858908,1590858908,-3.135000,0,0,0,0,1.000000,623.888889,1,984.265280,3.135000,,v0.4.0-fixed-lag
1591797833,1591798044,1591797833,1591797833,-0.211000,0,0,0,0,1.000000,648.222222,1,970.364800,0.211000,,v0.4.0-fixed-lag
1592720712,1592718045,1592720712,1592720712,2.667000,0,0,0,0,1.000000,603.333333,1,958.696000,2.667000,,v0.4.0-fixed-lag
1593620786,0,1593620786,1593620786,0.000000,1,1,1,0,1.000000,619.333333,1,951.729280,0.000000,waveform_inserted+timing_recovered,v0.4.0-fixed-lag
1594576363,1594574047,1594576363,1594576363,2.316000,0,0,0,0,1.000000,641.222222,1,945.378880,2.316000,,v0.4.0-fixed-lag
1595635340,1595630043,1595635340,1595635340,5.297000,0,0,0,0,1.000000,659.555556,1,939.938880,5.297000,,v0.4.0-fixed-lag
1596656043,1596654043,1596656043,1596656043,2.000000,0,0,0,0,1.000000,603.333333,1,934.498880,2.000000,,v0.4.0-fixed-lag
1597561316,1597558043,1597561316,1597561316,3.273000,0,0,0,0,1.000000,582.666667,1,929.058880,3.273000,,v0.4.0-fixed-lag
1598498265,1598494043,1598498265,1598498265,4.222000,0,0,0,0,1.000000,664.222222,1,920.921280,4.222000,,v0.4.0-fixed-lag
1599429293,1599430043,1599429293,1599429293,-0.750000,0,0,0,0,1.000000,590.666667,1,925.423680,0.750000,,v0.4.0-fixed-lag
1600314793,1600310043,1600314793,1600314793,4.750000,0,0,0,0,1.000000,556.555556,1,919.983680,4.750000,,v0.4.0-fixed-lag
1601206157,1601206043,1601206157,1601206157,0.114000,0,0,0,0,1.000000,604.333333,1,918.088960,0.114000,,v0.4.0-fixed-lag
1602106293,1602102043,1602106293,1602106293,4.250000,0,0,0,0,1.000000,593.777778,1,918.088960,4.250000,,v0.4.0-fixed-lag
1602994749,1602990044,1602994749,1602994749,4.705000,0,0,0,0,1.000000,580.222222,1,918.088960,4.705000,,v0.4.0-fixed-lag
1603840346,1603838043,1603840346,1603840346,2.303000,0,0,0,0,1.000000,552.888889,1,904.407360,2.303000,,v0.4.0-fixed-lag
1604688106,1604686045,1604688106,1604688106,2.061000,0,0,0,0,1.000000,587.666667,1,902.763520,2.061000,,v0.4.0-fixed-lag
1605577587,1605574044,1605577587,1605577587,3.543000,0,0,0,0,1.000000,598.555556,1,894.516480,3.543000,,v0.4.0-fixed-lag
1606468557,1606470043,1606468557,1606468557,-1.486000,0,0,0,0,1.000000,576.333333,1,893.913920,1.486000,,v0.4.0-fixed-lag
1607354278,1607350043,1607354278,1607354278,4.235000,0,0,0,0,1.000000,603.333333,1,893.913920,4.235000,,v0.4.0-fixed-lag
1608248746,1608246043,1608248746,1608248746,2.703000,0,0,0,0,1.000000,615.888889,1,888.145920,2.703000,,v0.4.0-fixed-lag
1609147644,1609150044,1609147644,1609147644,-2.400000,0,0,0,0,1.000000,586.333333,1,888.473920,2.400000,,v0.4.0-fixed-lag
1610028396,1610030043,1610028396,1610028396,-1.647000,0,0,0,0,1.000000,593.333333,1,883.033920,1.647000,,v0.4.0-fixed-lag
1610892100,1610894043,1610892100,1610892100,-1.943000,0,0,0,0,1.000000,587.222222,1,877.265920,1.943000,,v0.4.0-fixed-lag
1611734614,1611734043,1611734614,1611734614,0.571000,0,0,0,0,1.000000,569.444444,1,876.390720,0.571000,,v0.4.0-fixed-lag
1612614488,1612614044,1612614488,1612614488,0.444000,0,0,0,0,1.000000,618.222222,1,876.390720,0.444000,,v0.4.0-fixed-lag
1613511301,1613510044,1613511301,1613511301,1.257000,0,0,0,0,1.000000,601.000000,1,870.950720,1.257000,,v0.4.0-fixed-lag
1614382159,1614382045,1614382159,1614382159,0.114000,0,0,0,0,1.000000,562.222222,1,870.950720,0.114000,,v0.4.0-fixed-lag
1615251643,1615254043,1615251643,1615251643,-2.400000,0,0,0,0,1.000000,605.333333,1,874.800640,2.400000,,v0.4.0-fixed-lag
1616109505,1616110046,1616109505,1616109505,-0.541000,0,0,0,0,1.000000,584.888889,1,879.959680,0.541000,,v0.4.0-fixed-lag
1616925102,1616926043,1616925102,1616925102,-0.941000,0,0,0,0,1.000000,546.666667,1,877.074560,0.941000,,v0.4.0-fixed-lag
1617724883,1617726044,1617724883,1617724883,-1.161000,0,0,0,0,1.000000,574.666667,1,876.634880,1.161000,,v0.4.0-fixed-lag
1618544676,1618542047,1618544676,1618544676,2.629000,0,0,0,0,1.000000,595.333333,1,880.225280,2.629000,,v0.4.0-fixed-lag
1619391156,1619390045,1619391156,1619391156,1.111000,0,0,0,0,1.000000,601.555556,1,878.355840,1.111000,,v0.4.0-fixed-lag
1620223156,1620598046,1620223156,1620223156,-374.890000,0,0,1,0,1.000000,577.111111,1,878.355840,374.890000,timing_recovered,v0.4.0-fixed-lag
1621117154,1621118043,1621117154,1621117154,-0.889000,0,0,0,0,1.000000,653.111111,1,874.713600,0.889000,,v0.4.0-fixed-lag
1622076645,1622078045,1622076645,1622076645,-1.400000,0,0,0,0,1.000000,680.333333,1,880.153600,1.400000,,v0.4.0-fixed-lag
1623034043,1623030043,1623034043,1623034043,4.000000,0,0,0,0,1.000000,629.333333,1,885.593600,4.000000,,v0.4.0-fixed-lag
1623956790,1623958047,1623956790,1623956790,-1.257000,0,0,0,0,1.000000,624.666667,1,885.593600,1.257000,,v0.4.0-fixed-lag
1624908265,1624910043,1624908265,1624908265,-1.778000,0,0,0,0,1.000000,647.333333,1,885.593600,1.778000,,v0.4.0-fixed-lag
1625841182,1625838047,1625841182,1625841182,3.135000,0,0,0,0,1.000000,606.000000,1,900.799360,3.135000,,v0.4.0-fixed-lag
1626777622,1626774043,1626777622,1626777622,3.579000,0,0,0,0,1.000000,630.111111,1,909.999040,3.579000,,v0.4.0-fixed-lag
1627736607,1627734043,1627736607,1627736607,2.564000,0,0,0,0,1.000000,641.888889,1,918.693440,2.564000,,v0.4.0-fixed-lag
1628686586,1628686045,1628686586,1628686586,0.541000,0,0,0,0,1.000000,614.777778,1,919.820800,0.541000,,v0.4.0-fixed-lag
1629598800,1629598043,1629598800,1629598800,0.757000,0,0,0,0,1.000000,602.555556,1,929.593280,0.757000,,v0.4.0-fixed-lag
1630523821,1630526043,1630523821,1630523821,-2.222000,0,0,0,0,1.000000,630.666667,1,929.593280,2.222000,,v0.4.0-fixed-lag
1631460867,1631462043,1631460867,1631460867,-1.176000,0,0,0,0,1.000000,610.666667,1,930.700800,1.176000,,v0.4.0-fixed-lag
1632347013,1632342044,1632347013,1632347013,4.969000,0,0,0,0,1.000000,550.777778,1,930.700800,4.969000,,v0.4.0-fixed-lag
1633208932,1633206043,1633208932,1633208932,2.889000,0,0,0,0,1.000000,587.333333,1,925.260800,2.889000,,v0.4.0-fixed-lag
1634096672,1634094043,1634096672,1634096672,2.629000,0,0,0,0,1.000000,605.333333,1,924.133440,2.629000,,v0.4.0-fixed-lag
1635017102,1635014043,1635017102,1635017102,3.059000,0,0,0,0,1.000000,605.222222,1,916.166720,3.059000,,v0.4.0-fixed-lag
1635923691,1635926044,1635923691,1635923691,-2.353000,0,0,0,0,1.000000,569.333333,1,914.697600,2.353000,,v0.4.0-fixed-lag
1636831156,1636830045,1636831156,1636831156,1.111000,0,0,0,0,1.000000,612.000000,1,912.068480,1.111000,,v0.4.0-fixed-lag
1637765936,1637766044,1637765936,1637765936,-0.108000,0,0,0,0,1.000000,617.000000,1,910.548800,0.108000,,v0.4.0-fixed-lag
1638671620,1638670044,1638671620,1638671620,1.576000,0,0,0,0,1.000000,567.555556,1,910.548800,1.576000,,v0.4.0-fixed-lag
1639547543,1639542043,1639547543,1639547543,5.500000,0,0,0,0,1.000000,589.666667,1,904.828480,5.500000,,v0.4.0-fixed-lag
1640435014,1640430045,1640435014,1640435014,4.969000,0,0,0,0,1.000000,608.666667,1,899.098880,4.969000,,v0.4.0-fixed-lag
1641355692,1641358045,1641355692,1641355692,-2.353000,0,0,0,0,1.000000,609.000000,1,899.098880,2.353000,,v0.4.0-fixed-lag
1642260108,1642254045,1642260108,1642260108,6.063000,0,0,0,0,1.000000,574.666667,1,899.388480,6.063000,,v0.4.0-fixed-lag
1643138793,1643134045,1643138793,1643138793,4.748000,0,0,0,0,1.000000,589.666667,1,899.388480,4.748000,,v0.4.0-fixed-lag
