t_us,prototype_id,quality_coefficient,score_before_quality,final_score,threshold,baseline_ready,evidence,no_match_reason,input_present_hr_bpm,raw_hr_bpm,baseline_median_hr_bpm,baseline_scale_hr_bpm,z_hr_bpm,input_present_rmssd_ms,raw_rmssd_ms,baseline_median_rmssd_ms,baseline_scale_rmssd_ms,z_rmssd_ms,input_present_total_power_ms2,raw_total_power_ms2,baseline_median_total_power_ms2,baseline_scale_total_power_ms2,z_total_power_ms2,input_present_vlf_ms2,raw_vlf_ms2,baseline_median_vlf_ms2,baseline_scale_vlf_ms2,z_vlf_ms2,input_present_lf_ms2,raw_lf_ms2,baseline_median_lf_ms2,baseline_scale_lf_ms2,z_lf_ms2,input_present_hf_ms2,raw_hf_ms2,baseline_median_hf_ms2,baseline_scale_hf_ms2,z_hf_ms2,input_present_lf_nu,raw_lf_nu,baseline_median_lf_nu,baseline_scale_lf_nu,z_lf_nu,input_present_hf_nu,raw_hf_nu,baseline_median_hf_nu,baseline_scale_hf_nu,z_hf_nu,input_present_lf_hf,raw_lf_hf,baseline_median_lf_hf,baseline_scale_lf_hf,z_lf_hf,input_present_median_frequency_hz,raw_median_frequency_hz,baseline_median_median_frequency_hz,baseline_scale_median_frequency_hz,z_median_frequency_hz,input_present_resonance_share,raw_resonance_share,baseline_median_resonance_share,baseline_scale_resonance_share,z_resonance_share,input_present_lf_peak_frequency_hz,raw_lf_peak_frequency_hz,baseline_median_lf_peak_frequency_hz,baseline_scale_lf_peak_frequency_hz,z_lf_peak_frequency_hz,input_present_lf_peak_prominence_ratio,raw_lf_peak_prominence_ratio,baseline_median_lf_peak_prominence_ratio,baseline_scale_lf_peak_prominence_ratio,z_lf_peak_prominence_ratio
483042043,RESONANCE_0P1,0.000000,0.000000,0.000000,0.700000,0,,NO_MATCH: BASELINE_NOT_READY,1,82.056781,0.000000,0.000000,0.000000,0,0.000000,0.000000,0.000000,0.000000,0,0.000000,0.000000,0.000000,0.000000,0,0.000000,0.000000,0.000000,0.000000,0,0.000000,0.000000,0.000000,0.000000,0,0.000000,0.000000,0.000000,0.000000,0,0.000000,0.000000,0.000000,0.000000,0,0.000000,0.000000,0.000000,0.000000,0,0.000000,0.000000,0.000000,0.000000,0,0.000000,0.000000,0.000000,0.000000,0,0.000000,0.000000,0.000000,0.000000,0,0.000000,0.000000,0.000000,0.000000,0,0.000000,0.000000,0.000000,0.000000
483042043,PHASED_VIPASSANA,0.000000,0.000000,0.000000,0.700000,0,,NO_MATCH: BASELINE_NOT_READY,1,82.056781,0.000000,0.000000,0.000000,0,0.000000,0.000000,0.000000,0.000000,0,0.000000,0.000000,0.000000,0.000000,0,0.000000,0.000000,0.000000,0.000000,0,0.000000,0.000000,0.000000,0.000000,0,0.000000,0.000000,0.000000,0.000000,0,0.000000,0.000000,0.000000,0.000000,0,0.000000,0.000000,0.000000,0.000000,0,0.000000,0.000000,0.000000,0.000000,0,0.000000,0.000000,0.000000,0.000000,0,0.000000,0.000000,0.000000,0.000000,0,0.000000,0.000000,0.000000,0.000000,0,0.000000,0.000000,0.000000,0.000000
483042043,AROUSAL_MEDITATION,0.000000,0.000000,0.000000,0.700000,0,,NO_MATCH: BASELINE_NOT_READY,1,82.056781,0.000000,0.000000,0.000000,0,0.000000,0.000000,0.000000,0.000000,0,0.000000,0.000000,0.000000,0.000000,0,0.000000,0.000000,0.000000,0.000000,0,0.000000,0.000000,0.000000,0.000000,0,0.000000,0.000000,0.000000,0.000000,0,0.000000,0.000000,0.000000,0.000000,0,0.000000,0.000000,0.000000,0.000000,0,0.000000,0.000000,0.000000,0.000000,0,0.000000,0.000000,0.000000,0.000000,0,0.000000,0.000000,0.000000,0.000000,0,0.000000,0.000000,0.000000,0.000000,0,0.000000,0.000000,0.000000,0.000000
483042043,TRAINED_VIPASSANA_SHIFT,0.000000,0.000000,0.000000,0.700000,0,,NO_MATCH: BASELINE_NOT_READY,1,82.056781,0.000000,0.000000,0.000000,0,0.000000,0.000000,0.000000,0.000000,0,0.000000,0.000000,0.000000,0.000000,0,0.000000,0.000000,0.000000,0.000000,0,0.000000,0.000000,0.000000,0.000000,0,0.000000,0.000000,0.000000,0.000000,0,0.000000,0.000000,0.000000,0.000000,0,0.000000,0.000000,0.000000,0.000000,0,0.000000,0.000000,0.000000,0.000000,0,0.000000,0.000000,0.000000,0.000000,0,0.000000,0.000000,0.000000,0.000000,0,0.000000,0.000000,0.000000,0.000000,0,0.000000,0.000000,0.000000,0.000000
483042043,SLOW_RECOVERY_VLF,0.000000,0.000000,0.000000,0.700000,0,,NO_MATCH: BASELINE_NOT_READY,1,82.056781,0.000000,0.000000,0.000000,0,0.000000,0.000000,0.000000,0.000000,0,0.000000,0.000000,0.000000,0.000000,0,0.000000,0.000000,0.000000,0.000000,0,0.000000,0.000000,0.000000,0.000000,0,0.000000,0.000000,0.000000,0.000000,0,0.000000,0.000000,0.000000,0.000000,0,0.000000,0.000000,0.000000,0.000000,0,0.000000,0.000000,0.000000,0.000000,0,0.000000,0.000000,0.000000,0.000000,0,0.000000,0.000000,0.000000,0.000000,0,0.000000,0.000000,0.000000,0.000000,0,0.000000,0.000000,0.000000,0.000000
483042043,INWARD_QUIET,0.000000,0.000000,0.000000,0.700000,0,,NO_MATCH: BASELINE_NOT_READY,1,82.056781,0.000000,0.000000,0.000000,0,0.000000,0.000000,0.000000,0.000000,0,0.000000,0.000000,0.000000,0.000000,0,0.000000,0.000000,0.000000,0.000000,0,0.000000,0.000000,0.000000,0.000000,0,0.000000,0.000000,0.000000,0.000000,0,0.000000,0.000000,0.000000,0.000000,0,0.000000,0.000000,0.000000,0.000000,0,0.000000,0.000000,0.000000,0.000000,0,0.000000,0.000000,0.000000,0.000000,0,0.000000,0.000000,0.000000,0.000000,0,0.000000,0.000000,0.000000,0.000000,0,0.000000,0.000000,0.000000,0.000000
503840304,RESONANCE_0P1,0.000000,0.000000,0.000000,0.700000,0,,NO_MATCH: BASELINE_NOT_READY,1,72.815446,0.000000,0.000000,0.000000,1,29.465961,0.000000,0.000000,0.000000,0,0.000000,0.000000,0.000000,0.000000,0,0.000000,0.000000,0.000000,0.000000,0,0.000000,0.000000,0.000000,0.000000,0,0.000000,0.000000,0.000000,0.000000,0,0.000000,0.000000,0.000000,0.000000,0,0.000000,0.000000,0.000000,0.000000,0,0.000000,0.000000,0.000000,0.000000,0,0.000000,0.000000,0.000000,0.000000,0,0.000000,0.000000,0.000000,0.000000,0,0.000000,0.000000,0.000000,0.000000,0,0.000000,0.000000,0.000000,0.000000
503840304,PHASED_VIPASSANA,0.000000,0.000000,0.000000,0.700000,0,,NO_MATCH: BASELINE_NOT_READY,1,72.815446,0.000000,0.000000,0.000000,1,29.465961,0.000000,0.000000,0.000000,0,0.000000,0.000000,0.000000,0.000000,0,0.000000,0.000000,0.000000,0.000000,0,0.000000,0.000000,0.000000,0.000000,0,0.000000,0.000000,0.000000,0.000000,0,0.000000,0.000000,0.000000,0.000000,0,0.000000,0.000000,0.000000,0.000000,0,0.000000,0.000000,0.000000,0.000000,0,0.000000,0.000000,0.000000,0.000000,0,0.000000,0.000000,0.000000,0.000000,0,0.000000,0.000000,0.000000,0.000000,0,0.000000,0.000000,0.000000,0.000000
503840304,AROUSAL_MEDITATION,0.000000,0.000000,0.000000,0.700000,0,,NO_MATCH: BASELINE_NOT_READY,1,72.815446,0.000000,0.000000,0.000000,1,29.465961,0.000000,0.000000,0.000000,0,0.000000,0.000000,0.000000,0.000000,0,0.000000,0.000000,0.000000,0.000000,0,0.000000,0.000000,0.000000,0.000000,0,0.000000,0.000000,0.000000,0.000000,0,0.000000,0.000000,0.000000,0.000000,0,0.000000,0.000000,0.000000,0.000000,0,0.000000,0.000000,0.000000,0.000000,0,0.000000,0.000000,0.000000,0.000000,0,0.000000,0.000000,0.000000,0.000000,0,0.000000,0.000000,0.000000,0.000000,0,0.000000,0.000000,0.000000,0.000000
503840304,TRAINED_VIPASSANA_SHIFT,0.000000,0.000000,0.000000,0.700000,0,,NO_MATCH: BASELINE_NOT_READY,1,72.815446,0.000000,0.000000,0.000000,1,29.465961,0.000000,0.000000,0.000000,0,0.000000,0.000000,0.000000,0.000000,0,0.000000,0.000000,0.000000,0.000000,0,0.000000,0.000000,0.000000,0.000000,0,0.000000,0.000000,0.000000,0.000000,0,0.000000,0.000000,0.000000,0.000000,0,0.000000,0.000000,0.000000,0.000000,0,0.000000,0.000000,0.000000,0.000000,0,0.000000,0.000000,0.000000,0.000000,0,0.000000,0.000000,0.000000,0.000000,0,0.000000,0.000000,0.000000,0.000000,0,0.000000,0.000000,0.000000,0.000000
503840304,SLOW_RECOVERY_VLF,0.000000,0.000000,0.000000,0.700000,0,,NO_MATCH: BASELINE_NOT_READY,1,72.815446,0.000000,0.000000,0.000000,1,29.465961,0.000000,0.000000,0.000000,0,0.000000,0.000000,0.000000,0.000000,0,0.000000,0.000000,0.000000,0.000000,0,0.000000,0.000000,0.000000,0.000000,0,0.000000,0.000000,0.000000,0.000000,0,0.000000,0.000000,0.000000,0.000000,0,0.000000,0.000000,0.000000,0.000000,0,0.000000,0.000000,0.000000,0.000000,0,0.000000,0.000000,0.000000,0.000000,0,0.000000,0.000000,0.000000,0.000000,0,0.000000,0.000000,0.000000,0.000000,0,0.000000,0.000000,0.000000,0.000000
503840304,INWARD_QUIET,0.000000,0.000000,0.000000,0.700000,0,,NO_MATCH: BASELINE_NOT_READY,1,72.815446,0.000000,0.000000,0.000000,1,29.465961,0.000000,0.000000,0.000000,0,0.000000,0.000000,0.000000,0.000000,0,0.000000,0.000000,0.000000,0.000000,0,0.000000,0.000000,0.000000,0.000000,0,0.000000,0.000000,0.000000,0.000000,0,0.000000,0.000000,0.000000,0.000000,0,0.000000,0.000000,0.000000,0.000000,0,0.000000,0.000000,0.000000,0.000000,0,0.000000,0.000000,0.000000,0.000000,0,0.000000,0.000000,0.000000,0.000000,0,0.000000,0.000000,0.000000,0.000000,0,0.000000,0.000000,0.000000,0.000000
523954424,RESONANCE_0P1,0.000000,0.000000,0.000000,0.700000,0,,NO_MATCH: BASELINE_NOT_READY,1,78.687183,0.000000,0.000000,0.000000,1,32.274286,0.000000,0.000000,0.000000,0,0.000000,0.000000,0.000000,0.000000,0,0.000000,0.000000,0.000000,0.000000,0,0.000000,0.000000,0.000000,0.000000,0,0.000000,0.000000,0.000000,0.000000,0,0.000000,0.000000,0.000000,0.000000,0,0.000000,0.000000,0.000000,0.000000,0,0.000000,0.000000,0.000000,0.000000,0,0.000000,0.000000,0.000000,0.000000,0,0.000000,0.000000,0.000000,0.000000,0,0.000000,0.000000,0.000000,0.000000,0,0.000000,0.000000,0.000000,0.000000
523954424,PHASED_VIPASSANA,0.000000,0.000000,0.000000,0.700000,0,,NO_MATCH: BASELINE_NOT_READY,1,78.687183,0.000000,0.000000,0.000000,1,32.274286,0.000000,0.000000,0.000000,0,0.000000,0.000000,0.000000,0.000000,0,0.000000,0.000000,0.000000,0.000000,0,0.000000,0.000000,0.000000,0.000000,0,0.000000,0.000000,0.000000,0.000000,0,0.000000,0.000000,0.000000,0.000000,0,0.000000,0.000000,0.000000,0.000000,0,0.000000,0.000000,0.000000,0.000000,0,0.000000,0.000000,0.000000,0.000000,0,0.000000,0.000000,0.000000,0.000000,0,0.000000,0.000000,0.000000,0.000000,0,0.000000,0.000000,0.000000,0.000000
523954424,AROUSAL_MEDITATION,0.000000,0.000000,0.000000,0.700000,0,,NO_MATCH: BASELINE_NOT_READY,1,78.687183,0.000000,0.000000,0.000000,1,32.274286,0.000000,0.000000,0.000000,0,0.000000,0.000000,0.000000,0.000000,0,0.000000,0.000000,0.000000,0.000000,0,0.000000,0.000000,0.000000,0.000000,0,0.000000,0.000000,0.000000,0.000000,0,0.000000,0.000000,0.000000,0.000000,0,0.000000,0.000000,0.000000,0.000000,0,0.000000,0.000000,0.000000,0.000000,0,0.000000,0.000000,0.000000,0.000000,0,0.000000,0.000000,0.000000,0.000000,0,0.000000,0.000000,0.000000,0.000000,0,0.000000,0.000000,0.000000,0.000000
523954424,TRAINED_VIPASSANA_SHIFT,0.000000,0.000000,0.000000,0.700000,0,,NO_MATCH: BASELINE_NOT_READY,1,78.687183,0.000000,0.000000,0.000000,1,32.274286,0.000000,0.000000,0.000000,0,0.000000,0.000000,0.000000,0.000000,0,0.000000,0.000000,0.000000,0.000000,0,0.000000,0.000000,0.000000,0.000000,0,0.000000,0.000000,0.000000,0.000000,0,0.000000,0.000000,0.000000,0.000000,0,0.000000,0.000000,0.000000,0.000000,0,0.000000,0.000000,0.000000,0.000000,0,0.000000,0.000000,0.000000,0.000000,0,0.000000,0.000000,0.000000,0.000000,0,0.000000,0.000000,0.000000,0.000000,0,0.000000,0.000000,0.000000,0.000000
523954424,SLOW_RECOVERY_VLF,0.000000,0.000000,0.000000,0.700000,0,,NO_MATCH: BASELINE_NOT_READY,1,78.687183,0.000000,0.000000,0.000000,1,32.274286,0.000000,0.000000,0.000000,0,0.000000,0.000000,0.000000,0.000000,0,0.000000,0.000000,0.000000,0.000000,0,0.000000,0.000000,0.000000,0.000000,0,0.000000,0.000000,0.000000,0.000000,0,0.000000,0.000000,0.000000,0.000000,0,0.000000,0.000000,0.000000,0.000000,0,0.000000,0.000000,0.000000,0.000000,0,0.000000,0.000000,0.000000,0.000000,0,0.000000,0.000000,0.000000,0.000000,0,0.000000,0.000000,0.000000,0.000000,0,0.000000,0.000000,0.000000,0.000000
523954424,INWARD_QUIET,0.000000,0.000000,0.000000,0.700000,0,,NO_MATCH: BASELINE_NOT_READY,1,78.687183,0.000000,0.000000,0.000000,1,32.274286,0.000000,0.000000,0.000000,0,0.000000,0.000000,0.000000,0.000000,0,0.000000,0.000000,0.000000,0.000000,0,0.000000,0.000000,0.000000,0.000000,0,0.000000,0.000000,0.000000,0.000000,0,0.000000,0.000000,0.000000,0.000000,0,0.000000,0.000000,0.000000,0.000000,0,0.000000,0.000000,0.000000,0.000000,0,0.000000,0.000000,0.000000,0.000000,0,0.000000,0.000000,0.000000,0.000000,0,0.000000,0.000000,0.000000,0.000000,0,0.000000,0.000000,0.000000,0.000000
544120304,RESONANCE_0P1,0.000000,0.000000,0.000000,0.700000,0,,NO_MATCH: BASELINE_NOT_READY,1,78.856269,0.000000,0.000000,0.000000,1,32.813126,0.000000,0.000000,0.000000,0,0.000000,0.000000,0.000000,0.000000,0,0.000000,0.000000,0.000000,0.000000,0,0.000000,0.000000,0.000000,0.000000,0,0.000000,0.000000,0.000000,0.000000,0,0.000000,0.000000,0.000000,0.000000,0,0.000000,0.000000,0.000000,0.000000,0,0.000000,0.000000,0.000000,0.000000,0,0.000000,0.000000,0.000000,0.000000,0,0.000000,0.000000,0.000000,0.000000,0,0.000000,0.000000,0.000000,0.000000,0,0.000000,0.000000,0.000000,0.000000
544120304,PHASED_VIPASSANA,0.000000,0.000000,0.000000,0.700000,0,,NO_MATCH: BASELINE_NOT_READY,1,78.856269,0.000000,0.000000,0.000000,1,32.813126,0.000000,0.000000,0.000000,0,0.000000,0.000000,0.000000,0.000000,0,0.000000,0.000000,0.000000,0.000000,0,0.000000,0.000000,0.000000,0.000000,0,0.000000,0.000000,0.000000,0.000000,0,0.000000,0.000000,0.000000,0.000000,0,0.000000,0.000000,0.000000,0.000000,0,0.000000,0.000000,0.000000,0.000000,0,0.000000,0.000000,0.000000,0.000000,0,0.000000,0.000000,0.000000,0.000000,0,0.000000,0.000000,0.000000,0.000000,0,0.000000,0.000000,0.000000,0.000000
544120304,AROUSAL_MEDITATION,0.000000,0.000000,0.000000,0.700000,0,,NO_MATCH: BASELINE_NOT_READY,1,78.856269,0.000000,0.000000,0.000000,1,32.813126,0.000000,0.000000,0.000000,0,0.000000,0.000000,0.000000,0.000000,0,0.000000,0.000000,0.000000,0.000000,0,0.000000,0.000000,0.000000,0.000000,0,0.000000,0.000000,0.000000,0.000000,0,0.000000,0.000000,0.000000,0.000000,0,0.000000,0.000000,0.000000,0.000000,0,0.000000,0.000000,0.000000,0.000000,0,0.000000,0.000000,0.000000,0.000000,0,0.000000,0.000000,0.000000,0.000000,0,0.000000,0.000000,0.000000,0.000000,0,0.000000,0.000000,0.000000,0.000000
544120304,TRAINED_VIPASSANA_SHIFT,0.000000,0.000000,0.000000,0.700000,0,,NO_MATCH: BASELINE_NOT_READY,1,78.856269,0.000000,0.000000,0.000000,1,32.813126,0.000000,0.000000,0.000000,0,0.000000,0.000000,0.000000,0.000000,0,0.000000,0.000000,0.000000,0.000000,0,0.000000,0.000000,0.000000,0.000000,0,0.000000,0.000000,0.000000,0.000000,0,0.000000,0.000000,0.000000,0.000000,0,0.000000,0.000000,0.000000,0.000000,0,0.000000,0.000000,0.000000,0.000000,0,0.000000,0.000000,0.000000,0.000000,0,0.000000,0.000000,0.000000,0.000000,0,0.000000,0.000000,0.000000,0.000000,0,0.000000,0.000000,0.000000,0.000000
544120304,SLOW_RECOVERY_VLF,0.000000,0.000000,0.000000,0.700000,0,,NO_MATCH: BASELINE_NOT_READY,1,78.856269,0.000000,0.000000,0.000000,1,32.813126,0.000000,0.000000,0.000000,0,0.000000,0.000000,0.000000,0.000000,0,0.000000,0.000000,0.000000,0.000000,0,0.000000,0.000000,0.000000,0.000000,0,0.000000,0.000000,0.000000,0.000000,0,0.000000,0.000000,0.000000,0.000000,0,0.000000,0.000000,0.000000,0.000000,0,0.000000,0.000000,0.000000,0.000000,0,0.000000,0.000000,0.000000,0.000000,0,0.000000,0.000000,0.000000,0.000000,0,0.000000,0.000000,0.000000,0.000000,0,0.000000,0.000000,0.000000,0.000000
544120304,INWARD_QUIET,0.000000,0.000000,0.000000,0.700000,0,,NO_MATCH: BASELINE_NOT_READY,1,78.856269,0.000000,0.000000,0.000000,1,32.813126,0.000000,0.000000,0.000000,0,0.000000,0.000000,0.000000,0.000000,0,0.000000,0.000000,0.000000,0.000000,0,0.000000,0.000000,0.000000,0.000000,0,0.000000,0.000000,0.000000,0.000000,0,0.000000,0.000000,0.000000,0.000000,0,0.000000,0.000000,0.000000,0.000000,0,0.000000,0.000000,0.000000,0.000000,0,0.000000,0.000000,0.000000,0.000000,0,0.000000,0.000000,0.000000,0.000000,0,0.000000,0.000000,0.000000,0.000000,0,0.000000,0.000000,0.000000,0.000000
564280953,RESONANCE_0P1,0.000000,0.000000,0.000000,0.700000,0,,NO_MATCH: BASELINE_NOT_READY,1,75.265310,0.000000,0.000000,0.000000,1,33.109454,0.000000,0.000000,0.000000,0,0.000000,0.000000,0.000000,0.000000,0,0.000000,0.000000,0.000000,0.000000,0,0.000000,0.000000,0.000000,0.000000,0,0.000000,0.000000,0.000000,0.000000,0,0.000000,0.000000,0.000000,0.000000,0,0.000000,0.000000,0.000000,0.000000,0,0.000000,0.000000,0.000000,0.000000,0,0.000000,0.000000,0.000000,0.000000,0,0.000000,0.000000,0.000000,0.000000,0,0.000000,0.000000,0.000000,0.000000,0,0.000000,0.000000,0.000000,0.000000
564280953,PHASED_VIPASSANA,0.000000,0.000000,0.000000,0.700000,0,,NO_MATCH: BASELINE_NOT_READY,1,75.265310,0.000000,0.000000,0.000000,1,33.109454,0.000000,0.000000,0.000000,0,0.000000,0.000000,0.000000,0.000000,0,0.000000,0.000000,0.000000,0.000000,0,0.000000,0.000000,0.000000,0.000000,0,0.000000,0.000000,0.000000,0.000000,0,0.000000,0.000000,0.000000,0.000000,0,0.000000,0.000000,0.000000,0.000000,0,0.000000,0.000000,0.000000,0.000000,0,0.000000,0.000000,0.000000,0.000000,0,0.000000,0.000000,0.000000,0.000000,0,0.000000,0.000000,0.000000,0.000000,0,0.000000,0.000000,0.000000,0.000000
564280953,AROUSAL_MEDITATION,0.000000,0.000000,0.000000,0.700000,0,,NO_MATCH: BASELINE_NOT_READY,1,75.265310,0.000000,0.000000,0.000000,1,33.109454,0.000000,0.000000,0.000000,0,0.000000,0.000000,0.000000,0.000000,0,0.000000,0.000000,0.000000,0.000000,0,0.000000,0.000000,0.000000,0.000000,0,0.000000,0.000000,0.000000,0.000000,0,0.000000,0.000000,0.000000,0.000000,0,0.000000,0.000000,0.000000,0.000000,0,0.000000,0.000000,0.000000,0.000000,0,0.000000,0.000000,0.000000,0.000000,0,0.000000,0.000000,0.000000,0.000000,0,0.000000,0.000000,0.000000,0.000000,0,0.000000,0.000000,0.000000,0.000000
564280953,TRAINED_VIPASSANA_SHIFT,0.000000,0.000000,0.000000,0.700000,0,,NO_MATCH: BASELINE_NOT_READY,1,75.265310,0.000000,0.000000,0.000000,1,33.109454,0.000000,0.000000,0.000000,0,0.000000,0.000000,0.000000,0.000000,0,0.000000,0.000000,0.000000,0.000000,0,0.000000,0.000000,0.000000,0.000000,0,0.000000,0.000000,0.000000,0.000000,0,0.000000,0.000000,0.000000,0.000000,0,0.000000,0.000000,0.000000,0.000000,0,0.000000,0.000000,0.000000,0.000000,0,0.000000,0.000000,0.000000,0.000000,0,0.000000,0.000000,0.000000,0.000000,0,0.000000,0.000000,0.000000,0.000000,0,0.000000,0.000000,0.000000,0.000000
564280953,SLOW_RECOVERY_VLF,0.000000,0.000000,0.000000,0.700000,0,,NO_MATCH: BASELINE_NOT_READY,1,75.265310,0.000000,0.000000,0.000000,1,33.109454,0.000000,0.000000,0.000000,0,0.000000,0.000000,0.000000,0.000000,0,0.000000,0.000000,0.000000,0.000000,0,0.000000,0.000000,0.000000,0.000000,0,0.000000,0.000000,0.000000,0.000000,0,0.000000,0.000000,0.000000,0.000000,0,0.000000,0.000000,0.000000,0.000000,0,0.000000,0.000000,0.000000,0.000000,0,0.000000,0.000000,0.000000,0.000000,0,0.000000,0.000000,0.000000,0.000000,0,0.000000,0.000000,0.000000,0.000000,0,0.000000,0.000000,0.000000,0.000000
564280953,INWARD_QUIET,0.000000,0.000000,0.000000,0.700000,0,,NO_MATCH: BASELINE_NOT_READY,1,75.265310,0.000000,0.000000,0.000000,1,33.109454,0.000000,0.000000,0.000000,0,0.000000,0.000000,0.000000,0.000000,0,0.000000,0.000000,0.000000,0.000000,0,0.000000,0.000000,0.000000,0.000000,0,0.000000,0.000000,0.000000,0.000000,0,0.000000,0.000000,0.000000,0.000000,0,0.000000,0.000000,0.000000,0.000000,0,0.000000,0.000000,0.000000,0.000000,0,0.000000,0.000000,0.000000,0.000000,0,0.000000,0.000000,0.000000,0.000000,0,0.000000,0.000000,0.000000,0.000000,0,0.000000,0.000000,0.000000,0.000000
584359045,RESONANCE_0P1,0.000000,0.000000,0.000000,0.700000,0,,NO_MATCH: BASELINE_NOT_READY,1,84.092266,0.000000,0.000000,0.000000,1,31.779226,0.000000,0.000000,0.000000,0,0.000000,0.000000,0.000000,0.000000,0,0.000000,0.000000,0.000000,0.000000,0,0.000000,0.000000,0.000000,0.000000,0,0.000000,0.000000,0.000000,0.000000,0,0.000000,0.000000,0.000000,0.000000,0,0.000000,0.000000,0.000000,0.000000,0,0.000000,0.000000,0.000000,0.000000,0,0.000000,0.000000,0.000000,0.000000,0,0.000000,0.000000,0.000000,0.000000,0,0.000000,0.000000,0.000000,0.000000,0,0.000000,0.000000,0.000000,0.000000
584359045,PHASED_VIPASSANA,0.000000,0.000000,0.000000,0.700000,0,,NO_MATCH: BASELINE_NOT_READY,1,84.092266,0.000000,0.000000,0.000000,1,31.779226,0.000000,0.000000,0.000000,0,0.000000,0.000000,0.000000,0.000000,0,0.000000,0.000000,0.000000,0.000000,0,0.000000,0.000000,0.000000,0.000000,0,0.000000,0.000000,0.000000,0.000000,0,0.000000,0.000000,0.000000,0.000000,0,0.000000,0.000000,0.000000,0.000000,0,0.000000,0.000000,0.000000,0.000000,0,0.000000,0.000000,0.000000,0.000000,0,0.000000,0.000000,0.000000,0.000000,0,0.000000,0.000000,0.000000,0.000000,0,0.000000,0.000000,0.000000,0.000000
584359045,AROUSAL_MEDITATION,0.000000,0.000000,0.000000,0.700000,0,,NO_MATCH: BASELINE_NOT_READY,1,84.092266,0.000000,0.000000,0.000000,1,31.779226,0.000000,0.000000,0.000000,0,0.000000,0.000000,0.000000,0.000000,0,0.000000,0.000000,0.000000,0.000000,0,0.000000,0.000000,0.000000,0.000000,0,0.000000,0.000000,0.000000,0.000000,0,0.000000,0.000000,0.000000,0.000000,0,0.000000,0.000000,0.000000,0.000000,0,0.000000,0.000000,0.000000,0.000000,0,0.000000,0.000000,0.000000,0.000000,0,0.000000,0.000000,0.000000,0.000000,0,0.000000,0.000000,0.000000,0.000000,0,0.000000,0.000000,0.000000,0.000000
584359045,TRAINED_VIPASSANA_SHIFT,0.000000,0.000000,0.000000,0.700000,0,,NO_MATCH: BASELINE_NOT_READY,1,84.092266,0.000000,0.000000,0.000000,1,31.779226,0.000000,0.000000,0.000000,0,0.000000,0.000000,0.000000,0.000000,0,0.000000,0.000000,0.000000,0.000000,0,0.000000,0.000000,0.000000,0.000000,0,0.000000,0.000000,0.000000,0.000000,0,0.000000,0.000000,0.000000,0.000000,0,0.000000,0.000000,0.000000,0.000000,0,0.000000,0.000000,0.000000,0.000000,0,0.000000,0.000000,0.000000,0.000000,0,0.000000,0.000000,0.000000,0.000000,0,0.000000,0.000000,0.000000,0.000000,0,0.000000,0.000000,0.000000,0.000000
584359045,SLOW_RECOVERY_VLF,0.000000,0.000000,0.000000,0.700000,0,,NO_MATCH: BASELINE_NOT_READY,1,84.092266,0.000000,0.000000,0.000000,1,31.779226,0.000000,0.000000,0.000000,0,0.000000,0.000000,0.000000,0.000000,0,0.000000,0.000000,0.000000,0.000000,0,0.000000,0.000000,0.000000,0.000000,0,0.000000,0.000000,0.000000,0.000000,0,0.000000,0.000000,0.000000,0.000000,0,0.000000,0.000000,0.000000,0.000000,0,0.000000,0.000000,0.000000,0.000000,0,0.000000,0.000000,0.000000,0.000000,0,0.000000,0.000000,0.000000,0.000000,0,0.000000,0.000000,0.000000,0.000000,0,0.000000,0.000000,0.000000,0.000000
584359045,INWARD_QUIET,0.000000,0.000000,0.000000,0.700000,0,,NO_MATCH: BASELINE_NOT_READY,1,84.092266,0.000000,0.000000,0.000000,1,31.779226,0.000000,0.000000,0.000000,0,0.000000,0.000000,0.000000,0.000000,0,0.000000,0.000000,0.000000,0.000000,0,0.000000,0.000000,0.000000,0.000000,0,0.000000,0.000000,0.000000,0.000000,0,0.000000,0.000000,0.000000,0.000000,0,0.000000,0.000000,0.000000,0.000000,0,0.000000,0.000000,0.000000,0.000000,0,0.000000,0.000000,0.000000,0.000000,0,0.000000,0.000000,0.000000,0.000000,0,0.000000,0.000000,0.000000,0.000000,0,0.000000,0.000000,0.000000,0.000000
604537710,RESONANCE_0P1,0.000000,0.000000,0.000000,0.700000,0,,NO_MATCH: BASELINE_NOT_READY,1,72.844973,0.000000,0.000000,0.000000,1,27.918135,0.000000,0.000000,0.000000,0,0.000000,0.000000,0.000000,0.000000,0,0.000000,0.000000,0.000000,0.000000,0,0.000000,0.000000,0.000000,0.000000,0,0.000000,0.000000,0.000000,0.000000,0,0.000000,0.000000,0.000000,0.000000,0,0.000000,0.000000,0.000000,0.000000,0,0.000000,0.000000,0.000000,0.000000,0,0.000000,0.000000,0.000000,0.000000,0,0.000000,0.000000,0.000000,0.000000,0,0.000000,0.000000,0.000000,0.000000,0,0.000000,0.000000,0.000000,0.000000
604537710,PHASED_VIPASSANA,0.000000,0.000000,0.000000,0.700000,0,,NO_MATCH: BASELINE_NOT_READY,1,72.844973,0.000000,0.000000,0.000000,1,27.918135,0.000000,0.000000,0.000000,0,0.000000,0.000000,0.000000,0.000000,0,0.000000,0.000000,0.000000,0.000000,0,0.000000,0.000000,0.000000,0.000000,0,0.000000,0.000000,0.000000,0.000000,0,0.000000,0.000000,0.000000,0.000000,0,0.000000,0.000000,0.000000,0.000000,0,0.000000,0.000000,0.000000,0.000000,0,0.000000,0.000000,0.000000,0.000000,0,0.000000,0.000000,0.000000,0.000000,0,0.000000,0.000000,0.000000,0.000000,0,0.000000,0.000000,0.000000,0.000000
604537710,AROUSAL_MEDITATION,0.000000,0.000000,0.000000,0.700000,0,,NO_MATCH: BASELINE_NOT_READY,1,72.844973,0.000000,0.000000,0.000000,1,27.918135,0.000000,0.000000,0.000000,0,0.000000,0.000000,0.000000,0.000000,0,0.000000,0.000000,0.000000,0.000000,0,0.000000,0.000000,0.000000,0.000000,0,0.000000,0.000000,0.000000,0.000000,0,0.000000,0.000000,0.000000,0.000000,0,0.000000,0.000000,0.000000,0.000000,0,0.000000,0.000000,0.000000,0.000000,0,0.000000,0.000000,0.000000,0.000000,0,0.000000,0.000000,0.000000,0.000000,0,0.000000,0.000000,0.000000,0.000000,0,0.000000,0.000000,0.000000,0.000000
604537710,TRAINED_VIPASSANA_SHIFT,0.000000,0.000000,0.000000,0.700000,0,,NO_MATCH: BASELINE_NOT_READY,1,72.844973,0.000000,0.000000,0.000000,1,27.918135,0.000000,0.000000,0.000000,0,0.000000,0.000000,0.000000,0.000000,0,0.000000,0.000000,0.000000,0.000000,0,0.000000,0.000000,0.000000,0.000000,0,0.000000,0.000000,0.000000,0.000000,0,0.000000,0.000000,0.000000,0.000000,0,0.000000,0.000000,0.000000,0.000000,0,0.000000,0.000000,0.000000,0.000000,0,0.000000,0.000000,0.000000,0.000000,0,0.000000,0.000000,0.000000,0.000000,0,0.000000,0.000000,0.000000,0.000000,0,0.000000,0.000000,0.000000,0.000000
604537710,SLOW_RECOVERY_VLF,0.000000,0.000000,0.000000,0.700000,0,,NO_MATCH: BASELINE_NOT_READY,1,72.844973,0.000000,0.000000,0.000000,1,27.918135,0.000000,0.000000,0.000000,0,0.000000,0.000000,0.000000,0.000000,0,0.000000,0.000000,0.000000,0.000000,0,0.000000,0.000000,0.000000,0.000000,0,0.000000,0.000000,0.000000,0.000000,0,0.000000,0.000000,0.000000,0.000000,0,0.000000,0.000000,0.000000,0.000000,0,0.000000,0.000000,0.000000,0.000000,0,0.000000,0.000000,0.000000,0.000000,0,0.000000,0.000000,0.000000,0.000000,0,0.000000,0.000000,0.000000,0.000000,0,0.000000,0.000000,0.000000,0.000000
604537710,INWARD_QUIET,0.000000,0.000000,0.000000,0.700000,0,,NO_MATCH: BASELINE_NOT_READY,1,72.844973,0.000000,0.000000,0.000000,1,27.918135,0.000000,0.000000,0.000000,0,0.000000,0.000000,0.000000,0.000000,0,0.000000,0.000000,0.000000,0.000000,0,0.000000,0.000000,0.000000,0.000000,0,0.000000,0.000000,0.000000,0.000000,0,0.000000,0.000000,0.000000,0.000000,0,0.000000,0.000000,0.000000,0.000000,0,0.000000,0.000000,0.000000,0.000000,0,0.000000,0.000000,0.000000,0.000000,0,0.000000,0.000000,0.000000,0.000000,0,0.000000,0.000000,0.000000,0.000000,0,0.000000,0.000000,0.000000,0.000000
625119245,RESONANCE_0P1,0.000000,0.000000,0.000000,0.700000,0,,NO_MATCH: BASELINE_NOT_READY,1,66.264807,0.000000,0.000000,0.000000,1,32.172395,0.000000,0.000000,0.000000,0,0.000000,0.000000,0.000000,0.000000,0,0.000000,0.000000,0.000000,0.000000,0,0.000000,0.000000,0.000000,0.000000,0,0.000000,0.000000,0.000000,0.000000,0,0.000000,0.000000,0.000000,0.000000,0,0.000000,0.000000,0.000000,0.000000,0,0.000000,0.000000,0.000000,0.000000,0,0.000000,0.000000,0.000000,0.000000,0,0.000000,0.000000,0.000000,0.000000,0,0.000000,0.000000,0.000000,0.000000,0,0.000000,0.000000,0.000000,0.000000
625119245,PHASED_VIPASSANA,0.000000,0.000000,0.000000,0.700000,0,,NO_MATCH: BASELINE_NOT_READY,1,66.264807,0.000000,0.000000,0.000000,1,32.172395,0.000000,0.000000,0.000000,0,0.000000,0.000000,0.000000,0.000000,0,0.000000,0.000000,0.000000,0.000000,0,0.000000,0.000000,0.000000,0.000000,0,0.000000,0.000000,0.000000,0.000000,0,0.000000,0.000000,0.000000,0.000000,0,0.000000,0.000000,0.000000,0.000000,0,0.000000,0.000000,0.000000,0.000000,0,0.000000,0.000000,0.000000,0.000000,0,0.000000,0.000000,0.000000,0.000000,0,0.000000,0.000000,0.000000,0.000000,0,0.000000,0.000000,0.000000,0.000000
625119245,AROUSAL_MEDITATION,0.000000,0.000000,0.000000,0.700000,0,,NO_MATCH: BASELINE_NOT_READY,1,66.264807,0.000000,0.000000,0.000000,1,32.172395,0.000000,0.000000,0.000000,0,0.000000,0.000000,0.000000,0.000000,0,0.000000,0.000000,0.000000,0.000000,0,0.000000,0.000000,0.000000,0.000000,0,0.000000,0.000000,0.000000,0.000000,0,0.000000,0.000000,0.000000,0.000000,0,0.000000,0.000000,0.000000,0.000000,0,0.000000,0.000000,0.000000,0.000000,0,0.000000,0.000000,0.000000,0.000000,0,0.000000,0.000000,0.000000,0.000000,0,0.000000,0.000000,0.000000,0.000000,0,0.000000,0.000000,0.000000,0.000000
625119245,TRAINED_VIPASSANA_SHIFT,0.000000,0.000000,0.000000,0.700000,0,,NO_MATCH: BASELINE_NOT_READY,1,66.264807,0.000000,0.000000,0.000000,1,32.172395,0.000000,0.000000,0.000000,0,0.000000,0.000000,0.000000,0.000000,0,0.000000,0.000000,0.000000,0.000000,0,0.000000,0.000000,0.000000,0.000000,0,0.000000,0.000000,0.000000,0.000000,0,0.000000,0.000000,0.000000,0.000000,0,0.000000,0.000000,0.000000,0.000000,0,0.000000,0.000000,0.000000,0.000000,0,0.000000,0.000000,0.000000,0.000000,0,0.000000,0.000000,0.000000,0.000000,0,0.000000,0.000000,0.000000,0.000000,0,0.000000,0.000000,0.000000,0.000000
625119245,SLOW_RECOVERY_VLF,0.000000,0.000000,0.000000,0.700000,0,,NO_MATCH: BASELINE_NOT_READY,1,66.264807,0.000000,0.000000,0.000000,1,32.172395,0.000000,0.000000,0.000000,0,0.000000,0.000000,0.000000,0.000000,0,0.000000,0.000000,0.000000,0.000000,0,0.000000,0.000000,0.000000,0.000000,0,0.000000,0.000000,0.000000,0.000000,0,0.000000,0.000000,0.000000,0.000000,0,0.000000,0.000000,0.000000,0.000000,0,0.000000,0.000000,0.000000,0.000000,0,0.000000,0.000000,0.000000,0.000000,0,0.000000,0.000000,0.000000,0.000000,0,0.000000,0.000000,0.000000,0.000000,0,0.000000,0.000000,0.000000,0.000000
625119245,INWARD_QUIET,0.000000,0.000000,0.000000,0.700000,0,,NO_MATCH: BASELINE_NOT_READY,1,66.264807,0.000000,0.000000,0.000000,1,32.172395,0.000000,0.000000,0.000000,0,0.000000,0.000000,0.000000,0.000000,0,0.000000,0.000000,0.000000,0.000000,0,0.000000,0.000000,0.000000,0.000000,0,0.000000,0.000000,0.000000,0.000000,0,0.000000,0.000000,0.000000,0.000000,0,0.000000,0.000000,0.000000,0.000000,0,0.000000,0.000000,0.000000,0.000000,0,0.000000,0.000000,0.000000,0.000000,0,0.000000,0.000000,0.000000,0.000000,0,0.000000,0.000000,0.000000,0.000000,0,0.000000,0.000000,0.000000,0.000000
645431581,RESONANCE_0P1,0.000000,0.000000,0.000000,0.700000,0,,NO_MATCH: BASELINE_NOT_READY,1,68.103190,0.000000,0.000000,0.000000,1,30.167873,0.000000,0.000000,0.000000,0,0.000000,0.000000,0.000000,0.000000,0,0.000000,0.000000,0.000000,0.000000,0,0.000000,0.000000,0.000000,0.000000,0,0.000000,0.000000,0.000000,0.000000,0,0.000000,0.000000,0.000000,0.000000,0,0.000000,0.000000,0.000000,0.000000,0,0.000000,0.000000,0.000000,0.000000,0,0.000000,0.000000,0.000000,0.000000,0,0.000000,0.000000,0.000000,0.000000,0,0.000000,0.000000,0.000000,0.000000,0,0.000000,0.000000,0.000000,0.000000
645431581,PHASED_VIPASSANA,0.000000,0.000000,0.000000,0.700000,0,,NO_MATCH: BASELINE_NOT_READY,1,68.103190,0.000000,0.000000,0.000000,1,30.167873,0.000000,0.000000,0.000000,0,0.000000,0.000000,0.000000,0.000000,0,0.000000,0.000000,0.000000,0.000000,0,0.000000,0.000000,0.000000,0.000000,0,0.000000,0.000000,0.000000,0.000000,0,0.000000,0.000000,0.000000,0.000000,0,0.000000,0.000000,0.000000,0.000000,0,0.000000,0.000000,0.000000,0.000000,0,0.000000,0.000000,0.000000,0.000000,0,0.000000,0.000000,0.000000,0.000000,0,0.000000,0.000000,0.000000,0.000000,0,0.000000,0.000000,0.000000,0.000000
645431581,AROUSAL_MEDITATION,0.000000,0.000000,0.000000,0.700000,0,,NO_MATCH: BASELINE_NOT_READY,1,68.103190,0.000000,0.000000,0.000000,1,30.167873,0.000000,0.000000,0.000000,0,0.000000,0.000000,0.000000,0.000000,0,0.000000,0.000000,0.000000,0.000000,0,0.000000,0.000000,0.000000,0.000000,0,0.000000,0.000000,0.000000,0.000000,0,0.000000,0.000000,0.000000,0.000000,0,0.000000,0.000000,0.000000,0.000000,0,0.000000,0.000000,0.000000,0.000000,0,0.000000,0.000000,0.000000,0.000000,0,0.000000,0.000000,0.000000,0.000000,0,0.000000,0.000000,0.000000,0.000000,0,0.000000,0.000000,0.000000,0.000000
645431581,TRAINED_VIPASSANA_SHIFT,0.000000,0.000000,0.000000,0.700000,0,,NO_MATCH: BASELINE_NOT_READY,1,68.103190,0.000000,0.000000,0.000000,1,30.167873,0.000000,0.000000,0.000000,0,0.000000,0.000000,0.000000,0.000000,0,0.000000,0.000000,0.000000,0.000000,0,0.000000,0.000000,0.000000,0.000000,0,0.000000,0.000000,0.000000,0.000000,0,0.000000,0.000000,0.000000,0.000000,0,0.000000,0.000000,0.000000,0.000000,0,0.000000,0.000000,0.000000,0.000000,0,0.000000,0.000000,0.000000,0.000000,0,0.000000,0.000000,0.000000,0.000000,0,0.000000,0.000000,0.000000,0.000000,0,0.000000,0.000000,0.000000,0.000000
645431581,SLOW_RECOVERY_VLF,0.000000,0.000000,0.000000,0.700000,0,,NO_MATCH: BASELINE_NOT_READY,1,68.103190,0.000000,0.000000,0.000000,1,30.167873,0.000000,0.000000,0.000000,0,0.000000,0.000000,0.000000,0.000000,0,0.000000,0.000000,0.000000,0.000000,0,0.000000,0.000000,0.000000,0.000000,0,0.000000,0.000000,0.000000,0.000000,0,0.000000,0.000000,0.000000,0.000000,0,0.000000,0.000000,0.000000,0.000000,0,0.000000,0.000000,0.000000,0.000000,0,0.000000,0.000000,0.000000,0.000000,0,0.000000,0.000000,0.000000,0.000000,0,0.000000,0.000000,0.000000,0.000000,0,0.000000,0.000000,0.000000,0.000000
645431581,INWARD_QUIET,0.000000,0.000000,0.000000,0.700000,0,,NO_MATCH: BASELINE_NOT_READY,1,68.103190,0.000000,0.000000,0.000000,1,30.167873,0.000000,0.000000,0.000000,0,0.000000,0.000000,0.000000,0.000000,0,0.000000,0.000000,0.000000,0.000000,0,0.000000,0.000000,0.000000,0.000000,0,0.000000,0.000000,0.000000,0.000000,0,0.000000,0.000000,0.000000,0.000000,0,0.000000,0.000000,0.000000,0.000000,0,0.000000,0.000000,0.000000,0.000000,0,0.000000,0.000000,0.000000,0.000000,0,0.000000,0.000000,0.000000,0.000000,0,0.000000,0.000000,0.000000,0.000000,0,0.000000,0.000000,0.000000,0.000000
665822658,RESONANCE_0P1,0.000000,0.000000,0.000000,0.700000,0,,NO_MATCH: BASELINE_NOT_READY,1,78.409233,0.000000,0.000000,0.000000,1,25.259186,0.000000,0.000000,0.000000,0,0.000000,0.000000,0.000000,0.000000,0,0.000000,0.000000,0.000000,0.000000,0,0.000000,0.000000,0.000000,0.000000,0,0.000000,0.000000,0.000000,0.000000,0,0.000000,0.000000,0.000000,0.000000,0,0.000000,0.000000,0.000000,0.000000,0,0.000000,0.000000,0.000000,0.000000,0,0.000000,0.000000,0.000000,0.000000,0,0.000000,0.000000,0.000000,0.000000,0,0.000000,0.000000,0.000000,0.000000,0,0.000000,0.000000,0.000000,0.000000
665822658,PHASED_VIPASSANA,0.000000,0.000000,0.000000,0.700000,0,,NO_MATCH: BASELINE_NOT_READY,1,78.409233,0.000000,0.000000,0.000000,1,25.259186,0.000000,0.000000,0.000000,0,0.000000,0.000000,0.000000,0.000000,0,0.000000,0.000000,0.000000,0.000000,0,0.000000,0.000000,0.000000,0.000000,0,0.000000,0.000000,0.000000,0.000000,0,0.000000,0.000000,0.000000,0.000000,0,0.000000,0.000000,0.000000,0.000000,0,0.000000,0.000000,0.000000,0.000000,0,0.000000,0.000000,0.000000,0.000000,0,0.000000,0.000000,0.000000,0.000000,0,0.000000,0.000000,0.000000,0.000000,0,0.000000,0.000000,0.000000,0.000000
665822658,AROUSAL_MEDITATION,0.000000,0.000000,0.000000,0.700000,0,,NO_MATCH: BASELINE_NOT_READY,1,78.409233,0.000000,0.000000,0.000000,1,25.259186,0.000000,0.000000,0.000000,0,0.000000,0.000000,0.000000,0.000000,0,0.000000,0.000000,0.000000,0.000000,0,0.000000,0.000000,0.000000,0.000000,0,0.000000,0.000000,0.000000,0.000000,0,0.000000,0.000000,0.000000,0.000000,0,0.000000,0.000000,0.000000,0.000000,0,0.000000,0.000000,0.000000,0.000000,0,0.000000,0.000000,0.000000,0.000000,0,0.000000,0.000000,0.000000,0.000000,0,0.000000,0.000000,0.000000,0.000000,0,0.000000,0.000000,0.000000,0.000000
665822658,TRAINED_VIPASSANA_SHIFT,0.000000,0.000000,0.000000,0.700000,0,,NO_MATCH: BASELINE_NOT_READY,1,78.409233,0.000000,0.000000,0.000000,1,25.259186,0.000000,0.000000,0.000000,0,0.000000,0.000000,0.000000,0.000000,0,0.000000,0.000000,0.000000,0.000000,0,0.000000,0.000000,0.000000,0.000000,0,0.000000,0.000000,0.000000,0.000000,0,0.000000,0.000000,0.000000,0.000000,0,0.000000,0.000000,0.000000,0.000000,0,0.000000,0.000000,0.000000,0.000000,0,0.000000,0.000000,0.000000,0.000000,0,0.000000,0.000000,0.000000,0.000000,0,0.000000,0.000000,0.000000,0.000000,0,0.000000,0.000000,0.000000,0.000000
665822658,SLOW_RECOVERY_VLF,0.000000,0.000000,0.000000,0.700000,0,,NO_MATCH: BASELINE_NOT_READY,1,78.409233,0.000000,0.000000,0.000000,1,25.259186,0.000000,0.000000,0.000000,0,0.000000,0.000000,0.000000,0.000000,0,0.000000,0.000000,0.000000,0.000000,0,0.000000,0.000000,0.000000,0.000000,0,0.000000,0.000000,0.000000,0.000000,0,0.000000,0.000000,0.000000,0.000000,0,0.000000,0.000000,0.000000,0.000000,0,0.000000,0.000000,0.000000,0.000000,0,0.000000,0.000000,0.000000,0.000000,0,0.000000,0.000000,0.000000,0.000000,0,0.000000,0.000000,0.000000,0.000000,0,0.000000,0.000000,0.000000,0.000000
665822658,INWARD_QUIET,0.000000,0.000000,0.000000,0.700000,0,,NO_MATCH: BASELINE_NOT_READY,1,78.409233,0.000000,0.000000,0.000000,1,25.259186,0.000000,0.000000,0.000000,0,0.000000,0.000000,0.000000,0.000000,0,0.000000,0.000000,0.000000,0.000000,0,0.000000,0.000000,0.000000,0.000000,0,0.000000,0.000000,0.000000,0.000000,0,0.000000,0.000000,0.000000,0.000000,0,0.000000,0.000000,0.000000,0.000000,0,0.000000,0.000000,0.000000,0.000000,0,0.000000,0.000000,0.000000,0.000000,0,0.000000,0.000000,0.000000,0.000000,0,0.000000,0.000000,0.000000,0.000000,0,0.000000,0.000000,0.000000,0.000000
686201757,RESONANCE_0P1,0.000000,0.000000,0.000000,0.700000,0,,NO_MATCH: BASELINE_NOT_READY,1,78.761450,0.000000,0.000000,0.000000,1,17.218276,0.000000,0.000000,0.000000,0,0.000000,0.000000,0.000000,0.000000,0,0.000000,0.000000,0.000000,0.000000,0,0.000000,0.000000,0.000000,0.000000,0,0.000000,0.000000,0.000000,0.000000,0,0.000000,0.000000,0.000000,0.000000,0,0.000000,0.000000,0.000000,0.000000,0,0.000000,0.000000,0.000000,0.000000,0,0.000000,0.000000,0.000000,0.000000,0,0.000000,0.000000,0.000000,0.000000,0,0.000000,0.000000,0.000000,0.000000,0,0.000000,0.000000,0.000000,0.000000
686201757,PHASED_VIPASSANA,0.000000,0.000000,0.000000,0.700000,0,,NO_MATCH: BASELINE_NOT_READY,1,78.761450,0.000000,0.000000,0.000000,1,17.218276,0.000000,0.000000,0.000000,0,0.000000,0.000000,0.000000,0.000000,0,0.000000,0.000000,0.000000,0.000000,0,0.000000,0.000000,0.000000,0.000000,0,0.000000,0.000000,0.000000,0.000000,0,0.000000,0.000000,0.000000,0.000000,0,0.000000,0.000000,0.000000,0.000000,0,0.000000,0.000000,0.000000,0.000000,0,0.000000,0.000000,0.000000,0.000000,0,0.000000,0.000000,0.000000,0.000000,0,0.000000,0.000000,0.000000,0.000000,0,0.000000,0.000000,0.000000,0.000000
686201757,AROUSAL_MEDITATION,0.000000,0.000000,0.000000,0.700000,0,,NO_MATCH: BASELINE_NOT_READY,1,78.761450,0.000000,0.000000,0.000000,1,17.218276,0.000000,0.000000,0.000000,0,0.000000,0.000000,0.000000,0.000000,0,0.000000,0.000000,0.000000,0.000000,0,0.000000,0.000000,0.000000,0.000000,0,0.000000,0.000000,0.000000,0.000000,0,0.000000,0.000000,0.000000,0.000000,0,0.000000,0.000000,0.000000,0.000000,0,0.000000,0.000000,0.000000,0.000000,0,0.000000,0.000000,0.000000,0.000000,0,0.000000,0.000000,0.000000,0.000000,0,0.000000,0.000000,0.000000,0.000000,0,0.000000,0.000000,0.000000,0.000000
686201757,TRAINED_VIPASSANA_SHIFT,0.000000,0.000000,0.000000,0.700000,0,,NO_MATCH: BASELINE_NOT_READY,1,78.761450,0.000000,0.000000,0.000000,1,17.218276,0.000000,0.000000,0.000000,0,0.000000,0.000000,0.000000,0.000000,0,0.000000,0.000000,0.000000,0.000000,0,0.000000,0.000000,0.000000,0.000000,0,0.000000,0.000000,0.000000,0.000000,0,0.000000,0.000000,0.000000,0.000000,0,0.000000,0.000000,0.000000,0.000000,0,0.000000,0.000000,0.000000,0.000000,0,0.000000,0.000000,0.000000,0.000000,0,0.000000,0.000000,0.000000,0.000000,0,0.000000,0.000000,0.000000,0.000000,0,0.000000,0.000000,0.000000,0.000000
686201757,SLOW_RECOVERY_VLF,0.000000,0.000000,0.000000,0.700000,0,,NO_MATCH: BASELINE_NOT_READY,1,78.761450,0.000000,0.000000,0.000000,1,17.218276,0.000000,0.000000,0.000000,0,0.000000,0.000000,0.000000,0.000000,0,0.000000,0.000000,0.000000,0.000000,0,0.000000,0.000000,0.000000,0.000000,0,0.000000,0.000000,0.000000,0.000000,0,0.000000,0.000000,0.000000,0.000000,0,0.000000,0.000000,0.000000,0.000000,0,0.000000,0.000000,0.000000,0.000000,0,0.000000,0.000000,0.000000,0.000000,0,0.000000,0.000000,0.000000,0.000000,0,0.000000,0.000000,0.000000,0.000000,0,0.000000,0.000000,0.000000,0.000000
686201757,INWARD_QUIET,0.000000,0.000000,0.000000,0.700000,0,,NO_MATCH: BASELINE_NOT_READY,1,78.761450,0.000000,0.000000,0.000000,1,17.218276,0.000000,0.000000,0.000000,0,0.000000,0.000000,0.000000,0.000000,0,0.000000,0.000000,0.000000,0.000000,0,0.000000,0.000000,0.000000,0.000000,0,0.000000,0.000000,0.000000,0.000000,0,0.000000,0.000000,0.000000,0.000000,0,0.000000,0.000000,0.000000,0.000000,0,0.000000,0.000000,0.000000,0.000000,0,0.000000,0.000000,0.000000,0.000000,0,0.000000,0.000000,0.000000,0.000000,0,0.000000,0.000000,0.000000,0.000000,0,0.000000,0.000000,0.000000,0.000000
706364932,RESONANCE_0P1,0.000000,0.000000,0.000000,0.700000,0,,NO_MATCH: BASELINE_NOT_READY,1,98.677719,0.000000,0.000000,0.000000,1,22.096513,0.000000,0.000000,0.000000,0,0.000000,0.000000,0.000000,0.000000,0,0.000000,0.000000,0.000000,0.000000,0,0.000000,0.000000,0.000000,0.000000,0,0.000000,0.000000,0.000000,0.000000,0,0.000000,0.000000,0.000000,0.000000,0,0.000000,0.000000,0.000000,0.000000,0,0.000000,0.000000,0.000000,0.000000,0,0.000000,0.000000,0.000000,0.000000,0,0.000000,0.000000,0.000000,0.000000,0,0.000000,0.000000,0.000000,0.000000,0,0.000000,0.000000,0.000000,0.000000
706364932,PHASED_VIPASSANA,0.000000,0.000000,0.000000,0.700000,0,,NO_MATCH: BASELINE_NOT_READY,1,98.677719,0.000000,0.000000,0.000000,1,22.096513,0.000000,0.000000,0.000000,0,0.000000,0.000000,0.000000,0.000000,0,0.000000,0.000000,0.000000,0.000000,0,0.000000,0.000000,0.000000,0.000000,0,0.000000,0.000000,0.000000,0.000000,0,0.000000,0.000000,0.000000,0.000000,0,0.000000,0.000000,0.000000,0.000000,0,0.000000,0.000000,0.000000,0.000000,0,0.000000,0.000000,0.000000,0.000000,0,0.000000,0.000000,0.000000,0.000000,0,0.000000,0.000000,0.000000,0.000000,0,0.000000,0.000000,0.000000,0.000000
706364932,AROUSAL_MEDITATION,0.000000,0.000000,0.000000,0.700000,0,,NO_MATCH: BASELINE_NOT_READY,1,98.677719,0.000000,0.000000,0.000000,1,22.096513,0.000000,0.000000,0.000000,0,0.000000,0.000000,0.000000,0.000000,0,0.000000,0.000000,0.000000,0.000000,0,0.000000,0.000000,0.000000,0.000000,0,0.000000,0.000000,0.000000,0.000000,0,0.000000,0.000000,0.000000,0.000000,0,0.000000,0.000000,0.000000,0.000000,0,0.000000,0.000000,0.000000,0.000000,0,0.000000,0.000000,0.000000,0.000000,0,0.000000,0.000000,0.000000,0.000000,0,0.000000,0.000000,0.000000,0.000000,0,0.000000,0.000000,0.000000,0.000000
706364932,TRAINED_VIPASSANA_SHIFT,0.000000,0.000000,0.000000,0.700000,0,,NO_MATCH: BASELINE_NOT_READY,1,98.677719,0.000000,0.000000,0.000000,1,22.096513,0.000000,0.000000,0.000000,0,0.000000,0.000000,0.000000,0.000000,0,0.000000,0.000000,0.000000,0.000000,0,0.000000,0.000000,0.000000,0.000000,0,0.000000,0.000000,0.000000,0.000000,0,0.000000,0.000000,0.000000,0.000000,0,0.000000,0.000000,0.000000,0.000000,0,0.000000,0.000000,0.000000,0.000000,0,0.000000,0.000000,0.000000,0.000000,0,0.000000,0.000000,0.000000,0.000000,0,0.000000,0.000000,0.000000,0.000000,0,0.000000,0.000000,0.000000,0.000000
706364932,SLOW_RECOVERY_VLF,0.000000,0.000000,0.000000,0.700000,0,,NO_MATCH: BASELINE_NOT_READY,1,98.677719,0.000000,0.000000,0.000000,1,22.096513,0.000000,0.000000,0.000000,0,0.000000,0.000000,0.000000,0.000000,0,0.000000,0.000000,0.000000,0.000000,0,0.000000,0.000000,0.000000,0.000000,0,0.000000,0.000000,0.000000,0.000000,0,0.000000,0.000000,0.000000,0.000000,0,0.000000,0.000000,0.000000,0.000000,0,0.000000,0.000000,0.000000,0.000000,0,0.000000,0.000000,0.000000,0.000000,0,0.000000,0.000000,0.000000,0.000000,0,0.000000,0.000000,0.000000,0.000000,0,0.000000,0.000000,0.000000,0.000000
706364932,INWARD_QUIET,0.000000,0.000000,0.000000,0.700000,0,,NO_MATCH: BASELINE_NOT_READY,1,98.677719,0.000000,0.000000,0.000000,1,22.096513,0.000000,0.000000,0.000000,0,0.000000,0.000000,0.000000,0.000000,0,0.000000,0.000000,0.000000,0.000000,0,0.000000,0.000000,0.000000,0.000000,0,0.000000,0.000000,0.000000,0.000000,0,0.000000,0.000000,0.000000,0.000000,0,0.000000,0.000000,0.000000,0.000000,0,0.000000,0.000000,0.000000,0.000000,0,0.000000,0.000000,0.000000,0.000000,0,0.000000,0.000000,0.000000,0.000000,0,0.000000,0.000000,0.000000,0.000000,0,0.000000,0.000000,0.000000,0.000000
726833293,RESONANCE_0P1,0.000000,0.000000,0.000000,0.700000,0,,NO_MATCH: BASELINE_NOT_READY,1,79.517699,0.000000,0.000000,0.000000,1,38.788402,0.000000,0.000000,0.000000,0,0.000000,0.000000,0.000000,0.000000,0,0.000000,0.000000,0.000000,0.000000,0,0.000000,0.000000,0.000000,0.000000,0,0.000000,0.000000,0.000000,0.000000,0,0.000000,0.000000,0.000000,0.000000,0,0.000000,0.000000,0.000000,0.000000,0,0.000000,0.000000,0.000000,0.000000,0,0.000000,0.000000,0.000000,0.000000,0,0.000000,0.000000,0.000000,0.000000,0,0.000000,0.000000,0.000000,0.000000,0,0.000000,0.000000,0.000000,0.000000
726833293,PHASED_VIPASSANA,0.000000,0.000000,0.000000,0.700000,0,,NO_MATCH: BASELINE_NOT_READY,1,79.517699,0.000000,0.000000,0.000000,1,38.788402,0.000000,0.000000,0.000000,0,0.000000,0.000000,0.000000,0.000000,0,0.000000,0.000000,0.000000,0.000000,0,0.000000,0.000000,0.000000,0.000000,0,0.000000,0.000000,0.000000,0.000000,0,0.000000,0.000000,0.000000,0.000000,0,0.000000,0.000000,0.000000,0.000000,0,0.000000,0.000000,0.000000,0.000000,0,0.000000,0.000000,0.000000,0.000000,0,0.000000,0.000000,0.000000,0.000000,0,0.000000,0.000000,0.000000,0.000000,0,0.000000,0.000000,0.000000,0.000000
726833293,AROUSAL_MEDITATION,0.000000,0.000000,0.000000,0.700000,0,,NO_MATCH: BASELINE_NOT_READY,1,79.517699,0.000000,0.000000,0.000000,1,38.788402,0.000000,0.000000,0.000000,0,0.000000,0.000000,0.000000,0.000000,0,0.000000,0.000000,0.000000,0.000000,0,0.000000,0.000000,0.000000,0.000000,0,0.000000,0.000000,0.000000,0.000000,0,0.000000,0.000000,0.000000,0.000000,0,0.000000,0.000000,0.000000,0.000000,0,0.000000,0.000000,0.000000,0.000000,0,0.000000,0.000000,0.000000,0.000000,0,0.000000,0.000000,0.000000,0.000000,0,0.000000,0.000000,0.000000,0.000000,0,0.000000,0.000000,0.000000,0.000000
726833293,TRAINED_VIPASSANA_SHIFT,0.000000,0.000000,0.000000,0.700000,0,,NO_MATCH: BASELINE_NOT_READY,1,79.517699,0.000000,0.000000,0.000000,1,38.788402,0.000000,0.000000,0.000000,0,0.000000,0.000000,0.000000,0.000000,0,0.000000,0.000000,0.000000,0.000000,0,0.000000,0.000000,0.000000,0.000000,0,0.000000,0.000000,0.000000,0.000000,0,0.000000,0.000000,0.000000,0.000000,0,0.000000,0.000000,0.000000,0.000000,0,0.000000,0.000000,0.000000,0.000000,0,0.000000,0.000000,0.000000,0.000000,0,0.000000,0.000000,0.000000,0.000000,0,0.000000,0.000000,0.000000,0.000000,0,0.000000,0.000000,0.000000,0.000000
726833293,SLOW_RECOVERY_VLF,0.000000,0.000000,0.000000,0.700000,0,,NO_MATCH: BASELINE_NOT_READY,1,79.517699,0.000000,0.000000,0.000000,1,38.788402,0.000000,0.000000,0.000000,0,0.000000,0.000000,0.000000,0.000000,0,0.000000,0.000000,0.000000,0.000000,0,0.000000,0.000000,0.000000,0.000000,0,0.000000,0.000000,0.000000,0.000000,0,0.000000,0.000000,0.000000,0.000000,0,0.000000,0.000000,0.000000,0.000000,0,0.000000,0.000000,0.000000,0.000000,0,0.000000,0.000000,0.000000,0.000000,0,0.000000,0.000000,0.000000,0.000000,0,0.000000,0.000000,0.000000,0.000000,0,0.000000,0.000000,0.000000,0.000000
726833293,INWARD_QUIET,0.000000,0.000000,0.000000,0.700000,0,,NO_MATCH: BASELINE_NOT_READY,1,79.517699,0.000000,0.000000,0.000000,1,38.788402,0.000000,0.000000,0.000000,0,0.000000,0.000000,0.000000,0.000000,0,0.000000,0.000000,0.000000,0.000000,0,0.000000,0.000000,0.000000,0.000000,0,0.000000,0.000000,0.000000,0.000000,0,0.000000,0.000000,0.000000,0.000000,0,0.000000,0.000000,0.000000,0.000000,0,0.000000,0.000000,0.000000,0.000000,0,0.000000,0.000000,0.000000,0.000000,0,0.000000,0.000000,0.000000,0.000000,0,0.000000,0.000000,0.000000,0.000000,0,0.000000,0.000000,0.000000,0.000000
746925046,RESONANCE_0P1,0.000000,0.000000,0.000000,0.700000,0,,NO_MATCH: BASELINE_NOT_READY,1,67.559959,0.000000,0.000000,0.000000,1,46.591586,0.000000,0.000000,0.000000,0,0.000000,0.000000,0.000000,0.000000,0,0.000000,0.000000,0.000000,0.000000,0,0.000000,0.000000,0.000000,0.000000,0,0.000000,0.000000,0.000000,0.000000,0,0.000000,0.000000,0.000000,0.000000,0,0.000000,0.000000,0.000000,0.000000,0,0.000000,0.000000,0.000000,0.000000,0,0.000000,0.000000,0.000000,0.000000,0,0.000000,0.000000,0.000000,0.000000,0,0.000000,0.000000,0.000000,0.000000,0,0.000000,0.000000,0.000000,0.000000
746925046,PHASED_VIPASSANA,0.000000,0.000000,0.000000,0.700000,0,,NO_MATCH: BASELINE_NOT_READY,1,67.559959,0.000000,0.000000,0.000000,1,46.591586,0.000000,0.000000,0.000000,0,0.000000,0.000000,0.000000,0.000000,0,0.000000,0.000000,0.000000,0.000000,0,0.000000,0.000000,0.000000,0.000000,0,0.000000,0.000000,0.000000,0.000000,0,0.000000,0.000000,0.000000,0.000000,0,0.000000,0.000000,0.000000,0.000000,0,0.000000,0.000000,0.000000,0.000000,0,0.000000,0.000000,0.000000,0.000000,0,0.000000,0.000000,0.000000,0.000000,0,0.000000,0.000000,0.000000,0.000000,0,0.000000,0.000000,0.000000,0.000000
746925046,AROUSAL_MEDITATION,0.000000,0.000000,0.000000,0.700000,0,,NO_MATCH: BASELINE_NOT_READY,1,67.559959,0.000000,0.000000,0.000000,1,46.591586,0.000000,0.000000,0.000000,0,0.000000,0.000000,0.000000,0.000000,0,0.000000,0.000000,0.000000,0.000000,0,0.000000,0.000000,0.000000,0.000000,0,0.000000,0.000000,0.000000,0.000000,0,0.000000,0.000000,0.000000,0.000000,0,0.000000,0.000000,0.000000,0.000000,0,0.000000,0.000000,0.000000,0.000000,0,0.000000,0.000000,0.000000,0.000000,0,0.000000,0.000000,0.000000,0.000000,0,0.000000,0.000000,0.000000,0.000000,0,0.000000,0.000000,0.000000,0.000000
746925046,TRAINED_VIPASSANA_SHIFT,0.000000,0.000000,0.000000,0.700000,0,,NO_MATCH: BASELINE_NOT_READY,1,67.559959,0.000000,0.000000,0.000000,1,46.591586,0.000000,0.000000,0.000000,0,0.000000,0.000000,0.000000,0.000000,0,0.000000,0.000000,0.000000,0.000000,0,0.000000,0.000000,0.000000,0.000000,0,0.000000,0.000000,0.000000,0.000000,0,0.000000,0.000000,0.000000,0.000000,0,0.000000,0.000000,0.000000,0.000000,0,0.000000,0.000000,0.000000,0.000000,0,0.000000,0.000000,0.000000,0.000000,0,0.000000,0.000000,0.000000,0.000000,0,0.000000,0.000000,0.000000,0.000000,0,0.000000,0.000000,0.000000,0.000000
746925046,SLOW_RECOVERY_VLF,0.000000,0.000000,0.000000,0.700000,0,,NO_MATCH: BASELINE_NOT_READY,1,67.559959,0.000000,0.000000,0.000000,1,46.591586,0.000000,0.000000,0.000000,0,0.000000,0.000000,0.000000,0.000000,0,0.000000,0.000000,0.000000,0.000000,0,0.000000,0.000000,0.000000,0.000000,0,0.000000,0.000000,0.000000,0.000000,0,0.000000,0.000000,0.000000,0.000000,0,0.000000,0.000000,0.000000,0.000000,0,0.000000,0.000000,0.000000,0.000000,0,0.000000,0.000000,0.000000,0.000000,0,0.000000,0.000000,0.000000,0.000000,0,0.000000,0.000000,0.000000,0.000000,0,0.000000,0.000000,0.000000,0.000000
746925046,INWARD_QUIET,0.000000,0.000000,0.000000,0.700000,0,,NO_MATCH: BASELINE_NOT_READY,1,67.559959,0.000000,0.000000,0.000000,1,46.591586,0.000000,0.000000,0.000000,0,0.000000,0.000000,0.000000,0.000000,0,0.000000,0.000000,0.000000,0.000000,0,0.000000,0.000000,0.000000,0.000000,0,0.000000,0.000000,0.000000,0.000000,0,0.000000,0.000000,0.000000,0.000000,0,0.000000,0.000000,0.000000,0.000000,0,0.000000,0.000000,0.000000,0.000000,0,0.000000,0.000000,0.000000,0.000000,0,0.000000,0.000000,0.000000,0.000000,0,0.000000,0.000000,0.000000,0.000000,0,0.000000,0.000000,0.000000,0.000000
766966843,RESONANCE_0P1,0.000000,0.000000,0.000000,0.700000,0,,NO_MATCH: BASELINE_NOT_READY,1,72.182796,0.000000,0.000000,0.000000,1,38.410377,0.000000,0.000000,0.000000,0,0.000000,0.000000,0.000000,0.000000,0,0.000000,0.000000,0.000000,0.000000,0,0.000000,0.000000,0.000000,0.000000,0,0.000000,0.000000,0.000000,0.000000,0,0.000000,0.000000,0.000000,0.000000,0,0.000000,0.000000,0.000000,0.000000,0,0.000000,0.000000,0.000000,0.000000,0,0.000000,0.000000,0.000000,0.000000,0,0.000000,0.000000,0.000000,0.000000,0,0.000000,0.000000,0.000000,0.000000,0,0.000000,0.000000,0.000000,0.000000
766966843,PHASED_VIPASSANA,0.000000,0.000000,0.000000,0.700000,0,,NO_MATCH: BASELINE_NOT_READY,1,72.182796,0.000000,0.000000,0.000000,1,38.410377,0.000000,0.000000,0.000000,0,0.000000,0.000000,0.000000,0.000000,0,0.000000,0.000000,0.000000,0.000000,0,0.000000,0.000000,0.000000,0.000000,0,0.000000,0.000000,0.000000,0.000000,0,0.000000,0.000000,0.000000,0.000000,0,0.000000,0.000000,0.000000,0.000000,0,0.000000,0.000000,0.000000,0.000000,0,0.000000,0.000000,0.000000,0.000000,0,0.000000,0.000000,0.000000,0.000000,0,0.000000,0.000000,0.000000,0.000000,0,0.000000,0.000000,0.000000,0.000000
766966843,AROUSAL_MEDITATION,0.000000,0.000000,0.000000,0.700000,0,,NO_MATCH: BASELINE_NOT_READY,1,72.182796,0.000000,0.000000,0.000000,1,38.410377,0.000000,0.000000,0.000000,0,0.000000,0.000000,0.000000,0.000000,0,0.000000,0.000000,0.000000,0.000000,0,0.000000,0.000000,0.000000,0.000000,0,0.000000,0.000000,0.000000,0.000000,0,0.000000,0.000000,0.000000,0.000000,0,0.000000,0.000000,0.000000,0.000000,0,0.000000,0.000000,0.000000,0.000000,0,0.000000,0.000000,0.000000,0.000000,0,0.000000,0.000000,0.000000,0.000000,0,0.000000,0.000000,0.000000,0.000000,0,0.000000,0.000000,0.000000,0.000000
766966843,TRAINED_VIPASSANA_SHIFT,0.000000,0.000000,0.000000,0.700000,0,,NO_MATCH: BASELINE_NOT_READY,1,72.182796,0.000000,0.000000,0.000000,1,38.410377,0.000000,0.000000,0.000000,0,0.000000,0.000000,0.000000,0.000000,0,0.000000,0.000000,0.000000,0.000000,0,0.000000,0.000000,0.000000,0.000000,0,0.000000,0.000000,0.000000,0.000000,0,0.000000,0.000000,0.000000,0.000000,0,0.000000,0.000000,0.000000,0.000000,0,0.000000,0.000000,0.000000,0.000000,0,0.000000,0.000000,0.000000,0.000000,0,0.000000,0.000000,0.000000,0.000000,0,0.000000,0.000000,0.000000,0.000000,0,0.000000,0.000000,0.000000,0.000000
766966843,SLOW_RECOVERY_VLF,0.000000,0.000000,0.000000,0.700000,0,,NO_MATCH: BASELINE_NOT_READY,1,72.182796,0.000000,0.000000,0.000000,1,38.410377,0.000000,0.000000,0.000000,0,0.000000,0.000000,0.000000,0.000000,0,0.000000,0.000000,0.000000,0.000000,0,0.000000,0.000000,0.000000,0.000000,0,0.000000,0.000000,0.000000,0.000000,0,0.000000,0.000000,0.000000,0.000000,0,0.000000,0.000000,0.000000,0.000000,0,0.000000,0.000000,0.000000,0.000000,0,0.000000,0.000000,0.000000,0.000000,0,0.000000,0.000000,0.000000,0.000000,0,0.000000,0.000000,0.000000,0.000000,0,0.000000,0.000000,0.000000,0.000000
766966843,INWARD_QUIET,0.000000,0.000000,0.000000,0.700000,0,,NO_MATCH: BASELINE_NOT_READY,1,72.182796,0.000000,0.000000,0.000000,1,38.410377,0.000000,0.000000,0.000000,0,0.000000,0.000000,0.000000,0.000000,0,0.000000,0.000000,0.000000,0.000000,0,0.000000,0.000000,0.000000,0.000000,0,0.000000,0.000000,0.000000,0.000000,0,0.000000,0.000000,0.000000,0.000000,0,0.000000,0.000000,0.000000,0.000000,0,0.000000,0.000000,0.000000,0.000000,0,0.000000,0.000000,0.000000,0.000000,0,0.000000,0.000000,0.000000,0.000000,0,0.000000,0.000000,0.000000,0.000000,0,0.000000,0.000000,0.000000,0.000000
786988043,RESONANCE_0P1,0.000000,0.000000,0.000000,0.700000,0,,NO_MATCH: BASELINE_NOT_READY,1,72.139315,0.000000,0.000000,0.000000,1,32.970344,0.000000,0.000000,0.000000,0,0.000000,0.000000,0.000000,0.000000,0,0.000000,0.000000,0.000000,0.000000,0,0.000000,0.000000,0.000000,0.000000,0,0.000000,0.000000,0.000000,0.000000,0,0.000000,0.000000,0.000000,0.000000,0,0.000000,0.000000,0.000000,0.000000,0,0.000000,0.000000,0.000000,0.000000,0,0.000000,0.000000,0.000000,0.000000,0,0.000000,0.000000,0.000000,0.000000,0,0.000000,0.000000,0.000000,0.000000,0,0.000000,0.000000,0.000000,0.000000
786988043,PHASED_VIPASSANA,0.000000,0.000000,0.000000,0.700000,0,,NO_MATCH: BASELINE_NOT_READY,1,72.139315,0.000000,0.000000,0.000000,1,32.970344,0.000000,0.000000,0.000000,0,0.000000,0.000000,0.000000,0.000000,0,0.000000,0.000000,0.000000,0.000000,0,0.000000,0.000000,0.000000,0.000000,0,0.000000,0.000000,0.000000,0.000000,0,0.000000,0.000000,0.000000,0.000000,0,0.000000,0.000000,0.000000,0.000000,0,0.000000,0.000000,0.000000,0.000000,0,0.000000,0.000000,0.000000,0.000000,0,0.000000,0.000000,0.000000,0.000000,0,0.000000,0.000000,0.000000,0.000000,0,0.000000,0.000000,0.000000,0.000000
786988043,AROUSAL_MEDITATION,0.000000,0.000000,0.000000,0.700000,0,,NO_MATCH: BASELINE_NOT_READY,1,72.139315,0.000000,0.000000,0.000000,1,32.970344,0.000000,0.000000,0.000000,0,0.000000,0.000000,0.000000,0.000000,0,0.000000,0.000000,0.000000,0.000000,0,0.000000,0.000000,0.000000,0.000000,0,0.000000,0.000000,0.000000,0.000000,0,0.000000,0.000000,0.000000,0.000000,0,0.000000,0.000000,0.000000,0.000000,0,0.000000,0.000000,0.000000,0.000000,0,0.000000,0.000000,0.000000,0.000000,0,0.000000,0.000000,0.000000,0.000000,0,0.000000,0.000000,0.000000,0.000000,0,0.000000,0.000000,0.000000,0.000000
786988043,TRAINED_VIPASSANA_SHIFT,0.000000,0.000000,0.000000,0.700000,0,,NO_MATCH: BASELINE_NOT_READY,1,72.139315,0.000000,0.000000,0.000000,1,32.970344,0.000000,0.000000,0.000000,0,0.000000,0.000000,0.000000,0.000000,0,0.000000,0.000000,0.000000,0.000000,0,0.000000,0.000000,0.000000,0.000000,0,0.000000,0.000000,0.000000,0.000000,0,0.000000,0.000000,0.000000,0.000000,0,0.000000,0.000000,0.000000,0.000000,0,0.000000,0.000000,0.000000,0.000000,0,0.000000,0.000000,0.000000,0.000000,0,0.000000,0.000000,0.000000,0.000000,0,0.000000,0.000000,0.000000,0.000000,0,0.000000,0.000000,0.000000,0.000000
786988043,SLOW_RECOVERY_VLF,0.000000,0.000000,0.000000,0.700000,0,,NO_MATCH: BASELINE_NOT_READY,1,72.139315,0.000000,0.000000,0.000000,1,32.970344,0.000000,0.000000,0.000000,0,0.000000,0.000000,0.000000,0.000000,0,0.000000,0.000000,0.000000,0.000000,0,0.000000,0.000000,0.000000,0.000000,0,0.000000,0.000000,0.000000,0.000000,0,0.000000,0.000000,0.000000,0.000000,0,0.000000,0.000000,0.000000,0.000000,0,0.000000,0.000000,0.000000,0.000000,0,0.000000,0.000000,0.000000,0.000000,0,0.000000,0.000000,0.000000,0.000000,0,0.000000,0.000000,0.000000,0.000000,0,0.000000,0.000000,0.000000,0.000000
786988043,INWARD_QUIET,0.000000,0.000000,0.000000,0.700000,0,,NO_MATCH: BASELINE_NOT_READY,1,72.139315,0.000000,0.000000,0.000000,1,32.970344,0.000000,0.000000,0.000000,0,0.000000,0.000000,0.000000,0.000000,0,0.000000,0.000000,0.000000,0.000000,0,0.000000,0.000000,0.000000,0.000000,0,0.000000,0.000000,0.000000,0.000000,0,0.000000,0.000000,0.000000,0.000000,0,0.000000,0.000000,0.000000,0.000000,0,0.000000,0.000000,0.000000,0.000000,0,0.000000,0.000000,0.000000,0.000000,0,0.000000,0.000000,0.000000,0.000000,0,0.000000,0.000000,0.000000,0.000000,0,0.000000,0.000000,0.000000,0.000000
807604900,AROUSAL_MEDITATION,0.650000,0.502154,0.326400,0.700000,1,HF z*=+0.00 | HR z*=+3.38 | RMSSD z*=-0.94,NO_MATCH: SCORE_BELOW_THRESHOLD 0.33 < 0.70,1,74.053229,67.559959,1.920192,3.381573,1,28.480367,3.471109,0.130281,-0.935625,1,4534.305125,0.000000,0.000000,0.000000,1,1911.272005,0.000000,0.000000,0.000000,1,2231.620820,0.000000,0.000000,0.000000,1,203.747935,0.000000,0.000000,0.000000,1,91.633795,0.000000,0.000000,0.000000,1,8.366205,0.000000,0.000000,0.000000,1,10.952851,0.000000,0.000000,0.000000,1,0.045471,0.000000,0.000000,0.000000,1,0.073910,0.000000,0.000000,0.000000,1,0.070312,0.000000,0.000000,0.000000,1,10.828987,0.000000,0.000000,0.000000
807604900,RESONANCE_0P1,0.650000,0.485990,0.315894,0.700000,1,LF主峰 0.070 Hz | 主峰/背景 10.83× | 0.075–0.11 Hz占LF+HF 7.4%,NO_MATCH: SCORE_BELOW_THRESHOLD 0.32 < 0.70,1,74.053229,67.559959,1.920192,3.381573,1,28.480367,3.471109,0.130281,-0.935625,1,4534.305125,0.000000,0.000000,0.000000,1,1911.272005,0.000000,0.000000,0.000000,1,2231.620820,0.000000,0.000000,0.000000,1,203.747935,0.000000,0.000000,0.000000,1,91.633795,0.000000,0.000000,0.000000,1,8.366205,0.000000,0.000000,0.000000,1,10.952851,0.000000,0.000000,0.000000,1,0.045471,0.000000,0.000000,0.000000,1,0.073910,0.000000,0.000000,0.000000,1,0.070312,0.000000,0.000000,0.000000,1,10.828987,0.000000,0.000000,0.000000
807604900,SLOW_RECOVERY_VLF,0.650000,0.366154,0.238000,0.700000,1,HF当前 z*=+0.00 | LF/HF当前 z*=+0.00 | VLF当前 z*=+0.00 | 前序激活证据=0.00,NO_MATCH: SCORE_BELOW_THRESHOLD 0.24 < 0.70,1,74.053229,67.559959,1.920192,3.381573,1,28.480367,3.471109,0.130281,-0.935625,1,4534.305125,0.000000,0.000000,0.000000,1,1911.272005,0.000000,0.000000,0.000000,1,2231.620820,0.000000,0.000000,0.000000,1,203.747935,0.000000,0.000000,0.000000,1,91.633795,0.000000,0.000000,0.000000,1,8.366205,0.000000,0.000000,0.000000,1,10.952851,0.000000,0.000000,0.000000,1,0.045471,0.000000,0.000000,0.000000,1,0.073910,0.000000,0.000000,0.000000,1,0.070312,0.000000,0.000000,0.000000,1,10.828987,0.000000,0.000000,0.000000
807604900,PHASED_VIPASSANA,0.650000,0.000000,0.000000,0.700000,1,,NO_MATCH: SCORE_BELOW_THRESHOLD 0.00 < 0.70,1,74.053229,67.559959,1.920192,3.381573,1,28.480367,3.471109,0.130281,-0.935625,1,4534.305125,0.000000,0.000000,0.000000,1,1911.272005,0.000000,0.000000,0.000000,1,2231.620820,0.000000,0.000000,0.000000,1,203.747935,0.000000,0.000000,0.000000,1,91.633795,0.000000,0.000000,0.000000,1,8.366205,0.000000,0.000000,0.000000,1,10.952851,0.000000,0.000000,0.000000,1,0.045471,0.000000,0.000000,0.000000,1,0.073910,0.000000,0.000000,0.000000,1,0.070312,0.000000,0.000000,0.000000,1,10.828987,0.000000,0.000000,0.000000
807604900,TRAINED_VIPASSANA_SHIFT,0.650000,0.000000,0.000000,0.700000,1,HFnu z*=+0.00 | 0.06–0.10 Hz THM z*=+0.00 | LF z*=+0.00,NO_MATCH: SCORE_BELOW_THRESHOLD 0.00 < 0.70,1,74.053229,67.559959,1.920192,3.381573,1,28.480367,3.471109,0.130281,-0.935625,1,4534.305125,0.000000,0.000000,0.000000,1,1911.272005,0.000000,0.000000,0.000000,1,2231.620820,0.000000,0.000000,0.000000,1,203.747935,0.000000,0.000000,0.000000,1,91.633795,0.000000,0.000000,0.000000,1,8.366205,0.000000,0.000000,0.000000,1,10.952851,0.000000,0.000000,0.000000,1,0.045471,0.000000,0.000000,0.000000,1,0.073910,0.000000,0.000000,0.000000,1,0.070312,0.000000,0.000000,0.000000,1,10.828987,0.000000,0.000000,0.000000
807604900,INWARD_QUIET,0.650000,0.000000,0.000000,0.700000,1,HF z*=+0.00 | RMSSD z*=-0.94 | HR z*=+3.38 | LF/HF z*=+0.00,NO_MATCH: SCORE_BELOW_THRESHOLD 0.00 < 0.70,1,74.053229,67.559959,1.920192,3.381573,1,28.480367,3.471109,0.130281,-0.935625,1,4534.305125,0.000000,0.000000,0.000000,1,1911.272005,0.000000,0.000000,0.000000,1,2231.620820,0.000000,0.000000,0.000000,1,203.747935,0.000000,0.000000,0.000000,1,91.633795,0.000000,0.000000,0.000000,1,8.366205,0.000000,0.000000,0.000000,1,10.952851,0.000000,0.000000,0.000000,1,0.045471,0.000000,0.000000,0.000000,1,0.073910,0.000000,0.000000,0.000000,1,0.070312,0.000000,0.000000,0.000000,1,10.828987,0.000000,0.000000,0.000000
828282576,AROUSAL_MEDITATION,0.650000,0.502154,0.326400,0.700000,1,HF z*=+0.00 | HR z*=+2.25 | RMSSD z*=-1.69,NO_MATCH: SCORE_BELOW_THRESHOLD 0.33 < 0.70,1,71.873933,67.559959,1.920192,2.246636,1,25.805131,3.471109,0.130281,-1.692773,1,5445.416114,0.000000,0.000000,0.000000,1,2810.783849,0.000000,0.000000,0.000000,1,2238.691559,0.000000,0.000000,0.000000,1,185.419925,0.000000,0.000000,0.000000,1,92.351015,0.000000,0.000000,0.000000,1,7.648985,0.000000,0.000000,0.000000,1,12.073630,0.000000,0.000000,0.000000,1,0.036537,0.000000,0.000000,0.000000,1,0.052966,0.000000,0.000000,0.000000,1,0.070312,0.000000,0.000000,0.000000,1,15.085052,0.000000,0.000000,0.000000
828282576,RESONANCE_0P1,0.650000,0.485990,0.315894,0.700000,1,LF主峰 0.070 Hz | 主峰/背景 15.09× | 0.075–0.11 Hz占LF+HF 5.3%,NO_MATCH: SCORE_BELOW_THRESHOLD 0.32 < 0.70,1,71.873933,67.559959,1.920192,2.246636,1,25.805131,3.471109,0.130281,-1.692773,1,5445.416114,0.000000,0.000000,0.000000,1,2810.783849,0.000000,0.000000,0.000000,1,2238.691559,0.000000,0.000000,0.000000,1,185.419925,0.000000,0.000000,0.000000,1,92.351015,0.000000,0.000000,0.000000,1,7.648985,0.000000,0.000000,0.000000,1,12.073630,0.000000,0.000000,0.000000,1,0.036537,0.000000,0.000000,0.000000,1,0.052966,0.000000,0.000000,0.000000,1,0.070312,0.000000,0.000000,0.000000,1,15.085052,0.000000,0.000000,0.000000
828282576,SLOW_RECOVERY_VLF,0.650000,0.366154,0.238000,0.700000,1,HF当前 z*=+0.00 | LF/HF当前 z*=+0.00 | VLF当前 z*=+0.00 | 前序激活证据=0.00,NO_MATCH: SCORE_BELOW_THRESHOLD 0.24 < 0.70,1,71.873933,67.559959,1.920192,2.246636,1,25.805131,3.471109,0.130281,-1.692773,1,5445.416114,0.000000,0.000000,0.000000,1,2810.783849,0.000000,0.000000,0.000000,1,2238.691559,0.000000,0.000000,0.000000,1,185.419925,0.000000,0.000000,0.000000,1,92.351015,0.000000,0.000000,0.000000,1,7.648985,0.000000,0.000000,0.000000,1,12.073630,0.000000,0.000000,0.000000,1,0.036537,0.000000,0.000000,0.000000,1,0.052966,0.000000,0.000000,0.000000,1,0.070312,0.000000,0.000000,0.000000,1,15.085052,0.000000,0.000000,0.000000
828282576,PHASED_VIPASSANA,0.650000,0.000000,0.000000,0.700000,1,,NO_MATCH: SCORE_BELOW_THRESHOLD 0.00 < 0.70,1,71.873933,67.559959,1.920192,2.246636,1,25.805131,3.471109,0.130281,-1.692773,1,5445.416114,0.000000,0.000000,0.000000,1,2810.783849,0.000000,0.000000,0.000000,1,2238.691559,0.000000,0.000000,0.000000,1,185.419925,0.000000,0.000000,0.000000,1,92.351015,0.000000,0.000000,0.000000,1,7.648985,0.000000,0.000000,0.000000,1,12.073630,0.000000,0.000000,0.000000,1,0.036537,0.000000,0.000000,0.000000,1,0.052966,0.000000,0.000000,0.000000,1,0.070312,0.000000,0.000000,0.000000,1,15.085052,0.000000,0.000000,0.000000
828282576,TRAINED_VIPASSANA_SHIFT,0.650000,0.000000,0.000000,0.700000,1,HFnu z*=+0.00 | 0.06–0.10 Hz THM z*=+0.00 | LF z*=+0.00,NO_MATCH: SCORE_BELOW_THRESHOLD 0.00 < 0.70,1,71.873933,67.559959,1.920192,2.246636,1,25.805131,3.471109,0.130281,-1.692773,1,5445.416114,0.000000,0.000000,0.000000,1,2810.783849,0.000000,0.000000,0.000000,1,2238.691559,0.000000,0.000000,0.000000,1,185.419925,0.000000,0.000000,0.000000,1,92.351015,0.000000,0.000000,0.000000,1,7.648985,0.000000,0.000000,0.000000,1,12.073630,0.000000,0.000000,0.000000,1,0.036537,0.000000,0.000000,0.000000,1,0.052966,0.000000,0.000000,0.000000,1,0.070312,0.000000,0.000000,0.000000,1,15.085052,0.000000,0.000000,0.000000
828282576,INWARD_QUIET,0.650000,0.000000,0.000000,0.700000,1,HF z*=+0.00 | RMSSD z*=-1.69 | HR z*=+2.25 | LF/HF z*=+0.00,NO_MATCH: SCORE_BELOW_THRESHOLD 0.00 < 0.70,1,71.873933,67.559959,1.920192,2.246636,1,25.805131,3.471109,0.130281,-1.692773,1,5445.416114,0.000000,0.000000,0.000000,1,2810.783849,0.000000,0.000000,0.000000,1,2238.691559,0.000000,0.000000,0.000000,1,185.419925,0.000000,0.000000,0.000000,1,92.351015,0.000000,0.000000,0.000000,1,7.648985,0.000000,0.000000,0.000000,1,12.073630,0.000000,0.000000,0.000000,1,0.036537,0.000000,0.000000,0.000000,1,0.052966,0.000000,0.000000,0.000000,1,0.070312,0.000000,0.000000,0.000000,1,15.085052,0.000000,0.000000,0.000000
848472495,RESONANCE_0P1,0.650000,0.555036,0.360774,0.700000,1,LF主峰 0.070 Hz | 主峰/背景 13.77× | 0.075–0.11 Hz占LF+HF 5.5% | 近期主峰频率跨度 0.000 Hz,NO_MATCH: SCORE_BELOW_THRESHOLD 0.36 < 0.70,1,78.529098,67.559959,1.920192,5.712520,1,28.388792,3.471109,0.130281,-0.960345,1,6634.596552,0.000000,0.000000,0.000000,1,3864.474760,0.000000,0.000000,0.000000,1,2331.570053,0.000000,0.000000,0.000000,1,188.532550,0.000000,0.000000,0.000000,1,92.518854,0.000000,0.000000,0.000000,1,7.481146,0.000000,0.000000,0.000000,1,12.366936,0.000000,0.000000,0.000000,1,0.031872,0.000000,0.000000,0.000000,1,0.054842,0.000000,0.000000,0.000000,1,0.070312,0.000000,0.000000,0.000000,1,13.774008,0.000000,0.000000,0.000000
848472495,AROUSAL_MEDITATION,0.650000,0.502154,0.326400,0.700000,1,HF z*=+0.00 | HR z*=+5.71 | RMSSD z*=-0.96,NO_MATCH: SCORE_BELOW_THRESHOLD 0.33 < 0.70,1,78.529098,67.559959,1.920192,5.712520,1,28.388792,3.471109,0.130281,-0.960345,1,6634.596552,0.000000,0.000000,0.000000,1,3864.474760,0.000000,0.000000,0.000000,1,2331.570053,0.000000,0.000000,0.000000,1,188.532550,0.000000,0.000000,0.000000,1,92.518854,0.000000,0.000000,0.000000,1,7.481146,0.000000,0.000000,0.000000,1,12.366936,0.000000,0.000000,0.000000,1,0.031872,0.000000,0.000000,0.000000,1,0.054842,0.000000,0.000000,0.000000,1,0.070312,0.000000,0.000000,0.000000,1,13.774008,0.000000,0.000000,0.000000
848472495,SLOW_RECOVERY_VLF,0.650000,0.366154,0.238000,0.700000,1,HF当前 z*=+0.00 | LF/HF当前 z*=+0.00 | VLF当前 z*=+0.00 | 前序激活证据=0.00,NO_MATCH: SCORE_BELOW_THRESHOLD 0.24 < 0.70,1,78.529098,67.559959,1.920192,5.712520,1,28.388792,3.471109,0.130281,-0.960345,1,6634.596552,0.000000,0.000000,0.000000,1,3864.474760,0.000000,0.000000,0.000000,1,2331.570053,0.000000,0.000000,0.000000,1,188.532550,0.000000,0.000000,0.000000,1,92.518854,0.000000,0.000000,0.000000,1,7.481146,0.000000,0.000000,0.000000,1,12.366936,0.000000,0.000000,0.000000,1,0.031872,0.000000,0.000000,0.000000,1,0.054842,0.000000,0.000000,0.000000,1,0.070312,0.000000,0.000000,0.000000,1,13.774008,0.000000,0.000000,0.000000
848472495,PHASED_VIPASSANA,0.650000,0.000000,0.000000,0.700000,1,,NO_MATCH: SCORE_BELOW_THRESHOLD 0.00 < 0.70,1,78.529098,67.559959,1.920192,5.712520,1,28.388792,3.471109,0.130281,-0.960345,1,6634.596552,0.000000,0.000000,0.000000,1,3864.474760,0.000000,0.000000,0.000000,1,2331.570053,0.000000,0.000000,0.000000,1,188.532550,0.000000,0.000000,0.000000,1,92.518854,0.000000,0.000000,0.000000,1,7.481146,0.000000,0.000000,0.000000,1,12.366936,0.000000,0.000000,0.000000,1,0.031872,0.000000,0.000000,0.000000,1,0.054842,0.000000,0.000000,0.000000,1,0.070312,0.000000,0.000000,0.000000,1,13.774008,0.000000,0.000000,0.000000
848472495,TRAINED_VIPASSANA_SHIFT,0.650000,0.000000,0.000000,0.700000,1,HFnu z*=+0.00 | 0.06–0.10 Hz THM z*=+0.00 | LF z*=+0.00,NO_MATCH: SCORE_BELOW_THRESHOLD 0.00 < 0.70,1,78.529098,67.559959,1.920192,5.712520,1,28.388792,3.471109,0.130281,-0.960345,1,6634.596552,0.000000,0.000000,0.000000,1,3864.474760,0.000000,0.000000,0.000000,1,2331.570053,0.000000,0.000000,0.000000,1,188.532550,0.000000,0.000000,0.000000,1,92.518854,0.000000,0.000000,0.000000,1,7.481146,0.000000,0.000000,0.000000,1,12.366936,0.000000,0.000000,0.000000,1,0.031872,0.000000,0.000000,0.000000,1,0.054842,0.000000,0.000000,0.000000,1,0.070312,0.000000,0.000000,0.000000,1,13.774008,0.000000,0.000000,0.000000
848472495,INWARD_QUIET,0.650000,0.000000,0.000000,0.700000,1,HF z*=+0.00 | RMSSD z*=-0.96 | HR z*=+5.71 | LF/HF z*=+0.00,NO_MATCH: SCORE_BELOW_THRESHOLD 0.00 < 0.70,1,78.529098,67.559959,1.920192,5.712520,1,28.388792,3.471109,0.130281,-0.960345,1,6634.596552,0.000000,0.000000,0.000000,1,3864.474760,0.000000,0.000000,0.000000,1,2331.570053,0.000000,0.000000,0.000000,1,188.532550,0.000000,0.000000,0.000000,1,92.518854,0.000000,0.000000,0.000000,1,7.481146,0.000000,0.000000,0.000000,1,12.366936,0.000000,0.000000,0.000000,1,0.031872,0.000000,0.000000,0.000000,1,0.054842,0.000000,0.000000,0.000000,1,0.070312,0.000000,0.000000,0.000000,1,13.774008,0.000000,0.000000,0.000000
869023836,RESONANCE_0P1,0.650000,0.555036,0.360774,0.700000,1,LF主峰 0.070 Hz | 主峰/背景 11.36× | 0.075–0.11 Hz占LF+HF 8.1% | 近期主峰频率跨度 0.000 Hz,NO_MATCH: SCORE_BELOW_THRESHOLD 0.36 < 0.70,1,75.999488,67.559959,1.920192,4.395147,1,28.224856,3.471109,0.130281,-1.004799,1,7830.403690,0.000000,0.000000,0.000000,1,4804.496210,0.000000,0.000000,0.000000,1,2525.305445,0.000000,0.000000,0.000000,1,214.205171,0.000000,0.000000,0.000000,1,92.180896,0.000000,0.000000,0.000000,1,7.819104,0.000000,0.000000,0.000000,1,11.789190,0.000000,0.000000,0.000000,1,0.031305,0.000000,0.000000,0.000000,1,0.081373,0.000000,0.000000,0.000000,1,0.070312,0.000000,0.000000,0.000000,1,11.361825,0.000000,0.000000,0.000000
869023836,AROUSAL_MEDITATION,0.650000,0.502154,0.326400,0.700000,1,HF z*=+0.00 | HR z*=+4.40 | RMSSD z*=-1.00,NO_MATCH: SCORE_BELOW_THRESHOLD 0.33 < 0.70,1,75.999488,67.559959,1.920192,4.395147,1,28.224856,3.471109,0.130281,-1.004799,1,7830.403690,0.000000,0.000000,0.000000,1,4804.496210,0.000000,0.000000,0.000000,1,2525.305445,0.000000,0.000000,0.000000,1,214.205171,0.000000,0.000000,0.000000,1,92.180896,0.000000,0.000000,0.000000,1,7.819104,0.000000,0.000000,0.000000,1,11.789190,0.000000,0.000000,0.000000,1,0.031305,0.000000,0.000000,0.000000,1,0.081373,0.000000,0.000000,0.000000,1,0.070312,0.000000,0.000000,0.000000,1,11.361825,0.000000,0.000000,0.000000
869023836,SLOW_RECOVERY_VLF,0.650000,0.366154,0.238000,0.700000,1,HF当前 z*=+0.00 | LF/HF当前 z*=+0.00 | VLF当前 z*=+0.00 | 前序激活证据=0.00,NO_MATCH: SCORE_BELOW_THRESHOLD 0.24 < 0.70,1,75.999488,67.559959,1.920192,4.395147,1,28.224856,3.471109,0.130281,-1.004799,1,7830.403690,0.000000,0.000000,0.000000,1,4804.496210,0.000000,0.000000,0.000000,1,2525.305445,0.000000,0.000000,0.000000,1,214.205171,0.000000,0.000000,0.000000,1,92.180896,0.000000,0.000000,0.000000,1,7.819104,0.000000,0.000000,0.000000,1,11.789190,0.000000,0.000000,0.000000,1,0.031305,0.000000,0.000000,0.000000,1,0.081373,0.000000,0.000000,0.000000,1,0.070312,0.000000,0.000000,0.000000,1,11.361825,0.000000,0.000000,0.000000
869023836,PHASED_VIPASSANA,0.650000,0.000000,0.000000,0.700000,1,,NO_MATCH: SCORE_BELOW_THRESHOLD 0.00 < 0.70,1,75.999488,67.559959,1.920192,4.395147,1,28.224856,3.471109,0.130281,-1.004799,1,7830.403690,0.000000,0.000000,0.000000,1,4804.496210,0.000000,0.000000,0.000000,1,2525.305445,0.000000,0.000000,0.000000,1,214.205171,0.000000,0.000000,0.000000,1,92.180896,0.000000,0.000000,0.000000,1,7.819104,0.000000,0.000000,0.000000,1,11.789190,0.000000,0.000000,0.000000,1,0.031305,0.000000,0.000000,0.000000,1,0.081373,0.000000,0.000000,0.000000,1,0.070312,0.000000,0.000000,0.000000,1,11.361825,0.000000,0.000000,0.000000
869023836,TRAINED_VIPASSANA_SHIFT,0.650000,0.000000,0.000000,0.700000,1,HFnu z*=+0.00 | 0.06–0.10 Hz THM z*=+0.00 | LF z*=+0.00,NO_MATCH: SCORE_BELOW_THRESHOLD 0.00 < 0.70,1,75.999488,67.559959,1.920192,4.395147,1,28.224856,3.471109,0.130281,-1.004799,1,7830.403690,0.000000,0.000000,0.000000,1,4804.496210,0.000000,0.000000,0.000000,1,2525.305445,0.000000,0.000000,0.000000,1,214.205171,0.000000,0.000000,0.000000,1,92.180896,0.000000,0.000000,0.000000,1,7.819104,0.000000,0.000000,0.000000,1,11.789190,0.000000,0.000000,0.000000,1,0.031305,0.000000,0.000000,0.000000,1,0.081373,0.000000,0.000000,0.000000,1,0.070312,0.000000,0.000000,0.000000,1,11.361825,0.000000,0.000000,0.000000
869023836,INWARD_QUIET,0.650000,0.000000,0.000000,0.700000,1,HF z*=+0.00 | RMSSD z*=-1.00 | HR z*=+4.40 | LF/HF z*=+0.00,NO_MATCH: SCORE_BELOW_THRESHOLD 0.00 < 0.70,1,75.999488,67.559959,1.920192,4.395147,1,28.224856,3.471109,0.130281,-1.004799,1,7830.403690,0.000000,0.000000,0.000000,1,4804.496210,0.000000,0.000000,0.000000,1,2525.305445,0.000000,0.000000,0.000000,1,214.205171,0.000000,0.000000,0.000000,1,92.180896,0.000000,0.000000,0.000000,1,7.819104,0.000000,0.000000,0.000000,1,11.789190,0.000000,0.000000,0.000000,1,0.031305,0.000000,0.000000,0.000000,1,0.081373,0.000000,0.000000,0.000000,1,0.070312,0.000000,0.000000,0.000000,1,11.361825,0.000000,0.000000,0.000000
889076043,RESONANCE_0P1,0.650000,0.601402,0.390912,0.700000,1,LF主峰 0.074 Hz | 主峰/背景 10.27× | 0.075–0.11 Hz占LF+HF 12.2% | 近期主峰频率跨度 0.002 Hz,NO_MATCH: SCORE_BELOW_THRESHOLD 0.39 < 0.70,1,81.310288,67.559959,1.920192,7.160912,1,30.879192,3.471109,0.130281,-0.314907,1,8436.655818,0.000000,0.000000,0.000000,1,5252.307076,0.000000,0.000000,0.000000,1,2654.767775,0.000000,0.000000,0.000000,1,248.574499,0.000000,0.000000,0.000000,1,91.438333,0.000000,0.000000,0.000000,1,8.561667,0.000000,0.000000,0.000000,1,10.679968,0.000000,0.000000,0.000000,1,0.031451,0.000000,0.000000,0.000000,1,0.122047,0.000000,0.000000,0.000000,1,0.074219,0.000000,0.000000,0.000000,1,10.266022,0.000000,0.000000,0.000000
889076043,AROUSAL_MEDITATION,0.650000,0.400374,0.260243,0.700000,1,HF z*=+0.00 | HR z*=+7.16 | RMSSD z*=-0.31,NO_MATCH: SCORE_BELOW_THRESHOLD 0.26 < 0.70,1,81.310288,67.559959,1.920192,7.160912,1,30.879192,3.471109,0.130281,-0.314907,1,8436.655818,0.000000,0.000000,0.000000,1,5252.307076,0.000000,0.000000,0.000000,1,2654.767775,0.000000,0.000000,0.000000,1,248.574499,0.000000,0.000000,0.000000,1,91.438333,0.000000,0.000000,0.000000,1,8.561667,0.000000,0.000000,0.000000,1,10.679968,0.000000,0.000000,0.000000,1,0.031451,0.000000,0.000000,0.000000,1,0.122047,0.000000,0.000000,0.000000,1,0.074219,0.000000,0.000000,0.000000,1,10.266022,0.000000,0.000000,0.000000
889076043,SLOW_RECOVERY_VLF,0.650000,0.366154,0.238000,0.700000,1,HF当前 z*=+0.00 | LF/HF当前 z*=+0.00 | VLF当前 z*=+0.00 | 前序激活证据=0.00,NO_MATCH: SCORE_BELOW_THRESHOLD 0.24 < 0.70,1,81.310288,67.559959,1.920192,7.160912,1,30.879192,3.471109,0.130281,-0.314907,1,8436.655818,0.000000,0.000000,0.000000,1,5252.307076,0.000000,0.000000,0.000000,1,2654.767775,0.000000,0.000000,0.000000,1,248.574499,0.000000,0.000000,0.000000,1,91.438333,0.000000,0.000000,0.000000,1,8.561667,0.000000,0.000000,0.000000,1,10.679968,0.000000,0.000000,0.000000,1,0.031451,0.000000,0.000000,0.000000,1,0.122047,0.000000,0.000000,0.000000,1,0.074219,0.000000,0.000000,0.000000,1,10.266022,0.000000,0.000000,0.000000
889076043,PHASED_VIPASSANA,0.650000,0.000000,0.000000,0.700000,1,,NO_MATCH: SCORE_BELOW_THRESHOLD 0.00 < 0.70,1,81.310288,67.559959,1.920192,7.160912,1,30.879192,3.471109,0.130281,-0.314907,1,8436.655818,0.000000,0.000000,0.000000,1,5252.307076,0.000000,0.000000,0.000000,1,2654.767775,0.000000,0.000000,0.000000,1,248.574499,0.000000,0.000000,0.000000,1,91.438333,0.000000,0.000000,0.000000,1,8.561667,0.000000,0.000000,0.000000,1,10.679968,0.000000,0.000000,0.000000,1,0.031451,0.000000,0.000000,0.000000,1,0.122047,0.000000,0.000000,0.000000,1,0.074219,0.000000,0.000000,0.000000,1,10.266022,0.000000,0.000000,0.000000
889076043,TRAINED_VIPASSANA_SHIFT,0.650000,0.000000,0.000000,0.700000,1,HFnu z*=+0.00 | 0.06–0.10 Hz THM z*=+0.00 | LF z*=+0.00,NO_MATCH: SCORE_BELOW_THRESHOLD 0.00 < 0.70,1,81.310288,67.559959,1.920192,7.160912,1,30.879192,3.471109,0.130281,-0.314907,1,8436.655818,0.000000,0.000000,0.000000,1,5252.307076,0.000000,0.000000,0.000000,1,2654.767775,0.000000,0.000000,0.000000,1,248.574499,0.000000,0.000000,0.000000,1,91.438333,0.000000,0.000000,0.000000,1,8.561667,0.000000,0.000000,0.000000,1,10.679968,0.000000,0.000000,0.000000,1,0.031451,0.000000,0.000000,0.000000,1,0.122047,0.000000,0.000000,0.000000,1,0.074219,0.000000,0.000000,0.000000,1,10.266022,0.000000,0.000000,0.000000
889076043,INWARD_QUIET,0.650000,0.000000,0.000000,0.700000,1,HF z*=+0.00 | RMSSD z*=-0.31 | HR z*=+7.16 | LF/HF z*=+0.00,NO_MATCH: SCORE_BELOW_THRESHOLD 0.00 < 0.70,1,81.310288,67.559959,1.920192,7.160912,1,30.879192,3.471109,0.130281,-0.314907,1,8436.655818,0.000000,0.000000,0.000000,1,5252.307076,0.000000,0.000000,0.000000,1,2654.767775,0.000000,0.000000,0.000000,1,248.574499,0.000000,0.000000,0.000000,1,91.438333,0.000000,0.000000,0.000000,1,8.561667,0.000000,0.000000,0.000000,1,10.679968,0.000000,0.000000,0.000000,1,0.031451,0.000000,0.000000,0.000000,1,0.122047,0.000000,0.000000,0.000000,1,0.074219,0.000000,0.000000,0.000000,1,10.266022,0.000000,0.000000,0.000000
909677398,RESONANCE_0P1,0.650000,0.601402,0.390912,0.700000,1,LF主峰 0.074 Hz | 主峰/背景 7.93× | 0.075–0.11 Hz占LF+HF 17.2% | 近期主峰频率跨度 0.004 Hz,NO_MATCH: SCORE_BELOW_THRESHOLD 0.39 < 0.70,1,73.542480,67.559959,1.920192,3.115584,1,31.228264,3.471109,0.130281,-0.228624,1,7687.736756,0.000000,0.000000,0.000000,1,4653.760539,0.000000,0.000000,0.000000,1,2530.841702,0.000000,0.000000,0.000000,1,275.335997,0.000000,0.000000,0.000000,1,90.188219,0.000000,0.000000,0.000000,1,9.811781,0.000000,0.000000,0.000000,1,9.191830,0.000000,0.000000,0.000000,1,0.032811,0.000000,0.000000,0.000000,1,0.172462,0.000000,0.000000,0.000000,1,0.074219,0.000000,0.000000,0.000000,1,7.928393,0.000000,0.000000,0.000000
909677398,AROUSAL_MEDITATION,0.650000,0.383962,0.249575,0.700000,1,HF z*=+0.00 | HR z*=+3.12 | RMSSD z*=-0.23,NO_MATCH: SCORE_BELOW_THRESHOLD 0.25 < 0.70,1,73.542480,67.559959,1.920192,3.115584,1,31.228264,3.471109,0.130281,-0.228624,1,7687.736756,0.000000,0.000000,0.000000,1,4653.760539,0.000000,0.000000,0.000000,1,2530.841702,0.000000,0.000000,0.000000,1,275.335997,0.000000,0.000000,0.000000,1,90.188219,0.000000,0.000000,0.000000,1,9.811781,0.000000,0.000000,0.000000,1,9.191830,0.000000,0.000000,0.000000,1,0.032811,0.000000,0.000000,0.000000,1,0.172462,0.000000,0.000000,0.000000,1,0.074219,0.000000,0.000000,0.000000,1,7.928393,0.000000,0.000000,0.000000
909677398,SLOW_RECOVERY_VLF,0.650000,0.366154,0.238000,0.700000,1,HF当前 z*=+0.00 | LF/HF当前 z*=+0.00 | VLF当前 z*=+0.00 | 前序激活证据=0.00,NO_MATCH: SCORE_BELOW_THRESHOLD 0.24 < 0.70,1,73.542480,67.559959,1.920192,3.115584,1,31.228264,3.471109,0.130281,-0.228624,1,7687.736756,0.000000,0.000000,0.000000,1,4653.760539,0.000000,0.000000,0.000000,1,2530.841702,0.000000,0.000000,0.000000,1,275.335997,0.000000,0.000000,0.000000,1,90.188219,0.000000,0.000000,0.000000,1,9.811781,0.000000,0.000000,0.000000,1,9.191830,0.000000,0.000000,0.000000,1,0.032811,0.000000,0.000000,0.000000,1,0.172462,0.000000,0.000000,0.000000,1,0.074219,0.000000,0.000000,0.000000,1,7.928393,0.000000,0.000000,0.000000
909677398,PHASED_VIPASSANA,0.650000,0.000000,0.000000,0.700000,1,,NO_MATCH: SCORE_BELOW_THRESHOLD 0.00 < 0.70,1,73.542480,67.559959,1.920192,3.115584,1,31.228264,3.471109,0.130281,-0.228624,1,7687.736756,0.000000,0.000000,0.000000,1,4653.760539,0.000000,0.000000,0.000000,1,2530.841702,0.000000,0.000000,0.000000,1,275.335997,0.000000,0.000000,0.000000,1,90.188219,0.000000,0.000000,0.000000,1,9.811781,0.000000,0.000000,0.000000,1,9.191830,0.000000,0.000000,0.000000,1,0.032811,0.000000,0.000000,0.000000,1,0.172462,0.000000,0.000000,0.000000,1,0.074219,0.000000,0.000000,0.000000,1,7.928393,0.000000,0.000000,0.000000
909677398,TRAINED_VIPASSANA_SHIFT,0.650000,0.000000,0.000000,0.700000,1,HFnu z*=+0.00 | 0.06–0.10 Hz THM z*=+0.00 | LF z*=+0.00,NO_MATCH: SCORE_BELOW_THRESHOLD 0.00 < 0.70,1,73.542480,67.559959,1.920192,3.115584,1,31.228264,3.471109,0.130281,-0.228624,1,7687.736756,0.000000,0.000000,0.000000,1,4653.760539,0.000000,0.000000,0.000000,1,2530.841702,0.000000,0.000000,0.000000,1,275.335997,0.000000,0.000000,0.000000,1,90.188219,0.000000,0.000000,0.000000,1,9.811781,0.000000,0.000000,0.000000,1,9.191830,0.000000,0.000000,0.000000,1,0.032811,0.000000,0.000000,0.000000,1,0.172462,0.000000,0.000000,0.000000,1,0.074219,0.000000,0.000000,0.000000,1,7.928393,0.000000,0.000000,0.000000
909677398,INWARD_QUIET,0.650000,0.000000,0.000000,0.700000,1,HF z*=+0.00 | RMSSD z*=-0.23 | HR z*=+3.12 | LF/HF z*=+0.00,NO_MATCH: SCORE_BELOW_THRESHOLD 0.00 < 0.70,1,73.542480,67.559959,1.920192,3.115584,1,31.228264,3.471109,0.130281,-0.228624,1,7687.736756,0.000000,0.000000,0.000000,1,4653.760539,0.000000,0.000000,0.000000,1,2530.841702,0.000000,0.000000,0.000000,1,275.335997,0.000000,0.000000,0.000000,1,90.188219,0.000000,0.000000,0.000000,1,9.811781,0.000000,0.000000,0.000000,1,9.191830,0.000000,0.000000,0.000000,1,0.032811,0.000000,0.000000,0.000000,1,0.172462,0.000000,0.000000,0.000000,1,0.074219,0.000000,0.000000,0.000000,1,7.928393,0.000000,0.000000,0.000000
930305527,RESONANCE_0P1,0.650000,0.657623,0.427455,0.700000,1,LF主峰 0.078 Hz | 主峰/背景 7.91× | 0.075–0.11 Hz占LF+HF 22.9% | 近期主峰频率跨度 0.006 Hz,NO_MATCH: SCORE_BELOW_THRESHOLD 0.43 < 0.70,1,75.413549,70.187703,4.855988,1.076165,1,29.307272,3.427172,0.120000,-0.411138,1,6222.554202,0.000000,0.000000,0.000000,1,3669.940201,0.000000,0.000000,0.000000,1,2109.635567,0.000000,0.000000,0.000000,1,283.878462,0.000000,0.000000,0.000000,1,88.139678,0.000000,0.000000,0.000000,1,11.860322,0.000000,0.000000,0.000000,1,7.431475,0.000000,0.000000,0.000000,1,0.033677,0.000000,0.000000,0.000000,1,0.228752,0.000000,0.000000,0.000000,1,0.078125,0.000000,0.000000,0.000000,1,7.908182,0.000000,0.000000,0.000000
930305527,AROUSAL_MEDITATION,0.650000,0.418678,0.272141,0.700000,1,HF z*=+0.00 | HR z*=+1.08 | RMSSD z*=-0.41,NO_MATCH: SCORE_BELOW_THRESHOLD 0.27 < 0.70,1,75.413549,70.187703,4.855988,1.076165,1,29.307272,3.427172,0.120000,-0.411138,1,6222.554202,0.000000,0.000000,0.000000,1,3669.940201,0.000000,0.000000,0.000000,1,2109.635567,0.000000,0.000000,0.000000,1,283.878462,0.000000,0.000000,0.000000,1,88.139678,0.000000,0.000000,0.000000,1,11.860322,0.000000,0.000000,0.000000,1,7.431475,0.000000,0.000000,0.000000,1,0.033677,0.000000,0.000000,0.000000,1,0.228752,0.000000,0.000000,0.000000,1,0.078125,0.000000,0.000000,0.000000,1,7.908182,0.000000,0.000000,0.000000
930305527,SLOW_RECOVERY_VLF,0.650000,0.392064,0.254842,0.700000,1,HF当前 z*=+0.00 | LF/HF当前 z*=+0.00 | VLF当前 z*=+0.00 | 前序激活证据=0.00,NO_MATCH: SCORE_BELOW_THRESHOLD 0.25 < 0.70,1,75.413549,70.187703,4.855988,1.076165,1,29.307272,3.427172,0.120000,-0.411138,1,6222.554202,0.000000,0.000000,0.000000,1,3669.940201,0.000000,0.000000,0.000000,1,2109.635567,0.000000,0.000000,0.000000,1,283.878462,0.000000,0.000000,0.000000,1,88.139678,0.000000,0.000000,0.000000,1,11.860322,0.000000,0.000000,0.000000,1,7.431475,0.000000,0.000000,0.000000,1,0.033677,0.000000,0.000000,0.000000,1,0.228752,0.000000,0.000000,0.000000,1,0.078125,0.000000,0.000000,0.000000,1,7.908182,0.000000,0.000000,0.000000
930305527,PHASED_VIPASSANA,0.650000,0.000000,0.000000,0.700000,1,,NO_MATCH: SCORE_BELOW_THRESHOLD 0.00 < 0.70,1,75.413549,70.187703,4.855988,1.076165,1,29.307272,3.427172,0.120000,-0.411138,1,6222.554202,0.000000,0.000000,0.000000,1,3669.940201,0.000000,0.000000,0.000000,1,2109.635567,0.000000,0.000000,0.000000,1,283.878462,0.000000,0.000000,0.000000,1,88.139678,0.000000,0.000000,0.000000,1,11.860322,0.000000,0.000000,0.000000,1,7.431475,0.000000,0.000000,0.000000,1,0.033677,0.000000,0.000000,0.000000,1,0.228752,0.000000,0.000000,0.000000,1,0.078125,0.000000,0.000000,0.000000,1,7.908182,0.000000,0.000000,0.000000
930305527,TRAINED_VIPASSANA_SHIFT,0.650000,0.000000,0.000000,0.700000,1,HFnu z*=+0.00 | 0.06–0.10 Hz THM z*=+0.00 | LF z*=+0.00,NO_MATCH: SCORE_BELOW_THRESHOLD 0.00 < 0.70,1,75.413549,70.187703,4.855988,1.076165,1,29.307272,3.427172,0.120000,-0.411138,1,6222.554202,0.000000,0.000000,0.000000,1,3669.940201,0.000000,0.000000,0.000000,1,2109.635567,0.000000,0.000000,0.000000,1,283.878462,0.000000,0.000000,0.000000,1,88.139678,0.000000,0.000000,0.000000,1,11.860322,0.000000,0.000000,0.000000,1,7.431475,0.000000,0.000000,0.000000,1,0.033677,0.000000,0.000000,0.000000,1,0.228752,0.000000,0.000000,0.000000,1,0.078125,0.000000,0.000000,0.000000,1,7.908182,0.000000,0.000000,0.000000
930305527,INWARD_QUIET,0.650000,0.000000,0.000000,0.700000,1,HF z*=+0.00 | RMSSD z*=-0.41 | HR z*=+1.08 | LF/HF z*=+0.00,NO_MATCH: SCORE_BELOW_THRESHOLD 0.00 < 0.70,1,75.413549,70.187703,4.855988,1.076165,1,29.307272,3.427172,0.120000,-0.411138,1,6222.554202,0.000000,0.000000,0.000000,1,3669.940201,0.000000,0.000000,0.000000,1,2109.635567,0.000000,0.000000,0.000000,1,283.878462,0.000000,0.000000,0.000000,1,88.139678,0.000000,0.000000,0.000000,1,11.860322,0.000000,0.000000,0.000000,1,7.431475,0.000000,0.000000,0.000000,1,0.033677,0.000000,0.000000,0.000000,1,0.228752,0.000000,0.000000,0.000000,1,0.078125,0.000000,0.000000,0.000000,1,7.908182,0.000000,0.000000,0.000000
950310151,RESONANCE_0P1,0.650000,0.699514,0.454684,0.700000,1,LF主峰 0.078 Hz | 主峰/背景 7.78× | 0.075–0.11 Hz占LF+HF 28.2% | 近期主峰频率跨度 0.006 Hz,NO_MATCH: SCORE_BELOW_THRESHOLD 0.45 < 0.70,1,87.076410,70.187703,4.855988,3.477914,1,25.523737,3.427172,0.120000,-1.563028,1,4556.332016,0.000000,0.000000,0.000000,1,2601.767864,0.000000,0.000000,0.000000,1,1561.839456,0.000000,0.000000,0.000000,1,278.337236,0.000000,0.000000,0.000000,1,84.874429,0.000000,0.000000,0.000000,1,15.125571,0.000000,0.000000,0.000000,1,5.611321,0.000000,0.000000,0.000000,1,0.034613,0.000000,0.000000,0.000000,1,0.281608,0.000000,0.000000,0.000000,1,0.078125,0.000000,0.000000,0.000000,1,7.783153,0.000000,0.000000,0.000000
950310151,AROUSAL_MEDITATION,0.650000,0.502154,0.326400,0.700000,1,HF z*=+0.00 | HR z*=+3.48 | RMSSD z*=-1.56,NO_MATCH: SCORE_BELOW_THRESHOLD 0.33 < 0.70,1,87.076410,70.187703,4.855988,3.477914,1,25.523737,3.427172,0.120000,-1.563028,1,4556.332016,0.000000,0.000000,0.000000,1,2601.767864,0.000000,0.000000,0.000000,1,1561.839456,0.000000,0.000000,0.000000,1,278.337236,0.000000,0.000000,0.000000,1,84.874429,0.000000,0.000000,0.000000,1,15.125571,0.000000,0.000000,0.000000,1,5.611321,0.000000,0.000000,0.000000,1,0.034613,0.000000,0.000000,0.000000,1,0.281608,0.000000,0.000000,0.000000,1,0.078125,0.000000,0.000000,0.000000,1,7.783153,0.000000,0.000000,0.000000
950310151,SLOW_RECOVERY_VLF,0.650000,0.366154,0.238000,0.700000,1,HF当前 z*=+0.00 | LF/HF当前 z*=+0.00 | VLF当前 z*=+0.00 | 前序激活证据=0.00,NO_MATCH: SCORE_BELOW_THRESHOLD 0.24 < 0.70,1,87.076410,70.187703,4.855988,3.477914,1,25.523737,3.427172,0.120000,-1.563028,1,4556.332016,0.000000,0.000000,0.000000,1,2601.767864,0.000000,0.000000,0.000000,1,1561.839456,0.000000,0.000000,0.000000,1,278.337236,0.000000,0.000000,0.000000,1,84.874429,0.000000,0.000000,0.000000,1,15.125571,0.000000,0.000000,0.000000,1,5.611321,0.000000,0.000000,0.000000,1,0.034613,0.000000,0.000000,0.000000,1,0.281608,0.000000,0.000000,0.000000,1,0.078125,0.000000,0.000000,0.000000,1,7.783153,0.000000,0.000000,0.000000
950310151,PHASED_VIPASSANA,0.650000,0.000000,0.000000,0.700000,1,,NO_MATCH: SCORE_BELOW_THRESHOLD 0.00 < 0.70,1,87.076410,70.187703,4.855988,3.477914,1,25.523737,3.427172,0.120000,-1.563028,1,4556.332016,0.000000,0.000000,0.000000,1,2601.767864,0.000000,0.000000,0.000000,1,1561.839456,0.000000,0.000000,0.000000,1,278.337236,0.000000,0.000000,0.000000,1,84.874429,0.000000,0.000000,0.000000,1,15.125571,0.000000,0.000000,0.000000,1,5.611321,0.000000,0.000000,0.000000,1,0.034613,0.000000,0.000000,0.000000,1,0.281608,0.000000,0.000000,0.000000,1,0.078125,0.000000,0.000000,0.000000,1,7.783153,0.000000,0.000000,0.000000
950310151,TRAINED_VIPASSANA_SHIFT,0.650000,0.000000,0.000000,0.700000,1,HFnu z*=+0.00 | 0.06–0.10 Hz THM z*=+0.00 | LF z*=+0.00,NO_MATCH: SCORE_BELOW_THRESHOLD 0.00 < 0.70,1,87.076410,70.187703,4.855988,3.477914,1,25.523737,3.427172,0.120000,-1.563028,1,4556.332016,0.000000,0.000000,0.000000,1,2601.767864,0.000000,0.000000,0.000000,1,1561.839456,0.000000,0.000000,0.000000,1,278.337236,0.000000,0.000000,0.000000,1,84.874429,0.000000,0.000000,0.000000,1,15.125571,0.000000,0.000000,0.000000,1,5.611321,0.000000,0.000000,0.000000,1,0.034613,0.000000,0.000000,0.000000,1,0.281608,0.000000,0.000000,0.000000,1,0.078125,0.000000,0.000000,0.000000,1,7.783153,0.000000,0.000000,0.000000
950310151,INWARD_QUIET,0.650000,0.000000,0.000000,0.700000,1,HF z*=+0.00 | RMSSD z*=-1.56 | HR z*=+3.48 | LF/HF z*=+0.00,NO_MATCH: SCORE_BELOW_THRESHOLD 0.00 < 0.70,1,87.076410,70.187703,4.855988,3.477914,1,25.523737,3.427172,0.120000,-1.563028,1,4556.332016,0.000000,0.000000,0.000000,1,2601.767864,0.000000,0.000000,0.000000,1,1561.839456,0.000000,0.000000,0.000000,1,278.337236,0.000000,0.000000,0.000000,1,84.874429,0.000000,0.000000,0.000000,1,15.125571,0.000000,0.000000,0.000000,1,5.611321,0.000000,0.000000,0.000000,1,0.034613,0.000000,0.000000,0.000000,1,0.281608,0.000000,0.000000,0.000000,1,0.078125,0.000000,0.000000,0.000000,1,7.783153,0.000000,0.000000,0.000000
970680359,RESONANCE_0P1,0.650000,0.719837,0.467894,0.700000,1,LF主峰 0.078 Hz | 主峰/背景 7.42× | 0.075–0.11 Hz占LF+HF 30.7% | 近期主峰频率跨度 0.004 Hz,NO_MATCH: SCORE_BELOW_THRESHOLD 0.47 < 0.70,1,77.608519,70.187703,4.855988,1.528179,1,30.773248,3.427172,0.120000,-0.004388,1,3012.303326,0.000000,0.000000,0.000000,1,1550.998277,0.000000,0.000000,0.000000,1,1095.798873,0.000000,0.000000,0.000000,1,270.964647,0.000000,0.000000,0.000000,1,80.174724,0.000000,0.000000,0.000000,1,19.825276,0.000000,0.000000,0.000000,1,4.044066,0.000000,0.000000,0.000000,1,0.038105,0.000000,0.000000,0.000000,1,0.307252,0.000000,0.000000,0.000000,1,0.078125,0.000000,0.000000,0.000000,1,7.420676,0.000000,0.000000,0.000000
970680359,SLOW_RECOVERY_VLF,0.650000,0.366154,0.238000,0.700000,1,HF当前 z*=+0.00 | LF/HF当前 z*=+0.00 | VLF当前 z*=+0.00 | 前序激活证据=0.00,NO_MATCH: SCORE_BELOW_THRESHOLD 0.24 < 0.70,1,77.608519,70.187703,4.855988,1.528179,1,30.773248,3.427172,0.120000,-0.004388,1,3012.303326,0.000000,0.000000,0.000000,1,1550.998277,0.000000,0.000000,0.000000,1,1095.798873,0.000000,0.000000,0.000000,1,270.964647,0.000000,0.000000,0.000000,1,80.174724,0.000000,0.000000,0.000000,1,19.825276,0.000000,0.000000,0.000000,1,4.044066,0.000000,0.000000,0.000000,1,0.038105,0.000000,0.000000,0.000000,1,0.307252,0.000000,0.000000,0.000000,1,0.078125,0.000000,0.000000,0.000000,1,7.420676,0.000000,0.000000,0.000000
970680359,AROUSAL_MEDITATION,0.650000,0.341310,0.221852,0.700000,1,HF z*=+0.00 | HR z*=+1.53 | RMSSD z*=-0.00,NO_MATCH: SCORE_BELOW_THRESHOLD 0.22 < 0.70,1,77.608519,70.187703,4.855988,1.528179,1,30.773248,3.427172,0.120000,-0.004388,1,3012.303326,0.000000,0.000000,0.000000,1,1550.998277,0.000000,0.000000,0.000000,1,1095.798873,0.000000,0.000000,0.000000,1,270.964647,0.000000,0.000000,0.000000,1,80.174724,0.000000,0.000000,0.000000,1,19.825276,0.000000,0.000000,0.000000,1,4.044066,0.000000,0.000000,0.000000,1,0.038105,0.000000,0.000000,0.000000,1,0.307252,0.000000,0.000000,0.000000,1,0.078125,0.000000,0.000000,0.000000,1,7.420676,0.000000,0.000000,0.000000
970680359,PHASED_VIPASSANA,0.650000,0.000000,0.000000,0.700000,1,,NO_MATCH: SCORE_BELOW_THRESHOLD 0.00 < 0.70,1,77.608519,70.187703,4.855988,1.528179,1,30.773248,3.427172,0.120000,-0.004388,1,3012.303326,0.000000,0.000000,0.000000,1,1550.998277,0.000000,0.000000,0.000000,1,1095.798873,0.000000,0.000000,0.000000,1,270.964647,0.000000,0.000000,0.000000,1,80.174724,0.000000,0.000000,0.000000,1,19.825276,0.000000,0.000000,0.000000,1,4.044066,0.000000,0.000000,0.000000,1,0.038105,0.000000,0.000000,0.000000,1,0.307252,0.000000,0.000000,0.000000,1,0.078125,0.000000,0.000000,0.000000,1,7.420676,0.000000,0.000000,0.000000
970680359,TRAINED_VIPASSANA_SHIFT,0.650000,0.000000,0.000000,0.700000,1,HFnu z*=+0.00 | 0.06–0.10 Hz THM z*=+0.00 | LF z*=+0.00,NO_MATCH: SCORE_BELOW_THRESHOLD 0.00 < 0.70,1,77.608519,70.187703,4.855988,1.528179,1,30.773248,3.427172,0.120000,-0.004388,1,3012.303326,0.000000,0.000000,0.000000,1,1550.998277,0.000000,0.000000,0.000000,1,1095.798873,0.000000,0.000000,0.000000,1,270.964647,0.000000,0.000000,0.000000,1,80.174724,0.000000,0.000000,0.000000,1,19.825276,0.000000,0.000000,0.000000,1,4.044066,0.000000,0.000000,0.000000,1,0.038105,0.000000,0.000000,0.000000,1,0.307252,0.000000,0.000000,0.000000,1,0.078125,0.000000,0.000000,0.000000,1,7.420676,0.000000,0.000000,0.000000
970680359,INWARD_QUIET,0.650000,0.000000,0.000000,0.700000,1,HF z*=+0.00 | RMSSD z*=-0.00 | HR z*=+1.53 | LF/HF z*=+0.00,NO_MATCH: SCORE_BELOW_THRESHOLD 0.00 < 0.70,1,77.608519,70.187703,4.855988,1.528179,1,30.773248,3.427172,0.120000,-0.004388,1,3012.303326,0.000000,0.000000,0.000000,1,1550.998277,0.000000,0.000000,0.000000,1,1095.798873,0.000000,0.000000,0.000000,1,270.964647,0.000000,0.000000,0.000000,1,80.174724,0.000000,0.000000,0.000000,1,19.825276,0.000000,0.000000,0.000000,1,4.044066,0.000000,0.000000,0.000000,1,0.038105,0.000000,0.000000,0.000000,1,0.307252,0.000000,0.000000,0.000000,1,0.078125,0.000000,0.000000,0.000000,1,7.420676,0.000000,0.000000,0.000000
991082278,RESONANCE_0P1,0.650000,0.700695,0.455452,0.700000,1,LF主峰 0.078 Hz | 主峰/背景 5.97× | 0.075–0.11 Hz占LF+HF 28.3% | 近期主峰频率跨度 0.002 Hz,NO_MATCH: SCORE_BELOW_THRESHOLD 0.46 < 0.70,1,78.154817,70.187703,4.855988,1.640678,1,31.746779,3.427172,0.120000,0.255159,1,1951.959578,0.000000,0.000000,0.000000,1,797.341220,0.000000,0.000000,0.000000,1,798.018791,0.000000,0.000000,0.000000,1,273.151276,0.000000,0.000000,0.000000,1,74.499728,0.000000,0.000000,0.000000,1,25.500272,0.000000,0.000000,0.000000,1,2.921527,0.000000,0.000000,0.000000,1,0.050745,0.000000,0.000000,0.000000,1,0.283099,0.000000,0.000000,0.000000,1,0.078125,0.000000,0.000000,0.000000,1,5.965655,0.000000,0.000000,0.000000
991082278,SLOW_RECOVERY_VLF,0.650000,0.366154,0.238000,0.700000,1,HF当前 z*=+0.00 | LF/HF当前 z*=+0.00 | VLF当前 z*=+0.00 | 前序激活证据=0.00,NO_MATCH: SCORE_BELOW_THRESHOLD 0.24 < 0.70,1,78.154817,70.187703,4.855988,1.640678,1,31.746779,3.427172,0.120000,0.255159,1,1951.959578,0.000000,0.000000,0.000000,1,797.341220,0.000000,0.000000,0.000000,1,798.018791,0.000000,0.000000,0.000000,1,273.151276,0.000000,0.000000,0.000000,1,74.499728,0.000000,0.000000,0.000000,1,25.500272,0.000000,0.000000,0.000000,1,2.921527,0.000000,0.000000,0.000000,1,0.050745,0.000000,0.000000,0.000000,1,0.283099,0.000000,0.000000,0.000000,1,0.078125,0.000000,0.000000,0.000000,1,5.965655,0.000000,0.000000,0.000000
991082278,AROUSAL_MEDITATION,0.650000,0.292923,0.190400,0.700000,1,HF z*=+0.00 | HR z*=+1.64 | RMSSD z*=+0.26,NO_MATCH: SCORE_BELOW_THRESHOLD 0.19 < 0.70,1,78.154817,70.187703,4.855988,1.640678,1,31.746779,3.427172,0.120000,0.255159,1,1951.959578,0.000000,0.000000,0.000000,1,797.341220,0.000000,0.000000,0.000000,1,798.018791,0.000000,0.000000,0.000000,1,273.151276,0.000000,0.000000,0.000000,1,74.499728,0.000000,0.000000,0.000000,1,25.500272,0.000000,0.000000,0.000000,1,2.921527,0.000000,0.000000,0.000000,1,0.050745,0.000000,0.000000,0.000000,1,0.283099,0.000000,0.000000,0.000000,1,0.078125,0.000000,0.000000,0.000000,1,5.965655,0.000000,0.000000,0.000000
991082278,PHASED_VIPASSANA,0.650000,0.000000,0.000000,0.700000,1,,NO_MATCH: SCORE_BELOW_THRESHOLD 0.00 < 0.70,1,78.154817,70.187703,4.855988,1.640678,1,31.746779,3.427172,0.120000,0.255159,1,1951.959578,0.000000,0.000000,0.000000,1,797.341220,0.000000,0.000000,0.000000,1,798.018791,0.000000,0.000000,0.000000,1,273.151276,0.000000,0.000000,0.000000,1,74.499728,0.000000,0.000000,0.000000,1,25.500272,0.000000,0.000000,0.000000,1,2.921527,0.000000,0.000000,0.000000,1,0.050745,0.000000,0.000000,0.000000,1,0.283099,0.000000,0.000000,0.000000,1,0.078125,0.000000,0.000000,0.000000,1,5.965655,0.000000,0.000000,0.000000
991082278,TRAINED_VIPASSANA_SHIFT,0.650000,0.000000,0.000000,0.700000,1,HFnu z*=+0.00 | 0.06–0.10 Hz THM z*=+0.00 | LF z*=+0.00,NO_MATCH: SCORE_BELOW_THRESHOLD 0.00 < 0.70,1,78.154817,70.187703,4.855988,1.640678,1,31.746779,3.427172,0.120000,0.255159,1,1951.959578,0.000000,0.000000,0.000000,1,797.341220,0.000000,0.000000,0.000000,1,798.018791,0.000000,0.000000,0.000000,1,273.151276,0.000000,0.000000,0.000000,1,74.499728,0.000000,0.000000,0.000000,1,25.500272,0.000000,0.000000,0.000000,1,2.921527,0.000000,0.000000,0.000000,1,0.050745,0.000000,0.000000,0.000000,1,0.283099,0.000000,0.000000,0.000000,1,0.078125,0.000000,0.000000,0.000000,1,5.965655,0.000000,0.000000,0.000000
991082278,INWARD_QUIET,0.650000,0.000000,0.000000,0.700000,1,HF z*=+0.00 | RMSSD z*=+0.26 | HR z*=+1.64 | LF/HF z*=+0.00,NO_MATCH: SCORE_BELOW_THRESHOLD 0.00 < 0.70,1,78.154817,70.187703,4.855988,1.640678,1,31.746779,3.427172,0.120000,0.255159,1,1951.959578,0.000000,0.000000,0.000000,1,797.341220,0.000000,0.000000,0.000000,1,798.018791,0.000000,0.000000,0.000000,1,273.151276,0.000000,0.000000,0.000000,1,74.499728,0.000000,0.000000,0.000000,1,25.500272,0.000000,0.000000,0.000000,1,2.921527,0.000000,0.000000,0.000000,1,0.050745,0.000000,0.000000,0.000000,1,0.283099,0.000000,0.000000,0.000000,1,0.078125,0.000000,0.000000,0.000000,1,5.965655,0.000000,0.000000,0.000000
1011253337,RESONANCE_0P1,0.000000,0.000000,0.000000,0.700000,1,,NO_MATCH: QUALITY_CEILING 0.00 < 0.70,1,74.562412,70.187703,4.855988,0.900890,1,25.383652,3.427172,0.120000,-1.608891,0,0.000000,0.000000,0.000000,0.000000,0,0.000000,0.000000,0.000000,0.000000,0,0.000000,0.000000,0.000000,0.000000,0,0.000000,0.000000,0.000000,0.000000,0,0.000000,0.000000,0.000000,0.000000,0,0.000000,0.000000,0.000000,0.000000,0,0.000000,0.000000,0.000000,0.000000,0,0.000000,0.000000,0.000000,0.000000,0,0.000000,0.000000,0.000000,0.000000,0,0.000000,0.000000,0.000000,0.000000,0,0.000000,0.000000,0.000000,0.000000
1011253337,PHASED_VIPASSANA,0.000000,0.000000,0.000000,0.700000,1,,NO_MATCH: QUALITY_CEILING 0.00 < 0.70,1,74.562412,70.187703,4.855988,0.900890,1,25.383652,3.427172,0.120000,-1.608891,0,0.000000,0.000000,0.000000,0.000000,0,0.000000,0.000000,0.000000,0.000000,0,0.000000,0.000000,0.000000,0.000000,0,0.000000,0.000000,0.000000,0.000000,0,0.000000,0.000000,0.000000,0.000000,0,0.000000,0.000000,0.000000,0.000000,0,0.000000,0.000000,0.000000,0.000000,0,0.000000,0.000000,0.000000,0.000000,0,0.000000,0.000000,0.000000,0.000000,0,0.000000,0.000000,0.000000,0.000000,0,0.000000,0.000000,0.000000,0.000000
1011253337,AROUSAL_MEDITATION,0.000000,0.000000,0.000000,0.700000,1,,NO_MATCH: QUALITY_CEILING 0.00 < 0.70,1,74.562412,70.187703,4.855988,0.900890,1,25.383652,3.427172,0.120000,-1.608891,0,0.000000,0.000000,0.000000,0.000000,0,0.000000,0.000000,0.000000,0.000000,0,0.000000,0.000000,0.000000,0.000000,0,0.000000,0.000000,0.000000,0.000000,0,0.000000,0.000000,0.000000,0.000000,0,0.000000,0.000000,0.000000,0.000000,0,0.000000,0.000000,0.000000,0.000000,0,0.000000,0.000000,0.000000,0.000000,0,0.000000,0.000000,0.000000,0.000000,0,0.000000,0.000000,0.000000,0.000000,0,0.000000,0.000000,0.000000,0.000000
1011253337,TRAINED_VIPASSANA_SHIFT,0.000000,0.000000,0.000000,0.700000,1,,NO_MATCH: QUALITY_CEILING 0.00 < 0.70,1,74.562412,70.187703,4.855988,0.900890,1,25.383652,3.427172,0.120000,-1.608891,0,0.000000,0.000000,0.000000,0.000000,0,0.000000,0.000000,0.000000,0.000000,0,0.000000,0.000000,0.000000,0.000000,0,0.000000,0.000000,0.000000,0.000000,0,0.000000,0.000000,0.000000,0.000000,0,0.000000,0.000000,0.000000,0.000000,0,0.000000,0.000000,0.000000,0.000000,0,0.000000,0.000000,0.000000,0.000000,0,0.000000,0.000000,0.000000,0.000000,0,0.000000,0.000000,0.000000,0.000000,0,0.000000,0.000000,0.000000,0.000000
1011253337,SLOW_RECOVERY_VLF,0.000000,0.000000,0.000000,0.700000,1,,NO_MATCH: QUALITY_CEILING 0.00 < 0.70,1,74.562412,70.187703,4.855988,0.900890,1,25.383652,3.427172,0.120000,-1.608891,0,0.000000,0.000000,0.000000,0.000000,0,0.000000,0.000000,0.000000,0.000000,0,0.000000,0.000000,0.000000,0.000000,0,0.000000,0.000000,0.000000,0.000000,0,0.000000,0.000000,0.000000,0.000000,0,0.000000,0.000000,0.000000,0.000000,0,0.000000,0.000000,0.000000,0.000000,0,0.000000,0.000000,0.000000,0.000000,0,0.000000,0.000000,0.000000,0.000000,0,0.000000,0.000000,0.000000,0.000000,0,0.000000,0.000000,0.000000,0.000000
1011253337,INWARD_QUIET,0.000000,0.000000,0.000000,0.700000,1,,NO_MATCH: QUALITY_CEILING 0.00 < 0.70,1,74.562412,70.187703,4.855988,0.900890,1,25.383652,3.427172,0.120000,-1.608891,0,0.000000,0.000000,0.000000,0.000000,0,0.000000,0.000000,0.000000,0.000000,0,0.000000,0.000000,0.000000,0.000000,0,0.000000,0.000000,0.000000,0.000000,0,0.000000,0.000000,0.000000,0.000000,0,0.000000,0.000000,0.000000,0.000000,0,0.000000,0.000000,0.000000,0.000000,0,0.000000,0.000000,0.000000,0.000000,0,0.000000,0.000000,0.000000,0.000000,0,0.000000,0.000000,0.000000,0.000000,0,0.000000,0.000000,0.000000,0.000000
1031855619,RESONANCE_0P1,0.000000,0.000000,0.000000,0.700000,1,,NO_MATCH: QUALITY_CEILING 0.00 < 0.70,1,77.303151,70.187703,4.855988,1.465294,1,24.016890,3.427172,0.120000,-2.070124,0,0.000000,0.000000,0.000000,0.000000,0,0.000000,0.000000,0.000000,0.000000,0,0.000000,0.000000,0.000000,0.000000,0,0.000000,0.000000,0.000000,0.000000,0,0.000000,0.000000,0.000000,0.000000,0,0.000000,0.000000,0.000000,0.000000,0,0.000000,0.000000,0.000000,0.000000,0,0.000000,0.000000,0.000000,0.000000,0,0.000000,0.000000,0.000000,0.000000,0,0.000000,0.000000,0.000000,0.000000,0,0.000000,0.000000,0.000000,0.000000
1031855619,PHASED_VIPASSANA,0.000000,0.000000,0.000000,0.700000,1,,NO_MATCH: QUALITY_CEILING 0.00 < 0.70,1,77.303151,70.187703,4.855988,1.465294,1,24.016890,3.427172,0.120000,-2.070124,0,0.000000,0.000000,0.000000,0.000000,0,0.000000,0.000000,0.000000,0.000000,0,0.000000,0.000000,0.000000,0.000000,0,0.000000,0.000000,0.000000,0.000000,0,0.000000,0.000000,0.000000,0.000000,0,0.000000,0.000000,0.000000,0.000000,0,0.000000,0.000000,0.000000,0.000000,0,0.000000,0.000000,0.000000,0.000000,0,0.000000,0.000000,0.000000,0.000000,0,0.000000,0.000000,0.000000,0.000000,0,0.000000,0.000000,0.000000,0.000000
1031855619,AROUSAL_MEDITATION,0.000000,0.000000,0.000000,0.700000,1,,NO_MATCH: QUALITY_CEILING 0.00 < 0.70,1,77.303151,70.187703,4.855988,1.465294,1,24.016890,3.427172,0.120000,-2.070124,0,0.000000,0.000000,0.000000,0.000000,0,0.000000,0.000000,0.000000,0.000000,0,0.000000,0.000000,0.000000,0.000000,0,0.000000,0.000000,0.000000,0.000000,0,0.000000,0.000000,0.000000,0.000000,0,0.000000,0.000000,0.000000,0.000000,0,0.000000,0.000000,0.000000,0.000000,0,0.000000,0.000000,0.000000,0.000000,0,0.000000,0.000000,0.000000,0.000000,0,0.000000,0.000000,0.000000,0.000000,0,0.000000,0.000000,0.000000,0.000000
1031855619,TRAINED_VIPASSANA_SHIFT,0.000000,0.000000,0.000000,0.700000,1,,NO_MATCH: QUALITY_CEILING 0.00 < 0.70,1,77.303151,70.187703,4.855988,1.465294,1,24.016890,3.427172,0.120000,-2.070124,0,0.000000,0.000000,0.000000,0.000000,0,0.000000,0.000000,0.000000,0.000000,0,0.000000,0.000000,0.000000,0.000000,0,0.000000,0.000000,0.000000,0.000000,0,0.000000,0.000000,0.000000,0.000000,0,0.000000,0.000000,0.000000,0.000000,0,0.000000,0.000000,0.000000,0.000000,0,0.000000,0.000000,0.000000,0.000000,0,0.000000,0.000000,0.000000,0.000000,0,0.000000,0.000000,0.000000,0.000000,0,0.000000,0.000000,0.000000,0.000000
1031855619,SLOW_RECOVERY_VLF,0.000000,0.000000,0.000000,0.700000,1,,NO_MATCH: QUALITY_CEILING 0.00 < 0.70,1,77.303151,70.187703,4.855988,1.465294,1,24.016890,3.427172,0.120000,-2.070124,0,0.000000,0.000000,0.000000,0.000000,0,0.000000,0.000000,0.000000,0.000000,0,0.000000,0.000000,0.000000,0.000000,0,0.000000,0.000000,0.000000,0.000000,0,0.000000,0.000000,0.000000,0.000000,0,0.000000,0.000000,0.000000,0.000000,0,0.000000,0.000000,0.000000,0.000000,0,0.000000,0.000000,0.000000,0.000000,0,0.000000,0.000000,0.000000,0.000000,0,0.000000,0.000000,0.000000,0.000000,0,0.000000,0.000000,0.000000,0.000000
1031855619,INWARD_QUIET,0.000000,0.000000,0.000000,0.700000,1,,NO_MATCH: QUALITY_CEILING 0.00 < 0.70,1,77.303151,70.187703,4.855988,1.465294,1,24.016890,3.427172,0.120000,-2.070124,0,0.000000,0.000000,0.000000,0.000000,0,0.000000,0.000000,0.000000,0.000000,0,0.000000,0.000000,0.000000,0.000000,0,0.000000,0.000000,0.000000,0.000000,0,0.000000,0.000000,0.000000,0.000000,0,0.000000,0.000000,0.000000,0.000000,0,0.000000,0.000000,0.000000,0.000000,0,0.000000,0.000000,0.000000,0.000000,0,0.000000,0.000000,0.000000,0.000000,0,0.000000,0.000000,0.000000,0.000000,0,0.000000,0.000000,0.000000,0.000000
1052169293,RESONANCE_0P1,0.650000,0.537762,0.349545,0.700000,1,LF主峰 0.066 Hz | 主峰/背景 6.49× | 0.075–0.11 Hz占LF+HF 25.8% | 近期主峰频率跨度 0.009 Hz,NO_MATCH: SCORE_BELOW_THRESHOLD 0.35 < 0.70,1,79.746406,72.815446,7.791784,0.889522,1,20.226325,3.457791,0.120000,-3.756719,1,1834.762893,0.000000,0.000000,0.000000,1,600.066778,0.000000,0.000000,0.000000,1,848.637322,0.000000,0.000000,0.000000,1,324.495519,0.000000,0.000000,0.000000,1,72.339405,0.000000,0.000000,0.000000,1,27.660595,0.000000,0.000000,0.000000,1,2.615251,0.000000,0.000000,0.000000,1,0.066183,0.000000,0.000000,0.000000,1,0.257882,0.000000,0.000000,0.000000,1,0.066406,0.000000,0.000000,0.000000,1,6.490102,0.000000,0.000000,0.000000
1052169293,AROUSAL_MEDITATION,0.650000,0.502154,0.326400,0.700000,1,HF z*=+0.00 | HR z*=+0.89 | RMSSD z*=-3.76,NO_MATCH: SCORE_BELOW_THRESHOLD 0.33 < 0.70,1,79.746406,72.815446,7.791784,0.889522,1,20.226325,3.457791,0.120000,-3.756719,1,1834.762893,0.000000,0.000000,0.000000,1,600.066778,0.000000,0.000000,0.000000,1,848.637322,0.000000,0.000000,0.000000,1,324.495519,0.000000,0.000000,0.000000,1,72.339405,0.000000,0.000000,0.000000,1,27.660595,0.000000,0.000000,0.000000,1,2.615251,0.000000,0.000000,0.000000,1,0.066183,0.000000,0.000000,0.000000,1,0.257882,0.000000,0.000000,0.000000,1,0.066406,0.000000,0.000000,0.000000,1,6.490102,0.000000,0.000000,0.000000
1052169293,SLOW_RECOVERY_VLF,0.650000,0.431115,0.280225,0.700000,1,HF当前 z*=+0.00 | LF/HF当前 z*=+0.00 | VLF当前 z*=+0.00 | 前序激活证据=0.00,NO_MATCH: SCORE_BELOW_THRESHOLD 0.28 < 0.70,1,79.746406,72.815446,7.791784,0.889522,1,20.226325,3.457791,0.120000,-3.756719,1,1834.762893,0.000000,0.000000,0.000000,1,600.066778,0.000000,0.000000,0.000000,1,848.637322,0.000000,0.000000,0.000000,1,324.495519,0.000000,0.000000,0.000000,1,72.339405,0.000000,0.000000,0.000000,1,27.660595,0.000000,0.000000,0.000000,1,2.615251,0.000000,0.000000,0.000000,1,0.066183,0.000000,0.000000,0.000000,1,0.257882,0.000000,0.000000,0.000000,1,0.066406,0.000000,0.000000,0.000000,1,6.490102,0.000000,0.000000,0.000000
1052169293,PHASED_VIPASSANA,0.650000,0.000000,0.000000,0.700000,1,,NO_MATCH: SCORE_BELOW_THRESHOLD 0.00 < 0.70,1,79.746406,72.815446,7.791784,0.889522,1,20.226325,3.457791,0.120000,-3.756719,1,1834.762893,0.000000,0.000000,0.000000,1,600.066778,0.000000,0.000000,0.000000,1,848.637322,0.000000,0.000000,0.000000,1,324.495519,0.000000,0.000000,0.000000,1,72.339405,0.000000,0.000000,0.000000,1,27.660595,0.000000,0.000000,0.000000,1,2.615251,0.000000,0.000000,0.000000,1,0.066183,0.000000,0.000000,0.000000,1,0.257882,0.000000,0.000000,0.000000,1,0.066406,0.000000,0.000000,0.000000,1,6.490102,0.000000,0.000000,0.000000
1052169293,TRAINED_VIPASSANA_SHIFT,0.650000,0.000000,0.000000,0.700000,1,HFnu z*=+0.00 | 0.06–0.10 Hz THM z*=+0.00 | LF z*=+0.00,NO_MATCH: SCORE_BELOW_THRESHOLD 0.00 < 0.70,1,79.746406,72.815446,7.791784,0.889522,1,20.226325,3.457791,0.120000,-3.756719,1,1834.762893,0.000000,0.000000,0.000000,1,600.066778,0.000000,0.000000,0.000000,1,848.637322,0.000000,0.000000,0.000000,1,324.495519,0.000000,0.000000,0.000000,1,72.339405,0.000000,0.000000,0.000000,1,27.660595,0.000000,0.000000,0.000000,1,2.615251,0.000000,0.000000,0.000000,1,0.066183,0.000000,0.000000,0.000000,1,0.257882,0.000000,0.000000,0.000000,1,0.066406,0.000000,0.000000,0.000000,1,6.490102,0.000000,0.000000,0.000000
1052169293,INWARD_QUIET,0.650000,0.000000,0.000000,0.700000,1,HF z*=+0.00 | RMSSD z*=-3.76 | HR z*=+0.89 | LF/HF z*=+0.00,NO_MATCH: SCORE_BELOW_THRESHOLD 0.00 < 0.70,1,79.746406,72.815446,7.791784,0.889522,1,20.226325,3.457791,0.120000,-3.756719,1,1834.762893,0.000000,0.000000,0.000000,1,600.066778,0.000000,0.000000,0.000000,1,848.637322,0.000000,0.000000,0.000000,1,324.495519,0.000000,0.000000,0.000000,1,72.339405,0.000000,0.000000,0.000000,1,27.660595,0.000000,0.000000,0.000000,1,2.615251,0.000000,0.000000,0.000000,1,0.066183,0.000000,0.000000,0.000000,1,0.257882,0.000000,0.000000,0.000000,1,0.066406,0.000000,0.000000,0.000000,1,6.490102,0.000000,0.000000,0.000000
1072627154,RESONANCE_0P1,0.650000,0.549661,0.357279,0.700000,1,LF主峰 0.066 Hz | 主峰/背景 8.47× | 0.075–0.11 Hz占LF+HF 27.3% | 近期主峰频率跨度 0.009 Hz,NO_MATCH: SCORE_BELOW_THRESHOLD 0.36 < 0.70,1,87.415389,72.815446,7.791784,1.873761,1,21.893109,3.457791,0.120000,-3.096828,1,2500.735473,0.000000,0.000000,0.000000,1,862.797600,0.000000,0.000000,0.000000,1,1223.366514,0.000000,0.000000,0.000000,1,336.018547,0.000000,0.000000,0.000000,1,78.451855,0.000000,0.000000,0.000000,1,21.548145,0.000000,0.000000,0.000000,1,3.640771,0.000000,0.000000,0.000000,1,0.065512,0.000000,0.000000,0.000000,1,0.272895,0.000000,0.000000,0.000000,1,0.066406,0.000000,0.000000,0.000000,1,8.467262,0.000000,0.000000,0.000000
1072627154,AROUSAL_MEDITATION,0.650000,0.502154,0.326400,0.700000,1,HF z*=+0.00 | HR z*=+1.87 | RMSSD z*=-3.10,NO_MATCH: SCORE_BELOW_THRESHOLD 0.33 < 0.70,1,87.415389,72.815446,7.791784,1.873761,1,21.893109,3.457791,0.120000,-3.096828,1,2500.735473,0.000000,0.000000,0.000000,1,862.797600,0.000000,0.000000,0.000000,1,1223.366514,0.000000,0.000000,0.000000,1,336.018547,0.000000,0.000000,0.000000,1,78.451855,0.000000,0.000000,0.000000,1,21.548145,0.000000,0.000000,0.000000,1,3.640771,0.000000,0.000000,0.000000,1,0.065512,0.000000,0.000000,0.000000,1,0.272895,0.000000,0.000000,0.000000,1,0.066406,0.000000,0.000000,0.000000,1,8.467262,0.000000,0.000000,0.000000
1072627154,SLOW_RECOVERY_VLF,0.650000,0.366154,0.238000,0.700000,1,HF当前 z*=+0.00 | LF/HF当前 z*=+0.00 | VLF当前 z*=+0.00 | 前序激活证据=0.00,NO_MATCH: SCORE_BELOW_THRESHOLD 0.24 < 0.70,1,87.415389,72.815446,7.791784,1.873761,1,21.893109,3.457791,0.120000,-3.096828,1,2500.735473,0.000000,0.000000,0.000000,1,862.797600,0.000000,0.000000,0.000000,1,1223.366514,0.000000,0.000000,0.000000,1,336.018547,0.000000,0.000000,0.000000,1,78.451855,0.000000,0.000000,0.000000,1,21.548145,0.000000,0.000000,0.000000,1,3.640771,0.000000,0.000000,0.000000,1,0.065512,0.000000,0.000000,0.000000,1,0.272895,0.000000,0.000000,0.000000,1,0.066406,0.000000,0.000000,0.000000,1,8.467262,0.000000,0.000000,0.000000
1072627154,PHASED_VIPASSANA,0.650000,0.000000,0.000000,0.700000,1,,NO_MATCH: SCORE_BELOW_THRESHOLD 0.00 < 0.70,1,87.415389,72.815446,7.791784,1.873761,1,21.893109,3.457791,0.120000,-3.096828,1,2500.735473,0.000000,0.000000,0.000000,1,862.797600,0.000000,0.000000,0.000000,1,1223.366514,0.000000,0.000000,0.000000,1,336.018547,0.000000,0.000000,0.000000,1,78.451855,0.000000,0.000000,0.000000,1,21.548145,0.000000,0.000000,0.000000,1,3.640771,0.000000,0.000000,0.000000,1,0.065512,0.000000,0.000000,0.000000,1,0.272895,0.000000,0.000000,0.000000,1,0.066406,0.000000,0.000000,0.000000,1,8.467262,0.000000,0.000000,0.000000
1072627154,TRAINED_VIPASSANA_SHIFT,0.650000,0.000000,0.000000,0.700000,1,HFnu z*=+0.00 | 0.06–0.10 Hz THM z*=+0.00 | LF z*=+0.00,NO_MATCH: SCORE_BELOW_THRESHOLD 0.00 < 0.70,1,87.415389,72.815446,7.791784,1.873761,1,21.893109,3.457791,0.120000,-3.096828,1,2500.735473,0.000000,0.000000,0.000000,1,862.797600,0.000000,0.000000,0.000000,1,1223.366514,0.000000,0.000000,0.000000,1,336.018547,0.000000,0.000000,0.000000,1,78.451855,0.000000,0.000000,0.000000,1,21.548145,0.000000,0.000000,0.000000,1,3.640771,0.000000,0.000000,0.000000,1,0.065512,0.000000,0.000000,0.000000,1,0.272895,0.000000,0.000000,0.000000,1,0.066406,0.000000,0.000000,0.000000,1,8.467262,0.000000,0.000000,0.000000
1072627154,INWARD_QUIET,0.650000,0.000000,0.000000,0.700000,1,HF z*=+0.00 | RMSSD z*=-3.10 | HR z*=+1.87 | LF/HF z*=+0.00,NO_MATCH: SCORE_BELOW_THRESHOLD 0.00 < 0.70,1,87.415389,72.815446,7.791784,1.873761,1,21.893109,3.457791,0.120000,-3.096828,1,2500.735473,0.000000,0.000000,0.000000,1,862.797600,0.000000,0.000000,0.000000,1,1223.366514,0.000000,0.000000,0.000000,1,336.018547,0.000000,0.000000,0.000000,1,78.451855,0.000000,0.000000,0.000000,1,21.548145,0.000000,0.000000,0.000000,1,3.640771,0.000000,0.000000,0.000000,1,0.065512,0.000000,0.000000,0.000000,1,0.272895,0.000000,0.000000,0.000000,1,0.066406,0.000000,0.000000,0.000000,1,8.467262,0.000000,0.000000,0.000000
1093116421,RESONANCE_0P1,0.000000,0.000000,0.000000,0.700000,1,,NO_MATCH: QUALITY_CEILING 0.00 < 0.70,1,75.461447,72.815446,7.791784,0.339589,0,0.000000,3.457791,0.120000,0.000000,0,0.000000,0.000000,0.000000,0.000000,0,0.000000,0.000000,0.000000,0.000000,0,0.000000,0.000000,0.000000,0.000000,0,0.000000,0.000000,0.000000,0.000000,0,0.000000,0.000000,0.000000,0.000000,0,0.000000,0.000000,0.000000,0.000000,0,0.000000,0.000000,0.000000,0.000000,0,0.000000,0.000000,0.000000,0.000000,0,0.000000,0.000000,0.000000,0.000000,0,0.000000,0.000000,0.000000,0.000000,0,0.000000,0.000000,0.000000,0.000000
1093116421,PHASED_VIPASSANA,0.000000,0.000000,0.000000,0.700000,1,,NO_MATCH: QUALITY_CEILING 0.00 < 0.70,1,75.461447,72.815446,7.791784,0.339589,0,0.000000,3.457791,0.120000,0.000000,0,0.000000,0.000000,0.000000,0.000000,0,0.000000,0.000000,0.000000,0.000000,0,0.000000,0.000000,0.000000,0.000000,0,0.000000,0.000000,0.000000,0.000000,0,0.000000,0.000000,0.000000,0.000000,0,0.000000,0.000000,0.000000,0.000000,0,0.000000,0.000000,0.000000,0.000000,0,0.000000,0.000000,0.000000,0.000000,0,0.000000,0.000000,0.000000,0.000000,0,0.000000,0.000000,0.000000,0.000000,0,0.000000,0.000000,0.000000,0.000000
1093116421,AROUSAL_MEDITATION,0.000000,0.000000,0.000000,0.700000,1,,NO_MATCH: QUALITY_CEILING 0.00 < 0.70,1,75.461447,72.815446,7.791784,0.339589,0,0.000000,3.457791,0.120000,0.000000,0,0.000000,0.000000,0.000000,0.000000,0,0.000000,0.000000,0.000000,0.000000,0,0.000000,0.000000,0.000000,0.000000,0,0.000000,0.000000,0.000000,0.000000,0,0.000000,0.000000,0.000000,0.000000,0,0.000000,0.000000,0.000000,0.000000,0,0.000000,0.000000,0.000000,0.000000,0,0.000000,0.000000,0.000000,0.000000,0,0.000000,0.000000,0.000000,0.000000,0,0.000000,0.000000,0.000000,0.000000,0,0.000000,0.000000,0.000000,0.000000
1093116421,TRAINED_VIPASSANA_SHIFT,0.000000,0.000000,0.000000,0.700000,1,,NO_MATCH: QUALITY_CEILING 0.00 < 0.70,1,75.461447,72.815446,7.791784,0.339589,0,0.000000,3.457791,0.120000,0.000000,0,0.000000,0.000000,0.000000,0.000000,0,0.000000,0.000000,0.000000,0.000000,0,0.000000,0.000000,0.000000,0.000000,0,0.000000,0.000000,0.000000,0.000000,0,0.000000,0.000000,0.000000,0.000000,0,0.000000,0.000000,0.000000,0.000000,0,0.000000,0.000000,0.000000,0.000000,0,0.000000,0.000000,0.000000,0.000000,0,0.000000,0.000000,0.000000,0.000000,0,0.000000,0.000000,0.000000,0.000000,0,0.000000,0.000000,0.000000,0.000000
1093116421,SLOW_RECOVERY_VLF,0.000000,0.000000,0.000000,0.700000,1,,NO_MATCH: QUALITY_CEILING 0.00 < 0.70,1,75.461447,72.815446,7.791784,0.339589,0,0.000000,3.457791,0.120000,0.000000,0,0.000000,0.000000,0.000000,0.000000,0,0.000000,0.000000,0.000000,0.000000,0,0.000000,0.000000,0.000000,0.000000,0,0.000000,0.000000,0.000000,0.000000,0,0.000000,0.000000,0.000000,0.000000,0,0.000000,0.000000,0.000000,0.000000,0,0.000000,0.000000,0.000000,0.000000,0,0.000000,0.000000,0.000000,0.000000,0,0.000000,0.000000,0.000000,0.000000,0,0.000000,0.000000,0.000000,0.000000,0,0.000000,0.000000,0.000000,0.000000
1093116421,INWARD_QUIET,0.000000,0.000000,0.000000,0.700000,1,,NO_MATCH: QUALITY_CEILING 0.00 < 0.70,1,75.461447,72.815446,7.791784,0.339589,0,0.000000,3.457791,0.120000,0.000000,0,0.000000,0.000000,0.000000,0.000000,0,0.000000,0.000000,0.000000,0.000000,0,0.000000,0.000000,0.000000,0.000000,0,0.000000,0.000000,0.000000,0.000000,0,0.000000,0.000000,0.000000,0.000000,0,0.000000,0.000000,0.000000,0.000000,0,0.000000,0.000000,0.000000,0.000000,0,0.000000,0.000000,0.000000,0.000000,0,0.000000,0.000000,0.000000,0.000000,0,0.000000,0.000000,0.000000,0.000000,0,0.000000,0.000000,0.000000,0.000000
1113270157,RESONANCE_0P1,0.650000,0.642272,0.417477,0.700000,1,LF主峰 0.074 Hz | 主峰/背景 11.92× | 0.075–0.11 Hz占LF+HF 27.2% | 近期主峰频率跨度 0.006 Hz,NO_MATCH: SCORE_BELOW_THRESHOLD 0.42 < 0.70,1,75.226997,72.815446,7.791784,0.309499,1,29.260810,3.457791,0.120000,-0.679518,1,3497.931572,0.000000,0.000000,0.000000,1,1121.806309,0.000000,0.000000,0.000000,1,1928.208322,0.000000,0.000000,0.000000,1,342.736943,0.000000,0.000000,0.000000,1,84.907741,0.000000,0.000000,0.000000,1,15.092259,0.000000,0.000000,0.000000,1,5.625913,0.000000,0.000000,0.000000,1,0.067862,0.000000,0.000000,0.000000,1,0.271568,0.000000,0.000000,0.000000,1,0.074219,0.000000,0.000000,0.000000,1,11.922294,0.000000,0.000000,0.000000
1113270157,SLOW_RECOVERY_VLF,0.650000,0.523077,0.340000,0.700000,1,HF当前 z*=+0.00 | LF/HF当前 z*=+0.00 | VLF当前 z*=+0.00 | 前序激活证据=0.00,NO_MATCH: SCORE_BELOW_THRESHOLD 0.34 < 0.70,1,75.226997,72.815446,7.791784,0.309499,1,29.260810,3.457791,0.120000,-0.679518,1,3497.931572,0.000000,0.000000,0.000000,1,1121.806309,0.000000,0.000000,0.000000,1,1928.208322,0.000000,0.000000,0.000000,1,342.736943,0.000000,0.000000,0.000000,1,84.907741,0.000000,0.000000,0.000000,1,15.092259,0.000000,0.000000,0.000000,1,5.625913,0.000000,0.000000,0.000000,1,0.067862,0.000000,0.000000,0.000000,1,0.271568,0.000000,0.000000,0.000000,1,0.074219,0.000000,0.000000,0.000000,1,11.922294,0.000000,0.000000,0.000000
1113270157,AROUSAL_MEDITATION,0.650000,0.349320,0.227058,0.700000,1,HF z*=+0.00 | HR z*=+0.31 | RMSSD z*=-0.68,NO_MATCH: SCORE_BELOW_THRESHOLD 0.23 < 0.70,1,75.226997,72.815446,7.791784,0.309499,1,29.260810,3.457791,0.120000,-0.679518,1,3497.931572,0.000000,0.000000,0.000000,1,1121.806309,0.000000,0.000000,0.000000,1,1928.208322,0.000000,0.000000,0.000000,1,342.736943,0.000000,0.000000,0.000000,1,84.907741,0.000000,0.000000,0.000000,1,15.092259,0.000000,0.000000,0.000000,1,5.625913,0.000000,0.000000,0.000000,1,0.067862,0.000000,0.000000,0.000000,1,0.271568,0.000000,0.000000,0.000000,1,0.074219,0.000000,0.000000,0.000000,1,11.922294,0.000000,0.000000,0.000000
1113270157,PHASED_VIPASSANA,0.650000,0.000000,0.000000,0.700000,1,,NO_MATCH: SCORE_BELOW_THRESHOLD 0.00 < 0.70,1,75.226997,72.815446,7.791784,0.309499,1,29.260810,3.457791,0.120000,-0.679518,1,3497.931572,0.000000,0.000000,0.000000,1,1121.806309,0.000000,0.000000,0.000000,1,1928.208322,0.000000,0.000000,0.000000,1,342.736943,0.000000,0.000000,0.000000,1,84.907741,0.000000,0.000000,0.000000,1,15.092259,0.000000,0.000000,0.000000,1,5.625913,0.000000,0.000000,0.000000,1,0.067862,0.000000,0.000000,0.000000,1,0.271568,0.000000,0.000000,0.000000,1,0.074219,0.000000,0.000000,0.000000,1,11.922294,0.000000,0.000000,0.000000
1113270157,TRAINED_VIPASSANA_SHIFT,0.650000,0.000000,0.000000,0.700000,1,HFnu z*=+0.00 | 0.06–0.10 Hz THM z*=+0.00 | LF z*=+0.00,NO_MATCH: SCORE_BELOW_THRESHOLD 0.00 < 0.70,1,75.226997,72.815446,7.791784,0.309499,1,29.260810,3.457791,0.120000,-0.679518,1,3497.931572,0.000000,0.000000,0.000000,1,1121.806309,0.000000,0.000000,0.000000,1,1928.208322,0.000000,0.000000,0.000000,1,342.736943,0.000000,0.000000,0.000000,1,84.907741,0.000000,0.000000,0.000000,1,15.092259,0.000000,0.000000,0.000000,1,5.625913,0.000000,0.000000,0.000000,1,0.067862,0.000000,0.000000,0.000000,1,0.271568,0.000000,0.000000,0.000000,1,0.074219,0.000000,0.000000,0.000000,1,11.922294,0.000000,0.000000,0.000000
1113270157,INWARD_QUIET,0.650000,0.000000,0.000000,0.700000,1,HF z*=+0.00 | RMSSD z*=-0.68 | HR z*=+0.31 | LF/HF z*=+0.00,NO_MATCH: SCORE_BELOW_THRESHOLD 0.00 < 0.70,1,75.226997,72.815446,7.791784,0.309499,1,29.260810,3.457791,0.120000,-0.679518,1,3497.931572,0.000000,0.000000,0.000000,1,1121.806309,0.000000,0.000000,0.000000,1,1928.208322,0.000000,0.000000,0.000000,1,342.736943,0.000000,0.000000,0.000000,1,84.907741,0.000000,0.000000,0.000000,1,15.092259,0.000000,0.000000,0.000000,1,5.625913,0.000000,0.000000,0.000000,1,0.067862,0.000000,0.000000,0.000000,1,0.271568,0.000000,0.000000,0.000000,1,0.074219,0.000000,0.000000,0.000000,1,11.922294,0.000000,0.000000,0.000000
1133759761,RESONANCE_0P1,0.650000,0.638188,0.414822,0.700000,1,LF主峰 0.074 Hz | 主峰/背景 15.60× | 0.075–0.11 Hz占LF+HF 26.6% | 近期主峰频率跨度 0.008 Hz,NO_MATCH: SCORE_BELOW_THRESHOLD 0.41 < 0.70,1,99.407696,72.815446,7.791784,3.412858,1,26.352759,3.457791,0.120000,-1.551819,1,3322.655664,0.000000,0.000000,0.000000,1,919.201159,0.000000,0.000000,0.000000,1,1964.360494,0.000000,0.000000,0.000000,1,329.275358,0.000000,0.000000,0.000000,1,85.643957,0.000000,0.000000,0.000000,1,14.356043,0.000000,0.000000,0.000000,1,5.965708,0.000000,0.000000,0.000000,1,0.070765,0.000000,0.000000,0.000000,1,0.266414,0.000000,0.000000,0.000000,1,0.074219,0.000000,0.000000,0.000000,1,15.602149,0.000000,0.000000,0.000000
1133759761,AROUSAL_MEDITATION,0.650000,0.502154,0.326400,0.700000,1,HF z*=+0.00 | HR z*=+3.41 | RMSSD z*=-1.55,NO_MATCH: SCORE_BELOW_THRESHOLD 0.33 < 0.70,1,99.407696,72.815446,7.791784,3.412858,1,26.352759,3.457791,0.120000,-1.551819,1,3322.655664,0.000000,0.000000,0.000000,1,919.201159,0.000000,0.000000,0.000000,1,1964.360494,0.000000,0.000000,0.000000,1,329.275358,0.000000,0.000000,0.000000,1,85.643957,0.000000,0.000000,0.000000,1,14.356043,0.000000,0.000000,0.000000,1,5.965708,0.000000,0.000000,0.000000,1,0.070765,0.000000,0.000000,0.000000,1,0.266414,0.000000,0.000000,0.000000,1,0.074219,0.000000,0.000000,0.000000,1,15.602149,0.000000,0.000000,0.000000
1133759761,SLOW_RECOVERY_VLF,0.650000,0.366154,0.238000,0.700000,1,HF当前 z*=+0.00 | LF/HF当前 z*=+0.00 | VLF当前 z*=+0.00 | 前序激活证据=0.00,NO_MATCH: SCORE_BELOW_THRESHOLD 0.24 < 0.70,1,99.407696,72.815446,7.791784,3.412858,1,26.352759,3.457791,0.120000,-1.551819,1,3322.655664,0.000000,0.000000,0.000000,1,919.201159,0.000000,0.000000,0.000000,1,1964.360494,0.000000,0.000000,0.000000,1,329.275358,0.000000,0.000000,0.000000,1,85.643957,0.000000,0.000000,0.000000,1,14.356043,0.000000,0.000000,0.000000,1,5.965708,0.000000,0.000000,0.000000,1,0.070765,0.000000,0.000000,0.000000,1,0.266414,0.000000,0.000000,0.000000,1,0.074219,0.000000,0.000000,0.000000,1,15.602149,0.000000,0.000000,0.000000
1133759761,PHASED_VIPASSANA,0.650000,0.000000,0.000000,0.700000,1,,NO_MATCH: SCORE_BELOW_THRESHOLD 0.00 < 0.70,1,99.407696,72.815446,7.791784,3.412858,1,26.352759,3.457791,0.120000,-1.551819,1,3322.655664,0.000000,0.000000,0.000000,1,919.201159,0.000000,0.000000,0.000000,1,1964.360494,0.000000,0.000000,0.000000,1,329.275358,0.000000,0.000000,0.000000,1,85.643957,0.000000,0.000000,0.000000,1,14.356043,0.000000,0.000000,0.000000,1,5.965708,0.000000,0.000000,0.000000,1,0.070765,0.000000,0.000000,0.000000,1,0.266414,0.000000,0.000000,0.000000,1,0.074219,0.000000,0.000000,0.000000,1,15.602149,0.000000,0.000000,0.000000
1133759761,TRAINED_VIPASSANA_SHIFT,0.650000,0.000000,0.000000,0.700000,1,HFnu z*=+0.00 | 0.06–0.10 Hz THM z*=+0.00 | LF z*=+0.00,NO_MATCH: SCORE_BELOW_THRESHOLD 0.00 < 0.70,1,99.407696,72.815446,7.791784,3.412858,1,26.352759,3.457791,0.120000,-1.551819,1,3322.655664,0.000000,0.000000,0.000000,1,919.201159,0.000000,0.000000,0.000000,1,1964.360494,0.000000,0.000000,0.000000,1,329.275358,0.000000,0.000000,0.000000,1,85.643957,0.000000,0.000000,0.000000,1,14.356043,0.000000,0.000000,0.000000,1,5.965708,0.000000,0.000000,0.000000,1,0.070765,0.000000,0.000000,0.000000,1,0.266414,0.000000,0.000000,0.000000,1,0.074219,0.000000,0.000000,0.000000,1,15.602149,0.000000,0.000000,0.000000
1133759761,INWARD_QUIET,0.650000,0.000000,0.000000,0.700000,1,HF z*=+0.00 | RMSSD z*=-1.55 | HR z*=+3.41 | LF/HF z*=+0.00,NO_MATCH: SCORE_BELOW_THRESHOLD 0.00 < 0.70,1,99.407696,72.815446,7.791784,3.412858,1,26.352759,3.457791,0.120000,-1.551819,1,3322.655664,0.000000,0.000000,0.000000,1,919.201159,0.000000,0.000000,0.000000,1,1964.360494,0.000000,0.000000,0.000000,1,329.275358,0.000000,0.000000,0.000000,1,85.643957,0.000000,0.000000,0.000000,1,14.356043,0.000000,0.000000,0.000000,1,5.965708,0.000000,0.000000,0.000000,1,0.070765,0.000000,0.000000,0.000000,1,0.266414,0.000000,0.000000,0.000000,1,0.074219,0.000000,0.000000,0.000000,1,15.602149,0.000000,0.000000,0.000000
1153960447,RESONANCE_0P1,0.000000,0.000000,0.000000,0.700000,1,,NO_MATCH: QUALITY_CEILING 0.00 < 0.70,1,76.380579,72.815446,7.791784,0.457550,1,24.192713,3.457791,0.120000,-2.264498,0,0.000000,0.000000,0.000000,0.000000,0,0.000000,0.000000,0.000000,0.000000,0,0.000000,0.000000,0.000000,0.000000,0,0.000000,0.000000,0.000000,0.000000,0,0.000000,0.000000,0.000000,0.000000,0,0.000000,0.000000,0.000000,0.000000,0,0.000000,0.000000,0.000000,0.000000,0,0.000000,0.000000,0.000000,0.000000,0,0.000000,0.000000,0.000000,0.000000,0,0.000000,0.000000,0.000000,0.000000,0,0.000000,0.000000,0.000000,0.000000
1153960447,PHASED_VIPASSANA,0.000000,0.000000,0.000000,0.700000,1,,NO_MATCH: QUALITY_CEILING 0.00 < 0.70,1,76.380579,72.815446,7.791784,0.457550,1,24.192713,3.457791,0.120000,-2.264498,0,0.000000,0.000000,0.000000,0.000000,0,0.000000,0.000000,0.000000,0.000000,0,0.000000,0.000000,0.000000,0.000000,0,0.000000,0.000000,0.000000,0.000000,0,0.000000,0.000000,0.000000,0.000000,0,0.000000,0.000000,0.000000,0.000000,0,0.000000,0.000000,0.000000,0.000000,0,0.000000,0.000000,0.000000,0.000000,0,0.000000,0.000000,0.000000,0.000000,0,0.000000,0.000000,0.000000,0.000000,0,0.000000,0.000000,0.000000,0.000000
1153960447,AROUSAL_MEDITATION,0.000000,0.000000,0.000000,0.700000,1,,NO_MATCH: QUALITY_CEILING 0.00 < 0.70,1,76.380579,72.815446,7.791784,0.457550,1,24.192713,3.457791,0.120000,-2.264498,0,0.000000,0.000000,0.000000,0.000000,0,0.000000,0.000000,0.000000,0.000000,0,0.000000,0.000000,0.000000,0.000000,0,0.000000,0.000000,0.000000,0.000000,0,0.000000,0.000000,0.000000,0.000000,0,0.000000,0.000000,0.000000,0.000000,0,0.000000,0.000000,0.000000,0.000000,0,0.000000,0.000000,0.000000,0.000000,0,0.000000,0.000000,0.000000,0.000000,0,0.000000,0.000000,0.000000,0.000000,0,0.000000,0.000000,0.000000,0.000000
1153960447,TRAINED_VIPASSANA_SHIFT,0.000000,0.000000,0.000000,0.700000,1,,NO_MATCH: QUALITY_CEILING 0.00 < 0.70,1,76.380579,72.815446,7.791784,0.457550,1,24.192713,3.457791,0.120000,-2.264498,0,0.000000,0.000000,0.000000,0.000000,0,0.000000,0.000000,0.000000,0.000000,0,0.000000,0.000000,0.000000,0.000000,0,0.000000,0.000000,0.000000,0.000000,0,0.000000,0.000000,0.000000,0.000000,0,0.000000,0.000000,0.000000,0.000000,0,0.000000,0.000000,0.000000,0.000000,0,0.000000,0.000000,0.000000,0.000000,0,0.000000,0.000000,0.000000,0.000000,0,0.000000,0.000000,0.000000,0.000000,0,0.000000,0.000000,0.000000,0.000000
1153960447,SLOW_RECOVERY_VLF,0.000000,0.000000,0.000000,0.700000,1,,NO_MATCH: QUALITY_CEILING 0.00 < 0.70,1,76.380579,72.815446,7.791784,0.457550,1,24.192713,3.457791,0.120000,-2.264498,0,0.000000,0.000000,0.000000,0.000000,0,0.000000,0.000000,0.000000,0.000000,0,0.000000,0.000000,0.000000,0.000000,0,0.000000,0.000000,0.000000,0.000000,0,0.000000,0.000000,0.000000,0.000000,0,0.000000,0.000000,0.000000,0.000000,0,0.000000,0.000000,0.000000,0.000000,0,0.000000,0.000000,0.000000,0.000000,0,0.000000,0.000000,0.000000,0.000000,0,0.000000,0.000000,0.000000,0.000000,0,0.000000,0.000000,0.000000,0.000000
1153960447,INWARD_QUIET,0.000000,0.000000,0.000000,0.700000,1,,NO_MATCH: QUALITY_CEILING 0.00 < 0.70,1,76.380579,72.815446,7.791784,0.457550,1,24.192713,3.457791,0.120000,-2.264498,0,0.000000,0.000000,0.000000,0.000000,0,0.000000,0.000000,0.000000,0.000000,0,0.000000,0.000000,0.000000,0.000000,0,0.000000,0.000000,0.000000,0.000000,0,0.000000,0.000000,0.000000,0.000000,0,0.000000,0.000000,0.000000,0.000000,0,0.000000,0.000000,0.000000,0.000000,0,0.000000,0.000000,0.000000,0.000000,0,0.000000,0.000000,0.000000,0.000000,0,0.000000,0.000000,0.000000,0.000000,0,0.000000,0.000000,0.000000,0.000000
1174016487,RESONANCE_0P1,0.000000,0.000000,0.000000,0.700000,1,,NO_MATCH: QUALITY_CEILING 0.00 < 0.70,1,67.580505,74.021222,4.530723,-1.421565,1,28.653636,3.420514,0.120000,-0.543610,0,0.000000,8.159927,0.864857,0.000000,0,0.000000,7.022695,0.506179,0.000000,0,0.000000,7.564347,0.399962,0.000000,0,0.000000,5.610026,0.336457,0.000000,0,0.000000,84.907741,10.783180,0.000000,0,0.000000,15.092259,10.783180,0.000000,0,0.000000,1.727383,0.971514,0.000000,0,0.000000,0.050745,0.080000,0.000000,0,0.000000,0.271568,0.080000,0.000000,0,0.000000,0.074219,0.120000,0.000000,0,0.000000,2.430259,0.120000,0.000000
1174016487,PHASED_VIPASSANA,0.000000,0.000000,0.000000,0.700000,1,,NO_MATCH: QUALITY_CEILING 0.00 < 0.70,1,67.580505,74.021222,4.530723,-1.421565,1,28.653636,3.420514,0.120000,-0.543610,0,0.000000,8.159927,0.864857,0.000000,0,0.000000,7.022695,0.506179,0.000000,0,0.000000,7.564347,0.399962,0.000000,0,0.000000,5.610026,0.336457,0.000000,0,0.000000,84.907741,10.783180,0.000000,0,0.000000,15.092259,10.783180,0.000000,0,0.000000,1.727383,0.971514,0.000000,0,0.000000,0.050745,0.080000,0.000000,0,0.000000,0.271568,0.080000,0.000000,0,0.000000,0.074219,0.120000,0.000000,0,0.000000,2.430259,0.120000,0.000000
1174016487,AROUSAL_MEDITATION,0.000000,0.000000,0.000000,0.700000,1,,NO_MATCH: QUALITY_CEILING 0.00 < 0.70,1,67.580505,74.021222,4.530723,-1.421565,1,28.653636,3.420514,0.120000,-0.543610,0,0.000000,8.159927,0.864857,0.000000,0,0.000000,7.022695,0.506179,0.000000,0,0.000000,7.564347,0.399962,0.000000,0,0.000000,5.610026,0.336457,0.000000,0,0.000000,84.907741,10.783180,0.000000,0,0.000000,15.092259,10.783180,0.000000,0,0.000000,1.727383,0.971514,0.000000,0,0.000000,0.050745,0.080000,0.000000,0,0.000000,0.271568,0.080000,0.000000,0,0.000000,0.074219,0.120000,0.000000,0,0.000000,2.430259,0.120000,0.000000
1174016487,TRAINED_VIPASSANA_SHIFT,0.000000,0.000000,0.000000,0.700000,1,,NO_MATCH: QUALITY_CEILING 0.00 < 0.70,1,67.580505,74.021222,4.530723,-1.421565,1,28.653636,3.420514,0.120000,-0.543610,0,0.000000,8.159927,0.864857,0.000000,0,0.000000,7.022695,0.506179,0.000000,0,0.000000,7.564347,0.399962,0.000000,0,0.000000,5.610026,0.336457,0.000000,0,0.000000,84.907741,10.783180,0.000000,0,0.000000,15.092259,10.783180,0.000000,0,0.000000,1.727383,0.971514,0.000000,0,0.000000,0.050745,0.080000,0.000000,0,0.000000,0.271568,0.080000,0.000000,0,0.000000,0.074219,0.120000,0.000000,0,0.000000,2.430259,0.120000,0.000000
1174016487,SLOW_RECOVERY_VLF,0.000000,0.000000,0.000000,0.700000,1,,NO_MATCH: QUALITY_CEILING 0.00 < 0.70,1,67.580505,74.021222,4.530723,-1.421565,1,28.653636,3.420514,0.120000,-0.543610,0,0.000000,8.159927,0.864857,0.000000,0,0.000000,7.022695,0.506179,0.000000,0,0.000000,7.564347,0.399962,0.000000,0,0.000000,5.610026,0.336457,0.000000,0,0.000000,84.907741,10.783180,0.000000,0,0.000000,15.092259,10.783180,0.000000,0,0.000000,1.727383,0.971514,0.000000,0,0.000000,0.050745,0.080000,0.000000,0,0.000000,0.271568,0.080000,0.000000,0,0.000000,0.074219,0.120000,0.000000,0,0.000000,2.430259,0.120000,0.000000
1174016487,INWARD_QUIET,0.000000,0.000000,0.000000,0.700000,1,,NO_MATCH: QUALITY_CEILING 0.00 < 0.70,1,67.580505,74.021222,4.530723,-1.421565,1,28.653636,3.420514,0.120000,-0.543610,0,0.000000,8.159927,0.864857,0.000000,0,0.000000,7.022695,0.506179,0.000000,0,0.000000,7.564347,0.399962,0.000000,0,0.000000,5.610026,0.336457,0.000000,0,0.000000,84.907741,10.783180,0.000000,0,0.000000,15.092259,10.783180,0.000000,0,0.000000,1.727383,0.971514,0.000000,0,0.000000,0.050745,0.080000,0.000000,0,0.000000,0.271568,0.080000,0.000000,0,0.000000,0.074219,0.120000,0.000000,0,0.000000,2.430259,0.120000,0.000000
1194562518,RESONANCE_0P1,0.000000,0.000000,0.000000,0.700000,1,,NO_MATCH: QUALITY_CEILING 0.00 < 0.70,1,88.640695,74.021222,4.530723,3.226742,1,36.652101,3.420514,0.120000,1.507977,0,0.000000,8.159927,0.864857,0.000000,0,0.000000,7.022695,0.506179,0.000000,0,0.000000,7.564347,0.399962,0.000000,0,0.000000,5.610026,0.336457,0.000000,0,0.000000,84.907741,10.783180,0.000000,0,0.000000,15.092259,10.783180,0.000000,0,0.000000,1.727383,0.971514,0.000000,0,0.000000,0.050745,0.080000,0.000000,0,0.000000,0.271568,0.080000,0.000000,0,0.000000,0.074219,0.120000,0.000000,0,0.000000,2.430259,0.120000,0.000000
1194562518,PHASED_VIPASSANA,0.000000,0.000000,0.000000,0.700000,1,,NO_MATCH: QUALITY_CEILING 0.00 < 0.70,1,88.640695,74.021222,4.530723,3.226742,1,36.652101,3.420514,0.120000,1.507977,0,0.000000,8.159927,0.864857,0.000000,0,0.000000,7.022695,0.506179,0.000000,0,0.000000,7.564347,0.399962,0.000000,0,0.000000,5.610026,0.336457,0.000000,0,0.000000,84.907741,10.783180,0.000000,0,0.000000,15.092259,10.783180,0.000000,0,0.000000,1.727383,0.971514,0.000000,0,0.000000,0.050745,0.080000,0.000000,0,0.000000,0.271568,0.080000,0.000000,0,0.000000,0.074219,0.120000,0.000000,0,0.000000,2.430259,0.120000,0.000000
1194562518,AROUSAL_MEDITATION,0.000000,0.000000,0.000000,0.700000,1,,NO_MATCH: QUALITY_CEILING 0.00 < 0.70,1,88.640695,74.021222,4.530723,3.226742,1,36.652101,3.420514,0.120000,1.507977,0,0.000000,8.159927,0.864857,0.000000,0,0.000000,7.022695,0.506179,0.000000,0,0.000000,7.564347,0.399962,0.000000,0,0.000000,5.610026,0.336457,0.000000,0,0.000000,84.907741,10.783180,0.000000,0,0.000000,15.092259,10.783180,0.000000,0,0.000000,1.727383,0.971514,0.000000,0,0.000000,0.050745,0.080000,0.000000,0,0.000000,0.271568,0.080000,0.000000,0,0.000000,0.074219,0.120000,0.000000,0,0.000000,2.430259,0.120000,0.000000
1194562518,TRAINED_VIPASSANA_SHIFT,0.000000,0.000000,0.000000,0.700000,1,,NO_MATCH: QUALITY_CEILING 0.00 < 0.70,1,88.640695,74.021222,4.530723,3.226742,1,36.652101,3.420514,0.120000,1.507977,0,0.000000,8.159927,0.864857,0.000000,0,0.000000,7.022695,0.506179,0.000000,0,0.000000,7.564347,0.399962,0.000000,0,0.000000,5.610026,0.336457,0.000000,0,0.000000,84.907741,10.783180,0.000000,0,0.000000,15.092259,10.783180,0.000000,0,0.000000,1.727383,0.971514,0.000000,0,0.000000,0.050745,0.080000,0.000000,0,0.000000,0.271568,0.080000,0.000000,0,0.000000,0.074219,0.120000,0.000000,0,0.000000,2.430259,0.120000,0.000000
1194562518,SLOW_RECOVERY_VLF,0.000000,0.000000,0.000000,0.700000,1,,NO_MATCH: QUALITY_CEILING 0.00 < 0.70,1,88.640695,74.021222,4.530723,3.226742,1,36.652101,3.420514,0.120000,1.507977,0,0.000000,8.159927,0.864857,0.000000,0,0.000000,7.022695,0.506179,0.000000,0,0.000000,7.564347,0.399962,0.000000,0,0.000000,5.610026,0.336457,0.000000,0,0.000000,84.907741,10.783180,0.000000,0,0.000000,15.092259,10.783180,0.000000,0,0.000000,1.727383,0.971514,0.000000,0,0.000000,0.050745,0.080000,0.000000,0,0.000000,0.271568,0.080000,0.000000,0,0.000000,0.074219,0.120000,0.000000,0,0.000000,2.430259,0.120000,0.000000
1194562518,INWARD_QUIET,0.000000,0.000000,0.000000,0.700000,1,,NO_MATCH: QUALITY_CEILING 0.00 < 0.70,1,88.640695,74.021222,4.530723,3.226742,1,36.652101,3.420514,0.120000,1.507977,0,0.000000,8.159927,0.864857,0.000000,0,0.000000,7.022695,0.506179,0.000000,0,0.000000,7.564347,0.399962,0.000000,0,0.000000,5.610026,0.336457,0.000000,0,0.000000,84.907741,10.783180,0.000000,0,0.000000,15.092259,10.783180,0.000000,0,0.000000,1.727383,0.971514,0.000000,0,0.000000,0.050745,0.080000,0.000000,0,0.000000,0.271568,0.080000,0.000000,0,0.000000,0.074219,0.120000,0.000000,0,0.000000,2.430259,0.120000,0.000000
1215341158,AROUSAL_MEDITATION,0.650000,0.617720,0.401518,0.700000,1,HF z*=-1.19 | HR z*=+0.01 | RMSSD z*=+0.90,NO_MATCH: SCORE_BELOW_THRESHOLD 0.40 < 0.70,1,74.068496,74.021222,4.530723,0.010434,1,34.076260,3.420514,0.120000,0.900729,1,2857.089707,8.159927,0.864857,-0.233990,1,1353.527806,7.022695,0.506179,0.370964,1,1253.693959,7.564347,0.399962,-1.076344,1,183.045954,5.610026,0.336457,-1.189715,1,87.259632,84.907741,10.783180,0.218107,1,12.740368,15.092259,10.783180,-0.218107,1,6.849067,1.727383,0.971514,0.202498,1,0.043883,0.050745,0.080000,-0.085778,1,0.179705,0.271568,0.080000,-1.148294,1,0.070312,0.074219,0.120000,-0.032552,1,5.796298,2.430259,0.120000,-5.608664
1215341158,TRAINED_VIPASSANA_SHIFT,0.650000,0.528781,0.343708,0.700000,1,HFnu z*=-0.22 | 0.06–0.10 Hz THM z*=-7.31 | LF z*=-1.08,NO_MATCH: SCORE_BELOW_THRESHOLD 0.34 < 0.70,1,74.068496,74.021222,4.530723,0.010434,1,34.076260,3.420514,0.120000,0.900729,1,2857.089707,8.159927,0.864857,-0.233990,1,1353.527806,7.022695,0.506179,0.370964,1,1253.693959,7.564347,0.399962,-1.076344,1,183.045954,5.610026,0.336457,-1.189715,1,87.259632,84.907741,10.783180,0.218107,1,12.740368,15.092259,10.783180,-0.218107,1,6.849067,1.727383,0.971514,0.202498,1,0.043883,0.050745,0.080000,-0.085778,1,0.179705,0.271568,0.080000,-1.148294,1,0.070312,0.074219,0.120000,-0.032552,1,5.796298,2.430259,0.120000,-5.608664
1215341158,RESONANCE_0P1,0.650000,0.485990,0.315894,0.700000,1,LF主峰 0.070 Hz | 主峰/背景 5.80× | 0.075–0.11 Hz占LF+HF 18.0%,NO_MATCH: SCORE_BELOW_THRESHOLD 0.32 < 0.70,1,74.068496,74.021222,4.530723,0.010434,1,34.076260,3.420514,0.120000,0.900729,1,2857.089707,8.159927,0.864857,-0.233990,1,1353.527806,7.022695,0.506179,0.370964,1,1253.693959,7.564347,0.399962,-1.076344,1,183.045954,5.610026,0.336457,-1.189715,1,87.259632,84.907741,10.783180,0.218107,1,12.740368,15.092259,10.783180,-0.218107,1,6.849067,1.727383,0.971514,0.202498,1,0.043883,0.050745,0.080000,-0.085778,1,0.179705,0.271568,0.080000,-1.148294,1,0.070312,0.074219,0.120000,-0.032552,1,5.796298,2.430259,0.120000,-5.608664
1215341158,SLOW_RECOVERY_VLF,0.650000,0.412139,0.267890,0.700000,1,HF当前 z*=-1.19 | LF/HF当前 z*=+0.20 | VLF当前 z*=+0.37 | 前序激活证据=0.51,NO_MATCH: SCORE_BELOW_THRESHOLD 0.27 < 0.70,1,74.068496,74.021222,4.530723,0.010434,1,34.076260,3.420514,0.120000,0.900729,1,2857.089707,8.159927,0.864857,-0.233990,1,1353.527806,7.022695,0.506179,0.370964,1,1253.693959,7.564347,0.399962,-1.076344,1,183.045954,5.610026,0.336457,-1.189715,1,87.259632,84.907741,10.783180,0.218107,1,12.740368,15.092259,10.783180,-0.218107,1,6.849067,1.727383,0.971514,0.202498,1,0.043883,0.050745,0.080000,-0.085778,1,0.179705,0.271568,0.080000,-1.148294,1,0.070312,0.074219,0.120000,-0.032552,1,5.796298,2.430259,0.120000,-5.608664
1215341158,INWARD_QUIET,0.650000,0.176233,0.114552,0.700000,1,HF z*=-1.19 | RMSSD z*=+0.90 | HR z*=+0.01 | LF/HF z*=+0.20,NO_MATCH: SCORE_BELOW_THRESHOLD 0.11 < 0.70,1,74.068496,74.021222,4.530723,0.010434,1,34.076260,3.420514,0.120000,0.900729,1,2857.089707,8.159927,0.864857,-0.233990,1,1353.527806,7.022695,0.506179,0.370964,1,1253.693959,7.564347,0.399962,-1.076344,1,183.045954,5.610026,0.336457,-1.189715,1,87.259632,84.907741,10.783180,0.218107,1,12.740368,15.092259,10.783180,-0.218107,1,6.849067,1.727383,0.971514,0.202498,1,0.043883,0.050745,0.080000,-0.085778,1,0.179705,0.271568,0.080000,-1.148294,1,0.070312,0.074219,0.120000,-0.032552,1,5.796298,2.430259,0.120000,-5.608664
1215341158,PHASED_VIPASSANA,0.650000,0.000000,0.000000,0.700000,1,,NO_MATCH: SCORE_BELOW_THRESHOLD 0.00 < 0.70,1,74.068496,74.021222,4.530723,0.010434,1,34.076260,3.420514,0.120000,0.900729,1,2857.089707,8.159927,0.864857,-0.233990,1,1353.527806,7.022695,0.506179,0.370964,1,1253.693959,7.564347,0.399962,-1.076344,1,183.045954,5.610026,0.336457,-1.189715,1,87.259632,84.907741,10.783180,0.218107,1,12.740368,15.092259,10.783180,-0.218107,1,6.849067,1.727383,0.971514,0.202498,1,0.043883,0.050745,0.080000,-0.085778,1,0.179705,0.271568,0.080000,-1.148294,1,0.070312,0.074219,0.120000,-0.032552,1,5.796298,2.430259,0.120000,-5.608664
1235726043,AROUSAL_MEDITATION,0.650000,0.753231,0.489600,0.700000,1,HF z*=-1.24 | HR z*=-0.53 | RMSSD z*=-1.57,NO_MATCH: SCORE_BELOW_THRESHOLD 0.49 < 0.70,1,71.603403,74.021222,4.530723,-0.533650,1,25.347812,3.420514,0.120000,-1.565176,1,4088.061707,8.159927,0.864857,0.180260,1,2468.662683,7.022695,0.506179,1.558218,1,1374.513472,7.564347,0.399962,-0.846309,1,180.020632,5.610026,0.336457,-1.239248,1,88.419641,84.907741,10.783180,0.325683,1,11.580359,15.092259,10.783180,-0.325683,1,7.635311,1.727383,0.971514,0.314355,1,0.029037,0.050745,0.080000,-0.271357,1,0.143006,0.271568,0.080000,-1.607030,1,0.054688,0.074219,0.120000,-0.162760,1,8.231646,2.430259,0.120000,-2.685609
1235726043,TRAINED_VIPASSANA_SHIFT,0.650000,0.500469,0.325305,0.700000,1,HFnu z*=-0.33 | 0.06–0.10 Hz THM z*=-8.08 | LF z*=-0.85,NO_MATCH: SCORE_BELOW_THRESHOLD 0.33 < 0.70,1,71.603403,74.021222,4.530723,-0.533650,1,25.347812,3.420514,0.120000,-1.565176,1,4088.061707,8.159927,0.864857,0.180260,1,2468.662683,7.022695,0.506179,1.558218,1,1374.513472,7.564347,0.399962,-0.846309,1,180.020632,5.610026,0.336457,-1.239248,1,88.419641,84.907741,10.783180,0.325683,1,11.580359,15.092259,10.783180,-0.325683,1,7.635311,1.727383,0.971514,0.314355,1,0.029037,0.050745,0.080000,-0.271357,1,0.143006,0.271568,0.080000,-1.607030,1,0.054688,0.074219,0.120000,-0.162760,1,8.231646,2.430259,0.120000,-2.685609
1235726043,SLOW_RECOVERY_VLF,0.650000,0.391624,0.254556,0.700000,1,HF当前 z*=-1.24 | LF/HF当前 z*=+0.31 | VLF当前 z*=+1.56 | 前序激活证据=0.51,NO_MATCH: SCORE_BELOW_THRESHOLD 0.25 < 0.70,1,71.603403,74.021222,4.530723,-0.533650,1,25.347812,3.420514,0.120000,-1.565176,1,4088.061707,8.159927,0.864857,0.180260,1,2468.662683,7.022695,0.506179,1.558218,1,1374.513472,7.564347,0.399962,-0.846309,1,180.020632,5.610026,0.336457,-1.239248,1,88.419641,84.907741,10.783180,0.325683,1,11.580359,15.092259,10.783180,-0.325683,1,7.635311,1.727383,0.971514,0.314355,1,0.029037,0.050745,0.080000,-0.271357,1,0.143006,0.271568,0.080000,-1.607030,1,0.054688,0.074219,0.120000,-0.162760,1,8.231646,2.430259,0.120000,-2.685609
1235726043,RESONANCE_0P1,0.650000,0.369626,0.240257,0.700000,1,LF主峰 0.055 Hz | 主峰/背景 8.23× | 0.075–0.11 Hz占LF+HF 14.3%,NO_MATCH: SCORE_BELOW_THRESHOLD 0.24 < 0.70,1,71.603403,74.021222,4.530723,-0.533650,1,25.347812,3.420514,0.120000,-1.565176,1,4088.061707,8.159927,0.864857,0.180260,1,2468.662683,7.022695,0.506179,1.558218,1,1374.513472,7.564347,0.399962,-0.846309,1,180.020632,5.610026,0.336457,-1.239248,1,88.419641,84.907741,10.783180,0.325683,1,11.580359,15.092259,10.783180,-0.325683,1,7.635311,1.727383,0.971514,0.314355,1,0.029037,0.050745,0.080000,-0.271357,1,0.143006,0.271568,0.080000,-1.607030,1,0.054688,0.074219,0.120000,-0.162760,1,8.231646,2.430259,0.120000,-2.685609
1235726043,INWARD_QUIET,0.650000,0.049727,0.032322,0.700000,1,HF z*=-1.24 | RMSSD z*=-1.57 | HR z*=-0.53 | LF/HF z*=+0.31,NO_MATCH: SCORE_BELOW_THRESHOLD 0.03 < 0.70,1,71.603403,74.021222,4.530723,-0.533650,1,25.347812,3.420514,0.120000,-1.565176,1,4088.061707,8.159927,0.864857,0.180260,1,2468.662683,7.022695,0.506179,1.558218,1,1374.513472,7.564347,0.399962,-0.846309,1,180.020632,5.610026,0.336457,-1.239248,1,88.419641,84.907741,10.783180,0.325683,1,11.580359,15.092259,10.783180,-0.325683,1,7.635311,1.727383,0.971514,0.314355,1,0.029037,0.050745,0.080000,-0.271357,1,0.143006,0.271568,0.080000,-1.607030,1,0.054688,0.074219,0.120000,-0.162760,1,8.231646,2.430259,0.120000,-2.685609
1235726043,PHASED_VIPASSANA,0.650000,0.000000,0.000000,0.700000,1,,NO_MATCH: SCORE_BELOW_THRESHOLD 0.00 < 0.70,1,71.603403,74.021222,4.530723,-0.533650,1,25.347812,3.420514,0.120000,-1.565176,1,4088.061707,8.159927,0.864857,0.180260,1,2468.662683,7.022695,0.506179,1.558218,1,1374.513472,7.564347,0.399962,-0.846309,1,180.020632,5.610026,0.336457,-1.239248,1,88.419641,84.907741,10.783180,0.325683,1,11.580359,15.092259,10.783180,-0.325683,1,7.635311,1.727383,0.971514,0.314355,1,0.029037,0.050745,0.080000,-0.271357,1,0.143006,0.271568,0.080000,-1.607030,1,0.054688,0.074219,0.120000,-0.162760,1,8.231646,2.430259,0.120000,-2.685609
1255888097,AROUSAL_MEDITATION,0.650000,0.791949,0.514767,0.700000,1,HF z*=-0.92 | HR z*=+0.46 | RMSSD z*=-1.49,NO_MATCH: SCORE_BELOW_THRESHOLD 0.51 < 0.70,1,76.094332,74.021222,4.530723,0.457567,1,25.585282,3.420514,0.120000,-1.487469,1,5730.764766,8.159927,0.864857,0.570819,1,3944.290445,7.022695,0.506179,2.483963,1,1490.734442,7.564347,0.399962,-0.643367,1,200.460689,5.610026,0.336457,-0.919604,1,88.146803,84.907741,10.783180,0.300381,1,11.853197,15.092259,10.783180,-0.300381,1,7.436543,1.727383,0.971514,0.287204,1,0.019160,0.050745,0.080000,-0.394809,1,0.135037,0.271568,0.080000,-1.706638,1,0.054688,0.074219,0.120000,-0.162760,1,10.611997,2.430259,0.120000,-0.568949
1255888097,SLOW_RECOVERY_VLF,0.650000,0.489677,0.318290,0.700000,1,HF当前 z*=-0.92 | LF/HF当前 z*=+0.29 | VLF当前 z*=+2.48 | 前序激活证据=0.51,NO_MATCH: SCORE_BELOW_THRESHOLD 0.32 < 0.70,1,76.094332,74.021222,4.530723,0.457567,1,25.585282,3.420514,0.120000,-1.487469,1,5730.764766,8.159927,0.864857,0.570819,1,3944.290445,7.022695,0.506179,2.483963,1,1490.734442,7.564347,0.399962,-0.643367,1,200.460689,5.610026,0.336457,-0.919604,1,88.146803,84.907741,10.783180,0.300381,1,11.853197,15.092259,10.783180,-0.300381,1,7.436543,1.727383,0.971514,0.287204,1,0.019160,0.050745,0.080000,-0.394809,1,0.135037,0.271568,0.080000,-1.706638,1,0.054688,0.074219,0.120000,-0.162760,1,10.611997,2.430259,0.120000,-0.568949
1255888097,TRAINED_VIPASSANA_SHIFT,0.650000,0.475491,0.309069,0.700000,1,HFnu z*=-0.30 | 0.06–0.10 Hz THM z*=-8.63 | LF z*=-0.64,NO_MATCH: SCORE_BELOW_THRESHOLD 0.31 < 0.70,1,76.094332,74.021222,4.530723,0.457567,1,25.585282,3.420514,0.120000,-1.487469,1,5730.764766,8.159927,0.864857,0.570819,1,3944.290445,7.022695,0.506179,2.483963,1,1490.734442,7.564347,0.399962,-0.643367,1,200.460689,5.610026,0.336457,-0.919604,1,88.146803,84.907741,10.783180,0.300381,1,11.853197,15.092259,10.783180,-0.300381,1,7.436543,1.727383,0.971514,0.287204,1,0.019160,0.050745,0.080000,-0.394809,1,0.135037,0.271568,0.080000,-1.706638,1,0.054688,0.074219,0.120000,-0.162760,1,10.611997,2.430259,0.120000,-0.568949
1255888097,RESONANCE_0P1,0.650000,0.416075,0.270449,0.700000,1,LF主峰 0.055 Hz | 主峰/背景 10.61× | 0.075–0.11 Hz占LF+HF 13.5% | 近期主峰频率跨度 0.012 Hz,NO_MATCH: SCORE_BELOW_THRESHOLD 0.27 < 0.70,1,76.094332,74.021222,4.530723,0.457567,1,25.585282,3.420514,0.120000,-1.487469,1,5730.764766,8.159927,0.864857,0.570819,1,3944.290445,7.022695,0.506179,2.483963,1,1490.734442,7.564347,0.399962,-0.643367,1,200.460689,5.610026,0.336457,-0.919604,1,88.146803,84.907741,10.783180,0.300381,1,11.853197,15.092259,10.783180,-0.300381,1,7.436543,1.727383,0.971514,0.287204,1,0.019160,0.050745,0.080000,-0.394809,1,0.135037,0.271568,0.080000,-1.706638,1,0.054688,0.074219,0.120000,-0.162760,1,10.611997,2.430259,0.120000,-0.568949
1255888097,PHASED_VIPASSANA,0.650000,0.000000,0.000000,0.700000,1,,NO_MATCH: SCORE_BELOW_THRESHOLD 0.00 < 0.70,1,76.094332,74.021222,4.530723,0.457567,1,25.585282,3.420514,0.120000,-1.487469,1,5730.764766,8.159927,0.864857,0.570819,1,3944.290445,7.022695,0.506179,2.483963,1,1490.734442,7.564347,0.399962,-0.643367,1,200.460689,5.610026,0.336457,-0.919604,1,88.146803,84.907741,10.783180,0.300381,1,11.853197,15.092259,10.783180,-0.300381,1,7.436543,1.727383,0.971514,0.287204,1,0.019160,0.050745,0.080000,-0.394809,1,0.135037,0.271568,0.080000,-1.706638,1,0.054688,0.074219,0.120000,-0.162760,1,10.611997,2.430259,0.120000,-0.568949
1255888097,INWARD_QUIET,0.650000,0.000000,0.000000,0.700000,1,HF z*=-0.92 | RMSSD z*=-1.49 | HR z*=+0.46 | LF/HF z*=+0.29,NO_MATCH: SCORE_BELOW_THRESHOLD 0.00 < 0.70,1,76.094332,74.021222,4.530723,0.457567,1,25.585282,3.420514,0.120000,-1.487469,1,5730.764766,8.159927,0.864857,0.570819,1,3944.290445,7.022695,0.506179,2.483963,1,1490.734442,7.564347,0.399962,-0.643367,1,200.460689,5.610026,0.336457,-0.919604,1,88.146803,84.907741,10.783180,0.300381,1,11.853197,15.092259,10.783180,-0.300381,1,7.436543,1.727383,0.971514,0.287204,1,0.019160,0.050745,0.080000,-0.394809,1,0.135037,0.271568,0.080000,-1.706638,1,0.054688,0.074219,0.120000,-0.162760,1,10.611997,2.430259,0.120000,-0.568949
1276334445,RESONANCE_0P1,0.000000,0.000000,0.000000,0.700000,1,,NO_MATCH: QUALITY_CEILING 0.00 < 0.70,1,77.238268,74.021222,4.530723,0.710052,0,0.000000,3.420514,0.120000,0.000000,1,7353.389577,8.159927,0.864857,0.859090,1,5406.798416,7.022695,0.506179,3.107040,1,1551.919054,7.564347,0.399962,-0.542799,1,246.481225,5.610026,0.336457,-0.305358,1,86.294418,84.907741,10.783180,0.128596,1,13.705582,15.092259,10.783180,-0.128596,1,6.296297,1.727383,0.971514,0.115879,1,0.017758,0.050745,0.080000,-0.412341,1,0.157351,0.271568,0.080000,-1.427709,1,0.054688,0.074219,0.120000,-0.162760,1,11.384224,2.430259,0.120000,0.016412
1276334445,PHASED_VIPASSANA,0.000000,0.000000,0.000000,0.700000,1,,NO_MATCH: QUALITY_CEILING 0.00 < 0.70,1,77.238268,74.021222,4.530723,0.710052,0,0.000000,3.420514,0.120000,0.000000,1,7353.389577,8.159927,0.864857,0.859090,1,5406.798416,7.022695,0.506179,3.107040,1,1551.919054,7.564347,0.399962,-0.542799,1,246.481225,5.610026,0.336457,-0.305358,1,86.294418,84.907741,10.783180,0.128596,1,13.705582,15.092259,10.783180,-0.128596,1,6.296297,1.727383,0.971514,0.115879,1,0.017758,0.050745,0.080000,-0.412341,1,0.157351,0.271568,0.080000,-1.427709,1,0.054688,0.074219,0.120000,-0.162760,1,11.384224,2.430259,0.120000,0.016412
1276334445,AROUSAL_MEDITATION,0.000000,0.000000,0.000000,0.700000,1,,NO_MATCH: QUALITY_CEILING 0.00 < 0.70,1,77.238268,74.021222,4.530723,0.710052,0,0.000000,3.420514,0.120000,0.000000,1,7353.389577,8.159927,0.864857,0.859090,1,5406.798416,7.022695,0.506179,3.107040,1,1551.919054,7.564347,0.399962,-0.542799,1,246.481225,5.610026,0.336457,-0.305358,1,86.294418,84.907741,10.783180,0.128596,1,13.705582,15.092259,10.783180,-0.128596,1,6.296297,1.727383,0.971514,0.115879,1,0.017758,0.050745,0.080000,-0.412341,1,0.157351,0.271568,0.080000,-1.427709,1,0.054688,0.074219,0.120000,-0.162760,1,11.384224,2.430259,0.120000,0.016412
1276334445,TRAINED_VIPASSANA_SHIFT,0.000000,0.000000,0.000000,0.700000,1,,NO_MATCH: QUALITY_CEILING 0.00 < 0.70,1,77.238268,74.021222,4.530723,0.710052,0,0.000000,3.420514,0.120000,0.000000,1,7353.389577,8.159927,0.864857,0.859090,1,5406.798416,7.022695,0.506179,3.107040,1,1551.919054,7.564347,0.399962,-0.542799,1,246.481225,5.610026,0.336457,-0.305358,1,86.294418,84.907741,10.783180,0.128596,1,13.705582,15.092259,10.783180,-0.128596,1,6.296297,1.727383,0.971514,0.115879,1,0.017758,0.050745,0.080000,-0.412341,1,0.157351,0.271568,0.080000,-1.427709,1,0.054688,0.074219,0.120000,-0.162760,1,11.384224,2.430259,0.120000,0.016412
1276334445,SLOW_RECOVERY_VLF,0.000000,0.000000,0.000000,0.700000,1,,NO_MATCH: QUALITY_CEILING 0.00 < 0.70,1,77.238268,74.021222,4.530723,0.710052,0,0.000000,3.420514,0.120000,0.000000,1,7353.389577,8.159927,0.864857,0.859090,1,5406.798416,7.022695,0.506179,3.107040,1,1551.919054,7.564347,0.399962,-0.542799,1,246.481225,5.610026,0.336457,-0.305358,1,86.294418,84.907741,10.783180,0.128596,1,13.705582,15.092259,10.783180,-0.128596,1,6.296297,1.727383,0.971514,0.115879,1,0.017758,0.050745,0.080000,-0.412341,1,0.157351,0.271568,0.080000,-1.427709,1,0.054688,0.074219,0.120000,-0.162760,1,11.384224,2.430259,0.120000,0.016412
1276334445,INWARD_QUIET,0.000000,0.000000,0.000000,0.700000,1,,NO_MATCH: QUALITY_CEILING 0.00 < 0.70,1,77.238268,74.021222,4.530723,0.710052,0,0.000000,3.420514,0.120000,0.000000,1,7353.389577,8.159927,0.864857,0.859090,1,5406.798416,7.022695,0.506179,3.107040,1,1551.919054,7.564347,0.399962,-0.542799,1,246.481225,5.610026,0.336457,-0.305358,1,86.294418,84.907741,10.783180,0.128596,1,13.705582,15.092259,10.783180,-0.128596,1,6.296297,1.727383,0.971514,0.115879,1,0.017758,0.050745,0.080000,-0.412341,1,0.157351,0.271568,0.080000,-1.427709,1,0.054688,0.074219,0.120000,-0.162760,1,11.384224,2.430259,0.120000,0.016412
1296896631,RESONANCE_0P1,0.000000,0.000000,0.000000,0.700000,1,,NO_MATCH: QUALITY_CEILING 0.00 < 0.70,1,81.630654,72.815446,4.720662,1.867367,0,0.000000,3.383236,0.120000,0.000000,1,8285.009307,8.237877,0.547997,1.431262,1,6199.987946,7.417064,0.837780,1.569911,1,1567.744677,7.395101,0.450905,-0.083626,1,313.360701,5.488480,0.309088,0.837544,1,83.341672,86.663691,5.391590,-0.616148,1,16.658328,13.336309,5.391590,0.616148,1,5.003003,1.880083,0.548414,-0.492411,1,0.017371,0.041025,0.080000,-0.295676,1,0.204692,0.207287,0.103851,-0.024990,1,0.054688,0.072266,0.120000,-0.146484,1,11.710828,2.269123,0.274595,0.696994
1296896631,PHASED_VIPASSANA,0.000000,0.000000,0.000000,0.700000,1,,NO_MATCH: QUALITY_CEILING 0.00 < 0.70,1,81.630654,72.815446,4.720662,1.867367,0,0.000000,3.383236,0.120000,0.000000,1,8285.009307,8.237877,0.547997,1.431262,1,6199.987946,7.417064,0.837780,1.569911,1,1567.744677,7.395101,0.450905,-0.083626,1,313.360701,5.488480,0.309088,0.837544,1,83.341672,86.663691,5.391590,-0.616148,1,16.658328,13.336309,5.391590,0.616148,1,5.003003,1.880083,0.548414,-0.492411,1,0.017371,0.041025,0.080000,-0.295676,1,0.204692,0.207287,0.103851,-0.024990,1,0.054688,0.072266,0.120000,-0.146484,1,11.710828,2.269123,0.274595,0.696994
1296896631,AROUSAL_MEDITATION,0.000000,0.000000,0.000000,0.700000,1,,NO_MATCH: QUALITY_CEILING 0.00 < 0.70,1,81.630654,72.815446,4.720662,1.867367,0,0.000000,3.383236,0.120000,0.000000,1,8285.009307,8.237877,0.547997,1.431262,1,6199.987946,7.417064,0.837780,1.569911,1,1567.744677,7.395101,0.450905,-0.083626,1,313.360701,5.488480,0.309088,0.837544,1,83.341672,86.663691,5.391590,-0.616148,1,16.658328,13.336309,5.391590,0.616148,1,5.003003,1.880083,0.548414,-0.492411,1,0.017371,0.041025,0.080000,-0.295676,1,0.204692,0.207287,0.103851,-0.024990,1,0.054688,0.072266,0.120000,-0.146484,1,11.710828,2.269123,0.274595,0.696994
1296896631,TRAINED_VIPASSANA_SHIFT,0.000000,0.000000,0.000000,0.700000,1,,NO_MATCH: QUALITY_CEILING 0.00 < 0.70,1,81.630654,72.815446,4.720662,1.867367,0,0.000000,3.383236,0.120000,0.000000,1,8285.009307,8.237877,0.547997,1.431262,1,6199.987946,7.417064,0.837780,1.569911,1,1567.744677,7.395101,0.450905,-0.083626,1,313.360701,5.488480,0.309088,0.837544,1,83.341672,86.663691,5.391590,-0.616148,1,16.658328,13.336309,5.391590,0.616148,1,5.003003,1.880083,0.548414,-0.492411,1,0.017371,0.041025,0.080000,-0.295676,1,0.204692,0.207287,0.103851,-0.024990,1,0.054688,0.072266,0.120000,-0.146484,1,11.710828,2.269123,0.274595,0.696994
1296896631,SLOW_RECOVERY_VLF,0.000000,0.000000,0.000000,0.700000,1,,NO_MATCH: QUALITY_CEILING 0.00 < 0.70,1,81.630654,72.815446,4.720662,1.867367,0,0.000000,3.383236,0.120000,0.000000,1,8285.009307,8.237877,0.547997,1.431262,1,6199.987946,7.417064,0.837780,1.569911,1,1567.744677,7.395101,0.450905,-0.083626,1,313.360701,5.488480,0.309088,0.837544,1,83.341672,86.663691,5.391590,-0.616148,1,16.658328,13.336309,5.391590,0.616148,1,5.003003,1.880083,0.548414,-0.492411,1,0.017371,0.041025,0.080000,-0.295676,1,0.204692,0.207287,0.103851,-0.024990,1,0.054688,0.072266,0.120000,-0.146484,1,11.710828,2.269123,0.274595,0.696994
1296896631,INWARD_QUIET,0.000000,0.000000,0.000000,0.700000,1,,NO_MATCH: QUALITY_CEILING 0.00 < 0.70,1,81.630654,72.815446,4.720662,1.867367,0,0.000000,3.383236,0.120000,0.000000,1,8285.009307,8.237877,0.547997,1.431262,1,6199.987946,7.417064,0.837780,1.569911,1,1567.744677,7.395101,0.450905,-0.083626,1,313.360701,5.488480,0.309088,0.837544,1,83.341672,86.663691,5.391590,-0.616148,1,16.658328,13.336309,5.391590,0.616148,1,5.003003,1.880083,0.548414,-0.492411,1,0.017371,0.041025,0.080000,-0.295676,1,0.204692,0.207287,0.103851,-0.024990,1,0.054688,0.072266,0.120000,-0.146484,1,11.710828,2.269123,0.274595,0.696994
1317340205,RESONANCE_0P1,0.000000,0.000000,0.000000,0.700000,1,,NO_MATCH: QUALITY_CEILING 0.00 < 0.70,1,75.903729,72.815446,4.720662,0.654206,0,0.000000,3.383236,0.120000,0.000000,1,8245.746086,8.237877,0.547997,1.422593,1,6053.048594,7.417064,0.837780,1.541281,1,1581.293884,7.395101,0.450905,-0.064542,1,382.629372,5.488480,0.309088,1.483676,1,80.517091,86.663691,5.391590,-1.140035,1,19.482909,13.336309,5.391590,1.140035,1,4.132704,1.880083,0.548414,-0.840883,1,0.017826,0.041025,0.080000,-0.289989,1,0.258363,0.207287,0.103851,0.491816,1,0.054688,0.072266,0.120000,-0.146484,1,8.126664,2.269123,0.274595,-0.633558
1317340205,PHASED_VIPASSANA,0.000000,0.000000,0.000000,0.700000,1,,NO_MATCH: QUALITY_CEILING 0.00 < 0.70,1,75.903729,72.815446,4.720662,0.654206,0,0.000000,3.383236,0.120000,0.000000,1,8245.746086,8.237877,0.547997,1.422593,1,6053.048594,7.417064,0.837780,1.541281,1,1581.293884,7.395101,0.450905,-0.064542,1,382.629372,5.488480,0.309088,1.483676,1,80.517091,86.663691,5.391590,-1.140035,1,19.482909,13.336309,5.391590,1.140035,1,4.132704,1.880083,0.548414,-0.840883,1,0.017826,0.041025,0.080000,-0.289989,1,0.258363,0.207287,0.103851,0.491816,1,0.054688,0.072266,0.120000,-0.146484,1,8.126664,2.269123,0.274595,-0.633558
1317340205,AROUSAL_MEDITATION,0.000000,0.000000,0.000000,0.700000,1,,NO_MATCH: QUALITY_CEILING 0.00 < 0.70,1,75.903729,72.815446,4.720662,0.654206,0,0.000000,3.383236,0.120000,0.000000,1,8245.746086,8.237877,0.547997,1.422593,1,6053.048594,7.417064,0.837780,1.541281,1,1581.293884,7.395101,0.450905,-0.064542,1,382.629372,5.488480,0.309088,1.483676,1,80.517091,86.663691,5.391590,-1.140035,1,19.482909,13.336309,5.391590,1.140035,1,4.132704,1.880083,0.548414,-0.840883,1,0.017826,0.041025,0.080000,-0.289989,1,0.258363,0.207287,0.103851,0.491816,1,0.054688,0.072266,0.120000,-0.146484,1,8.126664,2.269123,0.274595,-0.633558
1317340205,TRAINED_VIPASSANA_SHIFT,0.000000,0.000000,0.000000,0.700000,1,,NO_MATCH: QUALITY_CEILING 0.00 < 0.70,1,75.903729,72.815446,4.720662,0.654206,0,0.000000,3.383236,0.120000,0.000000,1,8245.746086,8.237877,0.547997,1.422593,1,6053.048594,7.417064,0.837780,1.541281,1,1581.293884,7.395101,0.450905,-0.064542,1,382.629372,5.488480,0.309088,1.483676,1,80.517091,86.663691,5.391590,-1.140035,1,19.482909,13.336309,5.391590,1.140035,1,4.132704,1.880083,0.548414,-0.840883,1,0.017826,0.041025,0.080000,-0.289989,1,0.258363,0.207287,0.103851,0.491816,1,0.054688,0.072266,0.120000,-0.146484,1,8.126664,2.269123,0.274595,-0.633558
1317340205,SLOW_RECOVERY_VLF,0.000000,0.000000,0.000000,0.700000,1,,NO_MATCH: QUALITY_CEILING 0.00 < 0.70,1,75.903729,72.815446,4.720662,0.654206,0,0.000000,3.383236,0.120000,0.000000,1,8245.746086,8.237877,0.547997,1.422593,1,6053.048594,7.417064,0.837780,1.541281,1,1581.293884,7.395101,0.450905,-0.064542,1,382.629372,5.488480,0.309088,1.483676,1,80.517091,86.663691,5.391590,-1.140035,1,19.482909,13.336309,5.391590,1.140035,1,4.132704,1.880083,0.548414,-0.840883,1,0.017826,0.041025,0.080000,-0.289989,1,0.258363,0.207287,0.103851,0.491816,1,0.054688,0.072266,0.120000,-0.146484,1,8.126664,2.269123,0.274595,-0.633558
1317340205,INWARD_QUIET,0.000000,0.000000,0.000000,0.700000,1,,NO_MATCH: QUALITY_CEILING 0.00 < 0.70,1,75.903729,72.815446,4.720662,0.654206,0,0.000000,3.383236,0.120000,0.000000,1,8245.746086,8.237877,0.547997,1.422593,1,6053.048594,7.417064,0.837780,1.541281,1,1581.293884,7.395101,0.450905,-0.064542,1,382.629372,5.488480,0.309088,1.483676,1,80.517091,86.663691,5.391590,-1.140035,1,19.482909,13.336309,5.391590,1.140035,1,4.132704,1.880083,0.548414,-0.840883,1,0.017826,0.041025,0.080000,-0.289989,1,0.258363,0.207287,0.103851,0.491816,1,0.054688,0.072266,0.120000,-0.146484,1,8.126664,2.269123,0.274595,-0.633558
1337440643,RESONANCE_0P1,0.000000,0.000000,0.000000,0.700000,1,,NO_MATCH: QUALITY_CEILING 0.00 < 0.70,1,83.537187,72.815446,4.720662,2.271237,0,0.000000,3.383236,0.120000,0.000000,1,7263.854636,8.237877,0.547997,1.191229,1,5025.821225,7.417064,0.837780,1.319298,1,1602.175434,7.395101,0.450905,-0.035447,1,421.907945,5.488480,0.309088,1.799833,1,79.155604,86.663691,5.391590,-1.392555,1,20.844396,13.336309,5.391590,1.392555,1,3.797453,1.880083,0.548414,-0.995149,1,0.019232,0.041025,0.080000,-0.272407,1,0.292366,0.207287,0.103851,0.819239,1,0.054688,0.072266,0.120000,-0.146484,1,6.248835,2.269123,0.274595,-1.590440
1337440643,PHASED_VIPASSANA,0.000000,0.000000,0.000000,0.700000,1,,NO_MATCH: QUALITY_CEILING 0.00 < 0.70,1,83.537187,72.815446,4.720662,2.271237,0,0.000000,3.383236,0.120000,0.000000,1,7263.854636,8.237877,0.547997,1.191229,1,5025.821225,7.417064,0.837780,1.319298,1,1602.175434,7.395101,0.450905,-0.035447,1,421.907945,5.488480,0.309088,1.799833,1,79.155604,86.663691,5.391590,-1.392555,1,20.844396,13.336309,5.391590,1.392555,1,3.797453,1.880083,0.548414,-0.995149,1,0.019232,0.041025,0.080000,-0.272407,1,0.292366,0.207287,0.103851,0.819239,1,0.054688,0.072266,0.120000,-0.146484,1,6.248835,2.269123,0.274595,-1.590440
1337440643,AROUSAL_MEDITATION,0.000000,0.000000,0.000000,0.700000,1,,NO_MATCH: QUALITY_CEILING 0.00 < 0.70,1,83.537187,72.815446,4.720662,2.271237,0,0.000000,3.383236,0.120000,0.000000,1,7263.854636,8.237877,0.547997,1.191229,1,5025.821225,7.417064,0.837780,1.319298,1,1602.175434,7.395101,0.450905,-0.035447,1,421.907945,5.488480,0.309088,1.799833,1,79.155604,86.663691,5.391590,-1.392555,1,20.844396,13.336309,5.391590,1.392555,1,3.797453,1.880083,0.548414,-0.995149,1,0.019232,0.041025,0.080000,-0.272407,1,0.292366,0.207287,0.103851,0.819239,1,0.054688,0.072266,0.120000,-0.146484,1,6.248835,2.269123,0.274595,-1.590440
1337440643,TRAINED_VIPASSANA_SHIFT,0.000000,0.000000,0.000000,0.700000,1,,NO_MATCH: QUALITY_CEILING 0.00 < 0.70,1,83.537187,72.815446,4.720662,2.271237,0,0.000000,3.383236,0.120000,0.000000,1,7263.854636,8.237877,0.547997,1.191229,1,5025.821225,7.417064,0.837780,1.319298,1,1602.175434,7.395101,0.450905,-0.035447,1,421.907945,5.488480,0.309088,1.799833,1,79.155604,86.663691,5.391590,-1.392555,1,20.844396,13.336309,5.391590,1.392555,1,3.797453,1.880083,0.548414,-0.995149,1,0.019232,0.041025,0.080000,-0.272407,1,0.292366,0.207287,0.103851,0.819239,1,0.054688,0.072266,0.120000,-0.146484,1,6.248835,2.269123,0.274595,-1.590440
1337440643,SLOW_RECOVERY_VLF,0.000000,0.000000,0.000000,0.700000,1,,NO_MATCH: QUALITY_CEILING 0.00 < 0.70,1,83.537187,72.815446,4.720662,2.271237,0,0.000000,3.383236,0.120000,0.000000,1,7263.854636,8.237877,0.547997,1.191229,1,5025.821225,7.417064,0.837780,1.319298,1,1602.175434,7.395101,0.450905,-0.035447,1,421.907945,5.488480,0.309088,1.799833,1,79.155604,86.663691,5.391590,-1.392555,1,20.844396,13.336309,5.391590,1.392555,1,3.797453,1.880083,0.548414,-0.995149,1,0.019232,0.041025,0.080000,-0.272407,1,0.292366,0.207287,0.103851,0.819239,1,0.054688,0.072266,0.120000,-0.146484,1,6.248835,2.269123,0.274595,-1.590440
1337440643,INWARD_QUIET,0.000000,0.000000,0.000000,0.700000,1,,NO_MATCH: QUALITY_CEILING 0.00 < 0.70,1,83.537187,72.815446,4.720662,2.271237,0,0.000000,3.383236,0.120000,0.000000,1,7263.854636,8.237877,0.547997,1.191229,1,5025.821225,7.417064,0.837780,1.319298,1,1602.175434,7.395101,0.450905,-0.035447,1,421.907945,5.488480,0.309088,1.799833,1,79.155604,86.663691,5.391590,-1.392555,1,20.844396,13.336309,5.391590,1.392555,1,3.797453,1.880083,0.548414,-0.995149,1,0.019232,0.041025,0.080000,-0.272407,1,0.292366,0.207287,0.103851,0.819239,1,0.054688,0.072266,0.120000,-0.146484,1,6.248835,2.269123,0.274595,-1.590440
1358020490,RESONANCE_0P1,0.000000,0.000000,0.000000,0.700000,1,,NO_MATCH: QUALITY_CEILING 0.00 < 0.70,1,77.356172,72.815446,4.720662,0.961884,0,0.000000,3.383236,0.120000,0.000000,1,5732.834554,8.237877,0.547997,0.759291,1,3552.424875,7.417064,0.837780,0.905157,1,1590.533855,7.395101,0.450905,-0.051620,1,413.591627,5.488480,0.309088,1.735424,1,79.362987,86.663691,5.391590,-1.354091,1,20.637013,13.336309,5.391590,1.354091,1,3.845663,1.880083,0.548414,-0.972145,1,0.028498,0.041025,0.080000,-0.156590,1,0.301166,0.207287,0.103851,0.903972,1,0.058594,0.072266,0.120000,-0.113932,1,5.452165,2.269123,0.274595,-2.087106
1358020490,PHASED_VIPASSANA,0.000000,0.000000,0.000000,0.700000,1,,NO_MATCH: QUALITY_CEILING 0.00 < 0.70,1,77.356172,72.815446,4.720662,0.961884,0,0.000000,3.383236,0.120000,0.000000,1,5732.834554,8.237877,0.547997,0.759291,1,3552.424875,7.417064,0.837780,0.905157,1,1590.533855,7.395101,0.450905,-0.051620,1,413.591627,5.488480,0.309088,1.735424,1,79.362987,86.663691,5.391590,-1.354091,1,20.637013,13.336309,5.391590,1.354091,1,3.845663,1.880083,0.548414,-0.972145,1,0.028498,0.041025,0.080000,-0.156590,1,0.301166,0.207287,0.103851,0.903972,1,0.058594,0.072266,0.120000,-0.113932,1,5.452165,2.269123,0.274595,-2.087106
1358020490,AROUSAL_MEDITATION,0.000000,0.000000,0.000000,0.700000,1,,NO_MATCH: QUALITY_CEILING 0.00 < 0.70,1,77.356172,72.815446,4.720662,0.961884,0,0.000000,3.383236,0.120000,0.000000,1,5732.834554,8.237877,0.547997,0.759291,1,3552.424875,7.417064,0.837780,0.905157,1,1590.533855,7.395101,0.450905,-0.051620,1,413.591627,5.488480,0.309088,1.735424,1,79.362987,86.663691,5.391590,-1.354091,1,20.637013,13.336309,5.391590,1.354091,1,3.845663,1.880083,0.548414,-0.972145,1,0.028498,0.041025,0.080000,-0.156590,1,0.301166,0.207287,0.103851,0.903972,1,0.058594,0.072266,0.120000,-0.113932,1,5.452165,2.269123,0.274595,-2.087106
1358020490,TRAINED_VIPASSANA_SHIFT,0.000000,0.000000,0.000000,0.700000,1,,NO_MATCH: QUALITY_CEILING 0.00 < 0.70,1,77.356172,72.815446,4.720662,0.961884,0,0.000000,3.383236,0.120000,0.000000,1,5732.834554,8.237877,0.547997,0.759291,1,3552.424875,7.417064,0.837780,0.905157,1,1590.533855,7.395101,0.450905,-0.051620,1,413.591627,5.488480,0.309088,1.735424,1,79.362987,86.663691,5.391590,-1.354091,1,20.637013,13.336309,5.391590,1.354091,1,3.845663,1.880083,0.548414,-0.972145,1,0.028498,0.041025,0.080000,-0.156590,1,0.301166,0.207287,0.103851,0.903972,1,0.058594,0.072266,0.120000,-0.113932,1,5.452165,2.269123,0.274595,-2.087106
1358020490,SLOW_RECOVERY_VLF,0.000000,0.000000,0.000000,0.700000,1,,NO_MATCH: QUALITY_CEILING 0.00 < 0.70,1,77.356172,72.815446,4.720662,0.961884,0,0.000000,3.383236,0.120000,0.000000,1,5732.834554,8.237877,0.547997,0.759291,1,3552.424875,7.417064,0.837780,0.905157,1,1590.533855,7.395101,0.450905,-0.051620,1,413.591627,5.488480,0.309088,1.735424,1,79.362987,86.663691,5.391590,-1.354091,1,20.637013,13.336309,5.391590,1.354091,1,3.845663,1.880083,0.548414,-0.972145,1,0.028498,0.041025,0.080000,-0.156590,1,0.301166,0.207287,0.103851,0.903972,1,0.058594,0.072266,0.120000,-0.113932,1,5.452165,2.269123,0.274595,-2.087106
1358020490,INWARD_QUIET,0.000000,0.000000,0.000000,0.700000,1,,NO_MATCH: QUALITY_CEILING 0.00 < 0.70,1,77.356172,72.815446,4.720662,0.961884,0,0.000000,3.383236,0.120000,0.000000,1,5732.834554,8.237877,0.547997,0.759291,1,3552.424875,7.417064,0.837780,0.905157,1,1590.533855,7.395101,0.450905,-0.051620,1,413.591627,5.488480,0.309088,1.735424,1,79.362987,86.663691,5.391590,-1.354091,1,20.637013,13.336309,5.391590,1.354091,1,3.845663,1.880083,0.548414,-0.972145,1,0.028498,0.041025,0.080000,-0.156590,1,0.301166,0.207287,0.103851,0.903972,1,0.058594,0.072266,0.120000,-0.113932,1,5.452165,2.269123,0.274595,-2.087106
1378040043,RESONANCE_0P1,0.000000,0.000000,0.000000,0.700000,1,,NO_MATCH: QUALITY_CEILING 0.00 < 0.70,1,79.653560,72.815446,4.720662,1.448550,0,0.000000,3.383236,0.120000,0.000000,1,4308.045998,8.237877,0.547997,0.237890,1,2288.020295,7.417064,0.837780,0.380027,1,1519.389290,7.395101,0.450905,-0.153108,1,361.618254,5.488480,0.309088,1.300952,1,80.775290,86.663691,5.391590,-1.092146,1,19.224710,13.336309,5.391590,1.092146,1,4.201639,1.880083,0.548414,-0.810718,1,0.036876,0.041025,0.080000,-0.051858,1,0.286901,0.207287,0.103851,0.766619,1,0.062500,0.072266,0.120000,-0.081380,1,5.896098,2.269123,0.274595,-1.802040
1378040043,PHASED_VIPASSANA,0.000000,0.000000,0.000000,0.700000,1,,NO_MATCH: QUALITY_CEILING 0.00 < 0.70,1,79.653560,72.815446,4.720662,1.448550,0,0.000000,3.383236,0.120000,0.000000,1,4308.045998,8.237877,0.547997,0.237890,1,2288.020295,7.417064,0.837780,0.380027,1,1519.389290,7.395101,0.450905,-0.153108,1,361.618254,5.488480,0.309088,1.300952,1,80.775290,86.663691,5.391590,-1.092146,1,19.224710,13.336309,5.391590,1.092146,1,4.201639,1.880083,0.548414,-0.810718,1,0.036876,0.041025,0.080000,-0.051858,1,0.286901,0.207287,0.103851,0.766619,1,0.062500,0.072266,0.120000,-0.081380,1,5.896098,2.269123,0.274595,-1.802040
1378040043,AROUSAL_MEDITATION,0.000000,0.000000,0.000000,0.700000,1,,NO_MATCH: QUALITY_CEILING 0.00 < 0.70,1,79.653560,72.815446,4.720662,1.448550,0,0.000000,3.383236,0.120000,0.000000,1,4308.045998,8.237877,0.547997,0.237890,1,2288.020295,7.417064,0.837780,0.380027,1,1519.389290,7.395101,0.450905,-0.153108,1,361.618254,5.488480,0.309088,1.300952,1,80.775290,86.663691,5.391590,-1.092146,1,19.224710,13.336309,5.391590,1.092146,1,4.201639,1.880083,0.548414,-0.810718,1,0.036876,0.041025,0.080000,-0.051858,1,0.286901,0.207287,0.103851,0.766619,1,0.062500,0.072266,0.120000,-0.081380,1,5.896098,2.269123,0.274595,-1.802040
1378040043,TRAINED_VIPASSANA_SHIFT,0.000000,0.000000,0.000000,0.700000,1,,NO_MATCH: QUALITY_CEILING 0.00 < 0.70,1,79.653560,72.815446,4.720662,1.448550,0,0.000000,3.383236,0.120000,0.000000,1,4308.045998,8.237877,0.547997,0.237890,1,2288.020295,7.417064,0.837780,0.380027,1,1519.389290,7.395101,0.450905,-0.153108,1,361.618254,5.488480,0.309088,1.300952,1,80.775290,86.663691,5.391590,-1.092146,1,19.224710,13.336309,5.391590,1.092146,1,4.201639,1.880083,0.548414,-0.810718,1,0.036876,0.041025,0.080000,-0.051858,1,0.286901,0.207287,0.103851,0.766619,1,0.062500,0.072266,0.120000,-0.081380,1,5.896098,2.269123,0.274595,-1.802040
1378040043,SLOW_RECOVERY_VLF,0.000000,0.000000,0.000000,0.700000,1,,NO_MATCH: QUALITY_CEILING 0.00 < 0.70,1,79.653560,72.815446,4.720662,1.448550,0,0.000000,3.383236,0.120000,0.000000,1,4308.045998,8.237877,0.547997,0.237890,1,2288.020295,7.417064,0.837780,0.380027,1,1519.389290,7.395101,0.450905,-0.153108,1,361.618254,5.488480,0.309088,1.300952,1,80.775290,86.663691,5.391590,-1.092146,1,19.224710,13.336309,5.391590,1.092146,1,4.201639,1.880083,0.548414,-0.810718,1,0.036876,0.041025,0.080000,-0.051858,1,0.286901,0.207287,0.103851,0.766619,1,0.062500,0.072266,0.120000,-0.081380,1,5.896098,2.269123,0.274595,-1.802040
1378040043,INWARD_QUIET,0.000000,0.000000,0.000000,0.700000,1,,NO_MATCH: QUALITY_CEILING 0.00 < 0.70,1,79.653560,72.815446,4.720662,1.448550,0,0.000000,3.383236,0.120000,0.000000,1,4308.045998,8.237877,0.547997,0.237890,1,2288.020295,7.417064,0.837780,0.380027,1,1519.389290,7.395101,0.450905,-0.153108,1,361.618254,5.488480,0.309088,1.300952,1,80.775290,86.663691,5.391590,-1.092146,1,19.224710,13.336309,5.391590,1.092146,1,4.201639,1.880083,0.548414,-0.810718,1,0.036876,0.041025,0.080000,-0.051858,1,0.286901,0.207287,0.103851,0.766619,1,0.062500,0.072266,0.120000,-0.081380,1,5.896098,2.269123,0.274595,-1.802040
1398160043,RESONANCE_0P1,0.000000,0.000000,0.000000,0.700000,1,,NO_MATCH: QUALITY_CEILING 0.00 < 0.70,1,88.396878,72.815446,4.720662,3.300688,1,26.691295,3.383236,0.120000,-0.824152,0,0.000000,8.237877,0.547997,0.000000,0,0.000000,7.417064,0.837780,0.000000,0,0.000000,7.395101,0.450905,0.000000,0,0.000000,5.488480,0.309088,0.000000,0,0.000000,86.663691,5.391590,0.000000,0,0.000000,13.336309,5.391590,0.000000,0,0.000000,1.880083,0.548414,0.000000,0,0.000000,0.041025,0.080000,0.000000,0,0.000000,0.207287,0.103851,0.000000,0,0.000000,0.072266,0.120000,0.000000,0,0.000000,2.269123,0.274595,0.000000
1398160043,PHASED_VIPASSANA,0.000000,0.000000,0.000000,0.700000,1,,NO_MATCH: QUALITY_CEILING 0.00 < 0.70,1,88.396878,72.815446,4.720662,3.300688,1,26.691295,3.383236,0.120000,-0.824152,0,0.000000,8.237877,0.547997,0.000000,0,0.000000,7.417064,0.837780,0.000000,0,0.000000,7.395101,0.450905,0.000000,0,0.000000,5.488480,0.309088,0.000000,0,0.000000,86.663691,5.391590,0.000000,0,0.000000,13.336309,5.391590,0.000000,0,0.000000,1.880083,0.548414,0.000000,0,0.000000,0.041025,0.080000,0.000000,0,0.000000,0.207287,0.103851,0.000000,0,0.000000,0.072266,0.120000,0.000000,0,0.000000,2.269123,0.274595,0.000000
1398160043,AROUSAL_MEDITATION,0.000000,0.000000,0.000000,0.700000,1,,NO_MATCH: QUALITY_CEILING 0.00 < 0.70,1,88.396878,72.815446,4.720662,3.300688,1,26.691295,3.383236,0.120000,-0.824152,0,0.000000,8.237877,0.547997,0.000000,0,0.000000,7.417064,0.837780,0.000000,0,0.000000,7.395101,0.450905,0.000000,0,0.000000,5.488480,0.309088,0.000000,0,0.000000,86.663691,5.391590,0.000000,0,0.000000,13.336309,5.391590,0.000000,0,0.000000,1.880083,0.548414,0.000000,0,0.000000,0.041025,0.080000,0.000000,0,0.000000,0.207287,0.103851,0.000000,0,0.000000,0.072266,0.120000,0.000000,0,0.000000,2.269123,0.274595,0.000000
1398160043,TRAINED_VIPASSANA_SHIFT,0.000000,0.000000,0.000000,0.700000,1,,NO_MATCH: QUALITY_CEILING 0.00 < 0.70,1,88.396878,72.815446,4.720662,3.300688,1,26.691295,3.383236,0.120000,-0.824152,0,0.000000,8.237877,0.547997,0.000000,0,0.000000,7.417064,0.837780,0.000000,0,0.000000,7.395101,0.450905,0.000000,0,0.000000,5.488480,0.309088,0.000000,0,0.000000,86.663691,5.391590,0.000000,0,0.000000,13.336309,5.391590,0.000000,0,0.000000,1.880083,0.548414,0.000000,0,0.000000,0.041025,0.080000,0.000000,0,0.000000,0.207287,0.103851,0.000000,0,0.000000,0.072266,0.120000,0.000000,0,0.000000,2.269123,0.274595,0.000000
1398160043,SLOW_RECOVERY_VLF,0.000000,0.000000,0.000000,0.700000,1,,NO_MATCH: QUALITY_CEILING 0.00 < 0.70,1,88.396878,72.815446,4.720662,3.300688,1,26.691295,3.383236,0.120000,-0.824152,0,0.000000,8.237877,0.547997,0.000000,0,0.000000,7.417064,0.837780,0.000000,0,0.000000,7.395101,0.450905,0.000000,0,0.000000,5.488480,0.309088,0.000000,0,0.000000,86.663691,5.391590,0.000000,0,0.000000,13.336309,5.391590,0.000000,0,0.000000,1.880083,0.548414,0.000000,0,0.000000,0.041025,0.080000,0.000000,0,0.000000,0.207287,0.103851,0.000000,0,0.000000,0.072266,0.120000,0.000000,0,0.000000,2.269123,0.274595,0.000000
1398160043,INWARD_QUIET,0.000000,0.000000,0.000000,0.700000,1,,NO_MATCH: QUALITY_CEILING 0.00 < 0.70,1,88.396878,72.815446,4.720662,3.300688,1,26.691295,3.383236,0.120000,-0.824152,0,0.000000,8.237877,0.547997,0.000000,0,0.000000,7.417064,0.837780,0.000000,0,0.000000,7.395101,0.450905,0.000000,0,0.000000,5.488480,0.309088,0.000000,0,0.000000,86.663691,5.391590,0.000000,0,0.000000,13.336309,5.391590,0.000000,0,0.000000,1.880083,0.548414,0.000000,0,0.000000,0.041025,0.080000,0.000000,0,0.000000,0.207287,0.103851,0.000000,0,0.000000,0.072266,0.120000,0.000000,0,0.000000,2.269123,0.274595,0.000000
1418221575,RESONANCE_0P1,0.000000,0.000000,0.000000,0.700000,1,,NO_MATCH: QUALITY_CEILING 0.00 < 0.70,1,71.294724,72.815446,4.720662,-0.322142,1,38.094167,3.383236,0.120000,2.140212,0,0.000000,8.237877,0.547997,0.000000,0,0.000000,7.417064,0.837780,0.000000,0,0.000000,7.395101,0.450905,0.000000,0,0.000000,5.488480,0.309088,0.000000,0,0.000000,86.663691,5.391590,0.000000,0,0.000000,13.336309,5.391590,0.000000,0,0.000000,1.880083,0.548414,0.000000,0,0.000000,0.041025,0.080000,0.000000,0,0.000000,0.207287,0.103851,0.000000,0,0.000000,0.072266,0.120000,0.000000,0,0.000000,2.269123,0.274595,0.000000
1418221575,PHASED_VIPASSANA,0.000000,0.000000,0.000000,0.700000,1,,NO_MATCH: QUALITY_CEILING 0.00 < 0.70,1,71.294724,72.815446,4.720662,-0.322142,1,38.094167,3.383236,0.120000,2.140212,0,0.000000,8.237877,0.547997,0.000000,0,0.000000,7.417064,0.837780,0.000000,0,0.000000,7.395101,0.450905,0.000000,0,0.000000,5.488480,0.309088,0.000000,0,0.000000,86.663691,5.391590,0.000000,0,0.000000,13.336309,5.391590,0.000000,0,0.000000,1.880083,0.548414,0.000000,0,0.000000,0.041025,0.080000,0.000000,0,0.000000,0.207287,0.103851,0.000000,0,0.000000,0.072266,0.120000,0.000000,0,0.000000,2.269123,0.274595,0.000000
1418221575,AROUSAL_MEDITATION,0.000000,0.000000,0.000000,0.700000,1,,NO_MATCH: QUALITY_CEILING 0.00 < 0.70,1,71.294724,72.815446,4.720662,-0.322142,1,38.094167,3.383236,0.120000,2.140212,0,0.000000,8.237877,0.547997,0.000000,0,0.000000,7.417064,0.837780,0.000000,0,0.000000,7.395101,0.450905,0.000000,0,0.000000,5.488480,0.309088,0.000000,0,0.000000,86.663691,5.391590,0.000000,0,0.000000,13.336309,5.391590,0.000000,0,0.000000,1.880083,0.548414,0.000000,0,0.000000,0.041025,0.080000,0.000000,0,0.000000,0.207287,0.103851,0.000000,0,0.000000,0.072266,0.120000,0.000000,0,0.000000,2.269123,0.274595,0.000000
1418221575,TRAINED_VIPASSANA_SHIFT,0.000000,0.000000,0.000000,0.700000,1,,NO_MATCH: QUALITY_CEILING 0.00 < 0.70,1,71.294724,72.815446,4.720662,-0.322142,1,38.094167,3.383236,0.120000,2.140212,0,0.000000,8.237877,0.547997,0.000000,0,0.000000,7.417064,0.837780,0.000000,0,0.000000,7.395101,0.450905,0.000000,0,0.000000,5.488480,0.309088,0.000000,0,0.000000,86.663691,5.391590,0.000000,0,0.000000,13.336309,5.391590,0.000000,0,0.000000,1.880083,0.548414,0.000000,0,0.000000,0.041025,0.080000,0.000000,0,0.000000,0.207287,0.103851,0.000000,0,0.000000,0.072266,0.120000,0.000000,0,0.000000,2.269123,0.274595,0.000000
1418221575,SLOW_RECOVERY_VLF,0.000000,0.000000,0.000000,0.700000,1,,NO_MATCH: QUALITY_CEILING 0.00 < 0.70,1,71.294724,72.815446,4.720662,-0.322142,1,38.094167,3.383236,0.120000,2.140212,0,0.000000,8.237877,0.547997,0.000000,0,0.000000,7.417064,0.837780,0.000000,0,0.000000,7.395101,0.450905,0.000000,0,0.000000,5.488480,0.309088,0.000000,0,0.000000,86.663691,5.391590,0.000000,0,0.000000,13.336309,5.391590,0.000000,0,0.000000,1.880083,0.548414,0.000000,0,0.000000,0.041025,0.080000,0.000000,0,0.000000,0.207287,0.103851,0.000000,0,0.000000,0.072266,0.120000,0.000000,0,0.000000,2.269123,0.274595,0.000000
1418221575,INWARD_QUIET,0.000000,0.000000,0.000000,0.700000,1,,NO_MATCH: QUALITY_CEILING 0.00 < 0.70,1,71.294724,72.815446,4.720662,-0.322142,1,38.094167,3.383236,0.120000,2.140212,0,0.000000,8.237877,0.547997,0.000000,0,0.000000,7.417064,0.837780,0.000000,0,0.000000,7.395101,0.450905,0.000000,0,0.000000,5.488480,0.309088,0.000000,0,0.000000,86.663691,5.391590,0.000000,0,0.000000,13.336309,5.391590,0.000000,0,0.000000,1.880083,0.548414,0.000000,0,0.000000,0.041025,0.080000,0.000000,0,0.000000,0.207287,0.103851,0.000000,0,0.000000,0.072266,0.120000,0.000000,0,0.000000,2.269123,0.274595,0.000000
1438508176,RESONANCE_0P1,0.000000,0.000000,0.000000,0.700000,1,,NO_MATCH: QUALITY_CEILING 0.00 < 0.70,1,68.768775,72.815446,4.720662,-0.857225,1,36.618002,3.383236,0.120000,1.810869,0,0.000000,8.237877,0.547997,0.000000,0,0.000000,7.417064,0.837780,0.000000,0,0.000000,7.395101,0.450905,0.000000,0,0.000000,5.488480,0.309088,0.000000,0,0.000000,86.663691,5.391590,0.000000,0,0.000000,13.336309,5.391590,0.000000,0,0.000000,1.880083,0.548414,0.000000,0,0.000000,0.041025,0.080000,0.000000,0,0.000000,0.207287,0.103851,0.000000,0,0.000000,0.072266,0.120000,0.000000,0,0.000000,2.269123,0.274595,0.000000
1438508176,PHASED_VIPASSANA,0.000000,0.000000,0.000000,0.700000,1,,NO_MATCH: QUALITY_CEILING 0.00 < 0.70,1,68.768775,72.815446,4.720662,-0.857225,1,36.618002,3.383236,0.120000,1.810869,0,0.000000,8.237877,0.547997,0.000000,0,0.000000,7.417064,0.837780,0.000000,0,0.000000,7.395101,0.450905,0.000000,0,0.000000,5.488480,0.309088,0.000000,0,0.000000,86.663691,5.391590,0.000000,0,0.000000,13.336309,5.391590,0.000000,0,0.000000,1.880083,0.548414,0.000000,0,0.000000,0.041025,0.080000,0.000000,0,0.000000,0.207287,0.103851,0.000000,0,0.000000,0.072266,0.120000,0.000000,0,0.000000,2.269123,0.274595,0.000000
1438508176,AROUSAL_MEDITATION,0.000000,0.000000,0.000000,0.700000,1,,NO_MATCH: QUALITY_CEILING 0.00 < 0.70,1,68.768775,72.815446,4.720662,-0.857225,1,36.618002,3.383236,0.120000,1.810869,0,0.000000,8.237877,0.547997,0.000000,0,0.000000,7.417064,0.837780,0.000000,0,0.000000,7.395101,0.450905,0.000000,0,0.000000,5.488480,0.309088,0.000000,0,0.000000,86.663691,5.391590,0.000000,0,0.000000,13.336309,5.391590,0.000000,0,0.000000,1.880083,0.548414,0.000000,0,0.000000,0.041025,0.080000,0.000000,0,0.000000,0.207287,0.103851,0.000000,0,0.000000,0.072266,0.120000,0.000000,0,0.000000,2.269123,0.274595,0.000000
1438508176,TRAINED_VIPASSANA_SHIFT,0.000000,0.000000,0.000000,0.700000,1,,NO_MATCH: QUALITY_CEILING 0.00 < 0.70,1,68.768775,72.815446,4.720662,-0.857225,1,36.618002,3.383236,0.120000,1.810869,0,0.000000,8.237877,0.547997,0.000000,0,0.000000,7.417064,0.837780,0.000000,0,0.000000,7.395101,0.450905,0.000000,0,0.000000,5.488480,0.309088,0.000000,0,0.000000,86.663691,5.391590,0.000000,0,0.000000,13.336309,5.391590,0.000000,0,0.000000,1.880083,0.548414,0.000000,0,0.000000,0.041025,0.080000,0.000000,0,0.000000,0.207287,0.103851,0.000000,0,0.000000,0.072266,0.120000,0.000000,0,0.000000,2.269123,0.274595,0.000000
1438508176,SLOW_RECOVERY_VLF,0.000000,0.000000,0.000000,0.700000,1,,NO_MATCH: QUALITY_CEILING 0.00 < 0.70,1,68.768775,72.815446,4.720662,-0.857225,1,36.618002,3.383236,0.120000,1.810869,0,0.000000,8.237877,0.547997,0.000000,0,0.000000,7.417064,0.837780,0.000000,0,0.000000,7.395101,0.450905,0.000000,0,0.000000,5.488480,0.309088,0.000000,0,0.000000,86.663691,5.391590,0.000000,0,0.000000,13.336309,5.391590,0.000000,0,0.000000,1.880083,0.548414,0.000000,0,0.000000,0.041025,0.080000,0.000000,0,0.000000,0.207287,0.103851,0.000000,0,0.000000,0.072266,0.120000,0.000000,0,0.000000,2.269123,0.274595,0.000000
1438508176,INWARD_QUIET,0.000000,0.000000,0.000000,0.700000,1,,NO_MATCH: QUALITY_CEILING 0.00 < 0.70,1,68.768775,72.815446,4.720662,-0.857225,1,36.618002,3.383236,0.120000,1.810869,0,0.000000,8.237877,0.547997,0.000000,0,0.000000,7.417064,0.837780,0.000000,0,0.000000,7.395101,0.450905,0.000000,0,0.000000,5.488480,0.309088,0.000000,0,0.000000,86.663691,5.391590,0.000000,0,0.000000,13.336309,5.391590,0.000000,0,0.000000,1.880083,0.548414,0.000000,0,0.000000,0.041025,0.080000,0.000000,0,0.000000,0.207287,0.103851,0.000000,0,0.000000,0.072266,0.120000,0.000000,0,0.000000,2.269123,0.274595,0.000000
1458626045,RESONANCE_0P1,0.000000,0.000000,0.000000,0.700000,1,,NO_MATCH: QUALITY_CEILING 0.00 < 0.70,1,81.186404,72.815446,4.720662,1.773260,0,0.000000,3.383236,0.120000,0.000000,0,0.000000,8.237877,0.547997,0.000000,0,0.000000,7.417064,0.837780,0.000000,0,0.000000,7.395101,0.450905,0.000000,0,0.000000,5.488480,0.309088,0.000000,0,0.000000,86.663691,5.391590,0.000000,0,0.000000,13.336309,5.391590,0.000000,0,0.000000,1.880083,0.548414,0.000000,0,0.000000,0.041025,0.080000,0.000000,0,0.000000,0.207287,0.103851,0.000000,0,0.000000,0.072266,0.120000,0.000000,0,0.000000,2.269123,0.274595,0.000000
1458626045,PHASED_VIPASSANA,0.000000,0.000000,0.000000,0.700000,1,,NO_MATCH: QUALITY_CEILING 0.00 < 0.70,1,81.186404,72.815446,4.720662,1.773260,0,0.000000,3.383236,0.120000,0.000000,0,0.000000,8.237877,0.547997,0.000000,0,0.000000,7.417064,0.837780,0.000000,0,0.000000,7.395101,0.450905,0.000000,0,0.000000,5.488480,0.309088,0.000000,0,0.000000,86.663691,5.391590,0.000000,0,0.000000,13.336309,5.391590,0.000000,0,0.000000,1.880083,0.548414,0.000000,0,0.000000,0.041025,0.080000,0.000000,0,0.000000,0.207287,0.103851,0.000000,0,0.000000,0.072266,0.120000,0.000000,0,0.000000,2.269123,0.274595,0.000000
1458626045,AROUSAL_MEDITATION,0.000000,0.000000,0.000000,0.700000,1,,NO_MATCH: QUALITY_CEILING 0.00 < 0.70,1,81.186404,72.815446,4.720662,1.773260,0,0.000000,3.383236,0.120000,0.000000,0,0.000000,8.237877,0.547997,0.000000,0,0.000000,7.417064,0.837780,0.000000,0,0.000000,7.395101,0.450905,0.000000,0,0.000000,5.488480,0.309088,0.000000,0,0.000000,86.663691,5.391590,0.000000,0,0.000000,13.336309,5.391590,0.000000,0,0.000000,1.880083,0.548414,0.000000,0,0.000000,0.041025,0.080000,0.000000,0,0.000000,0.207287,0.103851,0.000000,0,0.000000,0.072266,0.120000,0.000000,0,0.000000,2.269123,0.274595,0.000000
1458626045,TRAINED_VIPASSANA_SHIFT,0.000000,0.000000,0.000000,0.700000,1,,NO_MATCH: QUALITY_CEILING 0.00 < 0.70,1,81.186404,72.815446,4.720662,1.773260,0,0.000000,3.383236,0.120000,0.000000,0,0.000000,8.237877,0.547997,0.000000,0,0.000000,7.417064,0.837780,0.000000,0,0.000000,7.395101,0.450905,0.000000,0,0.000000,5.488480,0.309088,0.000000,0,0.000000,86.663691,5.391590,0.000000,0,0.000000,13.336309,5.391590,0.000000,0,0.000000,1.880083,0.548414,0.000000,0,0.000000,0.041025,0.080000,0.000000,0,0.000000,0.207287,0.103851,0.000000,0,0.000000,0.072266,0.120000,0.000000,0,0.000000,2.269123,0.274595,0.000000
1458626045,SLOW_RECOVERY_VLF,0.000000,0.000000,0.000000,0.700000,1,,NO_MATCH: QUALITY_CEILING 0.00 < 0.70,1,81.186404,72.815446,4.720662,1.773260,0,0.000000,3.383236,0.120000,0.000000,0,0.000000,8.237877,0.547997,0.000000,0,0.000000,7.417064,0.837780,0.000000,0,0.000000,7.395101,0.450905,0.000000,0,0.000000,5.488480,0.309088,0.000000,0,0.000000,86.663691,5.391590,0.000000,0,0.000000,13.336309,5.391590,0.000000,0,0.000000,1.880083,0.548414,0.000000,0,0.000000,0.041025,0.080000,0.000000,0,0.000000,0.207287,0.103851,0.000000,0,0.000000,0.072266,0.120000,0.000000,0,0.000000,2.269123,0.274595,0.000000
1458626045,INWARD_QUIET,0.000000,0.000000,0.000000,0.700000,1,,NO_MATCH: QUALITY_CEILING 0.00 < 0.70,1,81.186404,72.815446,4.720662,1.773260,0,0.000000,3.383236,0.120000,0.000000,0,0.000000,8.237877,0.547997,0.000000,0,0.000000,7.417064,0.837780,0.000000,0,0.000000,7.395101,0.450905,0.000000,0,0.000000,5.488480,0.309088,0.000000,0,0.000000,86.663691,5.391590,0.000000,0,0.000000,13.336309,5.391590,0.000000,0,0.000000,1.880083,0.548414,0.000000,0,0.000000,0.041025,0.080000,0.000000,0,0.000000,0.207287,0.103851,0.000000,0,0.000000,0.072266,0.120000,0.000000,0,0.000000,2.269123,0.274595,0.000000
1479354730,RESONANCE_0P1,0.000000,0.000000,0.000000,0.700000,1,,NO_MATCH: QUALITY_CEILING 0.00 < 0.70,1,64.116881,72.815446,4.720662,-1.842658,0,0.000000,3.383236,0.120000,0.000000,0,0.000000,8.237877,0.547997,0.000000,0,0.000000,7.417064,0.837780,0.000000,0,0.000000,7.395101,0.450905,0.000000,0,0.000000,5.488480,0.309088,0.000000,0,0.000000,86.663691,5.391590,0.000000,0,0.000000,13.336309,5.391590,0.000000,0,0.000000,1.880083,0.548414,0.000000,0,0.000000,0.041025,0.080000,0.000000,0,0.000000,0.207287,0.103851,0.000000,0,0.000000,0.072266,0.120000,0.000000,0,0.000000,2.269123,0.274595,0.000000
1479354730,PHASED_VIPASSANA,0.000000,0.000000,0.000000,0.700000,1,,NO_MATCH: QUALITY_CEILING 0.00 < 0.70,1,64.116881,72.815446,4.720662,-1.842658,0,0.000000,3.383236,0.120000,0.000000,0,0.000000,8.237877,0.547997,0.000000,0,0.000000,7.417064,0.837780,0.000000,0,0.000000,7.395101,0.450905,0.000000,0,0.000000,5.488480,0.309088,0.000000,0,0.000000,86.663691,5.391590,0.000000,0,0.000000,13.336309,5.391590,0.000000,0,0.000000,1.880083,0.548414,0.000000,0,0.000000,0.041025,0.080000,0.000000,0,0.000000,0.207287,0.103851,0.000000,0,0.000000,0.072266,0.120000,0.000000,0,0.000000,2.269123,0.274595,0.000000
1479354730,AROUSAL_MEDITATION,0.000000,0.000000,0.000000,0.700000,1,,NO_MATCH: QUALITY_CEILING 0.00 < 0.70,1,64.116881,72.815446,4.720662,-1.842658,0,0.000000,3.383236,0.120000,0.000000,0,0.000000,8.237877,0.547997,0.000000,0,0.000000,7.417064,0.837780,0.000000,0,0.000000,7.395101,0.450905,0.000000,0,0.000000,5.488480,0.309088,0.000000,0,0.000000,86.663691,5.391590,0.000000,0,0.000000,13.336309,5.391590,0.000000,0,0.000000,1.880083,0.548414,0.000000,0,0.000000,0.041025,0.080000,0.000000,0,0.000000,0.207287,0.103851,0.000000,0,0.000000,0.072266,0.120000,0.000000,0,0.000000,2.269123,0.274595,0.000000
1479354730,TRAINED_VIPASSANA_SHIFT,0.000000,0.000000,0.000000,0.700000,1,,NO_MATCH: QUALITY_CEILING 0.00 < 0.70,1,64.116881,72.815446,4.720662,-1.842658,0,0.000000,3.383236,0.120000,0.000000,0,0.000000,8.237877,0.547997,0.000000,0,0.000000,7.417064,0.837780,0.000000,0,0.000000,7.395101,0.450905,0.000000,0,0.000000,5.488480,0.309088,0.000000,0,0.000000,86.663691,5.391590,0.000000,0,0.000000,13.336309,5.391590,0.000000,0,0.000000,1.880083,0.548414,0.000000,0,0.000000,0.041025,0.080000,0.000000,0,0.000000,0.207287,0.103851,0.000000,0,0.000000,0.072266,0.120000,0.000000,0,0.000000,2.269123,0.274595,0.000000
1479354730,SLOW_RECOVERY_VLF,0.000000,0.000000,0.000000,0.700000,1,,NO_MATCH: QUALITY_CEILING 0.00 < 0.70,1,64.116881,72.815446,4.720662,-1.842658,0,0.000000,3.383236,0.120000,0.000000,0,0.000000,8.237877,0.547997,0.000000,0,0.000000,7.417064,0.837780,0.000000,0,0.000000,7.395101,0.450905,0.000000,0,0.000000,5.488480,0.309088,0.000000,0,0.000000,86.663691,5.391590,0.000000,0,0.000000,13.336309,5.391590,0.000000,0,0.000000,1.880083,0.548414,0.000000,0,0.000000,0.041025,0.080000,0.000000,0,0.000000,0.207287,0.103851,0.000000,0,0.000000,0.072266,0.120000,0.000000,0,0.000000,2.269123,0.274595,0.000000
1479354730,INWARD_QUIET,0.000000,0.000000,0.000000,0.700000,1,,NO_MATCH: QUALITY_CEILING 0.00 < 0.70,1,64.116881,72.815446,4.720662,-1.842658,0,0.000000,3.383236,0.120000,0.000000,0,0.000000,8.237877,0.547997,0.000000,0,0.000000,7.417064,0.837780,0.000000,0,0.000000,7.395101,0.450905,0.000000,0,0.000000,5.488480,0.309088,0.000000,0,0.000000,86.663691,5.391590,0.000000,0,0.000000,13.336309,5.391590,0.000000,0,0.000000,1.880083,0.548414,0.000000,0,0.000000,0.041025,0.080000,0.000000,0,0.000000,0.207287,0.103851,0.000000,0,0.000000,0.072266,0.120000,0.000000,0,0.000000,2.269123,0.274595,0.000000
1499799823,RESONANCE_0P1,0.000000,0.000000,0.000000,0.700000,1,,NO_MATCH: QUALITY_CEILING 0.00 < 0.70,1,70.884784,72.815446,4.720662,-0.408981,0,0.000000,3.383236,0.120000,0.000000,0,0.000000,8.237877,0.547997,0.000000,0,0.000000,7.417064,0.837780,0.000000,0,0.000000,7.395101,0.450905,0.000000,0,0.000000,5.488480,0.309088,0.000000,0,0.000000,86.663691,5.391590,0.000000,0,0.000000,13.336309,5.391590,0.000000,0,0.000000,1.880083,0.548414,0.000000,0,0.000000,0.041025,0.080000,0.000000,0,0.000000,0.207287,0.103851,0.000000,0,0.000000,0.072266,0.120000,0.000000,0,0.000000,2.269123,0.274595,0.000000
1499799823,PHASED_VIPASSANA,0.000000,0.000000,0.000000,0.700000,1,,NO_MATCH: QUALITY_CEILING 0.00 < 0.70,1,70.884784,72.815446,4.720662,-0.408981,0,0.000000,3.383236,0.120000,0.000000,0,0.000000,8.237877,0.547997,0.000000,0,0.000000,7.417064,0.837780,0.000000,0,0.000000,7.395101,0.450905,0.000000,0,0.000000,5.488480,0.309088,0.000000,0,0.000000,86.663691,5.391590,0.000000,0,0.000000,13.336309,5.391590,0.000000,0,0.000000,1.880083,0.548414,0.000000,0,0.000000,0.041025,0.080000,0.000000,0,0.000000,0.207287,0.103851,0.000000,0,0.000000,0.072266,0.120000,0.000000,0,0.000000,2.269123,0.274595,0.000000
1499799823,AROUSAL_MEDITATION,0.000000,0.000000,0.000000,0.700000,1,,NO_MATCH: QUALITY_CEILING 0.00 < 0.70,1,70.884784,72.815446,4.720662,-0.408981,0,0.000000,3.383236,0.120000,0.000000,0,0.000000,8.237877,0.547997,0.000000,0,0.000000,7.417064,0.837780,0.000000,0,0.000000,7.395101,0.450905,0.000000,0,0.000000,5.488480,0.309088,0.000000,0,0.000000,86.663691,5.391590,0.000000,0,0.000000,13.336309,5.391590,0.000000,0,0.000000,1.880083,0.548414,0.000000,0,0.000000,0.041025,0.080000,0.000000,0,0.000000,0.207287,0.103851,0.000000,0,0.000000,0.072266,0.120000,0.000000,0,0.000000,2.269123,0.274595,0.000000
1499799823,TRAINED_VIPASSANA_SHIFT,0.000000,0.000000,0.000000,0.700000,1,,NO_MATCH: QUALITY_CEILING 0.00 < 0.70,1,70.884784,72.815446,4.720662,-0.408981,0,0.000000,3.383236,0.120000,0.000000,0,0.000000,8.237877,0.547997,0.000000,0,0.000000,7.417064,0.837780,0.000000,0,0.000000,7.395101,0.450905,0.000000,0,0.000000,5.488480,0.309088,0.000000,0,0.000000,86.663691,5.391590,0.000000,0,0.000000,13.336309,5.391590,0.000000,0,0.000000,1.880083,0.548414,0.000000,0,0.000000,0.041025,0.080000,0.000000,0,0.000000,0.207287,0.103851,0.000000,0,0.000000,0.072266,0.120000,0.000000,0,0.000000,2.269123,0.274595,0.000000
1499799823,SLOW_RECOVERY_VLF,0.000000,0.000000,0.000000,0.700000,1,,NO_MATCH: QUALITY_CEILING 0.00 < 0.70,1,70.884784,72.815446,4.720662,-0.408981,0,0.000000,3.383236,0.120000,0.000000,0,0.000000,8.237877,0.547997,0.000000,0,0.000000,7.417064,0.837780,0.000000,0,0.000000,7.395101,0.450905,0.000000,0,0.000000,5.488480,0.309088,0.000000,0,0.000000,86.663691,5.391590,0.000000,0,0.000000,13.336309,5.391590,0.000000,0,0.000000,1.880083,0.548414,0.000000,0,0.000000,0.041025,0.080000,0.000000,0,0.000000,0.207287,0.103851,0.000000,0,0.000000,0.072266,0.120000,0.000000,0,0.000000,2.269123,0.274595,0.000000
1499799823,INWARD_QUIET,0.000000,0.000000,0.000000,0.700000,1,,NO_MATCH: QUALITY_CEILING 0.00 < 0.70,1,70.884784,72.815446,4.720662,-0.408981,0,0.000000,3.383236,0.120000,0.000000,0,0.000000,8.237877,0.547997,0.000000,0,0.000000,7.417064,0.837780,0.000000,0,0.000000,7.395101,0.450905,0.000000,0,0.000000,5.488480,0.309088,0.000000,0,0.000000,86.663691,5.391590,0.000000,0,0.000000,13.336309,5.391590,0.000000,0,0.000000,1.880083,0.548414,0.000000,0,0.000000,0.041025,0.080000,0.000000,0,0.000000,0.207287,0.103851,0.000000,0,0.000000,0.072266,0.120000,0.000000,0,0.000000,2.269123,0.274595,0.000000
1520028205,RESONANCE_0P1,0.000000,0.000000,0.000000,0.700000,1,,NO_MATCH: QUALITY_CEILING 0.00 < 0.70,1,70.168299,72.815446,4.720662,-0.560758,0,0.000000,3.383236,0.120000,0.000000,0,0.000000,8.237877,0.547997,0.000000,0,0.000000,7.417064,0.837780,0.000000,0,0.000000,7.395101,0.450905,0.000000,0,0.000000,5.488480,0.309088,0.000000,0,0.000000,86.663691,5.391590,0.000000,0,0.000000,13.336309,5.391590,0.000000,0,0.000000,1.880083,0.548414,0.000000,0,0.000000,0.041025,0.080000,0.000000,0,0.000000,0.207287,0.103851,0.000000,0,0.000000,0.072266,0.120000,0.000000,0,0.000000,2.269123,0.274595,0.000000
1520028205,PHASED_VIPASSANA,0.000000,0.000000,0.000000,0.700000,1,,NO_MATCH: QUALITY_CEILING 0.00 < 0.70,1,70.168299,72.815446,4.720662,-0.560758,0,0.000000,3.383236,0.120000,0.000000,0,0.000000,8.237877,0.547997,0.000000,0,0.000000,7.417064,0.837780,0.000000,0,0.000000,7.395101,0.450905,0.000000,0,0.000000,5.488480,0.309088,0.000000,0,0.000000,86.663691,5.391590,0.000000,0,0.000000,13.336309,5.391590,0.000000,0,0.000000,1.880083,0.548414,0.000000,0,0.000000,0.041025,0.080000,0.000000,0,0.000000,0.207287,0.103851,0.000000,0,0.000000,0.072266,0.120000,0.000000,0,0.000000,2.269123,0.274595,0.000000
1520028205,AROUSAL_MEDITATION,0.000000,0.000000,0.000000,0.700000,1,,NO_MATCH: QUALITY_CEILING 0.00 < 0.70,1,70.168299,72.815446,4.720662,-0.560758,0,0.000000,3.383236,0.120000,0.000000,0,0.000000,8.237877,0.547997,0.000000,0,0.000000,7.417064,0.837780,0.000000,0,0.000000,7.395101,0.450905,0.000000,0,0.000000,5.488480,0.309088,0.000000,0,0.000000,86.663691,5.391590,0.000000,0,0.000000,13.336309,5.391590,0.000000,0,0.000000,1.880083,0.548414,0.000000,0,0.000000,0.041025,0.080000,0.000000,0,0.000000,0.207287,0.103851,0.000000,0,0.000000,0.072266,0.120000,0.000000,0,0.000000,2.269123,0.274595,0.000000
1520028205,TRAINED_VIPASSANA_SHIFT,0.000000,0.000000,0.000000,0.700000,1,,NO_MATCH: QUALITY_CEILING 0.00 < 0.70,1,70.168299,72.815446,4.720662,-0.560758,0,0.000000,3.383236,0.120000,0.000000,0,0.000000,8.237877,0.547997,0.000000,0,0.000000,7.417064,0.837780,0.000000,0,0.000000,7.395101,0.450905,0.000000,0,0.000000,5.488480,0.309088,0.000000,0,0.000000,86.663691,5.391590,0.000000,0,0.000000,13.336309,5.391590,0.000000,0,0.000000,1.880083,0.548414,0.000000,0,0.000000,0.041025,0.080000,0.000000,0,0.000000,0.207287,0.103851,0.000000,0,0.000000,0.072266,0.120000,0.000000,0,0.000000,2.269123,0.274595,0.000000
1520028205,SLOW_RECOVERY_VLF,0.000000,0.000000,0.000000,0.700000,1,,NO_MATCH: QUALITY_CEILING 0.00 < 0.70,1,70.168299,72.815446,4.720662,-0.560758,0,0.000000,3.383236,0.120000,0.000000,0,0.000000,8.237877,0.547997,0.000000,0,0.000000,7.417064,0.837780,0.000000,0,0.000000,7.395101,0.450905,0.000000,0,0.000000,5.488480,0.309088,0.000000,0,0.000000,86.663691,5.391590,0.000000,0,0.000000,13.336309,5.391590,0.000000,0,0.000000,1.880083,0.548414,0.000000,0,0.000000,0.041025,0.080000,0.000000,0,0.000000,0.207287,0.103851,0.000000,0,0.000000,0.072266,0.120000,0.000000,0,0.000000,2.269123,0.274595,0.000000
1520028205,INWARD_QUIET,0.000000,0.000000,0.000000,0.700000,1,,NO_MATCH: QUALITY_CEILING 0.00 < 0.70,1,70.168299,72.815446,4.720662,-0.560758,0,0.000000,3.383236,0.120000,0.000000,0,0.000000,8.237877,0.547997,0.000000,0,0.000000,7.417064,0.837780,0.000000,0,0.000000,7.395101,0.450905,0.000000,0,0.000000,5.488480,0.309088,0.000000,0,0.000000,86.663691,5.391590,0.000000,0,0.000000,13.336309,5.391590,0.000000,0,0.000000,1.880083,0.548414,0.000000,0,0.000000,0.041025,0.080000,0.000000,0,0.000000,0.207287,0.103851,0.000000,0,0.000000,0.072266,0.120000,0.000000,0,0.000000,2.269123,0.274595,0.000000
1540156208,RESONANCE_0P1,0.000000,0.000000,0.000000,0.700000,1,,NO_MATCH: QUALITY_CEILING 0.00 < 0.70,1,75.522331,72.815446,4.720662,0.573412,0,0.000000,3.383236,0.120000,0.000000,0,0.000000,8.237877,0.547997,0.000000,0,0.000000,7.417064,0.837780,0.000000,0,0.000000,7.395101,0.450905,0.000000,0,0.000000,5.488480,0.309088,0.000000,0,0.000000,86.663691,5.391590,0.000000,0,0.000000,13.336309,5.391590,0.000000,0,0.000000,1.880083,0.548414,0.000000,0,0.000000,0.041025,0.080000,0.000000,0,0.000000,0.207287,0.103851,0.000000,0,0.000000,0.072266,0.120000,0.000000,0,0.000000,2.269123,0.274595,0.000000
1540156208,PHASED_VIPASSANA,0.000000,0.000000,0.000000,0.700000,1,,NO_MATCH: QUALITY_CEILING 0.00 < 0.70,1,75.522331,72.815446,4.720662,0.573412,0,0.000000,3.383236,0.120000,0.000000,0,0.000000,8.237877,0.547997,0.000000,0,0.000000,7.417064,0.837780,0.000000,0,0.000000,7.395101,0.450905,0.000000,0,0.000000,5.488480,0.309088,0.000000,0,0.000000,86.663691,5.391590,0.000000,0,0.000000,13.336309,5.391590,0.000000,0,0.000000,1.880083,0.548414,0.000000,0,0.000000,0.041025,0.080000,0.000000,0,0.000000,0.207287,0.103851,0.000000,0,0.000000,0.072266,0.120000,0.000000,0,0.000000,2.269123,0.274595,0.000000
1540156208,AROUSAL_MEDITATION,0.000000,0.000000,0.000000,0.700000,1,,NO_MATCH: QUALITY_CEILING 0.00 < 0.70,1,75.522331,72.815446,4.720662,0.573412,0,0.000000,3.383236,0.120000,0.000000,0,0.000000,8.237877,0.547997,0.000000,0,0.000000,7.417064,0.837780,0.000000,0,0.000000,7.395101,0.450905,0.000000,0,0.000000,5.488480,0.309088,0.000000,0,0.000000,86.663691,5.391590,0.000000,0,0.000000,13.336309,5.391590,0.000000,0,0.000000,1.880083,0.548414,0.000000,0,0.000000,0.041025,0.080000,0.000000,0,0.000000,0.207287,0.103851,0.000000,0,0.000000,0.072266,0.120000,0.000000,0,0.000000,2.269123,0.274595,0.000000
1540156208,TRAINED_VIPASSANA_SHIFT,0.000000,0.000000,0.000000,0.700000,1,,NO_MATCH: QUALITY_CEILING 0.00 < 0.70,1,75.522331,72.815446,4.720662,0.573412,0,0.000000,3.383236,0.120000,0.000000,0,0.000000,8.237877,0.547997,0.000000,0,0.000000,7.417064,0.837780,0.000000,0,0.000000,7.395101,0.450905,0.000000,0,0.000000,5.488480,0.309088,0.000000,0,0.000000,86.663691,5.391590,0.000000,0,0.000000,13.336309,5.391590,0.000000,0,0.000000,1.880083,0.548414,0.000000,0,0.000000,0.041025,0.080000,0.000000,0,0.000000,0.207287,0.103851,0.000000,0,0.000000,0.072266,0.120000,0.000000,0,0.000000,2.269123,0.274595,0.000000
1540156208,SLOW_RECOVERY_VLF,0.000000,0.000000,0.000000,0.700000,1,,NO_MATCH: QUALITY_CEILING 0.00 < 0.70,1,75.522331,72.815446,4.720662,0.573412,0,0.000000,3.383236,0.120000,0.000000,0,0.000000,8.237877,0.547997,0.000000,0,0.000000,7.417064,0.837780,0.000000,0,0.000000,7.395101,0.450905,0.000000,0,0.000000,5.488480,0.309088,0.000000,0,0.000000,86.663691,5.391590,0.000000,0,0.000000,13.336309,5.391590,0.000000,0,0.000000,1.880083,0.548414,0.000000,0,0.000000,0.041025,0.080000,0.000000,0,0.000000,0.207287,0.103851,0.000000,0,0.000000,0.072266,0.120000,0.000000,0,0.000000,2.269123,0.274595,0.000000
1540156208,INWARD_QUIET,0.000000,0.000000,0.000000,0.700000,1,,NO_MATCH: QUALITY_CEILING 0.00 < 0.70,1,75.522331,72.815446,4.720662,0.573412,0,0.000000,3.383236,0.120000,0.000000,0,0.000000,8.237877,0.547997,0.000000,0,0.000000,7.417064,0.837780,0.000000,0,0.000000,7.395101,0.450905,0.000000,0,0.000000,5.488480,0.309088,0.000000,0,0.000000,86.663691,5.391590,0.000000,0,0.000000,13.336309,5.391590,0.000000,0,0.000000,1.880083,0.548414,0.000000,0,0.000000,0.041025,0.080000,0.000000,0,0.000000,0.207287,0.103851,0.000000,0,0.000000,0.072266,0.120000,0.000000,0,0.000000,2.269123,0.274595,0.000000
1560634443,RESONANCE_0P1,0.000000,0.000000,0.000000,0.700000,1,,NO_MATCH: QUALITY_CEILING 0.00 < 0.70,1,66.027084,72.815446,4.720662,-1.438011,0,0.000000,3.383236,0.120000,0.000000,0,0.000000,8.237877,0.547997,0.000000,0,0.000000,7.417064,0.837780,0.000000,0,0.000000,7.395101,0.450905,0.000000,0,0.000000,5.488480,0.309088,0.000000,0,0.000000,86.663691,5.391590,0.000000,0,0.000000,13.336309,5.391590,0.000000,0,0.000000,1.880083,0.548414,0.000000,0,0.000000,0.041025,0.080000,0.000000,0,0.000000,0.207287,0.103851,0.000000,0,0.000000,0.072266,0.120000,0.000000,0,0.000000,2.269123,0.274595,0.000000
1560634443,PHASED_VIPASSANA,0.000000,0.000000,0.000000,0.700000,1,,NO_MATCH: QUALITY_CEILING 0.00 < 0.70,1,66.027084,72.815446,4.720662,-1.438011,0,0.000000,3.383236,0.120000,0.000000,0,0.000000,8.237877,0.547997,0.000000,0,0.000000,7.417064,0.837780,0.000000,0,0.000000,7.395101,0.450905,0.000000,0,0.000000,5.488480,0.309088,0.000000,0,0.000000,86.663691,5.391590,0.000000,0,0.000000,13.336309,5.391590,0.000000,0,0.000000,1.880083,0.548414,0.000000,0,0.000000,0.041025,0.080000,0.000000,0,0.000000,0.207287,0.103851,0.000000,0,0.000000,0.072266,0.120000,0.000000,0,0.000000,2.269123,0.274595,0.000000
1560634443,AROUSAL_MEDITATION,0.000000,0.000000,0.000000,0.700000,1,,NO_MATCH: QUALITY_CEILING 0.00 < 0.70,1,66.027084,72.815446,4.720662,-1.438011,0,0.000000,3.383236,0.120000,0.000000,0,0.000000,8.237877,0.547997,0.000000,0,0.000000,7.417064,0.837780,0.000000,0,0.000000,7.395101,0.450905,0.000000,0,0.000000,5.488480,0.309088,0.000000,0,0.000000,86.663691,5.391590,0.000000,0,0.000000,13.336309,5.391590,0.000000,0,0.000000,1.880083,0.548414,0.000000,0,0.000000,0.041025,0.080000,0.000000,0,0.000000,0.207287,0.103851,0.000000,0,0.000000,0.072266,0.120000,0.000000,0,0.000000,2.269123,0.274595,0.000000
1560634443,TRAINED_VIPASSANA_SHIFT,0.000000,0.000000,0.000000,0.700000,1,,NO_MATCH: QUALITY_CEILING 0.00 < 0.70,1,66.027084,72.815446,4.720662,-1.438011,0,0.000000,3.383236,0.120000,0.000000,0,0.000000,8.237877,0.547997,0.000000,0,0.000000,7.417064,0.837780,0.000000,0,0.000000,7.395101,0.450905,0.000000,0,0.000000,5.488480,0.309088,0.000000,0,0.000000,86.663691,5.391590,0.000000,0,0.000000,13.336309,5.391590,0.000000,0,0.000000,1.880083,0.548414,0.000000,0,0.000000,0.041025,0.080000,0.000000,0,0.000000,0.207287,0.103851,0.000000,0,0.000000,0.072266,0.120000,0.000000,0,0.000000,2.269123,0.274595,0.000000
1560634443,SLOW_RECOVERY_VLF,0.000000,0.000000,0.000000,0.700000,1,,NO_MATCH: QUALITY_CEILING 0.00 < 0.70,1,66.027084,72.815446,4.720662,-1.438011,0,0.000000,3.383236,0.120000,0.000000,0,0.000000,8.237877,0.547997,0.000000,0,0.000000,7.417064,0.837780,0.000000,0,0.000000,7.395101,0.450905,0.000000,0,0.000000,5.488480,0.309088,0.000000,0,0.000000,86.663691,5.391590,0.000000,0,0.000000,13.336309,5.391590,0.000000,0,0.000000,1.880083,0.548414,0.000000,0,0.000000,0.041025,0.080000,0.000000,0,0.000000,0.207287,0.103851,0.000000,0,0.000000,0.072266,0.120000,0.000000,0,0.000000,2.269123,0.274595,0.000000
1560634443,INWARD_QUIET,0.000000,0.000000,0.000000,0.700000,1,,NO_MATCH: QUALITY_CEILING 0.00 < 0.70,1,66.027084,72.815446,4.720662,-1.438011,0,0.000000,3.383236,0.120000,0.000000,0,0.000000,8.237877,0.547997,0.000000,0,0.000000,7.417064,0.837780,0.000000,0,0.000000,7.395101,0.450905,0.000000,0,0.000000,5.488480,0.309088,0.000000,0,0.000000,86.663691,5.391590,0.000000,0,0.000000,13.336309,5.391590,0.000000,0,0.000000,1.880083,0.548414,0.000000,0,0.000000,0.041025,0.080000,0.000000,0,0.000000,0.207287,0.103851,0.000000,0,0.000000,0.072266,0.120000,0.000000,0,0.000000,2.269123,0.274595,0.000000
1580963821,RESONANCE_0P1,0.000000,0.000000,0.000000,0.700000,1,,NO_MATCH: QUALITY_CEILING 0.00 < 0.70,1,67.304866,72.815446,4.720662,-1.167332,0,0.000000,3.383236,0.120000,0.000000,0,0.000000,8.237877,0.547997,0.000000,0,0.000000,7.417064,0.837780,0.000000,0,0.000000,7.395101,0.450905,0.000000,0,0.000000,5.488480,0.309088,0.000000,0,0.000000,86.663691,5.391590,0.000000,0,0.000000,13.336309,5.391590,0.000000,0,0.000000,1.880083,0.548414,0.000000,0,0.000000,0.041025,0.080000,0.000000,0,0.000000,0.207287,0.103851,0.000000,0,0.000000,0.072266,0.120000,0.000000,0,0.000000,2.269123,0.274595,0.000000
1580963821,PHASED_VIPASSANA,0.000000,0.000000,0.000000,0.700000,1,,NO_MATCH: QUALITY_CEILING 0.00 < 0.70,1,67.304866,72.815446,4.720662,-1.167332,0,0.000000,3.383236,0.120000,0.000000,0,0.000000,8.237877,0.547997,0.000000,0,0.000000,7.417064,0.837780,0.000000,0,0.000000,7.395101,0.450905,0.000000,0,0.000000,5.488480,0.309088,0.000000,0,0.000000,86.663691,5.391590,0.000000,0,0.000000,13.336309,5.391590,0.000000,0,0.000000,1.880083,0.548414,0.000000,0,0.000000,0.041025,0.080000,0.000000,0,0.000000,0.207287,0.103851,0.000000,0,0.000000,0.072266,0.120000,0.000000,0,0.000000,2.269123,0.274595,0.000000
1580963821,AROUSAL_MEDITATION,0.000000,0.000000,0.000000,0.700000,1,,NO_MATCH: QUALITY_CEILING 0.00 < 0.70,1,67.304866,72.815446,4.720662,-1.167332,0,0.000000,3.383236,0.120000,0.000000,0,0.000000,8.237877,0.547997,0.000000,0,0.000000,7.417064,0.837780,0.000000,0,0.000000,7.395101,0.450905,0.000000,0,0.000000,5.488480,0.309088,0.000000,0,0.000000,86.663691,5.391590,0.000000,0,0.000000,13.336309,5.391590,0.000000,0,0.000000,1.880083,0.548414,0.000000,0,0.000000,0.041025,0.080000,0.000000,0,0.000000,0.207287,0.103851,0.000000,0,0.000000,0.072266,0.120000,0.000000,0,0.000000,2.269123,0.274595,0.000000
1580963821,TRAINED_VIPASSANA_SHIFT,0.000000,0.000000,0.000000,0.700000,1,,NO_MATCH: QUALITY_CEILING 0.00 < 0.70,1,67.304866,72.815446,4.720662,-1.167332,0,0.000000,3.383236,0.120000,0.000000,0,0.000000,8.237877,0.547997,0.000000,0,0.000000,7.417064,0.837780,0.000000,0,0.000000,7.395101,0.450905,0.000000,0,0.000000,5.488480,0.309088,0.000000,0,0.000000,86.663691,5.391590,0.000000,0,0.000000,13.336309,5.391590,0.000000,0,0.000000,1.880083,0.548414,0.000000,0,0.000000,0.041025,0.080000,0.000000,0,0.000000,0.207287,0.103851,0.000000,0,0.000000,0.072266,0.120000,0.000000,0,0.000000,2.269123,0.274595,0.000000
1580963821,SLOW_RECOVERY_VLF,0.000000,0.000000,0.000000,0.700000,1,,NO_MATCH: QUALITY_CEILING 0.00 < 0.70,1,67.304866,72.815446,4.720662,-1.167332,0,0.000000,3.383236,0.120000,0.000000,0,0.000000,8.237877,0.547997,0.000000,0,0.000000,7.417064,0.837780,0.000000,0,0.000000,7.395101,0.450905,0.000000,0,0.000000,5.488480,0.309088,0.000000,0,0.000000,86.663691,5.391590,0.000000,0,0.000000,13.336309,5.391590,0.000000,0,0.000000,1.880083,0.548414,0.000000,0,0.000000,0.041025,0.080000,0.000000,0,0.000000,0.207287,0.103851,0.000000,0,0.000000,0.072266,0.120000,0.000000,0,0.000000,2.269123,0.274595,0.000000
1580963821,INWARD_QUIET,0.000000,0.000000,0.000000,0.700000,1,,NO_MATCH: QUALITY_CEILING 0.00 < 0.70,1,67.304866,72.815446,4.720662,-1.167332,0,0.000000,3.383236,0.120000,0.000000,0,0.000000,8.237877,0.547997,0.000000,0,0.000000,7.417064,0.837780,0.000000,0,0.000000,7.395101,0.450905,0.000000,0,0.000000,5.488480,0.309088,0.000000,0,0.000000,86.663691,5.391590,0.000000,0,0.000000,13.336309,5.391590,0.000000,0,0.000000,1.880083,0.548414,0.000000,0,0.000000,0.041025,0.080000,0.000000,0,0.000000,0.207287,0.103851,0.000000,0,0.000000,0.072266,0.120000,0.000000,0,0.000000,2.269123,0.274595,0.000000
1601206157,RESONANCE_0P1,0.000000,0.000000,0.000000,0.700000,1,,NO_MATCH: QUALITY_CEILING 0.00 < 0.70,1,64.444893,72.815446,4.720662,-1.773174,0,0.000000,3.383236,0.120000,0.000000,0,0.000000,8.237877,0.547997,0.000000,0,0.000000,7.417064,0.837780,0.000000,0,0.000000,7.395101,0.450905,0.000000,0,0.000000,5.488480,0.309088,0.000000,0,0.000000,86.663691,5.391590,0.000000,0,0.000000,13.336309,5.391590,0.000000,0,0.000000,1.880083,0.548414,0.000000,0,0.000000,0.041025,0.080000,0.000000,0,0.000000,0.207287,0.103851,0.000000,0,0.000000,0.072266,0.120000,0.000000,0,0.000000,2.269123,0.274595,0.000000
1601206157,PHASED_VIPASSANA,0.000000,0.000000,0.000000,0.700000,1,,NO_MATCH: QUALITY_CEILING 0.00 < 0.70,1,64.444893,72.815446,4.720662,-1.773174,0,0.000000,3.383236,0.120000,0.000000,0,0.000000,8.237877,0.547997,0.000000,0,0.000000,7.417064,0.837780,0.000000,0,0.000000,7.395101,0.450905,0.000000,0,0.000000,5.488480,0.309088,0.000000,0,0.000000,86.663691,5.391590,0.000000,0,0.000000,13.336309,5.391590,0.000000,0,0.000000,1.880083,0.548414,0.000000,0,0.000000,0.041025,0.080000,0.000000,0,0.000000,0.207287,0.103851,0.000000,0,0.000000,0.072266,0.120000,0.000000,0,0.000000,2.269123,0.274595,0.000000
1601206157,AROUSAL_MEDITATION,0.000000,0.000000,0.000000,0.700000,1,,NO_MATCH: QUALITY_CEILING 0.00 < 0.70,1,64.444893,72.815446,4.720662,-1.773174,0,0.000000,3.383236,0.120000,0.000000,0,0.000000,8.237877,0.547997,0.000000,0,0.000000,7.417064,0.837780,0.000000,0,0.000000,7.395101,0.450905,0.000000,0,0.000000,5.488480,0.309088,0.000000,0,0.000000,86.663691,5.391590,0.000000,0,0.000000,13.336309,5.391590,0.000000,0,0.000000,1.880083,0.548414,0.000000,0,0.000000,0.041025,0.080000,0.000000,0,0.000000,0.207287,0.103851,0.000000,0,0.000000,0.072266,0.120000,0.000000,0,0.000000,2.269123,0.274595,0.000000
1601206157,TRAINED_VIPASSANA_SHIFT,0.000000,0.000000,0.000000,0.700000,1,,NO_MATCH: QUALITY_CEILING 0.00 < 0.70,1,64.444893,72.815446,4.720662,-1.773174,0,0.000000,3.383236,0.120000,0.000000,0,0.000000,8.237877,0.547997,0.000000,0,0.000000,7.417064,0.837780,0.000000,0,0.000000,7.395101,0.450905,0.000000,0,0.000000,5.488480,0.309088,0.000000,0,0.000000,86.663691,5.391590,0.000000,0,0.000000,13.336309,5.391590,0.000000,0,0.000000,1.880083,0.548414,0.000000,0,0.000000,0.041025,0.080000,0.000000,0,0.000000,0.207287,0.103851,0.000000,0,0.000000,0.072266,0.120000,0.000000,0,0.000000,2.269123,0.274595,0.000000
1601206157,SLOW_RECOVERY_VLF,0.000000,0.000000,0.000000,0.700000,1,,NO_MATCH: QUALITY_CEILING 0.00 < 0.70,1,64.444893,72.815446,4.720662,-1.773174,0,0.000000,3.383236,0.120000,0.000000,0,0.000000,8.237877,0.547997,0.000000,0,0.000000,7.417064,0.837780,0.000000,0,0.000000,7.395101,0.450905,0.000000,0,0.000000,5.488480,0.309088,0.000000,0,0.000000,86.663691,5.391590,0.000000,0,0.000000,13.336309,5.391590,0.000000,0,0.000000,1.880083,0.548414,0.000000,0,0.000000,0.041025,0.080000,0.000000,0,0.000000,0.207287,0.103851,0.000000,0,0.000000,0.072266,0.120000,0.000000,0,0.000000,2.269123,0.274595,0.000000
1601206157,INWARD_QUIET,0.000000,0.000000,0.000000,0.700000,1,,NO_MATCH: QUALITY_CEILING 0.00 < 0.70,1,64.444893,72.815446,4.720662,-1.773174,0,0.000000,3.383236,0.120000,0.000000,0,0.000000,8.237877,0.547997,0.000000,0,0.000000,7.417064,0.837780,0.000000,0,0.000000,7.395101,0.450905,0.000000,0,0.000000,5.488480,0.309088,0.000000,0,0.000000,86.663691,5.391590,0.000000,0,0.000000,13.336309,5.391590,0.000000,0,0.000000,1.880083,0.548414,0.000000,0,0.000000,0.041025,0.080000,0.000000,0,0.000000,0.207287,0.103851,0.000000,0,0.000000,0.072266,0.120000,0.000000,0,0.000000,2.269123,0.274595,0.000000
1622076645,RESONANCE_0P1,0.000000,0.000000,0.000000,0.700000,1,,NO_MATCH: QUALITY_CEILING 0.00 < 0.70,1,70.881769,72.815446,4.720662,-0.409620,0,0.000000,3.383236,0.120000,0.000000,0,0.000000,8.237877,0.547997,0.000000,0,0.000000,7.417064,0.837780,0.000000,0,0.000000,7.395101,0.450905,0.000000,0,0.000000,5.488480,0.309088,0.000000,0,0.000000,86.663691,5.391590,0.000000,0,0.000000,13.336309,5.391590,0.000000,0,0.000000,1.880083,0.548414,0.000000,0,0.000000,0.041025,0.080000,0.000000,0,0.000000,0.207287,0.103851,0.000000,0,0.000000,0.072266,0.120000,0.000000,0,0.000000,2.269123,0.274595,0.000000
1622076645,PHASED_VIPASSANA,0.000000,0.000000,0.000000,0.700000,1,,NO_MATCH: QUALITY_CEILING 0.00 < 0.70,1,70.881769,72.815446,4.720662,-0.409620,0,0.000000,3.383236,0.120000,0.000000,0,0.000000,8.237877,0.547997,0.000000,0,0.000000,7.417064,0.837780,0.000000,0,0.000000,7.395101,0.450905,0.000000,0,0.000000,5.488480,0.309088,0.000000,0,0.000000,86.663691,5.391590,0.000000,0,0.000000,13.336309,5.391590,0.000000,0,0.000000,1.880083,0.548414,0.000000,0,0.000000,0.041025,0.080000,0.000000,0,0.000000,0.207287,0.103851,0.000000,0,0.000000,0.072266,0.120000,0.000000,0,0.000000,2.269123,0.274595,0.000000
1622076645,AROUSAL_MEDITATION,0.000000,0.000000,0.000000,0.700000,1,,NO_MATCH: QUALITY_CEILING 0.00 < 0.70,1,70.881769,72.815446,4.720662,-0.409620,0,0.000000,3.383236,0.120000,0.000000,0,0.000000,8.237877,0.547997,0.000000,0,0.000000,7.417064,0.837780,0.000000,0,0.000000,7.395101,0.450905,0.000000,0,0.000000,5.488480,0.309088,0.000000,0,0.000000,86.663691,5.391590,0.000000,0,0.000000,13.336309,5.391590,0.000000,0,0.000000,1.880083,0.548414,0.000000,0,0.000000,0.041025,0.080000,0.000000,0,0.000000,0.207287,0.103851,0.000000,0,0.000000,0.072266,0.120000,0.000000,0,0.000000,2.269123,0.274595,0.000000
1622076645,TRAINED_VIPASSANA_SHIFT,0.000000,0.000000,0.000000,0.700000,1,,NO_MATCH: QUALITY_CEILING 0.00 < 0.70,1,70.881769,72.815446,4.720662,-0.409620,0,0.000000,3.383236,0.120000,0.000000,0,0.000000,8.237877,0.547997,0.000000,0,0.000000,7.417064,0.837780,0.000000,0,0.000000,7.395101,0.450905,0.000000,0,0.000000,5.488480,0.309088,0.000000,0,0.000000,86.663691,5.391590,0.000000,0,0.000000,13.336309,5.391590,0.000000,0,0.000000,1.880083,0.548414,0.000000,0,0.000000,0.041025,0.080000,0.000000,0,0.000000,0.207287,0.103851,0.000000,0,0.000000,0.072266,0.120000,0.000000,0,0.000000,2.269123,0.274595,0.000000
1622076645,SLOW_RECOVERY_VLF,0.000000,0.000000,0.000000,0.700000,1,,NO_MATCH: QUALITY_CEILING 0.00 < 0.70,1,70.881769,72.815446,4.720662,-0.409620,0,0.000000,3.383236,0.120000,0.000000,0,0.000000,8.237877,0.547997,0.000000,0,0.000000,7.417064,0.837780,0.000000,0,0.000000,7.395101,0.450905,0.000000,0,0.000000,5.488480,0.309088,0.000000,0,0.000000,86.663691,5.391590,0.000000,0,0.000000,13.336309,5.391590,0.000000,0,0.000000,1.880083,0.548414,0.000000,0,0.000000,0.041025,0.080000,0.000000,0,0.000000,0.207287,0.103851,0.000000,0,0.000000,0.072266,0.120000,0.000000,0,0.000000,2.269123,0.274595,0.000000
1622076645,INWARD_QUIET,0.000000,0.000000,0.000000,0.700000,1,,NO_MATCH: QUALITY_CEILING 0.00 < 0.70,1,70.881769,72.815446,4.720662,-0.409620,0,0.000000,3.383236,0.120000,0.000000,0,0.000000,8.237877,0.547997,0.000000,0,0.000000,7.417064,0.837780,0.000000,0,0.000000,7.395101,0.450905,0.000000,0,0.000000,5.488480,0.309088,0.000000,0,0.000000,86.663691,5.391590,0.000000,0,0.000000,13.336309,5.391590,0.000000,0,0.000000,1.880083,0.548414,0.000000,0,0.000000,0.041025,0.080000,0.000000,0,0.000000,0.207287,0.103851,0.000000,0,0.000000,0.072266,0.120000,0.000000,0,0.000000,2.269123,0.274595,0.000000
1642260108,RESONANCE_0P1,0.000000,0.000000,0.000000,0.700000,1,,NO_MATCH: QUALITY_CEILING 0.00 < 0.70,1,66.182140,72.815446,4.720662,-1.405164,0,0.000000,3.383236,0.120000,0.000000,0,0.000000,8.237877,0.547997,0.000000,0,0.000000,7.417064,0.837780,0.000000,0,0.000000,7.395101,0.450905,0.000000,0,0.000000,5.488480,0.309088,0.000000,0,0.000000,86.663691,5.391590,0.000000,0,0.000000,13.336309,5.391590,0.000000,0,0.000000,1.880083,0.548414,0.000000,0,0.000000,0.041025,0.080000,0.000000,0,0.000000,0.207287,0.103851,0.000000,0,0.000000,0.072266,0.120000,0.000000,0,0.000000,2.269123,0.274595,0.000000
1642260108,PHASED_VIPASSANA,0.000000,0.000000,0.000000,0.700000,1,,NO_MATCH: QUALITY_CEILING 0.00 < 0.70,1,66.182140,72.815446,4.720662,-1.405164,0,0.000000,3.383236,0.120000,0.000000,0,0.000000,8.237877,0.547997,0.000000,0,0.000000,7.417064,0.837780,0.000000,0,0.000000,7.395101,0.450905,0.000000,0,0.000000,5.488480,0.309088,0.000000,0,0.000000,86.663691,5.391590,0.000000,0,0.000000,13.336309,5.391590,0.000000,0,0.000000,1.880083,0.548414,0.000000,0,0.000000,0.041025,0.080000,0.000000,0,0.000000,0.207287,0.103851,0.000000,0,0.000000,0.072266,0.120000,0.000000,0,0.000000,2.269123,0.274595,0.000000
1642260108,AROUSAL_MEDITATION,0.000000,0.000000,0.000000,0.700000,1,,NO_MATCH: QUALITY_CEILING 0.00 < 0.70,1,66.182140,72.815446,4.720662,-1.405164,0,0.000000,3.383236,0.120000,0.000000,0,0.000000,8.237877,0.547997,0.000000,0,0.000000,7.417064,0.837780,0.000000,0,0.000000,7.395101,0.450905,0.000000,0,0.000000,5.488480,0.309088,0.000000,0,0.000000,86.663691,5.391590,0.000000,0,0.000000,13.336309,5.391590,0.000000,0,0.000000,1.880083,0.548414,0.000000,0,0.000000,0.041025,0.080000,0.000000,0,0.000000,0.207287,0.103851,0.000000,0,0.000000,0.072266,0.120000,0.000000,0,0.000000,2.269123,0.274595,0.000000
1642260108,TRAINED_VIPASSANA_SHIFT,0.000000,0.000000,0.000000,0.700000,1,,NO_MATCH: QUALITY_CEILING 0.00 < 0.70,1,66.182140,72.815446,4.720662,-1.405164,0,0.000000,3.383236,0.120000,0.000000,0,0.000000,8.237877,0.547997,0.000000,0,0.000000,7.417064,0.837780,0.000000,0,0.000000,7.395101,0.450905,0.000000,0,0.000000,5.488480,0.309088,0.000000,0,0.000000,86.663691,5.391590,0.000000,0,0.000000,13.336309,5.391590,0.000000,0,0.000000,1.880083,0.548414,0.000000,0,0.000000,0.041025,0.080000,0.000000,0,0.000000,0.207287,0.103851,0.000000,0,0.000000,0.072266,0.120000,0.000000,0,0.000000,2.269123,0.274595,0.000000
1642260108,SLOW_RECOVERY_VLF,0.000000,0.000000,0.000000,0.700000,1,,NO_MATCH: QUALITY_CEILING 0.00 < 0.70,1,66.182140,72.815446,4.720662,-1.405164,0,0.000000,3.383236,0.120000,0.000000,0,0.000000,8.237877,0.547997,0.000000,0,0.000000,7.417064,0.837780,0.000000,0,0.000000,7.395101,0.450905,0.000000,0,0.000000,5.488480,0.309088,0.000000,0,0.000000,86.663691,5.391590,0.000000,0,0.000000,13.336309,5.391590,0.000000,0,0.000000,1.880083,0.548414,0.000000,0,0.000000,0.041025,0.080000,0.000000,0,0.000000,0.207287,0.103851,0.000000,0,0.000000,0.072266,0.120000,0.000000,0,0.000000,2.269123,0.274595,0.000000
1642260108,INWARD_QUIET,0.000000,0.000000,0.000000,0.700000,1,,NO_MATCH: QUALITY_CEILING 0.00 < 0.70,1,66.182140,72.815446,4.720662,-1.405164,0,0.000000,3.383236,0.120000,0.000000,0,0.000000,8.237877,0.547997,0.000000,0,0.000000,7.417064,0.837780,0.000000,0,0.000000,7.395101,0.450905,0.000000,0,0.000000,5.488480,0.309088,0.000000,0,0.000000,86.663691,5.391590,0.000000,0,0.000000,13.336309,5.391590,0.000000,0,0.000000,1.880083,0.548414,0.000000,0,0.000000,0.041025,0.080000,0.000000,0,0.000000,0.207287,0.103851,0.000000,0,0.000000,0.072266,0.120000,0.000000,0,0.000000,2.269123,0.274595,0.000000
1662765599,RESONANCE_0P1,0.000000,0.000000,0.000000,0.700000,1,,NO_MATCH: QUALITY_CEILING 0.00 < 0.70,1,68.866176,72.815446,4.720662,-0.836592,0,0.000000,3.383236,0.120000,0.000000,0,0.000000,8.237877,0.547997,0.000000,0,0.000000,7.417064,0.837780,0.000000,0,0.000000,7.395101,0.450905,0.000000,0,0.000000,5.488480,0.309088,0.000000,0,0.000000,86.663691,5.391590,0.000000,0,0.000000,13.336309,5.391590,0.000000,0,0.000000,1.880083,0.548414,0.000000,0,0.000000,0.041025,0.080000,0.000000,0,0.000000,0.207287,0.103851,0.000000,0,0.000000,0.072266,0.120000,0.000000,0,0.000000,2.269123,0.274595,0.000000
