t_us,firmware_t_us,waveform_t_us,final_t_us,timing_shift_ms,no_firmware_match,inserted_by_smoother,timing_recovered,low_prominence_rescue,detector_support_count,detector_names,detector_consensus,detector_time_spread_ms,single_detector,sequence_rescued,firmware_unmatched,local_clipped,waveform_score,peak_prominence,peak_polarity,expected_rr_ms,match_distance_ms,recovery_reason,template_version
14196166043,14196158043,14196166043,14196166043,8.000000,0,0,0,0,2,multiscale+elgendi_like,1.000000,0.000000,0,0,0,0,1.000000,3.343189,1,823.998000,8.000000,,v0.4.1-interval-core
14197102045,14196918045,14197102045,14197102045,184.000000,0,0,0,0,2,multiscale+elgendi_like,1.000000,0.000000,0,0,0,0,1.000000,3.819595,1,807.999000,184.000000,,v0.4.1-interval-core
14198006043,14197782044,14198006043,14198006043,223.999000,0,0,0,0,2,multiscale+elgendi_like,1.000000,0.000000,0,0,0,0,1.000000,3.594609,1,792.000000,223.999000,,v0.4.1-interval-core
14198902043,14198694043,14198902043,14198902043,208.000000,0,0,0,0,2,multiscale+elgendi_like,1.000000,0.000000,0,0,0,0,1.000000,3.943588,1,798.011124,208.000000,,v0.4.1-interval-core
14199790045,14199790045,14199790045,14199790045,0.000000,0,0,0,0,2,multiscale+elgendi_like,1.000000,0.000000,0,0,0,0,1.000000,4.162336,1,792.000000,0.000000,,v0.4.1-interval-core
14200614043,0,14200614043,14200614043,0.000000,1,0,0,0,2,multiscale+elgendi_like,1.000000,0.000000,0,0,1,0,1.000000,3.539169,1,799.998500,0.000000,,v0.4.1-interval-core
14201406043,0,14201406043,14201406043,0.000000,1,0,0,0,2,multiscale+elgendi_like,1.000000,0.000000,0,0,1,0,1.000000,3.569621,1,807.997000,0.000000,,v0.4.1-interval-core
14202134045,14202126043,14202134045,14202134045,8.002000,0,0,0,0,2,multiscale+elgendi_like,1.000000,0.000000,0,0,0,0,1.000000,2.819934,1,815.997500,8.002000,,v0.4.1-interval-core
14202774044,14202766043,14202774044,14202774044,8.001000,0,0,0,0,2,multiscale+elgendi_like,1.000000,0.000000,0,0,0,0,1.000000,3.075602,1,815.997500,8.001000,,v0.4.1-interval-core
14203390045,14203382043,14203390045,14203390045,8.002000,0,0,0,0,2,multiscale+elgendi_like,1.000000,0.000000,0,0,0,0,1.000000,3.691072,1,823.998000,8.002000,,v0.4.1-interval-core
14204062046,14204438043,14204062046,14204062046,-375.997000,0,0,0,0,2,multiscale+elgendi_like,1.000000,0.000000,0,0,0,0,1.000000,4.812691,1,856.000000,375.997000,,v0.4.1-interval-core
14204814046,0,14204814046,14204814046,0.000000,1,0,0,0,2,multiscale+elgendi_like,1.000000,0.000000,0,0,1,0,1.000000,5.357292,1,871.997000,0.000000,,v0.4.1-interval-core
14205582046,14205582046,14205582046,14205582046,0.000000,0,0,0,0,2,multiscale+elgendi_like,1.000000,0.000000,0,0,0,0,1.000000,5.213800,1,875.998000,0.000000,,v0.4.1-interval-core
14206390043,14206390043,14206390043,14206390043,0.000000,0,0,0,0,2,multiscale+elgendi_like,1.000000,0.000000,0,0,0,0,1.000000,5.877611,1,879.997000,0.000000,,v0.4.1-interval-core
14207310043,14207310043,14207310043,14207310043,0.000000,0,0,0,0,2,multiscale+elgendi_like,1.000000,0.000000,0,0,0,0,1.000000,6.130863,1,868.000500,0.000000,,v0.4.1-interval-core
14208246044,14208622045,14208246044,14208246044,-376.001000,0,0,0,0,2,multiscale+elgendi_like,1.000000,0.000000,0,0,0,0,1.000000,5.706614,1,843.998500,376.001000,,v0.4.1-interval-core
14209166043,0,14209166043,14209166043,0.000000,1,0,0,0,2,multiscale+elgendi_like,1.000000,0.000000,0,0,1,0,1.000000,4.506808,1,815.997500,0.000000,,v0.4.1-interval-core
14210070043,14210062043,14210070043,14210070043,8.000000,0,0,0,0,2,multiscale+elgendi_like,1.000000,0.000000,0,0,0,0,1.000000,3.932016,1,799.998000,8.000000,,v0.4.1-interval-core
14210974047,14210974047,14210974047,14210974047,0.000000,0,0,0,0,2,multiscale+elgendi_like,1.000000,0.000000,0,0,0,0,1.000000,4.241305,1,792.000000,0.000000,,v0.4.1-interval-core
14211838046,14211838046,14211838046,14211838046,0.000000,0,0,0,0,2,multiscale+elgendi_like,1.000000,0.000000,0,0,0,0,1.000000,4.169178,1,792.000000,0.000000,,v0.4.1-interval-core
14212718043,14212718043,14212718043,14212718043,0.000000,0,0,0,0,2,multiscale+elgendi_like,1.000000,0.000000,0,0,0,0,1.000000,4.084960,1,799.998000,0.000000,,v0.4.1-interval-core
14213590045,14213582043,14213590045,14213590045,8.002000,0,0,0,0,2,multiscale+elgendi_like,1.000000,0.000000,0,0,0,0,1.000000,4.078081,1,807.997000,8.002000,,v0.4.1-interval-core
14214390043,14214390043,14214390043,14214390043,0.000000,0,0,0,0,2,multiscale+elgendi_like,1.000000,0.000000,0,0,0,0,1.000000,3.606483,1,815.996500,0.000000,,v0.4.1-interval-core
14215126047,14215126047,14215126047,14215126047,0.000000,0,0,0,0,2,multiscale+elgendi_like,1.000000,0.000000,0,0,0,0,1.000000,3.795469,1,843.997500,0.000000,,v0.4.1-interval-core
14215838047,0,14215838047,14215838047,0.000000,1,0,0,0,2,multiscale+elgendi_like,1.000000,0.000000,0,0,1,0,1.000000,4.013850,1,868.000500,0.000000,,v0.4.1-interval-core
14216526043,14216526043,14216526043,14216526043,0.000000,0,0,0,0,2,multiscale+elgendi_like,1.000000,0.000000,0,0,0,0,1.000000,3.973048,1,875.999500,0.000000,,v0.4.1-interval-core
14217190043,14217190043,14217190043,14217190043,0.000000,0,0,0,0,2,multiscale+elgendi_like,1.000000,0.000000,0,0,0,0,1.000000,4.390724,1,891.998500,0.000000,,v0.4.1-interval-core
14217950047,14217942044,14217950047,14217950047,8.003000,0,0,0,0,2,multiscale+elgendi_like,1.000000,0.000000,0,0,0,0,1.000000,4.739445,1,904.000000,8.003000,,v0.4.1-interval-core
14218774043,14218774043,14218774043,14218774043,0.000000,0,0,0,0,2,multiscale+elgendi_like,1.000000,0.000000,0,0,0,0,1.000000,4.618426,1,879.997000,0.000000,,v0.4.1-interval-core
14219702043,14219694044,14219702043,14219702043,7.999000,0,0,0,0,2,multiscale+elgendi_like,1.000000,0.000000,0,0,0,0,1.000000,4.968464,1,868.000500,7.999000,,v0.4.1-interval-core
14220686043,14220678044,14220686043,14220686043,7.999000,0,0,0,0,2,multiscale+elgendi_like,1.000000,0.000000,0,0,0,0,1.000000,4.463695,1,855.998500,7.999000,,v0.4.1-interval-core
14221670043,14221662047,14221670043,14221670043,7.996000,0,0,0,0,2,multiscale+elgendi_like,1.000000,0.000000,0,0,0,0,1.000000,4.368483,1,835.997000,7.996000,,v0.4.1-interval-core
14222582043,14222582043,14222582043,14222582043,0.000000,0,0,0,0,2,multiscale+elgendi_like,1.000000,0.000000,0,0,0,0,1.000000,4.014250,1,812.000000,0.000000,,v0.4.1-interval-core
14223518046,14223518046,14223518046,14223518046,0.000000,0,0,0,0,2,multiscale+elgendi_like,1.000000,0.000000,0,0,0,0,1.000000,4.172924,1,812.000000,0.000000,,v0.4.1-interval-core
14224446045,14224446045,14224446045,14224446045,0.000000,0,0,0,0,2,multiscale+elgendi_like,1.000000,0.000000,0,0,0,0,1.000000,4.467392,1,812.000000,0.000000,,v0.4.1-interval-core
14225294043,14225294043,14225294043,14225294043,0.000000,0,0,0,0,2,multiscale+elgendi_like,1.000000,0.000000,0,0,0,0,1.000000,4.251913,1,815.998000,0.000000,,v0.4.1-interval-core
14226094047,14226086047,14226094047,14226094047,8.000000,0,0,0,0,2,multiscale+elgendi_like,1.000000,0.000000,0,0,0,0,1.000000,3.890499,1,823.999500,8.000000,,v0.4.1-interval-core
14226838043,14226838043,14226838043,14226838043,0.000000,0,0,0,0,2,multiscale+elgendi_like,1.000000,0.000000,0,0,0,0,1.000000,4.295796,1,836.000500,0.000000,,v0.4.1-interval-core
14227606043,0,14227606043,14227606043,0.000000,1,0,0,0,2,multiscale+elgendi_like,1.000000,0.000000,0,0,1,0,1.000000,3.227623,1,847.999000,0.000000,,v0.4.1-interval-core
14228390045,14228054043,14228390045,14228390045,336.002000,0,0,0,0,2,multiscale+elgendi_like,1.000000,0.000000,0,0,0,0,1.000000,4.146695,1,847.999000,336.002000,,v0.4.1-interval-core
14229174043,14229166043,14229174043,14229174043,8.000000,0,0,0,0,2,multiscale+elgendi_like,1.000000,0.000000,0,0,0,0,1.000000,3.804927,1,856.004000,8.000000,,v0.4.1-interval-core
14229998046,14229998046,14229998046,14229998046,0.000000,0,0,0,0,2,multiscale+elgendi_like,1.000000,0.000000,0,0,0,0,1.000000,3.190124,1,871.997000,0.000000,,v0.4.1-interval-core
14230870043,14230870043,14230870043,14230870043,0.000000,0,0,0,0,2,multiscale+elgendi_like,1.000000,0.000000,0,0,0,0,1.000000,4.073346,1,871.997000,0.000000,,v0.4.1-interval-core
14231790042,14231782045,14231790042,14231790042,7.997000,0,0,0,0,2,multiscale+elgendi_like,1.000000,0.000000,0,0,0,0,1.000000,4.959812,1,856.004000,7.997000,,v0.4.1-interval-core
14232646046,14232646046,14232646046,14232646046,0.000000,0,0,0,0,2,multiscale+elgendi_like,1.000000,0.000000,0,0,0,0,1.000000,4.009536,1,856.004000,0.000000,,v0.4.1-interval-core
14233534046,14233534046,14233534046,14233534046,0.000000,0,0,0,0,2,multiscale+elgendi_like,1.000000,0.000000,0,0,0,0,1.000000,3.265431,1,848.004000,0.000000,,v0.4.1-interval-core
14234374043,14234374043,14234374043,14234374043,0.000000,0,0,0,0,2,multiscale+elgendi_like,1.000000,0.000000,0,0,0,0,1.000000,4.156029,1,848.002000,0.000000,,v0.4.1-interval-core
14235222043,14235222043,14235222043,14235222043,0.000000,0,0,0,0,2,multiscale+elgendi_like,1.000000,0.000000,0,0,0,0,1.000000,4.747495,1,848.002000,0.000000,,v0.4.1-interval-core
14236102047,14236102047,14236102047,14236102047,0.000000,0,0,0,0,2,multiscale+elgendi_like,1.000000,0.000000,0,0,0,0,1.000000,3.753350,1,848.002000,0.000000,,v0.4.1-interval-core
14237022044,14237014043,14237022044,14237022044,8.001000,0,0,0,0,2,multiscale+elgendi_like,1.000000,0.000000,0,0,0,0,1.000000,4.661482,1,852.001000,8.001000,,v0.4.1-interval-core
14237926043,14237926043,14237926043,14237926043,0.000000,0,0,0,0,2,multiscale+elgendi_like,1.000000,0.000000,0,0,0,0,1.000000,4.766381,1,856.004000,0.000000,,v0.4.1-interval-core
14238774047,14238766047,14238774047,14238774047,8.000000,0,0,0,0,2,multiscale+elgendi_like,1.000000,0.000000,0,0,0,0,1.000000,4.583361,1,864.000000,8.000000,,v0.4.1-interval-core
14239638047,14239638047,14239638047,14239638047,0.000000,0,0,0,0,2,multiscale+elgendi_like,1.000000,0.000000,0,0,0,0,1.000000,4.571777,1,864.000000,0.000000,,v0.4.1-interval-core
14240454043,14240454043,14240454043,14240454043,0.000000,0,0,0,0,2,multiscale+elgendi_like,1.000000,0.000000,0,0,0,0,1.000000,3.719019,1,864.001000,0.000000,,v0.4.1-interval-core
14241294045,14241294045,14241294045,14241294045,0.000000,0,0,0,0,2,multiscale+elgendi_like,1.000000,0.000000,0,0,0,0,1.000000,5.511567,1,864.001000,0.000000,,v0.4.1-interval-core
14242150043,14242142043,14242150043,14242150043,8.000000,0,0,0,0,2,multiscale+elgendi_like,1.000000,0.000000,0,0,0,0,1.000000,5.072679,1,864.000000,8.000000,,v0.4.1-interval-core
14243038043,14243038043,14243038043,14243038043,0.000000,0,0,0,0,2,multiscale+elgendi_like,1.000000,0.000000,0,0,0,0,1.000000,5.541191,1,856.004000,0.000000,,v0.4.1-interval-core
14243966043,14243966043,14243966043,14243966043,0.000000,0,0,0,0,2,multiscale+elgendi_like,1.000000,0.000000,0,0,0,0,1.000000,4.793365,1,855.999000,0.000000,,v0.4.1-interval-core
14244886046,14244886046,14244886046,14244886046,0.000000,0,0,0,0,2,multiscale+elgendi_like,1.000000,0.000000,0,0,0,0,1.000000,5.472707,1,852.001000,0.000000,,v0.4.1-interval-core
14245750047,14245750047,14245750047,14245750047,0.000000,0,0,0,0,2,multiscale+elgendi_like,1.000000,0.000000,0,0,0,0,1.000000,4.098673,1,852.001000,0.000000,,v0.4.1-interval-core
14246590047,14246590047,14246590047,14246590047,0.000000,0,0,0,0,2,multiscale+elgendi_like,1.000000,0.000000,0,0,0,0,1.000000,4.356117,1,852.001000,0.000000,,v0.4.1-interval-core
14247462047,14247454043,14247462047,14247462047,8.004000,0,0,0,0,2,multiscale+elgendi_like,1.000000,0.000000,0,0,0,0,1.000000,4.101904,1,844.003000,8.004000,,v0.4.1-interval-core
14248318046,14248310043,14248318046,14248318046,8.003000,0,0,0,0,2,multiscale+elgendi_like,1.000000,0.000000,0,0,0,0,1.000000,3.856180,1,840.000000,8.003000,,v0.4.1-interval-core
14249102043,14249102043,14249102043,14249102043,0.000000,0,0,0,0,2,multiscale+elgendi_like,1.000000,0.000000,0,0,0,0,1.000000,3.722911,1,815.996000,0.000000,,v0.4.1-interval-core
14249878045,14249878045,14249878045,14249878045,0.000000,0,0,0,0,2,multiscale+elgendi_like,1.000000,0.000000,0,0,0,0,1.000000,3.914608,1,799.996500,0.000000,,v0.4.1-interval-core
14250630043,0,14250630043,14250630043,0.000000,1,0,0,0,2,multiscale+elgendi_like,1.000000,0.000000,0,0,1,0,1.000000,3.933673,1,783.997000,0.000000,,v0.4.1-interval-core
14251358043,14251358043,14251358043,14251358043,0.000000,0,0,0,0,2,multiscale+elgendi_like,1.000000,0.000000,0,0,0,0,1.000000,3.925386,1,779.999500,0.000000,,v0.4.1-interval-core
14252078043,14252078043,14252078043,14252078043,0.000000,0,0,0,0,2,multiscale+elgendi_like,1.000000,0.000000,0,0,0,0,1.000000,4.172995,1,776.002000,0.000000,,v0.4.1-interval-core
14252790044,14252790044,14252790044,14252790044,0.000000,0,0,0,0,2,multiscale+elgendi_like,1.000000,0.000000,0,0,0,0,1.000000,4.281716,1,776.002000,0.000000,,v0.4.1-interval-core
14253502044,14253494043,14253502044,14253502044,8.001000,0,0,0,0,2,multiscale+elgendi_like,1.000000,0.000000,0,0,0,0,1.000000,4.174796,1,776.002000,8.001000,,v0.4.1-interval-core
14254198043,14254198043,14254198043,14254198043,0.000000,0,0,0,0,2,multiscale+elgendi_like,1.000000,0.000000,0,0,0,0,1.000000,4.946330,1,776.002000,0.000000,,v0.4.1-interval-core
14254918045,14254918045,14254918045,14254918045,0.000000,0,0,0,0,2,multiscale+elgendi_like,1.000000,0.000000,0,0,0,0,1.000000,4.547769,1,767.999000,0.000000,,v0.4.1-interval-core
14255654046,0,14255654046,14255654046,0.000000,1,0,0,0,2,multiscale+elgendi_like,1.000000,0.000000,0,0,1,0,1.000000,3.998968,1,772.000500,0.000000,,v0.4.1-interval-core
14256382047,14256062044,14256382047,14256382047,320.003000,0,0,0,0,2,multiscale+elgendi_like,1.000000,0.000000,0,0,0,0,1.000000,4.537536,1,772.000500,320.003000,,v0.4.1-interval-core
14257134043,14257134043,14257134043,14257134043,0.000000,0,0,0,0,2,multiscale+elgendi_like,1.000000,0.000000,0,0,0,0,1.000000,5.216332,1,772.000500,0.000000,,v0.4.1-interval-core
14257934044,14257934044,14257934044,14257934044,0.000000,0,0,0,0,2,multiscale+elgendi_like,1.000000,0.000000,0,0,0,0,1.000000,5.241244,1,767.999000,0.000000,,v0.4.1-interval-core
14258702043,14258702043,14258702043,14258702043,0.000000,0,0,0,0,2,multiscale+elgendi_like,1.000000,0.000000,0,0,0,0,1.000000,5.105943,1,767.999000,0.000000,,v0.4.1-interval-core
14259542047,14259542047,14259542047,14259542047,0.000000,0,0,0,0,2,multiscale+elgendi_like,1.000000,0.000000,0,0,0,0,1.000000,5.408376,1,767.999000,0.000000,,v0.4.1-interval-core
14260398047,14260398047,14260398047,14260398047,0.000000,0,0,0,0,2,multiscale+elgendi_like,1.000000,0.000000,0,0,0,0,1.000000,4.926842,1,767.999000,0.000000,,v0.4.1-interval-core
14261222043,14261214043,14261222043,14261222043,8.000000,0,0,0,0,2,multiscale+elgendi_like,1.000000,0.000000,0,0,0,0,1.000000,4.444702,1,767.999000,8.000000,,v0.4.1-interval-core
14261974043,14261974043,14261974043,14261974043,0.000000,0,0,0,0,2,multiscale+elgendi_like,1.000000,0.000000,0,0,0,0,1.000000,4.906340,1,791.999000,0.000000,,v0.4.1-interval-core
14262782046,14262774044,14262782046,14262782046,8.002000,0,0,0,0,2,multiscale+elgendi_like,1.000000,0.000000,0,0,0,0,1.000000,4.892867,1,800.001000,8.002000,,v0.4.1-interval-core
14263606043,14263606043,14263606043,14263606043,0.000000,0,0,0,0,2,multiscale+elgendi_like,1.000000,0.000000,0,0,0,0,1.000000,4.606201,1,808.003000,0.000000,,v0.4.1-interval-core
14264438043,14264438043,14264438043,14264438043,0.000000,0,0,0,0,2,multiscale+elgendi_like,1.000000,0.000000,0,0,0,0,1.000000,4.181432,1,816.000000,0.000000,,v0.4.1-interval-core
14265278047,14265270047,14265278047,14265278047,8.000000,0,0,0,0,2,multiscale+elgendi_like,1.000000,0.000000,0,0,0,0,1.000000,4.378791,1,823.996000,8.000000,,v0.4.1-interval-core
14266158043,14266150043,14266158043,14266158043,8.000000,0,0,0,0,2,multiscale+elgendi_like,1.000000,0.000000,0,0,0,0,1.000000,4.564995,1,827.998500,8.000000,,v0.4.1-interval-core
14267014047,14267006043,14267014047,14267014047,8.004000,0,0,0,0,2,multiscale+elgendi_like,1.000000,0.000000,0,0,0,0,1.000000,4.383697,1,836.002000,8.004000,,v0.4.1-interval-core
14267806046,14267806046,14267806046,14267806046,0.000000,0,0,0,0,2,multiscale+elgendi_like,1.000000,0.000000,0,0,0,0,1.000000,4.261546,1,836.000000,0.000000,,v0.4.1-interval-core
14268622046,14268622046,14268622046,14268622046,0.000000,0,0,0,0,2,multiscale+elgendi_like,1.000000,0.000000,0,0,0,0,1.000000,4.464709,1,840.004000,0.000000,,v0.4.1-interval-core
14269494043,14269494043,14269494043,14269494043,0.000000,0,0,0,0,2,multiscale+elgendi_like,1.000000,0.000000,0,0,0,0,1.000000,4.595623,1,843.999500,0.000000,,v0.4.1-interval-core
14270374043,14270374043,14270374043,14270374043,0.000000,0,0,0,0,2,multiscale+elgendi_like,1.000000,0.000000,0,0,0,0,1.000000,4.523922,1,847.995500,0.000000,,v0.4.1-interval-core
14271310047,14271302044,14271310047,14271310047,8.003000,0,0,0,0,2,multiscale+elgendi_like,1.000000,0.000000,0,0,0,0,1.000000,4.561246,1,851.998000,8.003000,,v0.4.1-interval-core
14272254044,14272254044,14272254044,14272254044,0.000000,0,0,0,0,2,multiscale+elgendi_like,1.000000,0.000000,0,0,0,0,1.000000,4.624237,1,847.996000,0.000000,,v0.4.1-interval-core
14273158048,14273158048,14273158048,14273158048,0.000000,0,0,0,0,2,multiscale+elgendi_like,1.000000,0.000000,0,0,0,0,1.000000,4.139732,1,856.004000,0.000000,,v0.4.1-interval-core
14274006043,14274006043,14274006043,14274006043,0.000000,0,0,0,0,2,multiscale+elgendi_like,1.000000,0.000000,0,0,0,0,1.000000,4.316847,1,871.997000,0.000000,,v0.4.1-interval-core
14274838047,14274838047,14274838047,14274838047,0.000000,0,0,0,0,2,multiscale+elgendi_like,1.000000,0.000000,0,0,0,0,1.000000,4.636043,1,879.996000,0.000000,,v0.4.1-interval-core
14275686043,14275686043,14275686043,14275686043,0.000000,0,0,0,0,2,multiscale+elgendi_like,1.000000,0.000000,0,0,0,0,1.000000,4.830760,1,880.000000,0.000000,,v0.4.1-interval-core
14276574043,14276574043,14276574043,14276574043,0.000000,0,0,0,0,2,multiscale+elgendi_like,1.000000,0.000000,0,0,0,0,1.000000,4.808336,1,880.000000,0.000000,,v0.4.1-interval-core
14277470043,14277470043,14277470043,14277470043,0.000000,0,0,0,0,2,multiscale+elgendi_like,1.000000,0.000000,0,0,0,0,1.000000,4.733779,1,880.004000,0.000000,,v0.4.1-interval-core
14278350047,14278350047,14278350047,14278350047,0.000000,0,0,0,0,2,multiscale+elgendi_like,1.000000,0.000000,0,0,0,0,1.000000,4.235334,1,887.996000,0.000000,,v0.4.1-interval-core
14279190043,14279190043,14279190043,14279190043,0.000000,0,0,0,0,2,multiscale+elgendi_like,1.000000,0.000000,0,0,0,0,1.000000,4.678049,1,887.998000,0.000000,,v0.4.1-interval-core
14280070043,14280070043,14280070043,14280070043,0.000000,0,0,0,0,2,multiscale+elgendi_like,1.000000,0.000000,0,0,0,0,1.000000,4.909647,1,888.000000,0.000000,,v0.4.1-interval-core
14280958047,14280958047,14280958047,14280958047,0.000000,0,0,0,0,2,multiscale+elgendi_like,1.000000,0.000000,0,0,0,0,1.000000,5.238676,1,888.002000,0.000000,,v0.4.1-interval-core
14281846043,14281846043,14281846043,14281846043,0.000000,0,0,0,0,2,multiscale+elgendi_like,1.000000,0.000000,0,0,0,0,1.000000,4.992132,1,888.000000,0.000000,,v0.4.1-interval-core
14282758046,14282758046,14282758046,14282758046,0.000000,0,0,0,0,2,multiscale+elgendi_like,1.000000,0.000000,0,0,0,0,1.000000,4.702101,1,888.000000,0.000000,,v0.4.1-interval-core
14283646046,14283646046,14283646046,14283646046,0.000000,0,0,0,0,2,multiscale+elgendi_like,1.000000,0.000000,0,0,0,0,1.000000,4.669813,1,887.996000,0.000000,,v0.4.1-interval-core
14284590046,14284582043,14284590046,14284590046,8.003000,0,0,0,0,2,multiscale+elgendi_like,1.000000,0.000000,0,0,0,0,1.000000,5.043239,1,880.004000,8.003000,,v0.4.1-interval-core
14285590046,14285582043,14285590046,14285590046,8.003000,0,0,0,0,2,multiscale+elgendi_like,1.000000,0.000000,0,0,0,0,1.000000,4.939898,1,880.004000,8.003000,,v0.4.1-interval-core
14286566043,14286566043,14286566043,14286566043,0.000000,0,0,0,0,2,multiscale+elgendi_like,1.000000,0.000000,0,0,0,0,1.000000,4.729979,1,880.004000,0.000000,,v0.4.1-interval-core
14287462045,14287454047,14287462045,14287462045,7.998000,0,0,0,0,2,multiscale+elgendi_like,1.000000,0.000000,0,0,0,0,1.000000,4.142048,1,887.996000,7.998000,,v0.4.1-interval-core
14288334046,14288334046,14288334046,14288334046,0.000000,0,0,0,0,2,multiscale+elgendi_like,1.000000,0.000000,0,0,0,0,1.000000,4.321729,1,887.996000,0.000000,,v0.4.1-interval-core
14289190043,14289190043,14289190043,14289190043,0.000000,0,0,0,0,2,multiscale+elgendi_like,1.000000,0.000000,0,0,0,0,1.000000,4.171917,1,887.996000,0.000000,,v0.4.1-interval-core
14289998046,14289998046,14289998046,14289998046,0.000000,0,0,0,0,2,multiscale+elgendi_like,1.000000,0.000000,0,0,0,0,1.000000,4.042004,1,888.000000,0.000000,,v0.4.1-interval-core
14290830044,14290822043,14290830044,14290830044,8.001000,0,0,0,0,2,multiscale+elgendi_like,1.000000,0.000000,0,0,0,0,1.000000,4.148206,1,888.004000,8.001000,,v0.4.1-interval-core
14291662043,14291654043,14291662043,14291662043,8.000000,0,0,0,0,2,multiscale+elgendi_like,1.000000,0.000000,0,0,0,0,1.000000,4.160927,1,888.000000,8.000000,,v0.4.1-interval-core
14292470043,14292470043,14292470043,14292470043,0.000000,0,0,0,0,2,multiscale+elgendi_like,1.000000,0.000000,0,0,0,0,1.000000,4.006475,1,888.000000,0.000000,,v0.4.1-interval-core
14293318043,14293310046,14293318043,14293318043,7.997000,0,0,0,0,2,multiscale+elgendi_like,1.000000,0.000000,0,0,0,0,1.000000,4.618093,1,887.998000,7.997000,,v0.4.1-interval-core
14294222043,14294222043,14294222043,14294222043,0.000000,0,0,0,0,2,multiscale+elgendi_like,1.000000,0.000000,0,0,0,0,1.000000,4.562536,1,888.000000,0.000000,,v0.4.1-interval-core
14295190043,14295190043,14295190043,14295190043,0.000000,0,0,0,0,2,multiscale+elgendi_like,1.000000,0.000000,0,0,0,0,1.000000,4.725604,1,895.996000,0.000000,,v0.4.1-interval-core
14296174047,14296166043,14296174047,14296174047,8.004000,0,0,0,0,2,multiscale+elgendi_like,1.000000,0.000000,0,0,0,0,1.000000,4.670519,1,888.001000,8.004000,,v0.4.1-interval-core
14297110047,14297110047,14297110047,14297110047,0.000000,0,0,0,0,2,multiscale+elgendi_like,1.000000,0.000000,0,0,0,0,1.000000,4.597789,1,888.001000,0.000000,,v0.4.1-interval-core
14298006043,14297998043,14298006043,14298006043,8.000000,0,0,0,0,2,multiscale+elgendi_like,1.000000,0.000000,0,0,0,0,1.000000,4.380636,1,879.998000,8.000000,,v0.4.1-interval-core
14298822047,14298814044,14298822047,14298822047,8.003000,0,0,0,0,2,multiscale+elgendi_like,1.000000,0.000000,0,0,0,0,1.000000,4.402409,1,879.998000,8.003000,,v0.4.1-interval-core
14299670047,14299670047,14299670047,14299670047,0.000000,0,0,0,0,2,multiscale+elgendi_like,1.000000,0.000000,0,0,0,0,1.000000,4.840891,1,855.997000,0.000000,,v0.4.1-interval-core
14300550045,14300550045,14300550045,14300550045,0.000000,0,0,0,0,2,multiscale+elgendi_like,1.000000,0.000000,0,0,0,0,1.000000,4.804979,1,848.001000,0.000000,,v0.4.1-interval-core
14301510043,14301502045,14301510043,14301510043,7.998000,0,0,0,0,2,multiscale+elgendi_like,1.000000,0.000000,0,0,0,0,1.000000,4.987350,1,848.001000,7.998000,,v0.4.1-interval-core
14302454043,14302454043,14302454043,14302454043,0.000000,0,0,0,0,2,multiscale+elgendi_like,1.000000,0.000000,0,0,0,0,1.000000,4.093894,1,879.998000,0.000000,,v0.4.1-interval-core
14303342044,14303342044,14303342044,14303342044,0.000000,0,0,0,0,2,multiscale+elgendi_like,1.000000,0.000000,0,0,0,0,1.000000,4.451682,1,880.001000,0.000000,,v0.4.1-interval-core
14304222045,14304222045,14304222045,14304222045,0.000000,0,0,0,0,2,multiscale+elgendi_like,1.000000,0.000000,0,0,0,0,1.000000,4.592342,1,888.001000,0.000000,,v0.4.1-interval-core
14305070046,14305070046,14305070046,14305070046,0.000000,0,0,0,0,2,multiscale+elgendi_like,1.000000,0.000000,0,0,0,0,1.000000,3.800159,1,895.996000,0.000000,,v0.4.1-interval-core
14305846043,14305846043,14305846043,14305846043,0.000000,0,0,0,0,2,multiscale+elgendi_like,1.000000,0.000000,0,0,0,0,1.000000,3.907541,1,891.998500,0.000000,,v0.4.1-interval-core
14306654045,14306646045,14306654045,14306654045,8.000000,0,0,0,0,2,multiscale+elgendi_like,1.000000,0.000000,0,0,0,0,1.000000,4.548645,1,891.998500,8.000000,,v0.4.1-interval-core
14307486045,14307478043,14307486045,14307486045,8.002000,0,0,0,0,2,multiscale+elgendi_like,1.000000,0.000000,0,0,0,0,1.000000,4.655082,1,891.998500,8.002000,,v0.4.1-interval-core
14308326043,14308326043,14308326043,14308326043,0.000000,0,0,0,0,2,multiscale+elgendi_like,1.000000,0.000000,0,0,0,0,1.000000,4.772470,1,891.998500,0.000000,,v0.4.1-interval-core
14309270047,14309262043,14309270047,14309270047,8.004000,0,0,0,0,2,multiscale+elgendi_like,1.000000,0.000000,0,0,0,0,1.000000,5.073806,1,888.002500,8.004000,,v0.4.1-interval-core
14310294046,14310286043,14310294046,14310294046,8.003000,0,0,0,0,2,multiscale+elgendi_like,1.000000,0.000000,0,0,0,0,1.000000,4.783366,1,888.001500,8.003000,,v0.4.1-interval-core
14311318046,14311318046,14311318046,14311318046,0.000000,0,0,0,0,2,multiscale+elgendi_like,1.000000,0.000000,0,0,0,0,1.000000,4.467840,1,888.001000,0.000000,,v0.4.1-interval-core
14312286046,14312286046,14312286046,14312286046,0.000000,0,0,0,0,2,multiscale+elgendi_like,1.000000,0.000000,0,0,0,0,1.000000,4.096402,1,888.001000,0.000000,,v0.4.1-interval-core
14313198047,14313198047,14313198047,14313198047,0.000000,0,0,0,0,2,multiscale+elgendi_like,1.000000,0.000000,0,0,0,0,1.000000,4.177349,1,888.001000,0.000000,,v0.4.1-interval-core
14314142046,0,14314142046,14314142046,0.000000,1,0,0,0,2,multiscale+elgendi_like,1.000000,0.000000,0,0,1,0,1.000000,4.537669,1,880.001000,0.000000,,v0.4.1-interval-core
14315070043,0,14315070043,14315070043,0.000000,1,0,0,0,2,multiscale+elgendi_like,1.000000,0.000000,0,0,1,0,1.000000,4.382993,1,871.998000,0.000000,,v0.4.1-interval-core
14315958045,14315678043,14315958045,14315958045,280.002000,0,0,0,0,2,multiscale+elgendi_like,1.000000,0.000000,0,0,0,0,1.000000,5.391723,1,848.001000,280.002000,,v0.4.1-interval-core
14316766043,14316766043,14316766043,14316766043,0.000000,0,0,0,0,2,multiscale+elgendi_like,1.000000,0.000000,0,0,0,0,1.000000,4.266325,1,848.001000,0.000000,,v0.4.1-interval-core
14317614044,0,14317614044,14317614044,0.000000,1,0,0,0,2,multiscale+elgendi_like,1.000000,0.000000,0,0,1,0,1.000000,4.436120,1,871.998000,0.000000,,v0.4.1-interval-core
14318430047,14318430047,14318430047,14318430047,0.000000,0,0,0,0,2,multiscale+elgendi_like,1.000000,0.000000,0,0,0,0,1.000000,3.900794,1,871.998000,0.000000,,v0.4.1-interval-core
14319302045,14319294045,14319302045,14319302045,8.000000,0,0,0,0,2,multiscale+elgendi_like,1.000000,0.000000,0,0,0,0,1.000000,5.680533,1,888.001000,8.000000,,v0.4.1-interval-core
14320198047,14320198047,14320198047,14320198047,0.000000,0,0,0,0,2,multiscale+elgendi_like,1.000000,0.000000,0,0,0,0,1.000000,5.187060,1,884.003500,0.000000,,v0.4.1-interval-core
14321006045,14320998043,14321006045,14321006045,8.002000,0,0,0,0,2,multiscale+elgendi_like,1.000000,0.000000,0,0,0,0,1.000000,3.427325,1,887.996000,8.002000,,v0.4.1-interval-core
14321814043,14321814043,14321814043,14321814043,0.000000,0,0,0,0,2,multiscale+elgendi_like,1.000000,0.000000,0,0,0,0,1.000000,3.848355,1,879.999000,0.000000,,v0.4.1-interval-core
14322646045,14322646045,14322646045,14322646045,0.000000,0,0,0,0,2,multiscale+elgendi_like,1.000000,0.000000,0,0,0,0,1.000000,3.936841,1,871.998000,0.000000,,v0.4.1-interval-core
14323494044,14323486043,14323494044,14323494044,8.001000,0,0,0,0,2,multiscale+elgendi_like,1.000000,0.000000,0,0,0,0,1.000000,4.487759,1,871.998000,8.001000,,v0.4.1-interval-core
14324382047,14324382047,14324382047,14324382047,0.000000,0,0,0,0,2,multiscale+elgendi_like,1.000000,0.000000,0,0,0,0,1.000000,4.581298,1,864.001000,0.000000,,v0.4.1-interval-core
14325246043,14325246043,14325246043,14325246043,0.000000,0,0,0,0,2,multiscale+elgendi_like,1.000000,0.000000,0,0,0,0,1.000000,4.341842,1,863.996000,0.000000,,v0.4.1-interval-core
14326126048,14326126048,14326126048,14326126048,0.000000,0,0,0,0,2,multiscale+elgendi_like,1.000000,0.000000,0,0,0,0,1.000000,4.439231,1,855.999000,0.000000,,v0.4.1-interval-core
14327022047,14327014045,14327022047,14327022047,8.002000,0,0,0,0,2,multiscale+elgendi_like,1.000000,0.000000,0,0,0,0,1.000000,4.643195,1,855.998000,8.002000,,v0.4.1-interval-core
14327902046,14327902046,14327902046,14327902046,0.000000,0,0,0,0,2,multiscale+elgendi_like,1.000000,0.000000,0,0,0,0,1.000000,4.290196,1,855.998000,0.000000,,v0.4.1-interval-core
14328758045,14328758045,14328758045,14328758045,0.000000,0,0,0,0,2,multiscale+elgendi_like,1.000000,0.000000,0,0,0,0,1.000000,3.441749,1,851.998500,0.000000,,v0.4.1-interval-core
14329614043,14329606046,14329614043,14329614043,7.997000,0,0,0,0,2,multiscale+elgendi_like,1.000000,0.000000,0,0,0,0,1.000000,3.911479,1,851.998500,7.997000,,v0.4.1-interval-core
14330478044,14330478044,14330478044,14330478044,0.000000,0,0,0,0,2,multiscale+elgendi_like,1.000000,0.000000,0,0,0,0,1.000000,4.902847,1,843.999000,0.000000,,v0.4.1-interval-core
14331342047,14331334043,14331342047,14331342047,8.004000,0,0,0,0,2,multiscale+elgendi_like,1.000000,0.000000,0,0,0,0,1.000000,4.057857,1,836.000500,8.004000,,v0.4.1-interval-core
14332182046,14332174046,14332182046,14332182046,8.000000,0,0,0,0,2,multiscale+elgendi_like,1.000000,0.000000,0,0,0,0,1.000000,4.278354,1,836.000500,8.000000,,v0.4.1-interval-core
14332990043,14332990043,14332990043,14332990043,0.000000,0,0,0,0,2,multiscale+elgendi_like,1.000000,0.000000,0,0,0,0,1.000000,4.314833,1,836.000500,0.000000,,v0.4.1-interval-core
14333774043,14333766044,14333774043,14333774043,7.999000,0,0,0,0,2,multiscale+elgendi_like,1.000000,0.000000,0,0,0,0,1.000000,3.929909,1,839.998000,7.999000,,v0.4.1-interval-core
14334526043,0,14334526043,14334526043,0.000000,1,0,0,0,2,multiscale+elgendi_like,1.000000,0.000000,0,0,1,0,1.000000,3.396161,1,839.999500,0.000000,,v0.4.1-interval-core
14335254047,14334942043,14335254047,14335254047,312.004000,0,0,0,0,2,multiscale+elgendi_like,1.000000,0.000000,0,0,0,0,1.000000,3.685153,1,840.000000,312.004000,,v0.4.1-interval-core
14335998043,14335998043,14335998043,14335998043,0.000000,0,0,0,0,2,multiscale+elgendi_like,1.000000,0.000000,0,0,0,0,1.000000,3.839648,1,839.999500,0.000000,,v0.4.1-interval-core
14336750047,14336750047,14336750047,14336750047,0.000000,0,0,0,0,2,multiscale+elgendi_like,1.000000,0.000000,0,0,0,0,1.000000,3.701950,1,839.999500,0.000000,,v0.4.1-interval-core
14337494043,14337494043,14337494043,14337494043,0.000000,0,0,0,0,2,multiscale+elgendi_like,1.000000,0.000000,0,0,0,0,1.000000,4.244736,1,839.999500,0.000000,,v0.4.1-interval-core
14338286043,14338286043,14338286043,14338286043,0.000000,0,0,0,0,2,multiscale+elgendi_like,1.000000,0.000000,0,0,0,0,1.000000,4.800474,1,839.999500,0.000000,,v0.4.1-interval-core
14339086043,14339078046,14339086043,14339086043,7.997000,0,0,0,0,2,multiscale+elgendi_like,1.000000,0.000000,0,0,0,0,1.000000,4.470162,1,839.999500,7.997000,,v0.4.1-interval-core
14339902047,14339902047,14339902047,14339902047,0.000000,0,0,0,0,2,multiscale+elgendi_like,1.000000,0.000000,0,0,0,0,1.000000,4.246923,1,839.999500,0.000000,,v0.4.1-interval-core
14340742047,14340742047,14340742047,14340742047,0.000000,0,0,0,0,2,multiscale+elgendi_like,1.000000,0.000000,0,0,0,0,1.000000,4.720191,1,839.999500,0.000000,,v0.4.1-interval-core
14341598043,14341598043,14341598043,14341598043,0.000000,0,0,0,0,2,multiscale+elgendi_like,1.000000,0.000000,0,0,0,0,1.000000,4.665583,1,836.001500,0.000000,,v0.4.1-interval-core
14342470043,14342462047,14342470043,14342470043,7.996000,0,0,0,0,2,multiscale+elgendi_like,1.000000,0.000000,0,0,0,0,1.000000,4.721963,1,836.001500,7.996000,,v0.4.1-interval-core
14343358043,14343358043,14343358043,14343358043,0.000000,0,0,0,0,2,multiscale+elgendi_like,1.000000,0.000000,0,0,0,0,1.000000,4.386358,1,836.002000,0.000000,,v0.4.1-interval-core
14344222043,14344222043,14344222043,14344222043,0.000000,0,0,0,0,2,multiscale+elgendi_like,1.000000,0.000000,0,0,0,0,1.000000,4.431560,1,836.002000,0.000000,,v0.4.1-interval-core
14345102043,14345102043,14345102043,14345102043,0.000000,0,0,0,0,2,multiscale+elgendi_like,1.000000,0.000000,0,0,0,0,1.000000,4.816490,1,836.002000,0.000000,,v0.4.1-interval-core
14345990047,14345990047,14345990047,14345990047,0.000000,0,0,0,0,2,multiscale+elgendi_like,1.000000,0.000000,0,0,0,0,1.000000,4.578836,1,836.002000,0.000000,,v0.4.1-interval-core
14346870043,14346870043,14346870043,14346870043,0.000000,0,0,0,0,2,multiscale+elgendi_like,1.000000,0.000000,0,0,0,0,1.000000,4.303613,1,843.999000,0.000000,,v0.4.1-interval-core
14347702047,14347702047,14347702047,14347702047,0.000000,0,0,0,0,2,multiscale+elgendi_like,1.000000,0.000000,0,0,0,0,1.000000,4.399089,1,847.997500,0.000000,,v0.4.1-interval-core
14348558047,14348550043,14348558047,14348558047,8.004000,0,0,0,0,2,multiscale+elgendi_like,1.000000,0.000000,0,0,0,0,1.000000,4.780632,1,847.998000,8.004000,,v0.4.1-interval-core
14349414045,14349406043,14349414045,14349414045,8.002000,0,0,0,0,2,multiscale+elgendi_like,1.000000,0.000000,0,0,0,0,1.000000,4.846237,1,847.998000,8.002000,,v0.4.1-interval-core
14350262043,14350262043,14350262043,14350262043,0.000000,0,0,0,0,2,multiscale+elgendi_like,1.000000,0.000000,0,0,0,0,1.000000,4.533729,1,848.003000,0.000000,,v0.4.1-interval-core
14351086043,14351078044,14351086043,14351086043,7.999000,0,0,0,0,2,multiscale+elgendi_like,1.000000,0.000000,0,0,0,0,1.000000,4.267871,1,848.003000,7.999000,,v0.4.1-interval-core
14351910043,14351910043,14351910043,14351910043,0.000000,0,0,0,0,2,multiscale+elgendi_like,1.000000,0.000000,0,0,0,0,1.000000,4.804453,1,848.003000,0.000000,,v0.4.1-interval-core
14352742043,14352742043,14352742043,14352742043,0.000000,0,0,0,0,2,multiscale+elgendi_like,1.000000,0.000000,0,0,0,0,1.000000,4.950760,1,847.998000,0.000000,,v0.4.1-interval-core
14353606046,14353606046,14353606046,14353606046,0.000000,0,0,0,0,2,multiscale+elgendi_like,1.000000,0.000000,0,0,0,0,1.000000,4.948704,1,847.998000,0.000000,,v0.4.1-interval-core
14354454043,14354446043,14354454043,14354454043,8.000000,0,0,0,0,2,multiscale+elgendi_like,1.000000,0.000000,0,0,0,0,1.000000,4.472741,1,847.998000,8.000000,,v0.4.1-interval-core
14355286047,14355278043,14355286047,14355286047,8.004000,0,0,0,0,2,multiscale+elgendi_like,1.000000,0.000000,0,0,0,0,1.000000,4.662049,1,847.998000,8.004000,,v0.4.1-interval-core
14356126043,14356118043,14356126043,14356126043,8.000000,0,0,0,0,2,multiscale+elgendi_like,1.000000,0.000000,0,0,0,0,1.000000,4.847073,1,847.998000,8.000000,,v0.4.1-interval-core
14356974046,14356966047,14356974046,14356974046,7.999000,0,0,0,0,2,multiscale+elgendi_like,1.000000,0.000000,0,0,0,0,1.000000,4.498266,1,848.000500,7.999000,,v0.4.1-interval-core
14357798047,14357798047,14357798047,14357798047,0.000000,0,0,0,0,2,multiscale+elgendi_like,1.000000,0.000000,0,0,0,0,1.000000,4.006082,1,848.000500,0.000000,,v0.4.1-interval-core
14358590043,14358590043,14358590043,14358590043,0.000000,0,0,0,0,2,multiscale+elgendi_like,1.000000,0.000000,0,0,0,0,1.000000,4.198468,1,847.997500,0.000000,,v0.4.1-interval-core
14359414046,14359414046,14359414046,14359414046,0.000000,0,0,0,0,2,multiscale+elgendi_like,1.000000,0.000000,0,0,0,0,1.000000,4.702580,1,847.997500,0.000000,,v0.4.1-interval-core
14360278043,14360270047,14360278043,14360278043,7.996000,0,0,0,0,2,multiscale+elgendi_like,1.000000,0.000000,0,0,0,0,1.000000,4.905188,1,839.996000,7.996000,,v0.4.1-interval-core
14361134043,14361134043,14361134043,14361134043,0.000000,0,0,0,0,2,multiscale+elgendi_like,1.000000,0.000000,0,0,0,0,1.000000,4.669714,1,843.996500,0.000000,,v0.4.1-interval-core
14361990046,14361982047,14361990046,14361990046,7.999000,0,0,0,0,2,multiscale+elgendi_like,1.000000,0.000000,0,0,0,0,1.000000,4.456237,1,843.996500,7.999000,,v0.4.1-interval-core
14362878046,14362878046,14362878046,14362878046,0.000000,0,0,0,0,2,multiscale+elgendi_like,1.000000,0.000000,0,0,0,0,1.000000,4.854109,1,843.996500,0.000000,,v0.4.1-interval-core
14363782043,14363782043,14363782043,14363782043,0.000000,0,0,0,0,2,multiscale+elgendi_like,1.000000,0.000000,0,0,0,0,1.000000,4.046284,1,843.996500,0.000000,,v0.4.1-interval-core
14364662047,14364662047,14364662047,14364662047,0.000000,0,0,0,0,2,multiscale+elgendi_like,1.000000,0.000000,0,0,0,0,1.000000,3.794413,1,836.000000,0.000000,,v0.4.1-interval-core
14365454043,14365446047,14365454043,14365454043,7.996000,0,0,0,0,2,multiscale+elgendi_like,1.000000,0.000000,0,0,0,0,1.000000,3.060503,1,828.003500,7.996000,,v0.4.1-interval-core
14366214043,14366206046,14366214043,14366214043,7.997000,0,0,0,0,2,multiscale+elgendi_like,1.000000,0.000000,0,0,0,0,1.000000,3.527624,1,824.003000,7.997000,,v0.4.1-interval-core
14367038043,14367030043,14367038043,14367038043,8.000000,0,0,0,0,2,multiscale+elgendi_like,1.000000,0.000000,0,0,0,0,1.000000,2.797638,1,824.001000,8.000000,,v0.4.1-interval-core
14367950043,14367950043,14367950043,14367950043,0.000000,0,0,0,0,2,multiscale+elgendi_like,1.000000,0.000000,0,0,0,0,1.000000,4.730869,1,807.998000,0.000000,,v0.4.1-interval-core
14368806047,14368806047,14368806047,14368806047,0.000000,0,0,0,0,2,multiscale+elgendi_like,1.000000,0.000000,0,0,0,0,1.000000,2.989745,1,791.996000,0.000000,,v0.4.1-interval-core
14369558043,14369558043,14369558043,14369558043,0.000000,0,0,0,0,2,multiscale+elgendi_like,1.000000,0.000000,0,0,0,0,1.000000,3.382506,1,775.998000,0.000000,,v0.4.1-interval-core
14370286046,14370286046,14370286046,14370286046,0.000000,0,0,0,0,2,multiscale+elgendi_like,1.000000,0.000000,0,0,0,0,1.000000,3.920089,1,755.998000,0.000000,,v0.4.1-interval-core
14370990047,0,14370990047,14370990047,0.000000,1,0,0,0,2,multiscale+elgendi_like,1.000000,0.000000,0,0,1,0,1.000000,3.710169,1,755.998000,0.000000,,v0.4.1-interval-core
14371670044,14371670044,14371670044,14371670044,0.000000,0,0,0,0,2,multiscale+elgendi_like,1.000000,0.000000,0,0,0,0,1.000000,3.776011,1,751.996000,0.000000,,v0.4.1-interval-core
14372342047,14372334045,14372342047,14372342047,8.002000,0,0,0,0,2,multiscale+elgendi_like,1.000000,0.000000,0,0,0,0,1.000000,3.800178,1,751.996000,8.002000,,v0.4.1-interval-core
14373054043,14373054043,14373054043,14373054043,0.000000,0,0,0,0,2,multiscale+elgendi_like,1.000000,0.000000,0,0,0,0,1.000000,3.904235,1,751.996000,0.000000,,v0.4.1-interval-core
14373798047,14373790043,14373798047,14373798047,8.004000,0,0,0,0,2,multiscale+elgendi_like,1.000000,0.000000,0,0,0,0,1.000000,3.699945,1,755.998000,8.004000,,v0.4.1-interval-core
14374478047,14374478047,14374478047,14374478047,0.000000,0,0,0,0,2,multiscale+elgendi_like,1.000000,0.000000,0,0,0,0,1.000000,3.493804,1,755.998000,0.000000,,v0.4.1-interval-core
14375158047,14375158047,14375158047,14375158047,0.000000,0,0,0,0,2,multiscale+elgendi_like,1.000000,0.000000,0,0,0,0,1.000000,4.327998,1,751.996000,0.000000,,v0.4.1-interval-core
14375870046,14375870046,14375870046,14375870046,0.000000,0,0,0,0,2,multiscale+elgendi_like,1.000000,0.000000,0,0,0,0,1.000000,4.840898,1,751.996000,0.000000,,v0.4.1-interval-core
14376614043,14376614043,14376614043,14376614043,0.000000,0,0,0,0,2,multiscale+elgendi_like,1.000000,0.000000,0,0,0,0,1.000000,4.858098,1,751.996000,0.000000,,v0.4.1-interval-core
14377358043,14377358043,14377358043,14377358043,0.000000,0,0,0,0,2,multiscale+elgendi_like,1.000000,0.000000,0,0,0,0,1.000000,4.424395,1,755.998000,0.000000,,v0.4.1-interval-core
14378166047,14378158047,14378166047,14378166047,8.000000,0,0,0,0,2,multiscale+elgendi_like,1.000000,0.000000,0,0,0,0,1.000000,4.981693,1,751.996000,8.000000,,v0.4.1-interval-core
14379030043,14379030043,14379030043,14379030043,0.000000,0,0,0,0,2,multiscale+elgendi_like,1.000000,0.000000,0,0,0,0,1.000000,5.373836,1,748.000000,0.000000,,v0.4.1-interval-core
14379950043,14379950043,14379950043,14379950043,0.000000,0,0,0,0,2,multiscale+elgendi_like,1.000000,0.000000,0,0,0,0,1.000000,5.088857,1,744.004000,0.000000,,v0.4.1-interval-core
14380870043,14380870043,14380870043,14380870043,0.000000,0,0,0,0,2,multiscale+elgendi_like,1.000000,0.000000,0,0,0,0,1.000000,4.731393,1,755.999500,0.000000,,v0.4.1-interval-core
14381734043,14381734043,14381734043,14381734043,0.000000,0,0,0,0,2,multiscale+elgendi_like,1.000000,0.000000,0,0,0,0,1.000000,4.361986,1,760.000000,0.000000,,v0.4.1-interval-core
14382598043,14382598043,14382598043,14382598043,0.000000,0,0,0,0,2,multiscale+elgendi_like,1.000000,0.000000,0,0,0,0,1.000000,4.509629,1,760.004000,0.000000,,v0.4.1-interval-core
14383470045,0,14383470045,14383470045,0.000000,1,0,0,0,2,multiscale+elgendi_like,1.000000,0.000000,0,0,1,0,1.000000,4.338797,1,799.997000,0.000000,,v0.4.1-interval-core
14384278043,14384278043,14384278043,14384278043,0.000000,0,0,0,0,2,multiscale+elgendi_like,1.000000,0.000000,0,0,0,0,1.000000,3.964109,1,807.998000,0.000000,,v0.4.1-interval-core
14385038047,14385030047,14385038047,14385038047,8.000000,0,0,0,0,2,multiscale+elgendi_like,1.000000,0.000000,0,0,0,0,1.000000,4.151641,1,808.001000,8.000000,,v0.4.1-interval-core
14385814047,14385814047,14385814047,14385814047,0.000000,0,0,0,0,2,multiscale+elgendi_like,1.000000,0.000000,0,0,0,0,1.000000,4.192971,1,832.000000,0.000000,,v0.4.1-interval-core
14386574043,14386574043,14386574043,14386574043,0.000000,0,0,0,0,2,multiscale+elgendi_like,1.000000,0.000000,0,0,0,0,1.000000,4.000207,1,851.998000,0.000000,,v0.4.1-interval-core
14387326046,14387326046,14387326046,14387326046,0.000000,0,0,0,0,2,multiscale+elgendi_like,1.000000,0.000000,0,0,0,0,1.000000,4.381858,1,851.998000,0.000000,,v0.4.1-interval-core
14388126043,14388126043,14388126043,14388126043,0.000000,0,0,0,0,2,multiscale+elgendi_like,1.000000,0.000000,0,0,0,0,1.000000,4.728262,1,856.000000,0.000000,,v0.4.1-interval-core
14388998043,14388998043,14388998043,14388998043,0.000000,0,0,0,0,2,multiscale+elgendi_like,1.000000,0.000000,0,0,0,0,1.000000,4.642508,1,856.000000,0.000000,,v0.4.1-interval-core
14389854047,14389854047,14389854047,14389854047,0.000000,0,0,0,0,2,multiscale+elgendi_like,1.000000,0.000000,0,0,0,0,1.000000,4.333031,1,856.000000,0.000000,,v0.4.1-interval-core
14390710043,14390702046,14390710043,14390710043,7.997000,0,0,0,0,2,multiscale+elgendi_like,1.000000,0.000000,0,0,0,0,1.000000,4.439609,1,848.000000,7.997000,,v0.4.1-interval-core
14391574046,14391574046,14391574046,14391574046,0.000000,0,0,0,0,2,multiscale+elgendi_like,1.000000,0.000000,0,0,0,0,1.000000,4.233843,1,824.000000,0.000000,,v0.4.1-interval-core
14392446043,14392446043,14392446043,14392446043,0.000000,0,0,0,0,2,multiscale+elgendi_like,1.000000,0.000000,0,0,0,0,1.000000,4.166539,1,824.000000,0.000000,,v0.4.1-interval-core
14393294043,14393294043,14393294043,14393294043,0.000000,0,0,0,0,2,multiscale+elgendi_like,1.000000,0.000000,0,0,0,0,1.000000,3.631773,1,807.998000,0.000000,,v0.4.1-interval-core
14394118043,14394118043,14394118043,14394118043,0.000000,0,0,0,0,2,multiscale+elgendi_like,1.000000,0.000000,0,0,0,0,1.000000,3.956500,1,787.998500,0.000000,,v0.4.1-interval-core
14394982043,14394982043,14394982043,14394982043,0.000000,0,0,0,0,2,multiscale+elgendi_like,1.000000,0.000000,0,0,0,0,1.000000,4.130500,1,768.002000,0.000000,,v0.4.1-interval-core
14395806043,14395806043,14395806043,14395806043,0.000000,0,0,0,0,2,multiscale+elgendi_like,1.000000,0.000000,0,0,0,0,1.000000,3.880540,1,764.000000,0.000000,,v0.4.1-interval-core
14396526043,14396526043,14396526043,14396526043,0.000000,0,0,0,0,2,multiscale+elgendi_like,1.000000,0.000000,0,0,0,0,1.000000,3.345111,1,755.999500,0.000000,,v0.4.1-interval-core
14397246043,0,14397246043,14397246043,0.000000,1,0,0,0,2,multiscale+elgendi_like,1.000000,0.000000,0,0,1,0,1.000000,2.542252,1,755.999500,0.000000,,v0.4.1-interval-core
14397894043,14397894043,14397894043,14397894043,0.000000,0,0,0,0,2,multiscale+elgendi_like,1.000000,0.000000,0,0,0,0,1.000000,3.368152,1,744.001500,0.000000,,v0.4.1-interval-core
14398622045,14398622045,14398622045,14398622045,0.000000,0,0,0,0,2,multiscale+elgendi_like,1.000000,0.000000,0,0,0,0,1.000000,3.976517,1,735.999500,0.000000,,v0.4.1-interval-core
14399326043,14399326043,14399326043,14399326043,0.000000,0,0,0,0,2,multiscale+elgendi_like,1.000000,0.000000,0,0,0,0,1.000000,3.487160,1,732.000500,0.000000,,v0.4.1-interval-core
14399966047,14399958045,14399966047,14399966047,8.002000,0,0,0,0,2,multiscale+elgendi_like,1.000000,0.000000,0,0,0,0,1.000000,3.713388,1,732.000500,8.002000,,v0.4.1-interval-core
14400654045,14400654045,14400654045,14400654045,0.000000,0,0,0,0,2,multiscale+elgendi_like,1.000000,0.000000,0,0,0,0,1.000000,5.106735,1,728.000000,0.000000,,v0.4.1-interval-core
14401350045,0,14401350045,14401350045,0.000000,1,0,0,0,2,multiscale+elgendi_like,1.000000,0.000000,0,0,1,0,1.000000,4.958129,1,728.000000,0.000000,,v0.4.1-interval-core
14402086045,0,14402086045,14402086045,0.000000,1,0,0,0,2,multiscale+elgendi_like,1.000000,0.000000,0,0,1,0,1.000000,5.277510,1,720.002000,0.000000,,v0.4.1-interval-core
14402806047,14402806047,14402806047,14402806047,0.000000,0,0,0,0,2,multiscale+elgendi_like,1.000000,0.000000,0,0,0,0,1.000000,4.532478,1,720.000000,0.000000,,v0.4.1-interval-core
14403542046,14403542046,14403542046,14403542046,0.000000,0,0,0,0,2,multiscale+elgendi_like,1.000000,0.000000,0,0,0,0,1.000000,4.876493,1,720.000000,0.000000,,v0.4.1-interval-core
14404302047,14404302047,14404302047,14404302047,0.000000,0,0,0,0,2,multiscale+elgendi_like,1.000000,0.000000,0,0,0,0,1.000000,4.529952,1,719.998000,0.000000,,v0.4.1-interval-core
14405022043,14405022043,14405022043,14405022043,0.000000,0,0,0,0,2,multiscale+elgendi_like,1.000000,0.000000,0,0,0,0,1.000000,3.889044,1,715.999000,0.000000,,v0.4.1-interval-core
14405726043,14405726043,14405726043,14405726043,0.000000,0,0,0,0,2,multiscale+elgendi_like,1.000000,0.000000,0,0,0,0,1.000000,4.157825,1,712.001000,0.000000,,v0.4.1-interval-core
14406454043,0,14406454043,14406454043,0.000000,1,0,0,0,2,multiscale+elgendi_like,1.000000,0.000000,0,0,1,0,1.000000,4.475524,1,712.001000,0.000000,,v0.4.1-interval-core
14407182043,0,14407182043,14407182043,0.000000,1,0,0,0,2,multiscale+elgendi_like,1.000000,0.000000,0,0,1,0,1.000000,4.436267,1,712.000000,0.000000,,v0.4.1-interval-core
14407894043,14407894043,14407894043,14407894043,0.000000,0,0,0,0,2,multiscale+elgendi_like,1.000000,0.000000,0,0,0,0,1.000000,4.133222,1,712.000000,0.000000,,v0.4.1-interval-core
14408606045,14408606045,14408606045,14408606045,0.000000,0,0,0,0,2,multiscale+elgendi_like,1.000000,0.000000,0,0,0,0,1.000000,4.066403,1,712.000000,0.000000,,v0.4.1-interval-core
14409302046,14409302046,14409302046,14409302046,0.000000,0,0,0,0,2,multiscale+elgendi_like,1.000000,0.000000,0,0,0,0,1.000000,3.843977,1,712.001000,0.000000,,v0.4.1-interval-core
14409974046,14409974046,14409974046,14409974046,0.000000,0,0,0,0,2,multiscale+elgendi_like,1.000000,0.000000,0,0,0,0,1.000000,4.220473,1,712.000000,0.000000,,v0.4.1-interval-core
14410662047,14410662047,14410662047,14410662047,0.000000,0,0,0,0,2,multiscale+elgendi_like,1.000000,0.000000,0,0,0,0,1.000000,4.620697,1,712.002000,0.000000,,v0.4.1-interval-core
14411342044,14411342044,14411342044,14411342044,0.000000,0,0,0,0,2,multiscale+elgendi_like,1.000000,0.000000,0,0,0,0,1.000000,4.349046,1,719.996000,0.000000,,v0.4.1-interval-core
14412014045,14412014045,14412014045,14412014045,0.000000,0,0,0,0,2,multiscale+elgendi_like,1.000000,0.000000,0,0,0,0,1.000000,4.525925,1,720.002000,0.000000,,v0.4.1-interval-core
14412678045,0,14412678045,14412678045,0.000000,1,0,0,0,2,multiscale+elgendi_like,1.000000,0.000000,0,0,1,0,1.000000,4.831794,1,728.000000,0.000000,,v0.4.1-interval-core
14413390045,0,14413390045,14413390045,0.000000,1,0,0,0,2,multiscale+elgendi_like,1.000000,0.000000,0,0,1,0,1.000000,5.517513,1,728.000000,0.000000,,v0.4.1-interval-core
14414166043,14414158043,14414166043,14414166043,8.000000,0,0,0,0,2,multiscale+elgendi_like,1.000000,0.000000,0,0,0,0,1.000000,5.672283,1,728.000000,8.000000,,v0.4.1-interval-core
14414990046,14414966043,14414990046,14414990046,24.003000,0,0,0,0,2,multiscale+elgendi_like,1.000000,0.000000,0,0,0,0,1.000000,5.707777,1,728.000000,24.003000,,v0.4.1-interval-core
14415830047,14415830047,14415830047,14415830047,0.000000,0,0,0,0,2,multiscale+elgendi_like,1.000000,0.000000,0,0,0,0,1.000000,5.108517,1,728.000000,0.000000,,v0.4.1-interval-core
14416646043,14416646043,14416646043,14416646043,0.000000,0,0,0,0,2,multiscale+elgendi_like,1.000000,0.000000,0,0,0,0,1.000000,5.326209,1,759.998000,0.000000,,v0.4.1-interval-core
14417462043,14417462043,14417462043,14417462043,0.000000,0,0,0,0,2,multiscale+elgendi_like,1.000000,0.000000,0,0,0,0,1.000000,5.204671,1,775.998000,0.000000,,v0.4.1-interval-core
14418278047,14418278047,14418278047,14418278047,0.000000,0,0,0,0,2,multiscale+elgendi_like,1.000000,0.000000,0,0,0,0,1.000000,4.670529,1,771.999000,0.000000,,v0.4.1-interval-core
14419086047,14419086047,14419086047,14419086047,0.000000,0,0,0,0,2,multiscale+elgendi_like,1.000000,0.000000,0,0,0,0,1.000000,5.012996,1,771.999500,0.000000,,v0.4.1-interval-core
14419902043,14419894047,14419902043,14419902043,7.996000,0,0,0,0,2,multiscale+elgendi_like,1.000000,0.000000,0,0,0,0,1.000000,4.808826,1,779.998000,7.996000,,v0.4.1-interval-core
14420694046,14420694046,14420694046,14420694046,0.000000,0,0,0,0,2,multiscale+elgendi_like,1.000000,0.000000,0,0,0,0,1.000000,4.474665,1,784.000000,0.000000,,v0.4.1-interval-core
14421478044,14421470044,14421478044,14421478044,8.000000,0,0,0,0,2,multiscale+elgendi_like,1.000000,0.000000,0,0,0,0,1.000000,4.431232,1,788.000500,8.000000,,v0.4.1-interval-core
14422270043,14422270043,14422270043,14422270043,0.000000,0,0,0,0,2,multiscale+elgendi_like,1.000000,0.000000,0,0,0,0,1.000000,4.402569,1,792.000500,0.000000,,v0.4.1-interval-core
14423062045,14423062045,14423062045,14423062045,0.000000,0,0,0,0,2,multiscale+elgendi_like,1.000000,0.000000,0,0,0,0,1.000000,4.257586,1,792.000500,0.000000,,v0.4.1-interval-core
14423814043,14423814043,14423814043,14423814043,0.000000,0,0,0,0,2,multiscale+elgendi_like,1.000000,0.000000,0,0,0,0,1.000000,3.924583,1,792.000500,0.000000,,v0.4.1-interval-core
14424582043,14424582043,14424582043,14424582043,0.000000,0,0,0,0,2,multiscale+elgendi_like,1.000000,0.000000,0,0,0,0,1.000000,4.526784,1,792.002000,0.000000,,v0.4.1-interval-core
14425334043,14425334043,14425334043,14425334043,0.000000,0,0,0,0,2,multiscale+elgendi_like,1.000000,0.000000,0,0,0,0,1.000000,4.308169,1,792.000500,0.000000,,v0.4.1-interval-core
14426102044,14426102044,14426102044,14426102044,0.000000,0,0,0,0,2,multiscale+elgendi_like,1.000000,0.000000,0,0,0,0,1.000000,4.589723,1,791.999000,0.000000,,v0.4.1-interval-core
14426886046,14426886046,14426886046,14426886046,0.000000,0,0,0,0,2,multiscale+elgendi_like,1.000000,0.000000,0,0,0,0,1.000000,4.924104,1,784.002000,0.000000,,v0.4.1-interval-core
14427694043,14427694043,14427694043,14427694043,0.000000,0,0,0,0,2,multiscale+elgendi_like,1.000000,0.000000,0,0,0,0,1.000000,5.129017,1,784.000000,0.000000,,v0.4.1-interval-core
14428494043,14428494043,14428494043,14428494043,0.000000,0,0,0,0,2,multiscale+elgendi_like,1.000000,0.000000,0,0,0,0,1.000000,4.898499,1,780.000000,0.000000,,v0.4.1-interval-core
14429326043,14429326043,14429326043,14429326043,0.000000,0,0,0,0,2,multiscale+elgendi_like,1.000000,0.000000,0,0,0,0,1.000000,5.103079,1,772.002500,0.000000,,v0.4.1-interval-core
14430094046,14430094046,14430094046,14430094046,0.000000,0,0,0,0,2,multiscale+elgendi_like,1.000000,0.000000,0,0,0,0,1.000000,4.260376,1,768.002500,0.000000,,v0.4.1-interval-core
14430846044,14430838043,14430846044,14430846044,8.001000,0,0,0,0,2,multiscale+elgendi_like,1.000000,0.000000,0,0,0,0,1.000000,4.866267,1,768.001000,8.001000,,v0.4.1-interval-core
14431550043,14431550043,14431550043,14431550043,0.000000,0,0,0,0,2,multiscale+elgendi_like,1.000000,0.000000,0,0,0,0,1.000000,4.168075,1,768.000500,0.000000,,v0.4.1-interval-core
14432286043,14432286043,14432286043,14432286043,0.000000,0,0,0,0,2,multiscale+elgendi_like,1.000000,0.000000,0,0,0,0,1.000000,4.989033,1,759.998000,0.000000,,v0.4.1-interval-core
14433062045,14433062045,14433062045,14433062045,0.000000,0,0,0,0,2,multiscale+elgendi_like,1.000000,0.000000,0,0,0,0,1.000000,4.609941,1,752.000000,0.000000,,v0.4.1-interval-core
14433798045,14433798045,14433798045,14433798045,0.000000,0,0,0,0,2,multiscale+elgendi_like,1.000000,0.000000,0,0,0,0,1.000000,4.238922,1,751.999000,0.000000,,v0.4.1-interval-core
14434566047,14434566047,14434566047,14434566047,0.000000,0,0,0,0,2,multiscale+elgendi_like,1.000000,0.000000,0,0,0,0,1.000000,4.841927,1,752.000000,0.000000,,v0.4.1-interval-core
14435326045,14435326045,14435326045,14435326045,0.000000,0,0,0,0,2,multiscale+elgendi_like,1.000000,0.000000,0,0,0,0,1.000000,3.987111,1,759.998000,0.000000,,v0.4.1-interval-core
14436078043,14436070047,14436078043,14436078043,7.996000,0,0,0,0,2,multiscale+elgendi_like,1.000000,0.000000,0,0,0,0,1.000000,3.726052,1,759.998000,7.996000,,v0.4.1-interval-core
14436822043,14436822043,14436822043,14436822043,0.000000,0,0,0,0,2,multiscale+elgendi_like,1.000000,0.000000,0,0,0,0,1.000000,3.616251,1,763.999500,0.000000,,v0.4.1-interval-core
14437534044,14437526047,14437534044,14437534044,7.997000,0,0,0,0,2,multiscale+elgendi_like,1.000000,0.000000,0,0,0,0,1.000000,3.230016,1,760.000000,7.997000,,v0.4.1-interval-core
14438182046,14438174043,14438182046,14438182046,8.003000,0,0,0,0,2,multiscale+elgendi_like,1.000000,0.000000,0,0,0,0,1.000000,3.206224,1,755.998000,8.003000,,v0.4.1-interval-core
14438862043,14439198045,14438862043,14438862043,-336.002000,0,0,0,0,2,multiscale+elgendi_like,1.000000,0.000000,0,0,0,0,1.000000,4.756851,1,751.998000,336.002000,,v0.4.1-interval-core
14439566044,0,14439566044,14439566044,0.000000,1,0,0,0,2,multiscale+elgendi_like,1.000000,0.000000,0,0,1,0,1.000000,5.555083,1,751.998000,0.000000,,v0.4.1-interval-core
14440294043,14440614044,14440294043,14440294043,-320.001000,0,0,0,0,2,multiscale+elgendi_like,1.000000,0.000000,0,0,0,0,1.000000,5.587105,1,751.998000,320.001000,,v0.4.1-interval-core
14441070044,14441070044,14441070044,14441070044,0.000000,0,0,0,0,2,multiscale+elgendi_like,1.000000,0.000000,0,0,0,0,1.000000,5.749548,1,751.998000,0.000000,,v0.4.1-interval-core
14441846043,14441846043,14441846043,14441846043,0.000000,0,0,0,0,2,multiscale+elgendi_like,1.000000,0.000000,0,0,0,0,1.000000,5.170782,1,751.998000,0.000000,,v0.4.1-interval-core
14442638043,14442638043,14442638043,14442638043,0.000000,0,0,0,0,2,multiscale+elgendi_like,1.000000,0.000000,0,0,0,0,1.000000,5.079317,1,751.998000,0.000000,,v0.4.1-interval-core
14443430043,14443430043,14443430043,14443430043,0.000000,0,0,0,0,2,multiscale+elgendi_like,1.000000,0.000000,0,0,0,0,1.000000,4.690816,1,760.000000,0.000000,,v0.4.1-interval-core
14444190045,14444190045,14444190045,14444190045,0.000000,0,0,0,0,2,multiscale+elgendi_like,1.000000,0.000000,0,0,0,0,1.000000,4.162903,1,760.002000,0.000000,,v0.4.1-interval-core
14444894046,14444894046,14444894046,14444894046,0.000000,0,0,0,0,2,multiscale+elgendi_like,1.000000,0.000000,0,0,0,0,1.000000,3.916731,1,764.002000,0.000000,,v0.4.1-interval-core
14445606045,14445606045,14445606045,14445606045,0.000000,0,0,0,0,2,multiscale+elgendi_like,1.000000,0.000000,0,0,0,0,1.000000,4.798329,1,768.000500,0.000000,,v0.4.1-interval-core
14446358043,14446358043,14446358043,14446358043,0.000000,0,0,0,0,2,multiscale+elgendi_like,1.000000,0.000000,0,0,0,0,1.000000,4.877415,1,771.998500,0.000000,,v0.4.1-interval-core
14447158045,14447158045,14447158045,14447158045,0.000000,0,0,0,0,2,multiscale+elgendi_like,1.000000,0.000000,0,0,0,0,1.000000,5.265619,1,776.000000,0.000000,,v0.4.1-interval-core
14447974043,14447974043,14447974043,14447974043,0.000000,0,0,0,0,2,multiscale+elgendi_like,1.000000,0.000000,0,0,0,0,1.000000,5.007645,1,776.000000,0.000000,,v0.4.1-interval-core
14448822043,14448822043,14448822043,14448822043,0.000000,0,0,0,0,2,multiscale+elgendi_like,1.000000,0.000000,0,0,0,0,1.000000,5.055655,1,776.000000,0.000000,,v0.4.1-interval-core
14449678045,14449678045,14449678045,14449678045,0.000000,0,0,0,0,2,multiscale+elgendi_like,1.000000,0.000000,0,0,0,0,1.000000,5.082584,1,776.000000,0.000000,,v0.4.1-interval-core
14450542045,14450542045,14450542045,14450542045,0.000000,0,0,0,0,2,multiscale+elgendi_like,1.000000,0.000000,0,0,0,0,1.000000,5.226797,1,776.000000,0.000000,,v0.4.1-interval-core
14451350043,14451350043,14451350043,14451350043,0.000000,0,0,0,0,2,multiscale+elgendi_like,1.000000,0.000000,0,0,0,0,1.000000,5.093336,1,776.000000,0.000000,,v0.4.1-interval-core
14452174043,14452166043,14452174043,14452174043,8.000000,0,0,0,0,2,multiscale+elgendi_like,1.000000,0.000000,0,0,0,0,1.000000,5.668995,1,775.999000,8.000000,,v0.4.1-interval-core
14452998047,14452998047,14452998047,14452998047,0.000000,0,0,0,0,2,multiscale+elgendi_like,1.000000,0.000000,0,0,0,0,1.000000,5.746797,1,768.002000,0.000000,,v0.4.1-interval-core
14453782043,14453782043,14453782043,14453782043,0.000000,0,0,0,0,2,multiscale+elgendi_like,1.000000,0.000000,0,0,0,0,1.000000,5.205971,1,767.997000,0.000000,,v0.4.1-interval-core
14454510043,14454510043,14454510043,14454510043,0.000000,0,0,0,0,2,multiscale+elgendi_like,1.000000,0.000000,0,0,0,0,1.000000,4.948276,1,767.999500,0.000000,,v0.4.1-interval-core
14455238043,14455238043,14455238043,14455238043,0.000000,0,0,0,0,2,multiscale+elgendi_like,1.000000,0.000000,0,0,0,0,1.000000,5.316054,1,768.000000,0.000000,,v0.4.1-interval-core
14455990045,14455990045,14455990045,14455990045,0.000000,0,0,0,0,2,multiscale+elgendi_like,1.000000,0.000000,0,0,0,0,1.000000,5.355849,1,768.000000,0.000000,,v0.4.1-interval-core
14456742043,14456742043,14456742043,14456742043,0.000000,0,0,0,0,2,multiscale+elgendi_like,1.000000,0.000000,0,0,0,0,1.000000,5.198702,1,768.001000,0.000000,,v0.4.1-interval-core
14457462043,14457462043,14457462043,14457462043,0.000000,0,0,0,0,2,multiscale+elgendi_like,1.000000,0.000000,0,0,0,0,1.000000,5.031881,1,768.002000,0.000000,,v0.4.1-interval-core
14458230045,14458230045,14458230045,14458230045,0.000000,0,0,0,0,2,multiscale+elgendi_like,1.000000,0.000000,0,0,0,0,1.000000,5.692188,1,768.002000,0.000000,,v0.4.1-interval-core
14458974046,14458966047,14458974046,14458974046,7.999000,0,0,0,0,2,multiscale+elgendi_like,1.000000,0.000000,0,0,0,0,1.000000,4.893886,1,772.000500,7.999000,,v0.4.1-interval-core
14459710047,14459710047,14459710047,14459710047,0.000000,0,0,0,0,2,multiscale+elgendi_like,1.000000,0.000000,0,0,0,0,1.000000,4.980875,1,768.002000,0.000000,,v0.4.1-interval-core
14460478044,14460478044,14460478044,14460478044,0.000000,0,0,0,0,2,multiscale+elgendi_like,1.000000,0.000000,0,0,0,0,1.000000,5.048945,1,768.001000,0.000000,,v0.4.1-interval-core
14461254043,14461246047,14461254043,14461254043,7.996000,0,0,0,0,2,multiscale+elgendi_like,1.000000,0.000000,0,0,0,0,1.000000,5.085114,1,768.000000,7.996000,,v0.4.1-interval-core
14462022043,14462022043,14462022043,14462022043,0.000000,0,0,0,0,2,multiscale+elgendi_like,1.000000,0.000000,0,0,0,0,1.000000,4.993067,1,767.999000,0.000000,,v0.4.1-interval-core
14462790043,14462782046,14462790043,14462790043,7.997000,0,0,0,0,2,multiscale+elgendi_like,1.000000,0.000000,0,0,0,0,1.000000,4.894777,1,767.997500,7.997000,,v0.4.1-interval-core
14463598047,14463598047,14463598047,14463598047,0.000000,0,0,0,0,2,multiscale+elgendi_like,1.000000,0.000000,0,0,0,0,1.000000,5.011793,1,752.002000,0.000000,,v0.4.1-interval-core
14464366045,14464366045,14464366045,14464366045,0.000000,0,0,0,0,2,multiscale+elgendi_like,1.000000,0.000000,0,0,0,0,1.000000,4.476633,1,751.998000,0.000000,,v0.4.1-interval-core
14465166045,14465166045,14465166045,14465166045,0.000000,0,0,0,0,2,multiscale+elgendi_like,1.000000,0.000000,0,0,0,0,1.000000,4.955298,1,744.001000,0.000000,,v0.4.1-interval-core
14465950043,14465950043,14465950043,14465950043,0.000000,0,0,0,0,2,multiscale+elgendi_like,1.000000,0.000000,0,0,0,0,1.000000,4.902224,1,751.998000,0.000000,,v0.4.1-interval-core
14466718045,14466718045,14466718045,14466718045,0.000000,0,0,0,0,2,multiscale+elgendi_like,1.000000,0.000000,0,0,0,0,1.000000,4.743231,1,752.002000,0.000000,,v0.4.1-interval-core
14467414043,14467414043,14467414043,14467414043,0.000000,0,0,0,0,2,multiscale+elgendi_like,1.000000,0.000000,0,0,0,0,1.000000,3.946532,1,751.998000,0.000000,,v0.4.1-interval-core
14468110043,14468110043,14468110043,14468110043,0.000000,0,0,0,0,2,multiscale+elgendi_like,1.000000,0.000000,0,0,0,0,1.000000,4.704494,1,744.002000,0.000000,,v0.4.1-interval-core
14468798046,14468798046,14468798046,14468798046,0.000000,0,0,0,0,2,multiscale+elgendi_like,1.000000,0.000000,0,0,0,0,1.000000,4.230000,1,744.001000,0.000000,,v0.4.1-interval-core
14469462043,0,14469462043,14469462043,0.000000,1,0,0,0,2,multiscale+elgendi_like,1.000000,0.000000,0,0,1,0,1.000000,4.228932,1,744.001000,0.000000,,v0.4.1-interval-core
14470110043,14469854045,14470110043,14470110043,255.998000,0,0,0,0,2,multiscale+elgendi_like,1.000000,0.000000,0,0,0,0,1.000000,4.648792,1,747.999500,255.998000,,v0.4.1-interval-core
14470774045,14470446043,14470774045,14470774045,328.002000,0,0,0,0,2,multiscale+elgendi_like,1.000000,0.000000,0,0,0,0,1.000000,4.772058,1,751.999000,328.002000,,v0.4.1-interval-core
14471478043,14471478043,14471478043,14471478043,0.000000,0,0,0,0,2,multiscale+elgendi_like,1.000000,0.000000,0,0,0,0,1.000000,5.079393,1,752.000000,0.000000,,v0.4.1-interval-core
14472222043,14472222043,14472222043,14472222043,0.000000,0,0,0,0,2,multiscale+elgendi_like,1.000000,0.000000,0,0,0,0,1.000000,4.970889,1,752.000000,0.000000,,v0.4.1-interval-core
14472998043,14472998043,14472998043,14472998043,0.000000,0,0,0,0,2,multiscale+elgendi_like,1.000000,0.000000,0,0,0,0,1.000000,5.037722,1,752.000000,0.000000,,v0.4.1-interval-core
14473798043,0,14473798043,14473798043,0.000000,1,0,0,0,2,multiscale+elgendi_like,1.000000,0.000000,0,0,1,0,1.000000,4.711181,1,752.000000,0.000000,,v0.4.1-interval-core
14474534043,14474526043,14474534043,14474534043,8.000000,0,0,0,0,2,multiscale+elgendi_like,1.000000,0.000000,0,0,0,0,1.000000,3.979019,1,752.000000,8.000000,,v0.4.1-interval-core
14475254043,14475254043,14475254043,14475254043,0.000000,0,0,0,0,2,multiscale+elgendi_like,1.000000,0.000000,0,0,0,0,1.000000,4.144321,1,752.000000,0.000000,,v0.4.1-interval-core
14475942044,14475934045,14475942044,14475942044,7.999000,0,0,0,0,2,multiscale+elgendi_like,1.000000,0.000000,0,0,0,0,1.000000,3.927214,1,752.000000,7.999000,,v0.4.1-interval-core
14476694043,14476686044,14476694043,14476694043,7.999000,0,0,0,0,2,multiscale+elgendi_like,1.000000,0.000000,0,0,0,0,1.000000,4.893456,1,751.999000,7.999000,,v0.4.1-interval-core
14477446043,14477446043,14477446043,14477446043,0.000000,0,0,0,0,2,multiscale+elgendi_like,1.000000,0.000000,0,0,0,0,1.000000,4.804612,1,751.999000,0.000000,,v0.4.1-interval-core
14478262043,14478262043,14478262043,14478262043,0.000000,0,0,0,0,2,multiscale+elgendi_like,1.000000,0.000000,0,0,0,0,1.000000,5.271644,1,751.999000,0.000000,,v0.4.1-interval-core
14479094046,14479094046,14479094046,14479094046,0.000000,0,0,0,0,2,multiscale+elgendi_like,1.000000,0.000000,0,0,0,0,1.000000,5.188443,1,751.999500,0.000000,,v0.4.1-interval-core
14479950043,14479950043,14479950043,14479950043,0.000000,0,0,0,0,2,multiscale+elgendi_like,1.000000,0.000000,0,0,0,0,1.000000,4.930784,1,768.001000,0.000000,,v0.4.1-interval-core
14480782047,14480782047,14480782047,14480782047,0.000000,0,0,0,0,2,multiscale+elgendi_like,1.000000,0.000000,0,0,0,0,1.000000,4.531596,1,771.999500,0.000000,,v0.4.1-interval-core
14481606047,14481606047,14481606047,14481606047,0.000000,0,0,0,0,2,multiscale+elgendi_like,1.000000,0.000000,0,0,0,0,1.000000,4.319623,1,775.998000,0.000000,,v0.4.1-interval-core
14482382043,14482374043,14482382043,14482382043,8.000000,0,0,0,0,2,multiscale+elgendi_like,1.000000,0.000000,0,0,0,0,1.000000,4.178712,1,776.000000,8.000000,,v0.4.1-interval-core
14483126044,14483126044,14483126044,14483126044,0.000000,0,0,0,0,2,multiscale+elgendi_like,1.000000,0.000000,0,0,0,0,1.000000,4.175655,1,800.000000,0.000000,,v0.4.1-interval-core
14483894047,14483894047,14483894047,14483894047,0.000000,0,0,0,0,2,multiscale+elgendi_like,1.000000,0.000000,0,0,0,0,1.000000,4.632561,1,816.000000,0.000000,,v0.4.1-interval-core
14484662046,14484654047,14484662046,14484662046,7.999000,0,0,0,0,2,multiscale+elgendi_like,1.000000,0.000000,0,0,0,0,1.000000,4.549865,1,823.997000,7.999000,,v0.4.1-interval-core
14485486043,14485486043,14485486043,14485486043,0.000000,0,0,0,0,2,multiscale+elgendi_like,1.000000,0.000000,0,0,0,0,1.000000,4.930942,1,824.000000,0.000000,,v0.4.1-interval-core
14486342047,14486334043,14486342047,14486342047,8.004000,0,0,0,0,2,multiscale+elgendi_like,1.000000,0.000000,0,0,0,0,1.000000,4.872553,1,824.000000,8.004000,,v0.4.1-interval-core
14487214043,14487214043,14487214043,14487214043,0.000000,0,0,0,0,2,multiscale+elgendi_like,1.000000,0.000000,0,0,0,0,1.000000,5.016458,1,828.001500,0.000000,,v0.4.1-interval-core
14488078047,14488078047,14488078047,14488078047,0.000000,0,0,0,0,2,multiscale+elgendi_like,1.000000,0.000000,0,0,0,0,1.000000,4.687045,1,824.000000,0.000000,,v0.4.1-interval-core
14488958043,14488958043,14488958043,14488958043,0.000000,0,0,0,0,2,multiscale+elgendi_like,1.000000,0.000000,0,0,0,0,1.000000,4.580081,1,824.000000,0.000000,,v0.4.1-interval-core
14489806043,14489798045,14489806043,14489806043,7.998000,0,0,0,0,2,multiscale+elgendi_like,1.000000,0.000000,0,0,0,0,1.000000,4.314641,1,832.003000,7.998000,,v0.4.1-interval-core
14490662046,14490662046,14490662046,14490662046,0.000000,0,0,0,0,2,multiscale+elgendi_like,1.000000,0.000000,0,0,0,0,1.000000,4.934748,1,828.002000,0.000000,,v0.4.1-interval-core
14491534043,14491526043,14491534043,14491534043,8.000000,0,0,0,0,2,multiscale+elgendi_like,1.000000,0.000000,0,0,0,0,1.000000,5.028677,1,828.002000,8.000000,,v0.4.1-interval-core
14492390045,14492390045,14492390045,14492390045,0.000000,0,0,0,0,2,multiscale+elgendi_like,1.000000,0.000000,0,0,0,0,1.000000,4.792879,1,836.000000,0.000000,,v0.4.1-interval-core
14493182046,14493182046,14493182046,14493182046,0.000000,0,0,0,0,2,multiscale+elgendi_like,1.000000,0.000000,0,0,0,0,1.000000,4.430406,1,852.001000,0.000000,,v0.4.1-interval-core
14493942043,14493942043,14493942043,14493942043,0.000000,0,0,0,0,2,multiscale+elgendi_like,1.000000,0.000000,0,0,0,0,1.000000,4.214010,1,856.002500,0.000000,,v0.4.1-interval-core
14494686046,14494678043,14494686046,14494686046,8.003000,0,0,0,0,2,multiscale+elgendi_like,1.000000,0.000000,0,0,0,0,1.000000,3.769997,1,856.003000,8.003000,,v0.4.1-interval-core
14495406047,14495406047,14495406047,14495406047,0.000000,0,0,0,0,2,multiscale+elgendi_like,1.000000,0.000000,0,0,0,0,1.000000,3.927668,1,856.004000,0.000000,,v0.4.1-interval-core
14496190047,14496550043,14496190047,14496190047,-359.996000,0,0,0,0,2,multiscale+elgendi_like,1.000000,0.000000,0,0,0,0,1.000000,4.580460,1,864.004000,359.996000,,v0.4.1-interval-core
14497086046,14497086046,14497086046,14497086046,0.000000,0,0,0,0,2,multiscale+elgendi_like,1.000000,0.000000,0,0,0,0,1.000000,4.777044,1,871.996000,0.000000,,v0.4.1-interval-core
14498174043,14498174043,14498174043,14498174043,0.000000,0,0,0,0,2,multiscale+elgendi_like,1.000000,0.000000,0,0,0,0,1.000000,5.085713,1,871.997000,0.000000,,v0.4.1-interval-core
14499102045,14499102045,14499102045,14499102045,0.000000,0,0,0,0,2,multiscale+elgendi_like,1.000000,0.000000,0,0,0,0,1.000000,4.490898,1,871.997000,0.000000,,v0.4.1-interval-core
14500046044,14500046044,14500046044,14500046044,0.000000,0,0,0,0,2,multiscale+elgendi_like,1.000000,0.000000,0,0,0,0,1.000000,4.685073,1,871.997000,0.000000,,v0.4.1-interval-core
14501014046,0,14501014046,14501014046,0.000000,1,0,0,0,2,multiscale+elgendi_like,1.000000,0.000000,0,0,1,0,1.000000,4.657285,1,871.997000,0.000000,,v0.4.1-interval-core
14502006044,14501942043,14502006044,14502006044,64.001000,0,0,0,0,2,multiscale+elgendi_like,1.000000,0.000000,0,0,0,0,1.000000,4.321618,1,863.999500,64.001000,,v0.4.1-interval-core
14502942043,14502942043,14502942043,14502942043,0.000000,0,0,0,0,2,multiscale+elgendi_like,1.000000,0.000000,0,0,0,0,1.000000,4.093473,1,828.001500,0.000000,,v0.4.1-interval-core
14503902043,14503902043,14503902043,14503902043,0.000000,0,0,0,0,2,multiscale+elgendi_like,1.000000,0.000000,0,0,0,0,1.000000,4.022498,1,804.000000,0.000000,,v0.4.1-interval-core
14504806043,14504798047,14504806043,14504806043,7.996000,0,0,0,0,2,multiscale+elgendi_like,1.000000,0.000000,0,0,0,0,1.000000,4.048346,1,828.000000,7.996000,,v0.4.1-interval-core
14505678047,14505678047,14505678047,14505678047,0.000000,0,0,0,0,2,multiscale+elgendi_like,1.000000,0.000000,0,0,0,0,1.000000,4.268760,1,823.999000,0.000000,,v0.4.1-interval-core
14506470043,14506470043,14506470043,14506470043,0.000000,0,0,0,0,2,multiscale+elgendi_like,1.000000,0.000000,0,0,0,0,1.000000,3.650686,1,823.999000,0.000000,,v0.4.1-interval-core
14507206044,14507198047,14507206044,14507206044,7.997000,0,0,0,0,2,multiscale+elgendi_like,1.000000,0.000000,0,0,0,0,1.000000,3.909825,1,824.001500,7.997000,,v0.4.1-interval-core
14507910046,14507910046,14507910046,14507910046,0.000000,0,0,0,0,2,multiscale+elgendi_like,1.000000,0.000000,0,0,0,0,1.000000,3.758233,1,824.001500,0.000000,,v0.4.1-interval-core
14508582043,0,14508582043,14508582043,0.000000,1,0,0,0,2,multiscale+elgendi_like,1.000000,0.000000,0,0,1,0,1.000000,3.469483,1,824.001500,0.000000,,v0.4.1-interval-core
14509270043,14508958043,14509270043,14509270043,312.000000,0,0,0,0,2,multiscale+elgendi_like,1.000000,0.000000,0,0,0,0,1.000000,3.954253,1,824.001000,312.000000,,v0.4.1-interval-core
14509990045,14509638043,14509990045,14509990045,352.002000,0,0,0,0,2,multiscale+elgendi_like,1.000000,0.000000,0,0,0,0,1.000000,4.457777,1,824.001500,352.002000,,v0.4.1-interval-core
14510806044,0,14510806044,14510806044,0.000000,1,0,0,0,2,multiscale+elgendi_like,1.000000,0.000000,0,0,1,0,1.000000,4.810915,1,824.001500,0.000000,,v0.4.1-interval-core
14511638043,14511638043,14511638043,14511638043,0.000000,0,0,0,0,2,multiscale+elgendi_like,1.000000,0.000000,0,0,0,0,1.000000,4.542793,1,824.001500,0.000000,,v0.4.1-interval-core
14512422046,14512422046,14512422046,14512422046,0.000000,0,0,0,0,2,multiscale+elgendi_like,1.000000,0.000000,0,0,0,0,1.000000,4.049136,1,816.001500,0.000000,,v0.4.1-interval-core
14513182043,14513182043,14513182043,14513182043,0.000000,0,0,0,0,2,multiscale+elgendi_like,1.000000,0.000000,0,0,0,0,1.000000,4.617441,1,803.997500,0.000000,,v0.4.1-interval-core
14513998047,14513998047,14513998047,14513998047,0.000000,0,0,0,0,2,multiscale+elgendi_like,1.000000,0.000000,0,0,0,0,1.000000,5.151939,1,803.998000,0.000000,,v0.4.1-interval-core
14514774045,14514774045,14514774045,14514774045,0.000000,0,0,0,0,2,multiscale+elgendi_like,1.000000,0.000000,0,0,0,0,1.000000,4.428870,1,803.997500,0.000000,,v0.4.1-interval-core
14515614044,14515606045,14515614044,14515614044,7.999000,0,0,0,0,2,multiscale+elgendi_like,1.000000,0.000000,0,0,0,0,1.000000,4.833094,1,791.996000,7.999000,,v0.4.1-interval-core
14516462043,14516462043,14516462043,14516462043,0.000000,0,0,0,0,2,multiscale+elgendi_like,1.000000,0.000000,0,0,0,0,1.000000,4.940737,1,791.996000,0.000000,,v0.4.1-interval-core
14517318045,14517310043,14517318045,14517318045,8.002000,0,0,0,0,2,multiscale+elgendi_like,1.000000,0.000000,0,0,0,0,1.000000,4.666426,1,791.996000,8.002000,,v0.4.1-interval-core
14518158043,14518158043,14518158043,14518158043,0.000000,0,0,0,0,2,multiscale+elgendi_like,1.000000,0.000000,0,0,0,0,1.000000,4.303030,1,799.996000,0.000000,,v0.4.1-interval-core
14518934047,14518926047,14518934047,14518934047,8.000000,0,0,0,0,2,multiscale+elgendi_like,1.000000,0.000000,0,0,0,0,1.000000,4.087551,1,800.001000,8.000000,,v0.4.1-interval-core
14519710043,14519710043,14519710043,14519710043,0.000000,0,0,0,0,2,multiscale+elgendi_like,1.000000,0.000000,0,0,0,0,1.000000,4.644130,1,815.999000,0.000000,,v0.4.1-interval-core
14520542043,14520542043,14520542043,14520542043,0.000000,0,0,0,0,2,multiscale+elgendi_like,1.000000,0.000000,0,0,0,0,1.000000,4.759331,1,820.002000,0.000000,,v0.4.1-interval-core
14521366043,14521358047,14521366043,14521366043,7.996000,0,0,0,0,2,multiscale+elgendi_like,1.000000,0.000000,0,0,0,0,1.000000,4.459687,1,827.999500,7.996000,,v0.4.1-interval-core
14522150046,14522142046,14522150046,14522150046,8.000000,0,0,0,0,2,multiscale+elgendi_like,1.000000,0.000000,0,0,0,0,1.000000,4.520377,1,835.999000,8.000000,,v0.4.1-interval-core
14522990046,14522990046,14522990046,14522990046,0.000000,0,0,0,0,2,multiscale+elgendi_like,1.000000,0.000000,0,0,0,0,1.000000,4.870323,1,835.999000,0.000000,,v0.4.1-interval-core
14523790047,14523790047,14523790047,14523790047,0.000000,0,0,0,0,2,multiscale+elgendi_like,1.000000,0.000000,0,0,0,0,1.000000,4.338423,1,835.999000,0.000000,,v0.4.1-interval-core
14524590043,14524590043,14524590043,14524590043,0.000000,0,0,0,0,2,multiscale+elgendi_like,1.000000,0.000000,0,0,0,0,1.000000,4.948449,1,835.999000,0.000000,,v0.4.1-interval-core
14525430045,14525430045,14525430045,14525430045,0.000000,0,0,0,0,2,multiscale+elgendi_like,1.000000,0.000000,0,0,0,0,1.000000,5.315775,1,831.999000,0.000000,,v0.4.1-interval-core
14526278044,14526278044,14526278044,14526278044,0.000000,0,0,0,0,2,multiscale+elgendi_like,1.000000,0.000000,0,0,0,0,1.000000,5.213229,1,835.999000,0.000000,,v0.4.1-interval-core
14527142043,14527142043,14527142043,14527142043,0.000000,0,0,0,0,2,multiscale+elgendi_like,1.000000,0.000000,0,0,0,0,1.000000,5.081795,1,831.999000,0.000000,,v0.4.1-interval-core
14528038047,14528038047,14528038047,14528038047,0.000000,0,0,0,0,2,multiscale+elgendi_like,1.000000,0.000000,0,0,0,0,1.000000,5.136042,1,827.999000,0.000000,,v0.4.1-interval-core
14528910043,14528902045,14528910043,14528910043,7.998000,0,0,0,0,2,multiscale+elgendi_like,1.000000,0.000000,0,0,0,0,1.000000,4.661158,1,823.999000,7.998000,,v0.4.1-interval-core
14529750045,14529750045,14529750045,14529750045,0.000000,0,0,0,0,2,multiscale+elgendi_like,1.000000,0.000000,0,0,0,0,1.000000,4.919624,1,823.999000,0.000000,,v0.4.1-interval-core
14530582043,14530582043,14530582043,14530582043,0.000000,0,0,0,0,2,multiscale+elgendi_like,1.000000,0.000000,0,0,0,0,1.000000,4.618381,1,823.999000,0.000000,,v0.4.1-interval-core
14531398045,14531390043,14531398045,14531398045,8.002000,0,0,0,0,2,multiscale+elgendi_like,1.000000,0.000000,0,0,0,0,1.000000,4.293560,1,824.000000,8.002000,,v0.4.1-interval-core
14532206043,14532206043,14532206043,14532206043,0.000000,0,0,0,0,2,multiscale+elgendi_like,1.000000,0.000000,0,0,0,0,1.000000,4.561423,1,824.000000,0.000000,,v0.4.1-interval-core
14533014043,14533014043,14533014043,14533014043,0.000000,0,0,0,0,2,multiscale+elgendi_like,1.000000,0.000000,0,0,0,0,1.000000,4.525941,1,824.001000,0.000000,,v0.4.1-interval-core
14533830043,14533830043,14533830043,14533830043,0.000000,0,0,0,0,2,multiscale+elgendi_like,1.000000,0.000000,0,0,0,0,1.000000,4.544544,1,828.000000,0.000000,,v0.4.1-interval-core
14534638045,14534638045,14534638045,14534638045,0.000000,0,0,0,0,2,multiscale+elgendi_like,1.000000,0.000000,0,0,0,0,1.000000,4.178983,1,824.002500,0.000000,,v0.4.1-interval-core
14535462043,14535462043,14535462043,14535462043,0.000000,0,0,0,0,2,multiscale+elgendi_like,1.000000,0.000000,0,0,0,0,1.000000,4.552278,1,828.000500,0.000000,,v0.4.1-interval-core
14536286043,14536286043,14536286043,14536286043,0.000000,0,0,0,0,2,multiscale+elgendi_like,1.000000,0.000000,0,0,0,0,1.000000,4.531958,1,831.998000,0.000000,,v0.4.1-interval-core
14537102043,14537102043,14537102043,14537102043,0.000000,0,0,0,0,2,multiscale+elgendi_like,1.000000,0.000000,0,0,0,0,1.000000,4.203300,1,831.998000,0.000000,,v0.4.1-interval-core
14537926045,14537926045,14537926045,14537926045,0.000000,0,0,0,0,2,multiscale+elgendi_like,1.000000,0.000000,0,0,0,0,1.000000,4.385360,1,831.998000,0.000000,,v0.4.1-interval-core
14538758043,14538758043,14538758043,14538758043,0.000000,0,0,0,0,2,multiscale+elgendi_like,1.000000,0.000000,0,0,0,0,1.000000,4.701536,1,831.998000,0.000000,,v0.4.1-interval-core
14539630047,14539622043,14539630047,14539630047,8.004000,0,0,0,0,2,multiscale+elgendi_like,1.000000,0.000000,0,0,0,0,1.000000,4.687428,1,831.998000,8.004000,,v0.4.1-interval-core
14540478043,14540478043,14540478043,14540478043,0.000000,0,0,0,0,2,multiscale+elgendi_like,1.000000,0.000000,0,0,0,0,1.000000,4.314678,1,828.000500,0.000000,,v0.4.1-interval-core
14541302046,14541302046,14541302046,14541302046,0.000000,0,0,0,0,2,multiscale+elgendi_like,1.000000,0.000000,0,0,0,0,1.000000,4.528444,1,824.002500,0.000000,,v0.4.1-interval-core
14542158043,14542158043,14542158043,14542158043,0.000000,0,0,0,0,2,multiscale+elgendi_like,1.000000,0.000000,0,0,0,0,1.000000,4.713885,1,824.001000,0.000000,,v0.4.1-interval-core
14543038046,14543030046,14543038046,14543038046,8.000000,0,0,0,0,2,multiscale+elgendi_like,1.000000,0.000000,0,0,0,0,1.000000,4.668670,1,824.001000,8.000000,,v0.4.1-interval-core
14543950043,14543942044,14543950043,14543950043,7.999000,0,0,0,0,2,multiscale+elgendi_like,1.000000,0.000000,0,0,0,0,1.000000,4.644326,1,824.001000,7.999000,,v0.4.1-interval-core
14544846043,14544846043,14544846043,14544846043,0.000000,0,0,0,0,2,multiscale+elgendi_like,1.000000,0.000000,0,0,0,0,1.000000,4.269393,1,824.001000,0.000000,,v0.4.1-interval-core
14545694043,14545694043,14545694043,14545694043,0.000000,0,0,0,0,2,multiscale+elgendi_like,1.000000,0.000000,0,0,0,0,1.000000,4.289774,1,824.001000,0.000000,,v0.4.1-interval-core
14546526043,14546526043,14546526043,14546526043,0.000000,0,0,0,0,2,multiscale+elgendi_like,1.000000,0.000000,0,0,0,0,1.000000,4.274289,1,824.001000,0.000000,,v0.4.1-interval-core
14547310043,14547310043,14547310043,14547310043,0.000000,0,0,0,0,2,multiscale+elgendi_like,1.000000,0.000000,0,0,0,0,1.000000,4.038267,1,820.003000,0.000000,,v0.4.1-interval-core
14548118043,14548118043,14548118043,14548118043,0.000000,0,0,0,0,2,multiscale+elgendi_like,1.000000,0.000000,0,0,0,0,1.000000,4.406527,1,816.004000,0.000000,,v0.4.1-interval-core
14548934043,14548934043,14548934043,14548934043,0.000000,0,0,0,0,2,multiscale+elgendi_like,1.000000,0.000000,0,0,0,0,1.000000,4.679586,1,816.000000,0.000000,,v0.4.1-interval-core
14549750047,14549750047,14549750047,14549750047,0.000000,0,0,0,0,2,multiscale+elgendi_like,1.000000,0.000000,0,0,0,0,1.000000,4.460350,1,816.000000,0.000000,,v0.4.1-interval-core
14550534043,14550534043,14550534043,14550534043,0.000000,0,0,0,0,2,multiscale+elgendi_like,1.000000,0.000000,0,0,0,0,1.000000,4.185096,1,812.000000,0.000000,,v0.4.1-interval-core
14551302043,14551302043,14551302043,14551302043,0.000000,0,0,0,0,2,multiscale+elgendi_like,1.000000,0.000000,0,0,0,0,1.000000,4.488367,1,796.000000,0.000000,,v0.4.1-interval-core
14552118043,14552110046,14552118043,14552118043,7.997000,0,0,0,0,2,multiscale+elgendi_like,1.000000,0.000000,0,0,0,0,1.000000,4.674323,1,784.000000,7.997000,,v0.4.1-interval-core
14552902043,14552902043,14552902043,14552902043,0.000000,0,0,0,0,2,multiscale+elgendi_like,1.000000,0.000000,0,0,0,0,1.000000,4.322546,1,783.998000,0.000000,,v0.4.1-interval-core
14553678045,14553670047,14553678045,14553678045,7.998000,0,0,0,0,2,multiscale+elgendi_like,1.000000,0.000000,0,0,0,0,1.000000,3.959342,1,779.999000,7.998000,,v0.4.1-interval-core
14554438044,14554438044,14554438044,14554438044,0.000000,0,0,0,0,2,multiscale+elgendi_like,1.000000,0.000000,0,0,0,0,1.000000,3.833514,1,772.001000,0.000000,,v0.4.1-interval-core
14555158046,14555158046,14555158046,14555158046,0.000000,0,0,0,0,2,multiscale+elgendi_like,1.000000,0.000000,0,0,0,0,1.000000,3.694623,1,763.999500,0.000000,,v0.4.1-interval-core
14555814043,0,14555814043,14555814043,0.000000,1,0,0,0,2,multiscale+elgendi_like,1.000000,0.000000,0,0,1,0,1.000000,3.426970,1,763.999500,0.000000,,v0.4.1-interval-core
14556454043,14556454043,14556454043,14556454043,0.000000,0,0,0,0,2,multiscale+elgendi_like,1.000000,0.000000,0,0,0,0,1.000000,2.995197,1,768.000000,0.000000,,v0.4.1-interval-core
14557078043,14557078043,14557078043,14557078043,0.000000,0,0,0,0,2,multiscale+elgendi_like,1.000000,0.000000,0,0,0,0,1.000000,3.771727,1,768.000000,0.000000,,v0.4.1-interval-core
14557734043,14557734043,14557734043,14557734043,0.000000,0,0,0,0,2,multiscale+elgendi_like,1.000000,0.000000,0,0,0,0,1.000000,4.444012,1,763.999500,0.000000,,v0.4.1-interval-core
14558430047,14558430047,14558430047,14558430047,0.000000,0,0,0,0,2,multiscale+elgendi_like,1.000000,0.000000,0,0,0,0,1.000000,4.684477,1,751.999500,0.000000,,v0.4.1-interval-core
14559158045,14559158045,14559158045,14559158045,0.000000,0,0,0,0,2,multiscale+elgendi_like,1.000000,0.000000,0,0,0,0,1.000000,4.784194,1,759.999000,0.000000,,v0.4.1-interval-core
14559862044,14559862044,14559862044,14559862044,0.000000,0,0,0,0,2,multiscale+elgendi_like,1.000000,0.000000,0,0,0,0,1.000000,4.701361,1,759.999000,0.000000,,v0.4.1-interval-core
14560534043,14560526044,14560534043,14560534043,7.999000,0,0,0,0,2,multiscale+elgendi_like,1.000000,0.000000,0,0,0,0,1.000000,4.394764,1,759.999000,7.999000,,v0.4.1-interval-core
14561214044,14561214044,14561214044,14561214044,0.000000,0,0,0,0,2,multiscale+elgendi_like,1.000000,0.000000,0,0,0,0,1.000000,4.751033,1,743.996000,0.000000,,v0.4.1-interval-core
14561950043,14561950043,14561950043,14561950043,0.000000,0,0,0,0,2,multiscale+elgendi_like,1.000000,0.000000,0,0,0,0,1.000000,4.838393,1,735.999000,0.000000,,v0.4.1-interval-core
14562750043,14562750043,14562750043,14562750043,0.000000,0,0,0,0,2,multiscale+elgendi_like,1.000000,0.000000,0,0,0,0,1.000000,5.029275,1,735.996000,0.000000,,v0.4.1-interval-core
14563590046,14563590046,14563590046,14563590046,0.000000,0,0,0,0,2,multiscale+elgendi_like,1.000000,0.000000,0,0,0,0,1.000000,4.650329,1,727.998000,0.000000,,v0.4.1-interval-core
14564374047,14564374047,14564374047,14564374047,0.000000,0,0,0,0,2,multiscale+elgendi_like,1.000000,0.000000,0,0,0,0,1.000000,4.012801,1,720.004000,0.000000,,v0.4.1-interval-core
14565110046,14565110046,14565110046,14565110046,0.000000,0,0,0,0,2,multiscale+elgendi_like,1.000000,0.000000,0,0,0,0,1.000000,4.212425,1,720.002000,0.000000,,v0.4.1-interval-core
14565902047,14565894043,14565902047,14565902047,8.004000,0,0,0,0,2,multiscale+elgendi_like,1.000000,0.000000,0,0,0,0,1.000000,4.604978,1,720.000000,8.004000,,v0.4.1-interval-core
14566694047,14566694047,14566694047,14566694047,0.000000,0,0,0,0,2,multiscale+elgendi_like,1.000000,0.000000,0,0,0,0,1.000000,4.219295,1,720.000000,0.000000,,v0.4.1-interval-core
14567494047,14567494047,14567494047,14567494047,0.000000,0,0,0,0,2,multiscale+elgendi_like,1.000000,0.000000,0,0,0,0,1.000000,3.980215,1,720.000000,0.000000,,v0.4.1-interval-core
14568230043,14568230043,14568230043,14568230043,0.000000,0,0,0,0,2,multiscale+elgendi_like,1.000000,0.000000,0,0,0,0,1.000000,3.622283,1,724.001000,0.000000,,v0.4.1-interval-core
14568950043,14568950043,14568950043,14568950043,0.000000,0,0,0,0,2,multiscale+elgendi_like,1.000000,0.000000,0,0,0,0,1.000000,3.916359,1,727.998000,0.000000,,v0.4.1-interval-core
14569670047,14569670047,14569670047,14569670047,0.000000,0,0,0,0,2,multiscale+elgendi_like,1.000000,0.000000,0,0,0,0,1.000000,4.901005,1,735.997500,0.000000,,v0.4.1-interval-core
14570390047,14570390047,14570390047,14570390047,0.000000,0,0,0,0,2,multiscale+elgendi_like,1.000000,0.000000,0,0,0,0,1.000000,4.727514,1,735.999000,0.000000,,v0.4.1-interval-core
14571078046,14571070046,14571078046,14571078046,8.000000,0,0,0,0,2,multiscale+elgendi_like,1.000000,0.000000,0,0,0,0,1.000000,4.540672,1,760.000000,8.000000,,v0.4.1-interval-core
14571758047,0,14571758047,14571758047,0.000000,1,0,0,0,2,multiscale+elgendi_like,1.000000,0.000000,0,0,1,0,1.000000,5.308933,1,788.000500,0.000000,,v0.4.1-interval-core
14572478045,14572238043,14572478045,14572478045,240.002000,0,0,0,0,2,multiscale+elgendi_like,1.000000,0.000000,0,0,0,0,1.000000,5.255272,1,792.000500,240.002000,,v0.4.1-interval-core
14573190043,14573502043,14573190043,14573190043,-312.000000,0,0,0,0,2,multiscale+elgendi_like,1.000000,0.000000,0,0,0,0,1.000000,5.651695,1,791.999000,312.000000,,v0.4.1-interval-core
14574006043,14574006043,14574006043,14574006043,0.000000,0,0,0,0,2,multiscale+elgendi_like,1.000000,0.000000,0,0,0,0,1.000000,6.111707,1,788.000500,0.000000,,v0.4.1-interval-core
14574830046,14574830046,14574830046,14574830046,0.000000,0,0,0,0,2,multiscale+elgendi_like,1.000000,0.000000,0,0,0,0,1.000000,6.009386,1,784.002500,0.000000,,v0.4.1-interval-core
14575646043,14575646043,14575646043,14575646043,0.000000,0,0,0,0,2,multiscale+elgendi_like,1.000000,0.000000,0,0,0,0,1.000000,5.773004,1,784.001500,0.000000,,v0.4.1-interval-core
14576446044,14576446044,14576446044,14576446044,0.000000,0,0,0,0,2,multiscale+elgendi_like,1.000000,0.000000,0,0,0,0,1.000000,6.585612,1,780.000000,0.000000,,v0.4.1-interval-core
14577246043,14577246043,14577246043,14577246043,0.000000,0,0,0,0,2,multiscale+elgendi_like,1.000000,0.000000,0,0,0,0,1.000000,5.967978,1,776.002500,0.000000,,v0.4.1-interval-core
14578046047,14578046047,14578046047,14578046047,0.000000,0,0,0,0,2,multiscale+elgendi_like,1.000000,0.000000,0,0,0,0,1.000000,5.929694,1,767.999500,0.000000,,v0.4.1-interval-core
14578846043,14578846043,14578846043,14578846043,0.000000,0,0,0,0,2,multiscale+elgendi_like,1.000000,0.000000,0,0,0,0,1.000000,5.132453,1,747.996500,0.000000,,v0.4.1-interval-core
14579678043,14579678043,14579678043,14579678043,0.000000,0,0,0,0,2,multiscale+elgendi_like,1.000000,0.000000,0,0,0,0,1.000000,4.946696,1,747.996500,0.000000,,v0.4.1-interval-core
14580454046,14580454046,14580454046,14580454046,0.000000,0,0,0,0,2,multiscale+elgendi_like,1.000000,0.000000,0,0,0,0,1.000000,4.493968,1,735.996000,0.000000,,v0.4.1-interval-core
14581214043,14581214043,14581214043,14581214043,0.000000,0,0,0,0,2,multiscale+elgendi_like,1.000000,0.000000,0,0,0,0,1.000000,4.720009,1,735.996000,0.000000,,v0.4.1-interval-core
14581990045,14581990045,14581990045,14581990045,0.000000,0,0,0,0,2,multiscale+elgendi_like,1.000000,0.000000,0,0,0,0,1.000000,4.627359,1,759.997000,0.000000,,v0.4.1-interval-core
14582790047,14582790047,14582790047,14582790047,0.000000,0,0,0,0,2,multiscale+elgendi_like,1.000000,0.000000,0,0,0,0,1.000000,5.093288,1,768.000000,0.000000,,v0.4.1-interval-core
14583526043,14583526043,14583526043,14583526043,0.000000,0,0,0,0,2,multiscale+elgendi_like,1.000000,0.000000,0,0,0,0,1.000000,4.069157,1,768.001000,0.000000,,v0.4.1-interval-core
14584222047,14584214045,14584222047,14584222047,8.002000,0,0,0,0,2,multiscale+elgendi_like,1.000000,0.000000,0,0,0,0,1.000000,4.514328,1,768.001000,8.002000,,v0.4.1-interval-core
14584894043,14584894043,14584894043,14584894043,0.000000,0,0,0,0,2,multiscale+elgendi_like,1.000000,0.000000,0,0,0,0,1.000000,4.578338,1,772.000500,0.000000,,v0.4.1-interval-core
14585582044,14585582044,14585582044,14585582044,0.000000,0,0,0,0,2,multiscale+elgendi_like,1.000000,0.000000,0,0,0,0,1.000000,5.192496,1,768.002000,0.000000,,v0.4.1-interval-core
14586262045,0,14586262045,14586262045,0.000000,1,0,0,0,2,multiscale+elgendi_like,1.000000,0.000000,0,0,1,0,1.000000,5.408837,1,768.002000,0.000000,,v0.4.1-interval-core
14586958043,14586958043,14586958043,14586958043,0.000000,0,0,0,0,2,multiscale+elgendi_like,1.000000,0.000000,0,0,0,0,1.000000,5.508269,1,768.002000,0.000000,,v0.4.1-interval-core
14587670046,14587382043,14587670046,14587670046,288.003000,0,0,0,0,2,multiscale+elgendi_like,1.000000,0.000000,0,0,0,0,1.000000,5.648215,1,768.002000,288.003000,,v0.4.1-interval-core
14588374043,14588374043,14588374043,14588374043,0.000000,0,0,0,0,2,multiscale+elgendi_like,1.000000,0.000000,0,0,0,0,1.000000,6.180974,1,768.002000,0.000000,,v0.4.1-interval-core
14589142043,0,14589142043,14589142043,0.000000,1,0,0,0,2,multiscale+elgendi_like,1.000000,0.000000,0,0,1,0,1.000000,6.644839,1,768.000500,0.000000,,v0.4.1-interval-core
14589910044,0,14589910044,14589910044,0.000000,1,0,0,0,2,multiscale+elgendi_like,1.000000,0.000000,0,0,1,0,1.000000,6.260800,1,767.999500,0.000000,,v0.4.1-interval-core
14590662043,14590662043,14590662043,14590662043,0.000000,0,0,0,0,2,multiscale+elgendi_like,1.000000,0.000000,0,0,0,0,1.000000,5.817139,1,767.999000,0.000000,,v0.4.1-interval-core
14591438043,14591438043,14591438043,14591438043,0.000000,0,0,0,0,2,multiscale+elgendi_like,1.000000,0.000000,0,0,0,0,1.000000,6.009159,1,759.997000,0.000000,,v0.4.1-interval-core
14592206046,0,14592206046,14592206046,0.000000,1,0,0,0,2,multiscale+elgendi_like,1.000000,0.000000,0,0,1,0,1.000000,5.738605,1,760.004000,0.000000,,v0.4.1-interval-core
14592982043,14592982043,14592982043,14592982043,0.000000,0,0,0,0,2,multiscale+elgendi_like,1.000000,0.000000,0,0,0,0,1.000000,6.029057,1,751.999000,0.000000,,v0.4.1-interval-core
14593822047,14593822047,14593822047,14593822047,0.000000,0,0,0,0,2,multiscale+elgendi_like,1.000000,0.000000,0,0,0,0,1.000000,6.503661,1,736.000000,0.000000,,v0.4.1-interval-core
14594662043,14594662043,14594662043,14594662043,0.000000,0,0,0,0,2,multiscale+elgendi_like,1.000000,0.000000,0,0,0,0,1.000000,5.827864,1,736.000000,0.000000,,v0.4.1-interval-core
14595462046,14595462046,14595462046,14595462046,0.000000,0,0,0,0,2,multiscale+elgendi_like,1.000000,0.000000,0,0,0,0,1.000000,5.666814,1,756.001500,0.000000,,v0.4.1-interval-core
14596230045,14596230045,14596230045,14596230045,0.000000,0,0,0,0,2,multiscale+elgendi_like,1.000000,0.000000,0,0,0,0,1.000000,5.328693,1,764.001500,0.000000,,v0.4.1-interval-core
14596942043,14596934043,14596942043,14596942043,8.000000,0,0,0,0,2,multiscale+elgendi_like,1.000000,0.000000,0,0,0,0,1.000000,4.961363,1,767.999500,8.000000,,v0.4.1-interval-core
14597670043,14597670043,14597670043,14597670043,0.000000,0,0,0,0,2,multiscale+elgendi_like,1.000000,0.000000,0,0,0,0,1.000000,5.335720,1,768.000500,0.000000,,v0.4.1-interval-core
14598406043,14598406043,14598406043,14598406043,0.000000,0,0,0,0,2,multiscale+elgendi_like,1.000000,0.000000,0,0,0,0,1.000000,5.109332,1,768.000500,0.000000,,v0.4.1-interval-core
14599166047,14599158045,14599166047,14599166047,8.002000,0,0,0,0,2,multiscale+elgendi_like,1.000000,0.000000,0,0,0,0,1.000000,5.210092,1,768.000500,8.002000,,v0.4.1-interval-core
14599886043,14599886043,14599886043,14599886043,0.000000,0,0,0,0,2,multiscale+elgendi_like,1.000000,0.000000,0,0,0,0,1.000000,4.947295,1,768.000500,0.000000,,v0.4.1-interval-core
14600614043,14600606043,14600614043,14600614043,8.000000,0,0,0,0,2,multiscale+elgendi_like,1.000000,0.000000,0,0,0,0,1.000000,5.795371,1,768.000000,8.000000,,v0.4.1-interval-core
14601382044,14601382044,14601382044,14601382044,0.000000,0,0,0,0,2,multiscale+elgendi_like,1.000000,0.000000,0,0,0,0,1.000000,5.838114,1,764.001500,0.000000,,v0.4.1-interval-core
14602182043,14602182043,14602182043,14602182043,0.000000,0,0,0,0,2,multiscale+elgendi_like,1.000000,0.000000,0,0,0,0,1.000000,5.637163,1,764.001500,0.000000,,v0.4.1-interval-core
14602990046,14602990046,14602990046,14602990046,0.000000,0,0,0,0,2,multiscale+elgendi_like,1.000000,0.000000,0,0,0,0,1.000000,5.607751,1,736.000000,0.000000,,v0.4.1-interval-core
14603798047,14603798047,14603798047,14603798047,0.000000,0,0,0,0,2,multiscale+elgendi_like,1.000000,0.000000,0,0,0,0,1.000000,5.571547,1,736.000000,0.000000,,v0.4.1-interval-core
14604590043,14604590043,14604590043,14604590043,0.000000,0,0,0,0,2,multiscale+elgendi_like,1.000000,0.000000,0,0,0,0,1.000000,5.371852,1,735.999000,0.000000,,v0.4.1-interval-core
14605326043,14605318046,14605326043,14605326043,7.997000,0,0,0,0,2,multiscale+elgendi_like,1.000000,0.000000,0,0,0,0,1.000000,5.171443,1,735.997000,7.997000,,v0.4.1-interval-core
14606030043,14606030043,14606030043,14606030043,0.000000,0,0,0,0,2,multiscale+elgendi_like,1.000000,0.000000,0,0,0,0,1.000000,4.848215,1,735.997000,0.000000,,v0.4.1-interval-core
14606750044,14606758043,14606750044,14606750044,-7.999000,0,0,0,0,2,multiscale+elgendi_like,1.000000,0.000000,0,0,0,0,1.000000,5.072043,1,728.002000,7.999000,,v0.4.1-interval-core
14607486043,14607478043,14607486043,14607486043,8.000000,0,0,0,0,2,multiscale+elgendi_like,1.000000,0.000000,0,0,0,0,1.000000,4.709854,1,728.000000,8.000000,,v0.4.1-interval-core
14608198045,14608198045,14608198045,14608198045,0.000000,0,0,0,0,2,multiscale+elgendi_like,1.000000,0.000000,0,0,0,0,1.000000,4.606791,1,735.996000,0.000000,,v0.4.1-interval-core
14608886047,14608878043,14608886047,14608886047,8.004000,0,0,0,0,2,multiscale+elgendi_like,1.000000,0.000000,0,0,0,0,1.000000,4.404270,1,735.997000,8.004000,,v0.4.1-interval-core
14609542043,14609534043,14609542043,14609542043,8.000000,0,0,0,0,2,multiscale+elgendi_like,1.000000,0.000000,0,0,0,0,1.000000,4.625722,1,735.997000,8.000000,,v0.4.1-interval-core
14610198047,0,14610198047,14610198047,0.000000,1,0,0,0,2,multiscale+elgendi_like,1.000000,0.000000,0,0,1,0,1.000000,4.873913,1,735.996500,0.000000,,v0.4.1-interval-core
14610878043,14610878043,14610878043,14610878043,0.000000,0,0,0,0,2,multiscale+elgendi_like,1.000000,0.000000,0,0,0,0,1.000000,4.932799,1,735.997000,0.000000,,v0.4.1-interval-core
14611582046,0,14611582046,14611582046,0.000000,1,0,0,0,2,multiscale+elgendi_like,1.000000,0.000000,0,0,1,0,1.000000,5.070520,1,736.000000,0.000000,,v0.4.1-interval-core
14612318043,14612302043,14612318043,14612318043,16.000000,0,0,0,0,2,multiscale+elgendi_like,1.000000,0.000000,0,0,0,0,1.000000,5.342172,1,736.000000,16.000000,,v0.4.1-interval-core
14613070045,14613070045,14613070045,14613070045,0.000000,0,0,0,0,2,multiscale+elgendi_like,1.000000,0.000000,0,0,0,0,1.000000,5.364461,1,736.000000,0.000000,,v0.4.1-interval-core
14613798047,14613790043,14613798047,14613798047,8.004000,0,0,0,0,2,multiscale+elgendi_like,1.000000,0.000000,0,0,0,0,1.000000,5.093099,1,736.000000,8.004000,,v0.4.1-interval-core
14614534043,14614534043,14614534043,14614534043,0.000000,0,0,0,0,2,multiscale+elgendi_like,1.000000,0.000000,0,0,0,0,1.000000,5.120422,1,736.000000,0.000000,,v0.4.1-interval-core
14615326046,14615326046,14615326046,14615326046,0.000000,0,0,0,0,2,multiscale+elgendi_like,1.000000,0.000000,0,0,0,0,1.000000,5.183601,1,736.000000,0.000000,,v0.4.1-interval-core
14616094047,14616086043,14616094047,14616094047,8.004000,0,0,0,0,2,multiscale+elgendi_like,1.000000,0.000000,0,0,0,0,1.000000,4.962468,1,736.000000,8.004000,,v0.4.1-interval-core
14616902043,14616902043,14616902043,14616902043,0.000000,0,0,0,0,2,multiscale+elgendi_like,1.000000,0.000000,0,0,0,0,1.000000,5.536001,1,752.002000,0.000000,,v0.4.1-interval-core
14617710047,14617710047,14617710047,14617710047,0.000000,0,0,0,0,2,multiscale+elgendi_like,1.000000,0.000000,0,0,0,0,1.000000,5.205529,1,752.002000,0.000000,,v0.4.1-interval-core
14618518043,14618518043,14618518043,14618518043,0.000000,0,0,0,0,2,multiscale+elgendi_like,1.000000,0.000000,0,0,0,0,1.000000,5.545006,1,760.000000,0.000000,,v0.4.1-interval-core
14619302043,14619294043,14619302043,14619302043,8.000000,0,0,0,0,2,multiscale+elgendi_like,1.000000,0.000000,0,0,0,0,1.000000,4.958245,1,760.001000,8.000000,,v0.4.1-interval-core
14620086046,14620086046,14620086046,14620086046,0.000000,0,0,0,0,2,multiscale+elgendi_like,1.000000,0.000000,0,0,0,0,1.000000,5.167315,1,760.001000,0.000000,,v0.4.1-interval-core
14620870043,14620870043,14620870043,14620870043,0.000000,0,0,0,0,2,multiscale+elgendi_like,1.000000,0.000000,0,0,0,0,1.000000,5.063059,1,764.001000,0.000000,,v0.4.1-interval-core
14621630043,14621630043,14621630043,14621630043,0.000000,0,0,0,0,2,multiscale+elgendi_like,1.000000,0.000000,0,0,0,0,1.000000,5.026530,1,764.001500,0.000000,,v0.4.1-interval-core
14622390044,14622390044,14622390044,14622390044,0.000000,0,0,0,0,2,multiscale+elgendi_like,1.000000,0.000000,0,0,0,0,1.000000,5.023005,1,768.002500,0.000000,,v0.4.1-interval-core
14623150046,14623150046,14623150046,14623150046,0.000000,0,0,0,0,2,multiscale+elgendi_like,1.000000,0.000000,0,0,0,0,1.000000,5.190599,1,772.000000,0.000000,,v0.4.1-interval-core
14623942045,14623942045,14623942045,14623942045,0.000000,0,0,0,0,2,multiscale+elgendi_like,1.000000,0.000000,0,0,0,0,1.000000,5.016140,1,775.999500,0.000000,,v0.4.1-interval-core
14624686043,14624686043,14624686043,14624686043,0.000000,0,0,0,0,2,multiscale+elgendi_like,1.000000,0.000000,0,0,0,0,1.000000,4.526804,1,776.003000,0.000000,,v0.4.1-interval-core
14625446044,14625438047,14625446044,14625446044,7.997000,0,0,0,0,2,multiscale+elgendi_like,1.000000,0.000000,0,0,0,0,1.000000,5.362378,1,776.003000,7.997000,,v0.4.1-interval-core
14626222047,14626222047,14626222047,14626222047,0.000000,0,0,0,0,2,multiscale+elgendi_like,1.000000,0.000000,0,0,0,0,1.000000,5.604238,1,776.003000,0.000000,,v0.4.1-interval-core
14627014046,14627006046,14627014046,14627014046,8.000000,0,0,0,0,2,multiscale+elgendi_like,1.000000,0.000000,0,0,0,0,1.000000,5.465089,1,776.003000,8.000000,,v0.4.1-interval-core
14627766043,14627766043,14627766043,14627766043,0.000000,0,0,0,0,2,multiscale+elgendi_like,1.000000,0.000000,0,0,0,0,1.000000,4.806328,1,779.999500,0.000000,,v0.4.1-interval-core
14628534047,14628526043,14628534047,14628534047,8.004000,0,0,0,0,2,multiscale+elgendi_like,1.000000,0.000000,0,0,0,0,1.000000,5.041923,1,776.001500,8.004000,,v0.4.1-interval-core
14629310043,14629302045,14629310043,14629310043,7.998000,0,0,0,0,2,multiscale+elgendi_like,1.000000,0.000000,0,0,0,0,1.000000,5.026064,1,775.998000,7.998000,,v0.4.1-interval-core
14630094047,14630094047,14630094047,14630094047,0.000000,0,0,0,0,2,multiscale+elgendi_like,1.000000,0.000000,0,0,0,0,1.000000,5.232088,1,772.000000,0.000000,,v0.4.1-interval-core
14630878043,14630878043,14630878043,14630878043,0.000000,0,0,0,0,2,multiscale+elgendi_like,1.000000,0.000000,0,0,0,0,1.000000,5.335901,1,764.004000,0.000000,,v0.4.1-interval-core
14631654046,14631654046,14631654046,14631654046,0.000000,0,0,0,0,2,multiscale+elgendi_like,1.000000,0.000000,0,0,0,0,1.000000,5.073305,1,764.001500,0.000000,,v0.4.1-interval-core
14632382043,14632382043,14632382043,14632382043,0.000000,0,0,0,0,2,multiscale+elgendi_like,1.000000,0.000000,0,0,0,0,1.000000,4.561287,1,760.003000,0.000000,,v0.4.1-interval-core
14633134043,14633134043,14633134043,14633134043,0.000000,0,0,0,0,2,multiscale+elgendi_like,1.000000,0.000000,0,0,0,0,1.000000,5.458954,1,760.003000,0.000000,,v0.4.1-interval-core
14633918043,14633918043,14633918043,14633918043,0.000000,0,0,0,0,2,multiscale+elgendi_like,1.000000,0.000000,0,0,0,0,1.000000,5.320476,1,764.002000,0.000000,,v0.4.1-interval-core
14634694043,14634694043,14634694043,14634694043,0.000000,0,0,0,0,2,multiscale+elgendi_like,1.000000,0.000000,0,0,0,0,1.000000,5.322787,1,760.002500,0.000000,,v0.4.1-interval-core
14635454047,14635454047,14635454047,14635454047,0.000000,0,0,0,0,2,multiscale+elgendi_like,1.000000,0.000000,0,0,0,0,1.000000,4.816854,1,759.998500,0.000000,,v0.4.1-interval-core
14636214043,14636214043,14636214043,14636214043,0.000000,0,0,0,0,2,multiscale+elgendi_like,1.000000,0.000000,0,0,0,0,1.000000,4.897626,1,759.998500,0.000000,,v0.4.1-interval-core
14636942047,14636942047,14636942047,14636942047,0.000000,0,0,0,0,2,multiscale+elgendi_like,1.000000,0.000000,0,0,0,0,1.000000,4.640587,1,759.996000,0.000000,,v0.4.1-interval-core
14637662044,14637662044,14637662044,14637662044,0.000000,0,0,0,0,2,multiscale+elgendi_like,1.000000,0.000000,0,0,0,0,1.000000,4.273941,1,752.004000,0.000000,,v0.4.1-interval-core
14638438046,14638430047,14638438046,14638438046,7.999000,0,0,0,0,2,multiscale+elgendi_like,1.000000,0.000000,0,0,0,0,1.000000,5.245103,1,759.996000,7.999000,,v0.4.1-interval-core
14639182047,14639182047,14639182047,14639182047,0.000000,0,0,0,0,2,multiscale+elgendi_like,1.000000,0.000000,0,0,0,0,1.000000,4.846822,1,759.996000,0.000000,,v0.4.1-interval-core
14639910047,14639910047,14639910047,14639910047,0.000000,0,0,0,0,2,multiscale+elgendi_like,1.000000,0.000000,0,0,0,0,1.000000,4.829526,1,756.000000,0.000000,,v0.4.1-interval-core
14640670043,14640670043,14640670043,14640670043,0.000000,0,0,0,0,2,multiscale+elgendi_like,1.000000,0.000000,0,0,0,0,1.000000,5.534448,1,756.000000,0.000000,,v0.4.1-interval-core
14641422043,14641422043,14641422043,14641422043,0.000000,0,0,0,0,2,multiscale+elgendi_like,1.000000,0.000000,0,0,0,0,1.000000,4.936672,1,756.000000,0.000000,,v0.4.1-interval-core
14642174047,14642174047,14642174047,14642174047,0.000000,0,0,0,0,2,multiscale+elgendi_like,1.000000,0.000000,0,0,0,0,1.000000,4.903503,1,756.000000,0.000000,,v0.4.1-interval-core
14642878046,14642878046,14642878046,14642878046,0.000000,0,0,0,0,2,multiscale+elgendi_like,1.000000,0.000000,0,0,0,0,1.000000,4.472334,1,756.000000,0.000000,,v0.4.1-interval-core
14643550043,14643550043,14643550043,14643550043,0.000000,0,0,0,0,2,multiscale+elgendi_like,1.000000,0.000000,0,0,0,0,1.000000,4.520493,1,759.996000,0.000000,,v0.4.1-interval-core
14644214047,0,14644214047,14644214047,0.000000,1,0,0,0,2,multiscale+elgendi_like,1.000000,0.000000,0,0,1,0,1.000000,4.716154,1,759.996000,0.000000,,v0.4.1-interval-core
14644926044,14644934043,14644926044,14644926044,-7.999000,0,0,0,0,2,multiscale+elgendi_like,1.000000,0.000000,0,0,0,0,1.000000,5.402798,1,760.000000,7.999000,,v0.4.1-interval-core
14645710043,14645710043,14645710043,14645710043,0.000000,0,0,0,0,2,multiscale+elgendi_like,1.000000,0.000000,0,0,0,0,1.000000,5.625367,1,759.996000,0.000000,,v0.4.1-interval-core
14646534046,14646534046,14646534046,14646534046,0.000000,0,0,0,0,2,multiscale+elgendi_like,1.000000,0.000000,0,0,0,0,1.000000,5.528074,1,759.996000,0.000000,,v0.4.1-interval-core
14647366043,14647358043,14647366043,14647366043,8.000000,0,0,0,0,2,multiscale+elgendi_like,1.000000,0.000000,0,0,0,0,1.000000,5.450924,1,776.002000,8.000000,,v0.4.1-interval-core
14648222043,14648222043,14648222043,14648222043,0.000000,0,0,0,0,2,multiscale+elgendi_like,1.000000,0.000000,0,0,0,0,1.000000,5.422899,1,783.999000,0.000000,,v0.4.1-interval-core
14649094046,14649094046,14649094046,14649094046,0.000000,0,0,0,0,2,multiscale+elgendi_like,1.000000,0.000000,0,0,0,0,1.000000,5.006906,1,824.003000,0.000000,,v0.4.1-interval-core
14649942045,14649942045,14649942045,14649942045,0.000000,0,0,0,0,2,multiscale+elgendi_like,1.000000,0.000000,0,0,0,0,1.000000,4.746130,1,824.003000,0.000000,,v0.4.1-interval-core
14650830043,14650822044,14650830043,14650830043,7.999000,0,0,0,0,2,multiscale+elgendi_like,1.000000,0.000000,0,0,0,0,1.000000,5.103880,1,831.997000,7.999000,,v0.4.1-interval-core
14651710043,14651710043,14651710043,14651710043,0.000000,0,0,0,0,2,multiscale+elgendi_like,1.000000,0.000000,0,0,0,0,1.000000,4.985306,1,832.000000,0.000000,,v0.4.1-interval-core
14652574043,14652566046,14652574043,14652574043,7.997000,0,0,0,0,2,multiscale+elgendi_like,1.000000,0.000000,0,0,0,0,1.000000,4.889421,1,832.002000,7.997000,,v0.4.1-interval-core
14653406043,0,14653406043,14653406043,0.000000,1,0,0,0,2,multiscale+elgendi_like,1.000000,0.000000,0,0,1,0,1.000000,4.519157,1,840.001000,0.000000,,v0.4.1-interval-core
14654238044,0,14654238044,14654238044,0.000000,1,0,0,0,2,multiscale+elgendi_like,1.000000,0.000000,0,0,1,0,1.000000,5.069393,1,847.999000,0.000000,,v0.4.1-interval-core
14655086043,14655062043,14655086043,14655086043,24.000000,0,0,0,0,2,multiscale+elgendi_like,1.000000,0.000000,0,0,0,0,1.000000,4.889226,1,851.999500,24.000000,,v0.4.1-interval-core
14655918046,14655918046,14655918046,14655918046,0.000000,0,0,0,0,2,multiscale+elgendi_like,1.000000,0.000000,0,0,0,0,1.000000,4.533356,1,859.998000,0.000000,,v0.4.1-interval-core
14656734043,14656734043,14656734043,14656734043,0.000000,0,0,0,0,2,multiscale+elgendi_like,1.000000,0.000000,0,0,0,0,1.000000,4.647527,1,863.998000,0.000000,,v0.4.1-interval-core
14657598043,14657590043,14657598043,14657598043,8.000000,0,0,0,0,2,multiscale+elgendi_like,1.000000,0.000000,0,0,0,0,1.000000,5.161990,1,864.000000,8.000000,,v0.4.1-interval-core
14658510043,14658510043,14658510043,14658510043,0.000000,0,0,0,0,2,multiscale+elgendi_like,1.000000,0.000000,0,0,0,0,1.000000,5.272456,1,864.000000,0.000000,,v0.4.1-interval-core
14659454043,14659446046,14659454043,14659454043,7.997000,0,0,0,0,2,multiscale+elgendi_like,1.000000,0.000000,0,0,0,0,1.000000,5.671770,1,864.000000,7.997000,,v0.4.1-interval-core
14660350043,14660350043,14660350043,14660350043,0.000000,0,0,0,0,2,multiscale+elgendi_like,1.000000,0.000000,0,0,0,0,1.000000,5.124457,1,863.996000,0.000000,,v0.4.1-interval-core
14661214047,14661206043,14661214047,14661214047,8.004000,0,0,0,0,2,multiscale+elgendi_like,1.000000,0.000000,0,0,0,0,1.000000,5.577549,1,863.996000,8.004000,,v0.4.1-interval-core
14662078043,14662078043,14662078043,14662078043,0.000000,0,0,0,0,2,multiscale+elgendi_like,1.000000,0.000000,0,0,0,0,1.000000,5.331699,1,856.004000,0.000000,,v0.4.1-interval-core
14662942043,14662942043,14662942043,14662942043,0.000000,0,0,0,0,2,multiscale+elgendi_like,1.000000,0.000000,0,0,0,0,1.000000,4.954813,1,856.000000,0.000000,,v0.4.1-interval-core
14663798043,14663798043,14663798043,14663798043,0.000000,0,0,0,0,2,multiscale+elgendi_like,1.000000,0.000000,0,0,0,0,1.000000,5.254661,1,847.997500,0.000000,,v0.4.1-interval-core
14664678043,14664678043,14664678043,14664678043,0.000000,0,0,0,0,2,multiscale+elgendi_like,1.000000,0.000000,0,0,0,0,1.000000,5.409940,1,847.997500,0.000000,,v0.4.1-interval-core
14665534047,14665534047,14665534047,14665534047,0.000000,0,0,0,0,2,multiscale+elgendi_like,1.000000,0.000000,0,0,0,0,1.000000,4.920175,1,847.997500,0.000000,,v0.4.1-interval-core
14666382043,14666382043,14666382043,14666382043,0.000000,0,0,0,0,2,multiscale+elgendi_like,1.000000,0.000000,0,0,0,0,1.000000,4.662016,1,848.000000,0.000000,,v0.4.1-interval-core
14667158044,14667158044,14667158044,14667158044,0.000000,0,0,0,0,2,multiscale+elgendi_like,1.000000,0.000000,0,0,0,0,1.000000,4.204589,1,843.998000,0.000000,,v0.4.1-interval-core
14667918043,14667918043,14667918043,14667918043,0.000000,0,0,0,0,2,multiscale+elgendi_like,1.000000,0.000000,0,0,0,0,1.000000,4.416946,1,843.998000,0.000000,,v0.4.1-interval-core
14668694043,14668694043,14668694043,14668694043,0.000000,0,0,0,0,2,multiscale+elgendi_like,1.000000,0.000000,0,0,0,0,1.000000,4.689674,1,835.999000,0.000000,,v0.4.1-interval-core
14669494043,14669494043,14669494043,14669494043,0.000000,0,0,0,0,2,multiscale+elgendi_like,1.000000,0.000000,0,0,0,0,1.000000,4.910713,1,827.999500,0.000000,,v0.4.1-interval-core
14670318044,14670318044,14670318044,14670318044,0.000000,0,0,0,0,2,multiscale+elgendi_like,1.000000,0.000000,0,0,0,0,1.000000,4.798484,1,824.001000,0.000000,,v0.4.1-interval-core
14671078043,0,14671078043,14671078043,0.000000,1,0,0,0,2,multiscale+elgendi_like,1.000000,0.000000,0,0,1,0,1.000000,4.541527,1,808.000000,0.000000,,v0.4.1-interval-core
14671830045,14671486043,14671830045,14671830045,344.002000,0,0,0,0,2,multiscale+elgendi_like,1.000000,0.000000,0,0,0,0,1.000000,5.114379,1,800.000000,344.002000,,v0.4.1-interval-core
14672662043,14672646043,14672662043,14672662043,16.000000,0,0,0,0,2,multiscale+elgendi_like,1.000000,0.000000,0,0,0,0,1.000000,5.302341,1,776.001000,16.000000,,v0.4.1-interval-core
14673502043,14673502043,14673502043,14673502043,0.000000,0,0,0,0,2,multiscale+elgendi_like,1.000000,0.000000,0,0,0,0,1.000000,4.944621,1,776.000000,0.000000,,v0.4.1-interval-core
14674310043,0,14674310043,14674310043,0.000000,1,0,0,0,2,multiscale+elgendi_like,1.000000,0.000000,0,0,1,0,1.000000,4.314333,1,768.002000,0.000000,,v0.4.1-interval-core
14675078045,0,14675078045,14675078045,0.000000,1,0,0,0,2,multiscale+elgendi_like,1.000000,0.000000,0,0,1,0,1.000000,4.605087,1,760.000500,0.000000,,v0.4.1-interval-core
14675838043,0,14675838043,14675838043,0.000000,1,0,0,0,2,multiscale+elgendi_like,1.000000,0.000000,0,0,1,0,1.000000,4.689421,1,759.999000,0.000000,,v0.4.1-interval-core
14676566043,14676566043,14676566043,14676566043,0.000000,0,0,0,0,2,multiscale+elgendi_like,1.000000,0.000000,0,0,0,0,1.000000,4.313936,1,759.998500,0.000000,,v0.4.1-interval-core
14677254043,14677254043,14677254043,14677254043,0.000000,0,0,0,0,2,multiscale+elgendi_like,1.000000,0.000000,0,0,0,0,1.000000,4.485987,1,759.998000,0.000000,,v0.4.1-interval-core
14677958045,14677958045,14677958045,14677958045,0.000000,0,0,0,0,2,multiscale+elgendi_like,1.000000,0.000000,0,0,0,0,1.000000,4.940307,1,752.002000,0.000000,,v0.4.1-interval-core
14678718047,14678718047,14678718047,14678718047,0.000000,0,0,0,0,2,multiscale+elgendi_like,1.000000,0.000000,0,0,0,0,1.000000,5.334112,1,752.002000,0.000000,,v0.4.1-interval-core
14679462045,14679462045,14679462045,14679462045,0.000000,0,0,0,0,2,multiscale+elgendi_like,1.000000,0.000000,0,0,0,0,1.000000,4.746539,1,751.999000,0.000000,,v0.4.1-interval-core
14680214047,14680206043,14680214047,14680214047,8.004000,0,0,0,0,2,multiscale+elgendi_like,1.000000,0.000000,0,0,0,0,1.000000,4.899201,1,743.998000,8.004000,,v0.4.1-interval-core
14680966046,14680966046,14680966046,14680966046,0.000000,0,0,0,0,2,multiscale+elgendi_like,1.000000,0.000000,0,0,0,0,1.000000,5.109829,1,724.000000,0.000000,,v0.4.1-interval-core
14681686046,14681686046,14681686046,14681686046,0.000000,0,0,0,0,2,multiscale+elgendi_like,1.000000,0.000000,0,0,0,0,1.000000,4.972222,1,720.000000,0.000000,,v0.4.1-interval-core
14682374043,14682374043,14682374043,14682374043,0.000000,0,0,0,0,2,multiscale+elgendi_like,1.000000,0.000000,0,0,0,0,1.000000,4.556012,1,700.002500,0.000000,,v0.4.1-interval-core
14683014043,0,14683014043,14683014043,0.000000,1,0,0,0,2,multiscale+elgendi_like,1.000000,0.000000,0,0,1,0,1.000000,4.394995,1,692.002500,0.000000,,v0.4.1-interval-core
14683638043,14683422044,14683638043,14683638043,215.999000,0,0,0,0,2,multiscale+elgendi_like,1.000000,0.000000,0,0,0,0,1.000000,4.444309,1,688.002000,215.999000,,v0.4.1-interval-core
14684294044,14684294044,14684294044,14684294044,0.000000,0,0,0,0,2,multiscale+elgendi_like,1.000000,0.000000,0,0,0,0,1.000000,4.988318,1,692.001000,0.000000,,v0.4.1-interval-core
14684990047,14684990047,14684990047,14684990047,0.000000,0,0,0,0,2,multiscale+elgendi_like,1.000000,0.000000,0,0,0,0,1.000000,4.881513,1,692.001000,0.000000,,v0.4.1-interval-core
14685662047,14685662047,14685662047,14685662047,0.000000,0,0,0,0,2,multiscale+elgendi_like,1.000000,0.000000,0,0,0,0,1.000000,4.026027,1,692.001000,0.000000,,v0.4.1-interval-core
14686302043,14686302043,14686302043,14686302043,0.000000,0,0,0,0,2,multiscale+elgendi_like,1.000000,0.000000,0,0,0,0,1.000000,4.703196,1,688.001000,0.000000,,v0.4.1-interval-core
14686934044,14686934044,14686934044,14686934044,0.000000,0,0,0,0,2,multiscale+elgendi_like,1.000000,0.000000,0,0,0,0,1.000000,4.575123,1,688.001000,0.000000,,v0.4.1-interval-core
14687590045,14687590045,14687590045,14687590045,0.000000,0,0,0,0,2,multiscale+elgendi_like,1.000000,0.000000,0,0,0,0,1.000000,4.800850,1,688.000000,0.000000,,v0.4.1-interval-core
14688270044,14688270044,14688270044,14688270044,0.000000,0,0,0,0,2,multiscale+elgendi_like,1.000000,0.000000,0,0,0,0,1.000000,4.447807,1,688.002000,0.000000,,v0.4.1-interval-core
14688958046,14688950043,14688958046,14688958046,8.003000,0,0,0,0,2,multiscale+elgendi_like,1.000000,0.000000,0,0,0,0,1.000000,4.588014,1,688.002000,8.003000,,v0.4.1-interval-core
14689614045,14689614045,14689614045,14689614045,0.000000,0,0,0,0,2,multiscale+elgendi_like,1.000000,0.000000,0,0,0,0,1.000000,3.805901,1,688.002000,0.000000,,v0.4.1-interval-core
14690294043,14690294043,14690294043,14690294043,0.000000,0,0,0,0,2,multiscale+elgendi_like,1.000000,0.000000,0,0,0,0,1.000000,4.111640,1,688.002000,0.000000,,v0.4.1-interval-core
14690990043,14690982043,14690990043,14690990043,8.000000,0,0,0,0,2,multiscale+elgendi_like,1.000000,0.000000,0,0,0,0,1.000000,4.725639,1,688.000000,8.000000,,v0.4.1-interval-core
14691702046,14691702046,14691702046,14691702046,0.000000,0,0,0,0,2,multiscale+elgendi_like,1.000000,0.000000,0,0,0,0,1.000000,4.875493,1,688.000000,0.000000,,v0.4.1-interval-core
14692406043,14692398045,14692406043,14692406043,7.998000,0,0,0,0,2,multiscale+elgendi_like,1.000000,0.000000,0,0,0,0,1.000000,4.625786,1,687.997000,7.998000,,v0.4.1-interval-core
14693094043,14693086043,14693094043,14693094043,8.000000,0,0,0,0,2,multiscale+elgendi_like,1.000000,0.000000,0,0,0,0,1.000000,5.089309,1,679.999000,8.000000,,v0.4.1-interval-core
14693806043,14693806043,14693806043,14693806043,0.000000,0,0,0,0,2,multiscale+elgendi_like,1.000000,0.000000,0,0,0,0,1.000000,5.045259,1,679.999000,0.000000,,v0.4.1-interval-core
14694494043,14694494043,14694494043,14694494043,0.000000,0,0,0,0,2,multiscale+elgendi_like,1.000000,0.000000,0,0,0,0,1.000000,4.661742,1,679.999000,0.000000,,v0.4.1-interval-core
14695198045,14695190047,14695198045,14695198045,7.998000,0,0,0,0,2,multiscale+elgendi_like,1.000000,0.000000,0,0,0,0,1.000000,5.366400,1,680.002000,7.998000,,v0.4.1-interval-core
14695910047,14695902043,14695910047,14695910047,8.004000,0,0,0,0,2,multiscale+elgendi_like,1.000000,0.000000,0,0,0,0,1.000000,5.192456,1,688.000000,8.004000,,v0.4.1-interval-core
14696622045,14696622045,14696622045,14696622045,0.000000,0,0,0,0,2,multiscale+elgendi_like,1.000000,0.000000,0,0,0,0,1.000000,4.874873,1,688.000000,0.000000,,v0.4.1-interval-core
14697318043,14697318043,14697318043,14697318043,0.000000,0,0,0,0,2,multiscale+elgendi_like,1.000000,0.000000,0,0,0,0,1.000000,4.314197,1,688.000000,0.000000,,v0.4.1-interval-core
14697982044,14697982044,14697982044,14697982044,0.000000,0,0,0,0,2,multiscale+elgendi_like,1.000000,0.000000,0,0,0,0,1.000000,3.813879,1,688.002000,0.000000,,v0.4.1-interval-core
14698606046,14698598047,14698606046,14698606046,7.999000,0,0,0,0,2,multiscale+elgendi_like,1.000000,0.000000,0,0,0,0,1.000000,3.888936,1,695.996000,7.999000,,v0.4.1-interval-core
14699254046,14699254046,14699254046,14699254046,0.000000,0,0,0,0,2,multiscale+elgendi_like,1.000000,0.000000,0,0,0,0,1.000000,4.529121,1,695.998000,0.000000,,v0.4.1-interval-core
14699910043,14699910043,14699910043,14699910043,0.000000,0,0,0,0,2,multiscale+elgendi_like,1.000000,0.000000,0,0,0,0,1.000000,3.562825,1,695.999000,0.000000,,v0.4.1-interval-core
14700590045,14700590045,14700590045,14700590045,0.000000,0,0,0,0,2,multiscale+elgendi_like,1.000000,0.000000,0,0,0,0,1.000000,5.647324,1,696.000500,0.000000,,v0.4.1-interval-core
14701246047,14701246047,14701246047,14701246047,0.000000,0,0,0,0,2,multiscale+elgendi_like,1.000000,0.000000,0,0,0,0,1.000000,4.535936,1,699.999000,0.000000,,v0.4.1-interval-core
14701942043,0,14701942043,14701942043,0.000000,1,0,0,0,2,multiscale+elgendi_like,1.000000,0.000000,0,0,1,0,1.000000,4.951394,1,703.999500,0.000000,,v0.4.1-interval-core
14702638044,0,14702638044,14702638044,0.000000,1,0,0,0,2,multiscale+elgendi_like,1.000000,0.000000,0,0,1,0,1.000000,5.050876,1,708.000000,0.000000,,v0.4.1-interval-core
14703398043,14703398043,14703398043,14703398043,0.000000,0,0,0,0,2,multiscale+elgendi_like,1.000000,0.000000,0,0,0,0,1.000000,5.967512,1,708.000000,0.000000,,v0.4.1-interval-core
14704198043,14704198043,14704198043,14704198043,0.000000,0,0,0,0,2,multiscale+elgendi_like,1.000000,0.000000,0,0,0,0,1.000000,6.415796,1,711.999000,0.000000,,v0.4.1-interval-core
14704950043,14704950043,14704950043,14704950043,0.000000,0,0,0,0,2,multiscale+elgendi_like,1.000000,0.000000,0,0,0,0,1.000000,5.218071,1,712.002000,0.000000,,v0.4.1-interval-core
14705742043,14705742043,14705742043,14705742043,0.000000,0,0,0,0,2,multiscale+elgendi_like,1.000000,0.000000,0,0,0,0,1.000000,5.895330,1,720.002000,0.000000,,v0.4.1-interval-core
14706542047,14706542047,14706542047,14706542047,0.000000,0,0,0,0,2,multiscale+elgendi_like,1.000000,0.000000,0,0,0,0,1.000000,5.593199,1,724.000000,0.000000,,v0.4.1-interval-core
14707310043,14707310043,14707310043,14707310043,0.000000,0,0,0,0,2,multiscale+elgendi_like,1.000000,0.000000,0,0,0,0,1.000000,4.961103,1,727.998000,0.000000,,v0.4.1-interval-core
14708086047,14708086047,14708086047,14708086047,0.000000,0,0,0,0,2,multiscale+elgendi_like,1.000000,0.000000,0,0,0,0,1.000000,4.839627,1,727.998000,0.000000,,v0.4.1-interval-core
14708870046,14708870046,14708870046,14708870046,0.000000,0,0,0,0,2,multiscale+elgendi_like,1.000000,0.000000,0,0,0,0,1.000000,4.411212,1,724.000000,0.000000,,v0.4.1-interval-core
14709598044,14709598044,14709598044,14709598044,0.000000,0,0,0,0,2,multiscale+elgendi_like,1.000000,0.000000,0,0,0,0,1.000000,4.182881,1,724.000000,0.000000,,v0.4.1-interval-core
14710334043,14710334043,14710334043,14710334043,0.000000,0,0,0,0,2,multiscale+elgendi_like,1.000000,0.000000,0,0,0,0,1.000000,4.459998,1,727.998000,0.000000,,v0.4.1-interval-core
14711054045,14711054045,14711054045,14711054045,0.000000,0,0,0,0,2,multiscale+elgendi_like,1.000000,0.000000,0,0,0,0,1.000000,3.904069,1,727.998000,0.000000,,v0.4.1-interval-core
14711782043,14711782043,14711782043,14711782043,0.000000,0,0,0,0,2,multiscale+elgendi_like,1.000000,0.000000,0,0,0,0,1.000000,4.355924,1,727.999500,0.000000,,v0.4.1-interval-core
14712518043,14712518043,14712518043,14712518043,0.000000,0,0,0,0,2,multiscale+elgendi_like,1.000000,0.000000,0,0,0,0,1.000000,4.156958,1,735.999000,0.000000,,v0.4.1-interval-core
14713246044,14713246044,14713246044,14713246044,0.000000,0,0,0,0,2,multiscale+elgendi_like,1.000000,0.000000,0,0,0,0,1.000000,4.016723,1,736.000000,0.000000,,v0.4.1-interval-core
14713902047,0,14713902047,14713902047,0.000000,1,0,0,0,2,multiscale+elgendi_like,1.000000,0.000000,0,0,1,0,1.000000,4.444754,1,736.003000,0.000000,,v0.4.1-interval-core
14714582046,0,14714582046,14714582046,0.000000,1,0,0,0,2,multiscale+elgendi_like,1.000000,0.000000,0,0,1,0,1.000000,4.714310,1,736.001500,0.000000,,v0.4.1-interval-core
14715302043,14715078044,14715302043,14715302043,223.999000,0,0,0,0,2,multiscale+elgendi_like,1.000000,0.000000,0,0,0,0,1.000000,4.431419,1,736.001500,223.999000,,v0.4.1-interval-core
14715974044,14715974044,14715974044,14715974044,0.000000,0,0,0,0,2,multiscale+elgendi_like,1.000000,0.000000,0,0,0,0,1.000000,4.176149,1,736.003000,0.000000,,v0.4.1-interval-core
14716678043,14716670043,14716678043,14716678043,8.000000,0,0,0,0,2,multiscale+elgendi_like,1.000000,0.000000,0,0,0,0,1.000000,5.529357,1,736.003000,8.000000,,v0.4.1-interval-core
14717390047,14717390047,14717390047,14717390047,0.000000,0,0,0,0,2,multiscale+elgendi_like,1.000000,0.000000,0,0,0,0,1.000000,4.948150,1,736.003000,0.000000,,v0.4.1-interval-core
14718158047,14718158047,14718158047,14718158047,0.000000,0,0,0,0,2,multiscale+elgendi_like,1.000000,0.000000,0,0,0,0,1.000000,5.180802,1,736.003000,0.000000,,v0.4.1-interval-core
14718918045,14718918045,14718918045,14718918045,0.000000,0,0,0,0,2,multiscale+elgendi_like,1.000000,0.000000,0,0,0,0,1.000000,4.993988,1,736.000000,0.000000,,v0.4.1-interval-core
14719678043,14719670043,14719678043,14719678043,8.000000,0,0,0,0,2,multiscale+elgendi_like,1.000000,0.000000,0,0,0,0,1.000000,5.468186,1,736.000000,8.000000,,v0.4.1-interval-core
14720414046,14720414046,14720414046,14720414046,0.000000,0,0,0,0,2,multiscale+elgendi_like,1.000000,0.000000,0,0,0,0,1.000000,5.303444,1,736.000000,0.000000,,v0.4.1-interval-core
14721174044,14721174044,14721174044,14721174044,0.000000,0,0,0,0,2,multiscale+elgendi_like,1.000000,0.000000,0,0,0,0,1.000000,5.927786,1,736.003000,0.000000,,v0.4.1-interval-core
14721950043,14721942043,14721950043,14721950043,8.000000,0,0,0,0,2,multiscale+elgendi_like,1.000000,0.000000,0,0,0,0,1.000000,5.242243,1,743.998000,8.000000,,v0.4.1-interval-core
14722710046,14722710046,14722710046,14722710046,0.000000,0,0,0,0,2,multiscale+elgendi_like,1.000000,0.000000,0,0,0,0,1.000000,4.960834,1,743.998000,0.000000,,v0.4.1-interval-core
14723454044,14723454044,14723454044,14723454044,0.000000,0,0,0,0,2,multiscale+elgendi_like,1.000000,0.000000,0,0,0,0,1.000000,4.721242,1,744.000000,0.000000,,v0.4.1-interval-core
14724198047,14724198047,14724198047,14724198047,0.000000,0,0,0,0,2,multiscale+elgendi_like,1.000000,0.000000,0,0,0,0,1.000000,5.205202,1,744.000000,0.000000,,v0.4.1-interval-core
14724942047,14724942047,14724942047,14724942047,0.000000,0,0,0,0,2,multiscale+elgendi_like,1.000000,0.000000,0,0,0,0,1.000000,4.993201,1,744.003000,0.000000,,v0.4.1-interval-core
14725646043,14725646043,14725646043,14725646043,0.000000,0,0,0,0,2,multiscale+elgendi_like,1.000000,0.000000,0,0,0,0,1.000000,5.201354,1,744.003000,0.000000,,v0.4.1-interval-core
14726390043,14726390043,14726390043,14726390043,0.000000,0,0,0,0,2,multiscale+elgendi_like,1.000000,0.000000,0,0,0,0,1.000000,5.365116,1,744.003000,0.000000,,v0.4.1-interval-core
14727134047,14727134047,14727134047,14727134047,0.000000,0,0,0,0,2,multiscale+elgendi_like,1.000000,0.000000,0,0,0,0,1.000000,5.037555,1,744.003000,0.000000,,v0.4.1-interval-core
14727894043,14727894043,14727894043,14727894043,0.000000,0,0,0,0,2,multiscale+elgendi_like,1.000000,0.000000,0,0,0,0,1.000000,5.094112,1,744.003000,0.000000,,v0.4.1-interval-core
14728662045,14728662045,14728662045,14728662045,0.000000,0,0,0,0,2,multiscale+elgendi_like,1.000000,0.000000,0,0,0,0,1.000000,4.927405,1,744.003000,0.000000,,v0.4.1-interval-core
14729406043,14729406043,14729406043,14729406043,0.000000,0,0,0,0,2,multiscale+elgendi_like,1.000000,0.000000,0,0,0,1,1.000000,5.279523,1,744.000000,0.000000,,v0.4.1-interval-core
14730158047,14730158047,14730158047,14730158047,0.000000,0,0,0,0,2,multiscale+elgendi_like,1.000000,0.000000,0,0,0,0,1.000000,3.961120,1,744.000000,0.000000,,v0.4.1-interval-core
14730926043,14730926043,14730926043,14730926043,0.000000,0,0,0,0,2,multiscale+elgendi_like,1.000000,0.000000,0,0,0,0,1.000000,5.868698,1,743.998000,0.000000,,v0.4.1-interval-core
14731670046,14731670046,14731670046,14731670046,0.000000,0,0,0,0,2,multiscale+elgendi_like,1.000000,0.000000,0,0,0,0,1.000000,3.885135,1,743.998000,0.000000,,v0.4.1-interval-core
14732382043,14732382043,14732382043,14732382043,0.000000,0,0,0,0,2,multiscale+elgendi_like,1.000000,0.000000,0,0,0,0,1.000000,4.692368,1,743.998000,0.000000,,v0.4.1-interval-core
14733118045,14733118045,14733118045,14733118045,0.000000,0,0,0,0,2,multiscale+elgendi_like,1.000000,0.000000,0,0,0,0,1.000000,5.011707,1,736.002000,0.000000,,v0.4.1-interval-core
14733854043,14733854043,14733854043,14733854043,0.000000,0,0,0,0,2,multiscale+elgendi_like,1.000000,0.000000,0,0,0,0,1.000000,4.511954,1,735.998000,0.000000,,v0.4.1-interval-core
14734574043,14734574043,14734574043,14734574043,0.000000,0,0,0,0,2,multiscale+elgendi_like,1.000000,0.000000,0,0,0,0,1.000000,4.187492,1,731.998500,0.000000,,v0.4.1-interval-core
14735270043,14735270043,14735270043,14735270043,0.000000,0,0,0,0,2,multiscale+elgendi_like,1.000000,0.000000,0,0,0,0,1.000000,4.102639,1,720.000000,0.000000,,v0.4.1-interval-core
14735974043,14735974043,14735974043,14735974043,0.000000,0,0,0,0,2,multiscale+elgendi_like,1.000000,0.000000,0,0,0,0,1.000000,4.467531,1,715.998500,0.000000,,v0.4.1-interval-core
14736670045,14736670045,14736670045,14736670045,0.000000,0,0,0,0,2,multiscale+elgendi_like,1.000000,0.000000,0,0,0,0,1.000000,4.580154,1,707.998500,0.000000,,v0.4.1-interval-core
14737366045,14737366045,14737366045,14737366045,0.000000,0,0,0,0,2,multiscale+elgendi_like,1.000000,0.000000,0,0,0,0,1.000000,5.030087,1,707.998500,0.000000,,v0.4.1-interval-core
14738030045,14738030045,14738030045,14738030045,0.000000,0,0,0,0,2,multiscale+elgendi_like,1.000000,0.000000,0,0,0,0,1.000000,4.167609,1,700.001000,0.000000,,v0.4.1-interval-core
14738654045,0,14738654045,14738654045,0.000000,1,0,0,0,2,multiscale+elgendi_like,1.000000,0.000000,0,0,1,0,1.000000,3.973696,1,696.001000,0.000000,,v0.4.1-interval-core
14739310043,14739310043,14739310043,14739310043,0.000000,0,0,0,0,2,multiscale+elgendi_like,1.000000,0.000000,0,0,0,0,1.000000,4.085717,1,696.001000,0.000000,,v0.4.1-interval-core
14739998044,0,14739998044,14739998044,0.000000,1,0,0,0,2,multiscale+elgendi_like,1.000000,0.000000,0,0,1,0,1.000000,4.413424,1,696.000000,0.000000,,v0.4.1-interval-core
14740726043,14740726043,14740726043,14740726043,0.000000,0,0,0,0,2,multiscale+elgendi_like,1.000000,0.000000,0,0,0,0,1.000000,5.040908,1,696.000000,0.000000,,v0.4.1-interval-core
14741406043,14741654043,14741406043,14741406043,-248.000000,0,0,0,0,2,multiscale+elgendi_like,1.000000,0.000000,0,0,0,0,1.000000,3.084131,1,696.000000,248.000000,,v0.4.1-interval-core
14742054043,0,14742054043,14742054043,0.000000,1,0,0,0,2,multiscale+elgendi_like,1.000000,0.000000,0,0,1,0,1.000000,3.918941,1,696.000000,0.000000,,v0.4.1-interval-core
14742742043,14742430044,14742742043,14742742043,311.999000,0,0,0,0,2,multiscale+elgendi_like,1.000000,0.000000,0,0,0,0,1.000000,4.636087,1,696.000000,311.999000,,v0.4.1-interval-core
14743438043,14743438043,14743438043,14743438043,0.000000,0,0,0,0,2,multiscale+elgendi_like,1.000000,0.000000,0,0,0,0,1.000000,4.498171,1,696.000000,0.000000,,v0.4.1-interval-core
14744126046,14744126046,14744126046,14744126046,0.000000,0,0,0,0,2,multiscale+elgendi_like,1.000000,0.000000,0,0,0,0,1.000000,4.289058,1,696.000000,0.000000,,v0.4.1-interval-core
14744806044,14744806044,14744806044,14744806044,0.000000,0,0,0,0,2,multiscale+elgendi_like,1.000000,0.000000,0,0,0,0,1.000000,4.243311,1,696.000000,0.000000,,v0.4.1-interval-core
14745486043,14745262043,14745486043,14745486043,224.000000,0,0,0,0,2,multiscale+elgendi_like,1.000000,0.000000,0,0,0,0,1.000000,3.417523,1,696.000000,224.000000,,v0.4.1-interval-core
14746198045,0,14746198045,14746198045,0.000000,1,0,0,0,2,multiscale+elgendi_like,1.000000,0.000000,0,0,1,0,1.000000,4.016457,1,696.000000,0.000000,,v0.4.1-interval-core
14746894045,14746614046,14746894045,14746894045,279.999000,0,0,0,0,2,multiscale+elgendi_like,1.000000,0.000000,0,0,0,0,1.000000,4.317729,1,696.000000,279.999000,,v0.4.1-interval-core
14747606045,14747310043,14747606045,14747606045,296.002000,0,0,0,0,2,multiscale+elgendi_like,1.000000,0.000000,0,0,0,0,1.000000,4.347056,1,696.000000,296.002000,,v0.4.1-interval-core
14748302047,14747990046,14748302047,14748302047,312.001000,0,0,0,0,2,multiscale+elgendi_like,1.000000,0.000000,0,0,0,0,1.000000,4.227244,1,696.000000,312.001000,,v0.4.1-interval-core
14748990043,14748750043,14748990043,14748990043,240.000000,0,0,0,0,2,multiscale+elgendi_like,1.000000,0.000000,0,0,0,0,1.000000,4.305213,1,692.001500,240.000000,,v0.4.1-interval-core
14749646043,14749382046,14749646043,14749646043,263.997000,0,0,0,0,2,multiscale+elgendi_like,1.000000,0.000000,0,0,0,0,1.000000,4.385544,1,696.000000,263.997000,,v0.4.1-interval-core
14750310043,14750054046,14750310043,14750310043,255.997000,0,0,0,0,2,multiscale+elgendi_like,1.000000,0.000000,0,0,0,0,1.000000,4.876966,1,696.000000,255.997000,,v0.4.1-interval-core
14751006043,14751006043,14751006043,14751006043,0.000000,0,0,0,0,2,multiscale+elgendi_like,1.000000,0.000000,0,0,0,0,1.000000,5.008431,1,696.001500,0.000000,,v0.4.1-interval-core
14751734043,14751422043,14751734043,14751734043,312.000000,0,0,0,0,2,multiscale+elgendi_like,1.000000,0.000000,0,0,0,0,1.000000,4.839068,1,704.001000,312.000000,,v0.4.1-interval-core
14752462045,0,14752462045,14752462045,0.000000,1,0,0,0,2,multiscale+elgendi_like,1.000000,0.000000,0,0,1,0,1.000000,4.761219,1,704.001000,0.000000,,v0.4.1-interval-core
14753190043,14753190043,14753190043,14753190043,0.000000,0,0,0,0,2,multiscale+elgendi_like,1.000000,0.000000,0,0,0,0,1.000000,5.807957,1,712.002000,0.000000,,v0.4.1-interval-core
14753974043,14753974043,14753974043,14753974043,0.000000,0,0,0,0,2,multiscale+elgendi_like,1.000000,0.000000,0,0,0,0,1.000000,5.980888,1,712.002000,0.000000,,v0.4.1-interval-core
14754790044,14754790044,14754790044,14754790044,0.000000,0,0,0,0,2,multiscale+elgendi_like,1.000000,0.000000,0,0,0,0,1.000000,6.023066,1,727.998000,0.000000,,v0.4.1-interval-core
14755654044,14755654044,14755654044,14755654044,0.000000,0,0,0,0,2,multiscale+elgendi_like,1.000000,0.000000,0,0,0,0,1.000000,5.920047,1,728.000000,0.000000,,v0.4.1-interval-core
14756518044,0,14756518044,14756518044,0.000000,1,0,0,0,2,multiscale+elgendi_like,1.000000,0.000000,0,0,1,0,1.000000,5.769535,1,728.002000,0.000000,,v0.4.1-interval-core
14757366043,14757358045,14757366043,14757366043,7.998000,0,0,0,0,2,multiscale+elgendi_like,1.000000,0.000000,0,0,0,0,1.000000,6.074269,1,752.000000,7.998000,,v0.4.1-interval-core
14758134043,14758134043,14758134043,14758134043,0.000000,0,0,0,0,2,multiscale+elgendi_like,1.000000,0.000000,0,0,0,0,1.000000,5.501970,1,752.000000,0.000000,,v0.4.1-interval-core
14758918043,14758918043,14758918043,14758918043,0.000000,0,0,0,0,2,multiscale+elgendi_like,1.000000,0.000000,0,0,0,0,1.000000,6.280106,1,752.000000,0.000000,,v0.4.1-interval-core
14759710043,14759702044,14759710043,14759710043,7.999000,0,0,0,0,2,multiscale+elgendi_like,1.000000,0.000000,0,0,0,0,1.000000,5.576265,1,752.000000,7.999000,,v0.4.1-interval-core
14760486043,14760486043,14760486043,14760486043,0.000000,0,0,0,0,2,multiscale+elgendi_like,1.000000,0.000000,0,0,0,0,1.000000,5.509354,1,752.000000,0.000000,,v0.4.1-interval-core
14761238043,14761238043,14761238043,14761238043,0.000000,0,0,0,0,2,multiscale+elgendi_like,1.000000,0.000000,0,0,0,0,1.000000,5.254058,1,752.000000,0.000000,,v0.4.1-interval-core
14761950043,14761950043,14761950043,14761950043,0.000000,0,0,0,0,2,multiscale+elgendi_like,1.000000,0.000000,0,0,0,0,1.000000,4.818526,1,752.000000,0.000000,,v0.4.1-interval-core
14762702043,14762702043,14762702043,14762702043,0.000000,0,0,0,0,2,multiscale+elgendi_like,1.000000,0.000000,0,0,0,0,1.000000,5.194064,1,752.000000,0.000000,,v0.4.1-interval-core
14763470045,14763462047,14763470045,14763470045,7.998000,0,0,0,0,2,multiscale+elgendi_like,1.000000,0.000000,0,0,0,0,1.000000,4.897356,1,752.000000,7.998000,,v0.4.1-interval-core
14764238045,14764238045,14764238045,14764238045,0.000000,0,0,0,0,2,multiscale+elgendi_like,1.000000,0.000000,0,0,0,0,1.000000,4.745635,1,752.000000,0.000000,,v0.4.1-interval-core
14764950046,14764942043,14764950046,14764950046,8.003000,0,0,0,0,2,multiscale+elgendi_like,1.000000,0.000000,0,0,0,0,1.000000,4.433206,1,752.000000,8.003000,,v0.4.1-interval-core
14765662044,14765654043,14765662044,14765662044,8.001000,0,0,0,0,2,multiscale+elgendi_like,1.000000,0.000000,0,0,0,0,1.000000,4.948617,1,744.001000,8.001000,,v0.4.1-interval-core
14766406044,14766406044,14766406044,14766406044,0.000000,0,0,0,0,2,multiscale+elgendi_like,1.000000,0.000000,0,0,0,0,1.000000,5.250187,1,744.001000,0.000000,,v0.4.1-interval-core
14767126044,14767126044,14767126044,14767126044,0.000000,0,0,0,0,2,multiscale+elgendi_like,1.000000,0.000000,0,0,0,0,1.000000,4.746811,1,744.001000,0.000000,,v0.4.1-interval-core
14767870045,14767870045,14767870045,14767870045,0.000000,0,0,0,0,2,multiscale+elgendi_like,1.000000,0.000000,0,0,0,0,1.000000,5.966671,1,744.001000,0.000000,,v0.4.1-interval-core
14768550044,14768550044,14768550044,14768550044,0.000000,0,0,0,0,2,multiscale+elgendi_like,1.000000,0.000000,0,0,0,0,1.000000,4.754325,1,744.000500,0.000000,,v0.4.1-interval-core
14769214047,14769214047,14769214047,14769214047,0.000000,0,0,0,0,2,multiscale+elgendi_like,1.000000,0.000000,0,0,0,0,1.000000,4.419923,1,744.001000,0.000000,,v0.4.1-interval-core
14769870045,14769870045,14769870045,14769870045,0.000000,0,0,0,0,2,multiscale+elgendi_like,1.000000,0.000000,0,0,0,0,1.000000,4.681370,1,744.000000,0.000000,,v0.4.1-interval-core
14770582044,14770582044,14770582044,14770582044,0.000000,0,0,0,0,2,multiscale+elgendi_like,1.000000,0.000000,0,0,0,0,1.000000,5.365516,1,736.002000,0.000000,,v0.4.1-interval-core
14771318044,14771318044,14771318044,14771318044,0.000000,0,0,0,0,2,multiscale+elgendi_like,1.000000,0.000000,0,0,0,0,1.000000,5.474177,1,736.002000,0.000000,,v0.4.1-interval-core
14772054046,14772046043,14772054046,14772054046,8.003000,0,0,0,0,2,multiscale+elgendi_like,1.000000,0.000000,0,0,0,0,1.000000,5.323040,1,736.002000,8.003000,,v0.4.1-interval-core
14772766043,14772766043,14772766043,14772766043,0.000000,0,0,0,0,2,multiscale+elgendi_like,1.000000,0.000000,0,0,0,0,1.000000,5.560781,1,736.002000,0.000000,,v0.4.1-interval-core
14773510044,14773510044,14773510044,14773510044,0.000000,0,0,0,0,2,multiscale+elgendi_like,1.000000,0.000000,0,0,0,0,1.000000,5.773965,1,744.000000,0.000000,,v0.4.1-interval-core
14774294043,14774294043,14774294043,14774294043,0.000000,0,0,0,0,2,multiscale+elgendi_like,1.000000,0.000000,0,0,0,0,1.000000,5.627260,1,744.000000,0.000000,,v0.4.1-interval-core
14775102043,0,14775102043,14775102043,0.000000,1,0,0,0,2,multiscale+elgendi_like,1.000000,0.000000,0,0,1,0,1.000000,5.959389,1,744.000000,0.000000,,v0.4.1-interval-core
14775886045,14775902043,14775886045,14775886045,-15.998000,0,0,0,0,2,multiscale+elgendi_like,1.000000,0.000000,0,0,0,0,1.000000,5.371162,1,736.002000,15.998000,,v0.4.1-interval-core
14776614043,14776614043,14776614043,14776614043,0.000000,0,0,0,0,2,multiscale+elgendi_like,1.000000,0.000000,0,0,0,0,1.000000,4.895891,1,736.002000,0.000000,,v0.4.1-interval-core
14777318043,14777318043,14777318043,14777318043,0.000000,0,0,0,0,2,multiscale+elgendi_like,1.000000,0.000000,0,0,0,0,1.000000,5.109262,1,736.002000,0.000000,,v0.4.1-interval-core
14778070043,14778070043,14778070043,14778070043,0.000000,0,0,0,0,2,multiscale+elgendi_like,1.000000,0.000000,0,0,0,0,1.000000,5.181106,1,736.000000,0.000000,,v0.4.1-interval-core
14778862045,14778862045,14778862045,14778862045,0.000000,0,0,0,0,2,multiscale+elgendi_like,1.000000,0.000000,0,0,0,0,1.000000,5.428214,1,736.000000,0.000000,,v0.4.1-interval-core
14779646047,14779646047,14779646047,14779646047,0.000000,0,0,0,0,2,multiscale+elgendi_like,1.000000,0.000000,0,0,0,0,1.000000,5.046554,1,731.999000,0.000000,,v0.4.1-interval-core
14780422044,14780422044,14780422044,14780422044,0.000000,0,0,0,0,2,multiscale+elgendi_like,1.000000,0.000000,0,0,0,0,1.000000,5.105911,1,731.999000,0.000000,,v0.4.1-interval-core
14781198047,14781198047,14781198047,14781198047,0.000000,0,0,0,0,2,multiscale+elgendi_like,1.000000,0.000000,0,0,0,0,1.000000,5.590168,1,736.000000,0.000000,,v0.4.1-interval-core
14781966043,14781966043,14781966043,14781966043,0.000000,0,0,0,0,2,multiscale+elgendi_like,1.000000,0.000000,0,0,0,0,1.000000,5.182986,1,736.000000,0.000000,,v0.4.1-interval-core
14782702043,0,14782702043,14782702043,0.000000,1,0,0,0,2,multiscale+elgendi_like,1.000000,0.000000,0,0,1,0,1.000000,4.773922,1,731.999000,0.000000,,v0.4.1-interval-core
14783398043,0,14783398043,14783398043,0.000000,1,0,0,0,2,multiscale+elgendi_like,1.000000,0.000000,0,0,1,0,1.000000,4.448793,1,727.998000,0.000000,,v0.4.1-interval-core
14784038043,14784038043,14784038043,14784038043,0.000000,0,0,0,0,2,multiscale+elgendi_like,1.000000,0.000000,0,0,0,0,1.000000,4.281995,1,735.999000,0.000000,,v0.4.1-interval-core
14784646043,14784646043,14784646043,14784646043,0.000000,0,0,0,0,2,multiscale+elgendi_like,1.000000,0.000000,0,0,0,0,1.000000,4.239491,1,735.999000,0.000000,,v0.4.1-interval-core
14785254045,14785254045,14785254045,14785254045,0.000000,0,0,0,0,2,multiscale+elgendi_like,1.000000,0.000000,0,0,0,0,1.000000,4.478485,1,735.999500,0.000000,,v0.4.1-interval-core
14785886046,14785886046,14785886046,14785886046,0.000000,0,0,0,0,2,multiscale+elgendi_like,1.000000,0.000000,0,0,0,0,1.000000,5.880211,1,735.999000,0.000000,,v0.4.1-interval-core
14786550044,14786550044,14786550044,14786550044,0.000000,0,0,0,0,2,multiscale+elgendi_like,1.000000,0.000000,0,0,0,0,1.000000,5.437676,1,735.999000,0.000000,,v0.4.1-interval-core
14787246045,14787246045,14787246045,14787246045,0.000000,0,0,0,0,2,multiscale+elgendi_like,1.000000,0.000000,0,0,0,0,1.000000,6.018966,1,735.999000,0.000000,,v0.4.1-interval-core
14787966045,14787966045,14787966045,14787966045,0.000000,0,0,0,0,2,multiscale+elgendi_like,1.000000,0.000000,0,0,0,0,1.000000,6.014599,1,736.000000,0.000000,,v0.4.1-interval-core
14788638045,14788638045,14788638045,14788638045,0.000000,0,0,0,0,2,multiscale+elgendi_like,1.000000,0.000000,0,0,0,0,1.000000,5.593311,1,752.000000,0.000000,,v0.4.1-interval-core
14789318044,14789310043,14789318044,14789318044,8.001000,0,0,0,0,2,multiscale+elgendi_like,1.000000,0.000000,0,0,0,0,1.000000,5.895669,1,767.996000,8.001000,,v0.4.1-interval-core
14790054043,14790054043,14790054043,14790054043,0.000000,0,0,0,0,2,multiscale+elgendi_like,1.000000,0.000000,0,0,0,0,1.000000,5.957582,1,744.003000,0.000000,,v0.4.1-interval-core
14790822043,14790814043,14790822043,14790822043,8.000000,0,0,0,0,2,multiscale+elgendi_like,1.000000,0.000000,0,0,0,0,1.000000,5.132846,1,736.003000,8.000000,,v0.4.1-interval-core
14791598043,14791598043,14791598043,14791598043,0.000000,0,0,0,0,2,multiscale+elgendi_like,1.000000,0.000000,0,0,0,0,1.000000,5.340358,1,736.000000,0.000000,,v0.4.1-interval-core
14792446043,14792430043,14792446043,14792446043,16.000000,0,0,0,0,2,multiscale+elgendi_like,1.000000,0.000000,0,0,0,0,1.000000,6.167729,1,736.000000,16.000000,,v0.4.1-interval-core
14793294047,14793294047,14793294047,14793294047,0.000000,0,0,0,0,2,multiscale+elgendi_like,1.000000,0.000000,0,0,0,0,1.000000,5.953652,1,736.000000,0.000000,,v0.4.1-interval-core
14794110046,14794110046,14794110046,14794110046,0.000000,0,0,0,0,2,multiscale+elgendi_like,1.000000,0.000000,0,0,0,0,1.000000,5.233702,1,736.000000,0.000000,,v0.4.1-interval-core
14794886043,14794886043,14794886043,14794886043,0.000000,0,0,0,0,2,multiscale+elgendi_like,1.000000,0.000000,0,0,0,0,1.000000,4.932191,1,736.003000,0.000000,,v0.4.1-interval-core
14795654043,14795646043,14795654043,14795654043,8.000000,0,0,0,0,2,multiscale+elgendi_like,1.000000,0.000000,0,0,0,0,1.000000,5.139113,1,752.000000,8.000000,,v0.4.1-interval-core
14796422043,14796414043,14796422043,14796422043,8.000000,0,0,0,0,2,multiscale+elgendi_like,1.000000,0.000000,0,0,0,0,1.000000,4.752482,1,768.000000,8.000000,,v0.4.1-interval-core
14797158046,14797158046,14797158046,14797158046,0.000000,0,0,0,0,2,multiscale+elgendi_like,1.000000,0.000000,0,0,0,0,1.000000,4.964409,1,768.000000,0.000000,,v0.4.1-interval-core
14797894043,14797582043,14797894043,14797894043,312.000000,0,0,0,0,2,multiscale+elgendi_like,1.000000,0.000000,0,0,0,0,1.000000,5.319663,1,771.998500,312.000000,,v0.4.1-interval-core
14798630043,14798630043,14798630043,14798630043,0.000000,0,0,0,0,2,multiscale+elgendi_like,1.000000,0.000000,0,0,0,0,1.000000,5.423528,1,775.998500,0.000000,,v0.4.1-interval-core
14799382043,14799382043,14799382043,14799382043,0.000000,0,0,0,0,2,multiscale+elgendi_like,1.000000,0.000000,0,0,0,0,1.000000,5.554390,1,775.998500,0.000000,,v0.4.1-interval-core
14800166044,14800166044,14800166044,14800166044,0.000000,0,0,0,0,2,multiscale+elgendi_like,1.000000,0.000000,0,0,0,0,1.000000,5.734199,1,776.000000,0.000000,,v0.4.1-interval-core
14800982043,14800982043,14800982043,14800982043,0.000000,0,0,0,0,2,multiscale+elgendi_like,1.000000,0.000000,0,0,0,0,1.000000,6.080409,1,783.998000,0.000000,,v0.4.1-interval-core
14801822045,14801822045,14801822045,14801822045,0.000000,0,0,0,0,2,multiscale+elgendi_like,1.000000,0.000000,0,0,0,0,1.000000,6.421208,1,784.003000,0.000000,,v0.4.1-interval-core
14802662043,14802662043,14802662043,14802662043,0.000000,0,0,0,0,2,multiscale+elgendi_like,1.000000,0.000000,0,0,0,0,1.000000,6.586513,1,784.003000,0.000000,,v0.4.1-interval-core
14803486045,14803462043,14803486045,14803486045,24.002000,0,0,0,0,2,multiscale+elgendi_like,1.000000,0.000000,0,0,0,0,1.000000,6.467550,1,784.001000,24.002000,,v0.4.1-interval-core
14804286043,14804286043,14804286043,14804286043,0.000000,0,0,0,0,2,multiscale+elgendi_like,1.000000,0.000000,0,0,0,0,1.000000,5.983964,1,784.001000,0.000000,,v0.4.1-interval-core
14805094047,14805086043,14805094047,14805094047,8.004000,0,0,0,0,2,multiscale+elgendi_like,1.000000,0.000000,0,0,0,0,1.000000,5.679058,1,784.001000,8.004000,,v0.4.1-interval-core
14805862046,14805862046,14805862046,14805862046,0.000000,0,0,0,0,2,multiscale+elgendi_like,1.000000,0.000000,0,0,0,0,1.000000,5.803142,1,784.002000,0.000000,,v0.4.1-interval-core
14806646044,14806646044,14806646044,14806646044,0.000000,0,0,0,0,2,multiscale+elgendi_like,1.000000,0.000000,0,0,0,0,1.000000,5.903803,1,788.000000,0.000000,,v0.4.1-interval-core
14807430047,14807430047,14807430047,14807430047,0.000000,0,0,0,0,2,multiscale+elgendi_like,1.000000,0.000000,0,0,0,0,1.000000,5.871225,1,791.997500,0.000000,,v0.4.1-interval-core
14808230046,14808230046,14808230046,14808230046,0.000000,0,0,0,0,2,multiscale+elgendi_like,1.000000,0.000000,0,0,0,0,1.000000,5.798795,1,791.999500,0.000000,,v0.4.1-interval-core
14809022043,14808982046,14809022043,14809022043,39.997000,0,0,0,0,2,multiscale+elgendi_like,1.000000,0.000000,0,0,0,0,1.000000,5.513005,1,799.998000,39.997000,,v0.4.1-interval-core
14809766045,14809766045,14809766045,14809766045,0.000000,0,0,0,0,2,multiscale+elgendi_like,1.000000,0.000000,0,0,0,0,1.000000,5.376641,1,799.998000,0.000000,,v0.4.1-interval-core
14810518046,14810518046,14810518046,14810518046,0.000000,0,0,0,0,2,multiscale+elgendi_like,1.000000,0.000000,0,0,0,0,1.000000,5.908211,1,799.998000,0.000000,,v0.4.1-interval-core
14811310044,14811310044,14811310044,14811310044,0.000000,0,0,0,0,2,multiscale+elgendi_like,1.000000,0.000000,0,0,0,0,1.000000,6.085477,1,799.998000,0.000000,,v0.4.1-interval-core
14812102045,14812102045,14812102045,14812102045,0.000000,0,0,0,0,2,multiscale+elgendi_like,1.000000,0.000000,0,0,0,0,1.000000,6.120333,1,792.001000,0.000000,,v0.4.1-interval-core
14812902043,14812902043,14812902043,14812902043,0.000000,0,0,0,0,2,multiscale+elgendi_like,1.000000,0.000000,0,0,0,0,1.000000,5.974897,1,792.001000,0.000000,,v0.4.1-interval-core
14813726045,14813726045,14813726045,14813726045,0.000000,0,0,0,0,2,multiscale+elgendi_like,1.000000,0.000000,0,0,0,0,1.000000,6.068144,1,792.001000,0.000000,,v0.4.1-interval-core
14814558043,14814494044,14814558043,14814558043,63.999000,0,0,0,0,2,multiscale+elgendi_like,1.000000,0.000000,0,0,0,0,1.000000,6.020867,1,791.998000,63.999000,,v0.4.1-interval-core
14815390044,14815390044,14815390044,14815390044,0.000000,0,0,0,0,2,multiscale+elgendi_like,1.000000,0.000000,0,0,0,0,1.000000,5.777601,1,792.001000,0.000000,,v0.4.1-interval-core
14816198047,14816190045,14816198047,14816198047,8.002000,0,0,0,0,2,multiscale+elgendi_like,1.000000,0.000000,0,0,0,0,1.000000,5.546049,1,792.001000,8.002000,,v0.4.1-interval-core
14816982047,14816982047,14816982047,14816982047,0.000000,0,0,0,0,2,multiscale+elgendi_like,1.000000,0.000000,0,0,0,0,1.000000,5.369613,1,799.997000,0.000000,,v0.4.1-interval-core
14817726044,14817726044,14817726044,14817726044,0.000000,0,0,0,0,2,multiscale+elgendi_like,1.000000,0.000000,0,0,0,0,1.000000,5.215644,1,799.998000,0.000000,,v0.4.1-interval-core
14818478047,14818478047,14818478047,14818478047,0.000000,0,0,0,0,2,multiscale+elgendi_like,1.000000,0.000000,0,0,0,0,1.000000,5.889357,1,799.998000,0.000000,,v0.4.1-interval-core
14819254045,0,14819254045,14819254045,0.000000,1,0,0,0,2,multiscale+elgendi_like,1.000000,0.000000,0,0,1,0,1.000000,5.929382,1,799.999000,0.000000,,v0.4.1-interval-core
14820062046,14820062046,14820062046,14820062046,0.000000,0,0,0,0,2,multiscale+elgendi_like,1.000000,0.000000,0,0,0,0,1.000000,5.989106,1,808.000000,0.000000,,v0.4.1-interval-core
14820862043,14820862043,14820862043,14820862043,0.000000,0,0,0,0,2,multiscale+elgendi_like,1.000000,0.000000,0,0,0,0,1.000000,5.906861,1,808.001000,0.000000,,v0.4.1-interval-core
14821678043,14821670045,14821678043,14821678043,7.998000,0,0,0,0,2,multiscale+elgendi_like,1.000000,0.000000,0,0,0,0,1.000000,5.791256,1,811.999500,7.998000,,v0.4.1-interval-core
14822486043,14822486043,14822486043,14822486043,0.000000,0,0,0,0,2,multiscale+elgendi_like,1.000000,0.000000,0,0,0,0,1.000000,5.559098,1,811.999500,0.000000,,v0.4.1-interval-core
14823302043,14823302043,14823302043,14823302043,0.000000,0,0,0,0,2,multiscale+elgendi_like,1.000000,0.000000,0,0,0,0,1.000000,6.105772,1,811.999500,0.000000,,v0.4.1-interval-core
14824158046,0,14824158046,14824158046,0.000000,1,0,0,0,2,multiscale+elgendi_like,1.000000,0.000000,0,0,1,0,1.000000,6.172120,1,808.003000,0.000000,,v0.4.1-interval-core
14825030046,14825022044,14825030046,14825030046,8.002000,0,0,0,0,2,multiscale+elgendi_like,1.000000,0.000000,0,0,0,0,1.000000,5.906382,1,808.001000,8.002000,,v0.4.1-interval-core
14825870047,14825862044,14825870047,14825870047,8.003000,0,0,0,0,2,multiscale+elgendi_like,1.000000,0.000000,0,0,0,0,1.000000,5.590107,1,808.000000,8.003000,,v0.4.1-interval-core
14826702045,14826702045,14826702045,14826702045,0.000000,0,0,0,0,2,multiscale+elgendi_like,1.000000,0.000000,0,0,0,0,1.000000,5.801472,1,799.997000,0.000000,,v0.4.1-interval-core
14827542047,14827534045,14827542047,14827542047,8.002000,0,0,0,0,2,multiscale+elgendi_like,1.000000,0.000000,0,0,0,0,1.000000,5.701908,1,784.000000,8.002000,,v0.4.1-interval-core
14828358043,14828350045,14828358043,14828358043,7.998000,0,0,0,0,2,multiscale+elgendi_like,1.000000,0.000000,0,0,0,0,1.000000,5.412968,1,783.998000,7.998000,,v0.4.1-interval-core
14829110043,14829110043,14829110043,14829110043,0.000000,0,0,0,0,2,multiscale+elgendi_like,1.000000,0.000000,0,0,0,0,1.000000,5.097500,1,783.998000,0.000000,,v0.4.1-interval-core
14829862043,14829854045,14829862043,14829862043,7.998000,0,0,0,0,2,multiscale+elgendi_like,1.000000,0.000000,0,0,0,0,1.000000,5.634162,1,783.998000,7.998000,,v0.4.1-interval-core
14830638046,14830630044,14830638046,14830638046,8.002000,0,0,0,0,2,multiscale+elgendi_like,1.000000,0.000000,0,0,0,0,1.000000,5.581116,1,783.998000,8.002000,,v0.4.1-interval-core
14831382043,14831382043,14831382043,14831382043,0.000000,0,0,0,0,2,multiscale+elgendi_like,1.000000,0.000000,0,0,0,0,1.000000,5.010239,1,776.003000,0.000000,,v0.4.1-interval-core
14832158046,14832158046,14832158046,14832158046,0.000000,0,0,0,0,2,multiscale+elgendi_like,1.000000,0.000000,0,0,0,0,1.000000,5.556970,1,764.001500,0.000000,,v0.4.1-interval-core
14832894046,14832894046,14832894046,14832894046,0.000000,0,0,0,0,2,multiscale+elgendi_like,1.000000,0.000000,0,0,0,0,1.000000,5.785511,1,752.000000,0.000000,,v0.4.1-interval-core
14833638045,14833638045,14833638045,14833638045,0.000000,0,0,0,0,2,multiscale+elgendi_like,1.000000,0.000000,0,0,0,0,1.000000,5.738850,1,748.000000,0.000000,,v0.4.1-interval-core
14834422043,0,14834422043,14834422043,0.000000,1,0,0,0,2,multiscale+elgendi_like,1.000000,0.000000,0,0,1,0,1.000000,5.811559,1,743.999500,0.000000,,v0.4.1-interval-core
14835166043,14834878044,14835166043,14835166043,287.999000,0,0,0,0,2,multiscale+elgendi_like,1.000000,0.000000,0,0,0,0,1.000000,5.528661,1,743.998000,287.999000,,v0.4.1-interval-core
14835878047,14835566047,14835878047,14835878047,312.000000,0,0,0,0,2,multiscale+elgendi_like,1.000000,0.000000,0,0,0,0,1.000000,5.469100,1,743.997000,312.000000,,v0.4.1-interval-core
14836542046,14836278043,14836542046,14836542046,264.003000,0,0,0,0,2,multiscale+elgendi_like,1.000000,0.000000,0,0,0,0,1.000000,4.579000,1,736.000000,264.003000,,v0.4.1-interval-core
14837238043,0,14837238043,14837238043,0.000000,1,0,0,0,2,multiscale+elgendi_like,1.000000,0.000000,0,0,1,0,1.000000,4.619394,1,736.000000,0.000000,,v0.4.1-interval-core
14837918044,14837702047,14837918044,14837918044,215.997000,0,0,0,0,2,multiscale+elgendi_like,1.000000,0.000000,0,0,0,0,1.000000,4.575477,1,736.000000,215.997000,,v0.4.1-interval-core
14838582046,14838358046,14838582046,14838582046,224.000000,0,0,0,0,2,multiscale+elgendi_like,1.000000,0.000000,0,0,0,0,1.000000,4.877477,1,727.996500,224.000000,,v0.4.1-interval-core
14839254043,14838958043,14839254043,14839254043,296.000000,0,0,0,0,2,multiscale+elgendi_like,1.000000,0.000000,0,0,0,0,1.000000,5.402404,1,716.000500,296.000000,,v0.4.1-interval-core
14839966043,14839646043,14839966043,14839966043,320.000000,0,0,0,0,2,multiscale+elgendi_like,1.000000,0.000000,0,0,0,0,1.000000,5.025350,1,712.003500,320.000000,,v0.4.1-interval-core
14840678043,14840670043,14840678043,14840678043,8.000000,0,0,0,0,2,multiscale+elgendi_like,1.000000,0.000000,0,0,0,0,1.000000,5.059793,1,712.001500,8.000000,,v0.4.1-interval-core
14841342043,14841342043,14841342043,14841342043,0.000000,0,0,0,0,2,multiscale+elgendi_like,1.000000,0.000000,0,0,0,0,1.000000,4.579614,1,712.000000,0.000000,,v0.4.1-interval-core
14842006044,14841750043,14842006044,14842006044,256.001000,0,0,0,0,2,multiscale+elgendi_like,1.000000,0.000000,0,0,0,0,1.000000,5.031825,1,708.000000,256.001000,,v0.4.1-interval-core
14842718047,14842718047,14842718047,14842718047,0.000000,0,0,0,0,2,multiscale+elgendi_like,1.000000,0.000000,0,0,0,0,1.000000,5.525244,1,699.998500,0.000000,,v0.4.1-interval-core
14843438044,14843438044,14843438044,14843438044,0.000000,0,0,0,0,2,multiscale+elgendi_like,1.000000,0.000000,0,0,0,0,1.000000,5.519544,1,687.999000,0.000000,,v0.4.1-interval-core
14844222047,14844150045,14844222047,14844222047,72.002000,0,0,0,0,2,multiscale+elgendi_like,1.000000,0.000000,0,0,0,0,1.000000,6.782826,1,679.999000,72.002000,,v0.4.1-interval-core
14844958043,0,14844958043,14844958043,0.000000,1,0,0,0,2,multiscale+elgendi_like,1.000000,0.000000,0,0,1,0,1.000000,4.186276,1,680.001000,0.000000,,v0.4.1-interval-core
14845662043,0,14845662043,14845662043,0.000000,1,0,0,0,2,multiscale+elgendi_like,1.000000,0.000000,0,0,1,0,1.000000,4.834130,1,679.999000,0.000000,,v0.4.1-interval-core
14846326043,0,14846326043,14846326043,0.000000,1,0,0,0,2,multiscale+elgendi_like,1.000000,0.000000,0,0,1,0,1.000000,5.541606,1,680.001000,0.000000,,v0.4.1-interval-core
14846966046,14846958043,14846966046,14846966046,8.003000,0,0,0,0,2,multiscale+elgendi_like,1.000000,0.000000,0,0,0,0,1.000000,4.633388,1,679.999000,8.003000,,v0.4.1-interval-core
14847590043,14847590043,14847590043,14847590043,0.000000,0,0,0,0,2,multiscale+elgendi_like,1.000000,0.000000,0,0,0,0,1.000000,5.541133,1,680.001000,0.000000,,v0.4.1-interval-core
14848254047,14848254047,14848254047,14848254047,0.000000,0,0,0,0,2,multiscale+elgendi_like,1.000000,0.000000,0,0,0,0,1.000000,6.304296,1,688.000000,0.000000,,v0.4.1-interval-core
14848934044,14848934044,14848934044,14848934044,0.000000,0,0,0,0,2,multiscale+elgendi_like,1.000000,0.000000,0,0,0,1,1.000000,5.861634,1,688.000000,0.000000,,v0.4.1-interval-core
14849590046,14849582043,14849590046,14849590046,8.003000,0,0,0,0,2,multiscale+elgendi_like,1.000000,0.000000,0,0,0,0,1.000000,4.766065,1,688.004000,8.003000,,v0.4.1-interval-core
14850238043,14850238043,14850238043,14850238043,0.000000,0,0,0,0,2,multiscale+elgendi_like,1.000000,0.000000,0,0,0,0,1.000000,4.810085,1,704.000000,0.000000,,v0.4.1-interval-core
14850902043,14850902043,14850902043,14850902043,0.000000,0,0,0,0,2,multiscale+elgendi_like,1.000000,0.000000,0,0,0,0,1.000000,4.961836,1,711.996000,0.000000,,v0.4.1-interval-core
14851590043,14851590043,14851590043,14851590043,0.000000,0,0,0,0,2,multiscale+elgendi_like,1.000000,0.000000,0,0,0,0,1.000000,5.009479,1,707.998000,0.000000,,v0.4.1-interval-core
14852278047,14852278047,14852278047,14852278047,0.000000,0,0,0,0,2,multiscale+elgendi_like,1.000000,0.000000,0,0,0,0,1.000000,4.816233,1,711.996000,0.000000,,v0.4.1-interval-core
14852990043,14852990043,14852990043,14852990043,0.000000,0,0,0,0,2,multiscale+elgendi_like,1.000000,0.000000,0,0,0,0,1.000000,5.605412,1,711.997000,0.000000,,v0.4.1-interval-core
14853726043,14853726043,14853726043,14853726043,0.000000,0,0,0,0,2,multiscale+elgendi_like,1.000000,0.000000,0,0,0,0,1.000000,5.423331,1,712.000000,0.000000,,v0.4.1-interval-core
14854462045,14854462045,14854462045,14854462045,0.000000,0,0,0,0,2,multiscale+elgendi_like,1.000000,0.000000,0,0,0,0,1.000000,4.437037,1,712.001000,0.000000,,v0.4.1-interval-core
14855174043,14855174043,14855174043,14855174043,0.000000,0,0,0,0,2,multiscale+elgendi_like,1.000000,0.000000,0,0,0,0,1.000000,4.804572,1,712.000000,0.000000,,v0.4.1-interval-core
14855918047,14855918047,14855918047,14855918047,0.000000,0,0,0,0,2,multiscale+elgendi_like,1.000000,0.000000,0,0,0,0,1.000000,5.238755,1,712.000000,0.000000,,v0.4.1-interval-core
14856662043,14856662043,14856662043,14856662043,0.000000,0,0,0,0,2,multiscale+elgendi_like,1.000000,0.000000,0,0,0,0,1.000000,6.070036,1,712.000000,0.000000,,v0.4.1-interval-core
14857414044,14857414044,14857414044,14857414044,0.000000,0,0,0,0,2,multiscale+elgendi_like,1.000000,0.000000,0,0,0,0,1.000000,5.197588,1,716.000500,0.000000,,v0.4.1-interval-core
14858134043,14858134043,14858134043,14858134043,0.000000,0,0,0,0,2,multiscale+elgendi_like,1.000000,0.000000,0,0,0,0,1.000000,5.235002,1,736.000000,0.000000,,v0.4.1-interval-core
14858846045,14858846045,14858846045,14858846045,0.000000,0,0,0,0,2,multiscale+elgendi_like,1.000000,0.000000,0,0,0,0,1.000000,5.880508,1,736.001000,0.000000,,v0.4.1-interval-core
14859582047,14859582047,14859582047,14859582047,0.000000,0,0,0,0,2,multiscale+elgendi_like,1.000000,0.000000,0,0,0,0,1.000000,5.731287,1,736.002000,0.000000,,v0.4.1-interval-core
14860334043,14860326044,14860334043,14860334043,7.999000,0,0,0,0,2,multiscale+elgendi_like,1.000000,0.000000,0,0,0,0,1.000000,5.673377,1,743.996000,7.999000,,v0.4.1-interval-core
14861094044,14861094044,14861094044,14861094044,0.000000,0,0,0,0,2,multiscale+elgendi_like,1.000000,0.000000,0,0,0,0,1.000000,5.327630,1,744.004000,0.000000,,v0.4.1-interval-core
14861854045,14861846043,14861854045,14861854045,8.002000,0,0,0,0,2,multiscale+elgendi_like,1.000000,0.000000,0,0,0,0,1.000000,5.383855,1,751.996000,8.002000,,v0.4.1-interval-core
14862614045,14862606044,14862614045,14862614045,8.001000,0,0,0,0,2,multiscale+elgendi_like,1.000000,0.000000,0,0,0,0,1.000000,6.144333,1,751.998000,8.001000,,v0.4.1-interval-core
14863390044,14863390044,14863390044,14863390044,0.000000,0,0,0,0,2,multiscale+elgendi_like,1.000000,0.000000,0,0,0,0,1.000000,5.179505,1,751.999500,0.000000,,v0.4.1-interval-core
14864158047,14864158047,14864158047,14864158047,0.000000,0,0,0,0,2,multiscale+elgendi_like,1.000000,0.000000,0,0,0,0,1.000000,4.789756,1,752.001000,0.000000,,v0.4.1-interval-core
14864910045,14864902045,14864910045,14864910045,8.000000,0,0,0,0,2,multiscale+elgendi_like,1.000000,0.000000,0,0,0,0,1.000000,4.989884,1,756.000500,8.000000,,v0.4.1-interval-core
14865678043,14865678043,14865678043,14865678043,0.000000,0,0,0,0,2,multiscale+elgendi_like,1.000000,0.000000,0,0,0,0,1.000000,5.146950,1,760.000000,0.000000,,v0.4.1-interval-core
14866454043,14866454043,14866454043,14866454043,0.000000,0,0,0,0,2,multiscale+elgendi_like,1.000000,0.000000,0,0,0,0,1.000000,5.392763,1,760.000000,0.000000,,v0.4.1-interval-core
14867214043,14867214043,14867214043,14867214043,0.000000,0,0,0,0,2,multiscale+elgendi_like,1.000000,0.000000,0,0,0,0,1.000000,5.047319,1,760.000500,0.000000,,v0.4.1-interval-core
14867990047,14867990047,14867990047,14867990047,0.000000,0,0,0,0,2,multiscale+elgendi_like,1.000000,0.000000,0,0,0,0,1.000000,4.700962,1,760.000000,0.000000,,v0.4.1-interval-core
14868766043,14868766043,14868766043,14868766043,0.000000,0,0,0,0,2,multiscale+elgendi_like,1.000000,0.000000,0,0,0,0,1.000000,4.468912,1,760.000000,0.000000,,v0.4.1-interval-core
14869534043,14869542043,14869534043,14869534043,-8.000000,0,0,0,0,2,multiscale+elgendi_like,1.000000,0.000000,0,0,0,0,1.000000,5.110339,1,760.000000,8.000000,,v0.4.1-interval-core
14870270045,14870262046,14870270045,14870270045,7.999000,0,0,0,0,2,multiscale+elgendi_like,1.000000,0.000000,0,0,0,0,1.000000,4.667746,1,760.000000,7.999000,,v0.4.1-interval-core
14871022043,14871022043,14871022043,14871022043,0.000000,0,0,0,0,2,multiscale+elgendi_like,1.000000,0.000000,0,0,0,0,1.000000,4.289514,1,760.000500,0.000000,,v0.4.1-interval-core
14871782047,14871782047,14871782047,14871782047,0.000000,0,0,0,0,2,multiscale+elgendi_like,1.000000,0.000000,0,0,0,0,1.000000,4.766638,1,760.001000,0.000000,,v0.4.1-interval-core
14872574043,14872566047,14872574043,14872574043,7.996000,0,0,0,0,2,multiscale+elgendi_like,1.000000,0.000000,0,0,0,0,1.000000,4.812712,1,760.002500,7.996000,,v0.4.1-interval-core
14873334043,14873334043,14873334043,14873334043,0.000000,0,0,0,0,2,multiscale+elgendi_like,1.000000,0.000000,0,0,0,0,1.000000,3.893364,1,764.001000,0.000000,,v0.4.1-interval-core
14874086045,14874086045,14874086045,14874086045,0.000000,0,0,0,0,2,multiscale+elgendi_like,1.000000,0.000000,0,0,0,0,1.000000,4.939988,1,760.002000,0.000000,,v0.4.1-interval-core
14874814043,14874814043,14874814043,14874814043,0.000000,0,0,0,0,2,multiscale+elgendi_like,1.000000,0.000000,0,0,0,0,1.000000,4.586811,1,760.000000,0.000000,,v0.4.1-interval-core
14875566043,14875566043,14875566043,14875566043,0.000000,0,0,0,0,2,multiscale+elgendi_like,1.000000,0.000000,0,0,0,0,1.000000,4.713816,1,760.000000,0.000000,,v0.4.1-interval-core
14876302043,14876302043,14876302043,14876302043,0.000000,0,0,0,0,2,multiscale+elgendi_like,1.000000,0.000000,0,0,0,0,1.000000,4.404568,1,760.000000,0.000000,,v0.4.1-interval-core
14877062043,14877062043,14877062043,14877062043,0.000000,0,0,0,0,2,multiscale+elgendi_like,1.000000,0.000000,0,0,0,0,1.000000,4.647456,1,756.001000,0.000000,,v0.4.1-interval-core
14877862047,14877862047,14877862047,14877862047,0.000000,0,0,0,0,2,multiscale+elgendi_like,1.000000,0.000000,0,0,0,0,1.000000,5.113332,1,752.001000,0.000000,,v0.4.1-interval-core
14878646045,14878646045,14878646045,14878646045,0.000000,0,0,0,0,2,multiscale+elgendi_like,1.000000,0.000000,0,0,0,0,1.000000,5.199990,1,752.001000,0.000000,,v0.4.1-interval-core
14879422043,14879414043,14879422043,14879422043,8.000000,0,0,0,0,2,multiscale+elgendi_like,1.000000,0.000000,0,0,0,0,1.000000,4.717246,1,752.001000,8.000000,,v0.4.1-interval-core
14880166043,14880158046,14880166043,14880166043,7.997000,0,0,0,0,2,multiscale+elgendi_like,1.000000,0.000000,0,0,0,0,1.000000,4.054728,1,752.001000,7.997000,,v0.4.1-interval-core
14880878043,14880870043,14880878043,14880878043,8.000000,0,0,0,0,2,multiscale+elgendi_like,1.000000,0.000000,0,0,0,0,1.000000,4.566211,1,751.999500,8.000000,,v0.4.1-interval-core
14881590046,14881590046,14881590046,14881590046,0.000000,0,0,0,0,2,multiscale+elgendi_like,1.000000,0.000000,0,0,0,0,1.000000,5.199357,1,752.000000,0.000000,,v0.4.1-interval-core
14882342045,14882342045,14882342045,14882342045,0.000000,0,0,0,0,2,multiscale+elgendi_like,1.000000,0.000000,0,0,0,0,1.000000,5.106944,1,751.999000,0.000000,,v0.4.1-interval-core
14883070045,14883070045,14883070045,14883070045,0.000000,0,0,0,0,2,multiscale+elgendi_like,1.000000,0.000000,0,0,0,0,1.000000,4.858905,1,747.999500,0.000000,,v0.4.1-interval-core
14883806046,14883806046,14883806046,14883806046,0.000000,0,0,0,0,2,multiscale+elgendi_like,1.000000,0.000000,0,0,0,0,1.000000,4.286917,1,736.001000,0.000000,,v0.4.1-interval-core
14884534043,14884534043,14884534043,14884534043,0.000000,0,0,0,0,2,multiscale+elgendi_like,1.000000,0.000000,0,0,0,0,1.000000,4.773524,1,736.000500,0.000000,,v0.4.1-interval-core
14885286047,14885286047,14885286047,14885286047,0.000000,0,0,0,0,2,multiscale+elgendi_like,1.000000,0.000000,0,0,0,0,1.000000,4.946565,1,736.000500,0.000000,,v0.4.1-interval-core
14886046043,14886046043,14886046043,14886046043,0.000000,0,0,0,0,2,multiscale+elgendi_like,1.000000,0.000000,0,0,0,0,1.000000,5.075509,1,736.001000,0.000000,,v0.4.1-interval-core
14886798043,14886798043,14886798043,14886798043,0.000000,0,0,0,0,2,multiscale+elgendi_like,1.000000,0.000000,0,0,0,0,1.000000,4.733355,1,736.000000,0.000000,,v0.4.1-interval-core
14887518046,14887510043,14887518046,14887518046,8.003000,0,0,0,0,2,multiscale+elgendi_like,1.000000,0.000000,0,0,0,0,1.000000,4.386914,1,736.000000,8.003000,,v0.4.1-interval-core
14888222043,14888214046,14888222043,14888222043,7.997000,0,0,0,0,2,multiscale+elgendi_like,1.000000,0.000000,0,0,0,0,1.000000,5.203668,1,736.000000,7.997000,,v0.4.1-interval-core
14888934046,14888934046,14888934046,14888934046,0.000000,0,0,0,0,2,multiscale+elgendi_like,1.000000,0.000000,0,0,0,0,1.000000,4.997494,1,732.000000,0.000000,,v0.4.1-interval-core
14889630047,14889630047,14889630047,14889630047,0.000000,0,0,0,0,2,multiscale+elgendi_like,1.000000,0.000000,0,0,0,0,1.000000,4.523871,1,736.000000,0.000000,,v0.4.1-interval-core
14890358043,14890358043,14890358043,14890358043,0.000000,0,0,0,0,2,multiscale+elgendi_like,1.000000,0.000000,0,0,0,0,1.000000,4.982370,1,728.000000,0.000000,,v0.4.1-interval-core
14891094043,14891086043,14891094043,14891094043,8.000000,0,0,0,0,2,multiscale+elgendi_like,1.000000,0.000000,0,0,0,0,1.000000,5.295337,1,728.000000,8.000000,,v0.4.1-interval-core
14891838045,14891838045,14891838045,14891838045,0.000000,0,0,0,0,2,multiscale+elgendi_like,1.000000,0.000000,0,0,0,0,1.000000,4.932300,1,728.000000,0.000000,,v0.4.1-interval-core
14892582046,14892582046,14892582046,14892582046,0.000000,0,0,0,0,2,multiscale+elgendi_like,1.000000,0.000000,0,0,0,0,1.000000,4.762125,1,736.000000,0.000000,,v0.4.1-interval-core
14893302043,14893302043,14893302043,14893302043,0.000000,0,0,0,0,2,multiscale+elgendi_like,1.000000,0.000000,0,0,0,0,1.000000,4.561930,1,736.001000,0.000000,,v0.4.1-interval-core
14894030043,14894030043,14894030043,14894030043,0.000000,0,0,0,0,2,multiscale+elgendi_like,1.000000,0.000000,0,0,0,0,1.000000,5.499691,1,736.001000,0.000000,,v0.4.1-interval-core
14894750043,14894750043,14894750043,14894750043,0.000000,0,0,0,0,2,multiscale+elgendi_like,1.000000,0.000000,0,0,0,0,1.000000,5.200457,1,736.001000,0.000000,,v0.4.1-interval-core
14895494043,14895494043,14895494043,14895494043,0.000000,0,0,0,0,2,multiscale+elgendi_like,1.000000,0.000000,0,0,0,0,1.000000,5.292514,1,736.000000,0.000000,,v0.4.1-interval-core
14896238047,14896238047,14896238047,14896238047,0.000000,0,0,0,0,2,multiscale+elgendi_like,1.000000,0.000000,0,0,0,0,1.000000,4.929638,1,736.000000,0.000000,,v0.4.1-interval-core
14896966043,14896966043,14896966043,14896966043,0.000000,0,0,0,0,2,multiscale+elgendi_like,1.000000,0.000000,0,0,0,0,1.000000,4.126733,1,728.000000,0.000000,,v0.4.1-interval-core
14897702046,14897702046,14897702046,14897702046,0.000000,0,0,0,0,2,multiscale+elgendi_like,1.000000,0.000000,0,0,0,0,1.000000,5.289822,1,728.000000,0.000000,,v0.4.1-interval-core
14898478047,14898470047,14898478047,14898478047,8.000000,0,0,0,0,2,multiscale+elgendi_like,1.000000,0.000000,0,0,0,0,1.000000,5.166341,1,727.998000,8.000000,,v0.4.1-interval-core
14899246046,14899246046,14899246046,14899246046,0.000000,0,0,0,0,2,multiscale+elgendi_like,1.000000,0.000000,0,0,0,0,1.000000,5.281624,1,728.000000,0.000000,,v0.4.1-interval-core
14900030043,14900030043,14900030043,14900030043,0.000000,0,0,0,0,2,multiscale+elgendi_like,1.000000,0.000000,0,0,0,0,1.000000,5.031323,1,736.000000,0.000000,,v0.4.1-interval-core
14900766043,14900758046,14900766043,14900766043,7.997000,0,0,0,0,2,multiscale+elgendi_like,1.000000,0.000000,0,0,0,0,1.000000,4.413344,1,736.000000,7.997000,,v0.4.1-interval-core
14901494043,14901494043,14901494043,14901494043,0.000000,0,0,0,0,2,multiscale+elgendi_like,1.000000,0.000000,0,0,0,0,1.000000,4.982335,1,736.000000,0.000000,,v0.4.1-interval-core
14902214046,14902214046,14902214046,14902214046,0.000000,0,0,0,0,2,multiscale+elgendi_like,1.000000,0.000000,0,0,0,0,1.000000,4.488802,1,736.000000,0.000000,,v0.4.1-interval-core
14902934043,14902934043,14902934043,14902934043,0.000000,0,0,0,0,2,multiscale+elgendi_like,1.000000,0.000000,0,0,0,0,1.000000,4.947716,1,735.999000,0.000000,,v0.4.1-interval-core
14903622043,14903622043,14903622043,14903622043,0.000000,0,0,0,0,2,multiscale+elgendi_like,1.000000,0.000000,0,0,0,0,1.000000,4.164407,1,732.000000,0.000000,,v0.4.1-interval-core
14904326046,14904326046,14904326046,14904326046,0.000000,0,0,0,0,2,multiscale+elgendi_like,1.000000,0.000000,0,0,0,0,1.000000,5.073582,1,728.000000,0.000000,,v0.4.1-interval-core
14905038047,14905038047,14905038047,14905038047,0.000000,0,0,0,0,2,multiscale+elgendi_like,1.000000,0.000000,0,0,0,1,1.000000,4.973751,1,732.000000,0.000000,,v0.4.1-interval-core
14905790046,14905790046,14905790046,14905790046,0.000000,0,0,0,0,2,multiscale+elgendi_like,1.000000,0.000000,0,0,0,0,1.000000,4.683659,1,727.998000,0.000000,,v0.4.1-interval-core
14906526046,14906526046,14906526046,14906526046,0.000000,0,0,0,0,2,multiscale+elgendi_like,1.000000,0.000000,0,0,0,0,1.000000,5.797617,1,727.996000,0.000000,,v0.4.1-interval-core
14907262047,14907262047,14907262047,14907262047,0.000000,0,0,0,0,2,multiscale+elgendi_like,1.000000,0.000000,0,0,0,0,1.000000,4.662238,1,727.998000,0.000000,,v0.4.1-interval-core
14908006047,14908006047,14908006047,14908006047,0.000000,0,0,0,0,2,multiscale+elgendi_like,1.000000,0.000000,0,0,0,0,1.000000,4.215307,1,727.998000,0.000000,,v0.4.1-interval-core
14908758043,14908758043,14908758043,14908758043,0.000000,0,0,0,0,2,multiscale+elgendi_like,1.000000,0.000000,0,0,0,0,1.000000,4.548809,1,728.000000,0.000000,,v0.4.1-interval-core
14909454043,14909454043,14909454043,14909454043,0.000000,0,0,0,0,2,multiscale+elgendi_like,1.000000,0.000000,0,0,0,0,1.000000,3.570261,1,732.000000,0.000000,,v0.4.1-interval-core
14910086043,14910086043,14910086043,14910086043,0.000000,0,0,0,0,2,multiscale+elgendi_like,1.000000,0.000000,0,0,0,0,1.000000,3.075015,1,732.000000,0.000000,,v0.4.1-interval-core
14910686047,0,14910686047,14910686047,0.000000,1,0,0,0,2,multiscale+elgendi_like,1.000000,0.000000,0,0,1,0,1.000000,3.039972,1,728.000000,0.000000,,v0.4.1-interval-core
14911278043,14911014045,14911278043,14911278043,263.998000,0,0,0,0,2,multiscale+elgendi_like,1.000000,0.000000,0,0,0,0,1.000000,2.985957,1,728.000000,263.998000,,v0.4.1-interval-core
14911902045,14911894045,14911902045,14911902045,8.000000,0,0,0,0,2,multiscale+elgendi_like,1.000000,0.000000,0,0,0,0,1.000000,4.483010,1,732.000000,8.000000,,v0.4.1-interval-core
14912574047,14912566045,14912574047,14912574047,8.002000,0,0,0,0,2,multiscale+elgendi_like,1.000000,0.000000,0,0,0,0,1.000000,5.179933,1,736.000000,8.002000,,v0.4.1-interval-core
14913294043,14913294043,14913294043,14913294043,0.000000,0,0,0,0,2,multiscale+elgendi_like,1.000000,0.000000,0,0,0,0,1.000000,5.827321,1,736.000000,0.000000,,v0.4.1-interval-core
14914110043,0,14914110043,14914110043,0.000000,1,0,0,0,2,multiscale+elgendi_like,1.000000,0.000000,0,0,1,0,1.000000,5.448904,1,740.000500,0.000000,,v0.4.1-interval-core
14914894043,0,14914894043,14914894043,0.000000,1,0,0,0,2,multiscale+elgendi_like,1.000000,0.000000,0,0,1,0,1.000000,5.360323,1,744.001500,0.000000,,v0.4.1-interval-core
14915638046,0,14915638046,14915638046,0.000000,1,0,0,0,2,multiscale+elgendi_like,1.000000,0.000000,0,0,1,0,1.000000,5.723553,1,747.999500,0.000000,,v0.4.1-interval-core
14916454044,0,14916454044,14916454044,0.000000,1,0,0,0,2,multiscale+elgendi_like,1.000000,0.000000,0,0,1,0,1.000000,6.054204,1,751.997500,0.000000,,v0.4.1-interval-core
14917270043,0,14917270043,14917270043,0.000000,1,0,0,0,2,multiscale+elgendi_like,1.000000,0.000000,0,0,1,0,1.000000,5.876105,1,759.996000,0.000000,,v0.4.1-interval-core
14918094043,0,14918094043,14918094043,0.000000,1,0,0,0,2,multiscale+elgendi_like,1.000000,0.000000,0,0,1,0,1.000000,5.642943,1,779.998000,0.000000,,v0.4.1-interval-core
14918966043,0,14918966043,14918966043,0.000000,1,0,0,0,2,multiscale+elgendi_like,1.000000,0.000000,0,0,1,0,1.000000,5.799796,1,799.999000,0.000000,,v0.4.1-interval-core
14919838045,14919838045,14919838045,14919838045,0.000000,0,0,0,0,2,multiscale+elgendi_like,1.000000,0.000000,0,0,0,0,1.000000,5.911863,1,815.998000,0.000000,,v0.4.1-interval-core
14920678046,14920678046,14920678046,14920678046,0.000000,0,0,0,0,2,multiscale+elgendi_like,1.000000,0.000000,0,0,0,0,1.000000,5.674840,1,815.998000,0.000000,,v0.4.1-interval-core
14921494047,14921494047,14921494047,14921494047,0.000000,0,0,0,0,2,multiscale+elgendi_like,1.000000,0.000000,0,0,0,0,1.000000,5.600855,1,815.999000,0.000000,,v0.4.1-interval-core
14922270043,14922262043,14922270043,14922270043,8.000000,0,0,0,0,2,multiscale+elgendi_like,1.000000,0.000000,0,0,0,0,1.000000,5.379888,1,815.999000,8.000000,,v0.4.1-interval-core
14923150045,14923142043,14923150045,14923150045,8.002000,0,0,0,0,2,multiscale+elgendi_like,1.000000,0.000000,0,0,0,0,1.000000,6.463681,1,815.999000,8.002000,,v0.4.1-interval-core
14923966043,14923958046,14923966043,14923966043,7.997000,0,0,0,0,2,multiscale+elgendi_like,1.000000,0.000000,0,0,0,0,1.000000,5.904877,1,815.999000,7.997000,,v0.4.1-interval-core
14924798043,14924798043,14924798043,14924798043,0.000000,0,0,0,0,2,multiscale+elgendi_like,1.000000,0.000000,0,0,0,0,1.000000,6.238170,1,815.999000,0.000000,,v0.4.1-interval-core
14925646043,14925638043,14925646043,14925646043,8.000000,0,0,0,0,2,multiscale+elgendi_like,1.000000,0.000000,0,0,0,0,1.000000,6.208718,1,815.998000,8.000000,,v0.4.1-interval-core
14926518045,14926518045,14926518045,14926518045,0.000000,0,0,0,0,2,multiscale+elgendi_like,1.000000,0.000000,0,0,0,0,1.000000,6.578477,1,815.998000,0.000000,,v0.4.1-interval-core
14927326043,14927326043,14927326043,14927326043,0.000000,0,0,0,0,2,multiscale+elgendi_like,1.000000,0.000000,0,0,0,0,1.000000,5.837309,1,815.998000,0.000000,,v0.4.1-interval-core
14928150043,14928150043,14928150043,14928150043,0.000000,0,0,0,0,2,multiscale+elgendi_like,1.000000,0.000000,0,0,0,0,1.000000,6.446958,1,815.998000,0.000000,,v0.4.1-interval-core
14928958043,14928950043,14928958043,14928958043,8.000000,0,0,0,0,2,multiscale+elgendi_like,1.000000,0.000000,0,0,0,0,1.000000,4.561745,1,807.999000,8.000000,,v0.4.1-interval-core
14929726046,14929726046,14929726046,14929726046,0.000000,0,0,0,0,2,multiscale+elgendi_like,1.000000,0.000000,0,0,0,0,1.000000,5.427297,1,791.997000,0.000000,,v0.4.1-interval-core
14930470046,14930470046,14930470046,14930470046,0.000000,0,0,0,0,2,multiscale+elgendi_like,1.000000,0.000000,0,0,0,0,1.000000,5.596434,1,771.999500,0.000000,,v0.4.1-interval-core
14931230045,14931230045,14931230045,14931230045,0.000000,0,0,0,0,2,multiscale+elgendi_like,1.000000,0.000000,0,0,0,0,1.000000,5.046996,1,764.001000,0.000000,,v0.4.1-interval-core
14931974047,14931974047,14931974047,14931974047,0.000000,0,0,0,0,2,multiscale+elgendi_like,1.000000,0.000000,0,0,0,0,1.000000,5.530322,1,760.000500,0.000000,,v0.4.1-interval-core
14932710044,0,14932710044,14932710044,0.000000,1,0,0,0,2,multiscale+elgendi_like,1.000000,0.000000,0,0,1,0,1.000000,5.856871,1,756.001000,0.000000,,v0.4.1-interval-core
14933438043,0,14933438043,14933438043,0.000000,1,0,0,0,2,multiscale+elgendi_like,1.000000,0.000000,0,0,1,0,1.000000,5.692533,1,756.001000,0.000000,,v0.4.1-interval-core
14934094043,0,14934094043,14934094043,0.000000,1,0,0,0,2,multiscale+elgendi_like,1.000000,0.000000,0,0,1,0,1.000000,5.259200,1,748.001000,0.000000,,v0.4.1-interval-core
14934742043,0,14934742043,14934742043,0.000000,1,0,0,0,2,multiscale+elgendi_like,1.000000,0.000000,0,0,1,0,1.000000,5.245007,1,752.000000,0.000000,,v0.4.1-interval-core
14935414043,14935414043,14935414043,14935414043,0.000000,0,0,0,0,2,multiscale+elgendi_like,1.000000,0.000000,0,0,0,0,1.000000,5.096088,1,747.999500,0.000000,,v0.4.1-interval-core
14936110043,14936110043,14936110043,14936110043,0.000000,0,0,0,0,2,multiscale+elgendi_like,1.000000,0.000000,0,0,0,0,1.000000,5.315069,1,744.001000,0.000000,,v0.4.1-interval-core
14936830043,14936830043,14936830043,14936830043,0.000000,0,0,0,0,2,multiscale+elgendi_like,1.000000,0.000000,0,0,0,0,1.000000,5.859670,1,744.001000,0.000000,,v0.4.1-interval-core
14937590044,14937582043,14937590044,14937590044,8.001000,0,0,0,0,2,multiscale+elgendi_like,1.000000,0.000000,0,0,0,0,1.000000,6.067265,1,744.000000,8.001000,,v0.4.1-interval-core
14938302044,14938302044,14938302044,14938302044,0.000000,0,0,0,0,2,multiscale+elgendi_like,1.000000,0.000000,0,0,0,0,1.000000,5.187353,1,744.000000,0.000000,,v0.4.1-interval-core
14939054047,14939054047,14939054047,14939054047,0.000000,0,0,0,0,2,multiscale+elgendi_like,1.000000,0.000000,0,0,0,0,1.000000,6.140785,1,736.002500,0.000000,,v0.4.1-interval-core
14939806047,14939806047,14939806047,14939806047,0.000000,0,0,0,0,2,multiscale+elgendi_like,1.000000,0.000000,0,0,0,0,1.000000,5.744309,1,736.000000,0.000000,,v0.4.1-interval-core
14940550047,14940542043,14940550047,14940550047,8.004000,0,0,0,0,2,multiscale+elgendi_like,1.000000,0.000000,0,0,0,0,1.000000,5.803152,1,735.999000,8.004000,,v0.4.1-interval-core
14941254046,14941254046,14941254046,14941254046,0.000000,0,0,0,0,2,multiscale+elgendi_like,1.000000,0.000000,0,0,0,0,1.000000,5.376726,1,735.997000,0.000000,,v0.4.1-interval-core
14942006043,14942006043,14942006043,14942006043,0.000000,0,0,0,0,2,multiscale+elgendi_like,1.000000,0.000000,0,0,0,0,1.000000,6.034205,1,735.997000,0.000000,,v0.4.1-interval-core
14942742047,14942742047,14942742047,14942742047,0.000000,0,0,0,0,2,multiscale+elgendi_like,1.000000,0.000000,0,0,0,0,1.000000,6.241366,1,735.997000,0.000000,,v0.4.1-interval-core
14943486047,14943486047,14943486047,14943486047,0.000000,0,0,0,0,2,multiscale+elgendi_like,1.000000,0.000000,0,0,0,0,1.000000,5.932001,1,735.997000,0.000000,,v0.4.1-interval-core
14944198045,14944190047,14944198045,14944198045,7.998000,0,0,0,0,2,multiscale+elgendi_like,1.000000,0.000000,0,0,0,0,1.000000,5.844332,1,736.001000,7.998000,,v0.4.1-interval-core
14944934046,14944926043,14944934046,14944934046,8.003000,0,0,0,0,2,multiscale+elgendi_like,1.000000,0.000000,0,0,0,0,1.000000,5.782501,1,736.004000,8.003000,,v0.4.1-interval-core
14945598043,14945598043,14945598043,14945598043,0.000000,0,0,0,0,2,multiscale+elgendi_like,1.000000,0.000000,0,0,0,0,1.000000,5.455349,1,736.004000,0.000000,,v0.4.1-interval-core
14946302044,14946302044,14946302044,14946302044,0.000000,0,0,0,0,2,multiscale+elgendi_like,1.000000,0.000000,0,0,0,0,1.000000,6.512146,1,744.000000,0.000000,,v0.4.1-interval-core
14947022046,0,14947022046,14947022046,0.000000,1,0,0,0,2,multiscale+elgendi_like,1.000000,0.000000,0,0,1,0,1.000000,6.374992,1,744.000000,0.000000,,v0.4.1-interval-core
14947782043,0,14947782043,14947782043,0.000000,1,0,0,0,2,multiscale+elgendi_like,1.000000,0.000000,0,0,1,0,1.000000,6.763306,1,744.000000,0.000000,,v0.4.1-interval-core
14948598043,0,14948598043,14948598043,0.000000,1,0,0,0,2,multiscale+elgendi_like,1.000000,0.000000,0,0,1,0,1.000000,6.915226,1,744.000000,0.000000,,v0.4.1-interval-core
14949438043,0,14949438043,14949438043,0.000000,1,0,0,0,2,multiscale+elgendi_like,1.000000,0.000000,0,0,1,0,1.000000,6.866900,1,744.000000,0.000000,,v0.4.1-interval-core
14950310043,0,14950310043,14950310043,0.000000,1,0,0,0,2,multiscale+elgendi_like,1.000000,0.000000,0,0,1,0,1.000000,6.964990,1,744.000000,0.000000,,v0.4.1-interval-core
14951182043,0,14951182043,14951182043,0.000000,1,0,0,0,2,multiscale+elgendi_like,1.000000,0.000000,0,0,1,0,1.000000,6.459224,1,744.000000,0.000000,,v0.4.1-interval-core
14951990045,0,14951990045,14951990045,0.000000,1,0,0,0,2,multiscale+elgendi_like,1.000000,0.000000,0,0,1,0,1.000000,6.004213,1,744.000000,0.000000,,v0.4.1-interval-core
14952726043,14952726043,14952726043,14952726043,0.000000,0,0,0,0,2,multiscale+elgendi_like,1.000000,0.000000,0,0,0,0,1.000000,5.834908,1,744.000000,0.000000,,v0.4.1-interval-core
14953470043,14953462044,14953470043,14953470043,7.999000,0,0,0,0,2,multiscale+elgendi_like,1.000000,0.000000,0,0,0,0,1.000000,6.053297,1,744.000000,7.999000,,v0.4.1-interval-core
14954206043,0,14954206043,14954206043,0.000000,1,0,0,0,2,multiscale+elgendi_like,1.000000,0.000000,0,0,1,0,1.000000,6.060352,1,751.998500,0.000000,,v0.4.1-interval-core
14954974043,0,14954974043,14954974043,0.000000,1,0,0,0,2,multiscale+elgendi_like,1.000000,0.000000,0,0,1,0,1.000000,6.228827,1,763.998500,0.000000,,v0.4.1-interval-core
14955742043,14955742043,14955742043,14955742043,0.000000,0,0,0,0,2,multiscale+elgendi_like,1.000000,0.000000,0,0,0,0,1.000000,6.028997,1,768.000000,0.000000,,v0.4.1-interval-core
14956486043,14956486043,14956486043,14956486043,0.000000,0,0,0,0,2,multiscale+elgendi_like,1.000000,0.000000,0,0,0,0,1.000000,6.037078,1,772.001000,0.000000,,v0.4.1-interval-core
14957278043,0,14957278043,14957278043,0.000000,1,0,0,0,2,multiscale+elgendi_like,1.000000,0.000000,0,0,1,0,1.000000,6.612690,1,780.000000,0.000000,,v0.4.1-interval-core
14958014043,0,14958014043,14958014043,0.000000,1,0,0,0,2,multiscale+elgendi_like,1.000000,0.000000,0,0,1,0,1.000000,5.862824,1,795.998000,0.000000,,v0.4.1-interval-core
14958750043,0,14958750043,14958750043,0.000000,1,0,0,0,2,multiscale+elgendi_like,1.000000,0.000000,0,0,1,0,1.000000,5.924104,1,795.998000,0.000000,,v0.4.1-interval-core
14959550047,0,14959550047,14959550047,0.000000,1,0,0,0,2,multiscale+elgendi_like,1.000000,0.000000,0,0,1,0,1.000000,6.590345,1,792.000000,0.000000,,v0.4.1-interval-core
14960350043,0,14960350043,14960350043,0.000000,1,0,0,0,2,multiscale+elgendi_like,1.000000,0.000000,0,0,1,0,1.000000,6.387121,1,792.000000,0.000000,,v0.4.1-interval-core
14961166043,0,14961166043,14961166043,0.000000,1,0,0,0,2,multiscale+elgendi_like,1.000000,0.000000,0,0,1,0,1.000000,6.391680,1,771.998000,0.000000,,v0.4.1-interval-core
14962022043,0,14962022043,14962022043,0.000000,1,0,0,0,2,multiscale+elgendi_like,1.000000,0.000000,0,0,1,0,1.000000,6.425768,1,771.998000,0.000000,,v0.4.1-interval-core
14962854043,0,14962854043,14962854043,0.000000,1,0,0,0,2,multiscale+elgendi_like,1.000000,0.000000,0,0,1,0,1.000000,6.226480,1,771.998000,0.000000,,v0.4.1-interval-core
14963614043,0,14963614043,14963614043,0.000000,1,0,0,0,2,multiscale+elgendi_like,1.000000,0.000000,0,0,1,0,1.000000,5.690360,1,771.998000,0.000000,,v0.4.1-interval-core
14964470044,14964470044,14964470044,14964470044,0.000000,0,0,0,0,2,multiscale+elgendi_like,1.000000,0.000000,0,0,0,0,1.000000,6.533448,1,783.998000,0.000000,,v0.4.1-interval-core
14965286043,14965286043,14965286043,14965286043,0.000000,0,0,0,0,2,multiscale+elgendi_like,1.000000,0.000000,0,0,0,0,1.000000,6.339799,1,792.000000,0.000000,,v0.4.1-interval-core
14966030047,14966030047,14966030047,14966030047,0.000000,0,0,0,0,2,multiscale+elgendi_like,1.000000,0.000000,0,0,0,0,1.000000,5.553886,1,792.000000,0.000000,,v0.4.1-interval-core
14966766047,14966758043,14966766047,14966766047,8.004000,0,0,0,0,2,multiscale+elgendi_like,1.000000,0.000000,0,0,0,0,1.000000,5.738193,1,795.998000,8.004000,,v0.4.1-interval-core
14967542043,0,14967542043,14967542043,0.000000,1,0,0,0,2,multiscale+elgendi_like,1.000000,0.000000,0,0,1,0,1.000000,6.952171,1,792.000000,0.000000,,v0.4.1-interval-core
14968302045,0,14968302045,14968302045,0.000000,1,0,0,0,2,multiscale+elgendi_like,1.000000,0.000000,0,0,1,0,1.000000,6.351288,1,799.996000,0.000000,,v0.4.1-interval-core
14969110043,0,14969110043,14969110043,0.000000,1,0,0,0,2,multiscale+elgendi_like,1.000000,0.000000,0,0,1,0,1.000000,5.999011,1,800.000000,0.000000,,v0.4.1-interval-core
14969934043,0,14969934043,14969934043,0.000000,1,0,0,0,2,multiscale+elgendi_like,1.000000,0.000000,0,0,1,0,1.000000,6.184001,1,800.002000,0.000000,,v0.4.1-interval-core
14970750043,14970750043,14970750043,14970750043,0.000000,0,0,0,0,2,multiscale+elgendi_like,1.000000,0.000000,0,0,0,0,1.000000,6.042878,1,800.000000,0.000000,,v0.4.1-interval-core
14971542043,0,14971542043,14971542043,0.000000,1,0,0,0,2,multiscale+elgendi_like,1.000000,0.000000,0,0,1,0,1.000000,6.443913,1,800.000000,0.000000,,v0.4.1-interval-core
14972334043,0,14972334043,14972334043,0.000000,1,0,0,0,2,multiscale+elgendi_like,1.000000,0.000000,0,0,1,0,1.000000,5.990313,1,792.000000,0.000000,,v0.4.1-interval-core
14973134043,14973126043,14973134043,14973134043,8.000000,0,0,0,0,2,multiscale+elgendi_like,1.000000,0.000000,0,0,0,0,1.000000,6.288293,1,792.000000,8.000000,,v0.4.1-interval-core
14973926043,14973926043,14973926043,14973926043,0.000000,0,0,0,0,2,multiscale+elgendi_like,1.000000,0.000000,0,0,0,0,1.000000,5.827028,1,792.000000,0.000000,,v0.4.1-interval-core
14974710043,0,14974710043,14974710043,0.000000,1,0,0,0,2,multiscale+elgendi_like,1.000000,0.000000,0,0,1,0,1.000000,5.787404,1,792.000000,0.000000,,v0.4.1-interval-core
14975518043,0,14975518043,14975518043,0.000000,1,0,0,0,2,multiscale+elgendi_like,1.000000,0.000000,0,0,1,0,1.000000,6.169616,1,792.000000,0.000000,,v0.4.1-interval-core
14976326043,14976326043,14976326043,14976326043,0.000000,0,0,0,0,2,multiscale+elgendi_like,1.000000,0.000000,0,0,0,0,1.000000,6.054259,1,792.000000,0.000000,,v0.4.1-interval-core
14977118043,14977118043,14977118043,14977118043,0.000000,0,0,0,0,2,multiscale+elgendi_like,1.000000,0.000000,0,0,0,0,1.000000,5.780811,1,792.000000,0.000000,,v0.4.1-interval-core
14977886046,14977878045,14977886046,14977886046,8.001000,0,0,0,0,2,multiscale+elgendi_like,1.000000,0.000000,0,0,0,0,1.000000,5.915020,1,792.000000,8.001000,,v0.4.1-interval-core
14978686043,14978686043,14978686043,14978686043,0.000000,0,0,0,0,2,multiscale+elgendi_like,1.000000,0.000000,0,0,0,0,1.000000,5.793737,1,792.000000,0.000000,,v0.4.1-interval-core
14979478043,14979478043,14979478043,14979478043,0.000000,0,0,0,0,2,multiscale+elgendi_like,1.000000,0.000000,0,0,0,0,1.000000,5.985402,1,792.000000,0.000000,,v0.4.1-interval-core
14980222044,14980214043,14980222044,14980222044,8.001000,0,0,0,0,2,multiscale+elgendi_like,1.000000,0.000000,0,0,0,0,1.000000,5.787209,1,792.000000,8.001000,,v0.4.1-interval-core
14980982043,14980982043,14980982043,14980982043,0.000000,0,0,0,0,2,multiscale+elgendi_like,1.000000,0.000000,0,0,0,0,1.000000,6.074554,1,792.000000,0.000000,,v0.4.1-interval-core
14981766047,14981766047,14981766047,14981766047,0.000000,0,0,0,0,2,multiscale+elgendi_like,1.000000,0.000000,0,0,0,0,1.000000,6.051679,1,792.000000,0.000000,,v0.4.1-interval-core
14982574046,14982566044,14982574046,14982574046,8.002000,0,0,0,0,2,multiscale+elgendi_like,1.000000,0.000000,0,0,0,0,1.000000,6.262778,1,792.000000,8.002000,,v0.4.1-interval-core
14983382046,14983382046,14983382046,14983382046,0.000000,0,0,0,0,2,multiscale+elgendi_like,1.000000,0.000000,0,0,0,0,1.000000,5.942947,1,788.002000,0.000000,,v0.4.1-interval-core
14984150043,14984150043,14984150043,14984150043,0.000000,0,0,0,0,2,multiscale+elgendi_like,1.000000,0.000000,0,0,0,0,1.000000,5.957550,1,784.000000,0.000000,,v0.4.1-interval-core
14984950043,0,14984950043,14984950043,0.000000,1,0,0,0,2,multiscale+elgendi_like,1.000000,0.000000,0,0,1,0,1.000000,7.722964,1,772.002500,0.000000,,v0.4.1-interval-core
14985742043,0,14985742043,14985742043,0.000000,1,0,0,0,2,multiscale+elgendi_like,1.000000,0.000000,0,0,1,0,1.000000,6.046885,1,768.000000,0.000000,,v0.4.1-interval-core
14986478043,0,14986478043,14986478043,0.000000,1,0,0,0,2,multiscale+elgendi_like,1.000000,0.000000,0,0,1,0,1.000000,5.673989,1,767.997000,0.000000,,v0.4.1-interval-core
14987254045,0,14987254045,14987254045,0.000000,1,0,0,0,2,multiscale+elgendi_like,1.000000,0.000000,0,0,1,0,1.000000,6.598606,1,759.999000,0.000000,,v0.4.1-interval-core
14987998043,0,14987998043,14987998043,0.000000,1,0,0,0,2,multiscale+elgendi_like,1.000000,0.000000,0,0,1,0,1.000000,5.445724,1,744.001000,0.000000,,v0.4.1-interval-core
14988710045,0,14988710045,14988710045,0.000000,1,0,0,0,2,multiscale+elgendi_like,1.000000,0.000000,0,0,1,0,1.000000,5.200282,1,744.001000,0.000000,,v0.4.1-interval-core
14989366046,14989358043,14989366046,14989366046,8.003000,0,0,0,0,2,multiscale+elgendi_like,1.000000,0.000000,0,0,0,0,1.000000,5.697666,1,743.998000,8.003000,,v0.4.1-interval-core
14990030043,14990318043,14990030043,14990030043,-288.000000,0,0,0,0,2,multiscale+elgendi_like,1.000000,0.000000,0,0,0,1,1.000000,5.453019,1,743.998000,288.000000,,v0.4.1-interval-core
14990734043,14990726043,14990734043,14990734043,8.000000,0,0,0,0,2,multiscale+elgendi_like,1.000000,0.000000,0,0,0,0,1.000000,6.482758,1,739.999000,8.000000,,v0.4.1-interval-core
14991446043,0,14991446043,14991446043,0.000000,1,0,0,0,2,multiscale+elgendi_like,1.000000,0.000000,0,0,1,0,1.000000,6.323453,1,739.999000,0.000000,,v0.4.1-interval-core
14992142043,0,14992142043,14992142043,0.000000,1,0,0,0,2,multiscale+elgendi_like,1.000000,0.000000,0,0,1,0,1.000000,6.250789,1,739.999000,0.000000,,v0.4.1-interval-core
14992806043,0,14992806043,14992806043,0.000000,1,0,0,0,2,multiscale+elgendi_like,1.000000,0.000000,0,0,1,0,1.000000,5.911006,1,739.999000,0.000000,,v0.4.1-interval-core
14993510043,0,14993510043,14993510043,0.000000,1,0,0,0,2,multiscale+elgendi_like,1.000000,0.000000,0,0,1,0,1.000000,6.119768,1,739.999000,0.000000,,v0.4.1-interval-core
14994238043,0,14994238043,14994238043,0.000000,1,0,0,0,2,multiscale+elgendi_like,1.000000,0.000000,0,0,1,0,1.000000,5.625352,1,739.999000,0.000000,,v0.4.1-interval-core
14994950043,14994942046,14994950043,14994950043,7.997000,0,0,0,0,2,multiscale+elgendi_like,1.000000,0.000000,0,0,0,0,1.000000,5.845660,1,739.999000,7.997000,,v0.4.1-interval-core
14995710046,14995710046,14995710046,14995710046,0.000000,0,0,0,0,2,multiscale+elgendi_like,1.000000,0.000000,0,0,0,0,1.000000,5.989694,1,739.999000,0.000000,,v0.4.1-interval-core
14996430043,14996422043,14996430043,14996430043,8.000000,0,0,0,0,2,multiscale+elgendi_like,1.000000,0.000000,0,0,0,0,1.000000,5.386423,1,739.999000,8.000000,,v0.4.1-interval-core
14997238043,14997238043,14997238043,14997238043,0.000000,0,0,0,0,2,multiscale+elgendi_like,1.000000,0.000000,0,0,0,0,1.000000,6.323373,1,743.999000,0.000000,,v0.4.1-interval-core
14998118043,0,14998118043,14998118043,0.000000,1,0,0,0,2,multiscale+elgendi_like,1.000000,0.000000,0,0,1,0,1.000000,5.645589,1,752.000500,0.000000,,v0.4.1-interval-core
14999062047,14999062047,14999062047,14999062047,0.000000,0,0,0,0,2,multiscale+elgendi_like,1.000000,0.000000,0,0,0,0,1.000000,6.198610,1,760.003000,0.000000,,v0.4.1-interval-core
15000022043,0,15000022043,15000022043,0.000000,1,0,0,0,2,multiscale+elgendi_like,1.000000,0.000000,0,0,1,0,1.000000,6.323873,1,791.997000,0.000000,,v0.4.1-interval-core
15000918046,15000918046,15000918046,15000918046,0.000000,0,0,0,0,2,multiscale+elgendi_like,1.000000,0.000000,0,0,0,0,1.000000,5.749625,1,808.000000,0.000000,,v0.4.1-interval-core
15001854043,15001846043,15001854043,15001854043,8.000000,0,0,0,0,2,multiscale+elgendi_like,1.000000,0.000000,0,0,0,0,1.000000,5.383067,1,816.000000,8.000000,,v0.4.1-interval-core
15002726043,0,15002726043,15002726043,0.000000,1,0,0,0,2,multiscale+elgendi_like,1.000000,0.000000,0,0,1,0,1.000000,5.039024,1,836.001500,0.000000,,v0.4.1-interval-core
15003574043,0,15003574043,15003574043,0.000000,1,0,0,0,2,multiscale+elgendi_like,1.000000,0.000000,0,0,1,0,1.000000,4.749730,1,856.000000,0.000000,,v0.4.1-interval-core
15004398046,0,15004398046,15004398046,0.000000,1,0,0,0,2,multiscale+elgendi_like,1.000000,0.000000,0,0,1,0,1.000000,4.778125,1,864.000000,0.000000,,v0.4.1-interval-core
15005190043,15005182047,15005190043,15005190043,7.996000,0,0,0,0,2,multiscale+elgendi_like,1.000000,0.000000,0,0,0,0,1.000000,4.754389,1,872.000000,7.996000,,v0.4.1-interval-core
15006006043,15006006043,15006006043,15006006043,0.000000,0,0,0,0,2,multiscale+elgendi_like,1.000000,0.000000,0,0,0,0,1.000000,4.866061,1,880.000000,0.000000,,v0.4.1-interval-core
15006870043,15006862043,15006870043,15006870043,8.000000,0,0,0,0,2,multiscale+elgendi_like,1.000000,0.000000,0,0,0,0,1.000000,5.198089,1,900.001500,8.000000,,v0.4.1-interval-core
15007774043,15007774043,15007774043,15007774043,0.000000,0,0,0,0,2,multiscale+elgendi_like,1.000000,0.000000,0,0,0,0,1.000000,5.098210,1,919.998500,0.000000,,v0.4.1-interval-core
15008766046,15008758043,15008766046,15008766046,8.003000,0,0,0,0,2,multiscale+elgendi_like,1.000000,0.000000,0,0,0,0,1.000000,4.999591,1,940.000500,8.003000,,v0.4.1-interval-core
15009814043,15009814043,15009814043,15009814043,0.000000,0,0,0,0,2,multiscale+elgendi_like,1.000000,0.000000,0,0,0,0,1.000000,5.125192,1,944.000500,0.000000,,v0.4.1-interval-core
15010878043,15011238046,15010878043,15010878043,-360.003000,0,0,0,0,2,multiscale+elgendi_like,1.000000,0.000000,0,0,0,0,1.000000,5.139926,1,912.001000,360.003000,,v0.4.1-interval-core
15011918045,15011918045,15011918045,15011918045,0.000000,0,0,0,0,2,multiscale+elgendi_like,1.000000,0.000000,0,0,0,0,1.000000,5.037884,1,927.999000,0.000000,,v0.4.1-interval-core
15012910043,15012910043,15012910043,15012910043,0.000000,0,0,0,0,2,multiscale+elgendi_like,1.000000,0.000000,0,0,0,0,1.000000,4.727719,1,927.999000,0.000000,,v0.4.1-interval-core
15013934043,15013934043,15013934043,15013934043,0.000000,0,0,0,0,2,multiscale+elgendi_like,1.000000,0.000000,0,0,0,0,1.000000,4.751674,1,927.999000,0.000000,,v0.4.1-interval-core
15014958044,15014958044,15014958044,15014958044,0.000000,0,0,0,0,2,multiscale+elgendi_like,1.000000,0.000000,0,0,0,0,1.000000,4.575316,1,927.999000,0.000000,,v0.4.1-interval-core
15015958047,15015958047,15015958047,15015958047,0.000000,0,0,0,0,2,multiscale+elgendi_like,1.000000,0.000000,0,0,0,0,1.000000,4.118837,1,920.000000,0.000000,,v0.4.1-interval-core
15016854045,15016846043,15016854045,15016854045,8.002000,0,0,0,0,2,multiscale+elgendi_like,1.000000,0.000000,0,0,0,0,1.000000,4.045505,1,924.001500,8.002000,,v0.4.1-interval-core
15017766046,15017766046,15017766046,15017766046,0.000000,0,0,0,0,2,multiscale+elgendi_like,1.000000,0.000000,0,0,0,0,1.000000,4.343608,1,935.998000,0.000000,,v0.4.1-interval-core
15018694045,15018694045,15018694045,15018694045,0.000000,0,0,0,0,2,multiscale+elgendi_like,1.000000,0.000000,0,0,0,0,1.000000,4.337442,1,936.000000,0.000000,,v0.4.1-interval-core
15019654047,15019646043,15019654047,15019654047,8.004000,0,0,0,0,2,multiscale+elgendi_like,1.000000,0.000000,0,0,0,0,1.000000,4.424506,1,948.001000,8.004000,,v0.4.1-interval-core
15020534043,15020534043,15020534043,15020534043,0.000000,0,0,0,0,2,multiscale+elgendi_like,1.000000,0.000000,0,0,0,0,1.000000,4.102866,1,960.002000,0.000000,,v0.4.1-interval-core
15021422043,15021422043,15021422043,15021422043,0.000000,0,0,0,0,2,multiscale+elgendi_like,1.000000,0.000000,0,0,0,0,1.000000,4.456367,1,931.999500,0.000000,,v0.4.1-interval-core
15022342047,15022334044,15022342047,15022342047,8.003000,0,0,0,0,2,multiscale+elgendi_like,1.000000,0.000000,0,0,0,0,1.000000,4.609398,1,927.999000,8.003000,,v0.4.1-interval-core
15023190044,15023182047,15023190044,15023190044,7.997000,0,0,0,0,2,multiscale+elgendi_like,1.000000,0.000000,0,0,0,0,1.000000,4.306616,1,916.002500,7.997000,,v0.4.1-interval-core
15024038046,15024038046,15024038046,15024038046,0.000000,0,0,0,0,2,multiscale+elgendi_like,1.000000,0.000000,0,0,0,0,1.000000,4.942356,1,908.000500,0.000000,,v0.4.1-interval-core
15024974046,15024966043,15024974046,15024974046,8.003000,0,0,0,0,2,multiscale+elgendi_like,1.000000,0.000000,0,0,0,0,1.000000,5.645982,1,899.999000,8.003000,,v0.4.1-interval-core
15025998043,0,15025998043,15025998043,0.000000,1,0,0,0,2,multiscale+elgendi_like,1.000000,0.000000,0,0,1,0,1.000000,6.263006,1,891.999000,0.000000,,v0.4.1-interval-core
15026998043,0,15026998043,15026998043,0.000000,1,0,0,0,2,multiscale+elgendi_like,1.000000,0.000000,0,0,1,0,1.000000,5.810530,1,884.000000,0.000000,,v0.4.1-interval-core
15027878043,0,15027878043,15027878043,0.000000,1,0,0,0,2,multiscale+elgendi_like,1.000000,0.000000,0,0,1,0,1.000000,5.353906,1,879.998000,0.000000,,v0.4.1-interval-core
15028734043,15028734043,15028734043,15028734043,0.000000,0,0,0,0,2,multiscale+elgendi_like,1.000000,0.000000,0,0,0,0,1.000000,5.779064,1,875.998000,0.000000,,v0.4.1-interval-core
15029638043,0,15029638043,15029638043,0.000000,1,0,0,0,2,multiscale+elgendi_like,1.000000,0.000000,0,0,1,0,1.000000,6.442638,1,856.000000,0.000000,,v0.4.1-interval-core
15030510043,0,15030510043,15030510043,0.000000,1,0,0,0,2,multiscale+elgendi_like,1.000000,0.000000,0,0,1,0,1.000000,6.041123,1,848.002000,0.000000,,v0.4.1-interval-core
15031350043,0,15031350043,15031350043,0.000000,1,0,0,0,2,multiscale+elgendi_like,1.000000,0.000000,0,0,1,0,1.000000,6.200362,1,847.999500,0.000000,,v0.4.1-interval-core
15032182043,0,15032182043,15032182043,0.000000,1,0,0,0,2,multiscale+elgendi_like,1.000000,0.000000,0,0,1,0,1.000000,6.362136,1,843.998500,0.000000,,v0.4.1-interval-core
15033006043,0,15033006043,15033006043,0.000000,1,0,0,0,2,multiscale+elgendi_like,1.000000,0.000000,0,0,1,0,1.000000,6.225891,1,843.998500,0.000000,,v0.4.1-interval-core
15033790043,0,15033790043,15033790043,0.000000,1,0,0,0,2,multiscale+elgendi_like,1.000000,0.000000,0,0,1,0,1.000000,5.914817,1,840.000000,0.000000,,v0.4.1-interval-core
15034550045,0,15034550045,15034550045,0.000000,1,0,0,0,2,multiscale+elgendi_like,1.000000,0.000000,0,0,1,0,1.000000,6.202989,1,836.001000,0.000000,,v0.4.1-interval-core
15035334043,0,15035334043,15035334043,0.000000,1,0,0,0,2,multiscale+elgendi_like,1.000000,0.000000,0,0,1,0,1.000000,6.257653,1,832.002000,0.000000,,v0.4.1-interval-core
15036166043,0,15036166043,15036166043,0.000000,1,0,0,0,2,multiscale+elgendi_like,1.000000,0.000000,0,0,1,0,1.000000,6.443833,1,832.000000,0.000000,,v0.4.1-interval-core
15036998045,0,15036998045,15036998045,0.000000,1,0,0,0,2,multiscale+elgendi_like,1.000000,0.000000,0,0,1,0,1.000000,6.587944,1,832.000000,0.000000,,v0.4.1-interval-core
15037758043,0,15037758043,15037758043,0.000000,1,0,0,0,2,multiscale+elgendi_like,1.000000,0.000000,0,0,1,1,1.000000,5.734469,1,832.001000,0.000000,,v0.4.1-interval-core
15038518043,0,15038518043,15038518043,0.000000,1,0,0,0,2,multiscale+elgendi_like,1.000000,0.000000,0,0,1,0,1.000000,6.282939,1,832.001000,0.000000,,v0.4.1-interval-core
15039334043,0,15039334043,15039334043,0.000000,1,0,0,0,2,multiscale+elgendi_like,1.000000,0.000000,0,0,1,0,1.000000,6.456681,1,832.001000,0.000000,,v0.4.1-interval-core
15040174043,0,15040174043,15040174043,0.000000,1,0,0,0,2,multiscale+elgendi_like,1.000000,0.000000,0,0,1,0,1.000000,6.519418,1,832.001000,0.000000,,v0.4.1-interval-core
15041006043,0,15041006043,15041006043,0.000000,1,0,0,0,2,multiscale+elgendi_like,1.000000,0.000000,0,0,1,0,1.000000,6.238453,1,832.001000,0.000000,,v0.4.1-interval-core
15041870043,0,15041870043,15041870043,0.000000,1,0,0,0,2,multiscale+elgendi_like,1.000000,0.000000,0,0,1,0,1.000000,6.344764,1,832.001000,0.000000,,v0.4.1-interval-core
15042694043,0,15042694043,15042694043,0.000000,1,0,0,0,2,multiscale+elgendi_like,1.000000,0.000000,0,0,1,0,1.000000,6.199644,1,832.000000,0.000000,,v0.4.1-interval-core
15043606043,0,15043606043,15043606043,0.000000,1,0,0,0,2,multiscale+elgendi_like,1.000000,0.000000,0,0,1,0,1.000000,6.939672,1,831.998500,0.000000,,v0.4.1-interval-core
15044606043,0,15044606043,15044606043,0.000000,1,0,0,0,2,multiscale+elgendi_like,1.000000,0.000000,0,0,1,0,1.000000,6.883052,1,832.000000,0.000000,,v0.4.1-interval-core
15045606043,0,15045606043,15045606043,0.000000,1,0,0,0,2,multiscale+elgendi_like,1.000000,0.000000,0,0,1,0,1.000000,6.384798,1,832.000000,0.000000,,v0.4.1-interval-core
15046486043,0,15046486043,15046486043,0.000000,1,0,0,0,2,multiscale+elgendi_like,1.000000,0.000000,0,0,1,0,1.000000,5.887576,1,832.000000,0.000000,,v0.4.1-interval-core
15047358043,0,15047358043,15047358043,0.000000,1,0,0,0,2,multiscale+elgendi_like,1.000000,0.000000,0,0,1,0,1.000000,6.160065,1,832.000000,0.000000,,v0.4.1-interval-core
15048246046,0,15048246046,15048246046,0.000000,1,0,0,0,2,multiscale+elgendi_like,1.000000,0.000000,0,0,1,0,1.000000,5.538163,1,831.998500,0.000000,,v0.4.1-interval-core
15049070043,0,15049070043,15049070043,0.000000,1,0,0,0,2,multiscale+elgendi_like,1.000000,0.000000,0,0,1,0,1.000000,6.062309,1,832.000500,0.000000,,v0.4.1-interval-core
15049886046,0,15049886046,15049886046,0.000000,1,0,0,0,2,multiscale+elgendi_like,1.000000,0.000000,0,0,1,0,1.000000,6.100325,1,836.000500,0.000000,,v0.4.1-interval-core
15050718043,0,15050718043,15050718043,0.000000,1,0,0,0,2,multiscale+elgendi_like,1.000000,0.000000,0,0,1,0,1.000000,5.964705,1,836.000500,0.000000,,v0.4.1-interval-core
15051566043,0,15051566043,15051566043,0.000000,1,0,0,0,2,multiscale+elgendi_like,1.000000,0.000000,0,0,1,0,1.000000,5.387967,1,832.001000,0.000000,,v0.4.1-interval-core
15052334043,0,15052334043,15052334043,0.000000,1,0,0,0,2,multiscale+elgendi_like,1.000000,0.000000,0,0,1,0,1.000000,5.684370,1,832.001000,0.000000,,v0.4.1-interval-core
15053078045,0,15053078045,15053078045,0.000000,1,0,0,0,2,multiscale+elgendi_like,1.000000,0.000000,0,0,1,0,1.000000,5.149348,1,832.001000,0.000000,,v0.4.1-interval-core
15053862043,0,15053862043,15053862043,0.000000,1,0,0,0,2,multiscale+elgendi_like,1.000000,0.000000,0,0,1,0,1.000000,6.045444,1,848.000000,0.000000,,v0.4.1-interval-core
15054646043,0,15054646043,15054646043,0.000000,1,0,0,0,2,multiscale+elgendi_like,1.000000,0.000000,0,0,1,0,1.000000,4.310130,1,848.000000,0.000000,,v0.4.1-interval-core
15055478044,0,15055478044,15055478044,0.000000,1,0,0,0,2,multiscale+elgendi_like,1.000000,0.000000,0,0,1,0,1.000000,8.172564,1,832.001000,0.000000,,v0.4.1-interval-core
15056334043,0,15056334043,15056334043,0.000000,1,0,0,0,2,multiscale+elgendi_like,1.000000,0.000000,0,0,1,0,1.000000,5.623641,1,831.997000,0.000000,,v0.4.1-interval-core
15057182046,0,15057182046,15057182046,0.000000,1,0,0,0,2,multiscale+elgendi_like,1.000000,0.000000,0,0,1,0,1.000000,3.557886,1,831.999000,0.000000,,v0.4.1-interval-core
15058014043,15058014043,15058014043,15058014043,0.000000,0,0,0,0,2,multiscale+elgendi_like,1.000000,0.000000,0,0,0,0,1.000000,4.525980,1,831.999000,0.000000,,v0.4.1-interval-core
15058830043,15058830043,15058830043,15058830043,0.000000,0,0,0,0,2,multiscale+elgendi_like,1.000000,0.000000,0,0,0,0,1.000000,3.174146,1,831.999000,0.000000,,v0.4.1-interval-core
15059694047,15059694047,15059694047,15059694047,0.000000,0,0,0,0,2,multiscale+elgendi_like,1.000000,0.000000,0,0,0,0,1.000000,3.447444,1,831.997000,0.000000,,v0.4.1-interval-core
15060598043,15060590043,15060598043,15060598043,8.000000,0,0,0,0,2,multiscale+elgendi_like,1.000000,0.000000,0,0,0,0,1.000000,4.035920,1,831.997000,8.000000,,v0.4.1-interval-core
15061438046,15061446043,15061438046,15061438046,-7.997000,0,0,0,0,2,multiscale+elgendi_like,1.000000,0.000000,0,0,0,0,1.000000,2.234511,1,831.997000,7.997000,,v0.4.1-interval-core
15062222043,15062222043,15062222043,15062222043,0.000000,0,0,0,0,2,multiscale+elgendi_like,1.000000,0.000000,0,0,0,0,1.000000,3.943625,1,831.999000,0.000000,,v0.4.1-interval-core
15063046043,0,15063046043,15063046043,0.000000,1,0,0,0,2,multiscale+elgendi_like,1.000000,0.000000,0,0,1,0,1.000000,3.362223,1,827.998500,0.000000,,v0.4.1-interval-core
15063910046,0,15063910046,15063910046,0.000000,1,0,0,0,2,multiscale+elgendi_like,1.000000,0.000000,0,0,1,0,1.000000,3.066415,1,831.999000,0.000000,,v0.4.1-interval-core
15064766044,15064766044,15064766044,15064766044,0.000000,0,0,0,0,2,multiscale+elgendi_like,1.000000,0.000000,0,0,0,0,1.000000,4.503591,1,835.998500,0.000000,,v0.4.1-interval-core
15065622046,15065614047,15065622046,15065622046,7.999000,0,0,0,0,2,multiscale+elgendi_like,1.000000,0.000000,0,0,0,0,1.000000,4.395843,1,839.999500,7.999000,,v0.4.1-interval-core
15066438043,15066438043,15066438043,15066438043,0.000000,0,0,0,0,2,multiscale+elgendi_like,1.000000,0.000000,0,0,0,0,1.000000,4.525143,1,848.003000,0.000000,,v0.4.1-interval-core
15067230043,15067230043,15067230043,15067230043,0.000000,0,0,0,0,2,multiscale+elgendi_like,1.000000,0.000000,0,0,0,0,1.000000,4.491787,1,848.000000,0.000000,,v0.4.1-interval-core
15068022047,15068014046,15068022047,15068022047,8.001000,0,0,0,0,2,multiscale+elgendi_like,1.000000,0.000000,0,0,0,0,1.000000,5.221106,1,844.000000,8.001000,,v0.4.1-interval-core
15068862043,0,15068862043,15068862043,0.000000,1,0,0,0,2,multiscale+elgendi_like,1.000000,0.000000,0,0,1,0,1.000000,4.838298,1,844.000000,0.000000,,v0.4.1-interval-core
15069662045,0,15069662045,15069662045,0.000000,1,0,0,0,2,multiscale+elgendi_like,1.000000,0.000000,0,0,1,0,1.000000,4.421613,1,847.999000,0.000000,,v0.4.1-interval-core
15070518043,15070518043,15070518043,15070518043,0.000000,0,0,0,0,2,multiscale+elgendi_like,1.000000,0.000000,0,0,0,0,1.000000,4.973243,1,851.999500,0.000000,,v0.4.1-interval-core
15071422046,15071414043,15071422046,15071422046,8.003000,0,0,0,0,2,multiscale+elgendi_like,1.000000,0.000000,0,0,0,0,1.000000,4.606570,1,848.000500,8.003000,,v0.4.1-interval-core
15072358044,15072358044,15072358044,15072358044,0.000000,0,0,0,0,2,multiscale+elgendi_like,1.000000,0.000000,0,0,0,0,1.000000,4.479277,1,848.002000,0.000000,,v0.4.1-interval-core
15073254047,15073254047,15073254047,15073254047,0.000000,0,0,0,0,2,multiscale+elgendi_like,1.000000,0.000000,0,0,0,0,1.000000,4.173511,1,851.999500,0.000000,,v0.4.1-interval-core
15074102044,15074102044,15074102044,15074102044,0.000000,0,0,0,0,2,multiscale+elgendi_like,1.000000,0.000000,0,0,0,0,1.000000,4.983048,1,855.998000,0.000000,,v0.4.1-interval-core
15074942043,15074942043,15074942043,15074942043,0.000000,0,0,0,0,2,multiscale+elgendi_like,1.000000,0.000000,0,0,0,0,1.000000,4.771863,1,848.001000,0.000000,,v0.4.1-interval-core
15075790044,0,15075790044,15075790044,0.000000,1,0,0,0,2,multiscale+elgendi_like,1.000000,0.000000,0,0,1,0,1.000000,6.361715,1,844.000500,0.000000,,v0.4.1-interval-core
15076654043,0,15076654043,15076654043,0.000000,1,0,0,0,2,multiscale+elgendi_like,1.000000,0.000000,0,0,1,0,1.000000,4.961063,1,840.004000,0.000000,,v0.4.1-interval-core
15077534043,0,15077534043,15077534043,0.000000,1,0,0,0,2,multiscale+elgendi_like,1.000000,0.000000,0,0,1,1,1.000000,5.467532,1,839.999000,0.000000,,v0.4.1-interval-core
15078374047,0,15078374047,15078374047,0.000000,1,0,0,0,2,multiscale+elgendi_like,1.000000,0.000000,0,0,1,0,1.000000,6.853316,1,840.004000,0.000000,,v0.4.1-interval-core
15079254043,0,15079254043,15079254043,0.000000,1,0,0,0,2,multiscale+elgendi_like,1.000000,0.000000,0,0,1,0,1.000000,6.007153,1,839.999000,0.000000,,v0.4.1-interval-core
15080142043,0,15080142043,15080142043,0.000000,1,0,0,0,2,multiscale+elgendi_like,1.000000,0.000000,0,0,1,0,1.000000,4.863147,1,823.999500,0.000000,,v0.4.1-interval-core
15080950043,0,15080950043,15080950043,0.000000,1,0,0,0,2,multiscale+elgendi_like,1.000000,0.000000,0,0,1,0,1.000000,3.494774,1,823.999500,0.000000,,v0.4.1-interval-core
15081702044,0,15081702044,15081702044,0.000000,1,0,0,0,2,multiscale+elgendi_like,1.000000,0.000000,0,0,1,0,1.000000,4.302857,1,795.999500,0.000000,,v0.4.1-interval-core
15082486043,0,15082486043,15082486043,0.000000,1,0,0,0,2,multiscale+elgendi_like,1.000000,0.000000,0,0,1,0,1.000000,2.776321,1,771.998500,0.000000,,v0.4.1-interval-core
15082822047,0,15082822047,15082822047,0.000000,1,0,0,0,2,multiscale+elgendi_like,1.000000,0.000000,0,0,1,0,1.000000,3.858348,1,771.998500,0.000000,,v0.4.1-interval-core
15083230045,0,15083230045,15083230045,0.000000,1,0,0,0,2,multiscale+elgendi_like,1.000000,0.000000,0,0,1,0,1.000000,4.506989,1,755.999500,0.000000,,v0.4.1-interval-core
15083990043,0,15083990043,15083990043,0.000000,1,0,0,0,2,multiscale+elgendi_like,1.000000,0.000000,0,0,1,1,1.000000,3.604822,1,752.001000,0.000000,,v0.4.1-interval-core
15084678043,0,15084678043,15084678043,0.000000,1,0,0,0,2,multiscale+elgendi_like,1.000000,0.000000,0,0,1,0,1.000000,4.324810,1,740.000500,0.000000,,v0.4.1-interval-core
15085334043,0,15085334043,15085334043,0.000000,1,0,0,0,2,multiscale+elgendi_like,1.000000,0.000000,0,0,1,0,1.000000,4.027997,1,740.000500,0.000000,,v0.4.1-interval-core
15085958045,0,15085958045,15085958045,0.000000,1,0,0,0,2,multiscale+elgendi_like,1.000000,0.000000,0,0,1,0,1.000000,3.425501,1,728.000000,0.000000,,v0.4.1-interval-core
15086662046,15086662046,15086662046,15086662046,0.000000,0,0,0,0,2,multiscale+elgendi_like,1.000000,0.000000,0,0,0,0,1.000000,4.623835,1,716.000000,0.000000,,v0.4.1-interval-core
15087358043,15087358043,15087358043,15087358043,0.000000,0,0,0,0,2,multiscale+elgendi_like,1.000000,0.000000,0,0,0,1,1.000000,4.733761,1,708.000500,0.000000,,v0.4.1-interval-core
15088070043,0,15088070043,15088070043,0.000000,1,0,0,0,2,multiscale+elgendi_like,1.000000,0.000000,0,0,1,0,1.000000,4.900439,1,700.000500,0.000000,,v0.4.1-interval-core
15088798043,0,15088798043,15088798043,0.000000,1,0,0,0,2,multiscale+elgendi_like,1.000000,0.000000,0,0,1,0,1.000000,4.731897,1,695.998500,0.000000,,v0.4.1-interval-core
15089518043,15089510045,15089518043,15089518043,7.998000,0,0,0,0,2,multiscale+elgendi_like,1.000000,0.000000,0,0,0,0,1.000000,4.355545,1,688.000000,7.998000,,v0.4.1-interval-core
15090214043,15090214043,15090214043,15090214043,0.000000,0,0,0,0,2,multiscale+elgendi_like,1.000000,0.000000,0,0,0,0,1.000000,3.974686,1,688.000000,0.000000,,v0.4.1-interval-core
15090902043,15090910047,15090902043,15090902043,-8.004000,0,0,0,0,2,multiscale+elgendi_like,1.000000,0.000000,0,0,0,0,1.000000,1.628948,1,672.000000,8.004000,,v0.4.1-interval-core
15092198047,15092198047,15092198047,15092198047,0.000000,0,0,0,0,2,multiscale+elgendi_like,1.000000,0.000000,0,0,0,0,1.000000,2.286837,1,696.000000,0.000000,,v0.4.1-interval-core
15092798043,0,15092798043,15092798043,0.000000,1,0,0,0,2,multiscale+elgendi_like,1.000000,0.000000,0,0,1,0,1.000000,2.699507,1,704.001000,0.000000,,v0.4.1-interval-core
15093390043,15093182046,15093390043,15093390043,207.997000,0,0,0,0,2,multiscale+elgendi_like,1.000000,0.000000,0,0,0,0,1.000000,2.575674,1,704.001000,207.997000,,v0.4.1-interval-core
15094006043,15094006043,15094006043,15094006043,0.000000,0,0,0,0,2,multiscale+elgendi_like,1.000000,0.000000,0,0,0,0,1.000000,1.927675,1,584.001500,0.000000,,v0.4.1-interval-core
15094582046,15094582046,15094582046,15094582046,0.000000,0,0,0,0,2,multiscale+elgendi_like,1.000000,0.000000,0,0,0,0,1.000000,2.955127,1,584.001500,0.000000,,v0.4.1-interval-core
15095150043,15095142043,15095150043,15095150043,8.000000,0,0,0,0,2,multiscale+elgendi_like,1.000000,0.000000,0,0,0,0,1.000000,3.161240,1,576.003000,8.000000,,v0.4.1-interval-core
15095694043,15095694043,15095694043,15095694043,0.000000,0,0,0,0,2,multiscale+elgendi_like,1.000000,0.000000,0,0,0,1,1.000000,3.686835,1,572.001500,0.000000,,v0.4.1-interval-core
15096262043,15096262043,15096262043,15096262043,0.000000,0,0,0,0,2,multiscale+elgendi_like,1.000000,0.000000,0,0,0,0,1.000000,2.185561,1,572.001500,0.000000,,v0.4.1-interval-core
15096774043,0,15096774043,15096774043,0.000000,1,0,0,0,2,multiscale+elgendi_like,1.000000,0.000000,0,0,1,0,1.000000,2.725025,1,572.001500,0.000000,,v0.4.1-interval-core
15097310047,15097310047,15097310047,15097310047,0.000000,0,0,0,0,2,multiscale+elgendi_like,1.000000,0.000000,0,0,0,0,1.000000,2.585458,1,572.001500,0.000000,,v0.4.1-interval-core
15097822045,15097822045,15097822045,15097822045,0.000000,0,0,0,0,2,multiscale+elgendi_like,1.000000,0.000000,0,0,0,0,1.000000,2.733208,1,568.000000,0.000000,,v0.4.1-interval-core
15098326047,15098318043,15098326047,15098326047,8.004000,0,0,0,0,2,multiscale+elgendi_like,1.000000,0.000000,0,0,0,1,1.000000,2.883964,1,572.001500,8.004000,,v0.4.1-interval-core
15098830043,0,15098830043,15098830043,0.000000,1,0,0,0,2,multiscale+elgendi_like,1.000000,0.000000,0,0,1,0,1.000000,3.183974,1,572.001500,0.000000,,v0.4.1-interval-core
15099342043,15099342043,15099342043,15099342043,0.000000,0,0,0,0,2,multiscale+elgendi_like,1.000000,0.000000,0,0,0,1,1.000000,3.575979,1,572.001500,0.000000,,v0.4.1-interval-core
15099878043,15099878043,15099878043,15099878043,0.000000,0,0,0,0,2,multiscale+elgendi_like,1.000000,0.000000,0,0,0,0,1.000000,3.376007,1,572.001500,0.000000,,v0.4.1-interval-core
15100406043,15100406043,15100406043,15100406043,0.000000,0,0,0,0,2,multiscale+elgendi_like,1.000000,0.000000,0,0,0,1,1.000000,3.726986,1,572.001500,0.000000,,v0.4.1-interval-core
15100958043,0,15100958043,15100958043,0.000000,1,0,0,0,2,multiscale+elgendi_like,1.000000,0.000000,0,0,1,1,1.000000,3.876193,1,572.001500,0.000000,,v0.4.1-interval-core
15101502043,15101502043,15101502043,15101502043,0.000000,0,0,0,0,2,multiscale+elgendi_like,1.000000,0.000000,0,0,0,0,1.000000,3.566887,1,572.001500,0.000000,,v0.4.1-interval-core
15102046046,15102046046,15102046046,15102046046,0.000000,0,0,0,0,2,multiscale+elgendi_like,1.000000,0.000000,0,0,0,0,1.000000,3.371079,1,572.001500,0.000000,,v0.4.1-interval-core
15102606045,0,15102606045,15102606045,0.000000,1,0,0,0,2,multiscale+elgendi_like,1.000000,0.000000,0,0,1,0,1.000000,3.897642,1,576.003000,0.000000,,v0.4.1-interval-core
15103198043,15103006047,15103198043,15103198043,191.996000,0,0,0,0,2,multiscale+elgendi_like,1.000000,0.000000,0,0,0,0,1.000000,4.386096,1,572.001500,191.996000,,v0.4.1-interval-core
15103830047,15104086043,15103830047,15103830047,-255.996000,0,0,0,0,2,multiscale+elgendi_like,1.000000,0.000000,0,0,0,0,1.000000,4.761147,1,584.000500,255.996000,,v0.4.1-interval-core
15104486046,0,15104486046,15104486046,0.000000,1,0,0,0,2,multiscale+elgendi_like,1.000000,0.000000,0,0,1,0,1.000000,5.198523,1,584.000500,0.000000,,v0.4.1-interval-core
15105166043,0,15105166043,15105166043,0.000000,1,0,0,0,2,multiscale+elgendi_like,1.000000,0.000000,0,0,1,0,1.000000,5.299363,1,576.003000,0.000000,,v0.4.1-interval-core
15105854043,0,15105854043,15105854043,0.000000,1,0,0,0,2,multiscale+elgendi_like,1.000000,0.000000,0,0,1,0,1.000000,6.703468,1,591.998000,0.000000,,v0.4.1-interval-core
15106558045,15106558045,15106558045,15106558045,0.000000,0,0,0,0,2,multiscale+elgendi_like,1.000000,0.000000,0,0,0,0,1.000000,6.527578,1,624.000000,0.000000,,v0.4.1-interval-core
15107262043,15107262043,15107262043,15107262043,0.000000,0,0,0,0,2,multiscale+elgendi_like,1.000000,0.000000,0,0,0,0,1.000000,6.498109,1,627.999500,0.000000,,v0.4.1-interval-core
15107934043,15107934043,15107934043,15107934043,0.000000,0,0,0,0,2,multiscale+elgendi_like,1.000000,0.000000,0,0,0,0,1.000000,6.004356,1,632.001500,0.000000,,v0.4.1-interval-core
15108598043,15108590043,15108598043,15108598043,8.000000,0,0,0,0,2,multiscale+elgendi_like,1.000000,0.000000,0,0,0,0,1.000000,6.079102,1,636.002000,8.000000,,v0.4.1-interval-core
15109246047,15109238047,15109246047,15109246047,8.000000,0,0,0,0,2,multiscale+elgendi_like,1.000000,0.000000,0,0,0,0,1.000000,6.515835,1,648.004000,8.000000,,v0.4.1-interval-core
15109870047,15109870047,15109870047,15109870047,0.000000,0,0,0,0,2,multiscale+elgendi_like,1.000000,0.000000,0,0,0,1,1.000000,5.768339,1,655.999000,0.000000,,v0.4.1-interval-core
15110502046,15110502046,15110502046,15110502046,0.000000,0,0,0,0,2,multiscale+elgendi_like,1.000000,0.000000,0,0,0,0,1.000000,5.966729,1,664.000000,0.000000,,v0.4.1-interval-core
15111142046,15111142046,15111142046,15111142046,0.000000,0,0,0,0,2,multiscale+elgendi_like,1.000000,0.000000,0,0,0,0,1.000000,6.744834,1,667.998500,0.000000,,v0.4.1-interval-core
15111806046,15111806046,15111806046,15111806046,0.000000,0,0,0,0,2,multiscale+elgendi_like,1.000000,0.000000,0,0,0,0,1.000000,6.725557,1,671.998500,0.000000,,v0.4.1-interval-core
15112502046,15112502046,15112502046,15112502046,0.000000,0,0,0,0,2,multiscale+elgendi_like,1.000000,0.000000,0,0,0,0,1.000000,6.614972,1,672.000500,0.000000,,v0.4.1-interval-core
15113174043,15113174043,15113174043,15113174043,0.000000,0,0,0,0,2,multiscale+elgendi_like,1.000000,0.000000,0,0,0,0,1.000000,6.272514,1,675.999000,0.000000,,v0.4.1-interval-core
15113846044,15113846044,15113846044,15113846044,0.000000,0,0,0,0,2,multiscale+elgendi_like,1.000000,0.000000,0,0,0,0,1.000000,6.280200,1,683.998500,0.000000,,v0.4.1-interval-core
15114582043,15114582043,15114582043,15114582043,0.000000,0,0,0,0,2,multiscale+elgendi_like,1.000000,0.000000,0,0,0,0,1.000000,6.914626,1,692.000000,0.000000,,v0.4.1-interval-core
15115286043,15115286043,15115286043,15115286043,0.000000,0,0,0,0,2,multiscale+elgendi_like,1.000000,0.000000,0,0,0,0,1.000000,6.203587,1,696.000000,0.000000,,v0.4.1-interval-core
15115998046,15115998046,15115998046,15115998046,0.000000,0,0,0,0,2,multiscale+elgendi_like,1.000000,0.000000,0,0,0,0,1.000000,6.159989,1,703.998000,0.000000,,v0.4.1-interval-core
15116718047,15116718047,15116718047,15116718047,0.000000,0,0,0,0,2,multiscale+elgendi_like,1.000000,0.000000,0,0,0,0,1.000000,5.918826,1,704.000000,0.000000,,v0.4.1-interval-core
15117470047,15117470047,15117470047,15117470047,0.000000,0,0,0,0,2,multiscale+elgendi_like,1.000000,0.000000,0,0,0,0,1.000000,6.051868,1,704.000000,0.000000,,v0.4.1-interval-core
15118206046,15118206046,15118206046,15118206046,0.000000,0,0,0,0,2,multiscale+elgendi_like,1.000000,0.000000,0,0,0,0,1.000000,5.882377,1,704.000000,0.000000,,v0.4.1-interval-core
15118926043,15118926043,15118926043,15118926043,0.000000,0,0,0,0,2,multiscale+elgendi_like,1.000000,0.000000,0,0,0,0,1.000000,5.822658,1,704.001000,0.000000,,v0.4.1-interval-core
15119662043,15119662043,15119662043,15119662043,0.000000,0,0,0,0,2,multiscale+elgendi_like,1.000000,0.000000,0,0,0,0,1.000000,6.090912,1,704.000000,0.000000,,v0.4.1-interval-core
15120390043,15120390043,15120390043,15120390043,0.000000,0,0,0,0,2,multiscale+elgendi_like,1.000000,0.000000,0,0,0,0,1.000000,5.556527,1,704.001000,0.000000,,v0.4.1-interval-core
15121102046,15121102046,15121102046,15121102046,0.000000,0,0,0,0,2,multiscale+elgendi_like,1.000000,0.000000,0,0,0,0,1.000000,6.009620,1,708.002000,0.000000,,v0.4.1-interval-core
15121790043,15121790043,15121790043,15121790043,0.000000,0,0,0,0,2,multiscale+elgendi_like,1.000000,0.000000,0,0,0,0,1.000000,5.620626,1,712.003000,0.000000,,v0.4.1-interval-core
15122494043,15122494043,15122494043,15122494043,0.000000,0,0,0,0,2,multiscale+elgendi_like,1.000000,0.000000,0,0,0,0,1.000000,6.253425,1,712.003000,0.000000,,v0.4.1-interval-core
15123198044,15123198044,15123198044,15123198044,0.000000,0,0,0,0,2,multiscale+elgendi_like,1.000000,0.000000,0,0,0,0,1.000000,5.973735,1,716.000000,0.000000,,v0.4.1-interval-core
15123990043,15123990043,15123990043,15123990043,0.000000,0,0,0,0,2,multiscale+elgendi_like,1.000000,0.000000,0,0,0,0,1.000000,6.545697,1,719.998500,0.000000,,v0.4.1-interval-core
15124734045,15124734045,15124734045,15124734045,0.000000,0,0,0,0,2,multiscale+elgendi_like,1.000000,0.000000,0,0,0,0,1.000000,5.872136,1,720.000500,0.000000,,v0.4.1-interval-core
15125478047,15125478047,15125478047,15125478047,0.000000,0,0,0,0,2,multiscale+elgendi_like,1.000000,0.000000,0,0,0,0,1.000000,5.818696,1,723.999000,0.000000,,v0.4.1-interval-core
15126174043,15126174043,15126174043,15126174043,0.000000,0,0,0,0,2,multiscale+elgendi_like,1.000000,0.000000,0,0,0,0,1.000000,5.494714,1,720.002500,0.000000,,v0.4.1-interval-core
15126854043,15126846043,15126854043,15126854043,8.000000,0,0,0,0,2,multiscale+elgendi_like,1.000000,0.000000,0,0,0,0,1.000000,5.684162,1,720.001000,8.000000,,v0.4.1-interval-core
15127574043,15127574043,15127574043,15127574043,0.000000,0,0,0,0,2,multiscale+elgendi_like,1.000000,0.000000,0,0,0,0,1.000000,6.100320,1,727.998500,0.000000,,v0.4.1-interval-core
15128254043,15128254043,15128254043,15128254043,0.000000,0,0,0,0,2,multiscale+elgendi_like,1.000000,0.000000,0,0,0,0,1.000000,5.575674,1,728.000000,0.000000,,v0.4.1-interval-core
15128966046,15128966046,15128966046,15128966046,0.000000,0,0,0,0,2,multiscale+elgendi_like,1.000000,0.000000,0,0,0,0,1.000000,6.162672,1,728.000000,0.000000,,v0.4.1-interval-core
15129694043,15129694043,15129694043,15129694043,0.000000,0,0,0,0,2,multiscale+elgendi_like,1.000000,0.000000,0,0,0,0,1.000000,6.116421,1,728.000000,0.000000,,v0.4.1-interval-core
15130422043,15130422043,15130422043,15130422043,0.000000,0,0,0,0,2,multiscale+elgendi_like,1.000000,0.000000,0,0,0,0,1.000000,6.156623,1,728.000000,0.000000,,v0.4.1-interval-core
15131158043,15131158043,15131158043,15131158043,0.000000,0,0,0,0,2,multiscale+elgendi_like,1.000000,0.000000,0,0,0,0,1.000000,6.359270,1,728.000000,0.000000,,v0.4.1-interval-core
15131910047,15131910047,15131910047,15131910047,0.000000,0,0,0,0,2,multiscale+elgendi_like,1.000000,0.000000,0,0,0,0,1.000000,6.402789,1,736.000000,0.000000,,v0.4.1-interval-core
15132662043,15132662043,15132662043,15132662043,0.000000,0,0,0,0,2,multiscale+elgendi_like,1.000000,0.000000,0,0,0,0,1.000000,6.331611,1,744.002000,0.000000,,v0.4.1-interval-core
15133374047,15133374047,15133374047,15133374047,0.000000,0,0,0,0,2,multiscale+elgendi_like,1.000000,0.000000,0,0,0,0,1.000000,6.010596,1,744.000000,0.000000,,v0.4.1-interval-core
15134182045,15134182045,15134182045,15134182045,0.000000,0,0,0,0,2,multiscale+elgendi_like,1.000000,0.000000,0,0,0,0,1.000000,6.656387,1,744.000000,0.000000,,v0.4.1-interval-core
15134974043,15134966043,15134974043,15134974043,8.000000,0,0,0,0,2,multiscale+elgendi_like,1.000000,0.000000,0,0,0,0,1.000000,6.736827,1,744.000000,8.000000,,v0.4.1-interval-core
15135806043,15135806043,15135806043,15135806043,0.000000,0,0,0,0,2,multiscale+elgendi_like,1.000000,0.000000,0,0,0,0,1.000000,7.088337,1,732.000000,0.000000,,v0.4.1-interval-core
15136638045,0,15136638045,15136638045,0.000000,1,0,0,0,2,multiscale+elgendi_like,1.000000,0.000000,0,0,1,0,1.000000,6.661460,1,727.997000,0.000000,,v0.4.1-interval-core
15137454043,0,15137454043,15137454043,0.000000,1,0,0,0,2,multiscale+elgendi_like,1.000000,0.000000,0,0,1,0,1.000000,6.496234,1,727.997000,0.000000,,v0.4.1-interval-core
15138254045,15138518043,15138254045,15138254045,-263.998000,0,0,0,0,2,multiscale+elgendi_like,1.000000,0.000000,0,0,0,0,1.000000,5.976532,1,728.000000,263.998000,,v0.4.1-interval-core
15139038043,15139038043,15139038043,15139038043,0.000000,0,0,0,0,2,multiscale+elgendi_like,1.000000,0.000000,0,0,0,0,1.000000,5.835452,1,732.000000,0.000000,,v0.4.1-interval-core
15139782043,15139774043,15139782043,15139782043,8.000000,0,0,0,0,2,multiscale+elgendi_like,1.000000,0.000000,0,0,0,0,1.000000,5.338843,1,740.000000,8.000000,,v0.4.1-interval-core
15140478043,0,15140478043,15140478043,0.000000,1,0,0,0,2,multiscale+elgendi_like,1.000000,0.000000,0,0,1,0,1.000000,4.911701,1,747.998000,0.000000,,v0.4.1-interval-core
15141134043,15140886043,15141134043,15141134043,248.000000,0,0,0,0,2,multiscale+elgendi_like,1.000000,0.000000,0,0,0,0,1.000000,5.081701,1,752.000000,248.000000,,v0.4.1-interval-core
15141774043,15141774043,15141774043,15141774043,0.000000,0,0,0,0,2,multiscale+elgendi_like,1.000000,0.000000,0,0,0,0,1.000000,5.181697,1,752.004000,0.000000,,v0.4.1-interval-core
15142390043,15142390043,15142390043,15142390043,0.000000,0,0,0,0,2,multiscale+elgendi_like,1.000000,0.000000,0,0,0,0,1.000000,4.866961,1,783.998000,0.000000,,v0.4.1-interval-core
15142990042,15142990042,15142990042,15142990042,0.000000,0,0,0,0,2,multiscale+elgendi_like,1.000000,0.000000,0,0,0,0,1.000000,5.723867,1,783.998000,0.000000,,v0.4.1-interval-core
15143574043,15143854047,15143574043,15143574043,-280.004000,0,0,0,0,2,multiscale+elgendi_like,1.000000,0.000000,0,0,0,1,1.000000,5.705748,1,696.000000,280.004000,,v0.4.1-interval-core
15144198043,0,15144198043,15144198043,0.000000,1,0,0,0,2,multiscale+elgendi_like,1.000000,0.000000,0,0,1,1,1.000000,5.819366,1,656.000000,0.000000,,v0.4.1-interval-core
15145350043,0,15145350043,15145350043,0.000000,1,0,0,0,2,multiscale+elgendi_like,1.000000,0.000000,0,0,1,1,1.000000,9.637713,1,640.000000,0.000000,,v0.4.1-interval-core
15146406043,0,15146406043,15146406043,0.000000,1,0,0,0,2,multiscale+elgendi_like,1.000000,0.000000,0,0,1,0,1.000000,8.122172,1,640.000000,0.000000,,v0.4.1-interval-core
15147374043,0,15147374043,15147374043,0.000000,1,0,0,0,2,multiscale+elgendi_like,1.000000,0.000000,0,0,1,0,1.000000,7.465706,1,640.000000,0.000000,,v0.4.1-interval-core
15148326043,0,15148326043,15148326043,0.000000,1,0,0,0,2,multiscale+elgendi_like,1.000000,0.000000,0,0,1,0,1.000000,6.796372,1,640.000000,0.000000,,v0.4.1-interval-core
15149358043,0,15149358043,15149358043,0.000000,1,0,0,0,2,multiscale+elgendi_like,1.000000,0.000000,0,0,1,0,1.000000,6.881481,1,640.000000,0.000000,,v0.4.1-interval-core
15150366043,0,15150366043,15150366043,0.000000,1,0,0,0,2,multiscale+elgendi_like,1.000000,0.000000,0,0,1,0,1.000000,6.496524,1,952.000000,0.000000,,v0.4.1-interval-core
15151310043,0,15151310043,15151310043,0.000000,1,0,0,0,2,multiscale+elgendi_like,1.000000,0.000000,0,0,1,0,1.000000,6.007709,1,968.000000,0.000000,,v0.4.1-interval-core
15152158043,0,15152158043,15152158043,0.000000,1,0,0,0,2,multiscale+elgendi_like,1.000000,0.000000,0,0,1,0,1.000000,5.947061,1,944.000000,0.000000,,v0.4.1-interval-core
15153030043,0,15153030043,15153030043,0.000000,1,0,0,0,2,multiscale+elgendi_like,1.000000,0.000000,0,0,1,0,1.000000,6.220674,1,948.000000,0.000000,,v0.4.1-interval-core
15154158043,0,15154158043,15154158043,0.000000,1,0,0,0,2,multiscale+elgendi_like,1.000000,0.000000,0,0,1,0,1.000000,6.924502,1,948.000000,0.000000,,v0.4.1-interval-core
15155326043,0,15155326043,15155326043,0.000000,1,0,0,0,2,multiscale+elgendi_like,1.000000,0.000000,0,0,1,0,1.000000,6.562909,1,952.000000,0.000000,,v0.4.1-interval-core
15156430043,0,15156430043,15156430043,0.000000,1,0,0,0,2,multiscale+elgendi_like,1.000000,0.000000,0,0,1,0,1.000000,6.384565,1,944.000000,0.000000,,v0.4.1-interval-core
15157398043,0,15157398043,15157398043,0.000000,1,0,0,0,2,multiscale+elgendi_like,1.000000,0.000000,0,0,1,0,1.000000,5.867138,1,944.000000,0.000000,,v0.4.1-interval-core
15158342043,0,15158342043,15158342043,0.000000,1,0,0,0,2,multiscale+elgendi_like,1.000000,0.000000,0,0,1,0,1.000000,6.103191,1,928.000000,0.000000,,v0.4.1-interval-core
15159254043,0,15159254043,15159254043,0.000000,1,0,0,0,2,multiscale+elgendi_like,1.000000,0.000000,0,0,1,0,1.000000,5.894889,1,912.002000,0.000000,,v0.4.1-interval-core
15160150043,0,15160150043,15160150043,0.000000,1,0,0,0,2,multiscale+elgendi_like,1.000000,0.000000,0,0,1,0,1.000000,5.801155,1,912.001000,0.000000,,v0.4.1-interval-core
15161006045,0,15161006045,15161006045,0.000000,1,0,0,0,2,multiscale+elgendi_like,1.000000,0.000000,0,0,1,0,1.000000,5.683744,1,912.000000,0.000000,,v0.4.1-interval-core
15161878043,0,15161878043,15161878043,0.000000,1,0,0,0,2,multiscale+elgendi_like,1.000000,0.000000,0,0,1,0,1.000000,5.799528,1,912.000000,0.000000,,v0.4.1-interval-core
15162790043,0,15162790043,15162790043,0.000000,1,0,0,0,2,multiscale+elgendi_like,1.000000,0.000000,0,0,1,0,1.000000,5.774695,1,904.000000,0.000000,,v0.4.1-interval-core
15163702043,0,15163702043,15163702043,0.000000,1,0,0,0,2,multiscale+elgendi_like,1.000000,0.000000,0,0,1,0,1.000000,5.655100,1,904.001000,0.000000,,v0.4.1-interval-core
15164630043,0,15164630043,15164630043,0.000000,1,0,0,0,2,multiscale+elgendi_like,1.000000,0.000000,0,0,1,0,1.000000,5.683118,1,904.001000,0.000000,,v0.4.1-interval-core
15165542045,15165542045,15165542045,15165542045,0.000000,0,0,0,0,2,multiscale+elgendi_like,1.000000,0.000000,0,0,0,0,1.000000,5.494498,1,896.001000,0.000000,,v0.4.1-interval-core
15166438043,15166430043,15166438043,15166438043,8.000000,0,0,0,0,2,multiscale+elgendi_like,1.000000,0.000000,0,0,0,0,1.000000,5.087685,1,895.999000,8.000000,,v0.4.1-interval-core
15167262045,15167254043,15167262045,15167262045,8.002000,0,0,0,0,2,multiscale+elgendi_like,1.000000,0.000000,0,0,0,0,1.000000,5.108400,1,883.998000,8.002000,,v0.4.1-interval-core
15168102043,15168094043,15168102043,15168102043,8.000000,0,0,0,0,2,multiscale+elgendi_like,1.000000,0.000000,0,0,0,0,1.000000,5.453142,1,872.000000,8.000000,,v0.4.1-interval-core
15168934047,15168934047,15168934047,15168934047,0.000000,0,0,0,0,2,multiscale+elgendi_like,1.000000,0.000000,0,0,0,0,1.000000,5.434581,1,872.000000,0.000000,,v0.4.1-interval-core
15169782043,15169782043,15169782043,15169782043,0.000000,0,0,0,0,2,multiscale+elgendi_like,1.000000,0.000000,0,0,0,0,1.000000,5.472007,1,872.000000,0.000000,,v0.4.1-interval-core
15170678045,15170678045,15170678045,15170678045,0.000000,0,0,0,0,2,multiscale+elgendi_like,1.000000,0.000000,0,0,0,0,1.000000,5.223708,1,872.000000,0.000000,,v0.4.1-interval-core
15171534043,15171534043,15171534043,15171534043,0.000000,0,0,0,0,2,multiscale+elgendi_like,1.000000,0.000000,0,0,0,0,1.000000,4.955546,1,871.998000,0.000000,,v0.4.1-interval-core
15172390047,15172390047,15172390047,15172390047,0.000000,0,0,0,0,2,multiscale+elgendi_like,1.000000,0.000000,0,0,0,0,1.000000,5.249933,1,872.000000,0.000000,,v0.4.1-interval-core
15173254043,15173254043,15173254043,15173254043,0.000000,0,0,0,0,2,multiscale+elgendi_like,1.000000,0.000000,0,0,0,0,1.000000,5.064598,1,872.000000,0.000000,,v0.4.1-interval-core
15174094043,15174094043,15174094043,15174094043,0.000000,0,0,0,0,2,multiscale+elgendi_like,1.000000,0.000000,0,0,0,0,1.000000,4.937628,1,872.000000,0.000000,,v0.4.1-interval-core
15174966043,15174958043,15174966043,15174966043,8.000000,0,0,0,0,2,multiscale+elgendi_like,1.000000,0.000000,0,0,0,0,1.000000,5.415009,1,872.000000,8.000000,,v0.4.1-interval-core
15175838043,0,15175838043,15175838043,0.000000,1,0,0,0,2,multiscale+elgendi_like,1.000000,0.000000,0,0,1,0,1.000000,5.706220,1,872.000000,0.000000,,v0.4.1-interval-core
15176742043,0,15176742043,15176742043,0.000000,1,0,0,0,2,multiscale+elgendi_like,1.000000,0.000000,0,0,1,0,1.000000,5.480292,1,864.000000,0.000000,,v0.4.1-interval-core
15177662043,0,15177662043,15177662043,0.000000,1,0,0,0,2,multiscale+elgendi_like,1.000000,0.000000,0,0,1,0,1.000000,5.721928,1,863.996000,0.000000,,v0.4.1-interval-core
15178518043,0,15178518043,15178518043,0.000000,1,0,0,0,2,multiscale+elgendi_like,1.000000,0.000000,0,0,1,0,1.000000,5.107732,1,863.996000,0.000000,,v0.4.1-interval-core
15179390043,15179390043,15179390043,15179390043,0.000000,0,0,0,0,2,multiscale+elgendi_like,1.000000,0.000000,0,0,0,0,1.000000,5.487105,1,863.996000,0.000000,,v0.4.1-interval-core
15180254043,15180254043,15180254043,15180254043,0.000000,0,0,0,0,2,multiscale+elgendi_like,1.000000,0.000000,0,0,0,0,1.000000,5.554068,1,863.996000,0.000000,,v0.4.1-interval-core
15181126043,15181126043,15181126043,15181126043,0.000000,0,0,0,0,2,multiscale+elgendi_like,1.000000,0.000000,0,0,0,0,1.000000,5.485160,1,863.996000,0.000000,,v0.4.1-interval-core
15182006046,15181998047,15182006046,15182006046,7.999000,0,0,0,0,2,multiscale+elgendi_like,1.000000,0.000000,0,0,0,0,1.000000,5.321193,1,863.996000,7.999000,,v0.4.1-interval-core
15182878044,15182878044,15182878044,15182878044,0.000000,0,0,0,0,2,multiscale+elgendi_like,1.000000,0.000000,0,0,0,0,1.000000,5.128856,1,864.000000,0.000000,,v0.4.1-interval-core
15183686043,15183686043,15183686043,15183686043,0.000000,0,0,0,0,2,multiscale+elgendi_like,1.000000,0.000000,0,0,0,0,1.000000,4.873837,1,864.000000,0.000000,,v0.4.1-interval-core
15184502046,15184502046,15184502046,15184502046,0.000000,0,0,0,0,2,multiscale+elgendi_like,1.000000,0.000000,0,0,0,0,1.000000,5.674254,1,864.000000,0.000000,,v0.4.1-interval-core
15185302045,15185302045,15185302045,15185302045,0.000000,0,0,0,0,2,multiscale+elgendi_like,1.000000,0.000000,0,0,0,0,1.000000,5.687617,1,864.000000,0.000000,,v0.4.1-interval-core
15186094045,15186094045,15186094045,15186094045,0.000000,0,0,0,0,2,multiscale+elgendi_like,1.000000,0.000000,0,0,0,0,1.000000,5.779460,1,856.000000,0.000000,,v0.4.1-interval-core
15186934043,15186934043,15186934043,15186934043,0.000000,0,0,0,0,2,multiscale+elgendi_like,1.000000,0.000000,0,0,0,0,1.000000,6.487162,1,848.000000,0.000000,,v0.4.1-interval-core
15187774046,0,15187774046,15187774046,0.000000,1,0,0,0,2,multiscale+elgendi_like,1.000000,0.000000,0,0,1,0,1.000000,6.309653,1,840.003000,0.000000,,v0.4.1-interval-core
15188678043,0,15188678043,15188678043,0.000000,1,0,0,0,2,multiscale+elgendi_like,1.000000,0.000000,0,0,1,0,1.000000,6.873936,1,840.003000,0.000000,,v0.4.1-interval-core
15189590043,0,15189590043,15189590043,0.000000,1,0,0,0,2,multiscale+elgendi_like,1.000000,0.000000,0,0,1,0,1.000000,6.371099,1,840.003000,0.000000,,v0.4.1-interval-core
15190438043,0,15190438043,15190438043,0.000000,1,0,0,0,2,multiscale+elgendi_like,1.000000,0.000000,0,0,1,0,1.000000,5.874271,1,844.001500,0.000000,,v0.4.1-interval-core
15191278046,15191270043,15191278046,15191278046,8.003000,0,0,0,0,2,multiscale+elgendi_like,1.000000,0.000000,0,0,0,0,1.000000,6.263682,1,840.003000,8.003000,,v0.4.1-interval-core
15192110043,15192110043,15192110043,15192110043,0.000000,0,0,0,0,2,multiscale+elgendi_like,1.000000,0.000000,0,0,0,0,1.000000,5.970817,1,840.003000,0.000000,,v0.4.1-interval-core
15192894047,15192894047,15192894047,15192894047,0.000000,0,0,0,0,2,multiscale+elgendi_like,1.000000,0.000000,0,0,0,0,1.000000,5.572123,1,840.003000,0.000000,,v0.4.1-interval-core
15193710046,15193702047,15193710046,15193710046,7.999000,0,0,0,0,2,multiscale+elgendi_like,1.000000,0.000000,0,0,0,0,1.000000,6.511911,1,840.000500,7.999000,,v0.4.1-interval-core
15194542043,0,15194542043,15194542043,0.000000,1,0,0,0,2,multiscale+elgendi_like,1.000000,0.000000,0,0,1,0,1.000000,6.390145,1,835.997500,0.000000,,v0.4.1-interval-core
15195414043,0,15195414043,15195414043,0.000000,1,0,0,0,2,multiscale+elgendi_like,1.000000,0.000000,0,0,1,0,1.000000,6.709912,1,835.997500,0.000000,,v0.4.1-interval-core
15196318043,0,15196318043,15196318043,0.000000,1,0,0,0,2,multiscale+elgendi_like,1.000000,0.000000,0,0,1,0,1.000000,6.568744,1,835.997500,0.000000,,v0.4.1-interval-core
15197262043,0,15197262043,15197262043,0.000000,1,0,0,0,2,multiscale+elgendi_like,1.000000,0.000000,0,0,1,0,1.000000,6.426463,1,835.997500,0.000000,,v0.4.1-interval-core
15198230045,15198230045,15198230045,15198230045,0.000000,0,0,0,0,2,multiscale+elgendi_like,1.000000,0.000000,0,0,0,0,1.000000,5.845539,1,831.997000,0.000000,,v0.4.1-interval-core
15199118045,0,15199118045,15199118045,0.000000,1,0,0,0,2,multiscale+elgendi_like,1.000000,0.000000,0,0,1,0,1.000000,5.386921,1,823.998000,0.000000,,v0.4.1-interval-core
15199910044,15199902043,15199910044,15199910044,8.001000,0,0,0,0,2,multiscale+elgendi_like,1.000000,0.000000,0,0,0,0,1.000000,5.287032,1,803.999000,8.001000,,v0.4.1-interval-core
15200662043,0,15200662043,15200662043,0.000000,1,0,0,0,2,multiscale+elgendi_like,1.000000,0.000000,0,0,1,0,1.000000,5.628534,1,788.001500,0.000000,,v0.4.1-interval-core
15201414046,0,15201414046,15201414046,0.000000,1,0,0,0,2,multiscale+elgendi_like,1.000000,0.000000,0,0,1,0,1.000000,5.727757,1,784.002000,0.000000,,v0.4.1-interval-core
15202158043,15202158043,15202158043,15202158043,0.000000,0,0,0,0,2,multiscale+elgendi_like,1.000000,0.000000,0,0,0,0,1.000000,5.969816,1,776.000000,0.000000,,v0.4.1-interval-core
15202886046,15202878043,15202886046,15202886046,8.003000,0,0,0,0,2,multiscale+elgendi_like,1.000000,0.000000,0,0,0,0,1.000000,6.081727,1,776.000000,8.003000,,v0.4.1-interval-core
15203622043,15203622043,15203622043,15203622043,0.000000,0,0,0,0,2,multiscale+elgendi_like,1.000000,0.000000,0,0,0,0,1.000000,6.087780,1,776.000000,0.000000,,v0.4.1-interval-core
15204382043,15204382043,15204382043,15204382043,0.000000,0,0,0,0,2,multiscale+elgendi_like,1.000000,0.000000,0,0,0,0,1.000000,6.355332,1,776.000000,0.000000,,v0.4.1-interval-core
15205118043,15205118043,15205118043,15205118043,0.000000,0,0,0,0,2,multiscale+elgendi_like,1.000000,0.000000,0,0,0,0,1.000000,5.945553,1,776.000000,0.000000,,v0.4.1-interval-core
15205878043,15205878043,15205878043,15205878043,0.000000,0,0,0,0,2,multiscale+elgendi_like,1.000000,0.000000,0,0,0,0,1.000000,6.544514,1,776.000000,0.000000,,v0.4.1-interval-core
15206654043,0,15206654043,15206654043,0.000000,1,0,0,0,2,multiscale+elgendi_like,1.000000,0.000000,0,0,1,0,1.000000,6.334275,1,776.000000,0.000000,,v0.4.1-interval-core
15207430043,0,15207430043,15207430043,0.000000,1,0,0,0,2,multiscale+elgendi_like,1.000000,0.000000,0,0,1,0,1.000000,6.173415,1,776.000000,0.000000,,v0.4.1-interval-core
15208182043,0,15208182043,15208182043,0.000000,1,0,0,0,2,multiscale+elgendi_like,1.000000,0.000000,0,0,1,0,1.000000,5.728548,1,776.000000,0.000000,,v0.4.1-interval-core
15208910043,15208910043,15208910043,15208910043,0.000000,0,0,0,0,2,multiscale+elgendi_like,1.000000,0.000000,0,0,0,0,1.000000,5.842673,1,772.002000,0.000000,,v0.4.1-interval-core
15209678047,15209678047,15209678047,15209678047,0.000000,0,0,0,0,2,multiscale+elgendi_like,1.000000,0.000000,0,0,0,0,1.000000,6.491627,1,764.002000,0.000000,,v0.4.1-interval-core
15210478043,0,15210478043,15210478043,0.000000,1,0,0,0,2,multiscale+elgendi_like,1.000000,0.000000,0,0,1,0,1.000000,6.843071,1,760.000000,0.000000,,v0.4.1-interval-core
15211318043,0,15211318043,15211318043,0.000000,1,0,0,0,2,multiscale+elgendi_like,1.000000,0.000000,0,0,1,0,1.000000,6.956543,1,760.000000,0.000000,,v0.4.1-interval-core
15212166043,0,15212166043,15212166043,0.000000,1,0,0,0,2,multiscale+elgendi_like,1.000000,0.000000,0,0,1,0,1.000000,6.497644,1,760.000000,0.000000,,v0.4.1-interval-core
15212950043,0,15212950043,15212950043,0.000000,1,0,0,0,2,multiscale+elgendi_like,1.000000,0.000000,0,0,1,0,1.000000,5.957983,1,764.000000,0.000000,,v0.4.1-interval-core
15213750043,15213750043,15213750043,15213750043,0.000000,0,0,0,0,2,multiscale+elgendi_like,1.000000,0.000000,0,0,0,0,1.000000,6.362925,1,768.002000,0.000000,,v0.4.1-interval-core
15214574043,15214574043,15214574043,15214574043,0.000000,0,0,0,0,2,multiscale+elgendi_like,1.000000,0.000000,0,0,0,0,1.000000,6.403159,1,768.002000,0.000000,,v0.4.1-interval-core
15215366043,15215366043,15215366043,15215366043,0.000000,0,0,0,0,2,multiscale+elgendi_like,1.000000,0.000000,0,0,0,0,1.000000,5.934283,1,768.002000,0.000000,,v0.4.1-interval-core
15216110043,15216102044,15216110043,15216110043,7.999000,0,0,0,0,2,multiscale+elgendi_like,1.000000,0.000000,0,0,0,0,1.000000,5.573684,1,768.002000,7.999000,,v0.4.1-interval-core
15216846043,15216846043,15216846043,15216846043,0.000000,0,0,0,0,2,multiscale+elgendi_like,1.000000,0.000000,0,0,0,0,1.000000,6.094701,1,768.002000,0.000000,,v0.4.1-interval-core
15217574043,15217574043,15217574043,15217574043,0.000000,0,0,0,0,2,multiscale+elgendi_like,1.000000,0.000000,0,0,0,0,1.000000,6.225317,1,768.002000,0.000000,,v0.4.1-interval-core
15218326043,0,15218326043,15218326043,0.000000,1,0,0,0,2,multiscale+elgendi_like,1.000000,0.000000,0,0,1,0,1.000000,6.132105,1,767.998000,0.000000,,v0.4.1-interval-core
15219094043,0,15219094043,15219094043,0.000000,1,0,0,0,2,multiscale+elgendi_like,1.000000,0.000000,0,0,1,0,1.000000,6.094845,1,767.998000,0.000000,,v0.4.1-interval-core
15219878046,15219878046,15219878046,15219878046,0.000000,0,0,0,0,2,multiscale+elgendi_like,1.000000,0.000000,0,0,0,0,1.000000,6.149096,1,768.002000,0.000000,,v0.4.1-interval-core
15220662047,15220662047,15220662047,15220662047,0.000000,0,0,0,0,2,multiscale+elgendi_like,1.000000,0.000000,0,0,0,0,1.000000,5.914660,1,767.998000,0.000000,,v0.4.1-interval-core
15221422043,15221422043,15221422043,15221422043,0.000000,0,0,0,0,2,multiscale+elgendi_like,1.000000,0.000000,0,0,0,0,1.000000,5.796111,1,767.998000,0.000000,,v0.4.1-interval-core
15222126043,15222126043,15222126043,15222126043,0.000000,0,0,0,0,2,multiscale+elgendi_like,1.000000,0.000000,0,0,0,0,1.000000,5.558033,1,767.998000,0.000000,,v0.4.1-interval-core
15222854045,15222854045,15222854045,15222854045,0.000000,0,0,0,0,2,multiscale+elgendi_like,1.000000,0.000000,0,0,0,0,1.000000,6.165032,1,767.998000,0.000000,,v0.4.1-interval-core
15223598046,15223598046,15223598046,15223598046,0.000000,0,0,0,0,2,multiscale+elgendi_like,1.000000,0.000000,0,0,0,0,1.000000,6.439792,1,767.998000,0.000000,,v0.4.1-interval-core
15224350047,15224342045,15224350047,15224350047,8.002000,0,0,0,0,2,multiscale+elgendi_like,1.000000,0.000000,0,0,0,0,1.000000,6.098431,1,763.997000,8.002000,,v0.4.1-interval-core
15225118043,15225118043,15225118043,15225118043,0.000000,0,0,0,0,2,multiscale+elgendi_like,1.000000,0.000000,0,0,0,0,1.000000,6.236104,1,759.997000,0.000000,,v0.4.1-interval-core
15225910047,15225910047,15225910047,15225910047,0.000000,0,0,0,0,2,multiscale+elgendi_like,1.000000,0.000000,0,0,0,0,1.000000,6.271673,1,755.998500,0.000000,,v0.4.1-interval-core
15226694043,15226694043,15226694043,15226694043,0.000000,0,0,0,0,2,multiscale+elgendi_like,1.000000,0.000000,0,0,0,0,1.000000,5.964993,1,752.000500,0.000000,,v0.4.1-interval-core
15227438047,15227438047,15227438047,15227438047,0.000000,0,0,0,0,2,multiscale+elgendi_like,1.000000,0.000000,0,0,0,0,1.000000,5.779020,1,755.998500,0.000000,,v0.4.1-interval-core
15228198045,15228190043,15228198045,15228198045,8.002000,0,0,0,0,2,multiscale+elgendi_like,1.000000,0.000000,0,0,0,0,1.000000,6.285848,1,759.997000,8.002000,,v0.4.1-interval-core
15228974044,15228974044,15228974044,15228974044,0.000000,0,0,0,0,2,multiscale+elgendi_like,1.000000,0.000000,0,0,0,0,1.000000,6.229892,1,763.997000,0.000000,,v0.4.1-interval-core
15229790044,15229790044,15229790044,15229790044,0.000000,0,0,0,0,2,multiscale+elgendi_like,1.000000,0.000000,0,0,0,0,1.000000,6.093350,1,767.998000,0.000000,,v0.4.1-interval-core
15230574043,15230574043,15230574043,15230574043,0.000000,0,0,0,0,2,multiscale+elgendi_like,1.000000,0.000000,0,0,0,0,1.000000,5.858924,1,771.997500,0.000000,,v0.4.1-interval-core
15231294047,15231294047,15231294047,15231294047,0.000000,0,0,0,0,2,multiscale+elgendi_like,1.000000,0.000000,0,0,0,0,1.000000,5.419371,1,771.997500,0.000000,,v0.4.1-interval-core
15231950044,15231942047,15231950044,15231950044,7.997000,0,0,0,0,2,multiscale+elgendi_like,1.000000,0.000000,0,0,0,0,1.000000,4.880690,1,767.996000,7.997000,,v0.4.1-interval-core
15232646043,15232646043,15232646043,15232646043,0.000000,0,0,0,0,2,multiscale+elgendi_like,1.000000,0.000000,0,0,0,0,1.000000,6.211100,1,775.999000,0.000000,,v0.4.1-interval-core
15233382043,15233382043,15233382043,15233382043,0.000000,0,0,0,0,2,multiscale+elgendi_like,1.000000,0.000000,0,0,0,0,1.000000,6.247228,1,783.996000,0.000000,,v0.4.1-interval-core
15234182047,15234174044,15234182047,15234182047,8.003000,0,0,0,0,2,multiscale+elgendi_like,1.000000,0.000000,0,0,0,0,1.000000,6.645565,1,783.999000,8.003000,,v0.4.1-interval-core
15235006043,0,15235006043,15235006043,0.000000,1,0,0,0,2,multiscale+elgendi_like,1.000000,0.000000,0,0,1,0,1.000000,6.597681,1,792.004000,0.000000,,v0.4.1-interval-core
15235838043,0,15235838043,15235838043,0.000000,1,0,0,0,2,multiscale+elgendi_like,1.000000,0.000000,0,0,1,0,1.000000,6.409234,1,792.004000,0.000000,,v0.4.1-interval-core
15236726043,0,15236726043,15236726043,0.000000,1,0,0,0,2,multiscale+elgendi_like,1.000000,0.000000,0,0,1,0,1.000000,6.555566,1,800.004000,0.000000,,v0.4.1-interval-core
15237598043,15237598043,15237598043,15237598043,0.000000,0,0,0,0,2,multiscale+elgendi_like,1.000000,0.000000,0,0,0,0,1.000000,6.065237,1,807.999000,0.000000,,v0.4.1-interval-core
15238494044,15238486043,15238494044,15238494044,8.001000,0,0,0,0,2,multiscale+elgendi_like,1.000000,0.000000,0,0,0,0,1.000000,6.145242,1,816.000000,8.001000,,v0.4.1-interval-core
15239358043,15239358043,15239358043,15239358043,0.000000,0,0,0,0,2,multiscale+elgendi_like,1.000000,0.000000,0,0,0,0,1.000000,6.074766,1,827.998000,0.000000,,v0.4.1-interval-core
15240230043,15240230043,15240230043,15240230043,0.000000,0,0,0,0,2,multiscale+elgendi_like,1.000000,0.000000,0,0,0,0,1.000000,6.109639,1,844.002000,0.000000,,v0.4.1-interval-core
15241086047,15241078044,15241086047,15241086047,8.003000,0,0,0,0,2,multiscale+elgendi_like,1.000000,0.000000,0,0,0,0,1.000000,5.840020,1,860.001500,8.003000,,v0.4.1-interval-core
15241878045,15241878045,15241878045,15241878045,0.000000,0,0,0,0,2,multiscale+elgendi_like,1.000000,0.000000,0,0,0,0,1.000000,5.311510,1,863.999000,0.000000,,v0.4.1-interval-core
15242686044,15242686044,15242686044,15242686044,0.000000,0,0,0,0,2,multiscale+elgendi_like,1.000000,0.000000,0,0,0,0,1.000000,6.167202,1,867.998500,0.000000,,v0.4.1-interval-core
15243558047,15243550047,15243558047,15243558047,8.000000,0,0,0,0,2,multiscale+elgendi_like,1.000000,0.000000,0,0,0,0,1.000000,5.784272,1,867.998500,8.000000,,v0.4.1-interval-core
15244486043,0,15244486043,15244486043,0.000000,1,0,0,0,2,multiscale+elgendi_like,1.000000,0.000000,0,0,1,0,1.000000,6.156792,1,867.998500,0.000000,,v0.4.1-interval-core
15245446043,0,15245446043,15245446043,0.000000,1,0,0,0,2,multiscale+elgendi_like,1.000000,0.000000,0,0,1,0,1.000000,5.944238,1,867.998500,0.000000,,v0.4.1-interval-core
15246390043,15246390043,15246390043,15246390043,0.000000,0,0,0,0,2,multiscale+elgendi_like,1.000000,0.000000,0,0,0,0,1.000000,5.572714,1,867.998500,0.000000,,v0.4.1-interval-core
15247334046,15247326043,15247334046,15247334046,8.003000,0,0,0,0,2,multiscale+elgendi_like,1.000000,0.000000,0,0,0,0,1.000000,5.394206,1,867.998500,8.003000,,v0.4.1-interval-core
15248206044,15248198045,15248206044,15248206044,7.999000,0,0,0,0,2,multiscale+elgendi_like,1.000000,0.000000,0,0,0,0,1.000000,5.123027,1,867.998500,7.999000,,v0.4.1-interval-core
15249078047,15249078047,15249078047,15249078047,0.000000,0,0,0,0,2,multiscale+elgendi_like,1.000000,0.000000,0,0,0,0,1.000000,5.642208,1,867.998500,0.000000,,v0.4.1-interval-core
15249918043,15249918043,15249918043,15249918043,0.000000,0,0,0,0,2,multiscale+elgendi_like,1.000000,0.000000,0,0,0,0,1.000000,5.567403,1,871.999000,0.000000,,v0.4.1-interval-core
15250718044,15250718044,15250718044,15250718044,0.000000,0,0,0,0,2,multiscale+elgendi_like,1.000000,0.000000,0,0,0,0,1.000000,5.269018,1,864.001000,0.000000,,v0.4.1-interval-core
15251430044,0,15251430044,15251430044,0.000000,1,0,0,0,2,multiscale+elgendi_like,1.000000,0.000000,0,0,1,0,1.000000,4.928279,1,859.999500,0.000000,,v0.4.1-interval-core
15252078043,15252078043,15252078043,15252078043,0.000000,0,0,0,0,2,multiscale+elgendi_like,1.000000,0.000000,0,0,0,0,1.000000,4.967879,1,864.000000,0.000000,,v0.4.1-interval-core
15252734046,15252734046,15252734046,15252734046,0.000000,0,0,0,0,2,multiscale+elgendi_like,1.000000,0.000000,0,0,0,0,1.000000,5.235989,1,863.999000,0.000000,,v0.4.1-interval-core
15253462043,15253462043,15253462043,15253462043,0.000000,0,0,0,0,2,multiscale+elgendi_like,1.000000,0.000000,0,0,0,0,1.000000,5.724076,1,872.000500,0.000000,,v0.4.1-interval-core
15254238047,0,15254238047,15254238047,0.000000,1,0,0,0,2,multiscale+elgendi_like,1.000000,0.000000,0,0,1,0,1.000000,6.019615,1,872.000000,0.000000,,v0.4.1-interval-core
15255118043,0,15255118043,15255118043,0.000000,1,0,0,0,2,multiscale+elgendi_like,1.000000,0.000000,0,0,1,0,1.000000,6.445763,1,863.999000,0.000000,,v0.4.1-interval-core
15256014043,0,15256014043,15256014043,0.000000,1,0,0,0,2,multiscale+elgendi_like,1.000000,0.000000,0,0,1,0,1.000000,6.281224,1,847.998000,0.000000,,v0.4.1-interval-core
15256902043,0,15256902043,15256902043,0.000000,1,0,0,0,2,multiscale+elgendi_like,1.000000,0.000000,0,0,1,0,1.000000,5.900456,1,835.998000,0.000000,,v0.4.1-interval-core
15257734043,0,15257734043,15257734043,0.000000,1,0,0,0,2,multiscale+elgendi_like,1.000000,0.000000,0,0,1,0,1.000000,5.449349,1,816.000500,0.000000,,v0.4.1-interval-core
15258590043,15258590043,15258590043,15258590043,0.000000,0,0,0,0,2,multiscale+elgendi_like,1.000000,0.000000,0,0,0,0,1.000000,5.878493,1,799.999000,0.000000,,v0.4.1-interval-core
15259502043,15259502043,15259502043,15259502043,0.000000,0,0,0,0,2,multiscale+elgendi_like,1.000000,0.000000,0,0,0,0,1.000000,5.788683,1,799.999000,0.000000,,v0.4.1-interval-core
15260382047,15260374045,15260382047,15260382047,8.002000,0,0,0,0,2,multiscale+elgendi_like,1.000000,0.000000,0,0,0,0,1.000000,5.461465,1,799.999000,8.002000,,v0.4.1-interval-core
15261182046,15261182046,15261182046,15261182046,0.000000,0,0,0,0,2,multiscale+elgendi_like,1.000000,0.000000,0,0,0,0,1.000000,5.763856,1,799.999000,0.000000,,v0.4.1-interval-core
15261982043,15261982043,15261982043,15261982043,0.000000,0,0,0,0,2,multiscale+elgendi_like,1.000000,0.000000,0,0,0,0,1.000000,5.645560,1,799.999000,0.000000,,v0.4.1-interval-core
15262726043,15262726043,15262726043,15262726043,0.000000,0,0,0,0,2,multiscale+elgendi_like,1.000000,0.000000,0,0,0,0,1.000000,5.277513,1,815.999500,0.000000,,v0.4.1-interval-core
15263470044,0,15263470044,15263470044,0.000000,1,0,0,0,2,multiscale+elgendi_like,1.000000,0.000000,0,0,1,0,1.000000,5.054547,1,832.000000,0.000000,,v0.4.1-interval-core
15264254047,15263894043,15264254047,15264254047,360.004000,0,0,0,0,2,multiscale+elgendi_like,1.000000,0.000000,0,0,0,0,1.000000,5.418218,1,836.000000,360.004000,,v0.4.1-interval-core
15265054043,15265414043,15265054043,15265054043,-360.000000,0,0,0,0,2,multiscale+elgendi_like,1.000000,0.000000,0,0,0,0,1.000000,5.297935,1,840.002000,360.000000,,v0.4.1-interval-core
15265838043,15266214043,15265838043,15265838043,-376.000000,0,0,0,0,2,multiscale+elgendi_like,1.000000,0.000000,0,0,0,0,1.000000,5.046998,1,840.002000,376.000000,,v0.4.1-interval-core
15266670043,15267006043,15266670043,15266670043,-336.000000,0,0,0,0,2,multiscale+elgendi_like,1.000000,0.000000,0,0,0,0,1.000000,5.495467,1,840.002000,336.000000,,v0.4.1-interval-core
15267518046,15267510044,15267518046,15267518046,8.002000,0,0,0,0,2,multiscale+elgendi_like,1.000000,0.000000,0,0,0,0,1.000000,5.509688,1,840.002000,8.002000,,v0.4.1-interval-core
15268390043,15268390043,15268390043,15268390043,0.000000,0,0,0,0,2,multiscale+elgendi_like,1.000000,0.000000,0,0,0,0,1.000000,5.411312,1,840.002000,0.000000,,v0.4.1-interval-core
15269230043,15269222047,15269230043,15269230043,7.996000,0,0,0,0,2,multiscale+elgendi_like,1.000000,0.000000,0,0,0,0,1.000000,5.061643,1,844.003500,7.996000,,v0.4.1-interval-core
15270086047,15270078043,15270086047,15270086047,8.004000,0,0,0,0,2,multiscale+elgendi_like,1.000000,0.000000,0,0,0,0,1.000000,5.439012,1,844.002000,8.004000,,v0.4.1-interval-core
15270958043,15270958043,15270958043,15270958043,0.000000,0,0,0,0,2,multiscale+elgendi_like,1.000000,0.000000,0,0,0,0,1.000000,5.404706,1,840.002000,0.000000,,v0.4.1-interval-core
15271798047,15271798047,15271798047,15271798047,0.000000,0,0,0,0,2,multiscale+elgendi_like,1.000000,0.000000,0,0,0,0,1.000000,5.240162,1,836.000000,0.000000,,v0.4.1-interval-core
15272614043,15272614043,15272614043,15272614043,0.000000,0,0,0,0,2,multiscale+elgendi_like,1.000000,0.000000,0,0,0,0,1.000000,5.167731,1,836.000000,0.000000,,v0.4.1-interval-core
15273470043,15273470043,15273470043,15273470043,0.000000,0,0,0,0,2,multiscale+elgendi_like,1.000000,0.000000,0,0,0,0,1.000000,5.360868,1,836.000000,0.000000,,v0.4.1-interval-core
15274358045,15274358045,15274358045,15274358045,0.000000,0,0,0,0,2,multiscale+elgendi_like,1.000000,0.000000,0,0,0,0,1.000000,5.417296,1,836.000000,0.000000,,v0.4.1-interval-core
15275254047,15275254047,15275254047,15275254047,0.000000,0,0,0,0,2,multiscale+elgendi_like,1.000000,0.000000,0,0,0,0,1.000000,5.434714,1,832.000000,0.000000,,v0.4.1-interval-core
15276110043,15276110043,15276110043,15276110043,0.000000,0,0,0,0,2,multiscale+elgendi_like,1.000000,0.000000,0,0,0,0,1.000000,5.174222,1,836.000000,0.000000,,v0.4.1-interval-core
15276958043,15276958043,15276958043,15276958043,0.000000,0,0,0,0,2,multiscale+elgendi_like,1.000000,0.000000,0,0,0,0,1.000000,5.368494,1,836.000000,0.000000,,v0.4.1-interval-core
15277758044,15277758044,15277758044,15277758044,0.000000,0,0,0,0,2,multiscale+elgendi_like,1.000000,0.000000,0,0,0,0,1.000000,5.323316,1,827.998000,0.000000,,v0.4.1-interval-core
15278526043,15278526043,15278526043,15278526043,0.000000,0,0,0,0,2,multiscale+elgendi_like,1.000000,0.000000,0,0,0,0,1.000000,5.358448,1,827.998000,0.000000,,v0.4.1-interval-core
15279326044,15279318043,15279326044,15279326044,8.001000,0,0,0,0,2,multiscale+elgendi_like,1.000000,0.000000,0,0,0,0,1.000000,5.816382,1,840.000000,8.001000,,v0.4.1-interval-core
15280118043,15280110045,15280118043,15280118043,7.998000,0,0,0,0,2,multiscale+elgendi_like,1.000000,0.000000,0,0,0,0,1.000000,6.021712,1,840.000000,7.998000,,v0.4.1-interval-core
15280926046,15280918043,15280926046,15280926046,8.003000,0,0,0,0,2,multiscale+elgendi_like,1.000000,0.000000,0,0,0,0,1.000000,6.178080,1,827.998000,8.003000,,v0.4.1-interval-core
15281726043,0,15281726043,15281726043,0.000000,1,0,0,0,2,multiscale+elgendi_like,1.000000,0.000000,0,0,1,0,1.000000,6.168165,1,827.998000,0.000000,,v0.4.1-interval-core
15282526043,0,15282526043,15282526043,0.000000,1,0,0,0,2,multiscale+elgendi_like,1.000000,0.000000,0,0,1,0,1.000000,6.093051,1,827.998000,0.000000,,v0.4.1-interval-core
15283214043,0,15283214043,15283214043,0.000000,1,0,0,0,2,multiscale+elgendi_like,1.000000,0.000000,0,0,1,0,1.000000,5.592507,1,827.998000,0.000000,,v0.4.1-interval-core
15283958043,0,15283958043,15283958043,0.000000,1,0,0,0,2,multiscale+elgendi_like,1.000000,0.000000,0,0,1,0,1.000000,6.520067,1,844.000000,0.000000,,v0.4.1-interval-core
15284750043,0,15284750043,15284750043,0.000000,1,0,0,0,2,multiscale+elgendi_like,1.000000,0.000000,0,0,1,0,1.000000,6.654513,1,844.000000,0.000000,,v0.4.1-interval-core
15285590043,0,15285590043,15285590043,0.000000,1,0,0,0,2,multiscale+elgendi_like,1.000000,0.000000,0,0,1,0,1.000000,6.919771,1,840.000000,0.000000,,v0.4.1-interval-core
15286486044,0,15286486044,15286486044,0.000000,1,0,0,0,2,multiscale+elgendi_like,1.000000,0.000000,0,0,1,0,1.000000,7.100979,1,840.000000,0.000000,,v0.4.1-interval-core
15287422043,0,15287422043,15287422043,0.000000,1,0,0,0,2,multiscale+elgendi_like,1.000000,0.000000,0,0,1,0,1.000000,7.147183,1,840.000000,0.000000,,v0.4.1-interval-core
15288398043,0,15288398043,15288398043,0.000000,1,0,0,0,2,multiscale+elgendi_like,1.000000,0.000000,0,0,1,0,1.000000,6.850855,1,840.000000,0.000000,,v0.4.1-interval-core
15289334043,0,15289334043,15289334043,0.000000,1,0,0,0,2,multiscale+elgendi_like,1.000000,0.000000,0,0,1,0,1.000000,6.650404,1,844.000000,0.000000,,v0.4.1-interval-core
15290254043,0,15290254043,15290254043,0.000000,1,0,0,0,2,multiscale+elgendi_like,1.000000,0.000000,0,0,1,0,1.000000,6.485000,1,848.000000,0.000000,,v0.4.1-interval-core
15291150043,0,15291150043,15291150043,0.000000,1,0,0,0,2,multiscale+elgendi_like,1.000000,0.000000,0,0,1,0,1.000000,6.245254,1,852.000000,0.000000,,v0.4.1-interval-core
15291990043,0,15291990043,15291990043,0.000000,1,0,0,0,2,multiscale+elgendi_like,1.000000,0.000000,0,0,1,0,1.000000,6.098547,1,856.000000,0.000000,,v0.4.1-interval-core
15292846043,0,15292846043,15292846043,0.000000,1,0,0,0,2,multiscale+elgendi_like,1.000000,0.000000,0,0,1,0,1.000000,6.194340,1,872.000000,0.000000,,v0.4.1-interval-core
15293694043,0,15293694043,15293694043,0.000000,1,0,0,0,2,multiscale+elgendi_like,1.000000,0.000000,0,0,1,0,1.000000,6.110698,1,880.001000,0.000000,,v0.4.1-interval-core
15294542043,0,15294542043,15294542043,0.000000,1,0,0,0,2,multiscale+elgendi_like,1.000000,0.000000,0,0,1,0,1.000000,5.965310,1,888.000000,0.000000,,v0.4.1-interval-core
15295414043,0,15295414043,15295414043,0.000000,1,0,0,0,2,multiscale+elgendi_like,1.000000,0.000000,0,0,1,0,1.000000,6.196971,1,888.000000,0.000000,,v0.4.1-interval-core
15296302043,0,15296302043,15296302043,0.000000,1,0,0,0,2,multiscale+elgendi_like,1.000000,0.000000,0,0,1,0,1.000000,6.304090,1,888.000000,0.000000,,v0.4.1-interval-core
15297206043,0,15297206043,15297206043,0.000000,1,0,0,0,2,multiscale+elgendi_like,1.000000,0.000000,0,0,1,0,1.000000,6.164253,1,896.000000,0.000000,,v0.4.1-interval-core
15298062043,0,15298062043,15298062043,0.000000,1,0,0,0,2,multiscale+elgendi_like,1.000000,0.000000,0,0,1,0,1.000000,5.518914,1,892.000000,0.000000,,v0.4.1-interval-core
15298942044,0,15298942044,15298942044,0.000000,1,0,0,0,2,multiscale+elgendi_like,1.000000,0.000000,0,0,1,0,1.000000,6.249289,1,892.000000,0.000000,,v0.4.1-interval-core
15299862043,0,15299862043,15299862043,0.000000,1,0,0,0,2,multiscale+elgendi_like,1.000000,0.000000,0,0,1,0,1.000000,6.390774,1,892.000000,0.000000,,v0.4.1-interval-core
15300790043,0,15300790043,15300790043,0.000000,1,0,0,0,2,multiscale+elgendi_like,1.000000,0.000000,0,0,1,0,1.000000,6.431486,1,888.000000,0.000000,,v0.4.1-interval-core
15301678043,0,15301678043,15301678043,0.000000,1,0,0,0,2,multiscale+elgendi_like,1.000000,0.000000,0,0,1,0,1.000000,5.823968,1,888.000000,0.000000,,v0.4.1-interval-core
15302566043,0,15302566043,15302566043,0.000000,1,0,0,0,2,multiscale+elgendi_like,1.000000,0.000000,0,0,1,0,1.000000,6.263688,1,888.000000,0.000000,,v0.4.1-interval-core
15303502043,0,15303502043,15303502043,0.000000,1,0,0,0,2,multiscale+elgendi_like,1.000000,0.000000,0,0,1,0,1.000000,6.439212,1,888.000000,0.000000,,v0.4.1-interval-core
15304486043,0,15304486043,15304486043,0.000000,1,0,0,0,2,multiscale+elgendi_like,1.000000,0.000000,0,0,1,0,1.000000,6.568064,1,888.000000,0.000000,,v0.4.1-interval-core
15305430043,0,15305430043,15305430043,0.000000,1,0,0,0,2,multiscale+elgendi_like,1.000000,0.000000,0,0,1,0,1.000000,5.970908,1,888.000000,0.000000,,v0.4.1-interval-core
15306358043,0,15306358043,15306358043,0.000000,1,0,0,0,2,multiscale+elgendi_like,1.000000,0.000000,0,0,1,0,1.000000,6.250216,1,888.000000,0.000000,,v0.4.1-interval-core
15307262043,0,15307262043,15307262043,0.000000,1,0,0,0,2,multiscale+elgendi_like,1.000000,0.000000,0,0,1,0,1.000000,6.122208,1,888.000000,0.000000,,v0.4.1-interval-core
15308142043,0,15308142043,15308142043,0.000000,1,0,0,0,2,multiscale+elgendi_like,1.000000,0.000000,0,0,1,0,1.000000,5.924744,1,888.000000,0.000000,,v0.4.1-interval-core
15308958044,15308958044,15308958044,15308958044,0.000000,0,0,0,0,2,multiscale+elgendi_like,1.000000,0.000000,0,0,0,0,1.000000,5.674490,1,888.000000,0.000000,,v0.4.1-interval-core
15309782043,15309782043,15309782043,15309782043,0.000000,0,0,0,0,2,multiscale+elgendi_like,1.000000,0.000000,0,0,0,0,1.000000,5.961322,1,904.000000,0.000000,,v0.4.1-interval-core
15310622043,0,15310622043,15310622043,0.000000,1,0,0,0,2,multiscale+elgendi_like,1.000000,0.000000,0,0,1,0,1.000000,5.953580,1,908.000000,0.000000,,v0.4.1-interval-core
15311478043,0,15311478043,15311478043,0.000000,1,0,0,0,2,multiscale+elgendi_like,1.000000,0.000000,0,0,1,0,1.000000,6.216697,1,904.000000,0.000000,,v0.4.1-interval-core
15312390043,0,15312390043,15312390043,0.000000,1,0,0,0,2,multiscale+elgendi_like,1.000000,0.000000,0,0,1,0,1.000000,6.453436,1,900.000000,0.000000,,v0.4.1-interval-core
15313270043,0,15313270043,15313270043,0.000000,1,0,0,0,2,multiscale+elgendi_like,1.000000,0.000000,0,0,1,0,1.000000,5.844370,1,900.000000,0.000000,,v0.4.1-interval-core
15314126043,0,15314126043,15314126043,0.000000,1,0,0,0,2,multiscale+elgendi_like,1.000000,0.000000,0,0,1,0,1.000000,5.761489,1,900.000000,0.000000,,v0.4.1-interval-core
15315054043,15315054043,15315054043,15315054043,0.000000,0,0,0,0,2,multiscale+elgendi_like,1.000000,0.000000,0,0,0,0,1.000000,6.387408,1,896.000000,0.000000,,v0.4.1-interval-core
15316030043,0,15316030043,15316030043,0.000000,1,0,0,0,2,multiscale+elgendi_like,1.000000,0.000000,0,0,1,0,1.000000,6.504212,1,880.000000,0.000000,,v0.4.1-interval-core
15317006043,0,15317006043,15317006043,0.000000,1,0,0,0,2,multiscale+elgendi_like,1.000000,0.000000,0,0,1,0,1.000000,6.375896,1,880.000000,0.000000,,v0.4.1-interval-core
15317926043,0,15317926043,15317926043,0.000000,1,0,0,0,2,multiscale+elgendi_like,1.000000,0.000000,0,0,1,0,1.000000,6.207692,1,864.000000,0.000000,,v0.4.1-interval-core
15318822043,0,15318822043,15318822043,0.000000,1,0,0,0,2,multiscale+elgendi_like,1.000000,0.000000,0,0,1,0,1.000000,6.200130,1,856.001500,0.000000,,v0.4.1-interval-core
15319718043,0,15319718043,15319718043,0.000000,1,0,0,0,2,multiscale+elgendi_like,1.000000,0.000000,0,0,1,0,1.000000,6.107332,1,856.000000,0.000000,,v0.4.1-interval-core
15320574046,0,15320574046,15320574046,0.000000,1,0,0,0,2,multiscale+elgendi_like,1.000000,0.000000,0,0,1,0,1.000000,5.750186,1,856.000000,0.000000,,v0.4.1-interval-core
15321438046,15321430045,15321438046,15321438046,8.001000,0,0,0,0,2,multiscale+elgendi_like,1.000000,0.000000,0,0,0,0,1.000000,6.160766,1,856.001500,8.001000,,v0.4.1-interval-core
15322278043,0,15322278043,15322278043,0.000000,1,0,0,0,2,multiscale+elgendi_like,1.000000,0.000000,0,0,1,0,1.000000,6.167672,1,860.001500,0.000000,,v0.4.1-interval-core
15323054043,0,15323054043,15323054043,0.000000,1,0,0,0,2,multiscale+elgendi_like,1.000000,0.000000,0,0,1,0,1.000000,5.446301,1,856.001500,0.000000,,v0.4.1-interval-core
15323790043,0,15323790043,15323790043,0.000000,1,0,0,0,2,multiscale+elgendi_like,1.000000,0.000000,0,0,1,0,1.000000,5.768068,1,847.998500,0.000000,,v0.4.1-interval-core
15324542043,0,15324542043,15324542043,0.000000,1,0,0,0,2,multiscale+elgendi_like,1.000000,0.000000,0,0,1,0,1.000000,6.541713,1,839.998500,0.000000,,v0.4.1-interval-core
15325326043,0,15325326043,15325326043,0.000000,1,0,0,0,2,multiscale+elgendi_like,1.000000,0.000000,0,0,1,0,1.000000,5.657802,1,827.998500,0.000000,,v0.4.1-interval-core
15326142043,0,15326142043,15326142043,0.000000,1,0,0,0,2,multiscale+elgendi_like,1.000000,0.000000,0,0,1,0,1.000000,6.653147,1,816.000000,0.000000,,v0.4.1-interval-core
15326886043,0,15326886043,15326886043,0.000000,1,0,0,0,2,multiscale+elgendi_like,1.000000,0.000000,0,0,1,0,1.000000,6.072930,1,816.000000,0.000000,,v0.4.1-interval-core
15327702043,0,15327702043,15327702043,0.000000,1,0,0,0,2,multiscale+elgendi_like,1.000000,0.000000,0,0,1,0,1.000000,6.802699,1,816.000000,0.000000,,v0.4.1-interval-core
15328582043,0,15328582043,15328582043,0.000000,1,0,0,0,2,multiscale+elgendi_like,1.000000,0.000000,0,0,1,0,1.000000,6.569798,1,816.000000,0.000000,,v0.4.1-interval-core
15329366043,0,15329366043,15329366043,0.000000,1,0,0,0,2,multiscale+elgendi_like,1.000000,0.000000,0,0,1,0,1.000000,6.012861,1,808.000000,0.000000,,v0.4.1-interval-core
15330206043,0,15330206043,15330206043,0.000000,1,0,0,0,2,multiscale+elgendi_like,1.000000,0.000000,0,0,1,0,1.000000,6.298498,1,808.000000,0.000000,,v0.4.1-interval-core
15331022043,0,15331022043,15331022043,0.000000,1,0,0,0,2,multiscale+elgendi_like,1.000000,0.000000,0,0,1,0,1.000000,6.433265,1,800.000000,0.000000,,v0.4.1-interval-core
15331790043,0,15331790043,15331790043,0.000000,1,0,0,0,2,multiscale+elgendi_like,1.000000,0.000000,0,0,1,0,1.000000,6.220388,1,800.000000,0.000000,,v0.4.1-interval-core
15332598043,0,15332598043,15332598043,0.000000,1,0,0,0,2,multiscale+elgendi_like,1.000000,0.000000,0,0,1,0,1.000000,6.234566,1,784.000000,0.000000,,v0.4.1-interval-core
15333414043,0,15333414043,15333414043,0.000000,1,0,0,0,2,multiscale+elgendi_like,1.000000,0.000000,0,0,1,0,1.000000,6.663910,1,780.000000,0.000000,,v0.4.1-interval-core
15334214043,0,15334214043,15334214043,0.000000,1,0,0,0,2,multiscale+elgendi_like,1.000000,0.000000,0,0,1,0,1.000000,6.422053,1,776.000000,0.000000,,v0.4.1-interval-core
15335022043,0,15335022043,15335022043,0.000000,1,0,0,0,2,multiscale+elgendi_like,1.000000,0.000000,0,0,1,0,1.000000,6.281968,1,776.000000,0.000000,,v0.4.1-interval-core
15335822043,0,15335822043,15335822043,0.000000,1,0,0,0,2,multiscale+elgendi_like,1.000000,0.000000,0,0,1,0,1.000000,6.156897,1,776.000000,0.000000,,v0.4.1-interval-core
15336582043,0,15336582043,15336582043,0.000000,1,0,0,0,2,multiscale+elgendi_like,1.000000,0.000000,0,0,1,0,1.000000,5.684412,1,764.000000,0.000000,,v0.4.1-interval-core
15337318043,0,15337318043,15337318043,0.000000,1,0,0,0,2,multiscale+elgendi_like,1.000000,0.000000,0,0,1,0,1.000000,5.843540,1,752.000000,0.000000,,v0.4.1-interval-core
15338038043,0,15338038043,15338038043,0.000000,1,0,0,0,2,multiscale+elgendi_like,1.000000,0.000000,0,0,1,0,1.000000,5.671254,1,748.000000,0.000000,,v0.4.1-interval-core
15338726043,0,15338726043,15338726043,0.000000,1,0,0,0,2,multiscale+elgendi_like,1.000000,0.000000,0,0,1,0,1.000000,5.544779,1,736.000000,0.000000,,v0.4.1-interval-core
15339398047,0,15339398047,15339398047,0.000000,1,0,0,0,2,multiscale+elgendi_like,1.000000,0.000000,0,0,1,0,1.000000,5.712946,1,736.000000,0.000000,,v0.4.1-interval-core
15340062043,0,15340062043,15340062043,0.000000,1,0,0,0,2,multiscale+elgendi_like,1.000000,0.000000,0,0,1,0,1.000000,6.015428,1,736.000000,0.000000,,v0.4.1-interval-core
15340694044,0,15340694044,15340694044,0.000000,1,0,0,0,2,multiscale+elgendi_like,1.000000,0.000000,0,0,1,0,1.000000,5.458919,1,736.000000,0.000000,,v0.4.1-interval-core
15341374044,0,15341374044,15341374044,0.000000,1,0,0,0,2,multiscale+elgendi_like,1.000000,0.000000,0,0,1,0,1.000000,6.416158,1,727.998000,0.000000,,v0.4.1-interval-core
15342038043,15342038043,15342038043,15342038043,0.000000,0,0,0,0,2,multiscale+elgendi_like,1.000000,0.000000,0,0,0,0,1.000000,5.814285,1,720.000000,0.000000,,v0.4.1-interval-core
15342694047,15342686043,15342694047,15342694047,8.004000,0,0,0,0,2,multiscale+elgendi_like,1.000000,0.000000,0,0,0,0,1.000000,5.969189,1,728.000000,8.004000,,v0.4.1-interval-core
15343382043,0,15343382043,15343382043,0.000000,1,0,0,0,2,multiscale+elgendi_like,1.000000,0.000000,0,0,1,0,1.000000,6.504524,1,720.000000,0.000000,,v0.4.1-interval-core
15344118043,0,15344118043,15344118043,0.000000,1,0,0,0,2,multiscale+elgendi_like,1.000000,0.000000,0,0,1,0,1.000000,6.469025,1,720.000000,0.000000,,v0.4.1-interval-core
15344830043,0,15344830043,15344830043,0.000000,1,0,0,0,2,multiscale+elgendi_like,1.000000,0.000000,0,0,1,0,1.000000,5.882352,1,720.000000,0.000000,,v0.4.1-interval-core
15345534045,15345534045,15345534045,15345534045,0.000000,0,0,0,0,2,multiscale+elgendi_like,1.000000,0.000000,0,0,0,0,1.000000,5.702079,1,720.000000,0.000000,,v0.4.1-interval-core
15346278043,15346270046,15346278043,15346278043,7.997000,0,0,0,0,2,multiscale+elgendi_like,1.000000,0.000000,0,0,0,0,1.000000,6.195676,1,720.000000,7.997000,,v0.4.1-interval-core
15346998043,15346998043,15346998043,15346998043,0.000000,0,0,0,0,2,multiscale+elgendi_like,1.000000,0.000000,0,0,0,0,1.000000,5.942686,1,720.000000,0.000000,,v0.4.1-interval-core
15347742045,15347742045,15347742045,15347742045,0.000000,0,0,0,0,2,multiscale+elgendi_like,1.000000,0.000000,0,0,0,0,1.000000,5.777997,1,720.000000,0.000000,,v0.4.1-interval-core
15348462043,15348462043,15348462043,15348462043,0.000000,0,0,0,0,2,multiscale+elgendi_like,1.000000,0.000000,0,0,0,0,1.000000,5.693641,1,720.000000,0.000000,,v0.4.1-interval-core
15349222047,15349222047,15349222047,15349222047,0.000000,0,0,0,0,2,multiscale+elgendi_like,1.000000,0.000000,0,0,0,0,1.000000,6.176600,1,736.000000,0.000000,,v0.4.1-interval-core
15350006043,15350006043,15350006043,15350006043,0.000000,0,0,0,0,2,multiscale+elgendi_like,1.000000,0.000000,0,0,0,0,1.000000,5.963466,1,743.998000,0.000000,,v0.4.1-interval-core
15350806043,15350806043,15350806043,15350806043,0.000000,0,0,0,0,2,multiscale+elgendi_like,1.000000,0.000000,0,0,0,0,1.000000,5.887250,1,744.002000,0.000000,,v0.4.1-interval-core
15351574047,15351574047,15351574047,15351574047,0.000000,0,0,0,0,2,multiscale+elgendi_like,1.000000,0.000000,0,0,0,0,1.000000,5.511226,1,752.000000,0.000000,,v0.4.1-interval-core
15352334043,15352334043,15352334043,15352334043,0.000000,0,0,0,0,2,multiscale+elgendi_like,1.000000,0.000000,0,0,0,0,1.000000,5.721956,1,759.996000,0.000000,,v0.4.1-interval-core
15353094043,15353094043,15353094043,15353094043,0.000000,0,0,0,0,2,multiscale+elgendi_like,1.000000,0.000000,0,0,0,0,1.000000,5.939588,1,760.000000,0.000000,,v0.4.1-interval-core
15353846043,15353846043,15353846043,15353846043,0.000000,0,0,0,0,2,multiscale+elgendi_like,1.000000,0.000000,0,0,0,0,1.000000,5.980237,1,760.004000,0.000000,,v0.4.1-interval-core
15354614046,15354606047,15354614046,15354614046,7.999000,0,0,0,0,2,multiscale+elgendi_like,1.000000,0.000000,0,0,0,0,1.000000,6.344308,1,768.003000,7.999000,,v0.4.1-interval-core
15355406043,15355406043,15355406043,15355406043,0.000000,0,0,0,0,2,multiscale+elgendi_like,1.000000,0.000000,0,0,0,0,1.000000,6.432586,1,768.004000,0.000000,,v0.4.1-interval-core
15356206043,15356206043,15356206043,15356206043,0.000000,0,0,0,0,2,multiscale+elgendi_like,1.000000,0.000000,0,0,0,0,1.000000,6.359267,1,783.996000,0.000000,,v0.4.1-interval-core
15357030043,15357022043,15357030043,15357030043,8.000000,0,0,0,0,2,multiscale+elgendi_like,1.000000,0.000000,0,0,0,0,1.000000,6.264025,1,784.002000,8.000000,,v0.4.1-interval-core
15357838045,15357838045,15357838045,15357838045,0.000000,0,0,0,0,2,multiscale+elgendi_like,1.000000,0.000000,0,0,0,0,1.000000,6.061422,1,784.002000,0.000000,,v0.4.1-interval-core
15358646043,15358646043,15358646043,15358646043,0.000000,0,0,0,0,2,multiscale+elgendi_like,1.000000,0.000000,0,0,0,0,1.000000,6.357372,1,784.002000,0.000000,,v0.4.1-interval-core
15359502046,15359502046,15359502046,15359502046,0.000000,0,0,0,0,2,multiscale+elgendi_like,1.000000,0.000000,0,0,0,0,1.000000,6.544580,1,787.999500,0.000000,,v0.4.1-interval-core
15360406043,15360398043,15360406043,15360406043,8.000000,0,0,0,0,2,multiscale+elgendi_like,1.000000,0.000000,0,0,0,0,1.000000,6.399868,1,792.000000,8.000000,,v0.4.1-interval-core
15361310045,0,15361310045,15361310045,0.000000,1,0,0,0,2,multiscale+elgendi_like,1.000000,0.000000,0,0,1,0,1.000000,6.183436,1,800.000000,0.000000,,v0.4.1-interval-core
15362174043,0,15362174043,15362174043,0.000000,1,0,0,0,2,multiscale+elgendi_like,1.000000,0.000000,0,0,1,0,1.000000,6.488775,1,800.000000,0.000000,,v0.4.1-interval-core
15362998045,0,15362998045,15362998045,0.000000,1,0,0,0,2,multiscale+elgendi_like,1.000000,0.000000,0,0,1,1,1.000000,6.183273,1,807.998000,0.000000,,v0.4.1-interval-core
15363782047,0,15363782047,15363782047,0.000000,1,0,0,0,2,multiscale+elgendi_like,1.000000,0.000000,0,0,1,0,1.000000,6.241012,1,808.002000,0.000000,,v0.4.1-interval-core
15364510043,0,15364510043,15364510043,0.000000,1,0,0,0,2,multiscale+elgendi_like,1.000000,0.000000,0,0,1,0,1.000000,6.101125,1,816.001000,0.000000,,v0.4.1-interval-core
15365254043,0,15365254043,15365254043,0.000000,1,0,0,0,2,multiscale+elgendi_like,1.000000,0.000000,0,0,1,0,1.000000,6.245636,1,824.001000,0.000000,,v0.4.1-interval-core
15366030043,0,15366030043,15366030043,0.000000,1,0,0,0,2,multiscale+elgendi_like,1.000000,0.000000,0,0,1,0,1.000000,6.434448,1,828.000500,0.000000,,v0.4.1-interval-core
15366822043,0,15366822043,15366822043,0.000000,1,0,0,0,2,multiscale+elgendi_like,1.000000,0.000000,0,0,1,0,1.000000,6.391823,1,835.999500,0.000000,,v0.4.1-interval-core
15367662045,0,15367662045,15367662045,0.000000,1,0,0,0,2,multiscale+elgendi_like,1.000000,0.000000,0,0,1,0,1.000000,6.766825,1,832.001500,0.000000,,v0.4.1-interval-core
15368518043,0,15368518043,15368518043,0.000000,1,0,0,0,2,multiscale+elgendi_like,1.000000,0.000000,0,0,1,0,1.000000,6.628672,1,832.001500,0.000000,,v0.4.1-interval-core
15369374043,0,15369374043,15369374043,0.000000,1,0,0,0,2,multiscale+elgendi_like,1.000000,0.000000,0,0,1,0,1.000000,6.358240,1,832.001500,0.000000,,v0.4.1-interval-core
15370230044,0,15370230044,15370230044,0.000000,1,0,0,0,2,multiscale+elgendi_like,1.000000,0.000000,0,0,1,0,1.000000,5.938404,1,832.001500,0.000000,,v0.4.1-interval-core
15371062043,15371062043,15371062043,15371062043,0.000000,0,0,0,0,2,multiscale+elgendi_like,1.000000,0.000000,0,0,0,0,1.000000,6.158605,1,831.999500,0.000000,,v0.4.1-interval-core
15371910043,15371910043,15371910043,15371910043,0.000000,0,0,0,0,2,multiscale+elgendi_like,1.000000,0.000000,0,0,0,0,1.000000,6.147580,1,831.998000,0.000000,,v0.4.1-interval-core
15372766043,15372766043,15372766043,15372766043,0.000000,0,0,0,0,2,multiscale+elgendi_like,1.000000,0.000000,0,0,0,0,1.000000,6.278595,1,831.998000,0.000000,,v0.4.1-interval-core
15373598043,15373598043,15373598043,15373598043,0.000000,0,0,0,0,2,multiscale+elgendi_like,1.000000,0.000000,0,0,0,0,1.000000,5.908115,1,831.998000,0.000000,,v0.4.1-interval-core
15374430046,15374430046,15374430046,15374430046,0.000000,0,0,0,0,2,multiscale+elgendi_like,1.000000,0.000000,0,0,0,0,1.000000,5.937048,1,831.999500,0.000000,,v0.4.1-interval-core
15375262043,15375262043,15375262043,15375262043,0.000000,0,0,0,0,2,multiscale+elgendi_like,1.000000,0.000000,0,0,0,0,1.000000,5.704575,1,831.999500,0.000000,,v0.4.1-interval-core
15376078045,15376078045,15376078045,15376078045,0.000000,0,0,0,0,2,multiscale+elgendi_like,1.000000,0.000000,0,0,0,0,1.000000,5.755381,1,831.999500,0.000000,,v0.4.1-interval-core
15376870043,15376870043,15376870043,15376870043,0.000000,0,0,0,0,2,multiscale+elgendi_like,1.000000,0.000000,0,0,0,0,1.000000,6.013996,1,831.999500,0.000000,,v0.4.1-interval-core
15377686047,15377686047,15377686047,15377686047,0.000000,0,0,0,0,2,multiscale+elgendi_like,1.000000,0.000000,0,0,0,0,1.000000,6.042513,1,831.999500,0.000000,,v0.4.1-interval-core
15378502046,15378502046,15378502046,15378502046,0.000000,0,0,0,0,2,multiscale+elgendi_like,1.000000,0.000000,0,0,0,0,1.000000,5.410680,1,831.999500,0.000000,,v0.4.1-interval-core
15379342043,15379334045,15379342043,15379342043,7.998000,0,0,0,0,2,multiscale+elgendi_like,1.000000,0.000000,0,0,0,0,1.000000,6.042637,1,831.998000,7.998000,,v0.4.1-interval-core
15380190045,15380190045,15380190045,15380190045,0.000000,0,0,0,0,2,multiscale+elgendi_like,1.000000,0.000000,0,0,0,0,1.000000,6.012121,1,824.002000,0.000000,,v0.4.1-interval-core
15381038043,15381038043,15381038043,15381038043,0.000000,0,0,0,0,2,multiscale+elgendi_like,1.000000,0.000000,0,0,0,0,1.000000,5.742425,1,824.002000,0.000000,,v0.4.1-interval-core
15381830047,15381830047,15381830047,15381830047,0.000000,0,0,0,0,2,multiscale+elgendi_like,1.000000,0.000000,0,0,0,0,1.000000,5.634059,1,816.004000,0.000000,,v0.4.1-interval-core
15382622044,15382622044,15382622044,15382622044,0.000000,0,0,0,0,2,multiscale+elgendi_like,1.000000,0.000000,0,0,0,0,1.000000,5.842117,1,816.003000,0.000000,,v0.4.1-interval-core
15383446046,15383438045,15383446046,15383446046,8.001000,0,0,0,0,2,multiscale+elgendi_like,1.000000,0.000000,0,0,0,0,1.000000,6.306942,1,816.004000,8.001000,,v0.4.1-interval-core
15384254043,15384254043,15384254043,15384254043,0.000000,0,0,0,0,2,multiscale+elgendi_like,1.000000,0.000000,0,0,0,0,1.000000,5.620069,1,816.003000,0.000000,,v0.4.1-interval-core
15385054047,15385046043,15385054047,15385054047,8.004000,0,0,0,0,2,multiscale+elgendi_like,1.000000,0.000000,0,0,0,0,1.000000,5.599749,1,816.000500,8.004000,,v0.4.1-interval-core
15385854043,15385854043,15385854043,15385854043,0.000000,0,0,0,0,2,multiscale+elgendi_like,1.000000,0.000000,0,0,0,0,1.000000,5.787536,1,812.000500,0.000000,,v0.4.1-interval-core
15386662045,15386662045,15386662045,15386662045,0.000000,0,0,0,0,2,multiscale+elgendi_like,1.000000,0.000000,0,0,0,0,1.000000,5.521716,1,808.002000,0.000000,,v0.4.1-interval-core
15387470047,15387462045,15387470047,15387470047,8.002000,0,0,0,0,2,multiscale+elgendi_like,1.000000,0.000000,0,0,0,0,1.000000,5.687943,1,808.001000,8.002000,,v0.4.1-interval-core
15388278045,15388278045,15388278045,15388278045,0.000000,0,0,0,0,2,multiscale+elgendi_like,1.000000,0.000000,0,0,0,0,1.000000,5.850548,1,808.000000,0.000000,,v0.4.1-interval-core
15389102046,15389094043,15389102046,15389102046,8.003000,0,0,0,0,2,multiscale+elgendi_like,1.000000,0.000000,0,0,0,0,1.000000,5.668475,1,807.998000,8.003000,,v0.4.1-interval-core
15389950043,15389942043,15389950043,15389950043,8.000000,0,0,0,0,2,multiscale+elgendi_like,1.000000,0.000000,0,0,0,0,1.000000,5.820638,1,807.997000,8.000000,,v0.4.1-interval-core
15390798046,15390798046,15390798046,15390798046,0.000000,0,0,0,0,2,multiscale+elgendi_like,1.000000,0.000000,0,0,0,0,1.000000,5.433796,1,800.004000,0.000000,,v0.4.1-interval-core
15391582043,15391582043,15391582043,15391582043,0.000000,0,0,0,0,2,multiscale+elgendi_like,1.000000,0.000000,0,0,0,0,1.000000,5.187259,1,800.004000,0.000000,,v0.4.1-interval-core
15392366043,15392366043,15392366043,15392366043,0.000000,0,0,0,0,2,multiscale+elgendi_like,1.000000,0.000000,0,0,0,0,1.000000,5.786510,1,800.003000,0.000000,,v0.4.1-interval-core
15393166046,15393166046,15393166046,15393166046,0.000000,0,0,0,0,2,multiscale+elgendi_like,1.000000,0.000000,0,0,0,0,1.000000,6.122812,1,807.997000,0.000000,,v0.4.1-interval-core
15393974046,15393966045,15393974046,15393974046,8.001000,0,0,0,0,2,multiscale+elgendi_like,1.000000,0.000000,0,0,0,0,1.000000,5.666292,1,807.997500,8.001000,,v0.4.1-interval-core
15394758043,15394758043,15394758043,15394758043,0.000000,0,0,0,0,2,multiscale+elgendi_like,1.000000,0.000000,0,0,0,0,1.000000,5.243442,1,807.998500,0.000000,,v0.4.1-interval-core
15395510043,15395510043,15395510043,15395510043,0.000000,0,0,0,0,2,multiscale+elgendi_like,1.000000,0.000000,0,0,0,0,1.000000,5.511641,1,807.998500,0.000000,,v0.4.1-interval-core
15396294043,15396294043,15396294043,15396294043,0.000000,0,0,0,0,2,multiscale+elgendi_like,1.000000,0.000000,0,0,0,0,1.000000,6.142523,1,807.999500,0.000000,,v0.4.1-interval-core
15397086043,0,15397086043,15397086043,0.000000,1,0,0,0,2,multiscale+elgendi_like,1.000000,0.000000,0,0,1,0,1.000000,5.718923,1,808.001000,0.000000,,v0.4.1-interval-core
15397854044,0,15397854044,15397854044,0.000000,1,0,0,0,2,multiscale+elgendi_like,1.000000,0.000000,0,0,1,0,1.000000,5.628435,1,812.000000,0.000000,,v0.4.1-interval-core
15398662043,15398654044,15398662043,15398662043,7.999000,0,0,0,0,2,multiscale+elgendi_like,1.000000,0.000000,0,0,0,0,1.000000,6.136103,1,816.000000,7.999000,,v0.4.1-interval-core
15399486043,15399486043,15399486043,15399486043,0.000000,0,0,0,0,2,multiscale+elgendi_like,1.000000,0.000000,0,0,0,0,1.000000,6.300972,1,820.001500,0.000000,,v0.4.1-interval-core
15400358043,15400358043,15400358043,15400358043,0.000000,0,0,0,0,2,multiscale+elgendi_like,1.000000,0.000000,0,0,0,0,1.000000,6.173483,1,816.000000,0.000000,,v0.4.1-interval-core
15401270043,0,15401270043,15401270043,0.000000,1,0,0,0,2,multiscale+elgendi_like,1.000000,0.000000,0,0,1,0,1.000000,6.114947,1,812.000000,0.000000,,v0.4.1-interval-core
15402158045,0,15402158045,15402158045,0.000000,1,0,0,0,2,multiscale+elgendi_like,1.000000,0.000000,0,0,1,0,1.000000,5.796892,1,812.000000,0.000000,,v0.4.1-interval-core
15403054043,15403046043,15403054043,15403054043,8.000000,0,0,0,0,2,multiscale+elgendi_like,1.000000,0.000000,0,0,0,0,1.000000,6.045447,1,816.001000,8.000000,,v0.4.1-interval-core
15403942043,15403934043,15403942043,15403942043,8.000000,0,0,0,0,2,multiscale+elgendi_like,1.000000,0.000000,0,0,0,0,1.000000,6.102791,1,816.001000,8.000000,,v0.4.1-interval-core
15404790043,15404790043,15404790043,15404790043,0.000000,0,0,0,0,2,multiscale+elgendi_like,1.000000,0.000000,0,0,0,0,1.000000,5.785014,1,820.000000,0.000000,,v0.4.1-interval-core
15405614043,15405606043,15405614043,15405614043,8.000000,0,0,0,0,2,multiscale+elgendi_like,1.000000,0.000000,0,0,0,0,1.000000,5.934589,1,824.000000,8.000000,,v0.4.1-interval-core
15406438047,15406438047,15406438047,15406438047,0.000000,0,0,0,0,2,multiscale+elgendi_like,1.000000,0.000000,0,0,0,0,1.000000,5.793160,1,824.000000,0.000000,,v0.4.1-interval-core
15407238043,15407238043,15407238043,15407238043,0.000000,0,0,0,0,2,multiscale+elgendi_like,1.000000,0.000000,0,0,0,0,1.000000,5.636900,1,824.000000,0.000000,,v0.4.1-interval-core
15408054043,15408054043,15408054043,15408054043,0.000000,0,0,0,0,2,multiscale+elgendi_like,1.000000,0.000000,0,0,0,0,1.000000,5.968630,1,824.000000,0.000000,,v0.4.1-interval-core
15408870045,15408870045,15408870045,15408870045,0.000000,0,0,0,0,2,multiscale+elgendi_like,1.000000,0.000000,0,0,0,0,1.000000,5.840752,1,824.000000,0.000000,,v0.4.1-interval-core
15409694043,15409694043,15409694043,15409694043,0.000000,0,0,0,0,2,multiscale+elgendi_like,1.000000,0.000000,0,0,0,0,1.000000,5.765557,1,824.000000,0.000000,,v0.4.1-interval-core
15410494043,15410494043,15410494043,15410494043,0.000000,0,0,0,0,2,multiscale+elgendi_like,1.000000,0.000000,0,0,0,0,1.000000,5.857809,1,823.999000,0.000000,,v0.4.1-interval-core
15411318043,15411318043,15411318043,15411318043,0.000000,0,0,0,0,2,multiscale+elgendi_like,1.000000,0.000000,0,0,0,0,1.000000,6.012535,1,823.999000,0.000000,,v0.4.1-interval-core
15412166043,15412166043,15412166043,15412166043,0.000000,0,0,0,0,2,multiscale+elgendi_like,1.000000,0.000000,0,0,0,0,1.000000,5.927922,1,823.998000,0.000000,,v0.4.1-interval-core
15413006043,15412998043,15413006043,15413006043,8.000000,0,0,0,0,2,multiscale+elgendi_like,1.000000,0.000000,0,0,0,0,1.000000,5.432202,1,816.002000,8.000000,,v0.4.1-interval-core
15413798047,15413798047,15413798047,15413798047,0.000000,0,0,0,0,2,multiscale+elgendi_like,1.000000,0.000000,0,0,0,0,1.000000,5.187959,1,816.000000,0.000000,,v0.4.1-interval-core
15414598045,15414598045,15414598045,15414598045,0.000000,0,0,0,0,2,multiscale+elgendi_like,1.000000,0.000000,0,0,0,0,1.000000,5.587779,1,816.000000,0.000000,,v0.4.1-interval-core
15415414043,15415406044,15415414043,15415414043,7.999000,0,0,0,0,2,multiscale+elgendi_like,1.000000,0.000000,0,0,0,0,1.000000,5.801786,1,815.998000,7.999000,,v0.4.1-interval-core
15416206043,15416206043,15416206043,15416206043,0.000000,0,0,0,0,2,multiscale+elgendi_like,1.000000,0.000000,0,0,0,0,1.000000,5.374344,1,808.000000,0.000000,,v0.4.1-interval-core
15416974043,15416974043,15416974043,15416974043,0.000000,0,0,0,0,2,multiscale+elgendi_like,1.000000,0.000000,0,0,0,0,1.000000,5.267548,1,800.000000,0.000000,,v0.4.1-interval-core
15417782043,15417782043,15417782043,15417782043,0.000000,0,0,0,0,2,multiscale+elgendi_like,1.000000,0.000000,0,0,0,0,1.000000,5.894769,1,799.997000,0.000000,,v0.4.1-interval-core
15418598043,15418598043,15418598043,15418598043,0.000000,0,0,0,0,2,multiscale+elgendi_like,1.000000,0.000000,0,0,0,0,1.000000,5.899503,1,799.998000,0.000000,,v0.4.1-interval-core
15419414045,15419414045,15419414045,15419414045,0.000000,0,0,0,0,2,multiscale+elgendi_like,1.000000,0.000000,0,0,0,0,1.000000,5.566901,1,796.001000,0.000000,,v0.4.1-interval-core
15420174043,15420174043,15420174043,15420174043,0.000000,0,0,0,0,2,multiscale+elgendi_like,1.000000,0.000000,0,0,0,0,1.000000,4.854601,1,792.004000,0.000000,,v0.4.1-interval-core
15420878043,15420870043,15420878043,15420878043,8.000000,0,0,0,0,2,multiscale+elgendi_like,1.000000,0.000000,0,0,0,0,1.000000,5.371971,1,792.004000,8.000000,,v0.4.1-interval-core
15421558043,0,15421558043,15421558043,0.000000,1,0,0,0,2,multiscale+elgendi_like,1.000000,0.000000,0,0,1,0,1.000000,5.257823,1,792.002000,0.000000,,v0.4.1-interval-core
15422238043,15422014047,15422238043,15422238043,223.996000,0,0,0,0,2,multiscale+elgendi_like,1.000000,0.000000,0,0,0,0,1.000000,5.635008,1,796.001000,223.996000,,v0.4.1-interval-core
15422958043,0,15422958043,15422958043,0.000000,1,0,0,0,2,multiscale+elgendi_like,1.000000,0.000000,0,0,1,0,1.000000,6.242975,1,796.001000,0.000000,,v0.4.1-interval-core
15423686043,0,15423686043,15423686043,0.000000,1,0,0,0,2,multiscale+elgendi_like,1.000000,0.000000,0,0,1,0,1.000000,6.151920,1,796.001000,0.000000,,v0.4.1-interval-core
15424414043,0,15424414043,15424414043,0.000000,1,0,0,0,2,multiscale+elgendi_like,1.000000,0.000000,0,0,1,0,1.000000,6.413145,1,799.998000,0.000000,,v0.4.1-interval-core
15425174043,0,15425174043,15425174043,0.000000,1,0,0,0,2,multiscale+elgendi_like,1.000000,0.000000,0,0,1,0,1.000000,6.628992,1,799.998000,0.000000,,v0.4.1-interval-core
15426006043,0,15426006043,15426006043,0.000000,1,0,0,0,2,multiscale+elgendi_like,1.000000,0.000000,0,0,1,0,1.000000,6.737467,1,808.000000,0.000000,,v0.4.1-interval-core
15426782043,0,15426782043,15426782043,0.000000,1,0,0,0,2,multiscale+elgendi_like,1.000000,0.000000,0,0,1,0,1.000000,6.269083,1,808.000000,0.000000,,v0.4.1-interval-core
15427630043,0,15427630043,15427630043,0.000000,1,0,0,0,2,multiscale+elgendi_like,1.000000,0.000000,0,0,1,0,1.000000,6.473973,1,816.000000,0.000000,,v0.4.1-interval-core
15428462043,0,15428462043,15428462043,0.000000,1,0,0,0,2,multiscale+elgendi_like,1.000000,0.000000,0,0,1,0,1.000000,6.068621,1,816.002000,0.000000,,v0.4.1-interval-core
15429318043,0,15429318043,15429318043,0.000000,1,0,0,0,2,multiscale+elgendi_like,1.000000,0.000000,0,0,1,0,1.000000,5.903097,1,824.000000,0.000000,,v0.4.1-interval-core
15430142043,15430142043,15430142043,15430142043,0.000000,0,0,0,0,2,multiscale+elgendi_like,1.000000,0.000000,0,0,0,0,1.000000,5.656766,1,832.000000,0.000000,,v0.4.1-interval-core
15430982043,15430982043,15430982043,15430982043,0.000000,0,0,0,0,2,multiscale+elgendi_like,1.000000,0.000000,0,0,0,0,1.000000,5.934884,1,832.000000,0.000000,,v0.4.1-interval-core
15431862044,15431862044,15431862044,15431862044,0.000000,0,0,0,0,2,multiscale+elgendi_like,1.000000,0.000000,0,0,0,0,1.000000,5.999190,1,832.000000,0.000000,,v0.4.1-interval-core
15432758046,15432758046,15432758046,15432758046,0.000000,0,0,0,0,2,multiscale+elgendi_like,1.000000,0.000000,0,0,0,0,1.000000,5.997234,1,832.004000,0.000000,,v0.4.1-interval-core
15433670043,15433670043,15433670043,15433670043,0.000000,0,0,0,0,2,multiscale+elgendi_like,1.000000,0.000000,0,0,0,0,1.000000,5.871593,1,840.000500,0.000000,,v0.4.1-interval-core
15434534043,15434534043,15434534043,15434534043,0.000000,0,0,0,0,2,multiscale+elgendi_like,1.000000,0.000000,0,0,0,0,1.000000,5.254291,1,844.000500,0.000000,,v0.4.1-interval-core
15435390043,15435390043,15435390043,15435390043,0.000000,0,0,0,0,2,multiscale+elgendi_like,1.000000,0.000000,0,0,0,0,1.000000,5.611102,1,852.000000,0.000000,,v0.4.1-interval-core
15436262043,15436262043,15436262043,15436262043,0.000000,0,0,0,0,2,multiscale+elgendi_like,1.000000,0.000000,0,0,0,0,1.000000,5.953790,1,856.000000,0.000000,,v0.4.1-interval-core
15437126043,15437126043,15437126043,15437126043,0.000000,0,0,0,0,2,multiscale+elgendi_like,1.000000,0.000000,0,0,0,0,1.000000,5.889113,1,856.000000,0.000000,,v0.4.1-interval-core
15437966044,15437966044,15437966044,15437966044,0.000000,0,0,0,0,2,multiscale+elgendi_like,1.000000,0.000000,0,0,0,0,1.000000,5.519223,1,856.000000,0.000000,,v0.4.1-interval-core
15438774043,15438774043,15438774043,15438774043,0.000000,0,0,0,0,2,multiscale+elgendi_like,1.000000,0.000000,0,0,0,0,1.000000,5.595856,1,856.000000,0.000000,,v0.4.1-interval-core
15439606047,15439598045,15439606047,15439606047,8.002000,0,0,0,0,2,multiscale+elgendi_like,1.000000,0.000000,0,0,0,0,1.000000,5.845074,1,864.000000,8.002000,,v0.4.1-interval-core
15440486043,0,15440486043,15440486043,0.000000,1,0,0,0,2,multiscale+elgendi_like,1.000000,0.000000,0,0,1,0,1.000000,5.878187,1,864.000000,0.000000,,v0.4.1-interval-core
15441398043,0,15441398043,15441398043,0.000000,1,0,0,0,2,multiscale+elgendi_like,1.000000,0.000000,0,0,1,0,1.000000,5.830482,1,864.000000,0.000000,,v0.4.1-interval-core
15442302046,0,15442302046,15442302046,0.000000,1,0,0,0,2,multiscale+elgendi_like,1.000000,0.000000,0,0,1,0,1.000000,5.724297,1,864.000000,0.000000,,v0.4.1-interval-core
15443158046,15443158046,15443158046,15443158046,0.000000,0,0,0,0,2,multiscale+elgendi_like,1.000000,0.000000,0,0,0,0,1.000000,5.176612,1,864.000000,0.000000,,v0.4.1-interval-core
15444006043,15444006043,15444006043,15444006043,0.000000,0,0,0,0,2,multiscale+elgendi_like,1.000000,0.000000,0,0,0,0,1.000000,5.451630,1,864.000000,0.000000,,v0.4.1-interval-core
15444886043,15444886043,15444886043,15444886043,0.000000,0,0,0,0,2,multiscale+elgendi_like,1.000000,0.000000,0,0,0,0,1.000000,5.838075,1,864.000000,0.000000,,v0.4.1-interval-core
15445742043,15445742043,15445742043,15445742043,0.000000,0,0,0,0,2,multiscale+elgendi_like,1.000000,0.000000,0,0,0,0,1.000000,5.468790,1,863.998000,0.000000,,v0.4.1-interval-core
15446622043,15446622043,15446622043,15446622043,0.000000,0,0,0,0,2,multiscale+elgendi_like,1.000000,0.000000,0,0,0,0,1.000000,5.980421,1,863.998000,0.000000,,v0.4.1-interval-core
15447518045,15447510043,15447518045,15447518045,8.002000,0,0,0,0,2,multiscale+elgendi_like,1.000000,0.000000,0,0,0,0,1.000000,6.016433,1,856.000000,8.002000,,v0.4.1-interval-core
15448382043,15448382043,15448382043,15448382043,0.000000,0,0,0,0,2,multiscale+elgendi_like,1.000000,0.000000,0,0,0,0,1.000000,5.902686,1,856.000000,0.000000,,v0.4.1-interval-core
15449198047,15449198047,15449198047,15449198047,0.000000,0,0,0,0,2,multiscale+elgendi_like,1.000000,0.000000,0,0,0,0,1.000000,5.989867,1,856.000000,0.000000,,v0.4.1-interval-core
15450062047,15450062047,15450062047,15450062047,0.000000,0,0,0,0,2,multiscale+elgendi_like,1.000000,0.000000,0,0,0,0,1.000000,6.224495,1,856.000000,0.000000,,v0.4.1-interval-core
15450934043,0,15450934043,15450934043,0.000000,1,0,0,0,2,multiscale+elgendi_like,1.000000,0.000000,0,0,1,0,1.000000,5.888789,1,856.000000,0.000000,,v0.4.1-interval-core
15451790043,0,15451790043,15451790043,0.000000,1,0,0,0,2,multiscale+elgendi_like,1.000000,0.000000,0,0,1,0,1.000000,5.600687,1,851.998500,0.000000,,v0.4.1-interval-core
15452606043,15452606043,15452606043,15452606043,0.000000,0,0,0,0,2,multiscale+elgendi_like,1.000000,0.000000,0,0,0,0,1.000000,5.770479,1,835.998500,0.000000,,v0.4.1-interval-core
15453430043,15453430043,15453430043,15453430043,0.000000,0,0,0,0,2,multiscale+elgendi_like,1.000000,0.000000,0,0,0,0,1.000000,5.773566,1,820.002000,0.000000,,v0.4.1-interval-core
15454214043,15454214043,15454214043,15454214043,0.000000,0,0,0,0,2,multiscale+elgendi_like,1.000000,0.000000,0,0,0,0,1.000000,5.481558,1,816.002000,0.000000,,v0.4.1-interval-core
15455006047,15455006047,15455006047,15455006047,0.000000,0,0,0,0,2,multiscale+elgendi_like,1.000000,0.000000,0,0,0,0,1.000000,5.962688,1,816.000000,0.000000,,v0.4.1-interval-core
15455806046,15455798044,15455806046,15455806046,8.002000,0,0,0,0,2,multiscale+elgendi_like,1.000000,0.000000,0,0,0,0,1.000000,5.739825,1,800.000000,8.002000,,v0.4.1-interval-core
15456558043,15456558043,15456558043,15456558043,0.000000,0,0,0,0,2,multiscale+elgendi_like,1.000000,0.000000,0,0,0,0,1.000000,5.485867,1,799.999000,0.000000,,v0.4.1-interval-core
15457326045,15457326045,15457326045,15457326045,0.000000,0,0,0,0,2,multiscale+elgendi_like,1.000000,0.000000,0,0,0,0,1.000000,6.106423,1,799.999000,0.000000,,v0.4.1-interval-core
15458126043,0,15458126043,15458126043,0.000000,1,0,0,0,2,multiscale+elgendi_like,1.000000,0.000000,0,0,1,0,1.000000,5.984184,1,799.999000,0.000000,,v0.4.1-interval-core
15458862043,0,15458862043,15458862043,0.000000,1,0,0,0,2,multiscale+elgendi_like,1.000000,0.000000,0,0,1,0,1.000000,4.902569,1,799.999000,0.000000,,v0.4.1-interval-core
15459510043,0,15459510043,15459510043,0.000000,1,0,0,0,2,multiscale+elgendi_like,1.000000,0.000000,0,0,1,0,1.000000,4.839315,1,799.999000,0.000000,,v0.4.1-interval-core
15460158043,15460158043,15460158043,15460158043,0.000000,0,0,0,0,2,multiscale+elgendi_like,1.000000,0.000000,0,0,0,0,1.000000,5.222536,1,799.998500,0.000000,,v0.4.1-interval-core
15460806043,15460798043,15460806043,15460806043,8.000000,0,0,0,0,2,multiscale+elgendi_like,1.000000,0.000000,0,0,0,0,1.000000,5.892050,1,799.999000,8.000000,,v0.4.1-interval-core
15461526043,0,15461526043,15461526043,0.000000,1,0,0,0,2,multiscale+elgendi_like,1.000000,0.000000,0,0,1,0,1.000000,6.360985,1,799.999000,0.000000,,v0.4.1-interval-core
15462318043,0,15462318043,15462318043,0.000000,1,0,0,0,2,multiscale+elgendi_like,1.000000,0.000000,0,0,1,0,1.000000,6.779222,1,799.999000,0.000000,,v0.4.1-interval-core
15463158043,0,15463158043,15463158043,0.000000,1,0,0,0,2,multiscale+elgendi_like,1.000000,0.000000,0,0,1,0,1.000000,6.576271,1,799.999000,0.000000,,v0.4.1-interval-core
15464022043,0,15464022043,15464022043,0.000000,1,0,0,0,2,multiscale+elgendi_like,1.000000,0.000000,0,0,1,0,1.000000,6.645281,1,799.998000,0.000000,,v0.4.1-interval-core
15464894045,0,15464894045,15464894045,0.000000,1,0,0,0,2,multiscale+elgendi_like,1.000000,0.000000,0,0,1,0,1.000000,6.233493,1,799.998000,0.000000,,v0.4.1-interval-core
15465766047,15465766047,15465766047,15465766047,0.000000,0,0,0,0,2,multiscale+elgendi_like,1.000000,0.000000,0,0,0,0,1.000000,5.823281,1,799.999000,0.000000,,v0.4.1-interval-core
15466646043,15466646043,15466646043,15466646043,0.000000,0,0,0,0,2,multiscale+elgendi_like,1.000000,0.000000,0,0,0,0,1.000000,5.592938,1,800.003000,0.000000,,v0.4.1-interval-core
15467542043,15467542043,15467542043,15467542043,0.000000,0,0,0,0,2,multiscale+elgendi_like,1.000000,0.000000,0,0,0,0,1.000000,5.375253,1,815.997000,0.000000,,v0.4.1-interval-core
15468358043,15468358043,15468358043,15468358043,0.000000,0,0,0,0,2,multiscale+elgendi_like,1.000000,0.000000,0,0,0,0,1.000000,5.041921,1,816.000000,0.000000,,v0.4.1-interval-core
15469174043,15469174043,15469174043,15469174043,0.000000,0,0,0,0,2,multiscale+elgendi_like,1.000000,0.000000,0,0,0,0,1.000000,5.309372,1,816.000500,0.000000,,v0.4.1-interval-core
15469990044,15469982046,15469990044,15469990044,7.998000,0,0,0,0,2,multiscale+elgendi_like,1.000000,0.000000,0,0,0,0,1.000000,5.187094,1,816.000500,7.998000,,v0.4.1-interval-core
15470774043,15470774043,15470774043,15470774043,0.000000,0,0,0,0,2,multiscale+elgendi_like,1.000000,0.000000,0,0,0,0,1.000000,5.321390,1,816.000500,0.000000,,v0.4.1-interval-core
15471574046,15471574046,15471574046,15471574046,0.000000,0,0,0,0,2,multiscale+elgendi_like,1.000000,0.000000,0,0,0,0,1.000000,5.901678,1,820.000500,0.000000,,v0.4.1-interval-core
15472390043,15472390043,15472390043,15472390043,0.000000,0,0,0,0,2,multiscale+elgendi_like,1.000000,0.000000,0,0,0,0,1.000000,5.531054,1,828.000000,0.000000,,v0.4.1-interval-core
15473230043,15473230043,15473230043,15473230043,0.000000,0,0,0,0,2,multiscale+elgendi_like,1.000000,0.000000,0,0,0,0,1.000000,5.579628,1,836.000000,0.000000,,v0.4.1-interval-core
15474078044,15474070043,15474078044,15474078044,8.001000,0,0,0,0,2,multiscale+elgendi_like,1.000000,0.000000,0,0,0,0,1.000000,5.417642,1,840.000000,8.001000,,v0.4.1-interval-core
15474942043,15474934043,15474942043,15474942043,8.000000,0,0,0,0,2,multiscale+elgendi_like,1.000000,0.000000,0,0,0,0,1.000000,5.402712,1,840.000000,8.000000,,v0.4.1-interval-core
15475774043,15475774043,15475774043,15475774043,0.000000,0,0,0,0,2,multiscale+elgendi_like,1.000000,0.000000,0,0,0,0,1.000000,5.065205,1,840.000000,0.000000,,v0.4.1-interval-core
15476590043,15476590043,15476590043,15476590043,0.000000,0,0,0,0,2,multiscale+elgendi_like,1.000000,0.000000,0,0,0,0,1.000000,5.339574,1,839.998000,0.000000,,v0.4.1-interval-core
15477390044,15477390044,15477390044,15477390044,0.000000,0,0,0,0,2,multiscale+elgendi_like,1.000000,0.000000,0,0,0,0,1.000000,5.560826,1,839.998000,0.000000,,v0.4.1-interval-core
15478214044,15478214044,15478214044,15478214044,0.000000,0,0,0,0,2,multiscale+elgendi_like,1.000000,0.000000,0,0,0,0,1.000000,5.729823,1,839.998000,0.000000,,v0.4.1-interval-core
15479070043,15479070043,15479070043,15479070043,0.000000,0,0,0,0,2,multiscale+elgendi_like,1.000000,0.000000,0,0,0,0,1.000000,5.800913,1,839.998000,0.000000,,v0.4.1-interval-core
15479910043,15479910043,15479910043,15479910043,0.000000,0,0,0,0,2,multiscale+elgendi_like,1.000000,0.000000,0,0,0,0,1.000000,5.325751,1,839.998000,0.000000,,v0.4.1-interval-core
15480750043,15480750043,15480750043,15480750043,0.000000,0,0,0,0,2,multiscale+elgendi_like,1.000000,0.000000,0,0,0,0,1.000000,5.751346,1,839.998000,0.000000,,v0.4.1-interval-core
15481590047,15481582043,15481590047,15481590047,8.004000,0,0,0,0,2,multiscale+elgendi_like,1.000000,0.000000,0,0,0,0,1.000000,5.902452,1,839.998000,8.004000,,v0.4.1-interval-core
15482446047,15482446047,15482446047,15482446047,0.000000,0,0,0,0,2,multiscale+elgendi_like,1.000000,0.000000,0,0,0,0,1.000000,5.953171,1,839.998000,0.000000,,v0.4.1-interval-core
15483286043,15483278043,15483286043,15483286043,8.000000,0,0,0,0,2,multiscale+elgendi_like,1.000000,0.000000,0,0,0,0,1.000000,5.870984,1,839.996000,8.000000,,v0.4.1-interval-core
15484174047,15484166043,15484174047,15484174047,8.004000,0,0,0,0,2,multiscale+elgendi_like,1.000000,0.000000,0,0,0,0,1.000000,6.329762,1,839.996000,8.004000,,v0.4.1-interval-core
15485070043,0,15485070043,15485070043,0.000000,1,0,0,0,2,multiscale+elgendi_like,1.000000,0.000000,0,0,1,0,1.000000,6.317862,1,839.996000,0.000000,,v0.4.1-interval-core
15485950043,0,15485950043,15485950043,0.000000,1,0,0,0,2,multiscale+elgendi_like,1.000000,0.000000,0,0,1,0,1.000000,6.029282,1,832.000500,0.000000,,v0.4.1-interval-core
15486782044,15486782044,15486782044,15486782044,0.000000,0,0,0,0,2,multiscale+elgendi_like,1.000000,0.000000,0,0,0,0,1.000000,5.492639,1,832.000500,0.000000,,v0.4.1-interval-core
15487582043,0,15487582043,15487582043,0.000000,1,0,0,0,2,multiscale+elgendi_like,1.000000,0.000000,0,0,1,0,1.000000,5.700469,1,832.000500,0.000000,,v0.4.1-interval-core
15488350043,0,15488350043,15488350043,0.000000,1,0,0,0,2,multiscale+elgendi_like,1.000000,0.000000,0,0,1,0,1.000000,5.119544,1,832.000000,0.000000,,v0.4.1-interval-core
15489086043,15489086043,15489086043,15489086043,0.000000,0,0,0,0,2,multiscale+elgendi_like,1.000000,0.000000,0,0,0,0,1.000000,5.494412,1,832.000000,0.000000,,v0.4.1-interval-core
15489830046,15489830046,15489830046,15489830046,0.000000,0,0,0,0,2,multiscale+elgendi_like,1.000000,0.000000,0,0,0,0,1.000000,5.966307,1,832.000000,0.000000,,v0.4.1-interval-core
15490598044,15490598044,15490598044,15490598044,0.000000,0,0,0,0,2,multiscale+elgendi_like,1.000000,0.000000,0,0,0,0,1.000000,5.957137,1,808.000000,0.000000,,v0.4.1-interval-core
15491382043,15491382043,15491382043,15491382043,0.000000,0,0,0,0,2,multiscale+elgendi_like,1.000000,0.000000,0,0,0,0,1.000000,6.204323,1,799.999000,0.000000,,v0.4.1-interval-core
15492214043,15492214043,15492214043,15492214043,0.000000,0,0,0,0,2,multiscale+elgendi_like,1.000000,0.000000,0,0,0,0,1.000000,6.122116,1,784.002000,0.000000,,v0.4.1-interval-core
15493054043,15493054043,15493054043,15493054043,0.000000,0,0,0,0,2,multiscale+elgendi_like,1.000000,0.000000,0,0,0,0,1.000000,6.403686,1,783.999000,0.000000,,v0.4.1-interval-core
15493862043,0,15493862043,15493862043,0.000000,1,0,0,0,2,multiscale+elgendi_like,1.000000,0.000000,0,0,1,0,1.000000,6.208831,1,783.999000,0.000000,,v0.4.1-interval-core
15494622043,0,15494622043,15494622043,0.000000,1,0,0,0,2,multiscale+elgendi_like,1.000000,0.000000,0,0,1,0,1.000000,5.780340,1,783.999000,0.000000,,v0.4.1-interval-core
15495390047,15495390047,15495390047,15495390047,0.000000,0,0,0,0,2,multiscale+elgendi_like,1.000000,0.000000,0,0,0,0,1.000000,6.351287,1,776.001000,0.000000,,v0.4.1-interval-core
15496174046,15496174046,15496174046,15496174046,0.000000,0,0,0,0,2,multiscale+elgendi_like,1.000000,0.000000,0,0,0,0,1.000000,6.295007,1,776.001000,0.000000,,v0.4.1-interval-core
15496926043,15496926043,15496926043,15496926043,0.000000,0,0,0,0,2,multiscale+elgendi_like,1.000000,0.000000,0,0,0,0,1.000000,5.778522,1,776.001000,0.000000,,v0.4.1-interval-core
15497710045,15497702046,15497710045,15497710045,7.999000,0,0,0,0,2,multiscale+elgendi_like,1.000000,0.000000,0,0,0,0,1.000000,6.072009,1,776.000500,7.999000,,v0.4.1-interval-core
15498486045,15498486045,15498486045,15498486045,0.000000,0,0,0,0,2,multiscale+elgendi_like,1.000000,0.000000,0,0,0,0,1.000000,6.227474,1,776.000500,0.000000,,v0.4.1-interval-core
15499230043,15499230043,15499230043,15499230043,0.000000,0,0,0,0,2,multiscale+elgendi_like,1.000000,0.000000,0,0,0,0,1.000000,5.889178,1,775.999500,0.000000,,v0.4.1-interval-core
15499990043,15499990043,15499990043,15499990043,0.000000,0,0,0,0,2,multiscale+elgendi_like,1.000000,0.000000,0,0,0,0,1.000000,6.241146,1,775.998500,0.000000,,v0.4.1-interval-core
15500766044,15500766044,15500766044,15500766044,0.000000,0,0,0,0,2,multiscale+elgendi_like,1.000000,0.000000,0,0,0,0,1.000000,6.126057,1,775.998500,0.000000,,v0.4.1-interval-core
15501566046,15501566046,15501566046,15501566046,0.000000,0,0,0,0,2,multiscale+elgendi_like,1.000000,0.000000,0,0,0,0,1.000000,6.354054,1,775.998500,0.000000,,v0.4.1-interval-core
15502342043,15502342043,15502342043,15502342043,0.000000,0,0,0,0,2,multiscale+elgendi_like,1.000000,0.000000,0,0,0,0,1.000000,5.920366,1,775.998500,0.000000,,v0.4.1-interval-core
15503142043,15503142043,15503142043,15503142043,0.000000,0,0,0,0,2,multiscale+elgendi_like,1.000000,0.000000,0,0,0,0,1.000000,6.508396,1,772.000500,0.000000,,v0.4.1-interval-core
15503942044,15503942044,15503942044,15503942044,0.000000,0,0,0,0,2,multiscale+elgendi_like,1.000000,0.000000,0,0,0,0,1.000000,6.281014,1,775.998500,0.000000,,v0.4.1-interval-core
15504710047,15504710047,15504710047,15504710047,0.000000,0,0,0,0,2,multiscale+elgendi_like,1.000000,0.000000,0,0,0,0,1.000000,5.757276,1,772.000500,0.000000,,v0.4.1-interval-core
15505510044,15505510044,15505510044,15505510044,0.000000,0,0,0,0,2,multiscale+elgendi_like,1.000000,0.000000,0,0,0,0,1.000000,5.951549,1,772.000500,0.000000,,v0.4.1-interval-core
15506278047,15506278047,15506278047,15506278047,0.000000,0,0,0,0,2,multiscale+elgendi_like,1.000000,0.000000,0,0,0,0,1.000000,5.466687,1,772.000000,0.000000,,v0.4.1-interval-core
15507038045,15507038045,15507038045,15507038045,0.000000,0,0,0,0,2,multiscale+elgendi_like,1.000000,0.000000,0,0,0,0,1.000000,5.678394,1,768.003000,0.000000,,v0.4.1-interval-core
15507798043,15507798043,15507798043,15507798043,0.000000,0,0,0,0,2,multiscale+elgendi_like,1.000000,0.000000,0,0,0,0,1.000000,5.622617,1,768.002000,0.000000,,v0.4.1-interval-core
15508526044,15508526044,15508526044,15508526044,0.000000,0,0,0,0,2,multiscale+elgendi_like,1.000000,0.000000,0,0,0,0,1.000000,5.397703,1,768.003000,0.000000,,v0.4.1-interval-core
15509278046,15509278046,15509278046,15509278046,0.000000,0,0,0,0,2,multiscale+elgendi_like,1.000000,0.000000,0,0,0,0,1.000000,5.783744,1,768.002000,0.000000,,v0.4.1-interval-core
15510046047,15510046047,15510046047,15510046047,0.000000,0,0,0,0,2,multiscale+elgendi_like,1.000000,0.000000,0,0,0,0,1.000000,6.021117,1,768.002000,0.000000,,v0.4.1-interval-core
15510838043,15510838043,15510838043,15510838043,0.000000,0,0,0,0,2,multiscale+elgendi_like,1.000000,0.000000,0,0,0,0,1.000000,5.990348,1,768.003000,0.000000,,v0.4.1-interval-core
15511614043,15511614043,15511614043,15511614043,0.000000,0,0,0,0,2,multiscale+elgendi_like,1.000000,0.000000,0,0,0,0,1.000000,5.698192,1,772.000000,0.000000,,v0.4.1-interval-core
15512382043,15512382043,15512382043,15512382043,0.000000,0,0,0,0,2,multiscale+elgendi_like,1.000000,0.000000,0,0,0,0,1.000000,5.867519,1,772.000000,0.000000,,v0.4.1-interval-core
15513126043,15513126043,15513126043,15513126043,0.000000,0,0,0,0,2,multiscale+elgendi_like,1.000000,0.000000,0,0,0,0,1.000000,5.499689,1,772.000000,0.000000,,v0.4.1-interval-core
15513878047,15513870046,15513878047,15513878047,8.001000,0,0,0,0,2,multiscale+elgendi_like,1.000000,0.000000,0,0,0,0,1.000000,5.829898,1,772.001500,8.001000,,v0.4.1-interval-core
15514638047,15514638047,15514638047,15514638047,0.000000,0,0,0,0,2,multiscale+elgendi_like,1.000000,0.000000,0,0,0,0,1.000000,6.097642,1,772.001500,0.000000,,v0.4.1-interval-core
15515430043,15515430043,15515430043,15515430043,0.000000,0,0,0,0,2,multiscale+elgendi_like,1.000000,0.000000,0,0,0,0,1.000000,6.268258,1,776.001000,0.000000,,v0.4.1-interval-core
15516198043,15516198043,15516198043,15516198043,0.000000,0,0,0,0,2,multiscale+elgendi_like,1.000000,0.000000,0,0,0,0,1.000000,5.782124,1,776.000000,0.000000,,v0.4.1-interval-core
15516990045,15516982043,15516990045,15516990045,8.002000,0,0,0,0,2,multiscale+elgendi_like,1.000000,0.000000,0,0,0,0,1.000000,6.366744,1,776.000000,8.002000,,v0.4.1-interval-core
15517774047,15517774047,15517774047,15517774047,0.000000,0,0,0,0,2,multiscale+elgendi_like,1.000000,0.000000,0,0,0,0,1.000000,6.071364,1,783.999000,0.000000,,v0.4.1-interval-core
15518558046,15518558046,15518558046,15518558046,0.000000,0,0,0,0,2,multiscale+elgendi_like,1.000000,0.000000,0,0,0,0,1.000000,6.012676,1,784.002000,0.000000,,v0.4.1-interval-core
15519358045,15519358045,15519358045,15519358045,0.000000,0,0,0,0,2,multiscale+elgendi_like,1.000000,0.000000,0,0,0,0,1.000000,6.192704,1,791.996000,0.000000,,v0.4.1-interval-core
15520174043,15520174043,15520174043,15520174043,0.000000,0,0,0,0,2,multiscale+elgendi_like,1.000000,0.000000,0,0,0,0,1.000000,6.029341,1,791.996000,0.000000,,v0.4.1-interval-core
15520982043,15520982043,15520982043,15520982043,0.000000,0,0,0,0,2,multiscale+elgendi_like,1.000000,0.000000,0,0,0,0,1.000000,5.853003,1,792.002000,0.000000,,v0.4.1-interval-core
15521822046,15521822046,15521822046,15521822046,0.000000,0,0,0,0,2,multiscale+elgendi_like,1.000000,0.000000,0,0,0,0,1.000000,6.391698,1,800.000000,0.000000,,v0.4.1-interval-core
15522702043,15522694043,15522702043,15522702043,8.000000,0,0,0,0,2,multiscale+elgendi_like,1.000000,0.000000,0,0,0,0,1.000000,6.752967,1,808.000000,8.000000,,v0.4.1-interval-core
15523598043,15523590043,15523598043,15523598043,8.000000,0,0,0,0,2,multiscale+elgendi_like,1.000000,0.000000,0,0,0,0,1.000000,6.564593,1,808.000000,8.000000,,v0.4.1-interval-core
15524438043,15524438043,15524438043,15524438043,0.000000,0,0,0,0,2,multiscale+elgendi_like,1.000000,0.000000,0,0,0,0,1.000000,5.983213,1,808.000000,0.000000,,v0.4.1-interval-core
15525278043,15525278043,15525278043,15525278043,0.000000,0,0,0,0,2,multiscale+elgendi_like,1.000000,0.000000,0,0,0,0,1.000000,6.355483,1,808.000000,0.000000,,v0.4.1-interval-core
15526126043,15526126043,15526126043,15526126043,0.000000,0,0,0,0,2,multiscale+elgendi_like,1.000000,0.000000,0,0,0,0,1.000000,5.832466,1,808.000000,0.000000,,v0.4.1-interval-core
15526934043,15526934043,15526934043,15526934043,0.000000,0,0,0,0,2,multiscale+elgendi_like,1.000000,0.000000,0,0,0,0,1.000000,5.658777,1,808.000000,0.000000,,v0.4.1-interval-core
15527782043,15527782043,15527782043,15527782043,0.000000,0,0,0,0,2,multiscale+elgendi_like,1.000000,0.000000,0,0,0,0,1.000000,6.346430,1,808.000000,0.000000,,v0.4.1-interval-core
15528630043,0,15528630043,15528630043,0.000000,1,0,0,0,2,multiscale+elgendi_like,1.000000,0.000000,0,0,1,0,1.000000,6.345327,1,808.000000,0.000000,,v0.4.1-interval-core
15529494046,0,15529494046,15529494046,0.000000,1,0,0,0,2,multiscale+elgendi_like,1.000000,0.000000,0,0,1,0,1.000000,5.965515,1,808.000000,0.000000,,v0.4.1-interval-core
15530302045,15530302045,15530302045,15530302045,0.000000,0,0,0,0,2,multiscale+elgendi_like,1.000000,0.000000,0,0,0,0,1.000000,5.522329,1,808.000000,0.000000,,v0.4.1-interval-core
15531094043,15531094043,15531094043,15531094043,0.000000,0,0,0,0,2,multiscale+elgendi_like,1.000000,0.000000,0,0,0,0,1.000000,6.261605,1,808.000000,0.000000,,v0.4.1-interval-core
15531878043,15531878043,15531878043,15531878043,0.000000,0,0,0,0,2,multiscale+elgendi_like,1.000000,0.000000,0,0,0,0,1.000000,5.868509,1,807.999000,0.000000,,v0.4.1-interval-core
15532638045,15532638045,15532638045,15532638045,0.000000,0,0,0,0,2,multiscale+elgendi_like,1.000000,0.000000,0,0,0,0,1.000000,5.780554,1,799.996000,0.000000,,v0.4.1-interval-core
15533358044,15533358044,15533358044,15533358044,0.000000,0,0,0,0,2,multiscale+elgendi_like,1.000000,0.000000,0,0,0,0,1.000000,5.520275,1,792.004000,0.000000,,v0.4.1-interval-core
15534078043,15534070047,15534078043,15534078043,7.996000,0,0,0,0,2,multiscale+elgendi_like,1.000000,0.000000,0,0,0,0,1.000000,6.172239,1,792.000000,7.996000,,v0.4.1-interval-core
15534838043,0,15534838043,15534838043,0.000000,1,0,0,0,2,multiscale+elgendi_like,1.000000,0.000000,0,0,1,0,1.000000,6.358832,1,791.998000,0.000000,,v0.4.1-interval-core
15535574045,0,15535574045,15535574045,0.000000,1,0,0,0,2,multiscale+elgendi_like,1.000000,0.000000,0,0,1,0,1.000000,6.334415,1,784.000000,0.000000,,v0.4.1-interval-core
15536302043,0,15536302043,15536302043,0.000000,1,0,0,0,2,multiscale+elgendi_like,1.000000,0.000000,0,0,1,0,1.000000,6.191668,1,776.003000,0.000000,,v0.4.1-interval-core
15537046043,0,15537046043,15537046043,0.000000,1,0,0,0,2,multiscale+elgendi_like,1.000000,0.000000,0,0,1,0,1.000000,6.506217,1,772.001000,0.000000,,v0.4.1-interval-core
15537782043,0,15537782043,15537782043,0.000000,1,0,0,0,2,multiscale+elgendi_like,1.000000,0.000000,0,0,1,0,1.000000,6.323353,1,767.999000,0.000000,,v0.4.1-interval-core
15538574047,0,15538574047,15538574047,0.000000,1,0,0,0,2,multiscale+elgendi_like,1.000000,0.000000,0,0,1,0,1.000000,6.923057,1,760.002000,0.000000,,v0.4.1-interval-core
15539374043,0,15539374043,15539374043,0.000000,1,0,0,0,2,multiscale+elgendi_like,1.000000,0.000000,0,0,1,0,1.000000,6.533240,1,760.001000,0.000000,,v0.4.1-interval-core
15540166043,0,15540166043,15540166043,0.000000,1,0,0,0,2,multiscale+elgendi_like,1.000000,0.000000,0,0,1,0,1.000000,6.238678,1,759.999000,0.000000,,v0.4.1-interval-core
15540942046,15540934043,15540942046,15540942046,8.003000,0,0,0,0,2,multiscale+elgendi_like,1.000000,0.000000,0,0,0,0,1.000000,6.443806,1,759.999000,8.003000,,v0.4.1-interval-core
15541710045,15541710045,15541710045,15541710045,0.000000,0,0,0,0,2,multiscale+elgendi_like,1.000000,0.000000,0,0,0,0,1.000000,6.114225,1,759.999000,0.000000,,v0.4.1-interval-core
15542446045,15542438045,15542446045,15542446045,8.000000,0,0,0,0,2,multiscale+elgendi_like,1.000000,0.000000,0,0,0,0,1.000000,5.855653,1,759.999000,8.000000,,v0.4.1-interval-core
15543182043,15543182043,15543182043,15543182043,0.000000,0,0,0,0,2,multiscale+elgendi_like,1.000000,0.000000,0,0,0,0,1.000000,6.310730,1,759.999000,0.000000,,v0.4.1-interval-core
15543918044,15543918044,15543918044,15543918044,0.000000,0,0,0,0,2,multiscale+elgendi_like,1.000000,0.000000,0,0,0,0,1.000000,6.044747,1,759.999000,0.000000,,v0.4.1-interval-core
15544678046,15544678046,15544678046,15544678046,0.000000,0,0,0,0,2,multiscale+elgendi_like,1.000000,0.000000,0,0,0,0,1.000000,5.963563,1,760.001000,0.000000,,v0.4.1-interval-core
15545422043,15545414046,15545422043,15545422043,7.997000,0,0,0,0,2,multiscale+elgendi_like,1.000000,0.000000,0,0,0,0,1.000000,5.509089,1,760.001000,7.997000,,v0.4.1-interval-core
15546150045,15546142047,15546150045,15546150045,7.998000,0,0,0,0,2,multiscale+elgendi_like,1.000000,0.000000,0,0,0,0,1.000000,5.826138,1,760.000000,7.998000,,v0.4.1-interval-core
15546910043,15546910043,15546910043,15546910043,0.000000,0,0,0,0,2,multiscale+elgendi_like,1.000000,0.000000,0,0,0,0,1.000000,6.368508,1,764.000500,0.000000,,v0.4.1-interval-core
15547694047,15547694047,15547694047,15547694047,0.000000,0,0,0,0,2,multiscale+elgendi_like,1.000000,0.000000,0,0,0,0,1.000000,6.220050,1,771.999500,0.000000,,v0.4.1-interval-core
15548494043,15548494043,15548494043,15548494043,0.000000,0,0,0,0,2,multiscale+elgendi_like,1.000000,0.000000,0,0,0,0,1.000000,6.186690,1,776.000000,0.000000,,v0.4.1-interval-core
15549302043,15549302043,15549302043,15549302043,0.000000,0,0,0,0,2,multiscale+elgendi_like,1.000000,0.000000,0,0,0,0,1.000000,5.868281,1,776.000000,0.000000,,v0.4.1-interval-core
15550086043,15550078043,15550086043,15550086043,8.000000,0,0,0,0,2,multiscale+elgendi_like,1.000000,0.000000,0,0,0,0,1.000000,5.625578,1,776.000000,8.000000,,v0.4.1-interval-core
15550862043,15550862043,15550862043,15550862043,0.000000,0,0,0,0,2,multiscale+elgendi_like,1.000000,0.000000,0,0,0,0,1.000000,6.016031,1,776.000000,0.000000,,v0.4.1-interval-core
15551638043,15551630043,15551638043,15551638043,8.000000,0,0,0,0,2,multiscale+elgendi_like,1.000000,0.000000,0,0,0,0,1.000000,5.742191,1,776.000000,8.000000,,v0.4.1-interval-core
15552374046,15552374046,15552374046,15552374046,0.000000,0,0,0,0,2,multiscale+elgendi_like,1.000000,0.000000,0,0,0,0,1.000000,5.444755,1,776.001000,0.000000,,v0.4.1-interval-core
15553118043,15553118043,15553118043,15553118043,0.000000,0,0,0,0,2,multiscale+elgendi_like,1.000000,0.000000,0,0,0,0,1.000000,5.973668,1,776.000000,0.000000,,v0.4.1-interval-core
15553894043,15553894043,15553894043,15553894043,0.000000,0,0,0,0,2,multiscale+elgendi_like,1.000000,0.000000,0,0,0,0,1.000000,6.112226,1,776.000000,0.000000,,v0.4.1-interval-core
15554702046,15554694044,15554702046,15554702046,8.002000,0,0,0,0,2,multiscale+elgendi_like,1.000000,0.000000,0,0,0,0,1.000000,6.203877,1,776.000000,8.002000,,v0.4.1-interval-core
15555518045,15555510047,15555518045,15555518045,7.998000,0,0,0,0,2,multiscale+elgendi_like,1.000000,0.000000,0,0,0,0,1.000000,5.929505,1,779.998000,7.998000,,v0.4.1-interval-core
15556310043,15556310043,15556310043,15556310043,0.000000,0,0,0,0,2,multiscale+elgendi_like,1.000000,0.000000,0,0,0,0,1.000000,6.136537,1,783.998000,0.000000,,v0.4.1-interval-core
15557134046,15557134046,15557134046,15557134046,0.000000,0,0,0,0,2,multiscale+elgendi_like,1.000000,0.000000,0,0,0,0,1.000000,6.499094,1,784.001000,0.000000,,v0.4.1-interval-core
15557982047,15557982047,15557982047,15557982047,0.000000,0,0,0,0,2,multiscale+elgendi_like,1.000000,0.000000,0,0,0,0,1.000000,6.415997,1,784.002000,0.000000,,v0.4.1-interval-core
15558766043,15558766043,15558766043,15558766043,0.000000,0,0,0,0,2,multiscale+elgendi_like,1.000000,0.000000,0,0,0,0,1.000000,5.927525,1,788.000000,0.000000,,v0.4.1-interval-core
15559558047,15559550043,15559558047,15559558047,8.004000,0,0,0,0,2,multiscale+elgendi_like,1.000000,0.000000,0,0,0,0,1.000000,6.258361,1,791.998000,8.004000,,v0.4.1-interval-core
15560326043,15560326043,15560326043,15560326043,0.000000,0,0,0,0,2,multiscale+elgendi_like,1.000000,0.000000,0,0,0,0,1.000000,5.972776,1,791.998000,0.000000,,v0.4.1-interval-core
15561062045,15561062045,15561062045,15561062045,0.000000,0,0,0,0,2,multiscale+elgendi_like,1.000000,0.000000,0,0,0,0,1.000000,5.816499,1,791.998000,0.000000,,v0.4.1-interval-core
15561806044,15561806044,15561806044,15561806044,0.000000,0,0,0,0,2,multiscale+elgendi_like,1.000000,0.000000,0,0,0,0,1.000000,6.246502,1,791.998000,0.000000,,v0.4.1-interval-core
15562598043,0,15562598043,15562598043,0.000000,1,0,0,0,2,multiscale+elgendi_like,1.000000,0.000000,0,0,1,0,1.000000,6.249342,1,791.998000,0.000000,,v0.4.1-interval-core
15563382045,0,15563382045,15563382045,0.000000,1,0,0,0,2,multiscale+elgendi_like,1.000000,0.000000,0,0,1,0,1.000000,5.934987,1,791.998000,0.000000,,v0.4.1-interval-core
15564174043,15564166047,15564174043,15564174043,7.996000,0,0,0,0,2,multiscale+elgendi_like,1.000000,0.000000,0,0,0,0,1.000000,6.155156,1,791.998000,7.996000,,v0.4.1-interval-core
15564998043,15564998043,15564998043,15564998043,0.000000,0,0,0,0,2,multiscale+elgendi_like,1.000000,0.000000,0,0,0,0,1.000000,6.561888,1,791.998000,0.000000,,v0.4.1-interval-core
15565862046,15565854043,15565862046,15565862046,8.003000,0,0,0,0,2,multiscale+elgendi_like,1.000000,0.000000,0,0,0,0,1.000000,6.097530,1,791.998000,8.003000,,v0.4.1-interval-core
15566686047,15566686047,15566686047,15566686047,0.000000,0,0,0,0,2,multiscale+elgendi_like,1.000000,0.000000,0,0,0,0,1.000000,5.929915,1,784.002000,0.000000,,v0.4.1-interval-core
15567486047,15567486047,15567486047,15567486047,0.000000,0,0,0,0,2,multiscale+elgendi_like,1.000000,0.000000,0,0,0,0,1.000000,6.088026,1,783.998000,0.000000,,v0.4.1-interval-core
15568294043,15568294043,15568294043,15568294043,0.000000,0,0,0,0,2,multiscale+elgendi_like,1.000000,0.000000,0,0,0,0,1.000000,6.323635,1,783.998000,0.000000,,v0.4.1-interval-core
15569078043,15569070043,15569078043,15569078043,8.000000,0,0,0,0,2,multiscale+elgendi_like,1.000000,0.000000,0,0,0,0,1.000000,5.880501,1,783.998000,8.000000,,v0.4.1-interval-core
15569806043,15569798043,15569806043,15569806043,8.000000,0,0,0,0,2,multiscale+elgendi_like,1.000000,0.000000,0,0,0,0,1.000000,5.545448,1,784.001000,8.000000,,v0.4.1-interval-core
15570502043,15570494043,15570502043,15570502043,8.000000,0,0,0,0,2,multiscale+elgendi_like,1.000000,0.000000,0,0,0,0,1.000000,5.374814,1,784.001000,8.000000,,v0.4.1-interval-core
15571166044,0,15571166044,15571166044,0.000000,1,0,0,0,2,multiscale+elgendi_like,1.000000,0.000000,0,0,1,0,1.000000,5.286711,1,780.000000,0.000000,,v0.4.1-interval-core
15571838043,15571838043,15571838043,15571838043,0.000000,0,0,0,0,2,multiscale+elgendi_like,1.000000,0.000000,0,0,0,0,1.000000,5.105349,1,784.001000,0.000000,,v0.4.1-interval-core
15572534043,15572534043,15572534043,15572534043,0.000000,0,0,0,0,2,multiscale+elgendi_like,1.000000,0.000000,0,0,0,0,1.000000,5.588512,1,788.000000,0.000000,,v0.4.1-interval-core
15573278043,15573270043,15573278043,15573278043,8.000000,0,0,0,0,2,multiscale+elgendi_like,1.000000,0.000000,0,0,0,0,1.000000,6.355114,1,788.000000,8.000000,,v0.4.1-interval-core
15574014043,0,15574014043,15574014043,0.000000,1,0,0,0,2,multiscale+elgendi_like,1.000000,0.000000,0,0,1,0,1.000000,5.825140,1,784.001000,0.000000,,v0.4.1-interval-core
15574782043,0,15574782043,15574782043,0.000000,1,0,0,0,2,multiscale+elgendi_like,1.000000,0.000000,0,0,1,0,1.000000,5.920372,1,776.000000,0.000000,,v0.4.1-interval-core
15575574043,15575574043,15575574043,15575574043,0.000000,0,0,0,0,2,multiscale+elgendi_like,1.000000,0.000000,0,0,0,0,1.000000,6.344101,1,767.999000,0.000000,,v0.4.1-interval-core
15576366043,15576366043,15576366043,15576366043,0.000000,0,0,0,0,2,multiscale+elgendi_like,1.000000,0.000000,0,0,0,0,1.000000,6.308005,1,763.999000,0.000000,,v0.4.1-interval-core
15577158047,15577158047,15577158047,15577158047,0.000000,0,0,0,0,2,multiscale+elgendi_like,1.000000,0.000000,0,0,0,0,1.000000,6.122584,1,756.000000,0.000000,,v0.4.1-interval-core
15577926045,15577926045,15577926045,15577926045,0.000000,0,0,0,0,2,multiscale+elgendi_like,1.000000,0.000000,0,0,0,0,1.000000,6.179495,1,756.000000,0.000000,,v0.4.1-interval-core
15578718043,15578718043,15578718043,15578718043,0.000000,0,0,0,0,2,multiscale+elgendi_like,1.000000,0.000000,0,0,0,0,1.000000,6.622456,1,748.000000,0.000000,,v0.4.1-interval-core
15579518043,0,15579518043,15579518043,0.000000,1,0,0,0,2,multiscale+elgendi_like,1.000000,0.000000,0,0,1,0,1.000000,6.272767,1,748.000000,0.000000,,v0.4.1-interval-core
15580278043,0,15580278043,15580278043,0.000000,1,0,0,0,2,multiscale+elgendi_like,1.000000,0.000000,0,0,1,0,1.000000,5.729952,1,748.000000,0.000000,,v0.4.1-interval-core
15581030043,15581022043,15581030043,15581030043,8.000000,0,0,0,0,2,multiscale+elgendi_like,1.000000,0.000000,0,0,0,0,1.000000,6.438003,1,756.000000,8.000000,,v0.4.1-interval-core
15581774043,0,15581774043,15581774043,0.000000,1,0,0,0,2,multiscale+elgendi_like,1.000000,0.000000,0,0,1,0,1.000000,5.951168,1,760.000000,0.000000,,v0.4.1-interval-core
15582502043,0,15582502043,15582502043,0.000000,1,0,0,0,2,multiscale+elgendi_like,1.000000,0.000000,0,0,1,0,1.000000,5.753895,1,763.999000,0.000000,,v0.4.1-interval-core
15583198043,15583198043,15583198043,15583198043,0.000000,0,0,0,0,2,multiscale+elgendi_like,1.000000,0.000000,0,0,0,0,1.000000,5.816955,1,767.999000,0.000000,,v0.4.1-interval-core
15583934043,15583934043,15583934043,15583934043,0.000000,0,0,0,0,2,multiscale+elgendi_like,1.000000,0.000000,0,0,0,0,1.000000,6.430175,1,768.001000,0.000000,,v0.4.1-interval-core
15584694043,0,15584694043,15584694043,0.000000,1,0,0,0,2,multiscale+elgendi_like,1.000000,0.000000,0,0,1,0,1.000000,6.317493,1,780.000000,0.000000,,v0.4.1-interval-core
15585430043,0,15585430043,15585430043,0.000000,1,0,0,0,2,multiscale+elgendi_like,1.000000,0.000000,0,0,1,0,1.000000,6.012070,1,776.001000,0.000000,,v0.4.1-interval-core
15586198045,0,15586198045,15586198045,0.000000,1,0,0,0,2,multiscale+elgendi_like,1.000000,0.000000,0,0,1,0,1.000000,6.743084,1,791.998000,0.000000,,v0.4.1-interval-core
15587006043,0,15587006043,15587006043,0.000000,1,0,0,0,2,multiscale+elgendi_like,1.000000,0.000000,0,0,1,0,1.000000,6.697763,1,791.998000,0.000000,,v0.4.1-interval-core
15587838043,0,15587838043,15587838043,0.000000,1,0,0,0,2,multiscale+elgendi_like,1.000000,0.000000,0,0,1,0,1.000000,7.031391,1,783.999500,0.000000,,v0.4.1-interval-core
15588654043,0,15588654043,15588654043,0.000000,1,0,0,0,2,multiscale+elgendi_like,1.000000,0.000000,0,0,1,0,1.000000,6.006515,1,783.999500,0.000000,,v0.4.1-interval-core
15589470045,15589470045,15589470045,15589470045,0.000000,0,0,0,0,2,multiscale+elgendi_like,1.000000,0.000000,0,0,0,0,1.000000,6.623102,1,787.998500,0.000000,,v0.4.1-interval-core
15590302046,15590302046,15590302046,15590302046,0.000000,0,0,0,0,2,multiscale+elgendi_like,1.000000,0.000000,0,0,0,0,1.000000,6.387290,1,780.000000,0.000000,,v0.4.1-interval-core
15591142046,15591134043,15591142046,15591142046,8.003000,0,0,0,0,2,multiscale+elgendi_like,1.000000,0.000000,0,0,0,0,1.000000,5.933691,1,780.000000,8.003000,,v0.4.1-interval-core
15591918047,15591918047,15591918047,15591918047,0.000000,0,0,0,0,2,multiscale+elgendi_like,1.000000,0.000000,0,0,0,0,1.000000,5.830324,1,788.000500,0.000000,,v0.4.1-interval-core
15592718046,15592718046,15592718046,15592718046,0.000000,0,0,0,0,2,multiscale+elgendi_like,1.000000,0.000000,0,0,0,0,1.000000,6.225984,1,796.000500,0.000000,,v0.4.1-interval-core
15593518045,15593518045,15593518045,15593518045,0.000000,0,0,0,0,2,multiscale+elgendi_like,1.000000,0.000000,0,0,0,0,1.000000,6.111885,1,799.999000,0.000000,,v0.4.1-interval-core
15594326043,15594326043,15594326043,15594326043,0.000000,0,0,0,0,2,multiscale+elgendi_like,1.000000,0.000000,0,0,0,0,1.000000,5.914656,1,796.000500,0.000000,,v0.4.1-interval-core
15595102044,15595102044,15595102044,15595102044,0.000000,0,0,0,0,2,multiscale+elgendi_like,1.000000,0.000000,0,0,0,0,1.000000,5.736028,1,799.999000,0.000000,,v0.4.1-interval-core
15595886043,15595886043,15595886043,15595886043,0.000000,0,0,0,0,2,multiscale+elgendi_like,1.000000,0.000000,0,0,0,0,1.000000,6.373515,1,799.999000,0.000000,,v0.4.1-interval-core
15596678045,15596678045,15596678045,15596678045,0.000000,0,0,0,0,2,multiscale+elgendi_like,1.000000,0.000000,0,0,0,0,1.000000,6.048341,1,799.999000,0.000000,,v0.4.1-interval-core
15597430044,15597422046,15597430044,15597430044,7.998000,0,0,0,0,2,multiscale+elgendi_like,1.000000,0.000000,0,0,0,0,1.000000,5.752995,1,799.999000,7.998000,,v0.4.1-interval-core
15598254046,15598254046,15598254046,15598254046,0.000000,0,0,0,0,2,multiscale+elgendi_like,1.000000,0.000000,0,0,0,0,1.000000,6.880574,1,792.003000,0.000000,,v0.4.1-interval-core
15599070043,0,15599070043,15599070043,0.000000,1,0,0,0,2,multiscale+elgendi_like,1.000000,0.000000,0,0,1,0,1.000000,6.284340,1,792.002000,0.000000,,v0.4.1-interval-core
15599910043,0,15599910043,15599910043,0.000000,1,0,0,0,2,multiscale+elgendi_like,1.000000,0.000000,0,0,1,0,1.000000,6.343997,1,792.000000,0.000000,,v0.4.1-interval-core
15600702043,15600702043,15600702043,15600702043,0.000000,0,0,0,0,2,multiscale+elgendi_like,1.000000,0.000000,0,0,0,0,1.000000,5.993829,1,791.997000,0.000000,,v0.4.1-interval-core
15601486043,15601486043,15601486043,15601486043,0.000000,0,0,0,0,2,multiscale+elgendi_like,1.000000,0.000000,0,0,0,0,1.000000,6.229144,1,791.997000,0.000000,,v0.4.1-interval-core
15602246043,15602246043,15602246043,15602246043,0.000000,0,0,0,0,2,multiscale+elgendi_like,1.000000,0.000000,0,0,0,0,1.000000,5.977478,1,791.997000,0.000000,,v0.4.1-interval-core
15602974043,15602974043,15602974043,15602974043,0.000000,0,0,0,0,2,multiscale+elgendi_like,1.000000,0.000000,0,0,0,0,1.000000,5.481937,1,792.000000,0.000000,,v0.4.1-interval-core
15603686043,15603678047,15603686043,15603686043,7.996000,0,0,0,0,2,multiscale+elgendi_like,1.000000,0.000000,0,0,0,0,1.000000,5.718260,1,792.001000,7.996000,,v0.4.1-interval-core
15604422044,15604422044,15604422044,15604422044,0.000000,0,0,0,0,2,multiscale+elgendi_like,1.000000,0.000000,0,0,0,0,1.000000,6.512653,1,792.001000,0.000000,,v0.4.1-interval-core
15605214047,0,15605214047,15605214047,0.000000,1,0,0,0,2,multiscale+elgendi_like,1.000000,0.000000,0,0,1,0,1.000000,6.284419,1,792.001000,0.000000,,v0.4.1-interval-core
15605974043,0,15605974043,15605974043,0.000000,1,0,0,0,2,multiscale+elgendi_like,1.000000,0.000000,0,0,1,0,1.000000,6.090966,1,792.000000,0.000000,,v0.4.1-interval-core
15606734046,0,15606734046,15606734046,0.000000,1,0,0,0,2,multiscale+elgendi_like,1.000000,0.000000,0,0,1,0,1.000000,6.044332,1,792.002000,0.000000,,v0.4.1-interval-core
15607526043,0,15607526043,15607526043,0.000000,1,0,0,0,2,multiscale+elgendi_like,1.000000,0.000000,0,0,1,0,1.000000,6.414839,1,792.002000,0.000000,,v0.4.1-interval-core
15608334044,0,15608334044,15608334044,0.000000,1,0,0,0,2,multiscale+elgendi_like,1.000000,0.000000,0,0,1,0,1.000000,6.592647,1,792.003000,0.000000,,v0.4.1-interval-core
15609190043,0,15609190043,15609190043,0.000000,1,0,0,0,2,multiscale+elgendi_like,1.000000,0.000000,0,0,1,0,1.000000,6.452925,1,808.001000,0.000000,,v0.4.1-interval-core
15609982045,0,15609982045,15609982045,0.000000,1,0,0,0,2,multiscale+elgendi_like,1.000000,0.000000,0,0,1,0,1.000000,6.160548,1,808.001000,0.000000,,v0.4.1-interval-core
15610822045,15610822045,15610822045,15610822045,0.000000,0,0,0,0,2,multiscale+elgendi_like,1.000000,0.000000,0,0,0,0,1.000000,6.813123,1,792.003000,0.000000,,v0.4.1-interval-core
15611678043,0,15611678043,15611678043,0.000000,1,0,0,0,2,multiscale+elgendi_like,1.000000,0.000000,0,0,1,0,1.000000,6.916436,1,792.003000,0.000000,,v0.4.1-interval-core
15612558043,0,15612558043,15612558043,0.000000,1,0,0,0,2,multiscale+elgendi_like,1.000000,0.000000,0,0,1,0,1.000000,6.671107,1,803.999500,0.000000,,v0.4.1-interval-core
15613438043,0,15613438043,15613438043,0.000000,1,0,0,0,2,multiscale+elgendi_like,1.000000,0.000000,0,0,1,0,1.000000,6.414548,1,815.999500,0.000000,,v0.4.1-interval-core
15614286043,0,15614286043,15614286043,0.000000,1,0,0,0,2,multiscale+elgendi_like,1.000000,0.000000,0,0,1,0,1.000000,5.710783,1,808.001000,0.000000,,v0.4.1-interval-core
15615126046,15615126046,15615126046,15615126046,0.000000,0,0,0,0,2,multiscale+elgendi_like,1.000000,0.000000,0,0,0,0,1.000000,5.928554,1,819.998000,0.000000,,v0.4.1-interval-core
15615974043,15615974043,15615974043,15615974043,0.000000,0,0,0,0,2,multiscale+elgendi_like,1.000000,0.000000,0,0,0,0,1.000000,5.772934,1,831.999000,0.000000,,v0.4.1-interval-core
15616814043,15616814043,15616814043,15616814043,0.000000,0,0,0,0,2,multiscale+elgendi_like,1.000000,0.000000,0,0,0,0,1.000000,5.127962,1,831.999000,0.000000,,v0.4.1-interval-core
15617598047,15617598047,15617598047,15617598047,0.000000,0,0,0,0,2,multiscale+elgendi_like,1.000000,0.000000,0,0,0,0,1.000000,5.454316,1,840.000000,0.000000,,v0.4.1-interval-core
15618398045,15618398045,15618398045,15618398045,0.000000,0,0,0,0,2,multiscale+elgendi_like,1.000000,0.000000,0,0,0,0,1.000000,5.770468,1,840.000000,0.000000,,v0.4.1-interval-core
15619222043,15619222043,15619222043,15619222043,0.000000,0,0,0,0,2,multiscale+elgendi_like,1.000000,0.000000,0,0,0,0,1.000000,5.681998,1,840.000000,0.000000,,v0.4.1-interval-core
15620062043,15620054044,15620062043,15620062043,7.999000,0,0,0,0,2,multiscale+elgendi_like,1.000000,0.000000,0,0,0,0,1.000000,5.321248,1,840.000000,7.999000,,v0.4.1-interval-core
15620862046,15620862046,15620862046,15620862046,0.000000,0,0,0,0,2,multiscale+elgendi_like,1.000000,0.000000,0,0,0,0,1.000000,5.170534,1,840.000000,0.000000,,v0.4.1-interval-core
15621670043,15621670043,15621670043,15621670043,0.000000,0,0,0,0,2,multiscale+elgendi_like,1.000000,0.000000,0,0,0,0,1.000000,5.551928,1,840.001500,0.000000,,v0.4.1-interval-core
15622510043,15622502043,15622510043,15622510043,8.000000,0,0,0,0,2,multiscale+elgendi_like,1.000000,0.000000,0,0,0,0,1.000000,5.093932,1,840.000000,8.000000,,v0.4.1-interval-core
15623326044,15623318044,15623326044,15623326044,8.000000,0,0,0,0,2,multiscale+elgendi_like,1.000000,0.000000,0,0,0,0,1.000000,5.201787,1,840.000000,8.000000,,v0.4.1-interval-core
15624182046,15624182046,15624182046,15624182046,0.000000,0,0,0,0,2,multiscale+elgendi_like,1.000000,0.000000,0,0,0,0,1.000000,5.571588,1,839.996000,0.000000,,v0.4.1-interval-core
15625070047,15625070047,15625070047,15625070047,0.000000,0,0,0,0,2,multiscale+elgendi_like,1.000000,0.000000,0,0,0,0,1.000000,5.526123,1,823.998000,0.000000,,v0.4.1-interval-core
15625910043,15625910043,15625910043,15625910043,0.000000,0,0,0,0,2,multiscale+elgendi_like,1.000000,0.000000,0,0,0,0,1.000000,5.565704,1,816.001000,0.000000,,v0.4.1-interval-core
15626774043,15626774043,15626774043,15626774043,0.000000,0,0,0,0,2,multiscale+elgendi_like,1.000000,0.000000,0,0,0,0,1.000000,5.741832,1,807.997000,0.000000,,v0.4.1-interval-core
15627622043,15627614046,15627622043,15627622043,7.997000,0,0,0,0,2,multiscale+elgendi_like,1.000000,0.000000,0,0,0,0,1.000000,5.625078,1,807.997000,7.997000,,v0.4.1-interval-core
15628406046,15628406046,15628406046,15628406046,0.000000,0,0,0,0,2,multiscale+elgendi_like,1.000000,0.000000,0,0,0,0,1.000000,5.458045,1,807.997000,0.000000,,v0.4.1-interval-core
15629158043,15629158043,15629158043,15629158043,0.000000,0,0,0,0,2,multiscale+elgendi_like,1.000000,0.000000,0,0,0,0,1.000000,5.363469,1,816.001000,0.000000,,v0.4.1-interval-core
15629902043,15629902043,15629902043,15629902043,0.000000,0,0,0,0,2,multiscale+elgendi_like,1.000000,0.000000,0,0,0,0,1.000000,5.816751,1,816.001000,0.000000,,v0.4.1-interval-core
15630630047,15630630047,15630630047,15630630047,0.000000,0,0,0,0,2,multiscale+elgendi_like,1.000000,0.000000,0,0,0,0,1.000000,5.731449,1,807.997000,0.000000,,v0.4.1-interval-core
15631318043,0,15631318043,15631318043,0.000000,1,0,0,0,2,multiscale+elgendi_like,1.000000,0.000000,0,0,1,0,1.000000,5.819935,1,807.997000,0.000000,,v0.4.1-interval-core
15631974043,15631974043,15631974043,15631974043,0.000000,0,0,0,0,2,multiscale+elgendi_like,1.000000,0.000000,0,0,0,0,1.000000,5.921989,1,816.001000,0.000000,,v0.4.1-interval-core
15632686043,0,15632686043,15632686043,0.000000,1,0,0,0,2,multiscale+elgendi_like,1.000000,0.000000,0,0,1,0,1.000000,6.802373,1,816.001000,0.000000,,v0.4.1-interval-core
15633462043,0,15633462043,15633462043,0.000000,1,0,0,0,2,multiscale+elgendi_like,1.000000,0.000000,0,0,1,0,1.000000,6.768993,1,816.001000,0.000000,,v0.4.1-interval-core
15634318043,0,15634318043,15634318043,0.000000,1,0,0,0,2,multiscale+elgendi_like,1.000000,0.000000,0,0,1,0,1.000000,7.194076,1,808.000000,0.000000,,v0.4.1-interval-core
15635238043,0,15635238043,15635238043,0.000000,1,0,0,0,2,multiscale+elgendi_like,1.000000,0.000000,0,0,1,0,1.000000,6.992423,1,807.997000,0.000000,,v0.4.1-interval-core
15636070043,0,15636070043,15636070043,0.000000,1,0,0,0,2,multiscale+elgendi_like,1.000000,0.000000,0,0,1,0,1.000000,5.864957,1,800.000000,0.000000,,v0.4.1-interval-core
15636846046,15636846046,15636846046,15636846046,0.000000,0,0,0,0,2,multiscale+elgendi_like,1.000000,0.000000,0,0,0,0,1.000000,6.363996,1,804.000000,0.000000,,v0.4.1-interval-core
15637646043,0,15637646043,15637646043,0.000000,1,0,0,0,2,multiscale+elgendi_like,1.000000,0.000000,0,0,1,0,1.000000,6.604161,1,804.000000,0.000000,,v0.4.1-interval-core
15638462044,0,15638462044,15638462044,0.000000,1,0,0,0,2,multiscale+elgendi_like,1.000000,0.000000,0,0,1,0,1.000000,6.413074,1,800.000000,0.000000,,v0.4.1-interval-core
15639294043,0,15639294043,15639294043,0.000000,1,0,0,0,2,multiscale+elgendi_like,1.000000,0.000000,0,0,1,0,1.000000,5.994621,1,800.000000,0.000000,,v0.4.1-interval-core
15640094043,0,15640094043,15640094043,0.000000,1,0,0,0,2,multiscale+elgendi_like,1.000000,0.000000,0,0,1,0,1.000000,6.010704,1,808.000000,0.000000,,v0.4.1-interval-core
15640902043,15640902043,15640902043,15640902043,0.000000,0,0,0,0,2,multiscale+elgendi_like,1.000000,0.000000,0,0,0,0,1.000000,6.228448,1,815.999000,0.000000,,v0.4.1-interval-core
15641726046,15641726046,15641726046,15641726046,0.000000,0,0,0,0,2,multiscale+elgendi_like,1.000000,0.000000,0,0,0,0,1.000000,6.084883,1,816.000000,0.000000,,v0.4.1-interval-core
15642526043,15642526043,15642526043,15642526043,0.000000,0,0,0,0,2,multiscale+elgendi_like,1.000000,0.000000,0,0,0,0,1.000000,6.040747,1,816.001000,0.000000,,v0.4.1-interval-core
15643342044,15643342044,15643342044,15643342044,0.000000,0,0,0,0,2,multiscale+elgendi_like,1.000000,0.000000,0,0,0,0,1.000000,6.576903,1,816.001000,0.000000,,v0.4.1-interval-core
15644174047,0,15644174047,15644174047,0.000000,1,0,0,0,2,multiscale+elgendi_like,1.000000,0.000000,0,0,1,0,1.000000,6.252078,1,820.000500,0.000000,,v0.4.1-interval-core
15645014043,0,15645014043,15645014043,0.000000,1,0,0,0,2,multiscale+elgendi_like,1.000000,0.000000,0,0,1,0,1.000000,5.958974,1,820.000500,0.000000,,v0.4.1-interval-core
15645838043,0,15645838043,15645838043,0.000000,1,0,0,0,2,multiscale+elgendi_like,1.000000,0.000000,0,0,1,0,1.000000,6.102911,1,816.001000,0.000000,,v0.4.1-interval-core
15646654044,0,15646654044,15646654044,0.000000,1,0,0,0,2,multiscale+elgendi_like,1.000000,0.000000,0,0,1,0,1.000000,6.336607,1,816.001000,0.000000,,v0.4.1-interval-core
15647470043,0,15647470043,15647470043,0.000000,1,0,0,0,2,multiscale+elgendi_like,1.000000,0.000000,0,0,1,0,1.000000,5.995121,1,816.000500,0.000000,,v0.4.1-interval-core
15648270046,0,15648270046,15648270046,0.000000,1,0,0,0,2,multiscale+elgendi_like,1.000000,0.000000,0,0,1,0,1.000000,6.223070,1,816.000000,0.000000,,v0.4.1-interval-core
15649118043,0,15649118043,15649118043,0.000000,1,0,0,0,2,multiscale+elgendi_like,1.000000,0.000000,0,0,1,0,1.000000,6.628690,1,816.001000,0.000000,,v0.4.1-interval-core
15649982043,0,15649982043,15649982043,0.000000,1,0,0,0,2,multiscale+elgendi_like,1.000000,0.000000,0,0,1,0,1.000000,6.390425,1,816.000500,0.000000,,v0.4.1-interval-core
15650846043,0,15650846043,15650846043,0.000000,1,0,0,0,2,multiscale+elgendi_like,1.000000,0.000000,0,0,1,0,1.000000,6.217094,1,816.001000,0.000000,,v0.4.1-interval-core
15651622043,0,15651622043,15651622043,0.000000,1,0,0,0,2,multiscale+elgendi_like,1.000000,0.000000,0,0,1,0,1.000000,5.664254,1,816.001000,0.000000,,v0.4.1-interval-core
15652374043,15652366046,15652374043,15652374043,7.997000,0,0,0,0,2,multiscale+elgendi_like,1.000000,0.000000,0,0,0,0,1.000000,6.122046,1,820.000500,7.997000,,v0.4.1-interval-core
15653166043,0,15653166043,15653166043,0.000000,1,0,0,0,2,multiscale+elgendi_like,1.000000,0.000000,0,0,1,0,1.000000,6.185743,1,820.000500,0.000000,,v0.4.1-interval-core
15653982043,0,15653982043,15653982043,0.000000,1,0,0,0,2,multiscale+elgendi_like,1.000000,0.000000,0,0,1,0,1.000000,6.026904,1,828.001500,0.000000,,v0.4.1-interval-core
15654774043,0,15654774043,15654774043,0.000000,1,0,0,0,2,multiscale+elgendi_like,1.000000,0.000000,0,0,1,0,1.000000,5.845634,1,835.999500,0.000000,,v0.4.1-interval-core
15655558045,15655558045,15655558045,15655558045,0.000000,0,0,0,0,2,multiscale+elgendi_like,1.000000,0.000000,0,0,0,0,1.000000,6.251991,1,839.997000,0.000000,,v0.4.1-interval-core
15656398043,0,15656398043,15656398043,0.000000,1,0,0,0,2,multiscale+elgendi_like,1.000000,0.000000,0,0,1,0,1.000000,6.587977,1,843.997500,0.000000,,v0.4.1-interval-core
15657286043,0,15657286043,15657286043,0.000000,1,0,0,0,2,multiscale+elgendi_like,1.000000,0.000000,0,0,1,0,1.000000,6.467734,1,851.998500,0.000000,,v0.4.1-interval-core
15658182043,0,15658182043,15658182043,0.000000,1,0,0,0,2,multiscale+elgendi_like,1.000000,0.000000,0,0,1,0,1.000000,6.062022,1,856.000000,0.000000,,v0.4.1-interval-core
15659086047,0,15659086047,15659086047,0.000000,1,0,0,0,2,multiscale+elgendi_like,1.000000,0.000000,0,0,1,0,1.000000,6.514668,1,860.000000,0.000000,,v0.4.1-interval-core
15660030044,0,15660030044,15660030044,0.000000,1,0,0,0,2,multiscale+elgendi_like,1.000000,0.000000,0,0,1,0,1.000000,6.497544,1,860.000000,0.000000,,v0.4.1-interval-core
15660990043,0,15660990043,15660990043,0.000000,1,0,0,0,2,multiscale+elgendi_like,1.000000,0.000000,0,0,1,0,1.000000,5.999688,1,864.000000,0.000000,,v0.4.1-interval-core
15661846043,0,15661846043,15661846043,0.000000,1,0,0,0,2,multiscale+elgendi_like,1.000000,0.000000,0,0,1,0,1.000000,5.762774,1,880.000000,0.000000,,v0.4.1-interval-core
15662702043,15662702043,15662702043,15662702043,0.000000,0,0,0,0,2,multiscale+elgendi_like,1.000000,0.000000,0,0,0,0,1.000000,6.233634,1,880.000000,0.000000,,v0.4.1-interval-core
15663582043,0,15663582043,15663582043,0.000000,1,0,0,0,2,multiscale+elgendi_like,1.000000,0.000000,0,0,1,0,1.000000,6.303222,1,888.000000,0.000000,,v0.4.1-interval-core
15664438043,0,15664438043,15664438043,0.000000,1,0,0,0,2,multiscale+elgendi_like,1.000000,0.000000,0,0,1,0,1.000000,5.827884,1,896.000000,0.000000,,v0.4.1-interval-core
15665334043,0,15665334043,15665334043,0.000000,1,0,0,0,2,multiscale+elgendi_like,1.000000,0.000000,0,0,1,0,1.000000,6.376286,1,896.000000,0.000000,,v0.4.1-interval-core
15666230043,0,15666230043,15666230043,0.000000,1,0,0,0,2,multiscale+elgendi_like,1.000000,0.000000,0,0,1,0,1.000000,6.435182,1,896.000000,0.000000,,v0.4.1-interval-core
15667182043,0,15667182043,15667182043,0.000000,1,0,0,0,2,multiscale+elgendi_like,1.000000,0.000000,0,0,1,0,1.000000,6.308389,1,896.000000,0.000000,,v0.4.1-interval-core
15668142043,0,15668142043,15668142043,0.000000,1,0,0,0,2,multiscale+elgendi_like,1.000000,0.000000,0,0,1,0,1.000000,5.991431,1,896.000000,0.000000,,v0.4.1-interval-core
15669102045,0,15669102045,15669102045,0.000000,1,0,0,0,2,multiscale+elgendi_like,1.000000,0.000000,0,0,1,0,1.000000,6.297015,1,888.000000,0.000000,,v0.4.1-interval-core
15670078043,0,15670078043,15670078043,0.000000,1,0,0,0,2,multiscale+elgendi_like,1.000000,0.000000,0,0,1,0,1.000000,6.530682,1,880.000000,0.000000,,v0.4.1-interval-core
15670974043,0,15670974043,15670974043,0.000000,1,0,0,0,2,multiscale+elgendi_like,1.000000,0.000000,0,0,1,0,1.000000,5.827788,1,880.000000,0.000000,,v0.4.1-interval-core
15671838046,0,15671838046,15671838046,0.000000,1,0,0,0,2,multiscale+elgendi_like,1.000000,0.000000,0,0,1,0,1.000000,6.050955,1,880.000000,0.000000,,v0.4.1-interval-core
15672694043,0,15672694043,15672694043,0.000000,1,0,0,0,2,multiscale+elgendi_like,1.000000,0.000000,0,0,1,0,1.000000,6.230520,1,880.000000,0.000000,,v0.4.1-interval-core
15673526043,0,15673526043,15673526043,0.000000,1,0,0,0,2,multiscale+elgendi_like,1.000000,0.000000,0,0,1,0,1.000000,5.708422,1,896.000000,0.000000,,v0.4.1-interval-core
15674310044,0,15674310044,15674310044,0.000000,1,0,0,0,2,multiscale+elgendi_like,1.000000,0.000000,0,0,1,0,1.000000,5.935601,1,896.000000,0.000000,,v0.4.1-interval-core
15675134043,0,15675134043,15675134043,0.000000,1,0,0,0,2,multiscale+elgendi_like,1.000000,0.000000,0,0,1,0,1.000000,6.390100,1,888.000000,0.000000,,v0.4.1-interval-core
15675998043,0,15675998043,15675998043,0.000000,1,0,0,0,2,multiscale+elgendi_like,1.000000,0.000000,0,0,1,0,1.000000,6.434221,1,896.000000,0.000000,,v0.4.1-interval-core
15676878043,0,15676878043,15676878043,0.000000,1,0,0,0,2,multiscale+elgendi_like,1.000000,0.000000,0,0,1,0,1.000000,6.106380,1,880.003000,0.000000,,v0.4.1-interval-core
15677782043,0,15677782043,15677782043,0.000000,1,0,0,0,2,multiscale+elgendi_like,1.000000,0.000000,0,0,1,0,1.000000,6.683056,1,880.000000,0.000000,,v0.4.1-interval-core
15678718043,0,15678718043,15678718043,0.000000,1,0,0,0,2,multiscale+elgendi_like,1.000000,0.000000,0,0,1,0,1.000000,6.742306,1,864.003000,0.000000,,v0.4.1-interval-core
15679662043,0,15679662043,15679662043,0.000000,1,0,0,0,2,multiscale+elgendi_like,1.000000,0.000000,0,0,1,0,1.000000,6.542735,1,864.000000,0.000000,,v0.4.1-interval-core
15680566043,0,15680566043,15680566043,0.000000,1,0,0,0,2,multiscale+elgendi_like,1.000000,0.000000,0,0,1,0,1.000000,6.200877,1,851.997000,0.000000,,v0.4.1-interval-core
15681446046,0,15681446046,15681446046,0.000000,1,0,0,0,2,multiscale+elgendi_like,1.000000,0.000000,0,0,1,0,1.000000,6.341897,1,839.998500,0.000000,,v0.4.1-interval-core
15682294043,0,15682294043,15682294043,0.000000,1,0,0,0,2,multiscale+elgendi_like,1.000000,0.000000,0,0,1,0,1.000000,6.206481,1,827.999500,0.000000,,v0.4.1-interval-core
15683094043,0,15683094043,15683094043,0.000000,1,0,0,0,2,multiscale+elgendi_like,1.000000,0.000000,0,0,1,0,1.000000,5.862590,1,820.001000,0.000000,,v0.4.1-interval-core
15683902044,15683902044,15683902044,15683902044,0.000000,0,0,0,0,2,multiscale+elgendi_like,1.000000,0.000000,0,0,0,0,1.000000,6.065413,1,808.000500,0.000000,,v0.4.1-interval-core
15684702045,15684702045,15684702045,15684702045,0.000000,0,0,0,0,2,multiscale+elgendi_like,1.000000,0.000000,0,0,0,0,1.000000,5.835001,1,807.999500,0.000000,,v0.4.1-interval-core
15685502045,15685502045,15685502045,15685502045,0.000000,0,0,0,0,2,multiscale+elgendi_like,1.000000,0.000000,0,0,0,0,1.000000,6.162640,1,808.000500,0.000000,,v0.4.1-interval-core
15686278047,15686278047,15686278047,15686278047,0.000000,0,0,0,0,2,multiscale+elgendi_like,1.000000,0.000000,0,0,0,0,1.000000,5.748711,1,808.000500,0.000000,,v0.4.1-interval-core
15687038043,15687030045,15687038043,15687038043,7.998000,0,0,0,0,2,multiscale+elgendi_like,1.000000,0.000000,0,0,0,0,1.000000,5.890410,1,807.999500,7.998000,,v0.4.1-interval-core
15687822045,15687814043,15687822045,15687822045,8.002000,0,0,0,0,2,multiscale+elgendi_like,1.000000,0.000000,0,0,0,0,1.000000,6.374141,1,807.999500,8.002000,,v0.4.1-interval-core
15688630044,0,15688630044,15688630044,0.000000,1,0,0,0,2,multiscale+elgendi_like,1.000000,0.000000,0,0,1,0,1.000000,6.370093,1,800.001000,0.000000,,v0.4.1-interval-core
15689422043,0,15689422043,15689422043,0.000000,1,0,0,0,2,multiscale+elgendi_like,1.000000,0.000000,0,0,1,0,1.000000,5.836956,1,800.000000,0.000000,,v0.4.1-interval-core
15690222043,15690222043,15690222043,15690222043,0.000000,0,0,0,0,2,multiscale+elgendi_like,1.000000,0.000000,0,0,0,0,1.000000,6.384189,1,800.000000,0.000000,,v0.4.1-interval-core
15691030043,15691030043,15691030043,15691030043,0.000000,0,0,0,0,2,multiscale+elgendi_like,1.000000,0.000000,0,0,0,0,1.000000,6.243581,1,800.000000,0.000000,,v0.4.1-interval-core
15691830043,15691830043,15691830043,15691830043,0.000000,0,0,0,0,2,multiscale+elgendi_like,1.000000,0.000000,0,0,0,0,1.000000,6.164292,1,800.000000,0.000000,,v0.4.1-interval-core
15692646047,15692646047,15692646047,15692646047,0.000000,0,0,0,0,2,multiscale+elgendi_like,1.000000,0.000000,0,0,0,0,1.000000,6.410076,1,800.000000,0.000000,,v0.4.1-interval-core
15693478043,0,15693478043,15693478043,0.000000,1,0,0,0,2,multiscale+elgendi_like,1.000000,0.000000,0,0,1,0,1.000000,5.985807,1,800.000000,0.000000,,v0.4.1-interval-core
15694262043,0,15694262043,15694262043,0.000000,1,0,0,0,2,multiscale+elgendi_like,1.000000,0.000000,0,0,1,0,1.000000,6.199891,1,800.000000,0.000000,,v0.4.1-interval-core
15695062043,15695062043,15695062043,15695062043,0.000000,0,0,0,0,2,multiscale+elgendi_like,1.000000,0.000000,0,0,0,0,1.000000,6.108829,1,800.000000,0.000000,,v0.4.1-interval-core
15695830043,15695822043,15695830043,15695830043,8.000000,0,0,0,0,2,multiscale+elgendi_like,1.000000,0.000000,0,0,0,0,1.000000,5.595949,1,800.000000,8.000000,,v0.4.1-interval-core
15696574047,15696574047,15696574047,15696574047,0.000000,0,0,0,0,2,multiscale+elgendi_like,1.000000,0.000000,0,0,0,0,1.000000,6.133999,1,800.000000,0.000000,,v0.4.1-interval-core
15697374044,15697374044,15697374044,15697374044,0.000000,0,0,0,0,2,multiscale+elgendi_like,1.000000,0.000000,0,0,0,0,1.000000,6.474359,1,800.000000,0.000000,,v0.4.1-interval-core
15698182043,0,15698182043,15698182043,0.000000,1,0,0,0,2,multiscale+elgendi_like,1.000000,0.000000,0,0,1,0,1.000000,5.901866,1,800.000000,0.000000,,v0.4.1-interval-core
15698982043,0,15698982043,15698982043,0.000000,1,0,0,0,2,multiscale+elgendi_like,1.000000,0.000000,0,0,1,0,1.000000,6.085689,1,800.000000,0.000000,,v0.4.1-interval-core
15699814044,15699806046,15699814044,15699814044,7.998000,0,0,0,0,2,multiscale+elgendi_like,1.000000,0.000000,0,0,0,0,1.000000,6.352816,1,800.000000,7.998000,,v0.4.1-interval-core
15700614043,15700614043,15700614043,15700614043,0.000000,0,0,0,0,2,multiscale+elgendi_like,1.000000,0.000000,0,0,0,0,1.000000,5.976828,1,800.000000,0.000000,,v0.4.1-interval-core
15701406043,15701398044,15701406043,15701406043,7.999000,0,0,0,0,2,multiscale+elgendi_like,1.000000,0.000000,0,0,0,0,1.000000,6.089114,1,800.000000,7.999000,,v0.4.1-interval-core
15702206043,15702206043,15702206043,15702206043,0.000000,0,0,0,0,2,multiscale+elgendi_like,1.000000,0.000000,0,0,0,0,1.000000,6.082754,1,800.000000,0.000000,,v0.4.1-interval-core
15702998043,15702990044,15702998043,15702998043,7.999000,0,0,0,0,2,multiscale+elgendi_like,1.000000,0.000000,0,0,0,0,1.000000,5.723315,1,800.000000,7.999000,,v0.4.1-interval-core
15703790047,15703790047,15703790047,15703790047,0.000000,0,0,0,0,2,multiscale+elgendi_like,1.000000,0.000000,0,0,0,0,1.000000,6.181204,1,800.000000,0.000000,,v0.4.1-interval-core
15704622043,15704622043,15704622043,15704622043,0.000000,0,0,0,0,2,multiscale+elgendi_like,1.000000,0.000000,0,0,0,0,1.000000,6.165744,1,799.999000,0.000000,,v0.4.1-interval-core
15705478046,15705478046,15705478046,15705478046,0.000000,0,0,0,0,2,multiscale+elgendi_like,1.000000,0.000000,0,0,0,0,1.000000,6.330037,1,799.999000,0.000000,,v0.4.1-interval-core
15706310046,15706310046,15706310046,15706310046,0.000000,0,0,0,0,2,multiscale+elgendi_like,1.000000,0.000000,0,0,0,0,1.000000,5.854411,1,799.999000,0.000000,,v0.4.1-interval-core
15707102043,15707102043,15707102043,15707102043,0.000000,0,0,0,0,2,multiscale+elgendi_like,1.000000,0.000000,0,0,0,0,1.000000,5.944807,1,800.000000,0.000000,,v0.4.1-interval-core
15707910043,15707910043,15707910043,15707910043,0.000000,0,0,0,0,2,multiscale+elgendi_like,1.000000,0.000000,0,0,0,0,1.000000,6.135740,1,800.000000,0.000000,,v0.4.1-interval-core
15708718043,15708718043,15708718043,15708718043,0.000000,0,0,0,0,2,multiscale+elgendi_like,1.000000,0.000000,0,0,0,0,1.000000,5.536711,1,800.000000,0.000000,,v0.4.1-interval-core
15709494044,15709494044,15709494044,15709494044,0.000000,0,0,0,0,2,multiscale+elgendi_like,1.000000,0.000000,0,0,0,0,1.000000,5.346375,1,800.000000,0.000000,,v0.4.1-interval-core
15710294043,15710294043,15710294043,15710294043,0.000000,0,0,0,0,2,multiscale+elgendi_like,1.000000,0.000000,0,0,0,0,1.000000,5.692580,1,800.000000,0.000000,,v0.4.1-interval-core
15711102046,15711102046,15711102046,15711102046,0.000000,0,0,0,0,2,multiscale+elgendi_like,1.000000,0.000000,0,0,0,0,1.000000,5.626377,1,800.000000,0.000000,,v0.4.1-interval-core
15711886045,15711886045,15711886045,15711886045,0.000000,0,0,0,0,2,multiscale+elgendi_like,1.000000,0.000000,0,0,0,0,1.000000,5.672057,1,799.999000,0.000000,,v0.4.1-interval-core
15712694043,15712694043,15712694043,15712694043,0.000000,0,0,0,0,2,multiscale+elgendi_like,1.000000,0.000000,0,0,0,0,1.000000,6.156840,1,799.999000,0.000000,,v0.4.1-interval-core
15713494043,0,15713494043,15713494043,0.000000,1,0,0,0,2,multiscale+elgendi_like,1.000000,0.000000,0,0,1,0,1.000000,6.209052,1,792.004000,0.000000,,v0.4.1-interval-core
15714278043,0,15714278043,15714278043,0.000000,1,0,0,0,2,multiscale+elgendi_like,1.000000,0.000000,0,0,1,0,1.000000,6.045943,1,792.004000,0.000000,,v0.4.1-interval-core
15715062047,15715062047,15715062047,15715062047,0.000000,0,0,0,0,2,multiscale+elgendi_like,1.000000,0.000000,0,0,0,0,1.000000,6.241978,1,791.997000,0.000000,,v0.4.1-interval-core
15715870043,15715862043,15715870043,15715870043,8.000000,0,0,0,0,2,multiscale+elgendi_like,1.000000,0.000000,0,0,0,0,1.000000,6.416860,1,784.004000,8.000000,,v0.4.1-interval-core
15716678043,15716678043,15716678043,15716678043,0.000000,0,0,0,0,2,multiscale+elgendi_like,1.000000,0.000000,0,0,0,0,1.000000,6.142742,1,784.001000,0.000000,,v0.4.1-interval-core
15717454044,15717454044,15717454044,15717454044,0.000000,0,0,0,0,2,multiscale+elgendi_like,1.000000,0.000000,0,0,0,0,1.000000,6.017997,1,784.000000,0.000000,,v0.4.1-interval-core
15718238045,15718238045,15718238045,15718238045,0.000000,0,0,0,0,2,multiscale+elgendi_like,1.000000,0.000000,0,0,0,0,1.000000,6.391699,1,783.999500,0.000000,,v0.4.1-interval-core
15719006043,15719006043,15719006043,15719006043,0.000000,0,0,0,0,2,multiscale+elgendi_like,1.000000,0.000000,0,0,0,0,1.000000,6.278542,1,780.000000,0.000000,,v0.4.1-interval-core
15719790043,15719790043,15719790043,15719790043,0.000000,0,0,0,0,2,multiscale+elgendi_like,1.000000,0.000000,0,0,0,0,1.000000,6.127158,1,776.001000,0.000000,,v0.4.1-interval-core
15720558047,15720558047,15720558047,15720558047,0.000000,0,0,0,0,2,multiscale+elgendi_like,1.000000,0.000000,0,0,0,0,1.000000,6.159103,1,776.001000,0.000000,,v0.4.1-interval-core
15721318043,15721310043,15721318043,15721318043,8.000000,0,0,0,0,2,multiscale+elgendi_like,1.000000,0.000000,0,0,0,0,1.000000,6.081173,1,776.000000,8.000000,,v0.4.1-interval-core
15722086043,15722086043,15722086043,15722086043,0.000000,0,0,0,0,2,multiscale+elgendi_like,1.000000,0.000000,0,0,0,0,1.000000,6.431751,1,768.004000,0.000000,,v0.4.1-interval-core
15722862043,0,15722862043,15722862043,0.000000,1,0,0,0,2,multiscale+elgendi_like,1.000000,0.000000,0,0,1,0,1.000000,6.226518,1,768.000000,0.000000,,v0.4.1-interval-core
15723598043,0,15723598043,15723598043,0.000000,1,0,0,0,2,multiscale+elgendi_like,1.000000,0.000000,0,0,1,0,1.000000,5.867886,1,767.998000,0.000000,,v0.4.1-interval-core
15724278043,0,15724278043,15724278043,0.000000,1,0,0,0,2,multiscale+elgendi_like,1.000000,0.000000,0,0,1,0,1.000000,5.355478,1,759.996000,0.000000,,v0.4.1-interval-core
15724918046,15724918046,15724918046,15724918046,0.000000,0,0,0,0,2,multiscale+elgendi_like,1.000000,0.000000,0,0,0,0,1.000000,5.490142,1,759.996000,0.000000,,v0.4.1-interval-core
15725534043,15725534043,15725534043,15725534043,0.000000,0,0,0,0,2,multiscale+elgendi_like,1.000000,0.000000,0,0,0,0,1.000000,5.235405,1,759.996000,0.000000,,v0.4.1-interval-core
15726182047,15726182047,15726182047,15726182047,0.000000,0,0,0,0,2,multiscale+elgendi_like,1.000000,0.000000,0,0,0,0,1.000000,7.584754,1,752.000000,0.000000,,v0.4.1-interval-core
15726878043,0,15726878043,15726878043,0.000000,1,0,0,0,2,multiscale+elgendi_like,1.000000,0.000000,0,0,1,1,1.000000,6.649594,1,744.000000,0.000000,,v0.4.1-interval-core
15727590043,0,15727590043,15727590043,0.000000,1,0,0,0,2,multiscale+elgendi_like,1.000000,0.000000,0,0,1,1,1.000000,6.425352,1,744.000000,0.000000,,v0.4.1-interval-core
15728302043,0,15728302043,15728302043,0.000000,1,0,0,0,2,multiscale+elgendi_like,1.000000,0.000000,0,0,1,1,1.000000,6.591402,1,744.000000,0.000000,,v0.4.1-interval-core
15728990043,0,15728990043,15728990043,0.000000,1,0,0,0,2,multiscale+elgendi_like,1.000000,0.000000,0,0,1,0,1.000000,6.148104,1,744.000000,0.000000,,v0.4.1-interval-core
15729646045,0,15729646045,15729646045,0.000000,1,0,0,0,2,multiscale+elgendi_like,1.000000,0.000000,0,0,1,0,1.000000,5.836665,1,744.000000,0.000000,,v0.4.1-interval-core
15730342046,0,15730342046,15730342046,0.000000,1,0,0,0,2,multiscale+elgendi_like,1.000000,0.000000,0,0,1,0,1.000000,5.969293,1,744.000000,0.000000,,v0.4.1-interval-core
15731086046,15731086046,15731086046,15731086046,0.000000,0,0,0,0,2,multiscale+elgendi_like,1.000000,0.000000,0,0,0,0,1.000000,6.002761,1,744.000000,0.000000,,v0.4.1-interval-core
15731894043,15731894043,15731894043,15731894043,0.000000,0,0,0,0,2,multiscale+elgendi_like,1.000000,0.000000,0,0,0,0,1.000000,6.112476,1,744.000000,0.000000,,v0.4.1-interval-core
15732678043,15732678043,15732678043,15732678043,0.000000,0,0,0,0,2,multiscale+elgendi_like,1.000000,0.000000,0,0,0,0,1.000000,5.653380,1,744.000000,0.000000,,v0.4.1-interval-core
15733414043,15733414043,15733414043,15733414043,0.000000,0,0,0,0,2,multiscale+elgendi_like,1.000000,0.000000,0,0,0,0,1.000000,5.887462,1,740.000000,0.000000,,v0.4.1-interval-core
15734158043,15734158043,15734158043,15734158043,0.000000,0,0,0,0,2,multiscale+elgendi_like,1.000000,0.000000,0,0,0,0,1.000000,6.323428,1,740.000000,0.000000,,v0.4.1-interval-core
15734942045,15734942045,15734942045,15734942045,0.000000,0,0,0,0,2,multiscale+elgendi_like,1.000000,0.000000,0,0,0,0,1.000000,6.409124,1,744.000000,0.000000,,v0.4.1-interval-core
15735742043,15735742043,15735742043,15735742043,0.000000,0,0,0,0,2,multiscale+elgendi_like,1.000000,0.000000,0,0,0,0,1.000000,6.015052,1,764.000000,0.000000,,v0.4.1-interval-core
15736566043,15736566043,15736566043,15736566043,0.000000,0,0,0,0,2,multiscale+elgendi_like,1.000000,0.000000,0,0,0,0,1.000000,6.085543,1,784.001000,0.000000,,v0.4.1-interval-core
15737414043,15737414043,15737414043,15737414043,0.000000,0,0,0,0,2,multiscale+elgendi_like,1.000000,0.000000,0,0,0,0,1.000000,6.091982,1,792.000000,0.000000,,v0.4.1-interval-core
15738270047,15738270047,15738270047,15738270047,0.000000,0,0,0,0,2,multiscale+elgendi_like,1.000000,0.000000,0,0,0,0,1.000000,5.865232,1,807.997000,0.000000,,v0.4.1-interval-core
15739102043,15739102043,15739102043,15739102043,0.000000,0,0,0,0,2,multiscale+elgendi_like,1.000000,0.000000,0,0,0,0,1.000000,5.845634,1,824.000000,0.000000,,v0.4.1-interval-core
15739926045,15739926045,15739926045,15739926045,0.000000,0,0,0,0,2,multiscale+elgendi_like,1.000000,0.000000,0,0,0,0,1.000000,6.050174,1,824.000000,0.000000,,v0.4.1-interval-core
15740774043,15740774043,15740774043,15740774043,0.000000,0,0,0,0,2,multiscale+elgendi_like,1.000000,0.000000,0,0,0,0,1.000000,6.332793,1,824.000000,0.000000,,v0.4.1-interval-core
15741646043,0,15741646043,15741646043,0.000000,1,0,0,0,2,multiscale+elgendi_like,1.000000,0.000000,0,0,1,0,1.000000,6.437213,1,824.001000,0.000000,,v0.4.1-interval-core
15742510047,0,15742510047,15742510047,0.000000,1,0,0,0,2,multiscale+elgendi_like,1.000000,0.000000,0,0,1,0,1.000000,5.704647,1,824.001000,0.000000,,v0.4.1-interval-core
15743342043,15743342043,15743342043,15743342043,0.000000,0,0,0,0,2,multiscale+elgendi_like,1.000000,0.000000,0,0,0,0,1.000000,6.024528,1,824.001000,0.000000,,v0.4.1-interval-core
15744206043,15744198043,15744206043,15744206043,8.000000,0,0,0,0,2,multiscale+elgendi_like,1.000000,0.000000,0,0,0,0,1.000000,6.419016,1,824.001000,8.000000,,v0.4.1-interval-core
15745070047,0,15745070047,15745070047,0.000000,1,0,0,0,2,multiscale+elgendi_like,1.000000,0.000000,0,0,1,0,1.000000,6.510695,1,824.003000,0.000000,,v0.4.1-interval-core
15745934043,0,15745934043,15745934043,0.000000,1,0,0,0,2,multiscale+elgendi_like,1.000000,0.000000,0,0,1,0,1.000000,6.490466,1,824.001000,0.000000,,v0.4.1-interval-core
15746758043,0,15746758043,15746758043,0.000000,1,0,0,0,2,multiscale+elgendi_like,1.000000,0.000000,0,0,1,0,1.000000,6.020098,1,824.001000,0.000000,,v0.4.1-interval-core
15747574043,15747566043,15747574043,15747574043,8.000000,0,0,0,0,2,multiscale+elgendi_like,1.000000,0.000000,0,0,0,0,1.000000,6.284884,1,824.001000,8.000000,,v0.4.1-interval-core
15748382047,15748382047,15748382047,15748382047,0.000000,0,0,0,0,2,multiscale+elgendi_like,1.000000,0.000000,0,0,0,0,1.000000,6.177966,1,823.998000,0.000000,,v0.4.1-interval-core
15749182044,15749182044,15749182044,15749182044,0.000000,0,0,0,0,2,multiscale+elgendi_like,1.000000,0.000000,0,0,0,0,1.000000,5.961946,1,820.000000,0.000000,,v0.4.1-interval-core
15749942046,15749942046,15749942046,15749942046,0.000000,0,0,0,0,2,multiscale+elgendi_like,1.000000,0.000000,0,0,0,0,1.000000,5.903996,1,816.003000,0.000000,,v0.4.1-interval-core
15750718043,15750718043,15750718043,15750718043,0.000000,0,0,0,0,2,multiscale+elgendi_like,1.000000,0.000000,0,0,0,0,1.000000,6.353787,1,816.000000,0.000000,,v0.4.1-interval-core
15751534043,15751534043,15751534043,15751534043,0.000000,0,0,0,0,2,multiscale+elgendi_like,1.000000,0.000000,0,0,0,0,1.000000,6.453567,1,815.996000,0.000000,,v0.4.1-interval-core
15752342043,0,15752342043,15752342043,0.000000,1,0,0,0,2,multiscale+elgendi_like,1.000000,0.000000,0,0,1,0,1.000000,5.955445,1,808.004000,0.000000,,v0.4.1-interval-core
15753078047,0,15753078047,15753078047,0.000000,1,0,0,0,2,multiscale+elgendi_like,1.000000,0.000000,0,0,1,0,1.000000,5.703240,1,808.000000,0.000000,,v0.4.1-interval-core
15753846046,15753846046,15753846046,15753846046,0.000000,0,0,0,0,2,multiscale+elgendi_like,1.000000,0.000000,0,0,0,0,1.000000,6.370574,1,808.000000,0.000000,,v0.4.1-interval-core
15754646047,15754638043,15754646047,15754646047,8.004000,0,0,0,0,2,multiscale+elgendi_like,1.000000,0.000000,0,0,0,0,1.000000,6.338258,1,808.000000,8.004000,,v0.4.1-interval-core
15755462043,0,15755462043,15755462043,0.000000,1,0,0,0,2,multiscale+elgendi_like,1.000000,0.000000,0,0,1,0,1.000000,6.310523,1,808.000000,0.000000,,v0.4.1-interval-core
15756294043,0,15756294043,15756294043,0.000000,1,0,0,0,2,multiscale+elgendi_like,1.000000,0.000000,0,0,1,0,1.000000,6.156217,1,808.000000,0.000000,,v0.4.1-interval-core
15757102043,15757102043,15757102043,15757102043,0.000000,0,0,0,0,2,multiscale+elgendi_like,1.000000,0.000000,0,0,0,0,1.000000,5.753436,1,808.000000,0.000000,,v0.4.1-interval-core
15757862043,15757862043,15757862043,15757862043,0.000000,0,0,0,0,2,multiscale+elgendi_like,1.000000,0.000000,0,0,0,0,1.000000,5.474699,1,808.000000,0.000000,,v0.4.1-interval-core
15758638046,15758638046,15758638046,15758638046,0.000000,0,0,0,0,2,multiscale+elgendi_like,1.000000,0.000000,0,0,0,0,1.000000,5.903161,1,808.000000,0.000000,,v0.4.1-interval-core
15759374043,15759374043,15759374043,15759374043,0.000000,0,0,0,0,2,multiscale+elgendi_like,1.000000,0.000000,0,0,0,0,1.000000,5.750625,1,808.000000,0.000000,,v0.4.1-interval-core
15760094043,15760094043,15760094043,15760094043,0.000000,0,0,0,0,2,multiscale+elgendi_like,1.000000,0.000000,0,0,0,0,1.000000,5.889328,1,808.000000,0.000000,,v0.4.1-interval-core
15760862043,15760862043,15760862043,15760862043,0.000000,0,0,0,0,2,multiscale+elgendi_like,1.000000,0.000000,0,0,0,0,1.000000,6.509765,1,808.000000,0.000000,,v0.4.1-interval-core
15761670046,0,15761670046,15761670046,0.000000,1,0,0,0,2,multiscale+elgendi_like,1.000000,0.000000,0,0,1,0,1.000000,6.554693,1,808.000000,0.000000,,v0.4.1-interval-core
15762486043,0,15762486043,15762486043,0.000000,1,0,0,0,2,multiscale+elgendi_like,1.000000,0.000000,0,0,1,0,1.000000,6.211573,1,808.000000,0.000000,,v0.4.1-interval-core
15763310043,0,15763310043,15763310043,0.000000,1,0,0,0,2,multiscale+elgendi_like,1.000000,0.000000,0,0,1,0,1.000000,6.473433,1,808.000000,0.000000,,v0.4.1-interval-core
15764158043,15764158043,15764158043,15764158043,0.000000,0,0,0,0,2,multiscale+elgendi_like,1.000000,0.000000,0,0,0,0,1.000000,6.606693,1,808.003000,0.000000,,v0.4.1-interval-core
15765014043,0,15765014043,15765014043,0.000000,1,0,0,0,2,multiscale+elgendi_like,1.000000,0.000000,0,0,1,0,1.000000,6.605836,1,815.997000,0.000000,,v0.4.1-interval-core
15765846043,0,15765846043,15765846043,0.000000,1,0,0,0,2,multiscale+elgendi_like,1.000000,0.000000,0,0,1,0,1.000000,6.279336,1,815.997000,0.000000,,v0.4.1-interval-core
15766686044,15766678047,15766686044,15766686044,7.997000,0,0,0,0,2,multiscale+elgendi_like,1.000000,0.000000,0,0,0,0,1.000000,6.130191,1,815.997000,7.997000,,v0.4.1-interval-core
15767510043,15767510043,15767510043,15767510043,0.000000,0,0,0,0,2,multiscale+elgendi_like,1.000000,0.000000,0,0,0,0,1.000000,5.987702,1,815.997000,0.000000,,v0.4.1-interval-core
15768302043,15768302043,15768302043,15768302043,0.000000,0,0,0,0,2,multiscale+elgendi_like,1.000000,0.000000,0,0,0,0,1.000000,6.181433,1,808.004000,0.000000,,v0.4.1-interval-core
15769110043,15769110043,15769110043,15769110043,0.000000,0,0,0,0,2,multiscale+elgendi_like,1.000000,0.000000,0,0,0,0,1.000000,6.444895,1,815.997000,0.000000,,v0.4.1-interval-core
15769926043,15769926043,15769926043,15769926043,0.000000,0,0,0,0,2,multiscale+elgendi_like,1.000000,0.000000,0,0,0,0,1.000000,5.874522,1,815.997000,0.000000,,v0.4.1-interval-core
15770758045,15770758045,15770758045,15770758045,0.000000,0,0,0,0,2,multiscale+elgendi_like,1.000000,0.000000,0,0,0,0,1.000000,5.722226,1,815.998000,0.000000,,v0.4.1-interval-core
15771574043,15771574043,15771574043,15771574043,0.000000,0,0,0,0,2,multiscale+elgendi_like,1.000000,0.000000,0,0,0,0,1.000000,5.518473,1,815.999000,0.000000,,v0.4.1-interval-core
15772398043,15772390043,15772398043,15772398043,8.000000,0,0,0,0,2,multiscale+elgendi_like,1.000000,0.000000,0,0,0,0,1.000000,5.370935,1,816.000000,8.000000,,v0.4.1-interval-core
15773182043,15773174047,15773182043,15773182043,7.996000,0,0,0,0,2,multiscale+elgendi_like,1.000000,0.000000,0,0,0,0,1.000000,5.292180,1,819.999500,7.996000,,v0.4.1-interval-core
15773974043,15773966043,15773974043,15773974043,8.000000,0,0,0,0,2,multiscale+elgendi_like,1.000000,0.000000,0,0,0,0,1.000000,5.568938,1,823.999500,8.000000,,v0.4.1-interval-core
15774782043,15774782043,15774782043,15774782043,0.000000,0,0,0,0,2,multiscale+elgendi_like,1.000000,0.000000,0,0,0,0,1.000000,5.476621,1,819.999500,0.000000,,v0.4.1-interval-core
15775582044,15775582044,15775582044,15775582044,0.000000,0,0,0,0,2,multiscale+elgendi_like,1.000000,0.000000,0,0,0,0,1.000000,5.362205,1,819.999500,0.000000,,v0.4.1-interval-core
15776390043,15776390043,15776390043,15776390043,0.000000,0,0,0,0,2,multiscale+elgendi_like,1.000000,0.000000,0,0,0,0,1.000000,5.569255,1,816.000000,0.000000,,v0.4.1-interval-core
15777214045,15777214045,15777214045,15777214045,0.000000,0,0,0,0,2,multiscale+elgendi_like,1.000000,0.000000,0,0,0,0,1.000000,5.574907,1,815.999000,0.000000,,v0.4.1-interval-core
15778054043,15778046044,15778054043,15778054043,7.999000,0,0,0,0,2,multiscale+elgendi_like,1.000000,0.000000,0,0,0,0,1.000000,5.329616,1,815.999000,7.999000,,v0.4.1-interval-core
15778862043,15778862043,15778862043,15778862043,0.000000,0,0,0,0,2,multiscale+elgendi_like,1.000000,0.000000,0,0,0,0,1.000000,5.298469,1,815.997500,0.000000,,v0.4.1-interval-core
15779702045,15779694043,15779702045,15779702045,8.002000,0,0,0,0,2,multiscale+elgendi_like,1.000000,0.000000,0,0,0,0,1.000000,5.784986,1,815.997500,8.002000,,v0.4.1-interval-core
15780550043,15780542043,15780550043,15780550043,8.000000,0,0,0,0,2,multiscale+elgendi_like,1.000000,0.000000,0,0,0,0,1.000000,5.512680,1,815.999000,8.000000,,v0.4.1-interval-core
15781366043,15781366043,15781366043,15781366043,0.000000,0,0,0,0,2,multiscale+elgendi_like,1.000000,0.000000,0,0,0,0,1.000000,5.070101,1,815.999000,0.000000,,v0.4.1-interval-core
15782182047,15782182047,15782182047,15782182047,0.000000,0,0,0,0,2,multiscale+elgendi_like,1.000000,0.000000,0,0,0,0,1.000000,5.401367,1,815.999000,0.000000,,v0.4.1-interval-core
15782998043,15782998043,15782998043,15782998043,0.000000,0,0,0,0,2,multiscale+elgendi_like,1.000000,0.000000,0,0,0,0,1.000000,5.128718,1,815.998500,0.000000,,v0.4.1-interval-core
15783798046,15783790043,15783798046,15783798046,8.003000,0,0,0,0,2,multiscale+elgendi_like,1.000000,0.000000,0,0,0,0,1.000000,5.259523,1,815.998500,8.003000,,v0.4.1-interval-core
15784614043,15784614043,15784614043,15784614043,0.000000,0,0,0,0,2,multiscale+elgendi_like,1.000000,0.000000,0,0,0,0,1.000000,5.799963,1,816.000000,0.000000,,v0.4.1-interval-core
15785430046,15785430046,15785430046,15785430046,0.000000,0,0,0,0,2,multiscale+elgendi_like,1.000000,0.000000,0,0,0,0,1.000000,5.393443,1,816.001500,0.000000,,v0.4.1-interval-core
15786206046,15786206046,15786206046,15786206046,0.000000,0,0,0,0,2,multiscale+elgendi_like,1.000000,0.000000,0,0,0,0,1.000000,5.396141,1,816.003500,0.000000,,v0.4.1-interval-core
15787022046,15787014043,15787022046,15787022046,8.003000,0,0,0,0,2,multiscale+elgendi_like,1.000000,0.000000,0,0,0,0,1.000000,6.013168,1,820.002000,8.003000,,v0.4.1-interval-core
15787846046,15787846046,15787846046,15787846046,0.000000,0,0,0,0,2,multiscale+elgendi_like,1.000000,0.000000,0,0,0,0,1.000000,5.924427,1,824.000000,0.000000,,v0.4.1-interval-core
15788678046,15788670047,15788678046,15788678046,7.999000,0,0,0,0,2,multiscale+elgendi_like,1.000000,0.000000,0,0,0,0,1.000000,5.500788,1,824.000000,7.999000,,v0.4.1-interval-core
15789486045,15789486045,15789486045,15789486045,0.000000,0,0,0,0,2,multiscale+elgendi_like,1.000000,0.000000,0,0,0,0,1.000000,5.756941,1,824.000000,0.000000,,v0.4.1-interval-core
15790318046,15790318046,15790318046,15790318046,0.000000,0,0,0,0,2,multiscale+elgendi_like,1.000000,0.000000,0,0,0,0,1.000000,5.968036,1,824.000000,0.000000,,v0.4.1-interval-core
15791174043,0,15791174043,15791174043,0.000000,1,0,0,0,2,multiscale+elgendi_like,1.000000,0.000000,0,0,1,0,1.000000,5.967113,1,820.002000,0.000000,,v0.4.1-interval-core
15791998043,0,15791998043,15791998043,0.000000,1,0,0,0,2,multiscale+elgendi_like,1.000000,0.000000,0,0,1,0,1.000000,5.808416,1,820.002000,0.000000,,v0.4.1-interval-core
15792830044,15792830044,15792830044,15792830044,0.000000,0,0,0,0,2,multiscale+elgendi_like,1.000000,0.000000,0,0,0,0,1.000000,6.185385,1,816.003000,0.000000,,v0.4.1-interval-core
15793686043,15793686043,15793686043,15793686043,0.000000,0,0,0,0,2,multiscale+elgendi_like,1.000000,0.000000,0,0,0,0,1.000000,6.097438,1,816.000000,0.000000,,v0.4.1-interval-core
15794558043,15794550043,15794558043,15794558043,8.000000,0,0,0,0,2,multiscale+elgendi_like,1.000000,0.000000,0,0,0,0,1.000000,5.966582,1,816.000000,8.000000,,v0.4.1-interval-core
15795406044,15795406044,15795406044,15795406044,0.000000,0,0,0,0,2,multiscale+elgendi_like,1.000000,0.000000,0,0,0,0,1.000000,6.020568,1,816.003000,0.000000,,v0.4.1-interval-core
15796238043,15796238043,15796238043,15796238043,0.000000,0,0,0,0,2,multiscale+elgendi_like,1.000000,0.000000,0,0,0,0,1.000000,5.944898,1,816.000000,0.000000,,v0.4.1-interval-core
15797038043,15797038043,15797038043,15797038043,0.000000,0,0,0,0,2,multiscale+elgendi_like,1.000000,0.000000,0,0,0,0,1.000000,5.844396,1,808.000000,0.000000,,v0.4.1-interval-core
15797846043,15797846043,15797846043,15797846043,0.000000,0,0,0,0,2,multiscale+elgendi_like,1.000000,0.000000,0,0,0,0,1.000000,6.180953,1,808.000000,0.000000,,v0.4.1-interval-core
15798646043,15798646043,15798646043,15798646043,0.000000,0,0,0,0,2,multiscale+elgendi_like,1.000000,0.000000,0,0,0,0,1.000000,5.825243,1,808.000000,0.000000,,v0.4.1-interval-core
15799422044,15799422044,15799422044,15799422044,0.000000,0,0,0,0,2,multiscale+elgendi_like,1.000000,0.000000,0,0,0,0,1.000000,5.320718,1,807.999000,0.000000,,v0.4.1-interval-core
15800166043,15800166043,15800166043,15800166043,0.000000,0,0,0,0,2,multiscale+elgendi_like,1.000000,0.000000,0,0,0,0,1.000000,5.671026,1,800.000000,0.000000,,v0.4.1-interval-core
15800926043,0,15800926043,15800926043,0.000000,1,0,0,0,2,multiscale+elgendi_like,1.000000,0.000000,0,0,1,0,1.000000,5.963688,1,800.000000,0.000000,,v0.4.1-interval-core
15801702046,0,15801702046,15801702046,0.000000,1,0,0,0,2,multiscale+elgendi_like,1.000000,0.000000,0,0,1,0,1.000000,5.706495,1,800.000000,0.000000,,v0.4.1-interval-core
15802446047,0,15802446047,15802446047,0.000000,1,0,0,0,2,multiscale+elgendi_like,1.000000,0.000000,0,0,1,0,1.000000,5.326967,1,800.000000,0.000000,,v0.4.1-interval-core
15803166043,15803166043,15803166043,15803166043,0.000000,0,0,0,0,2,multiscale+elgendi_like,1.000000,0.000000,0,0,0,0,1.000000,5.863606,1,792.000000,0.000000,,v0.4.1-interval-core
15803934043,15803934043,15803934043,15803934043,0.000000,0,0,0,0,2,multiscale+elgendi_like,1.000000,0.000000,0,0,0,0,1.000000,6.273544,1,792.000000,0.000000,,v0.4.1-interval-core
15804734043,15804734043,15804734043,15804734043,0.000000,0,0,0,0,2,multiscale+elgendi_like,1.000000,0.000000,0,0,0,0,1.000000,6.456678,1,792.000500,0.000000,,v0.4.1-interval-core
15805558045,15805558045,15805558045,15805558045,0.000000,0,0,0,0,2,multiscale+elgendi_like,1.000000,0.000000,0,0,0,0,1.000000,6.158458,1,783.998500,0.000000,,v0.4.1-interval-core
15806318047,15806318047,15806318047,15806318047,0.000000,0,0,0,0,2,multiscale+elgendi_like,1.000000,0.000000,0,0,0,0,1.000000,5.766533,1,783.998500,0.000000,,v0.4.1-interval-core
15807094043,15807086045,15807094043,15807094043,7.998000,0,0,0,0,2,multiscale+elgendi_like,1.000000,0.000000,0,0,0,0,1.000000,6.384245,1,780.000000,7.998000,,v0.4.1-interval-core
15807878043,15807878043,15807878043,15807878043,0.000000,0,0,0,0,2,multiscale+elgendi_like,1.000000,0.000000,0,0,0,0,1.000000,6.408091,1,776.002000,0.000000,,v0.4.1-interval-core
15808678043,0,15808678043,15808678043,0.000000,1,0,0,0,2,multiscale+elgendi_like,1.000000,0.000000,0,0,1,0,1.000000,6.083238,1,776.000500,0.000000,,v0.4.1-interval-core
15809454043,0,15809454043,15809454043,0.000000,1,0,0,0,2,multiscale+elgendi_like,1.000000,0.000000,0,0,1,0,1.000000,5.972331,1,775.996000,0.000000,,v0.4.1-interval-core
15810246043,15810246043,15810246043,15810246043,0.000000,0,0,0,0,2,multiscale+elgendi_like,1.000000,0.000000,0,0,0,0,1.000000,6.521934,1,771.998000,0.000000,,v0.4.1-interval-core
15811046046,15811046046,15811046046,15811046046,0.000000,0,0,0,0,2,multiscale+elgendi_like,1.000000,0.000000,0,0,0,0,1.000000,6.539871,1,760.002000,0.000000,,v0.4.1-interval-core
15811830043,15811830043,15811830043,15811830043,0.000000,0,0,0,0,2,multiscale+elgendi_like,1.000000,0.000000,0,0,0,0,1.000000,5.912554,1,760.002000,0.000000,,v0.4.1-interval-core
15812582043,15812582043,15812582043,15812582043,0.000000,0,0,0,0,2,multiscale+elgendi_like,1.000000,0.000000,0,0,0,0,1.000000,6.089132,1,760.002000,0.000000,,v0.4.1-interval-core
15813374043,15813366043,15813374043,15813374043,8.000000,0,0,0,0,2,multiscale+elgendi_like,1.000000,0.000000,0,0,0,0,1.000000,6.263519,1,752.000000,8.000000,,v0.4.1-interval-core
15814110043,15814110043,15814110043,15814110043,0.000000,0,0,0,0,2,multiscale+elgendi_like,1.000000,0.000000,0,0,0,0,1.000000,5.719924,1,760.002000,0.000000,,v0.4.1-interval-core
15814782043,15814782043,15814782043,15814782043,0.000000,0,0,0,0,2,multiscale+elgendi_like,1.000000,0.000000,0,0,0,1,1.000000,6.276422,1,760.002000,0.000000,,v0.4.1-interval-core
15815454043,0,15815454043,15815454043,0.000000,1,0,0,0,2,multiscale+elgendi_like,1.000000,0.000000,0,0,1,1,1.000000,4.310499,1,752.000000,0.000000,,v0.4.1-interval-core
15816150043,0,15816150043,15816150043,0.000000,1,0,0,0,2,multiscale+elgendi_like,1.000000,0.000000,0,0,1,0,1.000000,6.188673,1,744.000000,0.000000,,v0.4.1-interval-core
15816822043,0,15816822043,15816822043,0.000000,1,0,0,0,2,multiscale+elgendi_like,1.000000,0.000000,0,0,1,0,1.000000,6.083878,1,736.000000,0.000000,,v0.4.1-interval-core
15817462043,15817462043,15817462043,15817462043,0.000000,0,0,0,0,2,multiscale+elgendi_like,1.000000,0.000000,0,0,0,0,1.000000,6.151460,1,728.000000,0.000000,,v0.4.1-interval-core
15818102043,15818094043,15818102043,15818102043,8.000000,0,0,0,0,2,multiscale+elgendi_like,1.000000,0.000000,0,0,0,1,1.000000,5.943767,1,720.000000,8.000000,,v0.4.1-interval-core
15818782043,0,15818782043,15818782043,0.000000,1,0,0,0,2,multiscale+elgendi_like,1.000000,0.000000,0,0,1,1,1.000000,6.625900,1,704.001000,0.000000,,v0.4.1-interval-core
15819494043,0,15819494043,15819494043,0.000000,1,0,0,0,2,multiscale+elgendi_like,1.000000,0.000000,0,0,1,1,1.000000,6.865533,1,696.001000,0.000000,,v0.4.1-interval-core
15820238043,0,15820238043,15820238043,0.000000,1,0,0,0,2,multiscale+elgendi_like,1.000000,0.000000,0,0,1,0,1.000000,7.112740,1,696.000000,0.000000,,v0.4.1-interval-core
15821022043,0,15821022043,15821022043,0.000000,1,0,0,0,2,multiscale+elgendi_like,1.000000,0.000000,0,0,1,1,1.000000,6.774067,1,680.000000,0.000000,,v0.4.1-interval-core
15821750043,0,15821750043,15821750043,0.000000,1,0,0,0,2,multiscale+elgendi_like,1.000000,0.000000,0,0,1,0,1.000000,6.673931,1,680.000000,0.000000,,v0.4.1-interval-core
15822446043,0,15822446043,15822446043,0.000000,1,0,0,0,2,multiscale+elgendi_like,1.000000,0.000000,0,0,1,0,1.000000,6.246612,1,672.000000,0.000000,,v0.4.1-interval-core
15823142045,15823142045,15823142045,15823142045,0.000000,0,0,0,0,2,multiscale+elgendi_like,1.000000,0.000000,0,0,0,0,1.000000,6.083997,1,672.000000,0.000000,,v0.4.1-interval-core
15823814044,15823814044,15823814044,15823814044,0.000000,0,0,0,0,2,multiscale+elgendi_like,1.000000,0.000000,0,0,0,0,1.000000,5.557749,1,672.000000,0.000000,,v0.4.1-interval-core
15824438043,15824438043,15824438043,15824438043,0.000000,0,0,0,0,2,multiscale+elgendi_like,1.000000,0.000000,0,0,0,0,1.000000,4.587220,1,672.000000,0.000000,,v0.4.1-interval-core
15825046043,15825046043,15825046043,15825046043,0.000000,0,0,0,0,2,multiscale+elgendi_like,1.000000,0.000000,0,0,0,0,1.000000,4.854397,1,672.000000,0.000000,,v0.4.1-interval-core
15825646043,15825926043,15825646043,15825646043,-280.000000,0,0,0,0,2,multiscale+elgendi_like,1.000000,0.000000,0,0,0,1,1.000000,5.509048,1,672.000000,280.000000,,v0.4.1-interval-core
15826254043,0,15826254043,15826254043,0.000000,1,0,0,0,2,multiscale+elgendi_like,1.000000,0.000000,0,0,1,0,1.000000,5.643896,1,680.000000,0.000000,,v0.4.1-interval-core
15826878043,15826878043,15826878043,15826878043,0.000000,0,0,0,0,2,multiscale+elgendi_like,1.000000,0.000000,0,0,0,1,1.000000,5.938047,1,680.000000,0.000000,,v0.4.1-interval-core
15827510043,15827510043,15827510043,15827510043,0.000000,0,0,0,0,2,multiscale+elgendi_like,1.000000,0.000000,0,0,0,1,1.000000,5.769215,1,680.000000,0.000000,,v0.4.1-interval-core
15828174043,0,15828174043,15828174043,0.000000,1,0,0,0,2,multiscale+elgendi_like,1.000000,0.000000,0,0,1,1,1.000000,6.085227,1,688.000000,0.000000,,v0.4.1-interval-core
15828838043,0,15828838043,15828838043,0.000000,1,0,0,0,2,multiscale+elgendi_like,1.000000,0.000000,0,0,1,0,1.000000,5.812477,1,696.001000,0.000000,,v0.4.1-interval-core
15829518043,0,15829518043,15829518043,0.000000,1,0,0,0,2,multiscale+elgendi_like,1.000000,0.000000,0,0,1,0,1.000000,5.716142,1,696.002000,0.000000,,v0.4.1-interval-core
15830246043,15830246043,15830246043,15830246043,0.000000,0,0,0,0,2,multiscale+elgendi_like,1.000000,0.000000,0,0,0,0,1.000000,6.440591,1,712.000000,0.000000,,v0.4.1-interval-core
15831006043,15831006043,15831006043,15831006043,0.000000,0,0,0,0,2,multiscale+elgendi_like,1.000000,0.000000,0,0,0,0,1.000000,6.362594,1,728.000000,0.000000,,v0.4.1-interval-core
15831798043,0,15831798043,15831798043,0.000000,1,0,0,0,2,multiscale+elgendi_like,1.000000,0.000000,0,0,1,0,1.000000,6.573785,1,728.000000,0.000000,,v0.4.1-interval-core
15832638043,0,15832638043,15832638043,0.000000,1,0,0,0,2,multiscale+elgendi_like,1.000000,0.000000,0,0,1,0,1.000000,6.699414,1,728.000000,0.000000,,v0.4.1-interval-core
15833462043,0,15833462043,15833462043,0.000000,1,0,0,0,2,multiscale+elgendi_like,1.000000,0.000000,0,0,1,0,1.000000,6.279169,1,728.000000,0.000000,,v0.4.1-interval-core
15834270043,0,15834270043,15834270043,0.000000,1,0,0,0,2,multiscale+elgendi_like,1.000000,0.000000,0,0,1,0,1.000000,6.132260,1,776.000000,0.000000,,v0.4.1-interval-core
15835126047,15835118046,15835126047,15835126047,8.001000,0,0,0,0,2,multiscale+elgendi_like,1.000000,0.000000,0,0,0,0,1.000000,6.588705,1,800.000000,8.001000,,v0.4.1-interval-core
15835966043,0,15835966043,15835966043,0.000000,1,0,0,0,2,multiscale+elgendi_like,1.000000,0.000000,0,0,1,0,1.000000,6.591854,1,800.000000,0.000000,,v0.4.1-interval-core
15836822043,0,15836822043,15836822043,0.000000,1,0,0,0,2,multiscale+elgendi_like,1.000000,0.000000,0,0,1,0,1.000000,6.438314,1,800.000000,0.000000,,v0.4.1-interval-core
15837646043,15837646043,15837646043,15837646043,0.000000,0,0,0,0,2,multiscale+elgendi_like,1.000000,0.000000,0,0,0,0,1.000000,6.200662,1,808.000000,0.000000,,v0.4.1-interval-core
15838510043,15838510043,15838510043,15838510043,0.000000,0,0,0,0,2,multiscale+elgendi_like,1.000000,0.000000,0,0,0,0,1.000000,6.710971,1,816.000000,0.000000,,v0.4.1-interval-core
15839414046,0,15839414046,15839414046,0.000000,1,0,0,0,2,multiscale+elgendi_like,1.000000,0.000000,0,0,1,0,1.000000,6.806015,1,824.000000,0.000000,,v0.4.1-interval-core
15840310043,0,15840310043,15840310043,0.000000,1,0,0,0,2,multiscale+elgendi_like,1.000000,0.000000,0,0,1,0,1.000000,6.440913,1,831.998000,0.000000,,v0.4.1-interval-core
15841190043,0,15841190043,15841190043,0.000000,1,0,0,0,2,multiscale+elgendi_like,1.000000,0.000000,0,0,1,0,1.000000,5.944138,1,839.998000,0.000000,,v0.4.1-interval-core
15842054043,15842054043,15842054043,15842054043,0.000000,0,0,0,0,2,multiscale+elgendi_like,1.000000,0.000000,0,0,0,0,1.000000,5.728709,1,844.000000,0.000000,,v0.4.1-interval-core
15842838047,15842830043,15842838047,15842838047,8.004000,0,0,0,0,2,multiscale+elgendi_like,1.000000,0.000000,0,0,0,0,1.000000,5.592925,1,852.000000,8.004000,,v0.4.1-interval-core
15843630044,15843622046,15843630044,15843630044,7.998000,0,0,0,0,2,multiscale+elgendi_like,1.000000,0.000000,0,0,0,0,1.000000,6.228351,1,856.002000,7.998000,,v0.4.1-interval-core
15844414043,0,15844414043,15844414043,0.000000,1,0,0,0,2,multiscale+elgendi_like,1.000000,0.000000,0,0,1,0,1.000000,5.814612,1,856.002000,0.000000,,v0.4.1-interval-core
15845230043,0,15845230043,15845230043,0.000000,1,0,0,0,2,multiscale+elgendi_like,1.000000,0.000000,0,0,1,0,1.000000,6.497918,1,856.002000,0.000000,,v0.4.1-interval-core
15846078043,0,15846078043,15846078043,0.000000,1,0,0,0,2,multiscale+elgendi_like,1.000000,0.000000,0,0,1,0,1.000000,6.496853,1,856.002000,0.000000,,v0.4.1-interval-core
15846958043,0,15846958043,15846958043,0.000000,1,0,0,0,2,multiscale+elgendi_like,1.000000,0.000000,0,0,1,0,1.000000,6.336318,1,856.000000,0.000000,,v0.4.1-interval-core
15847854043,0,15847854043,15847854043,0.000000,1,0,0,0,2,multiscale+elgendi_like,1.000000,0.000000,0,0,1,0,1.000000,6.573175,1,856.000000,0.000000,,v0.4.1-interval-core
15848750047,0,15848750047,15848750047,0.000000,1,0,0,0,2,multiscale+elgendi_like,1.000000,0.000000,0,0,1,0,1.000000,6.499418,1,856.000000,0.000000,,v0.4.1-interval-core
15849630043,0,15849630043,15849630043,0.000000,1,0,0,0,2,multiscale+elgendi_like,1.000000,0.000000,0,0,1,0,1.000000,6.309642,1,856.000000,0.000000,,v0.4.1-interval-core
15850494043,0,15850494043,15850494043,0.000000,1,0,0,0,2,multiscale+elgendi_like,1.000000,0.000000,0,0,1,0,1.000000,6.407666,1,856.000000,0.000000,,v0.4.1-interval-core
15851350043,0,15851350043,15851350043,0.000000,1,0,0,0,2,multiscale+elgendi_like,1.000000,0.000000,0,0,1,0,1.000000,6.211137,1,856.000000,0.000000,,v0.4.1-interval-core
15852190043,0,15852190043,15852190043,0.000000,1,0,0,0,2,multiscale+elgendi_like,1.000000,0.000000,0,0,1,0,1.000000,6.002518,1,856.000000,0.000000,,v0.4.1-interval-core
15853022044,0,15853022044,15853022044,0.000000,1,0,0,0,2,multiscale+elgendi_like,1.000000,0.000000,0,0,1,0,1.000000,5.770087,1,852.000000,0.000000,,v0.4.1-interval-core
15853838043,15853838043,15853838043,15853838043,0.000000,0,0,0,0,2,multiscale+elgendi_like,1.000000,0.000000,0,0,0,0,1.000000,6.064315,1,848.000000,0.000000,,v0.4.1-interval-core
15854686043,15854686043,15854686043,15854686043,0.000000,0,0,0,0,2,multiscale+elgendi_like,1.000000,0.000000,0,0,0,0,1.000000,6.406657,1,848.000000,0.000000,,v0.4.1-interval-core
15855542043,0,15855542043,15855542043,0.000000,1,0,0,0,2,multiscale+elgendi_like,1.000000,0.000000,0,0,1,0,1.000000,6.337674,1,848.000000,0.000000,,v0.4.1-interval-core
15856422043,0,15856422043,15856422043,0.000000,1,0,0,0,2,multiscale+elgendi_like,1.000000,0.000000,0,0,1,0,1.000000,6.408230,1,848.000000,0.000000,,v0.4.1-interval-core
15857294043,0,15857294043,15857294043,0.000000,1,0,0,0,2,multiscale+elgendi_like,1.000000,0.000000,0,0,1,0,1.000000,6.217675,1,856.000000,0.000000,,v0.4.1-interval-core
15858150046,0,15858150046,15858150046,0.000000,1,0,0,0,2,multiscale+elgendi_like,1.000000,0.000000,0,0,1,0,1.000000,5.907384,1,848.000000,0.000000,,v0.4.1-interval-core
15858998043,15858990047,15858998043,15858998043,7.996000,0,0,0,0,2,multiscale+elgendi_like,1.000000,0.000000,0,0,0,0,1.000000,6.026608,1,848.000000,7.996000,,v0.4.1-interval-core
15859846043,15859846043,15859846043,15859846043,0.000000,0,0,0,0,2,multiscale+elgendi_like,1.000000,0.000000,0,0,0,0,1.000000,5.968566,1,848.000000,0.000000,,v0.4.1-interval-core
15860678043,15860678043,15860678043,15860678043,0.000000,0,0,0,0,2,multiscale+elgendi_like,1.000000,0.000000,0,0,0,0,1.000000,6.062721,1,848.000000,0.000000,,v0.4.1-interval-core
15861518044,15861518044,15861518044,15861518044,0.000000,0,0,0,0,2,multiscale+elgendi_like,1.000000,0.000000,0,0,0,0,1.000000,6.020808,1,848.000000,0.000000,,v0.4.1-interval-core
15862350043,15862350043,15862350043,15862350043,0.000000,0,0,0,0,2,multiscale+elgendi_like,1.000000,0.000000,0,0,0,0,1.000000,6.002253,1,847.998500,0.000000,,v0.4.1-interval-core
15863182043,15863182043,15863182043,15863182043,0.000000,0,0,0,0,2,multiscale+elgendi_like,1.000000,0.000000,0,0,0,0,1.000000,6.335794,1,848.000000,0.000000,,v0.4.1-interval-core
15864038043,0,15864038043,15864038043,0.000000,1,0,0,0,2,multiscale+elgendi_like,1.000000,0.000000,0,0,1,0,1.000000,6.508046,1,848.000000,0.000000,,v0.4.1-interval-core
15864886043,0,15864886043,15864886043,0.000000,1,0,0,0,2,multiscale+elgendi_like,1.000000,0.000000,0,0,1,0,1.000000,6.085696,1,848.000000,0.000000,,v0.4.1-interval-core
15865734045,0,15865734045,15865734045,0.000000,1,0,0,0,2,multiscale+elgendi_like,1.000000,0.000000,0,0,1,0,1.000000,6.323204,1,848.000000,0.000000,,v0.4.1-interval-core
15866590046,15866590046,15866590046,15866590046,0.000000,0,0,0,0,2,multiscale+elgendi_like,1.000000,0.000000,0,0,0,0,1.000000,6.354947,1,847.998000,0.000000,,v0.4.1-interval-core
15867422043,15867414043,15867422043,15867422043,8.000000,0,0,0,0,2,multiscale+elgendi_like,1.000000,0.000000,0,0,0,0,1.000000,5.937191,1,843.999000,8.000000,,v0.4.1-interval-core
15868206043,0,15868206043,15868206043,0.000000,1,0,0,0,2,multiscale+elgendi_like,1.000000,0.000000,0,0,1,0,1.000000,5.792409,1,836.001000,0.000000,,v0.4.1-interval-core
15868990043,0,15868990043,15868990043,0.000000,1,0,0,0,2,multiscale+elgendi_like,1.000000,0.000000,0,0,1,0,1.000000,6.156582,1,832.000500,0.000000,,v0.4.1-interval-core
15869838043,15869838043,15869838043,15869838043,0.000000,0,0,0,0,2,multiscale+elgendi_like,1.000000,0.000000,0,0,0,0,1.000000,6.428237,1,832.000000,0.000000,,v0.4.1-interval-core
15870694043,15870694043,15870694043,15870694043,0.000000,0,0,0,0,2,multiscale+elgendi_like,1.000000,0.000000,0,0,0,0,1.000000,6.329462,1,832.000000,0.000000,,v0.4.1-interval-core
15871526043,15871526043,15871526043,15871526043,0.000000,0,0,0,0,2,multiscale+elgendi_like,1.000000,0.000000,0,0,0,0,1.000000,5.936192,1,831.999000,0.000000,,v0.4.1-interval-core
15872358044,15872358044,15872358044,15872358044,0.000000,0,0,0,0,2,multiscale+elgendi_like,1.000000,0.000000,0,0,0,0,1.000000,6.297270,1,831.999000,0.000000,,v0.4.1-interval-core
15873190043,15873190043,15873190043,15873190043,0.000000,0,0,0,0,2,multiscale+elgendi_like,1.000000,0.000000,0,0,0,0,1.000000,6.336916,1,831.997000,0.000000,,v0.4.1-interval-core
15873998043,15873998043,15873998043,15873998043,0.000000,0,0,0,0,2,multiscale+elgendi_like,1.000000,0.000000,0,0,0,0,1.000000,5.969709,1,824.000000,0.000000,,v0.4.1-interval-core
15874790043,15874790043,15874790043,15874790043,0.000000,0,0,0,0,2,multiscale+elgendi_like,1.000000,0.000000,0,0,0,0,1.000000,6.089667,1,824.000000,0.000000,,v0.4.1-interval-core
15875614043,15875614043,15875614043,15875614043,0.000000,0,0,0,0,2,multiscale+elgendi_like,1.000000,0.000000,0,0,0,0,1.000000,6.495011,1,824.000000,0.000000,,v0.4.1-interval-core
15876438043,0,15876438043,15876438043,0.000000,1,0,0,0,2,multiscale+elgendi_like,1.000000,0.000000,0,0,1,0,1.000000,6.247946,1,824.000000,0.000000,,v0.4.1-interval-core
15877230043,0,15877230043,15877230043,0.000000,1,0,0,0,2,multiscale+elgendi_like,1.000000,0.000000,0,0,1,0,1.000000,5.646625,1,824.000000,0.000000,,v0.4.1-interval-core
15877998047,15877998047,15877998047,15877998047,0.000000,0,0,0,0,2,multiscale+elgendi_like,1.000000,0.000000,0,0,0,0,1.000000,5.783285,1,820.000000,0.000000,,v0.4.1-interval-core
15878766043,15878766043,15878766043,15878766043,0.000000,0,0,0,0,2,multiscale+elgendi_like,1.000000,0.000000,0,0,0,0,1.000000,6.092995,1,820.000000,0.000000,,v0.4.1-interval-core
15879534043,15879534043,15879534043,15879534043,0.000000,0,0,0,0,2,multiscale+elgendi_like,1.000000,0.000000,0,0,0,0,1.000000,6.091537,1,824.000000,0.000000,,v0.4.1-interval-core
15880326043,15880318044,15880326043,15880326043,7.999000,0,0,0,0,2,multiscale+elgendi_like,1.000000,0.000000,0,0,0,0,1.000000,6.152612,1,824.000500,7.999000,,v0.4.1-interval-core
15881110047,15881110047,15881110047,15881110047,0.000000,0,0,0,0,2,multiscale+elgendi_like,1.000000,0.000000,0,0,0,0,1.000000,5.834750,1,824.000000,0.000000,,v0.4.1-interval-core
15881926047,15881926047,15881926047,15881926047,0.000000,0,0,0,0,2,multiscale+elgendi_like,1.000000,0.000000,0,0,0,0,1.000000,5.949880,1,820.000000,0.000000,,v0.4.1-interval-core
15882790044,15882790044,15882790044,15882790044,0.000000,0,0,0,0,2,multiscale+elgendi_like,1.000000,0.000000,0,0,0,0,1.000000,6.303222,1,812.000000,0.000000,,v0.4.1-interval-core
15883630046,15883630046,15883630046,15883630046,0.000000,0,0,0,0,2,multiscale+elgendi_like,1.000000,0.000000,0,0,0,0,1.000000,6.120617,1,803.998500,0.000000,,v0.4.1-interval-core
15884486045,15884486045,15884486045,15884486045,0.000000,0,0,0,0,2,multiscale+elgendi_like,1.000000,0.000000,0,0,0,0,1.000000,6.384108,1,808.000000,0.000000,,v0.4.1-interval-core
15885350043,15885350043,15885350043,15885350043,0.000000,0,0,0,0,2,multiscale+elgendi_like,1.000000,0.000000,0,0,0,0,1.000000,5.977607,1,816.000000,0.000000,,v0.4.1-interval-core
15886174044,15886174044,15886174044,15886174044,0.000000,0,0,0,0,2,multiscale+elgendi_like,1.000000,0.000000,0,0,0,0,1.000000,5.789100,1,816.000000,0.000000,,v0.4.1-interval-core
15886998047,15886998047,15886998047,15886998047,0.000000,0,0,0,0,2,multiscale+elgendi_like,1.000000,0.000000,0,0,0,0,1.000000,5.997114,1,799.997000,0.000000,,v0.4.1-interval-core
15887790045,15887790045,15887790045,15887790045,0.000000,0,0,0,0,2,multiscale+elgendi_like,1.000000,0.000000,0,0,0,0,1.000000,5.678583,1,792.000000,0.000000,,v0.4.1-interval-core
15888574044,15888566043,15888574044,15888574044,8.001000,0,0,0,0,2,multiscale+elgendi_like,1.000000,0.000000,0,0,0,0,1.000000,5.382251,1,792.000000,8.001000,,v0.4.1-interval-core
15889358046,15889350043,15889358046,15889358046,8.003000,0,0,0,0,2,multiscale+elgendi_like,1.000000,0.000000,0,0,0,0,1.000000,6.142383,1,792.000000,8.003000,,v0.4.1-interval-core
15890158043,15890150043,15890158043,15890158043,8.000000,0,0,0,0,2,multiscale+elgendi_like,1.000000,0.000000,0,0,0,0,1.000000,6.382229,1,792.000000,8.000000,,v0.4.1-interval-core
15890982046,15890974043,15890982046,15890982046,8.003000,0,0,0,0,2,multiscale+elgendi_like,1.000000,0.000000,0,0,0,0,1.000000,5.904390,1,792.000000,8.003000,,v0.4.1-interval-core
15891822043,15891814043,15891822043,15891822043,8.000000,0,0,0,0,2,multiscale+elgendi_like,1.000000,0.000000,0,0,0,0,1.000000,5.767096,1,792.000500,8.000000,,v0.4.1-interval-core
15892662043,15892662043,15892662043,15892662043,0.000000,0,0,0,0,2,multiscale+elgendi_like,1.000000,0.000000,0,0,0,0,1.000000,6.048122,1,788.000000,0.000000,,v0.4.1-interval-core
15893446045,15893446045,15893446045,15893446045,0.000000,0,0,0,0,2,multiscale+elgendi_like,1.000000,0.000000,0,0,0,0,1.000000,5.700804,1,784.002000,0.000000,,v0.4.1-interval-core
15894190044,15894190044,15894190044,15894190044,0.000000,0,0,0,0,2,multiscale+elgendi_like,1.000000,0.000000,0,0,0,0,1.000000,5.555496,1,784.002000,0.000000,,v0.4.1-interval-core
15894950043,15894942043,15894950043,15894950043,8.000000,0,0,0,0,2,multiscale+elgendi_like,1.000000,0.000000,0,0,0,0,1.000000,5.714002,1,784.002000,8.000000,,v0.4.1-interval-core
15895662045,15895662045,15895662045,15895662045,0.000000,0,0,0,0,2,multiscale+elgendi_like,1.000000,0.000000,0,0,0,0,1.000000,5.488351,1,784.002000,0.000000,,v0.4.1-interval-core
15896326047,15896326047,15896326047,15896326047,0.000000,0,0,0,0,2,multiscale+elgendi_like,1.000000,0.000000,0,0,0,0,1.000000,5.361115,1,784.002000,0.000000,,v0.4.1-interval-core
15896990043,0,15896990043,15896990043,0.000000,1,0,0,0,2,multiscale+elgendi_like,1.000000,0.000000,0,0,1,0,1.000000,6.031960,1,784.002000,0.000000,,v0.4.1-interval-core
15897670047,15897454047,15897670047,15897670047,216.000000,0,0,0,0,2,multiscale+elgendi_like,1.000000,0.000000,0,0,0,0,1.000000,6.128856,1,784.001000,216.000000,,v0.4.1-interval-core
15898398043,0,15898398043,15898398043,0.000000,1,0,0,0,2,multiscale+elgendi_like,1.000000,0.000000,0,0,1,0,1.000000,6.219680,1,784.001000,0.000000,,v0.4.1-interval-core
15899118043,0,15899118043,15899118043,0.000000,1,0,0,0,2,multiscale+elgendi_like,1.000000,0.000000,0,0,1,0,1.000000,6.066263,1,783.999500,0.000000,,v0.4.1-interval-core
15899838043,0,15899838043,15899838043,0.000000,1,0,0,0,2,multiscale+elgendi_like,1.000000,0.000000,0,0,1,0,1.000000,6.394587,1,780.000000,0.000000,,v0.4.1-interval-core
15900614043,0,15900614043,15900614043,0.000000,1,0,0,0,2,multiscale+elgendi_like,1.000000,0.000000,0,0,1,0,1.000000,6.837245,1,767.999500,0.000000,,v0.4.1-interval-core
15901494043,0,15901494043,15901494043,0.000000,1,0,0,0,2,multiscale+elgendi_like,1.000000,0.000000,0,0,1,0,1.000000,7.478984,1,755.998000,0.000000,,v0.4.1-interval-core
15902334043,0,15902334043,15902334043,0.000000,1,0,0,0,2,multiscale+elgendi_like,1.000000,0.000000,0,0,1,0,1.000000,6.605503,1,743.999000,0.000000,,v0.4.1-interval-core
15903166043,0,15903166043,15903166043,0.000000,1,0,0,0,2,multiscale+elgendi_like,1.000000,0.000000,0,0,1,0,1.000000,6.885169,1,727.996000,0.000000,,v0.4.1-interval-core
15903998043,0,15903998043,15903998043,0.000000,1,0,0,0,2,multiscale+elgendi_like,1.000000,0.000000,0,0,1,0,1.000000,6.762427,1,720.000000,0.000000,,v0.4.1-interval-core
15904782043,0,15904782043,15904782043,0.000000,1,0,0,0,2,multiscale+elgendi_like,1.000000,0.000000,0,0,1,0,1.000000,6.429410,1,720.000000,0.000000,,v0.4.1-interval-core
15905566046,0,15905566046,15905566046,0.000000,1,0,0,0,2,multiscale+elgendi_like,1.000000,0.000000,0,0,1,0,1.000000,6.497445,1,720.000000,0.000000,,v0.4.1-interval-core
15906318043,0,15906318043,15906318043,0.000000,1,0,0,0,2,multiscale+elgendi_like,1.000000,0.000000,0,0,1,0,1.000000,6.023892,1,720.000000,0.000000,,v0.4.1-interval-core
15907014043,15907014043,15907014043,15907014043,0.000000,0,0,0,0,2,multiscale+elgendi_like,1.000000,0.000000,0,0,0,0,1.000000,5.843207,1,720.000000,0.000000,,v0.4.1-interval-core
15907678043,15907678043,15907678043,15907678043,0.000000,0,0,0,0,2,multiscale+elgendi_like,1.000000,0.000000,0,0,0,0,1.000000,5.369972,1,727.996000,0.000000,,v0.4.1-interval-core
15908326043,15908318046,15908326043,15908326043,7.997000,0,0,0,0,2,multiscale+elgendi_like,1.000000,0.000000,0,0,0,0,1.000000,5.592539,1,736.002000,7.997000,,v0.4.1-interval-core
15908950043,15908950043,15908950043,15908950043,0.000000,0,0,0,0,2,multiscale+elgendi_like,1.000000,0.000000,0,0,0,0,1.000000,5.399180,1,743.999500,0.000000,,v0.4.1-interval-core
15909558043,15909550047,15909558043,15909558043,7.996000,0,0,0,0,2,multiscale+elgendi_like,1.000000,0.000000,0,0,0,1,1.000000,5.329560,1,755.997500,7.996000,,v0.4.1-interval-core
15910222043,15910222043,15910222043,15910222043,0.000000,0,0,0,0,2,multiscale+elgendi_like,1.000000,0.000000,0,0,0,0,1.000000,6.327739,1,759.998000,0.000000,,v0.4.1-interval-core
15910926043,0,15910926043,15910926043,0.000000,1,0,0,0,2,multiscale+elgendi_like,1.000000,0.000000,0,0,1,0,1.000000,6.130546,1,780.000000,0.000000,,v0.4.1-interval-core
15911630043,0,15911630043,15911630043,0.000000,1,0,0,0,2,multiscale+elgendi_like,1.000000,0.000000,0,0,1,0,1.000000,5.857056,1,780.000000,0.000000,,v0.4.1-interval-core
15912366045,0,15912366045,15912366045,0.000000,1,0,0,0,2,multiscale+elgendi_like,1.000000,0.000000,0,0,1,0,1.000000,6.377057,1,784.001500,0.000000,,v0.4.1-interval-core
15913126043,15913126043,15913126043,15913126043,0.000000,0,0,0,0,2,multiscale+elgendi_like,1.000000,0.000000,0,0,0,0,1.000000,6.402703,1,784.001500,0.000000,,v0.4.1-interval-core
15913918043,15913918043,15913918043,15913918043,0.000000,0,0,0,0,2,multiscale+elgendi_like,1.000000,0.000000,0,0,0,0,1.000000,6.406524,1,784.001500,0.000000,,v0.4.1-interval-core
15914726045,15914726045,15914726045,15914726045,0.000000,0,0,0,0,2,multiscale+elgendi_like,1.000000,0.000000,0,0,0,0,1.000000,6.440968,1,784.001500,0.000000,,v0.4.1-interval-core
15915574043,15915566043,15915574043,15915574043,8.000000,0,0,0,0,2,multiscale+elgendi_like,1.000000,0.000000,0,0,0,0,1.000000,6.444994,1,784.001500,8.000000,,v0.4.1-interval-core
15916414043,15916406043,15916414043,15916414043,8.000000,0,0,0,0,2,multiscale+elgendi_like,1.000000,0.000000,0,0,0,0,1.000000,6.231190,1,788.001500,8.000000,,v0.4.1-interval-core
15917254043,15917254043,15917254043,15917254043,0.000000,0,0,0,0,2,multiscale+elgendi_like,1.000000,0.000000,0,0,0,0,1.000000,5.945807,1,796.001000,0.000000,,v0.4.1-interval-core
15918078043,15918078043,15918078043,15918078043,0.000000,0,0,0,0,2,multiscale+elgendi_like,1.000000,0.000000,0,0,0,0,1.000000,6.014765,1,799.999500,0.000000,,v0.4.1-interval-core
15918926043,15918926043,15918926043,15918926043,0.000000,0,0,0,0,2,multiscale+elgendi_like,1.000000,0.000000,0,0,0,0,1.000000,6.317786,1,800.002000,0.000000,,v0.4.1-interval-core
15919774044,15919774044,15919774044,15919774044,0.000000,0,0,0,0,2,multiscale+elgendi_like,1.000000,0.000000,0,0,0,0,1.000000,6.254034,1,807.999000,0.000000,,v0.4.1-interval-core
15920590044,15920590044,15920590044,15920590044,0.000000,0,0,0,0,2,multiscale+elgendi_like,1.000000,0.000000,0,0,0,0,1.000000,5.284905,1,808.002000,0.000000,,v0.4.1-interval-core
15921398043,15921398043,15921398043,15921398043,0.000000,0,0,0,0,2,multiscale+elgendi_like,1.000000,0.000000,0,0,0,0,1.000000,5.741796,1,808.002000,0.000000,,v0.4.1-interval-core
15922214043,15922206047,15922214043,15922214043,7.996000,0,0,0,0,2,multiscale+elgendi_like,1.000000,0.000000,0,0,0,0,1.000000,6.072841,1,812.001000,7.996000,,v0.4.1-interval-core
15923054045,15923046047,15923054045,15923054045,7.998000,0,0,0,0,2,multiscale+elgendi_like,1.000000,0.000000,0,0,0,0,1.000000,6.174087,1,812.001000,7.998000,,v0.4.1-interval-core
15923854047,15923854047,15923854047,15923854047,0.000000,0,0,0,0,2,multiscale+elgendi_like,1.000000,0.000000,0,0,0,0,1.000000,5.393597,1,816.000000,0.000000,,v0.4.1-interval-core
15924638047,15924638047,15924638047,15924638047,0.000000,0,0,0,0,2,multiscale+elgendi_like,1.000000,0.000000,0,0,0,0,1.000000,5.565649,1,820.000000,0.000000,,v0.4.1-interval-core
15925446043,15925438043,15925446043,15925446043,8.000000,0,0,0,0,2,multiscale+elgendi_like,1.000000,0.000000,0,0,0,0,1.000000,5.818900,1,824.000500,8.000000,,v0.4.1-interval-core
15926270044,15926270044,15926270044,15926270044,0.000000,0,0,0,0,2,multiscale+elgendi_like,1.000000,0.000000,0,0,0,0,1.000000,5.812496,1,832.000000,0.000000,,v0.4.1-interval-core
15927110043,15927110043,15927110043,15927110043,0.000000,0,0,0,0,2,multiscale+elgendi_like,1.000000,0.000000,0,0,0,0,1.000000,5.584070,1,832.000000,0.000000,,v0.4.1-interval-core
15927910047,15927902043,15927910047,15927910047,8.004000,0,0,0,0,2,multiscale+elgendi_like,1.000000,0.000000,0,0,0,0,1.000000,5.119479,1,832.000000,8.004000,,v0.4.1-interval-core
15928686045,15928686045,15928686045,15928686045,0.000000,0,0,0,0,2,multiscale+elgendi_like,1.000000,0.000000,0,0,0,0,1.000000,5.477569,1,824.000500,0.000000,,v0.4.1-interval-core
15929486043,15929486043,15929486043,15929486043,0.000000,0,0,0,0,2,multiscale+elgendi_like,1.000000,0.000000,0,0,0,0,1.000000,5.614811,1,820.000500,0.000000,,v0.4.1-interval-core
15930350043,15930350043,15930350043,15930350043,0.000000,0,0,0,0,2,multiscale+elgendi_like,1.000000,0.000000,0,0,0,0,1.000000,5.775614,1,816.000000,0.000000,,v0.4.1-interval-core
15931222043,15931222043,15931222043,15931222043,0.000000,0,0,0,0,2,multiscale+elgendi_like,1.000000,0.000000,0,0,0,0,1.000000,5.615317,1,812.000500,0.000000,,v0.4.1-interval-core
15932086043,15932086043,15932086043,15932086043,0.000000,0,0,0,0,2,multiscale+elgendi_like,1.000000,0.000000,0,0,0,0,1.000000,5.618603,1,808.000000,0.000000,,v0.4.1-interval-core
15932990043,15932990043,15932990043,15932990043,0.000000,0,0,0,0,2,multiscale+elgendi_like,1.000000,0.000000,0,0,0,0,1.000000,6.145651,1,808.000000,0.000000,,v0.4.1-interval-core
15933862043,15933862043,15933862043,15933862043,0.000000,0,0,0,0,2,multiscale+elgendi_like,1.000000,0.000000,0,0,0,0,1.000000,5.800654,1,807.996000,0.000000,,v0.4.1-interval-core
15934718046,15934718046,15934718046,15934718046,0.000000,0,0,0,0,2,multiscale+elgendi_like,1.000000,0.000000,0,0,0,0,1.000000,5.738647,1,807.999000,0.000000,,v0.4.1-interval-core
15935526047,15935526047,15935526047,15935526047,0.000000,0,0,0,0,2,multiscale+elgendi_like,1.000000,0.000000,0,0,0,0,1.000000,5.549186,1,807.996000,0.000000,,v0.4.1-interval-core
15936326044,15936326044,15936326044,15936326044,0.000000,0,0,0,0,2,multiscale+elgendi_like,1.000000,0.000000,0,0,0,0,1.000000,6.068929,1,807.999000,0.000000,,v0.4.1-interval-core
15937134043,15937134043,15937134043,15937134043,0.000000,0,0,0,0,2,multiscale+elgendi_like,1.000000,0.000000,0,0,0,0,1.000000,5.823882,1,808.001000,0.000000,,v0.4.1-interval-core
15937910046,15937910046,15937910046,15937910046,0.000000,0,0,0,0,2,multiscale+elgendi_like,1.000000,0.000000,0,0,0,0,1.000000,5.661874,1,808.001000,0.000000,,v0.4.1-interval-core
15938678043,15938670043,15938678043,15938678043,8.000000,0,0,0,0,2,multiscale+elgendi_like,1.000000,0.000000,0,0,0,0,1.000000,5.706725,1,808.000000,8.000000,,v0.4.1-interval-core
15939446046,15939446046,15939446046,15939446046,0.000000,0,0,0,0,2,multiscale+elgendi_like,1.000000,0.000000,0,0,0,0,1.000000,6.139244,1,816.001500,0.000000,,v0.4.1-interval-core
15940222043,0,15940222043,15940222043,0.000000,1,0,0,0,2,multiscale+elgendi_like,1.000000,0.000000,0,0,1,0,1.000000,5.805399,1,828.000500,0.000000,,v0.4.1-interval-core
15940990043,0,15940990043,15940990043,0.000000,1,0,0,0,2,multiscale+elgendi_like,1.000000,0.000000,0,0,1,0,1.000000,5.815610,1,828.000500,0.000000,,v0.4.1-interval-core
15941790044,15941790044,15941790044,15941790044,0.000000,0,0,0,0,2,multiscale+elgendi_like,1.000000,0.000000,0,0,0,0,1.000000,6.328171,1,816.001500,0.000000,,v0.4.1-interval-core
15942622043,0,15942622043,15942622043,0.000000,1,0,0,0,2,multiscale+elgendi_like,1.000000,0.000000,0,0,1,0,1.000000,6.528693,1,812.002000,0.000000,,v0.4.1-interval-core
15943446045,0,15943446045,15943446045,0.000000,1,0,0,0,2,multiscale+elgendi_like,1.000000,0.000000,0,0,1,0,1.000000,6.370809,1,808.000500,0.000000,,v0.4.1-interval-core
15944350047,0,15944350047,15944350047,0.000000,1,0,0,0,2,multiscale+elgendi_like,1.000000,0.000000,0,0,1,0,1.000000,6.679127,1,808.000500,0.000000,,v0.4.1-interval-core
15945238043,0,15945238043,15945238043,0.000000,1,0,0,0,2,multiscale+elgendi_like,1.000000,0.000000,0,0,1,0,1.000000,6.492706,1,808.000500,0.000000,,v0.4.1-interval-core
15946142043,15946134043,15946142043,15946142043,8.000000,0,0,0,0,2,multiscale+elgendi_like,1.000000,0.000000,0,0,0,0,1.000000,6.580591,1,808.000500,8.000000,,v0.4.1-interval-core
15947030043,0,15947030043,15947030043,0.000000,1,0,0,0,2,multiscale+elgendi_like,1.000000,0.000000,0,0,1,0,1.000000,6.429015,1,812.000000,0.000000,,v0.4.1-interval-core
15947822043,0,15947822043,15947822043,0.000000,1,0,0,0,2,multiscale+elgendi_like,1.000000,0.000000,0,0,1,0,1.000000,5.878983,1,816.001500,0.000000,,v0.4.1-interval-core
15948630043,0,15948630043,15948630043,0.000000,1,0,0,0,2,multiscale+elgendi_like,1.000000,0.000000,0,0,1,0,1.000000,6.150842,1,820.001500,0.000000,,v0.4.1-interval-core
15949446046,0,15949446046,15949446046,0.000000,1,0,0,0,2,multiscale+elgendi_like,1.000000,0.000000,0,0,1,0,1.000000,6.409729,1,823.998000,0.000000,,v0.4.1-interval-core
15950254043,0,15950254043,15950254043,0.000000,1,0,0,0,2,multiscale+elgendi_like,1.000000,0.000000,0,0,1,0,1.000000,5.983929,1,823.998000,0.000000,,v0.4.1-interval-core
15951070043,15951070043,15951070043,15951070043,0.000000,0,0,0,0,2,multiscale+elgendi_like,1.000000,0.000000,0,0,0,0,1.000000,6.473083,1,823.998000,0.000000,,v0.4.1-interval-core
15951942043,0,15951942043,15951942043,0.000000,1,0,0,0,2,multiscale+elgendi_like,1.000000,0.000000,0,0,1,0,1.000000,6.095007,1,823.998000,0.000000,,v0.4.1-interval-core
15952790043,0,15952790043,15952790043,0.000000,1,0,0,0,2,multiscale+elgendi_like,1.000000,0.000000,0,0,1,0,1.000000,6.520210,1,823.998000,0.000000,,v0.4.1-interval-core
15953614043,0,15953614043,15953614043,0.000000,1,0,0,0,2,multiscale+elgendi_like,1.000000,0.000000,0,0,1,0,1.000000,5.375640,1,823.998000,0.000000,,v0.4.1-interval-core
15954454046,0,15954454046,15954454046,0.000000,1,0,0,0,2,multiscale+elgendi_like,1.000000,0.000000,0,0,1,0,1.000000,6.178778,1,816.003000,0.000000,,v0.4.1-interval-core
15955318047,15955310045,15955318047,15955318047,8.002000,0,0,0,0,2,multiscale+elgendi_like,1.000000,0.000000,0,0,0,0,1.000000,5.821261,1,816.000000,8.002000,,v0.4.1-interval-core
15956142043,15956134043,15956142043,15956142043,8.000000,0,0,0,0,2,multiscale+elgendi_like,1.000000,0.000000,0,0,0,0,1.000000,4.663171,1,816.000000,8.000000,,v0.4.1-interval-core
15956958043,15956958043,15956958043,15956958043,0.000000,0,0,0,0,2,multiscale+elgendi_like,1.000000,0.000000,0,0,0,0,1.000000,5.479648,1,816.000000,0.000000,,v0.4.1-interval-core
15957758045,15957758045,15957758045,15957758045,0.000000,0,0,0,0,2,multiscale+elgendi_like,1.000000,0.000000,0,0,0,0,1.000000,5.999826,1,816.000000,0.000000,,v0.4.1-interval-core
15958574043,15958566045,15958574043,15958574043,7.998000,0,0,0,0,2,multiscale+elgendi_like,1.000000,0.000000,0,0,0,0,1.000000,5.813138,1,816.000000,7.998000,,v0.4.1-interval-core
15959334046,15959334046,15959334046,15959334046,0.000000,0,0,0,0,2,multiscale+elgendi_like,1.000000,0.000000,0,0,0,0,1.000000,5.762403,1,816.001500,0.000000,,v0.4.1-interval-core
15960110043,15960102047,15960110043,15960110043,7.996000,0,0,0,0,2,multiscale+elgendi_like,1.000000,0.000000,0,0,0,0,1.000000,6.201045,1,819.999500,7.996000,,v0.4.1-interval-core
15960910047,15960910047,15960910047,15960910047,0.000000,0,0,0,0,2,multiscale+elgendi_like,1.000000,0.000000,0,0,0,0,1.000000,5.961062,1,823.998000,0.000000,,v0.4.1-interval-core
15961678044,15961678044,15961678044,15961678044,0.000000,0,0,0,0,2,multiscale+elgendi_like,1.000000,0.000000,0,0,0,0,1.000000,5.730123,1,824.000000,0.000000,,v0.4.1-interval-core
15962486043,15962486043,15962486043,15962486043,0.000000,0,0,0,0,2,multiscale+elgendi_like,1.000000,0.000000,0,0,0,0,1.000000,6.450335,1,832.001500,0.000000,,v0.4.1-interval-core
15963310043,0,15963310043,15963310043,0.000000,1,0,0,0,2,multiscale+elgendi_like,1.000000,0.000000,0,0,1,0,1.000000,6.468791,1,832.001500,0.000000,,v0.4.1-interval-core
15964182043,0,15964182043,15964182043,0.000000,1,0,0,0,2,multiscale+elgendi_like,1.000000,0.000000,0,0,1,0,1.000000,6.597516,1,824.000000,0.000000,,v0.4.1-interval-core
15965046044,0,15965046044,15965046044,0.000000,1,0,0,0,2,multiscale+elgendi_like,1.000000,0.000000,0,0,1,0,1.000000,6.416999,1,852.002000,0.000000,,v0.4.1-interval-core
15965958043,0,15965958043,15965958043,0.000000,1,0,0,0,2,multiscale+elgendi_like,1.000000,0.000000,0,0,1,0,1.000000,6.898441,1,864.001000,0.000000,,v0.4.1-interval-core
15966854043,0,15966854043,15966854043,0.000000,1,0,0,0,2,multiscale+elgendi_like,1.000000,0.000000,0,0,1,0,1.000000,6.597798,1,840.000000,0.000000,,v0.4.1-interval-core
15967734043,0,15967734043,15967734043,0.000000,1,0,0,0,2,multiscale+elgendi_like,1.000000,0.000000,0,0,1,0,1.000000,6.329015,1,843.998500,0.000000,,v0.4.1-interval-core
15968654043,0,15968654043,15968654043,0.000000,1,0,0,0,2,multiscale+elgendi_like,1.000000,0.000000,0,0,1,0,1.000000,6.794011,1,852.000500,0.000000,,v0.4.1-interval-core
15969638043,0,15969638043,15969638043,0.000000,1,0,0,0,2,multiscale+elgendi_like,1.000000,0.000000,0,0,1,0,1.000000,6.736882,1,863.998000,0.000000,,v0.4.1-interval-core
15970574043,0,15970574043,15970574043,0.000000,1,0,0,0,2,multiscale+elgendi_like,1.000000,0.000000,0,0,1,0,1.000000,6.361476,1,864.001000,0.000000,,v0.4.1-interval-core
15971510045,0,15971510045,15971510045,0.000000,1,0,0,0,2,multiscale+elgendi_like,1.000000,0.000000,0,0,1,0,1.000000,6.196426,1,863.996000,0.000000,,v0.4.1-interval-core
15972430043,15972430043,15972430043,15972430043,0.000000,0,0,0,0,2,multiscale+elgendi_like,1.000000,0.000000,0,0,0,0,1.000000,6.005930,1,863.996000,0.000000,,v0.4.1-interval-core
15973270043,15973262043,15973270043,15973270043,8.000000,0,0,0,0,2,multiscale+elgendi_like,1.000000,0.000000,0,0,0,0,1.000000,5.350960,1,864.000000,8.000000,,v0.4.1-interval-core
15974102043,15974094046,15974102043,15974102043,7.997000,0,0,0,0,2,multiscale+elgendi_like,1.000000,0.000000,0,0,0,0,1.000000,5.981591,1,864.000000,7.997000,,v0.4.1-interval-core
15974934047,15974926043,15974934047,15974934047,8.004000,0,0,0,0,2,multiscale+elgendi_like,1.000000,0.000000,0,0,0,0,1.000000,5.957880,1,864.001000,8.004000,,v0.4.1-interval-core
15975798043,15975798043,15975798043,15975798043,0.000000,0,0,0,0,2,multiscale+elgendi_like,1.000000,0.000000,0,0,0,0,1.000000,6.014006,1,864.001000,0.000000,,v0.4.1-interval-core
15976654047,15976654047,15976654047,15976654047,0.000000,0,0,0,0,2,multiscale+elgendi_like,1.000000,0.000000,0,0,0,0,1.000000,6.047939,1,880.000000,0.000000,,v0.4.1-interval-core
15977518043,0,15977518043,15977518043,0.000000,1,0,0,0,2,multiscale+elgendi_like,1.000000,0.000000,0,0,1,0,1.000000,6.151312,1,880.000000,0.000000,,v0.4.1-interval-core
15978374043,0,15978374043,15978374043,0.000000,1,0,0,0,2,multiscale+elgendi_like,1.000000,0.000000,0,0,1,0,1.000000,5.591658,1,880.000000,0.000000,,v0.4.1-interval-core
15979230043,0,15979230043,15979230043,0.000000,1,0,0,0,2,multiscale+elgendi_like,1.000000,0.000000,0,0,1,0,1.000000,5.798583,1,888.000000,0.000000,,v0.4.1-interval-core
15980094043,15980094043,15980094043,15980094043,0.000000,0,0,0,0,2,multiscale+elgendi_like,1.000000,0.000000,0,0,0,0,1.000000,5.844561,1,864.000000,0.000000,,v0.4.1-interval-core
15980950043,0,15980950043,15980950043,0.000000,1,0,0,0,2,multiscale+elgendi_like,1.000000,0.000000,0,0,1,0,1.000000,5.872750,1,864.000000,0.000000,,v0.4.1-interval-core
15981838046,0,15981838046,15981838046,0.000000,1,0,0,0,2,multiscale+elgendi_like,1.000000,0.000000,0,0,1,0,1.000000,6.141506,1,864.000000,0.000000,,v0.4.1-interval-core
15982782043,0,15982782043,15982782043,0.000000,1,0,0,0,2,multiscale+elgendi_like,1.000000,0.000000,0,0,1,0,1.000000,5.863697,1,863.998000,0.000000,,v0.4.1-interval-core
15983694043,0,15983694043,15983694043,0.000000,1,0,0,0,2,multiscale+elgendi_like,1.000000,0.000000,0,0,1,0,1.000000,5.576401,1,863.998000,0.000000,,v0.4.1-interval-core
15984598043,0,15984598043,15984598043,0.000000,1,0,0,0,2,multiscale+elgendi_like,1.000000,0.000000,0,0,1,0,1.000000,6.006475,1,872.000000,0.000000,,v0.4.1-interval-core
15985534043,0,15985534043,15985534043,0.000000,1,0,0,0,2,multiscale+elgendi_like,1.000000,0.000000,0,0,1,0,1.000000,5.598636,1,864.000000,0.000000,,v0.4.1-interval-core
15986414043,0,15986414043,15986414043,0.000000,1,0,0,0,2,multiscale+elgendi_like,1.000000,0.000000,0,0,1,0,1.000000,5.144348,1,872.000000,0.000000,,v0.4.1-interval-core
15987262043,0,15987262043,15987262043,0.000000,1,0,0,0,2,multiscale+elgendi_like,1.000000,0.000000,0,0,1,0,1.000000,5.357170,1,864.000000,0.000000,,v0.4.1-interval-core
15988174043,15988174043,15988174043,15988174043,0.000000,0,0,0,0,2,multiscale+elgendi_like,1.000000,0.000000,0,0,0,0,1.000000,5.661814,1,864.000000,0.000000,,v0.4.1-interval-core
15989158047,15989158047,15989158047,15989158047,0.000000,0,0,0,0,2,multiscale+elgendi_like,1.000000,0.000000,0,0,0,0,1.000000,5.551417,1,880.000000,0.000000,,v0.4.1-interval-core
15990126043,15990126043,15990126043,15990126043,0.000000,0,0,0,0,2,multiscale+elgendi_like,1.000000,0.000000,0,0,0,0,1.000000,5.712778,1,884.001500,0.000000,,v0.4.1-interval-core
15991062045,15991062045,15991062045,15991062045,0.000000,0,0,0,0,2,multiscale+elgendi_like,1.000000,0.000000,0,0,0,0,1.000000,5.470103,1,888.003000,0.000000,,v0.4.1-interval-core
15991894043,15991894043,15991894043,15991894043,0.000000,0,0,0,0,2,multiscale+elgendi_like,1.000000,0.000000,0,0,0,0,1.000000,4.816451,1,904.000000,0.000000,,v0.4.1-interval-core
15992694043,15992694043,15992694043,15992694043,0.000000,0,0,0,0,2,multiscale+elgendi_like,1.000000,0.000000,0,0,0,0,1.000000,5.037776,1,912.000000,0.000000,,v0.4.1-interval-core
15993510045,0,15993510045,15993510045,0.000000,1,0,0,0,2,multiscale+elgendi_like,1.000000,0.000000,0,0,1,0,1.000000,5.128732,1,904.000000,0.000000,,v0.4.1-interval-core
15994334046,15993966043,15994334046,15994334046,368.003000,0,0,0,0,2,multiscale+elgendi_like,1.000000,0.000000,0,0,0,0,1.000000,4.915392,1,904.000000,368.003000,,v0.4.1-interval-core
15995182043,15995182043,15995182043,15995182043,0.000000,0,0,0,0,2,multiscale+elgendi_like,1.000000,0.000000,0,0,0,0,1.000000,5.366897,1,892.000000,0.000000,,v0.4.1-interval-core
15996062043,15996054043,15996062043,15996062043,8.000000,0,0,0,0,2,multiscale+elgendi_like,1.000000,0.000000,0,0,0,0,1.000000,5.387803,1,887.997000,8.000000,,v0.4.1-interval-core
15997014043,15997014043,15997014043,15997014043,0.000000,0,0,0,0,2,multiscale+elgendi_like,1.000000,0.000000,0,0,0,0,1.000000,5.414294,1,880.000000,0.000000,,v0.4.1-interval-core
15997942043,15997942043,15997942043,15997942043,0.000000,0,0,0,0,2,multiscale+elgendi_like,1.000000,0.000000,0,0,0,0,1.000000,5.376683,1,887.997000,0.000000,,v0.4.1-interval-core
15998862043,15998862043,15998862043,15998862043,0.000000,0,0,0,0,2,multiscale+elgendi_like,1.000000,0.000000,0,0,0,0,1.000000,5.475141,1,887.997000,0.000000,,v0.4.1-interval-core
15999766043,0,15999766043,15999766043,0.000000,1,0,0,0,2,multiscale+elgendi_like,1.000000,0.000000,0,0,1,0,1.000000,5.207626,1,880.000000,0.000000,,v0.4.1-interval-core
16000646043,0,16000646043,16000646043,0.000000,1,0,0,0,2,multiscale+elgendi_like,1.000000,0.000000,0,0,1,0,1.000000,5.247847,1,880.000000,0.000000,,v0.4.1-interval-core
16001510046,16001510046,16001510046,16001510046,0.000000,0,0,0,0,2,multiscale+elgendi_like,1.000000,0.000000,0,0,0,0,1.000000,5.474839,1,880.000000,0.000000,,v0.4.1-interval-core
16002398043,16002398043,16002398043,16002398043,0.000000,0,0,0,0,2,multiscale+elgendi_like,1.000000,0.000000,0,0,0,0,1.000000,5.260281,1,880.000000,0.000000,,v0.4.1-interval-core
16003278043,16003278043,16003278043,16003278043,0.000000,0,0,0,0,2,multiscale+elgendi_like,1.000000,0.000000,0,0,0,0,1.000000,5.688720,1,880.000000,0.000000,,v0.4.1-interval-core
16004238043,0,16004238043,16004238043,0.000000,1,0,0,0,2,multiscale+elgendi_like,1.000000,0.000000,0,0,1,0,1.000000,5.942576,1,880.000000,0.000000,,v0.4.1-interval-core
16005142043,0,16005142043,16005142043,0.000000,1,0,0,0,2,multiscale+elgendi_like,1.000000,0.000000,0,0,1,0,1.000000,5.708118,1,887.997000,0.000000,,v0.4.1-interval-core
16005982044,0,16005982044,16005982044,0.000000,1,0,0,0,2,multiscale+elgendi_like,1.000000,0.000000,0,0,1,0,1.000000,5.030839,1,904.000000,0.000000,,v0.4.1-interval-core
16006782043,16006782043,16006782043,16006782043,0.000000,0,0,0,0,2,multiscale+elgendi_like,1.000000,0.000000,0,0,0,0,1.000000,5.357299,1,904.000000,0.000000,,v0.4.1-interval-core
16007606045,16007606045,16007606045,16007606045,0.000000,0,0,0,0,2,multiscale+elgendi_like,1.000000,0.000000,0,0,0,0,1.000000,5.580397,1,904.000000,0.000000,,v0.4.1-interval-core
16008470043,0,16008470043,16008470043,0.000000,1,0,0,0,2,multiscale+elgendi_like,1.000000,0.000000,0,0,1,0,1.000000,5.819004,1,904.000000,0.000000,,v0.4.1-interval-core
16009422043,0,16009422043,16009422043,0.000000,1,0,0,0,2,multiscale+elgendi_like,1.000000,0.000000,0,0,1,0,1.000000,5.864403,1,904.000000,0.000000,,v0.4.1-interval-core
16010326043,0,16010326043,16010326043,0.000000,1,0,0,0,2,multiscale+elgendi_like,1.000000,0.000000,0,0,1,0,1.000000,5.927901,1,904.000000,0.000000,,v0.4.1-interval-core
16011254043,0,16011254043,16011254043,0.000000,1,0,0,0,2,multiscale+elgendi_like,1.000000,0.000000,0,0,1,0,1.000000,6.005041,1,904.000000,0.000000,,v0.4.1-interval-core
16012190043,0,16012190043,16012190043,0.000000,1,0,0,0,2,multiscale+elgendi_like,1.000000,0.000000,0,0,1,0,1.000000,6.141508,1,908.000000,0.000000,,v0.4.1-interval-core
16013142043,0,16013142043,16013142043,0.000000,1,0,0,0,2,multiscale+elgendi_like,1.000000,0.000000,0,0,1,0,1.000000,5.903155,1,916.000000,0.000000,,v0.4.1-interval-core
16014094043,0,16014094043,16014094043,0.000000,1,0,0,0,2,multiscale+elgendi_like,1.000000,0.000000,0,0,1,0,1.000000,6.241126,1,920.000000,0.000000,,v0.4.1-interval-core
16015046043,0,16015046043,16015046043,0.000000,1,0,0,0,2,multiscale+elgendi_like,1.000000,0.000000,0,0,1,0,1.000000,6.216729,1,920.000000,0.000000,,v0.4.1-interval-core
16015966043,0,16015966043,16015966043,0.000000,1,0,0,0,2,multiscale+elgendi_like,1.000000,0.000000,0,0,1,0,1.000000,5.584128,1,912.000000,0.000000,,v0.4.1-interval-core
16016846043,0,16016846043,16016846043,0.000000,1,0,0,0,2,multiscale+elgendi_like,1.000000,0.000000,0,0,1,0,1.000000,5.813877,1,912.002000,0.000000,,v0.4.1-interval-core
16017758043,0,16017758043,16017758043,0.000000,1,0,0,0,2,multiscale+elgendi_like,1.000000,0.000000,0,0,1,0,1.000000,6.437674,1,920.000000,0.000000,,v0.4.1-interval-core
16018710043,0,16018710043,16018710043,0.000000,1,0,0,0,2,multiscale+elgendi_like,1.000000,0.000000,0,0,1,0,1.000000,6.084728,1,920.000000,0.000000,,v0.4.1-interval-core
16019638043,0,16019638043,16019638043,0.000000,1,0,0,0,2,multiscale+elgendi_like,1.000000,0.000000,0,0,1,0,1.000000,5.882349,1,928.000000,0.000000,,v0.4.1-interval-core
16020558043,0,16020558043,16020558043,0.000000,1,0,0,0,2,multiscale+elgendi_like,1.000000,0.000000,0,0,1,0,1.000000,5.430350,1,928.000000,0.000000,,v0.4.1-interval-core
16021398045,16021398045,16021398045,16021398045,0.000000,0,0,0,0,2,multiscale+elgendi_like,1.000000,0.000000,0,0,0,0,1.000000,5.722938,1,928.000000,0.000000,,v0.4.1-interval-core
16022206043,16022206043,16022206043,16022206043,0.000000,0,0,0,0,2,multiscale+elgendi_like,1.000000,0.000000,0,0,0,0,1.000000,5.403388,1,936.000000,0.000000,,v0.4.1-interval-core
16023030043,16023022043,16023030043,16023030043,8.000000,0,0,0,0,2,multiscale+elgendi_like,1.000000,0.000000,0,0,0,0,1.000000,5.809470,1,932.001000,8.000000,,v0.4.1-interval-core
16023926043,16023918043,16023926043,16023926043,8.000000,0,0,0,0,2,multiscale+elgendi_like,1.000000,0.000000,0,0,0,0,1.000000,6.274755,1,932.001000,8.000000,,v0.4.1-interval-core
16024942043,0,16024942043,16024942043,0.000000,1,0,0,0,2,multiscale+elgendi_like,1.000000,0.000000,0,0,1,0,1.000000,6.926105,1,932.000000,0.000000,,v0.4.1-interval-core
16026150043,0,16026150043,16026150043,0.000000,1,0,0,0,2,multiscale+elgendi_like,1.000000,0.000000,0,0,1,0,1.000000,6.813795,1,928.000000,0.000000,,v0.4.1-interval-core
16027198043,0,16027198043,16027198043,0.000000,1,0,0,0,2,multiscale+elgendi_like,1.000000,0.000000,0,0,1,0,1.000000,5.678837,1,936.000000,0.000000,,v0.4.1-interval-core
16028134045,0,16028134045,16028134045,0.000000,1,0,0,0,2,multiscale+elgendi_like,1.000000,0.000000,0,0,1,0,1.000000,6.126093,1,936.002000,0.000000,,v0.4.1-interval-core
16029078043,0,16029078043,16029078043,0.000000,1,0,0,0,2,multiscale+elgendi_like,1.000000,0.000000,0,0,1,0,1.000000,6.465001,1,943.996000,0.000000,,v0.4.1-interval-core
16030022043,0,16030022043,16030022043,0.000000,1,0,0,0,2,multiscale+elgendi_like,1.000000,0.000000,0,0,1,0,1.000000,6.626235,1,936.000000,0.000000,,v0.4.1-interval-core
16030918043,0,16030918043,16030918043,0.000000,1,0,0,0,2,multiscale+elgendi_like,1.000000,0.000000,0,0,1,0,1.000000,5.738991,1,936.000000,0.000000,,v0.4.1-interval-core
16031854043,0,16031854043,16031854043,0.000000,1,0,0,0,2,multiscale+elgendi_like,1.000000,0.000000,0,0,1,0,1.000000,6.593958,1,936.000000,0.000000,,v0.4.1-interval-core
16032814043,0,16032814043,16032814043,0.000000,1,0,0,0,2,multiscale+elgendi_like,1.000000,0.000000,0,0,1,0,1.000000,6.422599,1,936.002000,0.000000,,v0.4.1-interval-core
16033758043,0,16033758043,16033758043,0.000000,1,0,0,0,2,multiscale+elgendi_like,1.000000,0.000000,0,0,1,0,1.000000,6.124841,1,940.000000,0.000000,,v0.4.1-interval-core
16034702047,0,16034702047,16034702047,0.000000,1,0,0,0,2,multiscale+elgendi_like,1.000000,0.000000,0,0,1,0,1.000000,6.469456,1,940.000000,0.000000,,v0.4.1-interval-core
16035638043,0,16035638043,16035638043,0.000000,1,0,0,0,2,multiscale+elgendi_like,1.000000,0.000000,0,0,1,0,1.000000,6.455293,1,940.000000,0.000000,,v0.4.1-interval-core
16036566043,0,16036566043,16036566043,0.000000,1,0,0,0,2,multiscale+elgendi_like,1.000000,0.000000,0,0,1,0,1.000000,5.725215,1,936.001000,0.000000,,v0.4.1-interval-core
16037470046,0,16037470046,16037470046,0.000000,1,0,0,0,2,multiscale+elgendi_like,1.000000,0.000000,0,0,1,0,1.000000,6.221630,1,935.998500,0.000000,,v0.4.1-interval-core
16038406043,0,16038406043,16038406043,0.000000,1,0,0,0,2,multiscale+elgendi_like,1.000000,0.000000,0,0,1,0,1.000000,6.611886,1,935.996000,0.000000,,v0.4.1-interval-core
16039358043,0,16039358043,16039358043,0.000000,1,0,0,0,2,multiscale+elgendi_like,1.000000,0.000000,0,0,1,0,1.000000,5.494389,1,928.000000,0.000000,,v0.4.1-interval-core
16040310043,0,16040310043,16040310043,0.000000,1,0,0,0,2,multiscale+elgendi_like,1.000000,0.000000,0,0,1,0,1.000000,6.052730,1,904.003000,0.000000,,v0.4.1-interval-core
16041142043,0,16041142043,16041142043,0.000000,1,0,0,0,2,multiscale+elgendi_like,1.000000,0.000000,0,0,1,0,1.000000,5.096011,1,904.003000,0.000000,,v0.4.1-interval-core
16041894043,16041894043,16041894043,16041894043,0.000000,0,0,0,0,2,multiscale+elgendi_like,1.000000,0.000000,0,0,0,0,1.000000,4.959808,1,912.001500,0.000000,,v0.4.1-interval-core
16042590043,16042590043,16042590043,16042590043,0.000000,0,0,0,0,2,multiscale+elgendi_like,1.000000,0.000000,0,0,0,0,1.000000,4.333859,1,920.000000,0.000000,,v0.4.1-interval-core
16043302043,16043302043,16043302043,16043302043,0.000000,0,0,0,0,2,multiscale+elgendi_like,1.000000,0.000000,0,0,0,0,1.000000,6.094379,1,904.003000,0.000000,,v0.4.1-interval-core
16044062043,0,16044062043,16044062043,0.000000,1,0,0,0,2,multiscale+elgendi_like,1.000000,0.000000,0,0,1,0,1.000000,6.549321,1,896.000000,0.000000,,v0.4.1-interval-core
16044846043,0,16044846043,16044846043,0.000000,1,0,0,0,2,multiscale+elgendi_like,1.000000,0.000000,0,0,1,1,1.000000,6.103776,1,880.000000,0.000000,,v0.4.1-interval-core
16045654043,0,16045654043,16045654043,0.000000,1,0,0,0,2,multiscale+elgendi_like,1.000000,0.000000,0,0,1,0,1.000000,6.427320,1,872.000000,0.000000,,v0.4.1-interval-core
16046518043,0,16046518043,16046518043,0.000000,1,0,0,0,2,multiscale+elgendi_like,1.000000,0.000000,0,0,1,0,1.000000,6.720259,1,848.000000,0.000000,,v0.4.1-interval-core
16047414043,0,16047414043,16047414043,0.000000,1,0,0,0,2,multiscale+elgendi_like,1.000000,0.000000,0,0,1,0,1.000000,6.505245,1,840.000000,0.000000,,v0.4.1-interval-core
16048334043,0,16048334043,16048334043,0.000000,1,0,0,0,2,multiscale+elgendi_like,1.000000,0.000000,0,0,1,0,1.000000,6.506000,1,808.001500,0.000000,,v0.4.1-interval-core
16049302043,0,16049302043,16049302043,0.000000,1,0,0,0,2,multiscale+elgendi_like,1.000000,0.000000,0,0,1,0,1.000000,6.738252,1,808.000000,0.000000,,v0.4.1-interval-core
16050182043,0,16050182043,16050182043,0.000000,1,0,0,0,2,multiscale+elgendi_like,1.000000,0.000000,0,0,1,0,1.000000,6.152515,1,784.000000,0.000000,,v0.4.1-interval-core
16051030043,0,16051030043,16051030043,0.000000,1,0,0,0,2,multiscale+elgendi_like,1.000000,0.000000,0,0,1,0,1.000000,6.298917,1,760.000000,0.000000,,v0.4.1-interval-core
16051838046,0,16051838046,16051838046,0.000000,1,0,0,0,2,multiscale+elgendi_like,1.000000,0.000000,0,0,1,0,1.000000,6.199935,1,759.999500,0.000000,,v0.4.1-interval-core
16052598045,16052598045,16052598045,16052598045,0.000000,0,0,0,0,2,multiscale+elgendi_like,1.000000,0.000000,0,0,0,0,1.000000,6.048237,1,759.999500,0.000000,,v0.4.1-interval-core
16053350045,16053350045,16053350045,16053350045,0.000000,0,0,0,0,2,multiscale+elgendi_like,1.000000,0.000000,0,0,0,0,1.000000,5.998744,1,759.999000,0.000000,,v0.4.1-interval-core
16054094046,16054094046,16054094046,16054094046,0.000000,0,0,0,0,2,multiscale+elgendi_like,1.000000,0.000000,0,0,0,0,1.000000,6.023081,1,760.000000,0.000000,,v0.4.1-interval-core
16054814043,0,16054814043,16054814043,0.000000,1,0,0,0,2,multiscale+elgendi_like,1.000000,0.000000,0,0,1,0,1.000000,5.813389,1,784.000000,0.000000,,v0.4.1-interval-core
16055502043,0,16055502043,16055502043,0.000000,1,0,0,0,2,multiscale+elgendi_like,1.000000,0.000000,0,0,1,0,1.000000,5.498030,1,792.000000,0.000000,,v0.4.1-interval-core
16056190043,16056190043,16056190043,16056190043,0.000000,0,0,0,0,2,multiscale+elgendi_like,1.000000,0.000000,0,0,0,0,1.000000,5.752974,1,808.003000,0.000000,,v0.4.1-interval-core
16056886043,16056886043,16056886043,16056886043,0.000000,0,0,0,0,2,multiscale+elgendi_like,1.000000,0.000000,0,0,0,0,1.000000,5.485480,1,808.003000,0.000000,,v0.4.1-interval-core
16057622043,16057614043,16057622043,16057622043,8.000000,0,0,0,0,2,multiscale+elgendi_like,1.000000,0.000000,0,0,0,0,1.000000,6.169167,1,800.001500,8.000000,,v0.4.1-interval-core
16058374047,16058366043,16058374047,16058374047,8.004000,0,0,0,0,2,multiscale+elgendi_like,1.000000,0.000000,0,0,0,0,1.000000,5.944272,1,808.003000,8.004000,,v0.4.1-interval-core
16059134043,16059126043,16059134043,16059134043,8.000000,0,0,0,0,2,multiscale+elgendi_like,1.000000,0.000000,0,0,0,0,1.000000,5.888558,1,808.003000,8.000000,,v0.4.1-interval-core
16059926043,16059926043,16059926043,16059926043,0.000000,0,0,0,0,2,multiscale+elgendi_like,1.000000,0.000000,0,0,0,0,1.000000,6.140036,1,808.003000,0.000000,,v0.4.1-interval-core
16060750043,16060750043,16060750043,16060750043,0.000000,0,0,0,0,2,multiscale+elgendi_like,1.000000,0.000000,0,0,0,0,1.000000,6.370310,1,808.003000,0.000000,,v0.4.1-interval-core
16061606043,16061606043,16061606043,16061606043,0.000000,0,0,0,0,2,multiscale+elgendi_like,1.000000,0.000000,0,0,0,0,1.000000,6.365384,1,808.003000,0.000000,,v0.4.1-interval-core
16062486043,0,16062486043,16062486043,0.000000,1,0,0,0,2,multiscale+elgendi_like,1.000000,0.000000,0,0,1,0,1.000000,6.259845,1,808.003000,0.000000,,v0.4.1-interval-core
16063350043,0,16063350043,16063350043,0.000000,1,0,0,0,2,multiscale+elgendi_like,1.000000,0.000000,0,0,1,0,1.000000,6.046567,1,816.000000,0.000000,,v0.4.1-interval-core
16064166043,16063798047,16064166043,16064166043,367.996000,0,0,0,0,2,multiscale+elgendi_like,1.000000,0.000000,0,0,0,0,1.000000,6.197848,1,824.000000,367.996000,,v0.4.1-interval-core
16065006044,16065006044,16065006044,16065006044,0.000000,0,0,0,0,2,multiscale+elgendi_like,1.000000,0.000000,0,0,0,0,1.000000,6.334911,1,824.000000,0.000000,,v0.4.1-interval-core
16065870043,16065870043,16065870043,16065870043,0.000000,0,0,0,0,2,multiscale+elgendi_like,1.000000,0.000000,0,0,0,0,1.000000,6.271042,1,839.998000,0.000000,,v0.4.1-interval-core
16066742043,16066742043,16066742043,16066742043,0.000000,0,0,0,0,2,multiscale+elgendi_like,1.000000,0.000000,0,0,0,0,1.000000,6.376060,1,843.998500,0.000000,,v0.4.1-interval-core
16067622047,16067622047,16067622047,16067622047,0.000000,0,0,0,0,2,multiscale+elgendi_like,1.000000,0.000000,0,0,0,0,1.000000,6.061851,1,851.998000,0.000000,,v0.4.1-interval-core
16068470043,16068470043,16068470043,16068470043,0.000000,0,0,0,0,2,multiscale+elgendi_like,1.000000,0.000000,0,0,0,0,1.000000,5.868101,1,856.000000,0.000000,,v0.4.1-interval-core
16069342044,16069334044,16069342044,16069342044,8.000000,0,0,0,0,2,multiscale+elgendi_like,1.000000,0.000000,0,0,0,0,1.000000,6.330979,1,859.999500,8.000000,,v0.4.1-interval-core
16070206043,0,16070206043,16070206043,0.000000,1,0,0,0,2,multiscale+elgendi_like,1.000000,0.000000,0,0,1,0,1.000000,6.187094,1,859.999500,0.000000,,v0.4.1-interval-core
16071078043,0,16071078043,16071078043,0.000000,1,0,0,0,2,multiscale+elgendi_like,1.000000,0.000000,0,0,1,0,1.000000,6.230613,1,863.999000,0.000000,,v0.4.1-interval-core
16071894045,0,16071894045,16071894045,0.000000,1,0,0,0,2,multiscale+elgendi_like,1.000000,0.000000,0,0,1,0,1.000000,6.072434,1,863.999000,0.000000,,v0.4.1-interval-core
16072734043,0,16072734043,16072734043,0.000000,1,0,0,0,2,multiscale+elgendi_like,1.000000,0.000000,0,0,1,0,1.000000,6.438894,1,863.999000,0.000000,,v0.4.1-interval-core
16073590043,0,16073590043,16073590043,0.000000,1,0,0,0,2,multiscale+elgendi_like,1.000000,0.000000,0,0,1,0,1.000000,6.314058,1,856.000000,0.000000,,v0.4.1-interval-core
16074494043,0,16074494043,16074494043,0.000000,1,0,0,0,2,multiscale+elgendi_like,1.000000,0.000000,0,0,1,0,1.000000,6.585958,1,856.000000,0.000000,,v0.4.1-interval-core
16075406043,0,16075406043,16075406043,0.000000,1,0,0,0,2,multiscale+elgendi_like,1.000000,0.000000,0,0,1,0,1.000000,6.410342,1,863.999000,0.000000,,v0.4.1-interval-core
16076286043,0,16076286043,16076286043,0.000000,1,0,0,0,2,multiscale+elgendi_like,1.000000,0.000000,0,0,1,0,1.000000,6.226897,1,863.999000,0.000000,,v0.4.1-interval-core
16077134043,0,16077134043,16077134043,0.000000,1,0,0,0,2,multiscale+elgendi_like,1.000000,0.000000,0,0,1,0,1.000000,5.994826,1,872.000000,0.000000,,v0.4.1-interval-core
16077982043,0,16077982043,16077982043,0.000000,1,0,0,0,2,multiscale+elgendi_like,1.000000,0.000000,0,0,1,0,1.000000,6.068615,1,872.000000,0.000000,,v0.4.1-interval-core
16078814043,0,16078814043,16078814043,0.000000,1,0,0,0,2,multiscale+elgendi_like,1.000000,0.000000,0,0,1,0,1.000000,6.215587,1,872.000000,0.000000,,v0.4.1-interval-core
16079670043,0,16079670043,16079670043,0.000000,1,0,0,0,2,multiscale+elgendi_like,1.000000,0.000000,0,0,1,0,1.000000,6.305518,1,872.000000,0.000000,,v0.4.1-interval-core
16080518043,0,16080518043,16080518043,0.000000,1,0,0,0,2,multiscale+elgendi_like,1.000000,0.000000,0,0,1,0,1.000000,6.112024,1,864.000000,0.000000,,v0.4.1-interval-core
16081390044,0,16081390044,16081390044,0.000000,1,0,0,0,2,multiscale+elgendi_like,1.000000,0.000000,0,0,1,0,1.000000,6.342167,1,872.000000,0.000000,,v0.4.1-interval-core
16082286043,0,16082286043,16082286043,0.000000,1,0,0,0,2,multiscale+elgendi_like,1.000000,0.000000,0,0,1,0,1.000000,6.485790,1,864.000000,0.000000,,v0.4.1-interval-core
16083166043,0,16083166043,16083166043,0.000000,1,0,0,0,2,multiscale+elgendi_like,1.000000,0.000000,0,0,1,0,1.000000,6.050539,1,864.000000,0.000000,,v0.4.1-interval-core
16084038043,0,16084038043,16084038043,0.000000,1,0,0,0,2,multiscale+elgendi_like,1.000000,0.000000,0,0,1,0,1.000000,6.379188,1,872.000000,0.000000,,v0.4.1-interval-core
16084926043,0,16084926043,16084926043,0.000000,1,0,0,0,2,multiscale+elgendi_like,1.000000,0.000000,0,0,1,0,1.000000,6.396509,1,872.000000,0.000000,,v0.4.1-interval-core
16085798043,0,16085798043,16085798043,0.000000,1,0,0,0,2,multiscale+elgendi_like,1.000000,0.000000,0,0,1,0,1.000000,6.097762,1,864.000000,0.000000,,v0.4.1-interval-core
16086662043,0,16086662043,16086662043,0.000000,1,0,0,0,2,multiscale+elgendi_like,1.000000,0.000000,0,0,1,0,1.000000,6.442879,1,864.000000,0.000000,,v0.4.1-interval-core
16087518043,0,16087518043,16087518043,0.000000,1,0,0,0,2,multiscale+elgendi_like,1.000000,0.000000,0,0,1,0,1.000000,6.246756,1,864.000000,0.000000,,v0.4.1-interval-core
16088382043,0,16088382043,16088382043,0.000000,1,0,0,0,2,multiscale+elgendi_like,1.000000,0.000000,0,0,1,0,1.000000,6.127157,1,864.000000,0.000000,,v0.4.1-interval-core
16089230043,0,16089230043,16089230043,0.000000,1,0,0,0,2,multiscale+elgendi_like,1.000000,0.000000,0,0,1,0,1.000000,6.222308,1,864.000000,0.000000,,v0.4.1-interval-core
16090102043,0,16090102043,16090102043,0.000000,1,0,0,0,2,multiscale+elgendi_like,1.000000,0.000000,0,0,1,0,1.000000,6.514684,1,864.000000,0.000000,,v0.4.1-interval-core
16090990043,0,16090990043,16090990043,0.000000,1,0,0,0,2,multiscale+elgendi_like,1.000000,0.000000,0,0,1,0,1.000000,6.511242,1,864.000000,0.000000,,v0.4.1-interval-core
16091854043,0,16091854043,16091854043,0.000000,1,0,0,0,2,multiscale+elgendi_like,1.000000,0.000000,0,0,1,0,1.000000,6.062331,1,864.000000,0.000000,,v0.4.1-interval-core
16092686043,0,16092686043,16092686043,0.000000,1,0,0,0,2,multiscale+elgendi_like,1.000000,0.000000,0,0,1,0,1.000000,6.084289,1,864.000000,0.000000,,v0.4.1-interval-core
16093550043,0,16093550043,16093550043,0.000000,1,0,0,0,2,multiscale+elgendi_like,1.000000,0.000000,0,0,1,0,1.000000,6.345775,1,864.000000,0.000000,,v0.4.1-interval-core
16094454043,0,16094454043,16094454043,0.000000,1,0,0,0,2,multiscale+elgendi_like,1.000000,0.000000,0,0,1,0,1.000000,6.210159,1,864.000000,0.000000,,v0.4.1-interval-core
16095310043,0,16095310043,16095310043,0.000000,1,0,0,0,2,multiscale+elgendi_like,1.000000,0.000000,0,0,1,0,1.000000,5.792920,1,864.000000,0.000000,,v0.4.1-interval-core
16096166043,16096166043,16096166043,16096166043,0.000000,0,0,0,0,2,multiscale+elgendi_like,1.000000,0.000000,0,0,0,0,1.000000,6.303379,1,864.000000,0.000000,,v0.4.1-interval-core
16097030043,0,16097030043,16097030043,0.000000,1,0,0,0,2,multiscale+elgendi_like,1.000000,0.000000,0,0,1,0,1.000000,6.177763,1,864.000000,0.000000,,v0.4.1-interval-core
16097886043,0,16097886043,16097886043,0.000000,1,0,0,0,2,multiscale+elgendi_like,1.000000,0.000000,0,0,1,0,1.000000,5.977208,1,864.000000,0.000000,,v0.4.1-interval-core
16098734046,16098726043,16098734046,16098734046,8.003000,0,0,0,0,2,multiscale+elgendi_like,1.000000,0.000000,0,0,0,0,1.000000,6.124510,1,864.000000,8.003000,,v0.4.1-interval-core
16099614043,0,16099614043,16099614043,0.000000,1,0,0,0,2,multiscale+elgendi_like,1.000000,0.000000,0,0,1,0,1.000000,6.606879,1,864.000000,0.000000,,v0.4.1-interval-core
16100510043,0,16100510043,16100510043,0.000000,1,0,0,0,2,multiscale+elgendi_like,1.000000,0.000000,0,0,1,0,1.000000,6.408609,1,864.000000,0.000000,,v0.4.1-interval-core
16101390043,0,16101390043,16101390043,0.000000,1,0,0,0,2,multiscale+elgendi_like,1.000000,0.000000,0,0,1,0,1.000000,5.988428,1,864.000000,0.000000,,v0.4.1-interval-core
16102262043,0,16102262043,16102262043,0.000000,1,0,0,0,2,multiscale+elgendi_like,1.000000,0.000000,0,0,1,0,1.000000,6.361015,1,856.001500,0.000000,,v0.4.1-interval-core
16103166043,0,16103166043,16103166043,0.000000,1,0,0,0,2,multiscale+elgendi_like,1.000000,0.000000,0,0,1,0,1.000000,6.538696,1,856.000000,0.000000,,v0.4.1-interval-core
16104038043,0,16104038043,16104038043,0.000000,1,0,0,0,2,multiscale+elgendi_like,1.000000,0.000000,0,0,1,0,1.000000,6.030816,1,856.000000,0.000000,,v0.4.1-interval-core
16104894046,0,16104894046,16104894046,0.000000,1,0,0,0,2,multiscale+elgendi_like,1.000000,0.000000,0,0,1,0,1.000000,6.163045,1,856.000000,0.000000,,v0.4.1-interval-core
16105710043,0,16105710043,16105710043,0.000000,1,0,0,0,2,multiscale+elgendi_like,1.000000,0.000000,0,0,1,0,1.000000,5.875864,1,852.001500,0.000000,,v0.4.1-interval-core
16106462044,0,16106462044,16106462044,0.000000,1,0,0,0,2,multiscale+elgendi_like,1.000000,0.000000,0,0,1,0,1.000000,5.805034,1,847.999500,0.000000,,v0.4.1-interval-core
16107222043,0,16107222043,16107222043,0.000000,1,0,0,0,2,multiscale+elgendi_like,1.000000,0.000000,0,0,1,0,1.000000,5.900893,1,844.001000,0.000000,,v0.4.1-interval-core
16107966043,0,16107966043,16107966043,0.000000,1,0,0,0,2,multiscale+elgendi_like,1.000000,0.000000,0,0,1,0,1.000000,5.718146,1,839.998000,0.000000,,v0.4.1-interval-core
16108718043,0,16108718043,16108718043,0.000000,1,0,0,0,2,multiscale+elgendi_like,1.000000,0.000000,0,0,1,0,1.000000,6.255354,1,843.998000,0.000000,,v0.4.1-interval-core
16109494043,0,16109494043,16109494043,0.000000,1,0,0,0,2,multiscale+elgendi_like,1.000000,0.000000,0,0,1,0,1.000000,6.412603,1,828.001500,0.000000,,v0.4.1-interval-core
16110278043,0,16110278043,16110278043,0.000000,1,0,0,0,2,multiscale+elgendi_like,1.000000,0.000000,0,0,1,0,1.000000,6.437328,1,816.000000,0.000000,,v0.4.1-interval-core
16111094043,0,16111094043,16111094043,0.000000,1,0,0,0,2,multiscale+elgendi_like,1.000000,0.000000,0,0,1,0,1.000000,6.356900,1,815.997000,0.000000,,v0.4.1-interval-core
16111870043,0,16111870043,16111870043,0.000000,1,0,0,0,2,multiscale+elgendi_like,1.000000,0.000000,0,0,1,0,1.000000,6.268320,1,792.003000,0.000000,,v0.4.1-interval-core
16112686047,0,16112686047,16112686047,0.000000,1,0,0,0,2,multiscale+elgendi_like,1.000000,0.000000,0,0,1,0,1.000000,6.780798,1,792.003000,0.000000,,v0.4.1-interval-core
16113526046,0,16113526046,16113526046,0.000000,1,0,0,0,2,multiscale+elgendi_like,1.000000,0.000000,0,0,1,0,1.000000,6.539330,1,792.003000,0.000000,,v0.4.1-interval-core
16114374043,0,16114374043,16114374043,0.000000,1,0,0,0,2,multiscale+elgendi_like,1.000000,0.000000,0,0,1,0,1.000000,6.697698,1,792.003000,0.000000,,v0.4.1-interval-core
16115214043,0,16115214043,16115214043,0.000000,1,0,0,0,2,multiscale+elgendi_like,1.000000,0.000000,0,0,1,0,1.000000,6.242915,1,792.003000,0.000000,,v0.4.1-interval-core
16116006046,0,16116006046,16116006046,0.000000,1,0,0,0,2,multiscale+elgendi_like,1.000000,0.000000,0,0,1,0,1.000000,5.655374,1,792.003000,0.000000,,v0.4.1-interval-core
16116750043,0,16116750043,16116750043,0.000000,1,0,0,0,2,multiscale+elgendi_like,1.000000,0.000000,0,0,1,0,1.000000,5.629354,1,792.003000,0.000000,,v0.4.1-interval-core
16117494043,0,16117494043,16117494043,0.000000,1,0,0,0,2,multiscale+elgendi_like,1.000000,0.000000,0,0,1,0,1.000000,5.827824,1,796.001500,0.000000,,v0.4.1-interval-core
16118262043,0,16118262043,16118262043,0.000000,1,0,0,0,2,multiscale+elgendi_like,1.000000,0.000000,0,0,1,0,1.000000,6.027072,1,808.000000,0.000000,,v0.4.1-interval-core
16119030043,0,16119030043,16119030043,0.000000,1,0,0,0,2,multiscale+elgendi_like,1.000000,0.000000,0,0,1,0,1.000000,6.161181,1,808.000000,0.000000,,v0.4.1-interval-core
16119838043,0,16119838043,16119838043,0.000000,1,0,0,0,2,multiscale+elgendi_like,1.000000,0.000000,0,0,1,0,1.000000,6.532289,1,808.000000,0.000000,,v0.4.1-interval-core
16120670043,0,16120670043,16120670043,0.000000,1,0,0,0,2,multiscale+elgendi_like,1.000000,0.000000,0,0,1,0,1.000000,6.461499,1,816.000000,0.000000,,v0.4.1-interval-core
16121518043,0,16121518043,16121518043,0.000000,1,0,0,0,2,multiscale+elgendi_like,1.000000,0.000000,0,0,1,0,1.000000,6.316118,1,816.000000,0.000000,,v0.4.1-interval-core
16122326043,0,16122326043,16122326043,0.000000,1,0,0,0,2,multiscale+elgendi_like,1.000000,0.000000,0,0,1,0,1.000000,6.057359,1,808.001000,0.000000,,v0.4.1-interval-core
16123174043,0,16123174043,16123174043,0.000000,1,0,0,0,2,multiscale+elgendi_like,1.000000,0.000000,0,0,1,0,1.000000,6.509845,1,816.000000,0.000000,,v0.4.1-interval-core
16124038043,0,16124038043,16124038043,0.000000,1,0,0,0,2,multiscale+elgendi_like,1.000000,0.000000,0,0,1,0,1.000000,6.612947,1,808.000000,0.000000,,v0.4.1-interval-core
16124854043,0,16124854043,16124854043,0.000000,1,0,0,0,2,multiscale+elgendi_like,1.000000,0.000000,0,0,1,0,1.000000,5.926180,1,807.998000,0.000000,,v0.4.1-interval-core
16125638043,0,16125638043,16125638043,0.000000,1,0,0,0,2,multiscale+elgendi_like,1.000000,0.000000,0,0,1,0,1.000000,6.150379,1,800.002000,0.000000,,v0.4.1-interval-core
16126454043,0,16126454043,16126454043,0.000000,1,0,0,0,2,multiscale+elgendi_like,1.000000,0.000000,0,0,1,0,1.000000,6.444591,1,792.003000,0.000000,,v0.4.1-interval-core
16127270043,0,16127270043,16127270043,0.000000,1,0,0,0,2,multiscale+elgendi_like,1.000000,0.000000,0,0,1,0,1.000000,6.351176,1,784.000000,0.000000,,v0.4.1-interval-core
16128038043,0,16128038043,16128038043,0.000000,1,0,0,0,2,multiscale+elgendi_like,1.000000,0.000000,0,0,1,0,1.000000,5.717681,1,780.000000,0.000000,,v0.4.1-interval-core
16128798043,0,16128798043,16128798043,0.000000,1,0,0,0,2,multiscale+elgendi_like,1.000000,0.000000,0,0,1,0,1.000000,5.978393,1,780.000000,0.000000,,v0.4.1-interval-core
16129598045,0,16129598045,16129598045,0.000000,1,0,0,0,2,multiscale+elgendi_like,1.000000,0.000000,0,0,1,0,1.000000,6.340070,1,780.000000,0.000000,,v0.4.1-interval-core
16130406043,0,16130406043,16130406043,0.000000,1,0,0,0,2,multiscale+elgendi_like,1.000000,0.000000,0,0,1,0,1.000000,6.474176,1,780.000000,0.000000,,v0.4.1-interval-core
16131182043,0,16131182043,16131182043,0.000000,1,0,0,0,2,multiscale+elgendi_like,1.000000,0.000000,0,0,1,0,1.000000,5.805165,1,772.000000,0.000000,,v0.4.1-interval-core
16131902043,0,16131902043,16131902043,0.000000,1,0,0,0,2,multiscale+elgendi_like,1.000000,0.000000,0,0,1,0,1.000000,5.210647,1,764.000000,0.000000,,v0.4.1-interval-core
16132598047,0,16132598047,16132598047,0.000000,1,0,0,0,2,multiscale+elgendi_like,1.000000,0.000000,0,0,1,0,1.000000,5.272795,1,748.000000,0.000000,,v0.4.1-interval-core
16133262047,0,16133262047,16133262047,0.000000,1,0,0,0,2,multiscale+elgendi_like,1.000000,0.000000,0,0,1,0,1.000000,5.898323,1,760.000000,0.000000,,v0.4.1-interval-core
16133958043,0,16133958043,16133958043,0.000000,1,0,0,0,2,multiscale+elgendi_like,1.000000,0.000000,0,0,1,0,1.000000,5.296678,1,760.000000,0.000000,,v0.4.1-interval-core
16134654043,0,16134654043,16134654043,0.000000,1,0,0,0,2,multiscale+elgendi_like,1.000000,0.000000,0,0,1,0,1.000000,5.919726,1,760.000000,0.000000,,v0.4.1-interval-core
16135294047,0,16135294047,16135294047,0.000000,1,0,0,0,2,multiscale+elgendi_like,1.000000,0.000000,0,0,1,1,1.000000,5.354942,1,748.000000,0.000000,,v0.4.1-interval-core
16135918046,0,16135918046,16135918046,0.000000,1,0,0,0,2,multiscale+elgendi_like,1.000000,0.000000,0,0,1,1,1.000000,5.357810,1,748.000000,0.000000,,v0.4.1-interval-core
16136590043,0,16136590043,16136590043,0.000000,1,0,0,0,2,multiscale+elgendi_like,1.000000,0.000000,0,0,1,1,1.000000,6.444405,1,760.000000,0.000000,,v0.4.1-interval-core
16137278043,0,16137278043,16137278043,0.000000,1,0,0,0,2,multiscale+elgendi_like,1.000000,0.000000,0,0,1,1,1.000000,6.339380,1,760.000000,0.000000,,v0.4.1-interval-core
16137974043,0,16137974043,16137974043,0.000000,1,0,0,0,2,multiscale+elgendi_like,1.000000,0.000000,0,0,1,1,1.000000,6.201064,1,760.000000,0.000000,,v0.4.1-interval-core
16138710043,0,16138710043,16138710043,0.000000,1,0,0,0,2,multiscale+elgendi_like,1.000000,0.000000,0,0,1,1,1.000000,6.311979,1,760.000000,0.000000,,v0.4.1-interval-core
16139430043,0,16139430043,16139430043,0.000000,1,0,0,0,2,multiscale+elgendi_like,1.000000,0.000000,0,0,1,1,1.000000,6.020480,1,748.000000,0.000000,,v0.4.1-interval-core
16140190043,0,16140190043,16140190043,0.000000,1,0,0,0,2,multiscale+elgendi_like,1.000000,0.000000,0,0,1,0,1.000000,6.663866,1,748.000000,0.000000,,v0.4.1-interval-core
16140982043,0,16140982043,16140982043,0.000000,1,0,0,0,2,multiscale+elgendi_like,1.000000,0.000000,0,0,1,1,1.000000,6.671430,1,748.000000,0.000000,,v0.4.1-interval-core
16141814043,0,16141814043,16141814043,0.000000,1,0,0,0,2,multiscale+elgendi_like,1.000000,0.000000,0,0,1,0,1.000000,6.658788,1,748.000000,0.000000,,v0.4.1-interval-core
16142638047,0,16142638047,16142638047,0.000000,1,0,0,0,2,multiscale+elgendi_like,1.000000,0.000000,0,0,1,0,1.000000,6.378423,1,748.000000,0.000000,,v0.4.1-interval-core
16143438043,0,16143438043,16143438043,0.000000,1,0,0,0,2,multiscale+elgendi_like,1.000000,0.000000,0,0,1,0,1.000000,6.110722,1,776.000000,0.000000,,v0.4.1-interval-core
16144278043,0,16144278043,16144278043,0.000000,1,0,0,0,2,multiscale+elgendi_like,1.000000,0.000000,0,0,1,0,1.000000,6.660050,1,795.998000,0.000000,,v0.4.1-interval-core
16145134043,0,16145134043,16145134043,0.000000,1,0,0,0,2,multiscale+elgendi_like,1.000000,0.000000,0,0,1,0,1.000000,6.480100,1,824.004000,0.000000,,v0.4.1-interval-core
16146014043,0,16146014043,16146014043,0.000000,1,0,0,0,2,multiscale+elgendi_like,1.000000,0.000000,0,0,1,0,1.000000,6.538440,1,824.004000,0.000000,,v0.4.1-interval-core
16146886043,0,16146886043,16146886043,0.000000,1,0,0,0,2,multiscale+elgendi_like,1.000000,0.000000,0,0,1,0,1.000000,6.141501,1,832.000000,0.000000,,v0.4.1-interval-core
16147782043,0,16147782043,16147782043,0.000000,1,0,0,0,2,multiscale+elgendi_like,1.000000,0.000000,0,0,1,0,1.000000,6.841881,1,848.000000,0.000000,,v0.4.1-interval-core
16148678043,0,16148678043,16148678043,0.000000,1,0,0,0,2,multiscale+elgendi_like,1.000000,0.000000,0,0,1,0,1.000000,6.417217,1,848.000000,0.000000,,v0.4.1-interval-core
16149542043,0,16149542043,16149542043,0.000000,1,0,0,0,2,multiscale+elgendi_like,1.000000,0.000000,0,0,1,0,1.000000,6.109849,1,860.000000,0.000000,,v0.4.1-interval-core
16150366047,0,16150366047,16150366047,0.000000,1,0,0,0,2,multiscale+elgendi_like,1.000000,0.000000,0,0,1,0,1.000000,6.038838,1,868.000000,0.000000,,v0.4.1-interval-core
16151270043,0,16151270043,16151270043,0.000000,1,0,0,0,2,multiscale+elgendi_like,1.000000,0.000000,0,0,1,0,1.000000,6.450504,1,880.000000,0.000000,,v0.4.1-interval-core
16152198043,0,16152198043,16152198043,0.000000,1,0,0,0,2,multiscale+elgendi_like,1.000000,0.000000,0,0,1,0,1.000000,6.352927,1,880.000000,0.000000,,v0.4.1-interval-core
16153126043,0,16153126043,16153126043,0.000000,1,0,0,0,2,multiscale+elgendi_like,1.000000,0.000000,0,0,1,0,1.000000,6.407949,1,888.000000,0.000000,,v0.4.1-interval-core
16154022043,0,16154022043,16154022043,0.000000,1,0,0,0,2,multiscale+elgendi_like,1.000000,0.000000,0,0,1,0,1.000000,6.270303,1,888.000000,0.000000,,v0.4.1-interval-core
16154934044,0,16154934044,16154934044,0.000000,1,0,0,0,2,multiscale+elgendi_like,1.000000,0.000000,0,0,1,0,1.000000,6.081832,1,888.000000,0.000000,,v0.4.1-interval-core
16155774043,0,16155774043,16155774043,0.000000,1,0,0,0,2,multiscale+elgendi_like,1.000000,0.000000,0,0,1,0,1.000000,5.661921,1,896.000000,0.000000,,v0.4.1-interval-core
16156662043,0,16156662043,16156662043,0.000000,1,0,0,0,2,multiscale+elgendi_like,1.000000,0.000000,0,0,1,0,1.000000,6.381021,1,896.000000,0.000000,,v0.4.1-interval-core
16157558043,0,16157558043,16157558043,0.000000,1,0,0,0,2,multiscale+elgendi_like,1.000000,0.000000,0,0,1,0,1.000000,6.144381,1,896.000000,0.000000,,v0.4.1-interval-core
16158446043,0,16158446043,16158446043,0.000000,1,0,0,0,2,multiscale+elgendi_like,1.000000,0.000000,0,0,1,0,1.000000,5.850591,1,896.000000,0.000000,,v0.4.1-interval-core
16159318043,0,16159318043,16159318043,0.000000,1,0,0,0,2,multiscale+elgendi_like,1.000000,0.000000,0,0,1,0,1.000000,6.356207,1,896.000000,0.000000,,v0.4.1-interval-core
16160230043,0,16160230043,16160230043,0.000000,1,0,0,0,2,multiscale+elgendi_like,1.000000,0.000000,0,0,1,0,1.000000,6.325785,1,903.996000,0.000000,,v0.4.1-interval-core
16161070047,0,16161070047,16161070047,0.000000,1,0,0,0,2,multiscale+elgendi_like,1.000000,0.000000,0,0,1,0,1.000000,5.652094,1,896.000000,0.000000,,v0.4.1-interval-core
16161998043,0,16161998043,16161998043,0.000000,1,0,0,0,2,multiscale+elgendi_like,1.000000,0.000000,0,0,1,0,1.000000,6.741027,1,896.000000,0.000000,,v0.4.1-interval-core
16162902043,0,16162902043,16162902043,0.000000,1,0,0,0,2,multiscale+elgendi_like,1.000000,0.000000,0,0,1,0,1.000000,6.070255,1,896.000000,0.000000,,v0.4.1-interval-core
16163758043,0,16163758043,16163758043,0.000000,1,0,0,0,2,multiscale+elgendi_like,1.000000,0.000000,0,0,1,0,1.000000,5.968627,1,895.997000,0.000000,,v0.4.1-interval-core
16164702043,0,16164702043,16164702043,0.000000,1,0,0,0,2,multiscale+elgendi_like,1.000000,0.000000,0,0,1,0,1.000000,6.732720,1,888.000000,0.000000,,v0.4.1-interval-core
16165638043,0,16165638043,16165638043,0.000000,1,0,0,0,2,multiscale+elgendi_like,1.000000,0.000000,0,0,1,0,1.000000,6.358223,1,888.000000,0.000000,,v0.4.1-interval-core
16166558046,0,16166558046,16166558046,0.000000,1,0,0,0,2,multiscale+elgendi_like,1.000000,0.000000,0,0,1,0,1.000000,6.200142,1,872.000000,0.000000,,v0.4.1-interval-core
16167454043,0,16167454043,16167454043,0.000000,1,0,0,0,2,multiscale+elgendi_like,1.000000,0.000000,0,0,1,0,1.000000,6.177167,1,872.000000,0.000000,,v0.4.1-interval-core
16168286043,0,16168286043,16168286043,0.000000,1,0,0,0,2,multiscale+elgendi_like,1.000000,0.000000,0,0,1,0,1.000000,6.212502,1,872.000000,0.000000,,v0.4.1-interval-core
16169102043,0,16169102043,16169102043,0.000000,1,0,0,0,2,multiscale+elgendi_like,1.000000,0.000000,0,0,1,0,1.000000,5.934232,1,872.000000,0.000000,,v0.4.1-interval-core
16169926043,0,16169926043,16169926043,0.000000,1,0,0,0,2,multiscale+elgendi_like,1.000000,0.000000,0,0,1,0,1.000000,6.103344,1,872.000000,0.000000,,v0.4.1-interval-core
16170742044,0,16170742044,16170742044,0.000000,1,0,0,0,2,multiscale+elgendi_like,1.000000,0.000000,0,0,1,0,1.000000,5.878352,1,872.000000,0.000000,,v0.4.1-interval-core
16171606043,0,16171606043,16171606043,0.000000,1,0,0,0,2,multiscale+elgendi_like,1.000000,0.000000,0,0,1,0,1.000000,6.600971,1,872.000000,0.000000,,v0.4.1-interval-core
16172398043,0,16172398043,16172398043,0.000000,1,0,0,0,2,multiscale+elgendi_like,1.000000,0.000000,0,0,1,0,1.000000,5.725759,1,872.000000,0.000000,,v0.4.1-interval-core
