t_us,window_start_t_us,window_end_t_us,sample_count,raw_min,raw_p05,raw_p50,raw_p95,raw_max,avg_p05,avg_p50,avg_p95,filtered_p05,filtered_p50,filtered_p95,filtered_std,filtered_peak_to_peak,clip_low_ratio,clip_high_ratio,wear_ratio,wear_transition_count,max_no_wear_run_ms,candidate_count,detector_score_p50,expected_rr_ms_p50,firmware_hr_bpm_p50,firmware_hr_zero_ratio,effective_sample_rate_hz,timing_jitter_p95_ms,sqi,sqi_wear_ratio,sqi_clip_low_ratio,sqi_clip_high_ratio,transport_score,transport_status,contact_score,contact_status,protocol_error_ratio,protocol_seq_gaps,sample_drop_count,sample_queue_depth,sample_queue_high_water,corrector_reference_rr_ms,corrector_autocorr_confidence,corrector_polarity,corrector_candidate_count,corrector_selected_count,corrector_inserted_count,corrector_firmware_matched_count,multiscale_peak_count,elgendi_peak_count,dual_detector_peak_count,single_detector_peak_count,detector_consensus_ratio,detector_time_spread_p95_ms,stable_reference_rr_ms,local_dual_rr_ms,local_dual_rr_robust_cv,reference_update_reason
14195622043,14195622043,14195622043,1,107.000000,107.000000,107.000000,107.000000,107.000000,110.000000,110.000000,110.000000,-40.000000,-40.000000,-40.000000,0.000000,0.000000,0.000000,0.000000,1.000000,0,0.000000,1,0.490000,844.800000,72.100000,0.000000,0.000000,0.000000,0.000000,0.000000,0.000000,0.000000,0.000000,INVALID,0.000000,INVALID,0.000000,0,0,0,0,0.000000,0.000000,1,0,0,0,0,0,0,0,0,0.000000,0.000000,0.000000,0.000000,0.000000,
14200622043,14195622043,14200622043,626,92.000000,102.000000,127.000000,264.750000,288.000000,102.250000,127.000000,256.000000,-49.750000,-22.000000,100.000000,49.401824,176.000000,0.000000,0.000000,1.000000,0,0.000000,64,0.517500,844.800000,72.100000,0.000000,125.000000,0.004000,0.999700,1.000000,0.000000,0.000000,0.999100,VALID,1.000000,VALID,0.000000,0,0,0,4,0.000000,0.000000,1,0,0,0,0,0,0,0,0,0.000000,0.000000,0.000000,0.000000,0.000000,
14205622045,14200630043,14205622045,625,36.000000,48.000000,122.000000,316.000000,351.000000,50.200000,125.000000,306.000000,-97.800000,-28.000000,147.800000,73.670590,288.000000,0.000000,0.000000,1.000000,0,0.000000,36,0.572000,836.000000,71.800000,0.000000,125.000000,0.004000,0.999700,1.000000,0.000000,0.000000,0.999100,VALID,1.000000,VALID,0.000000,0,0,0,4,792.000000,1.000000,1,12,0,0,0,12,12,12,0,1.000000,0.000000,800.015499,792.000000,0.194685,dual_consensus_update
14210630045,14205630045,14210630045,626,32.000000,47.000000,109.000000,344.000000,383.000000,49.250000,110.500000,332.500000,-97.000000,-31.000000,179.750000,86.222805,320.000000,0.000000,0.000000,1.000000,0,0.000000,27,0.509000,836.000000,71.800000,0.000000,125.000000,0.004000,0.999700,1.000000,0.000000,0.000000,0.999100,VALID,1.000000,VALID,0.000000,0,0,0,4,823.998000,1.000000,1,18,0,0,0,18,18,18,0,1.000000,0.000000,818.030860,823.998000,0.143946,dual_strong_update
14215638043,14210638043,14215638043,626,72.000000,80.000000,115.500000,310.000000,329.000000,80.250000,116.000000,301.750000,-70.000000,-31.000000,144.000000,71.118455,231.000000,0.000000,0.000000,1.000000,0,0.000000,29,0.513000,860.800000,69.400000,0.000000,125.000000,0.004000,0.999700,1.000000,0.000000,0.000000,0.999100,VALID,1.000000,VALID,0.000000,0,0,0,4,843.998500,1.000000,1,23,1,0,1,23,23,23,0,1.000000,0.000000,861.997998,843.998500,0.105404,dual_strong_update
14220638045,14215646043,14220638045,625,65.000000,72.000000,112.000000,325.600000,357.000000,73.000000,115.000000,312.200000,-76.000000,-32.000000,151.800000,78.290154,261.000000,0.000000,0.000000,1.000000,0,0.000000,25,0.520000,864.000000,69.400000,0.000000,125.000000,0.004000,0.999700,1.000000,0.000000,0.000000,0.999100,VALID,1.000000,VALID,0.000000,0,0,0,4,799.998000,0.960000,1,25,0,0,0,24,25,24,1,0.960000,0.000000,797.898576,799.998000,0.163083,dual_consensus_update
14225646045,14220654045,14225646045,625,57.000000,77.200000,124.000000,329.000000,357.000000,78.000000,124.000000,318.800000,-76.000000,-24.000000,158.800000,76.311578,276.000000,0.000000,0.000000,1.000000,0,0.000000,29,0.513000,888.000000,69.400000,0.000000,125.000000,0.004000,0.999700,1.000000,0.000000,0.000000,0.999100,VALID,1.000000,VALID,0.000000,0,0,0,4,891.998500,1.000000,1,23,0,0,0,23,23,23,0,1.000000,0.000000,893.641353,891.998500,0.066488,dual_strong_update
14230646046,14225654043,14230646046,625,4.000000,60.200000,134.000000,301.600000,339.000000,63.000000,133.000000,294.800000,-90.800000,-21.000000,135.600000,71.139133,288.000000,0.000000,0.000000,1.000000,0,0.000000,33,0.512000,902.400000,65.200000,0.000000,125.000000,0.004000,0.999700,1.000000,0.000000,0.000000,0.999100,VALID,1.000000,VALID,0.000000,0,0,0,4,812.000000,1.000000,1,23,0,0,0,23,23,23,0,1.000000,0.000000,816.238825,812.000000,0.124160,dual_strong_update
14235654043,14230654047,14235654043,626,53.000000,72.000000,124.000000,325.750000,350.000000,74.000000,124.000000,317.000000,-84.750000,-32.500000,149.750000,75.995995,269.000000,0.000000,0.000000,1.000000,0,0.000000,34,0.534000,894.400000,65.200000,0.000000,125.000000,0.004000,0.999700,1.000000,0.000000,0.000000,0.999100,VALID,1.000000,VALID,0.000000,0,0,0,4,847.999000,0.958333,1,24,1,0,1,24,23,23,1,0.958333,0.000000,846.382155,847.999000,0.111896,dual_strong_update
14240654043,14235654043,14240654043,626,57.000000,72.000000,123.000000,335.500000,367.000000,73.250000,124.000000,325.500000,-83.750000,-27.000000,158.000000,76.871550,277.000000,0.000000,0.000000,1.000000,0,0.000000,29,0.515000,862.400000,70.800000,0.000000,125.000000,0.004000,0.999700,1.000000,0.000000,0.000000,0.999100,VALID,1.000000,VALID,0.000000,0,0,0,4,852.004000,0.958333,1,24,0,0,0,24,23,23,1,0.958333,0.000000,856.397606,852.004000,0.076568,dual_strong_update
14245654047,14240662044,14245654047,625,37.000000,53.000000,112.000000,359.800000,383.000000,55.000000,113.000000,345.800000,-98.000000,-43.000000,181.800000,89.129398,329.000000,0.000000,0.000000,1.000000,0,0.000000,35,0.511000,860.800000,68.800000,0.000000,125.000000,0.004000,0.999700,1.000000,0.000000,0.000000,0.999100,VALID,1.000000,VALID,0.000000,0,0,0,4,856.004000,0.956522,1,23,0,0,0,23,22,22,1,0.956522,0.000000,854.897017,856.004000,0.055417,dual_strong_update
14250662043,14245662043,14250662043,626,29.000000,69.000000,132.000000,327.750000,350.000000,72.000000,133.500000,315.750000,-82.000000,-22.500000,152.000000,79.604141,281.000000,0.000000,0.000000,1.000000,0,0.000000,22,0.522000,860.800000,69.400000,0.000000,125.000000,0.004000,0.999700,1.000000,0.000000,0.000000,0.999100,VALID,1.000000,VALID,0.000000,0,0,0,4,856.004000,0.956522,1,23,1,0,1,23,22,22,1,0.956522,0.000000,859.926028,856.004000,0.027724,dual_strong_update
14255662043,14250662043,14255662043,626,51.000000,60.250000,109.500000,349.000000,375.000000,63.000000,113.000000,334.750000,-90.000000,-43.000000,167.000000,89.039891,297.000000,0.000000,0.000000,1.000000,0,0.000000,26,0.527000,840.000000,69.400000,0.000000,125.000000,0.004000,0.999700,1.000000,0.000000,0.000000,0.999100,VALID,1.000000,VALID,0.000000,0,0,0,4,840.001000,1.000000,1,23,0,0,0,23,23,23,0,1.000000,0.000000,842.969455,840.001000,0.105902,dual_strong_update
14260662047,14255670043,14260662047,625,28.000000,38.000000,101.000000,383.000000,406.000000,40.000000,106.000000,374.000000,-112.000000,-43.000000,211.800000,108.308636,348.000000,0.000000,0.000000,1.000000,0,0.000000,20,0.521000,840.000000,70.100000,0.000000,125.000000,0.004000,0.999700,1.000000,0.000000,0.000000,0.999100,VALID,1.000000,VALID,0.000000,0,0,0,4,776.002000,1.000000,1,24,0,0,0,24,24,24,0,1.000000,0.000000,777.027078,776.002000,0.122272,dual_strong_update
14265670043,14260670045,14265670043,626,47.000000,55.000000,108.000000,378.750000,401.000000,57.000000,108.000000,361.750000,-98.750000,-43.000000,196.750000,97.796341,320.000000,0.000000,0.000000,1.000000,0,0.000000,23,0.499500,814.400000,73.500000,0.000000,125.000000,0.004000,0.999700,1.000000,0.000000,0.000000,0.999100,VALID,1.000000,VALID,0.000000,0,0,0,4,772.000500,1.000000,1,25,0,0,0,25,25,25,0,1.000000,0.000000,770.259711,772.000500,0.099857,dual_strong_update
14270670043,14265670043,14270670043,626,60.000000,67.000000,114.000000,372.000000,395.000000,68.000000,115.000000,357.750000,-89.000000,-38.500000,191.250000,92.680531,305.000000,0.000000,0.000000,1.000000,0,0.000000,18,0.503000,833.600000,72.100000,0.000000,125.000000,0.004000,0.999700,1.000000,0.000000,0.000000,0.999100,VALID,1.000000,VALID,0.000000,0,0,0,4,808.003000,0.960000,1,25,0,0,0,24,25,24,1,0.960000,0.000000,798.259283,808.003000,0.088077,dual_strong_update
14275670043,14270670043,14275670043,626,64.000000,73.250000,120.000000,365.750000,388.000000,76.000000,121.000000,350.500000,-82.750000,-36.000000,179.000000,85.151499,294.000000,0.000000,0.000000,1.000000,0,0.000000,28,0.507500,867.200000,68.800000,0.000000,125.000000,0.004000,0.999700,1.000000,0.000000,0.000000,0.999100,VALID,1.000000,VALID,0.000000,0,0,0,4,840.004000,1.000000,1,22,0,0,0,22,22,22,0,1.000000,0.000000,836.427150,840.004000,0.056467,dual_strong_update
14280670044,14275678045,14280670044,625,52.000000,67.000000,114.000000,365.000000,400.000000,68.000000,114.000000,355.600000,-91.800000,-39.000000,188.800000,92.226762,316.000000,0.000000,0.000000,1.000000,0,0.000000,23,0.514000,880.000000,68.200000,0.000000,125.000000,0.004000,0.999700,1.000000,0.000000,0.000000,0.999100,VALID,1.000000,VALID,0.000000,0,0,0,4,856.004000,1.000000,1,22,1,0,1,22,22,22,0,1.000000,0.000000,850.834056,856.004000,0.041568,dual_strong_update
14285670047,14280678043,14285670047,625,49.000000,57.000000,117.000000,393.600000,419.000000,59.000000,118.000000,376.000000,-100.000000,-33.000000,208.800000,102.006958,340.000000,0.000000,0.000000,1.000000,0,0.000000,19,0.519000,888.000000,67.600000,0.000000,125.000000,0.004000,0.999700,1.000000,0.000000,0.000000,0.999100,VALID,1.000000,VALID,0.000000,0,0,0,4,884.000000,0.954545,1,22,0,0,0,22,21,21,1,0.954545,0.000000,881.683214,884.000000,0.040257,dual_strong_update
14290678043,14285678046,14290678043,626,48.000000,64.000000,113.000000,370.750000,403.000000,66.250000,114.000000,357.000000,-93.000000,-42.000000,189.500000,90.257561,319.000000,0.000000,0.000000,1.000000,0,0.000000,23,0.512000,889.600000,67.600000,0.000000,125.000000,0.004000,0.999700,1.000000,0.000000,0.000000,0.999100,VALID,1.000000,VALID,0.000000,0,0,0,4,887.998000,1.000000,1,21,0,0,0,21,21,21,0,1.000000,0.000000,887.994855,887.998000,0.033401,dual_strong_update
14295678045,14290686046,14295678045,625,38.000000,52.000000,108.000000,391.800000,436.000000,54.000000,112.000000,375.000000,-105.000000,-41.000000,206.800000,105.987796,363.000000,0.000000,0.000000,1.000000,0,0.000000,17,0.521000,854.400000,70.100000,0.000000,125.000000,0.004000,0.999700,1.000000,0.000000,0.000000,0.999100,VALID,1.000000,VALID,0.000000,0,0,0,4,887.996000,1.000000,1,22,0,0,0,22,22,22,0,1.000000,0.000000,886.161099,887.996000,0.053426,dual_strong_update
14300678046,14295686046,14300678046,625,36.000000,51.000000,112.000000,408.000000,429.000000,52.000000,113.000000,392.800000,-107.000000,-38.000000,223.800000,110.009656,359.000000,0.000000,0.000000,1.000000,0,0.000000,15,0.520000,873.600000,67.600000,0.000000,125.000000,0.004000,0.999700,1.000000,0.000000,0.000000,0.999100,VALID,1.000000,VALID,0.000000,0,0,0,4,887.998000,0.913043,1,23,1,0,1,22,22,21,2,0.913043,0.000000,888.925420,887.998000,0.086820,dual_strong_update
14305686043,14300686043,14305686043,626,31.000000,47.000000,103.500000,399.500000,443.000000,48.250000,105.000000,384.500000,-111.000000,-48.000000,214.750000,103.045784,378.000000,0.000000,0.000000,1.000000,0,0.000000,24,0.502500,888.000000,67.600000,0.000000,125.000000,0.004000,0.999700,1.000000,0.000000,0.000000,0.999100,VALID,1.000000,VALID,0.000000,0,0,0,4,879.998000,1.000000,1,22,0,0,0,22,22,22,0,1.000000,0.000000,882.502404,879.998000,0.053909,dual_strong_update
14310686043,14305686043,14310686043,626,30.000000,38.000000,105.500000,419.750000,466.000000,40.000000,108.500000,403.750000,-117.000000,-40.000000,236.750000,117.448746,398.000000,0.000000,0.000000,1.000000,0,0.000000,16,0.519000,864.000000,68.200000,0.000000,125.000000,0.004000,0.999700,1.000000,0.000000,0.000000,0.999100,VALID,1.000000,VALID,0.000000,0,0,0,4,880.001000,1.000000,1,22,0,0,0,22,22,22,0,1.000000,0.000000,876.150563,880.001000,0.094345,dual_strong_update
14315686043,14310686043,14315686043,626,31.000000,44.250000,108.000000,418.000000,451.000000,45.000000,108.000000,401.000000,-115.000000,-44.500000,231.750000,111.319123,388.000000,0.000000,0.000000,1.000000,0,0.000000,25,0.514000,884.800000,70.800000,0.000000,125.000000,0.004000,0.999700,1.000000,0.000000,0.000000,0.999100,VALID,1.000000,VALID,0.000000,0,0,0,4,891.998500,1.000000,1,21,1,0,1,21,21,21,0,1.000000,0.000000,891.969551,891.998500,0.086431,dual_strong_update
14320686043,14315686043,14320686043,626,0.000000,4.000000,97.000000,455.250000,507.000000,9.000000,101.000000,440.750000,-148.000000,-56.500000,274.250000,136.673536,476.000000,0.036741,0.000000,1.000000,0,0.000000,20,0.540500,884.800000,70.800000,0.000000,125.000000,0.004000,0.917032,1.000000,0.036741,0.000000,0.999100,VALID,0.880591,VALID,0.000000,0,0,0,4,888.001000,0.956522,1,23,0,0,0,23,22,22,1,0.956522,0.000000,887.272709,888.001000,0.093494,dual_strong_update
14325686043,14320686043,14325686043,626,10.000000,21.250000,92.000000,417.000000,464.000000,25.000000,95.000000,403.000000,-132.000000,-55.500000,238.000000,118.934150,410.000000,0.000000,0.000000,1.000000,0,0.000000,31,0.507500,876.800000,67.700000,0.000000,125.000000,0.004000,0.999700,1.000000,0.000000,0.000000,0.999100,VALID,1.000000,VALID,0.000000,0,0,0,4,871.999000,0.956522,1,23,0,0,0,23,22,22,1,0.956522,0.000000,870.064426,871.999000,0.068013,dual_strong_update
14330686043,14325686043,14330686043,626,1.000000,15.000000,107.500000,436.750000,471.000000,16.000000,110.000000,421.750000,-136.000000,-41.000000,255.000000,128.243320,435.000000,0.000000,0.000000,1.000000,0,0.000000,19,0.524000,867.200000,69.400000,0.000000,125.000000,0.004000,0.999700,1.000000,0.000000,0.000000,0.999100,VALID,1.000000,VALID,0.000000,0,0,0,4,871.998000,0.956522,1,23,0,0,0,23,22,22,1,0.956522,0.000000,874.026442,871.998000,0.040804,dual_strong_update
14335686043,14330686043,14335686043,626,0.000000,20.000000,102.500000,398.000000,428.000000,24.000000,104.000000,381.000000,-133.000000,-46.500000,214.000000,113.565893,392.000000,0.027157,0.000000,1.000000,0,0.000000,25,0.521000,857.600000,69.400000,0.000000,125.000000,0.004000,0.938598,1.000000,0.027157,0.000000,0.999100,VALID,0.911741,VALID,0.000000,0,0,0,4,851.999500,0.958333,1,24,0,0,0,24,23,23,1,0.958333,0.000000,853.956443,851.999500,0.048728,dual_strong_update
14340686043,14335686043,14340686043,626,15.000000,32.250000,94.000000,415.500000,453.000000,36.000000,95.000000,394.750000,-119.000000,-56.000000,228.000000,117.741853,392.000000,0.000000,0.000000,1.000000,0,0.000000,17,0.517000,835.200000,70.100000,0.000000,125.000000,0.004000,0.999700,1.000000,0.000000,0.000000,0.999100,VALID,1.000000,VALID,0.000000,0,0,0,4,836.000500,1.000000,1,23,0,0,0,23,23,23,0,1.000000,0.000000,835.151341,836.000500,0.070937,dual_strong_update
14345686045,14340694043,14345686045,625,28.000000,41.000000,98.000000,432.000000,460.000000,42.200000,100.000000,416.800000,-114.800000,-51.000000,246.000000,121.376488,398.000000,0.000000,0.000000,1.000000,0,0.000000,22,0.509000,844.800000,71.400000,0.000000,125.000000,0.004000,0.999700,1.000000,0.000000,0.000000,0.999100,VALID,1.000000,VALID,0.000000,0,0,0,4,839.999500,1.000000,1,23,1,0,1,23,23,23,0,1.000000,0.000000,839.994942,839.999500,0.063542,dual_strong_update
14350686047,14345694043,14350686047,625,32.000000,42.200000,104.000000,418.000000,445.000000,44.000000,104.000000,401.800000,-114.000000,-46.000000,232.000000,114.908001,379.000000,0.000000,0.000000,1.000000,0,0.000000,19,0.512000,862.400000,69.400000,0.000000,125.000000,0.004000,0.999700,1.000000,0.000000,0.000000,0.999100,VALID,1.000000,VALID,0.000000,0,0,0,4,839.999000,1.000000,1,24,0,0,0,24,24,24,0,1.000000,0.000000,837.756083,839.999000,0.070595,dual_strong_update
14355694043,14350694043,14355694043,626,28.000000,40.000000,101.500000,415.750000,439.000000,42.000000,103.000000,398.750000,-116.750000,-49.000000,230.000000,115.475308,372.000000,0.000000,0.000000,1.000000,0,0.000000,18,0.506000,849.600000,70.800000,0.000000,125.000000,0.004000,0.999700,1.000000,0.000000,0.000000,0.999100,VALID,1.000000,VALID,0.000000,0,0,0,4,847.997500,1.000000,1,23,0,0,0,23,23,23,0,1.000000,0.000000,846.865713,847.997500,0.034970,dual_strong_update
14360694043,14355694043,14360694043,626,20.000000,29.000000,98.000000,423.000000,460.000000,32.000000,99.500000,407.750000,-125.000000,-52.000000,236.000000,120.681575,406.000000,0.000000,0.000000,1.000000,0,0.000000,16,0.517500,838.400000,71.400000,0.000000,125.000000,0.004000,0.999700,1.000000,0.000000,0.000000,0.999100,VALID,1.000000,VALID,0.000000,0,0,0,4,848.000500,1.000000,1,23,0,0,0,23,23,23,0,1.000000,0.000000,848.006866,848.000500,0.027976,dual_strong_update
14365694043,14360694043,14365694043,626,14.000000,28.250000,110.000000,409.500000,468.000000,30.000000,111.000000,396.000000,-125.000000,-38.500000,230.000000,114.699928,413.000000,0.000000,0.000000,1.000000,0,0.000000,16,0.508500,854.400000,70.800000,0.000000,125.000000,0.004000,0.999700,1.000000,0.000000,0.000000,0.999100,VALID,1.000000,VALID,0.000000,0,0,0,4,847.997500,1.000000,1,23,0,0,0,23,23,23,0,1.000000,0.000000,847.998828,847.997500,0.027971,dual_strong_update
14370694043,14365694043,14370694043,626,7.000000,22.000000,112.000000,398.250000,514.000000,27.000000,114.000000,382.750000,-129.000000,-47.000000,211.500000,110.436806,478.000000,0.000000,0.000000,1.000000,0,0.000000,23,0.525000,848.000000,70.100000,0.000000,125.000000,0.004000,0.999700,1.000000,0.000000,0.000000,0.999100,VALID,1.000000,VALID,0.000000,0,0,0,4,843.996500,0.958333,1,24,0,0,0,24,23,23,1,0.958333,0.000000,844.115983,843.996500,0.035130,dual_strong_update
14375694046,14370702045,14375694046,625,8.000000,30.000000,81.000000,416.800000,468.000000,31.000000,86.000000,398.000000,-118.000000,-63.000000,233.000000,124.940072,418.000000,0.000000,0.000000,1.000000,0,0.000000,30,0.516000,800.000000,72.800000,0.000000,125.000000,0.004000,0.999700,1.000000,0.000000,0.000000,0.999100,VALID,1.000000,VALID,0.000000,0,0,0,4,791.996000,0.960000,1,25,0,0,0,25,24,24,1,0.960000,0.000000,807.956491,791.996000,0.119822,dual_strong_update
14380702047,14375710043,14380702047,625,0.000000,0.000000,78.000000,485.000000,535.000000,3.000000,81.000000,463.800000,-151.000000,-61.000000,296.800000,151.971819,500.000000,0.060800,0.000000,1.000000,0,0.000000,19,0.516000,798.400000,75.200000,0.000000,125.000000,0.004000,0.862900,1.000000,0.060800,0.000000,0.999100,VALID,0.802400,VALID,0.000000,0,0,0,4,751.996000,0.960000,1,25,0,0,0,25,24,24,1,0.960000,0.000000,753.250728,751.996000,0.141944,dual_strong_update
14385710043,14380710047,14385710043,626,16.000000,25.000000,91.500000,456.000000,491.000000,26.250000,94.000000,438.750000,-128.000000,-54.500000,269.000000,133.510313,438.000000,0.000000,0.000000,1.000000,0,0.000000,15,0.505000,812.800000,75.000000,0.000000,125.000000,0.004000,0.999700,1.000000,0.000000,0.000000,0.999100,VALID,1.000000,VALID,0.000000,0,0,0,4,751.996000,0.960000,1,25,0,0,0,25,24,24,1,0.960000,0.000000,754.440391,751.996000,0.141944,dual_strong_update
14390710043,14385710043,14390710043,626,0.000000,13.000000,85.000000,468.750000,500.000000,14.000000,89.000000,449.000000,-138.000000,-56.000000,281.750000,142.430091,457.000000,0.003195,0.000000,1.000000,0,0.000000,18,0.511000,812.800000,75.000000,0.000000,125.000000,0.004000,0.992512,1.000000,0.003195,0.000000,0.999100,VALID,0.989617,VALID,0.000000,0,0,0,4,776.000000,1.000000,1,24,0,0,0,24,24,24,0,1.000000,0.000000,769.780238,776.000000,0.122284,dual_strong_update
14395710044,14390718046,14395710044,625,12.000000,26.200000,91.000000,445.600000,482.000000,28.000000,92.000000,430.600000,-129.000000,-57.000000,264.800000,128.999779,434.000000,0.000000,0.000000,1.000000,0,0.000000,19,0.506000,862.400000,69.400000,0.000000,125.000000,0.004000,0.999700,1.000000,0.000000,0.000000,0.999100,VALID,1.000000,VALID,0.000000,0,0,0,4,856.000000,1.000000,1,23,1,0,1,23,23,23,0,1.000000,0.000000,852.251082,856.000000,0.041570,dual_strong_update
14400710045,14395718047,14400710045,625,0.000000,0.000000,109.000000,420.800000,519.000000,5.200000,115.000000,403.000000,-145.800000,-37.000000,233.800000,127.693691,471.000000,0.065600,0.000000,1.000000,0,0.000000,27,0.541000,832.000000,70.800000,0.000000,125.000000,0.004000,0.852100,1.000000,0.065600,0.000000,0.999100,VALID,0.786800,LIMITED,0.000000,0,0,0,4,807.998000,1.000000,1,24,1,0,1,24,24,24,0,1.000000,0.000000,815.059364,807.998000,0.102758,dual_strong_update
14405718044,14400718044,14405718044,626,0.000000,4.000000,75.000000,453.000000,510.000000,5.000000,77.000000,432.750000,-148.750000,-69.500000,266.500000,137.344990,473.000000,0.039936,0.000000,1.000000,0,0.000000,22,0.508000,832.000000,70.800000,0.000000,125.000000,0.004000,0.909844,1.000000,0.039936,0.000000,0.999100,VALID,0.870208,VALID,0.000000,0,0,0,4,744.001500,1.000000,1,25,0,0,0,25,25,25,0,1.000000,0.000000,749.447529,744.001500,0.111592,dual_strong_update
14410726045,14405734046,14410726045,625,26.000000,39.000000,80.000000,423.800000,458.000000,40.000000,88.000000,403.800000,-112.000000,-63.000000,237.600000,124.087982,382.000000,0.000000,0.000000,1.000000,0,0.000000,29,0.511000,803.200000,72.800000,0.000000,125.000000,0.004000,0.999700,1.000000,0.000000,0.000000,0.999100,VALID,1.000000,VALID,0.000000,0,0,0,4,720.000000,1.000000,1,26,0,0,0,26,26,26,0,1.000000,0.000000,721.013166,720.000000,0.032951,dual_strong_update
14415726047,14410734044,14415726047,625,0.000000,8.000000,72.000000,454.600000,519.000000,9.000000,78.000000,435.000000,-142.000000,-68.000000,267.000000,137.505051,477.000000,0.011200,0.000000,1.000000,0,0.000000,25,0.522000,776.000000,74.800000,0.000000,125.000000,0.004000,0.974500,1.000000,0.011200,0.000000,0.999100,VALID,0.963600,VALID,0.000000,0,0,0,4,712.000000,1.000000,1,27,0,0,0,27,27,27,0,1.000000,0.000000,712.063499,712.000000,0.041647,dual_strong_update
14420734043,14415734046,14420734043,626,13.000000,32.000000,90.000000,457.000000,493.000000,34.000000,92.000000,435.000000,-122.000000,-53.000000,266.750000,135.799265,438.000000,0.000000,0.000000,1.000000,0,0.000000,29,0.495000,784.000000,74.800000,0.000000,125.000000,0.004000,0.999700,1.000000,0.000000,0.000000,0.999100,VALID,1.000000,VALID,0.000000,0,0,0,4,723.998000,1.000000,1,25,0,0,0,25,25,25,0,1.000000,0.000000,724.172896,723.998000,0.081916,dual_strong_update
14425734046,14420742046,14425734046,625,17.000000,33.000000,86.000000,439.600000,468.000000,35.000000,89.000000,420.800000,-118.000000,-61.000000,250.000000,124.550452,406.000000,0.000000,0.000000,1.000000,0,0.000000,20,0.502000,796.800000,75.000000,0.000000,125.000000,0.004000,0.999700,1.000000,0.000000,0.000000,0.999100,VALID,1.000000,VALID,0.000000,0,0,0,4,771.999000,1.000000,1,25,1,0,1,25,25,25,0,1.000000,0.000000,768.344702,771.999000,0.084506,dual_strong_update
14430734047,14425742043,14430734047,625,0.000000,14.000000,84.000000,463.000000,498.000000,17.000000,84.000000,442.000000,-136.800000,-59.000000,274.000000,134.681329,451.000000,0.012800,0.000000,1.000000,0,0.000000,18,0.512000,782.400000,77.300000,0.000000,125.000000,0.004000,0.970900,1.000000,0.012800,0.000000,0.999100,VALID,0.958400,VALID,0.000000,0,0,0,4,792.002000,0.960000,1,25,0,0,0,24,25,24,1,0.960000,0.000000,791.124093,792.002000,0.044923,dual_strong_update
14435742044,14430742045,14435742044,626,0.000000,14.000000,76.000000,451.500000,494.000000,16.000000,85.500000,433.500000,-137.750000,-64.000000,267.000000,141.325854,456.000000,0.017572,0.000000,1.000000,0,0.000000,24,0.520000,766.400000,78.100000,0.000000,125.000000,0.004000,0.960163,1.000000,0.017572,0.000000,0.999100,VALID,0.942891,VALID,0.000000,0,0,0,4,780.000000,1.000000,1,25,0,0,0,25,25,25,0,1.000000,0.000000,782.950132,780.000000,0.045616,dual_strong_update
14440750043,14435750045,14440750043,626,0.000000,0.000000,81.500000,453.500000,544.000000,2.250000,87.000000,435.000000,-154.000000,-62.000000,262.000000,135.025897,498.000000,0.068690,0.000000,1.000000,0,0.000000,31,0.534000,737.600000,80.600000,0.000000,125.000000,0.004000,0.845147,1.000000,0.068690,0.000000,0.999100,VALID,0.776757,LIMITED,0.000000,0,0,0,4,751.999000,0.961538,1,26,0,0,0,25,26,25,1,0.961538,0.000000,756.651483,751.999000,0.039435,dual_strong_update
14445750044,14440758046,14445750044,625,0.000000,17.600000,80.000000,484.000000,550.000000,20.200000,83.000000,461.800000,-126.000000,-60.000000,290.800000,143.348043,504.000000,0.017600,0.000000,1.000000,0,0.000000,30,0.493000,729.600000,80.600000,0.000000,125.000000,0.004000,0.960100,1.000000,0.017600,0.000000,0.999100,VALID,0.942800,VALID,0.000000,0,0,0,4,755.998000,1.000000,1,25,1,0,1,25,25,25,0,1.000000,0.000000,758.600451,755.998000,0.047070,dual_strong_update
14450750045,14445758043,14450750045,625,0.000000,7.200000,68.000000,515.800000,562.000000,10.000000,74.000000,492.600000,-142.000000,-67.000000,322.800000,154.951692,506.000000,0.009600,0.000000,1.000000,0,0.000000,19,0.509000,760.800000,79.900000,0.000000,125.000000,0.004000,0.978100,1.000000,0.009600,0.000000,0.999100,VALID,0.968800,VALID,0.000000,0,0,0,4,759.998000,1.000000,1,26,0,0,0,26,26,26,0,1.000000,0.000000,755.259169,759.998000,0.062429,dual_strong_update
14455750047,14450758043,14455750047,625,0.000000,0.000000,53.000000,531.600000,576.000000,1.000000,56.000000,504.800000,-152.000000,-87.000000,333.400000,164.327603,531.000000,0.120000,0.000000,1.000000,0,0.000000,20,0.498000,812.800000,73.500000,0.000000,125.000000,0.004000,0.729700,1.000000,0.120000,0.000000,0.999100,VALID,0.610000,INVALID,0.000000,0,0,0,4,776.000000,1.000000,1,25,0,0,0,25,25,25,0,1.000000,0.000000,775.526243,776.000000,0.091707,dual_strong_update
14460758046,14455766047,14460758046,625,0.000000,0.000000,52.000000,540.800000,592.000000,0.000000,58.000000,511.800000,-153.800000,-82.000000,343.000000,175.729585,549.000000,0.182400,0.000000,1.000000,0,0.000000,26,0.509000,755.200000,79.800000,0.000000,125.000000,0.004000,0.589300,1.000000,0.182400,0.000000,0.999100,VALID,0.407200,INVALID,0.000000,0,0,0,4,772.001000,1.000000,1,25,0,0,0,25,25,25,0,1.000000,0.000000,773.853286,772.001000,0.069134,dual_strong_update
14465766043,14460766047,14465766043,626,0.000000,0.000000,59.000000,544.000000,573.000000,0.000000,59.000000,517.500000,-153.000000,-82.500000,345.750000,167.536251,527.000000,0.151757,0.000000,1.000000,0,0.000000,28,0.495000,761.600000,78.900000,0.000000,125.000000,0.004000,0.658246,1.000000,0.151757,0.000000,0.999100,VALID,0.506789,INVALID,0.000000,0,0,0,4,768.002000,1.000000,1,24,1,0,1,24,24,24,0,1.000000,0.000000,769.730943,768.002000,0.061777,dual_strong_update
14470766043,14465766043,14470766043,626,0.000000,0.000000,73.500000,494.750000,538.000000,1.000000,81.500000,467.000000,-150.000000,-65.500000,296.000000,157.873595,492.000000,0.140575,0.000000,1.000000,0,0.000000,28,0.515000,755.200000,78.100000,0.000000,125.000000,0.004000,0.683406,1.000000,0.140575,0.000000,0.999100,VALID,0.543131,INVALID,0.000000,0,0,0,4,759.999500,1.000000,1,25,0,0,0,25,25,25,0,1.000000,0.000000,766.006818,759.999500,0.046816,dual_strong_update
14475766043,14470766043,14475766043,626,0.000000,0.000000,52.000000,521.000000,576.000000,0.000000,57.000000,498.250000,-153.000000,-86.000000,327.750000,164.298550,530.000000,0.146965,0.000000,1.000000,0,0.000000,24,0.502500,748.800000,78.100000,0.000000,125.000000,0.004000,0.669029,1.000000,0.146965,0.000000,0.999100,VALID,0.522364,INVALID,0.000000,0,0,0,4,744.001000,1.000000,1,26,0,0,0,26,26,26,0,1.000000,0.000000,748.990564,744.001000,0.063764,dual_strong_update
14480766047,14475774043,14480766047,625,0.000000,0.000000,71.000000,532.800000,580.000000,0.000000,73.000000,509.000000,-155.000000,-68.000000,338.800000,166.396630,537.000000,0.155200,0.000000,1.000000,0,0.000000,24,0.508000,764.800000,78.900000,0.000000,125.000000,0.004000,0.650500,1.000000,0.155200,0.000000,0.999100,VALID,0.495600,INVALID,0.000000,0,0,0,4,751.999500,1.000000,1,25,0,0,0,25,25,25,0,1.000000,0.000000,751.932870,751.999500,0.094636,dual_strong_update
14485774047,14480782047,14485774047,625,0.000000,12.000000,71.000000,483.000000,543.000000,17.000000,76.000000,462.000000,-134.800000,-69.000000,297.400000,148.653058,495.000000,0.011200,0.000000,1.000000,0,0.000000,15,0.500000,806.400000,73.500000,0.000000,125.000000,0.004000,0.974500,1.000000,0.011200,0.000000,0.999100,VALID,0.963600,VALID,0.000000,0,0,0,4,751.999000,1.000000,1,26,0,0,0,26,26,26,0,1.000000,0.000000,750.705556,751.999000,0.110405,dual_strong_update
14490782046,14485790043,14490782046,625,0.000000,0.000000,80.000000,515.800000,550.000000,1.000000,81.000000,492.800000,-151.000000,-60.000000,324.800000,157.603617,510.000000,0.108800,0.000000,1.000000,0,0.000000,23,0.504000,832.000000,72.800000,0.000000,125.000000,0.004000,0.754900,1.000000,0.108800,0.000000,0.999100,VALID,0.646400,INVALID,0.000000,0,0,0,4,800.000000,1.000000,1,24,0,0,0,24,24,24,0,1.000000,0.000000,791.998980,800.000000,0.088956,dual_strong_update
14495782046,14490782046,14495782046,626,0.000000,0.000000,71.500000,477.750000,528.000000,2.000000,74.500000,459.000000,-150.000000,-71.000000,291.750000,148.146254,491.000000,0.100639,0.000000,1.000000,0,0.000000,23,0.509000,849.600000,69.400000,0.000000,125.000000,0.004000,0.773262,1.000000,0.100639,0.000000,0.999100,VALID,0.672923,LIMITED,0.000000,0,0,0,4,824.000000,1.000000,1,24,0,0,0,24,24,24,0,1.000000,0.000000,825.042305,824.000000,0.071978,dual_strong_update
14500782047,14495790044,14500782047,625,0.000000,0.000000,77.000000,531.600000,615.000000,0.000000,78.000000,506.800000,-156.800000,-61.000000,338.800000,161.603144,578.000000,0.155200,0.000000,1.000000,0,0.000000,21,0.512000,828.800000,71.400000,0.000000,125.000000,0.004000,0.650500,1.000000,0.155200,0.000000,0.999100,VALID,0.495600,INVALID,0.000000,0,0,0,4,852.001000,1.000000,1,23,1,0,1,23,23,23,0,1.000000,0.000000,845.688600,852.001000,0.111370,dual_strong_update
14505790043,14500790046,14505790043,626,0.000000,7.000000,103.500000,486.000000,543.000000,9.000000,104.500000,467.000000,-144.000000,-37.000000,299.000000,146.904877,501.000000,0.015974,0.000000,1.000000,0,0.000000,15,0.520000,828.800000,71.400000,0.000000,125.000000,0.004000,0.963758,1.000000,0.015974,0.000000,0.999100,VALID,0.948083,VALID,0.000000,0,0,0,4,871.997000,1.000000,1,22,0,0,0,22,22,22,0,1.000000,0.000000,872.141299,871.997000,0.108818,dual_strong_update
14510790047,14505798045,14510790047,625,0.000000,8.000000,71.000000,455.200000,538.000000,10.000000,75.000000,426.600000,-138.000000,-71.000000,261.000000,136.989774,486.000000,0.006400,0.000000,1.000000,0,0.000000,17,0.519000,776.000000,75.800000,0.000000,125.000000,0.004000,0.985300,1.000000,0.006400,0.000000,0.999100,VALID,0.979200,VALID,0.000000,0,0,0,4,792.001000,1.000000,1,22,0,0,0,22,22,22,0,1.000000,0.000000,830.065151,792.001000,0.194681,dual_consensus_update
14515798044,14510806044,14515798044,625,0.000000,4.000000,79.000000,476.800000,519.000000,7.000000,82.000000,459.000000,-143.800000,-60.000000,295.800000,149.117242,492.000000,0.038400,0.000000,1.000000,0,0.000000,20,0.502000,742.400000,78.900000,0.000000,125.000000,0.004000,0.913300,1.000000,0.038400,0.000000,0.999100,VALID,0.875200,VALID,0.000000,0,0,0,4,824.001500,1.000000,1,23,0,0,0,23,23,23,0,1.000000,0.000000,823.144952,824.001500,0.172730,dual_consensus_update
14520806043,14515806043,14520806043,626,3.000000,20.000000,86.000000,460.000000,509.000000,22.000000,88.500000,438.000000,-130.000000,-59.000000,271.500000,133.617447,459.000000,0.000000,0.000000,1.000000,0,0.000000,13,0.498000,806.400000,73.500000,0.000000,125.000000,0.004000,0.999700,1.000000,0.000000,0.000000,0.999100,VALID,1.000000,VALID,0.000000,0,0,0,4,815.999000,1.000000,1,24,0,0,0,24,24,24,0,1.000000,0.000000,812.656941,815.999000,0.072682,dual_strong_update
14525806047,14520814043,14525806047,625,0.000000,14.000000,80.000000,466.600000,527.000000,18.000000,82.000000,445.600000,-133.000000,-65.000000,278.000000,139.325170,485.000000,0.024000,0.000000,1.000000,0,0.000000,18,0.505000,825.600000,72.100000,0.000000,125.000000,0.004000,0.945700,1.000000,0.024000,0.000000,0.999100,VALID,0.922000,VALID,0.000000,0,0,0,4,795.998500,1.000000,1,25,0,0,0,25,25,25,0,1.000000,0.000000,796.929373,795.998500,0.067055,dual_strong_update
14530814043,14525814046,14530814043,626,0.000000,1.250000,90.000000,491.000000,527.000000,4.250000,91.000000,468.000000,-148.000000,-50.500000,300.000000,147.261772,483.000000,0.046326,0.000000,1.000000,0,0.000000,16,0.512000,846.400000,71.400000,0.000000,125.000000,0.004000,0.895467,1.000000,0.046326,0.000000,0.999100,VALID,0.849441,VALID,0.000000,0,0,0,4,839.998000,1.000000,1,24,0,0,0,24,24,24,0,1.000000,0.000000,836.174882,839.998000,0.042350,dual_strong_update
14535814043,14530814043,14535814043,626,0.000000,9.500000,81.000000,468.000000,497.000000,13.000000,83.000000,448.000000,-137.000000,-63.000000,281.000000,139.126884,446.000000,0.001597,0.000000,1.000000,0,0.000000,17,0.504000,841.600000,70.800000,0.000000,125.000000,0.004000,0.996106,1.000000,0.001597,0.000000,0.999100,VALID,0.994808,VALID,0.000000,0,0,0,4,823.999000,1.000000,1,23,0,0,0,23,23,23,0,1.000000,0.000000,828.826826,823.999000,0.028792,dual_strong_update
14540814043,14535814043,14540814043,626,0.000000,8.250000,84.500000,476.000000,511.000000,11.000000,87.000000,455.000000,-141.000000,-58.000000,287.000000,142.556501,468.000000,0.012780,0.000000,1.000000,0,0.000000,12,0.508000,817.600000,73.500000,0.000000,125.000000,0.004000,0.970946,1.000000,0.012780,0.000000,0.999100,VALID,0.958466,VALID,0.000000,0,0,0,4,828.000000,1.000000,1,23,0,0,0,23,23,23,0,1.000000,0.000000,825.005330,828.000000,0.028649,dual_strong_update
14545814044,14540822043,14545814044,625,4.000000,12.000000,91.000000,483.000000,508.000000,15.000000,91.000000,461.800000,-138.000000,-53.000000,293.000000,142.495680,456.000000,0.000000,0.000000,1.000000,0,0.000000,17,0.509000,838.400000,72.100000,0.000000,125.000000,0.004000,0.999700,1.000000,0.000000,0.000000,0.999100,VALID,1.000000,VALID,0.000000,0,0,0,4,831.998000,1.000000,1,23,0,0,0,23,23,23,0,1.000000,0.000000,831.920291,831.998000,0.028512,dual_strong_update
14550822043,14545822044,14550822043,626,0.000000,2.000000,77.000000,476.000000,519.000000,5.000000,80.000000,455.750000,-146.000000,-66.000000,288.000000,145.101642,476.000000,0.046326,0.000000,1.000000,0,0.000000,19,0.510000,841.600000,70.100000,0.000000,125.000000,0.004000,0.895467,1.000000,0.046326,0.000000,0.999100,VALID,0.849441,VALID,0.000000,0,0,0,4,824.001000,1.000000,1,23,0,0,0,23,23,23,0,1.000000,0.000000,824.092566,824.001000,0.028788,dual_strong_update
14555822043,14550822043,14555822043,626,0.000000,0.000000,73.000000,469.000000,524.000000,2.000000,76.500000,452.750000,-151.000000,-71.000000,282.000000,147.595663,487.000000,0.087859,0.000000,1.000000,0,0.000000,24,0.507000,804.800000,74.300000,0.000000,125.000000,0.004000,0.802016,1.000000,0.087859,0.000000,0.999100,VALID,0.714457,LIMITED,0.000000,0,0,0,4,820.003000,1.000000,1,23,0,0,0,23,23,23,0,1.000000,0.000000,819.402478,820.003000,0.065087,dual_strong_update
14560822043,14555822043,14560822043,617,0.000000,0.000000,72.000000,515.200000,553.000000,0.000000,81.000000,491.200000,-159.000000,-71.000000,314.400000,163.233472,518.000000,0.210697,0.000000,1.000000,0,0.000000,26,0.545000,760.000000,76.500000,0.000000,125.000000,0.004000,0.477490,1.000000,0.210697,0.000000,0.782632,LIMITED,0.350000,INVALID,0.000065,9,0,0,4,779.999000,1.000000,1,25,0,0,0,25,25,25,0,1.000000,0.000000,784.181518,779.999000,0.106441,dual_strong_update
14565822043,14560822043,14565822043,626,0.000000,0.000000,64.500000,517.500000,572.000000,0.000000,68.000000,495.750000,-157.750000,-78.000000,326.000000,159.884046,528.000000,0.130990,0.000000,1.000000,0,0.000000,25,0.496500,764.800000,78.100000,0.000000,125.000000,0.004000,0.704651,1.000000,0.130990,0.000000,0.998298,VALID,0.574281,INVALID,0.000064,9,0,0,4,759.999000,1.000000,1,26,0,0,0,26,26,26,0,1.000000,0.000000,762.600759,759.999000,0.093640,dual_strong_update
14570822043,14565822043,14570822043,626,0.000000,15.000000,75.000000,469.750000,513.000000,17.000000,81.000000,447.750000,-137.000000,-70.500000,278.750000,143.672719,462.000000,0.001597,0.000000,1.000000,0,0.000000,21,0.508000,771.200000,76.500000,0.000000,125.000000,0.004000,0.995789,1.000000,0.001597,0.000000,0.998309,VALID,0.994808,VALID,0.000063,9,0,0,4,727.998000,1.000000,1,26,0,0,0,26,26,26,0,1.000000,0.000000,733.438794,727.998000,0.097762,dual_strong_update
14575822046,14570830043,14575822046,625,0.000000,0.000000,57.000000,528.000000,577.000000,0.000000,61.000000,501.000000,-152.800000,-80.000000,331.000000,169.675626,535.000000,0.139200,0.000000,1.000000,0,0.000000,38,0.518000,724.800000,81.500000,0.000000,125.000000,0.004000,0.686188,1.000000,0.139200,0.000000,0.998319,VALID,0.547600,INVALID,0.000062,9,0,0,4,724.001000,0.961538,1,26,1,0,1,25,26,25,1,0.961538,0.000000,721.019962,724.001000,0.081914,dual_strong_update
14580830047,14575838043,14580830047,625,0.000000,0.000000,64.000000,500.000000,613.000000,0.000000,66.000000,476.000000,-147.800000,-81.000000,310.800000,153.848229,569.000000,0.104000,0.000000,1.000000,0,0.000000,33,0.478000,748.800000,81.500000,0.000000,125.000000,0.004000,0.765392,1.000000,0.104000,0.000000,0.998330,VALID,0.662000,LIMITED,0.000062,9,0,0,4,792.000500,1.000000,1,25,0,0,0,25,25,25,0,1.000000,0.000000,788.616943,792.000500,0.052417,dual_strong_update
14585838046,14580846043,14585838046,625,15.000000,26.000000,76.000000,445.800000,493.000000,27.000000,81.000000,421.000000,-113.000000,-64.000000,261.600000,130.670517,424.000000,0.000000,0.000000,1.000000,0,0.000000,37,0.489000,776.000000,77.300000,0.000000,125.000000,0.004000,0.999396,1.000000,0.000000,0.000000,0.998339,VALID,1.000000,VALID,0.000061,9,0,0,4,759.997000,1.000000,1,26,0,0,0,26,26,26,0,1.000000,0.000000,769.222108,759.997000,0.078040,dual_strong_update
14590846043,14585846043,14590846043,626,0.000000,4.000000,60.000000,474.750000,546.000000,8.000000,64.500000,448.000000,-135.000000,-76.000000,284.000000,146.599684,491.000000,0.035144,0.000000,1.000000,0,0.000000,26,0.511000,756.800000,77.300000,0.000000,125.000000,0.004000,0.920326,1.000000,0.035144,0.000000,0.998350,VALID,0.885783,VALID,0.000060,9,0,0,4,768.001000,1.000000,1,26,1,0,1,26,26,26,0,1.000000,0.000000,766.507887,768.001000,0.077224,dual_strong_update
14595846043,14590846043,14595846043,626,0.000000,10.250000,71.000000,479.750000,516.000000,13.000000,73.500000,456.000000,-130.750000,-68.000000,292.750000,140.174421,461.000000,0.009585,0.000000,1.000000,0,0.000000,15,0.491000,756.800000,77.300000,0.000000,125.000000,0.004000,0.977838,1.000000,0.009585,0.000000,0.998358,VALID,0.968850,VALID,0.000059,9,0,0,4,768.002000,0.961538,1,26,1,0,1,25,26,25,1,0.961538,0.000000,768.030266,768.002000,0.061783,dual_strong_update
14600846043,14595846043,14600846043,626,0.000000,12.000000,65.000000,468.750000,529.000000,13.000000,70.500000,444.000000,-129.000000,-71.000000,281.000000,142.918868,471.000000,0.019169,0.000000,1.000000,0,0.000000,18,0.502500,739.200000,81.500000,0.000000,125.000000,0.004000,0.956276,1.000000,0.019169,0.000000,0.998367,VALID,0.937700,VALID,0.000059,9,0,0,4,744.002000,1.000000,1,26,0,0,0,26,26,26,0,1.000000,0.000000,750.183989,744.002000,0.063766,dual_strong_update
14605846045,14600854043,14605846045,625,0.000000,0.000000,65.000000,484.000000,533.000000,3.000000,66.000000,460.800000,-141.000000,-73.000000,299.000000,147.352435,484.000000,0.068800,0.000000,1.000000,0,0.000000,22,0.492000,750.400000,81.500000,0.000000,125.000000,0.004000,0.844611,1.000000,0.068800,0.000000,0.998377,VALID,0.776400,LIMITED,0.000058,9,0,0,4,768.000500,1.000000,1,25,1,0,1,25,25,25,0,1.000000,0.000000,767.475132,768.000500,0.061776,dual_strong_update
14610854043,14605854043,14610854043,626,6.000000,23.250000,73.000000,443.000000,468.000000,25.250000,78.000000,415.000000,-116.000000,-67.000000,251.750000,127.758138,406.000000,0.000000,0.000000,1.000000,0,0.000000,24,0.501000,763.200000,77.300000,0.000000,125.000000,0.004000,0.999414,1.000000,0.000000,0.000000,0.998385,VALID,1.000000,VALID,0.000057,9,0,0,4,736.000000,1.000000,1,25,0,0,0,25,25,25,0,1.000000,0.000000,744.649022,736.000000,0.064462,dual_strong_update
14615854047,14610862043,14615854047,625,1.000000,9.000000,64.000000,469.800000,500.000000,11.200000,68.000000,445.800000,-130.800000,-74.000000,284.000000,142.006813,446.000000,0.000000,0.000000,1.000000,0,0.000000,18,0.503000,708.800000,83.300000,0.000000,125.000000,0.004000,0.999418,1.000000,0.000000,0.000000,0.998394,VALID,1.000000,VALID,0.000056,9,0,0,4,735.997000,1.000000,1,26,0,0,0,26,26,26,0,1.000000,0.000000,732.660852,735.997000,0.048360,dual_strong_update
14620862043,14615862045,14620862043,626,3.000000,13.000000,78.000000,464.750000,504.000000,15.000000,81.000000,441.000000,-129.000000,-59.500000,277.000000,136.362923,446.000000,0.000000,0.000000,1.000000,0,0.000000,20,0.497500,740.800000,82.900000,0.000000,125.000000,0.004000,0.999421,1.000000,0.000000,0.000000,0.998402,VALID,1.000000,VALID,0.000056,9,0,0,4,735.999500,1.000000,1,25,0,0,0,25,25,25,0,1.000000,0.000000,735.997101,735.999500,0.096689,dual_strong_update
14625862045,14620870043,14625862045,625,0.000000,15.200000,74.000000,457.600000,509.000000,18.000000,78.000000,435.000000,-126.000000,-66.000000,274.800000,135.743496,458.000000,0.004800,0.000000,1.000000,0,0.000000,23,0.497000,779.200000,76.500000,0.000000,125.000000,0.004000,0.988624,1.000000,0.004800,0.000000,0.998410,VALID,0.984400,VALID,0.000055,9,0,0,4,760.000000,1.000000,1,26,0,0,0,26,26,26,0,1.000000,0.000000,753.750137,760.000000,0.046827,dual_strong_update
14630870043,14625870047,14630870043,626,0.000000,15.000000,76.000000,463.000000,497.000000,16.000000,79.000000,438.750000,-128.000000,-64.000000,276.250000,135.291670,445.000000,0.004792,0.000000,1.000000,0,0.000000,14,0.495000,763.200000,78.900000,0.000000,125.000000,0.004000,0.988645,1.000000,0.004792,0.000000,0.998418,VALID,0.984425,VALID,0.000055,9,0,0,4,775.996000,0.960000,1,25,0,0,0,24,25,24,1,0.960000,0.000000,771.183571,775.996000,0.030562,dual_strong_update
14635870043,14630870043,14635870043,626,0.000000,10.250000,74.500000,452.250000,493.000000,12.000000,77.000000,431.750000,-131.000000,-64.000000,271.000000,134.866080,442.000000,0.003195,0.000000,1.000000,0,0.000000,22,0.495500,776.000000,77.300000,0.000000,125.000000,0.004000,0.992242,1.000000,0.003195,0.000000,0.998426,VALID,0.989617,VALID,0.000054,9,0,0,4,776.001500,1.000000,1,25,1,0,1,25,25,25,0,1.000000,0.000000,776.976614,776.001500,0.030564,dual_strong_update
14640870043,14635870043,14640870043,626,0.000000,20.000000,84.000000,439.750000,488.000000,22.000000,91.000000,416.750000,-122.000000,-52.500000,254.750000,129.148246,443.000000,0.003195,0.000000,1.000000,0,0.000000,19,0.505000,758.400000,78.900000,0.000000,125.000000,0.004000,0.992245,1.000000,0.003195,0.000000,0.998434,VALID,0.989617,VALID,0.000053,9,0,0,4,760.002000,1.000000,1,26,0,0,0,26,26,26,0,1.000000,0.000000,760.661362,760.002000,0.031215,dual_strong_update
14645870043,14640870043,14645870043,626,0.000000,16.000000,76.000000,443.750000,500.000000,19.000000,80.000000,420.750000,-125.750000,-66.500000,259.000000,131.758388,451.000000,0.014377,0.000000,1.000000,0,0.000000,19,0.507500,744.000000,79.800000,0.000000,125.000000,0.004000,0.967088,1.000000,0.014377,0.000000,0.998441,VALID,0.953275,VALID,0.000053,9,0,0,4,759.996000,1.000000,1,26,1,0,1,26,26,26,0,1.000000,0.000000,755.671462,759.996000,0.031226,dual_strong_update
14650870043,14645870043,14650870043,626,2.000000,16.000000,84.000000,462.500000,501.000000,18.000000,86.000000,440.500000,-125.750000,-53.500000,276.000000,131.144002,446.000000,0.000000,0.000000,1.000000,0,0.000000,18,0.492000,734.400000,79.800000,0.000000,125.000000,0.004000,0.999439,1.000000,0.000000,0.000000,0.998449,VALID,1.000000,VALID,0.000052,9,0,0,4,756.000000,0.961538,1,26,0,0,0,25,26,25,1,0.961538,0.000000,756.628758,756.000000,0.054906,dual_strong_update
14655870044,14650878043,14655870044,625,11.000000,27.000000,89.000000,443.000000,483.000000,29.000000,90.000000,420.800000,-118.000000,-56.000000,256.800000,121.054308,421.000000,0.000000,0.000000,1.000000,0,0.000000,15,0.502000,777.600000,79.800000,0.000000,125.000000,0.004000,0.999442,1.000000,0.000000,0.000000,0.998455,VALID,1.000000,VALID,0.000052,9,0,0,4,783.999000,1.000000,1,24,0,0,0,24,24,24,0,1.000000,0.000000,778.012986,783.999000,0.121029,dual_strong_update
14660870046,14655878047,14660870046,625,2.000000,13.000000,87.000000,465.400000,513.000000,15.000000,90.000000,441.600000,-131.000000,-52.000000,278.800000,133.616863,462.000000,0.000000,0.000000,1.000000,0,0.000000,18,0.508000,842.400000,71.700000,0.000000,125.000000,0.004000,0.999445,1.000000,0.000000,0.000000,0.998462,VALID,1.000000,VALID,0.000051,9,0,0,4,840.001000,1.000000,1,23,1,0,0,23,23,23,0,1.000000,0.000000,833.870046,840.001000,0.049425,dual_strong_update
14665878043,14660878044,14665878043,626,0.000000,10.000000,85.000000,469.500000,497.000000,12.250000,87.000000,448.000000,-134.000000,-50.000000,286.750000,136.517252,456.000000,0.009585,0.000000,1.000000,0,0.000000,13,0.507000,873.600000,68.800000,0.000000,125.000000,0.004000,0.977882,1.000000,0.009585,0.000000,0.998469,VALID,0.968850,VALID,0.000050,9,0,0,4,864.000000,1.000000,1,22,1,0,1,22,22,22,0,1.000000,0.000000,863.729287,864.000000,0.027456,dual_strong_update
14670878044,14665886046,14670878044,625,0.000000,13.000000,79.000000,442.000000,478.000000,16.000000,81.000000,422.000000,-127.800000,-63.000000,260.800000,128.286266,425.000000,0.001600,0.000000,1.000000,0,0.000000,16,0.502000,840.000000,70.100000,0.000000,125.000000,0.004000,0.995850,1.000000,0.001600,0.000000,0.998476,VALID,0.994800,VALID,0.000050,9,0,0,4,851.999500,1.000000,1,23,0,0,0,23,23,23,0,1.000000,0.000000,854.820227,851.999500,0.034798,dual_strong_update
14675878047,14670886043,14675878047,625,0.000000,16.000000,84.000000,439.800000,487.000000,18.000000,86.000000,418.800000,-122.800000,-52.000000,257.800000,130.496011,437.000000,0.001600,0.000000,1.000000,0,0.000000,18,0.492000,811.200000,72.800000,0.000000,125.000000,0.004000,0.995853,1.000000,0.001600,0.000000,0.998482,VALID,0.994800,VALID,0.000049,9,0,0,4,843.998000,1.000000,1,23,0,0,0,23,23,23,0,1.000000,0.000000,844.143947,843.998000,0.063239,dual_strong_update
14680886047,14675894047,14680886047,625,0.000000,14.200000,77.000000,430.400000,470.000000,18.000000,81.000000,409.600000,-124.000000,-65.000000,247.600000,124.122817,424.000000,0.008000,0.000000,1.000000,0,0.000000,18,0.506000,772.800000,77.300000,0.000000,125.000000,0.004000,0.981455,1.000000,0.008000,0.000000,0.998489,VALID,0.974000,VALID,0.000049,9,0,0,4,776.000000,1.000000,1,24,1,0,1,24,24,24,0,1.000000,0.000000,779.731914,776.000000,0.061138,dual_strong_update
14685894043,14680894047,14685894043,626,0.000000,19.000000,84.000000,415.000000,465.000000,20.000000,91.000000,393.000000,-121.750000,-55.000000,233.000000,122.207222,413.000000,0.031949,0.000000,1.000000,0,0.000000,33,0.507000,728.000000,80.600000,0.000000,125.000000,0.004000,0.927573,1.000000,0.031949,0.000000,0.998495,VALID,0.896166,VALID,0.000048,9,0,0,4,752.002000,1.000000,1,26,0,0,0,26,26,26,0,1.000000,0.000000,754.027028,752.002000,0.094630,dual_strong_update
14690894043,14685894043,14690894043,626,32.000000,39.250000,86.000000,383.000000,419.000000,42.000000,91.000000,366.000000,-103.000000,-58.000000,202.000000,102.112132,340.000000,0.000000,0.000000,1.000000,0,0.000000,38,0.506000,723.200000,80.600000,0.000000,125.000000,0.004000,0.999460,1.000000,0.000000,0.000000,0.998501,VALID,1.000000,VALID,0.000048,9,0,0,4,692.002500,1.000000,1,27,0,0,0,27,27,27,0,1.000000,0.000000,698.244059,692.002500,0.094268,dual_strong_update
14695894047,14690902044,14695894047,625,34.000000,45.000000,97.000000,396.800000,436.000000,47.000000,101.000000,376.000000,-99.000000,-51.000000,213.000000,107.725976,356.000000,0.000000,0.000000,1.000000,0,0.000000,18,0.513000,689.600000,87.200000,0.000000,125.000000,0.004000,0.999463,1.000000,0.000000,0.000000,0.998507,VALID,1.000000,VALID,0.000047,9,0,0,4,688.001000,1.000000,1,27,0,0,0,27,27,27,0,1.000000,0.000000,688.200361,688.001000,0.051720,dual_strong_update
14700902046,14695910047,14700902046,625,9.000000,34.000000,100.000000,391.000000,515.000000,35.000000,105.000000,372.800000,-111.000000,-46.000000,212.800000,113.673884,447.000000,0.000000,0.000000,1.000000,0,0.000000,26,0.526000,691.200000,86.200000,0.000000,125.000000,0.004000,0.999465,1.000000,0.000000,0.000000,0.998513,VALID,1.000000,VALID,0.000047,9,0,0,4,683.999500,1.000000,1,29,0,0,0,29,29,29,0,1.000000,0.000000,683.952090,683.999500,0.052022,dual_strong_update
14705910044,14700910046,14705910044,626,0.000000,0.000000,66.000000,519.500000,609.000000,0.000000,73.000000,494.500000,-157.000000,-72.500000,326.750000,164.562674,564.000000,0.217252,0.000000,0.942492,2,288.000000,28,0.521000,772.800000,77.300000,0.546326,125.000000,0.004000,0.537966,0.942492,0.217252,0.000000,0.998519,VALID,0.329872,INVALID,0.000047,9,0,0,4,695.996000,1.000000,1,28,0,0,0,28,28,28,0,1.000000,0.000000,690.658902,695.996000,0.034091,dual_strong_update
14710910045,14705918043,14710910045,625,0.000000,4.000000,72.000000,468.800000,534.000000,7.000000,74.000000,448.400000,-142.000000,-74.000000,282.000000,140.260055,492.000000,0.038400,0.000000,1.000000,0,0.000000,24,0.489000,785.600000,76.500000,0.000000,125.000000,0.004000,0.913070,1.000000,0.038400,0.000000,0.998524,VALID,0.875200,VALID,0.000046,9,0,0,4,708.000000,1.000000,1,27,1,0,1,27,27,27,0,1.000000,0.000000,706.400192,708.000000,0.075384,dual_strong_update
14715910045,14710910045,14715910045,626,0.000000,0.000000,91.500000,428.000000,478.000000,2.000000,96.000000,409.500000,-142.000000,-57.500000,239.750000,128.734593,443.000000,0.078275,0.000000,1.000000,0,0.000000,29,0.530500,736.000000,81.500000,0.000000,125.000000,0.004000,0.823354,1.000000,0.078275,0.000000,0.998530,VALID,0.745607,LIMITED,0.000046,9,0,0,4,724.000000,0.964286,1,28,0,0,0,28,27,27,1,0.964286,0.000000,725.150772,724.000000,0.090097,dual_strong_update
14720910045,14715910045,14720910045,626,0.000000,6.000000,71.500000,471.750000,521.000000,9.000000,75.500000,447.000000,-135.000000,-72.500000,284.000000,143.806831,468.000000,0.027157,0.000000,1.000000,0,0.000000,23,0.509000,736.000000,81.500000,0.000000,125.000000,0.004000,0.938372,1.000000,0.027157,0.000000,0.998535,VALID,0.911741,VALID,0.000045,9,0,0,4,736.000000,0.962963,1,27,0,0,0,27,26,26,1,0.962963,0.000000,734.555737,736.000000,0.048344,dual_strong_update
14725918045,14720926046,14725918045,625,0.000000,8.000000,75.000000,489.800000,520.000000,11.000000,80.000000,463.800000,-137.000000,-65.000000,297.800000,148.562040,474.000000,0.028800,0.000000,1.000000,0,0.000000,18,0.502000,744.000000,80.600000,0.000000,125.000000,0.004000,0.934676,1.000000,0.028800,0.000000,0.998541,VALID,0.906400,VALID,0.000045,9,0,0,4,736.000000,0.962963,1,27,0,0,0,27,26,26,1,0.962963,0.000000,736.000634,736.000000,0.048338,dual_strong_update
14730926043,14725926043,14730926043,626,0.000000,8.000000,81.500000,484.250000,521.000000,12.000000,85.500000,456.250000,-137.000000,-64.500000,287.000000,138.369802,468.000000,0.028754,0.000000,1.000000,0,0.000000,19,0.496000,744.000000,80.600000,0.000000,125.000000,0.004000,0.934782,1.000000,0.028754,0.000000,0.998546,VALID,0.906550,VALID,0.000044,9,0,0,4,744.000000,0.962963,1,27,1,0,1,27,26,26,1,0.962963,0.000000,743.745965,744.000000,0.031880,dual_strong_update
14735926047,14730934043,14735926047,625,0.000000,9.000000,76.000000,451.800000,485.000000,12.000000,84.000000,430.800000,-133.000000,-66.000000,265.000000,134.013073,461.000000,0.017600,0.000000,1.000000,0,0.000000,27,0.511000,742.400000,80.600000,0.000000,125.000000,0.004000,0.959880,1.000000,0.017600,0.000000,0.998551,VALID,0.942800,VALID,0.000044,9,0,0,4,744.003000,1.000000,1,26,0,0,0,26,26,26,0,1.000000,0.000000,744.002736,744.003000,0.031870,dual_strong_update
14740934043,14735934047,14740934043,626,0.000000,0.000000,76.500000,472.000000,511.000000,0.000000,90.000000,449.750000,-148.000000,-56.500000,282.500000,149.890766,464.000000,0.138978,0.000000,1.000000,0,0.000000,34,0.528000,704.000000,84.300000,0.000000,125.000000,0.004000,0.686783,1.000000,0.138978,0.000000,0.998556,VALID,0.548323,INVALID,0.000044,9,0,0,4,736.001000,1.000000,1,27,0,0,0,27,27,27,0,1.000000,0.000000,738.953476,736.001000,0.048345,dual_strong_update
14745934043,14740934043,14745934043,626,0.000000,12.000000,89.500000,437.000000,475.000000,14.000000,98.500000,415.750000,-132.000000,-49.500000,249.500000,124.586002,428.000000,0.022364,0.000000,1.000000,0,0.000000,29,0.513000,689.600000,85.200000,0.000000,125.000000,0.004000,0.949165,1.000000,0.022364,0.000000,0.998561,VALID,0.927316,VALID,0.000043,9,0,0,4,696.001000,1.000000,1,27,0,0,0,27,27,27,0,1.000000,0.000000,701.295374,696.001000,0.059642,dual_strong_update
14750934045,14745942044,14750934045,625,1.000000,25.000000,76.000000,443.000000,483.000000,27.000000,81.000000,418.000000,-120.000000,-70.000000,250.000000,126.613868,422.000000,0.000000,0.000000,1.000000,0,0.000000,27,0.511000,689.600000,85.200000,0.000000,125.000000,0.004000,0.999486,1.000000,0.000000,0.000000,0.998566,VALID,1.000000,VALID,0.000043,9,0,0,4,696.000000,1.000000,1,28,1,0,1,28,28,28,0,1.000000,0.000000,696.003987,696.000000,0.034083,dual_strong_update
14755934046,14750942045,14755934046,625,0.000000,0.000000,68.000000,501.600000,560.000000,2.000000,75.000000,476.600000,-143.000000,-69.000000,311.800000,154.502425,507.000000,0.078400,0.000000,1.000000,0,0.000000,24,0.505000,689.600000,85.200000,0.000000,125.000000,0.004000,0.823088,1.000000,0.078400,0.000000,0.998570,VALID,0.745200,LIMITED,0.000042,9,0,0,4,696.000000,1.000000,1,28,1,0,1,28,28,28,0,1.000000,0.000000,693.395397,696.000000,0.034087,dual_strong_update
14760934046,14755934046,14760934046,626,0.000000,3.250000,67.000000,499.250000,536.000000,6.000000,69.000000,473.500000,-141.000000,-75.000000,305.750000,150.274719,487.000000,0.027157,0.000000,1.000000,0,0.000000,20,0.495000,689.600000,85.200000,0.000000,125.000000,0.004000,0.938388,1.000000,0.027157,0.000000,0.998575,VALID,0.911741,VALID,0.000042,9,0,0,4,712.001000,1.000000,1,27,0,0,0,27,27,27,0,1.000000,0.000000,708.820413,712.001000,0.066639,dual_strong_update
14765942043,14760942046,14765942043,626,0.000000,12.000000,70.500000,484.000000,516.000000,14.000000,76.500000,456.750000,-132.000000,-71.000000,291.750000,144.867461,462.000000,0.014377,0.000000,1.000000,0,0.000000,18,0.495000,689.600000,85.200000,0.000000,125.000000,0.004000,0.967144,1.000000,0.014377,0.000000,0.998580,VALID,0.953275,VALID,0.000042,9,0,0,4,752.000000,1.000000,1,26,0,0,0,26,26,26,0,1.000000,0.000000,750.099172,752.000000,0.078862,dual_strong_update
14770942043,14765942043,14770942043,626,0.000000,0.000000,68.000000,480.750000,603.000000,1.000000,75.500000,457.250000,-143.000000,-78.500000,289.750000,152.291000,557.000000,0.110224,0.000000,1.000000,0,0.000000,32,0.509000,689.600000,85.200000,0.000000,125.000000,0.004000,0.751491,1.000000,0.110224,0.000000,0.998584,VALID,0.641773,INVALID,0.000041,9,0,0,4,752.000000,1.000000,1,26,1,0,1,26,26,26,0,1.000000,0.000000,751.998093,752.000000,0.063089,dual_strong_update
14775942044,14770950043,14775942044,625,0.000000,0.000000,57.000000,521.800000,572.000000,1.000000,62.000000,492.000000,-144.000000,-77.000000,326.800000,164.757945,518.000000,0.132800,0.000000,1.000000,0,0.000000,30,0.505000,689.600000,85.200000,0.000000,125.000000,0.004000,0.700695,1.000000,0.132800,0.000000,0.998589,VALID,0.568400,INVALID,0.000041,9,0,0,4,744.000500,0.961538,1,26,1,0,1,25,26,25,1,0.961538,0.000000,743.963215,744.000500,0.063767,dual_strong_update
14780950043,14775950043,14780950043,626,0.000000,12.000000,65.000000,497.250000,525.000000,14.000000,69.000000,471.000000,-134.000000,-78.000000,301.750000,144.426633,474.000000,0.014377,0.000000,1.000000,0,0.000000,15,0.486000,689.600000,85.200000,0.000000,125.000000,0.004000,0.967149,1.000000,0.014377,0.000000,0.998593,VALID,0.953275,VALID,0.000041,9,0,0,4,744.000000,1.000000,1,26,1,0,1,26,26,26,0,1.000000,0.000000,739.553132,744.000000,0.063766,dual_strong_update
14785950043,14780950043,14785950043,626,4.000000,22.000000,81.500000,468.750000,548.000000,25.250000,87.000000,447.250000,-124.000000,-61.500000,278.500000,140.771460,470.000000,0.000000,0.000000,1.000000,0,0.000000,23,0.512000,689.600000,85.200000,0.000000,125.000000,0.004000,0.999499,1.000000,0.000000,0.000000,0.998598,VALID,1.000000,VALID,0.000040,9,0,0,4,736.000000,1.000000,1,26,0,0,0,26,26,26,0,1.000000,0.000000,736.098326,736.000000,0.080576,dual_strong_update
14790950043,14785950043,14790950043,626,0.000000,0.000000,49.500000,516.000000,560.000000,0.000000,54.000000,487.500000,-151.750000,-83.000000,320.000000,165.249197,518.000000,0.206070,0.000000,1.000000,0,0.000000,35,0.516000,689.600000,85.200000,0.000000,125.000000,0.004000,0.549501,1.000000,0.206070,0.000000,0.998602,VALID,0.350000,INVALID,0.000040,9,0,0,4,727.998000,1.000000,1,26,1,0,0,26,26,26,0,1.000000,0.000000,730.064490,727.998000,0.097752,dual_strong_update
14795950043,14790950043,14795950043,626,2.000000,16.000000,68.000000,488.750000,546.000000,17.000000,72.000000,465.750000,-133.000000,-70.000000,299.750000,145.688892,488.000000,0.000000,0.000000,1.000000,0,0.000000,28,0.488000,689.600000,85.200000,0.000000,125.000000,0.004000,0.999502,1.000000,0.000000,0.000000,0.998606,VALID,1.000000,VALID,0.000040,9,0,0,4,752.000000,0.962963,1,27,0,0,0,26,27,26,1,0.962963,0.000000,739.992934,752.000000,0.078866,dual_strong_update
14800950044,14795958043,14800950044,625,0.000000,10.000000,61.000000,492.000000,548.000000,13.000000,65.000000,461.000000,-131.800000,-78.000000,294.800000,143.811856,469.000000,0.014400,0.000000,1.000000,0,0.000000,22,0.494000,689.600000,85.200000,0.000000,125.000000,0.004000,0.967104,1.000000,0.014400,0.000000,0.998610,VALID,0.953200,VALID,0.000039,9,0,0,4,736.000000,1.000000,1,26,0,0,0,26,26,26,0,1.000000,0.000000,736.138910,736.000000,0.080576,dual_strong_update
14805950044,14800950044,14805950044,626,0.000000,1.000000,68.000000,503.000000,554.000000,5.000000,73.500000,479.500000,-140.000000,-66.500000,315.000000,155.915262,497.000000,0.047923,0.000000,1.000000,0,0.000000,24,0.490000,689.600000,85.200000,0.000000,125.000000,0.004000,0.891678,1.000000,0.047923,0.000000,0.998614,VALID,0.844249,VALID,0.000039,9,0,0,4,775.997000,1.000000,1,24,0,0,0,24,24,24,0,1.000000,0.000000,771.129304,775.997000,0.076419,dual_strong_update
14810958043,14805958043,14810958043,626,0.000000,13.250000,67.000000,490.750000,522.000000,16.000000,69.500000,464.000000,-129.000000,-77.500000,299.000000,142.167124,463.000000,0.004792,0.000000,1.000000,0,0.000000,21,0.489000,689.600000,85.200000,0.000000,125.000000,0.004000,0.988724,1.000000,0.004792,0.000000,0.998618,VALID,0.984425,VALID,0.000039,9,0,0,4,784.001000,1.000000,1,24,1,0,1,24,24,24,0,1.000000,0.000000,783.926423,784.001000,0.060510,dual_strong_update
14815958043,14810958043,14815958043,626,0.000000,10.000000,71.000000,499.750000,528.000000,12.000000,75.000000,474.000000,-133.000000,-70.000000,308.000000,145.724597,472.000000,0.004792,0.000000,1.000000,0,0.000000,19,0.489000,689.600000,85.200000,0.000000,125.000000,0.004000,0.988726,1.000000,0.004792,0.000000,0.998622,VALID,0.984425,VALID,0.000038,9,0,0,4,792.001000,1.000000,1,24,0,0,0,24,24,24,0,1.000000,0.000000,791.473511,792.001000,0.044931,dual_strong_update
14820958043,14815958043,14820958043,626,0.000000,2.000000,77.000000,489.000000,534.000000,6.000000,81.000000,465.000000,-139.000000,-67.500000,298.000000,148.959430,478.000000,0.039936,0.000000,1.000000,0,0.000000,20,0.497500,689.600000,85.200000,0.000000,125.000000,0.004000,0.909654,1.000000,0.039936,0.000000,0.998626,VALID,0.870208,VALID,0.000038,9,0,0,4,792.001000,0.960000,1,25,0,0,0,24,25,24,1,0.960000,0.000000,792.790507,792.001000,0.029957,dual_strong_update
14825958043,14820958043,14825958043,626,0.000000,0.000000,69.500000,524.000000,571.000000,1.000000,73.000000,497.750000,-145.000000,-69.000000,330.000000,158.654718,517.000000,0.102236,0.000000,1.000000,0,0.000000,21,0.494500,689.600000,85.200000,0.000000,125.000000,0.004000,0.769480,1.000000,0.102236,0.000000,0.998630,VALID,0.667732,LIMITED,0.000038,9,0,0,4,799.999000,1.000000,1,24,0,0,0,24,24,24,0,1.000000,0.000000,799.398227,799.999000,0.029654,dual_strong_update
14830958043,14825958043,14830958043,626,0.000000,0.000000,64.000000,522.000000,564.000000,2.000000,68.000000,494.750000,-144.000000,-79.000000,327.000000,156.595697,506.000000,0.099042,0.000000,1.000000,0,0.000000,20,0.496000,689.600000,85.200000,0.000000,125.000000,0.004000,0.776670,1.000000,0.099042,0.000000,0.998633,VALID,0.678115,LIMITED,0.000037,9,0,0,4,808.003000,1.000000,1,24,0,0,0,24,24,24,0,1.000000,0.000000,809.044763,808.003000,0.044028,dual_strong_update
14835958043,14830958043,14835958043,626,0.000000,0.000000,57.000000,515.250000,570.000000,0.000000,62.000000,486.500000,-146.000000,-83.000000,317.000000,163.344928,521.000000,0.129393,0.000000,1.000000,0,0.000000,35,0.490000,689.600000,85.200000,0.000000,125.000000,0.004000,0.708381,1.000000,0.129393,0.000000,0.998637,VALID,0.579473,INVALID,0.000037,9,0,0,4,783.998000,0.960000,1,25,0,0,0,24,25,24,1,0.960000,0.000000,787.260927,783.998000,0.060511,dual_strong_update
14840958047,14835966046,14840958047,625,0.000000,9.000000,64.000000,460.000000,503.000000,12.000000,71.000000,432.800000,-129.000000,-76.000000,269.600000,138.634032,443.000000,0.020800,0.000000,1.000000,0,0.000000,32,0.504000,689.600000,85.200000,0.000000,125.000000,0.004000,0.952716,1.000000,0.020800,0.000000,0.998640,VALID,0.932400,VALID,0.000037,9,0,0,4,752.000000,1.000000,1,26,0,0,0,26,26,26,0,1.000000,0.000000,757.173722,752.000000,0.110412,dual_strong_update
14845966043,14840966046,14845966043,626,0.000000,0.000000,67.500000,483.000000,631.000000,0.000000,75.500000,462.750000,-159.500000,-71.500000,296.000000,154.863857,616.000000,0.095847,0.000000,0.937700,2,312.000000,24,0.511500,689.600000,85.200000,0.247604,125.000000,0.004000,0.771403,0.937700,0.095847,0.000000,0.998644,VALID,0.666693,LIMITED,0.000036,9,0,0,4,727.996500,1.000000,1,27,1,0,1,27,27,27,0,1.000000,0.000000,734.350071,727.996500,0.057026,dual_strong_update
14850966043,14845966043,14850966043,626,0.000000,0.000000,75.000000,475.000000,552.000000,4.000000,78.000000,446.750000,-139.000000,-71.500000,279.750000,147.823242,498.000000,0.084665,0.000000,1.000000,0,0.000000,34,0.519000,656.000000,91.500000,0.380192,125.000000,0.004000,0.809024,1.000000,0.084665,0.000000,0.998647,VALID,0.724840,LIMITED,0.000036,9,0,0,4,680.001000,0.965517,1,29,0,0,0,29,28,28,1,0.965517,0.000000,693.261542,680.001000,0.069767,dual_strong_update
14855966047,14850974043,14855966047,625,0.000000,8.200000,60.000000,479.600000,516.000000,11.200000,66.000000,452.800000,-131.800000,-77.000000,286.800000,142.480430,453.000000,0.025600,0.000000,1.000000,0,0.000000,29,0.500000,672.000000,90.400000,0.000000,125.000000,0.004000,0.941920,1.000000,0.025600,0.000000,0.998651,VALID,0.916800,VALID,0.000036,9,0,0,4,684.000500,0.964286,1,28,0,0,0,28,27,27,1,0.964286,0.000000,684.060594,684.000500,0.060684,dual_strong_update
14860974043,14855974043,14860974043,626,0.000000,0.000000,68.000000,491.000000,556.000000,2.000000,71.000000,466.500000,-143.000000,-75.000000,297.750000,147.517760,502.000000,0.084665,0.000000,1.000000,0,0.000000,23,0.504000,732.800000,81.500000,0.000000,125.000000,0.004000,0.809027,1.000000,0.084665,0.000000,0.998654,VALID,0.724840,LIMITED,0.000036,9,0,0,4,712.000000,0.964286,1,28,0,0,0,28,27,27,1,0.964286,0.000000,711.412437,712.000000,0.058302,dual_strong_update
14865974044,14860982047,14865974044,625,0.000000,0.000000,72.000000,501.000000,575.000000,2.000000,79.000000,475.800000,-141.000000,-69.000000,309.000000,156.671784,516.000000,0.107200,0.000000,1.000000,0,0.000000,24,0.498000,750.400000,79.800000,0.000000,125.000000,0.004000,0.758323,1.000000,0.107200,0.000000,0.998658,VALID,0.651600,LIMITED,0.000035,9,0,0,4,736.001000,0.931034,1,29,0,0,0,29,27,27,2,0.931034,0.000000,729.714206,736.001000,0.048349,dual_strong_update
14870974047,14865982044,14870974047,625,0.000000,0.000000,75.000000,482.600000,531.000000,3.000000,76.000000,458.000000,-144.000000,-69.000000,289.800000,143.967636,478.000000,0.078400,0.000000,1.000000,0,0.000000,27,0.502000,769.600000,78.100000,0.000000,125.000000,0.004000,0.823124,1.000000,0.078400,0.000000,0.998661,VALID,0.745200,LIMITED,0.000035,9,0,0,4,751.999500,0.961538,1,26,1,0,1,26,25,25,1,0.961538,0.000000,751.545435,751.999500,0.031541,dual_strong_update
14875982043,14870982043,14875982043,626,0.000000,0.000000,86.500000,463.000000,515.000000,3.000000,91.500000,441.500000,-142.000000,-60.000000,277.000000,141.847265,465.000000,0.086262,0.000000,1.000000,0,0.000000,19,0.513500,768.000000,77.300000,0.000000,125.000000,0.004000,0.805436,1.000000,0.086262,0.000000,0.998664,VALID,0.719649,LIMITED,0.000035,9,0,0,4,760.000000,0.961538,1,26,0,0,0,26,25,25,1,0.961538,0.000000,759.952702,760.000000,0.015611,dual_strong_update
14880982043,14875982043,14880982043,626,0.000000,9.500000,76.000000,477.500000,522.000000,11.000000,80.000000,452.750000,-135.750000,-65.000000,286.000000,143.400756,466.000000,0.001597,0.000000,1.000000,0,0.000000,16,0.500000,760.000000,78.900000,0.000000,125.000000,0.004000,0.995933,1.000000,0.001597,0.000000,0.998667,VALID,0.994808,VALID,0.000035,9,0,0,4,764.001000,0.961538,1,26,1,0,1,26,25,25,1,0.961538,0.000000,761.001661,764.001000,0.023285,dual_strong_update
14885982043,14880982043,14885982043,626,0.000000,0.000000,70.500000,477.750000,524.000000,1.000000,76.500000,451.750000,-146.000000,-70.000000,285.750000,142.406781,481.000000,0.113419,0.000000,1.000000,0,0.000000,29,0.513000,745.600000,79.800000,0.000000,125.000000,0.004000,0.744337,1.000000,0.113419,0.000000,0.998671,VALID,0.631390,INVALID,0.000034,9,0,0,4,752.001000,1.000000,1,25,1,0,1,25,25,25,0,1.000000,0.000000,752.836142,752.001000,0.031546,dual_strong_update
14890982043,14885982043,14890982043,626,0.000000,9.250000,68.500000,473.000000,508.000000,12.000000,75.500000,449.750000,-134.000000,-74.000000,284.000000,142.136050,449.000000,0.017572,0.000000,1.000000,0,0.000000,22,0.499000,731.200000,81.500000,0.000000,125.000000,0.004000,0.959993,1.000000,0.017572,0.000000,0.998674,VALID,0.942891,VALID,0.000034,9,0,0,4,744.000000,1.000000,1,26,0,0,0,26,26,26,0,1.000000,0.000000,747.937986,744.000000,0.031888,dual_strong_update
14895982043,14890982043,14895982043,626,0.000000,0.250000,69.000000,484.250000,517.000000,4.250000,76.000000,457.000000,-140.000000,-72.000000,293.000000,147.294091,462.000000,0.051118,0.000000,1.000000,0,0.000000,19,0.503000,728.000000,82.400000,0.000000,125.000000,0.004000,0.884515,1.000000,0.051118,0.000000,0.998676,VALID,0.833866,VALID,0.000034,9,0,0,4,736.000000,1.000000,1,26,0,0,0,26,26,26,0,1.000000,0.000000,736.010122,736.000000,0.032230,dual_strong_update
14900982043,14895982043,14900982043,626,0.000000,0.000000,79.000000,486.000000,523.000000,3.000000,84.000000,461.500000,-142.000000,-61.500000,295.750000,146.457364,480.000000,0.073482,0.000000,1.000000,0,0.000000,23,0.510000,736.000000,81.500000,0.000000,125.000000,0.004000,0.834196,1.000000,0.073482,0.000000,0.998680,VALID,0.761182,LIMITED,0.000034,9,0,0,4,736.001000,1.000000,1,26,0,0,0,26,26,26,0,1.000000,0.000000,735.332468,736.001000,0.016125,dual_strong_update
14905982043,14900982043,14905982043,626,0.000000,0.000000,78.000000,484.750000,532.000000,3.000000,82.000000,456.750000,-144.000000,-61.000000,290.750000,145.642187,477.000000,0.086262,0.000000,1.000000,0,0.000000,33,0.511000,731.200000,81.500000,0.000000,125.000000,0.004000,0.805444,1.000000,0.086262,0.000000,0.998682,VALID,0.719649,LIMITED,0.000033,9,0,0,4,727.998000,0.964286,1,28,1,0,1,28,27,27,1,0.964286,0.000000,728.334981,727.998000,0.032577,dual_strong_update
14910982043,14905982043,14910982043,626,0.000000,1.000000,66.000000,465.000000,560.000000,7.000000,73.000000,443.000000,-136.750000,-75.000000,276.750000,138.519796,510.000000,0.049521,0.000000,1.000000,0,0.000000,30,0.494000,724.800000,83.300000,0.000000,125.000000,0.004000,0.888113,1.000000,0.049521,0.000000,0.998686,VALID,0.839058,VALID,0.000033,9,0,0,4,732.000000,0.964286,1,28,1,0,1,28,27,27,1,0.964286,0.000000,734.955045,732.000000,0.024311,dual_strong_update
14915982043,14910982043,14915982043,626,0.000000,0.000000,44.500000,596.750000,656.000000,0.000000,56.500000,566.000000,-169.000000,-93.000000,389.500000,189.661708,610.000000,0.357827,0.000000,0.857827,4,376.000000,17,0.518500,710.400000,81.500000,0.437700,125.000000,0.004000,0.521101,0.857827,0.357827,0.000000,0.998688,VALID,0.300240,INVALID,0.000033,9,0,0,4,732.000000,0.964286,1,28,0,0,0,28,27,27,1,0.964286,0.000000,729.404280,732.000000,0.048610,dual_strong_update
14920982043,14915982043,14920982043,626,0.000000,0.000000,33.000000,627.000000,683.000000,0.000000,39.000000,598.500000,-173.000000,-107.500000,418.000000,206.671788,647.000000,0.375399,0.000000,0.888179,4,296.000000,14,0.480000,872.000000,0.000000,1.000000,125.000000,0.004000,0.527172,0.888179,0.375399,0.000000,0.998691,VALID,0.310863,INVALID,0.000033,9,0,0,4,736.001000,0.962963,1,27,0,0,0,27,26,26,1,0.962963,0.000000,735.112112,736.001000,0.096693,dual_strong_update
14925982043,14920982043,14925982043,626,0.000000,0.000000,49.500000,604.000000,668.000000,0.000000,52.000000,575.000000,-168.000000,-95.000000,393.750000,195.083805,624.000000,0.324281,0.000000,1.000000,0,0.000000,32,0.487500,825.600000,72.500000,0.015974,125.000000,0.004000,0.549538,1.000000,0.324281,0.000000,0.998694,VALID,0.350000,INVALID,0.000032,9,0,0,4,799.999000,1.000000,1,25,0,0,0,25,25,25,0,1.000000,0.000000,781.059403,799.999000,0.096368,dual_strong_update
14930982043,14925982043,14930982043,626,0.000000,0.000000,33.500000,588.000000,693.000000,0.000000,39.500000,558.750000,-167.750000,-114.500000,380.750000,192.519238,656.000000,0.343450,0.000000,1.000000,0,0.000000,28,0.485000,828.800000,71.400000,0.000000,125.000000,0.004000,0.549539,1.000000,0.343450,0.000000,0.998697,VALID,0.350000,INVALID,0.000032,9,0,0,4,815.999000,1.000000,1,24,0,0,0,24,24,24,0,1.000000,0.000000,815.963328,815.999000,0.058139,dual_strong_update
14935982043,14930982043,14935982043,626,0.000000,0.000000,38.000000,540.000000,596.000000,0.000000,46.500000,513.000000,-163.000000,-101.500000,339.750000,182.248223,553.000000,0.364217,0.000000,0.948882,2,256.000000,27,0.501000,795.200000,74.300000,0.551118,125.000000,0.004000,0.539316,0.948882,0.364217,0.000000,0.998699,VALID,0.332109,INVALID,0.000032,9,0,0,4,808.000000,1.000000,1,24,0,0,0,24,24,24,0,1.000000,0.000000,812.498852,808.000000,0.088077,dual_strong_update
14940982046,14935990046,14940982046,625,0.000000,0.000000,39.000000,548.800000,600.000000,0.000000,46.000000,523.600000,-161.000000,-95.000000,350.800000,184.453600,555.000000,0.334400,0.000000,1.000000,0,0.000000,31,0.512000,721.600000,83.300000,0.070400,125.000000,0.004000,0.549541,1.000000,0.334400,0.000000,0.998702,VALID,0.350000,INVALID,0.000032,9,0,0,4,752.001500,1.000000,1,25,0,0,0,25,25,25,0,1.000000,0.000000,756.278835,752.001500,0.094632,dual_strong_update
14945990043,14940990043,14945990043,626,0.000000,0.000000,29.000000,563.750000,606.000000,0.000000,38.500000,534.750000,-161.000000,-104.500000,358.750000,186.146979,565.000000,0.346645,0.000000,1.000000,0,0.000000,30,0.509000,736.000000,81.500000,0.000000,125.000000,0.004000,0.549542,1.000000,0.346645,0.000000,0.998705,VALID,0.350000,INVALID,0.000032,9,0,0,4,736.004000,1.000000,1,26,0,0,0,26,26,26,0,1.000000,0.000000,740.587086,736.004000,0.048335,dual_strong_update
14950990047,14945998043,14950990047,625,0.000000,0.000000,18.000000,636.000000,695.000000,0.000000,28.000000,604.800000,-171.000000,-119.000000,424.800000,207.702040,648.000000,0.454400,0.000000,0.689600,11,288.000000,6,0.000000,723.200000,81.500000,0.838400,125.000000,0.004000,0.487463,0.689600,0.454400,0.000000,0.998707,VALID,0.241360,INVALID,0.000031,9,0,0,4,735.997000,1.000000,1,26,1,0,1,26,26,26,0,1.000000,0.000000,736.002032,735.997000,0.048344,dual_strong_update
14955998045,14951006047,14955998045,625,0.000000,0.000000,32.000000,601.800000,647.000000,0.000000,41.000000,573.000000,-166.000000,-101.000000,393.800000,200.683167,600.000000,0.347200,0.000000,0.936000,3,248.000000,20,0.490000,736.000000,81.500000,0.956800,125.000000,0.004000,0.536744,0.936000,0.347200,0.000000,0.998710,VALID,0.327600,INVALID,0.000031,9,0,0,4,744.000000,1.000000,1,26,1,0,0,26,26,26,0,1.000000,0.000000,743.813759,744.000000,0.047822,dual_strong_update
14961006046,14956014043,14961006046,625,0.000000,0.000000,4.000000,619.800000,687.000000,0.000000,17.000000,585.000000,-169.000000,-129.000000,408.400000,203.597505,641.000000,0.491200,0.000000,0.742400,9,344.000000,12,0.419000,768.000000,80.600000,0.966400,125.000000,0.004000,0.498025,0.742400,0.491200,0.000000,0.998712,VALID,0.259840,INVALID,0.000031,9,0,0,4,744.000000,1.000000,1,25,1,0,1,25,25,25,0,1.000000,0.000000,743.999860,744.000000,0.047826,dual_strong_update
14966006047,14961014043,14966006047,625,0.000000,0.000000,36.000000,632.600000,680.000000,0.000000,43.000000,601.000000,-169.000000,-100.000000,421.600000,203.699296,637.000000,0.395200,0.000000,0.875200,5,272.000000,16,0.476000,848.000000,73.500000,0.929600,125.000000,0.004000,0.524586,0.875200,0.395200,0.000000,0.998715,VALID,0.306320,INVALID,0.000031,9,0,0,4,799.996000,1.000000,1,24,0,0,0,24,24,24,0,1.000000,0.000000,793.673442,799.996000,0.074129,dual_strong_update
14971014046,14966022043,14971014046,625,0.000000,0.000000,26.000000,607.400000,688.000000,0.000000,37.000000,579.400000,-167.000000,-111.000000,400.600000,202.767035,650.000000,0.432000,0.000000,0.881600,4,344.000000,21,0.477000,772.800000,76.900000,0.752000,125.000000,0.004000,0.525867,0.881600,0.432000,0.000000,0.998717,VALID,0.308560,INVALID,0.000031,9,0,0,4,771.998000,1.000000,1,25,0,0,0,25,25,25,0,1.000000,0.000000,770.436207,771.998000,0.069133,dual_strong_update
14976014047,14971022043,14976014047,625,0.000000,0.000000,34.000000,577.000000,650.000000,0.000000,39.000000,552.400000,-166.800000,-111.000000,373.800000,191.216717,607.000000,0.387200,0.000000,0.899200,4,256.000000,23,0.486000,792.000000,75.000000,0.960000,125.000000,0.004000,0.529388,0.899200,0.387200,0.000000,0.998720,VALID,0.314720,INVALID,0.000030,9,0,0,4,799.996000,1.000000,1,24,0,0,0,24,24,24,0,1.000000,0.000000,795.728586,799.996000,0.029660,dual_strong_update
14981014047,14976014047,14981014047,626,0.000000,0.000000,45.500000,565.750000,598.000000,0.000000,50.000000,539.750000,-160.000000,-91.000000,367.750000,186.949000,560.000000,0.277955,0.000000,1.000000,0,0.000000,33,0.494500,792.000000,75.800000,0.287540,125.000000,0.004000,0.549549,1.000000,0.277955,0.000000,0.998722,VALID,0.350000,INVALID,0.000030,9,0,0,4,792.000000,0.960000,1,25,0,0,0,24,25,24,1,0.960000,0.000000,793.064381,792.000000,0.029959,dual_strong_update
14986022047,14981030043,14986022047,625,0.000000,0.000000,33.000000,576.600000,669.000000,0.000000,40.000000,551.000000,-163.000000,-102.000000,375.800000,191.089055,632.000000,0.364800,0.000000,0.891200,4,272.000000,22,0.477000,785.600000,76.100000,0.273600,125.000000,0.004000,0.527790,0.891200,0.364800,0.000000,0.998725,VALID,0.311920,INVALID,0.000030,9,0,0,4,792.000000,1.000000,1,25,0,0,0,25,25,25,0,1.000000,0.000000,792.001068,792.000000,0.022463,dual_strong_update
14991030047,14986038043,14991030047,625,0.000000,0.000000,33.000000,552.000000,639.000000,0.000000,41.000000,525.000000,-162.000000,-101.000000,352.400000,185.014239,602.000000,0.358400,0.000000,0.944000,2,280.000000,24,0.505000,656.000000,0.000000,1.000000,125.000000,0.004000,0.538351,0.944000,0.358400,0.000000,0.998727,VALID,0.330400,INVALID,0.000030,9,0,0,4,784.002000,1.000000,1,25,0,0,0,25,25,25,0,1.000000,0.000000,787.950745,784.002000,0.037823,dual_strong_update
14996038043,14991038046,14996038043,626,0.000000,0.000000,8.000000,590.500000,631.000000,0.000000,24.000000,561.000000,-165.000000,-123.500000,379.750000,196.991426,589.000000,0.469649,0.000000,0.845048,6,264.000000,24,0.458000,704.000000,78.100000,0.979233,125.000000,0.004000,0.518561,0.845048,0.469649,0.000000,0.998729,VALID,0.295767,INVALID,0.000030,9,0,0,4,744.001000,1.000000,1,26,1,0,0,26,26,26,0,1.000000,0.000000,747.520013,744.001000,0.079712,dual_strong_update
15001038043,14996038043,15001038043,626,0.000000,0.000000,66.500000,606.750000,666.000000,0.000000,68.000000,579.000000,-169.000000,-76.500000,398.250000,193.319224,624.000000,0.290735,0.000000,0.934505,2,328.000000,17,0.494000,766.400000,78.100000,0.658147,125.000000,0.004000,0.536454,0.934505,0.290735,0.000000,0.998732,VALID,0.327077,INVALID,0.000029,9,0,0,4,739.999000,1.000000,1,25,0,0,0,25,25,25,0,1.000000,0.000000,740.185804,739.999000,0.080143,dual_strong_update
15006038043,15001038043,15006038043,626,0.000000,0.000000,57.000000,556.750000,600.000000,0.000000,60.500000,532.000000,-161.000000,-86.500000,360.000000,176.144317,567.000000,0.183706,0.000000,0.937700,2,312.000000,25,0.499500,960.000000,0.000000,1.000000,125.000000,0.004000,0.573755,0.937700,0.183706,0.000000,0.998734,VALID,0.381150,INVALID,0.000029,9,0,0,4,743.998000,1.000000,1,24,0,0,0,24,24,24,0,1.000000,0.000000,745.422391,743.998000,0.127540,dual_strong_update
15011038043,15006038043,15011038043,626,0.000000,0.000000,76.000000,608.750000,652.000000,0.000000,79.000000,581.750000,-166.000000,-60.000000,406.000000,187.391756,608.000000,0.258786,0.000000,1.000000,0,0.000000,22,0.498500,867.200000,70.100000,0.051118,125.000000,0.004000,0.549554,1.000000,0.258786,0.000000,0.998736,VALID,0.350000,INVALID,0.000029,9,0,0,4,856.000000,0.958333,1,24,1,0,0,24,23,23,1,0.958333,0.000000,838.800847,856.000000,0.145490,dual_strong_update
15016038043,15011038043,15016038043,626,0.000000,0.000000,81.000000,565.000000,620.000000,0.000000,81.000000,543.250000,-160.000000,-61.000000,369.500000,172.354425,578.000000,0.142173,0.000000,1.000000,0,0.000000,26,0.500000,904.000000,67.900000,0.000000,125.000000,0.004000,0.679667,1.000000,0.142173,0.000000,0.998738,VALID,0.537939,INVALID,0.000029,9,0,0,4,940.000500,1.000000,1,21,0,0,0,21,21,21,0,1.000000,0.000000,922.492159,940.000500,0.113562,dual_strong_update
15021038047,15016046043,15021038047,625,0.000000,0.000000,63.000000,541.800000,594.000000,0.000000,67.000000,522.000000,-157.000000,-76.000000,347.800000,168.305626,555.000000,0.158400,0.000000,1.000000,0,0.000000,27,0.511000,921.600000,65.800000,0.000000,125.000000,0.004000,0.643156,1.000000,0.158400,0.000000,0.998740,VALID,0.485200,INVALID,0.000029,9,0,0,4,920.000000,1.000000,1,21,0,0,0,21,21,21,0,1.000000,0.000000,924.222541,920.000000,0.116032,dual_strong_update
15026046043,15021046043,15026046043,626,0.000000,0.000000,73.000000,604.500000,697.000000,0.000000,73.000000,581.000000,-166.000000,-67.500000,402.500000,194.199004,654.000000,0.281150,0.000000,0.947284,2,264.000000,19,0.502000,913.600000,65.200000,0.110224,125.000000,0.004000,0.539014,0.947284,0.281150,0.000000,0.998743,VALID,0.331550,INVALID,0.000029,9,0,0,4,936.000000,1.000000,1,20,1,0,1,20,20,20,0,1.000000,0.000000,933.787706,936.000000,0.088707,dual_strong_update
15031046043,15026046043,15031046043,626,0.000000,0.000000,33.000000,617.500000,682.000000,0.000000,41.000000,594.500000,-174.000000,-106.000000,412.750000,198.838856,643.000000,0.420128,0.000000,0.829073,7,288.000000,14,0.494000,864.000000,0.000000,1.000000,125.000000,0.004000,0.515373,0.829073,0.420128,0.000000,0.998745,VALID,0.290176,INVALID,0.000028,9,0,0,4,916.002500,1.000000,1,21,0,0,0,21,21,21,0,1.000000,0.000000,919.679864,916.002500,0.071218,dual_strong_update
15036046046,15031054043,15036046046,625,0.000000,0.000000,7.000000,639.000000,688.000000,0.000000,20.000000,613.800000,-172.000000,-126.000000,430.000000,210.056544,636.000000,0.480000,0.000000,0.624000,12,312.000000,2,0.000000,0.000000,0.000000,1.000000,125.000000,0.004000,0.474359,0.624000,0.480000,0.000000,0.998747,VALID,0.218400,INVALID,0.000028,9,0,0,4,879.996000,1.000000,1,22,0,0,0,22,22,22,0,1.000000,0.000000,881.172260,879.996000,0.067405,dual_strong_update
15041054043,15036054043,15041054043,626,0.000000,0.000000,0.000000,689.000000,732.000000,0.000000,18.500000,654.000000,-175.000000,-129.500000,467.750000,229.200080,684.000000,0.509585,0.000000,0.597444,13,352.000000,0,0.000000,0.000000,0.000000,1.000000,125.000000,0.004000,0.469048,0.597444,0.509585,0.000000,0.998749,VALID,0.209105,INVALID,0.000028,9,0,0,4,840.000000,1.000000,1,22,0,0,0,22,22,22,0,1.000000,0.000000,842.234945,840.000000,0.056480,dual_strong_update
15046054043,15041054043,15046054043,626,0.000000,0.000000,9.500000,692.750000,783.000000,0.000000,25.500000,660.000000,-178.000000,-122.500000,472.000000,220.010760,728.000000,0.482428,0.000000,0.685304,10,368.000000,10,0.000000,0.000000,0.000000,1.000000,125.000000,0.004000,0.486621,0.685304,0.482428,0.000000,0.998751,VALID,0.239856,INVALID,0.000028,9,0,0,4,832.001000,1.000000,1,23,0,0,0,23,23,23,0,1.000000,0.000000,832.039917,832.001000,0.064149,dual_strong_update
15051054043,15046054043,15051054043,626,0.000000,0.000000,33.000000,639.000000,680.000000,0.000000,36.500000,606.750000,-170.000000,-112.500000,425.750000,206.618319,636.000000,0.351438,0.000000,0.718850,10,312.000000,14,0.000000,0.000000,0.000000,1.000000,125.000000,0.004000,0.493331,0.718850,0.351438,0.000000,0.998753,VALID,0.251597,INVALID,0.000028,9,0,0,4,831.998500,1.000000,1,23,1,0,0,23,23,23,0,1.000000,0.000000,831.999705,831.998500,0.064154,dual_strong_update
15056054043,15051054043,15056054043,626,0.000000,0.000000,15.500000,605.500000,1001.000000,0.000000,28.500000,578.250000,-182.750000,-119.000000,396.250000,210.780506,922.000000,0.452077,0.000000,0.730032,9,376.000000,13,0.377000,0.000000,0.000000,1.000000,125.000000,0.004000,0.495568,0.730032,0.452077,0.000000,0.998755,VALID,0.255511,INVALID,0.000028,9,0,0,4,831.998500,1.000000,1,23,0,0,0,23,23,23,0,1.000000,0.000000,831.998541,831.998500,0.078407,dual_strong_update
15061054043,15056054043,15061054043,626,0.000000,0.000000,109.000000,543.250000,659.000000,0.000000,110.000000,524.750000,-166.750000,-54.000000,337.000000,161.393796,620.000000,0.191693,0.000000,0.934505,1,328.000000,24,0.467500,843.200000,71.400000,0.626198,125.000000,0.004000,0.555154,0.934505,0.191693,0.000000,0.998757,VALID,0.354073,INVALID,0.000027,9,0,0,4,840.000500,0.958333,1,24,0,0,0,24,23,23,1,0.958333,0.000000,836.755006,840.000500,0.049423,dual_strong_update
15066054046,15061062043,15066054046,625,0.000000,0.000000,82.000000,484.000000,568.000000,0.000000,89.000000,463.800000,-171.000000,-54.000000,275.000000,144.111312,568.000000,0.179200,0.000000,0.932800,2,336.000000,27,0.534000,865.600000,69.800000,0.648000,125.000000,0.004000,0.582924,0.932800,0.179200,0.000000,0.998759,VALID,0.394080,INVALID,0.000027,9,0,0,4,831.999000,0.920000,1,25,0,0,0,25,23,23,2,0.920000,0.000000,832.075402,831.999000,0.042766,dual_strong_update
15071054046,15066054046,15071054046,626,0.000000,0.000000,66.000000,572.000000,624.000000,0.000000,70.000000,548.750000,-171.000000,-87.000000,368.500000,188.154088,592.000000,0.356230,0.000000,0.928115,2,360.000000,22,0.504000,830.400000,71.800000,0.501597,125.000000,0.004000,0.535187,0.928115,0.356230,0.000000,0.998761,VALID,0.324840,INVALID,0.000027,9,0,0,4,831.999000,0.920000,1,25,0,0,0,25,23,23,2,0.920000,0.000000,831.022927,831.999000,0.042770,dual_strong_update
15076062045,15071070046,15076062045,625,0.000000,0.000000,74.000000,588.600000,787.000000,0.000000,75.000000,557.800000,-160.800000,-76.000000,378.800000,194.373430,759.000000,0.233600,0.000000,0.950400,2,248.000000,28,0.487000,896.000000,67.000000,0.243200,125.000000,0.004000,0.539645,0.950400,0.233600,0.000000,0.998763,VALID,0.332640,INVALID,0.000027,9,0,0,4,840.001500,0.884615,1,26,0,0,0,26,23,23,3,0.884615,0.000000,843.269632,840.001500,0.042363,dual_consensus_update
15081070043,15076070043,15081070043,626,0.000000,0.000000,0.000000,624.750000,845.000000,0.000000,14.000000,593.750000,-197.000000,-135.500000,403.000000,211.045102,794.000000,0.515974,0.000000,0.603834,12,416.000000,4,0.000000,0.000000,0.000000,1.000000,125.000000,0.004000,0.470333,0.603834,0.515974,0.000000,0.998765,VALID,0.211342,INVALID,0.000027,9,0,0,4,855.998000,0.880000,1,25,0,0,0,24,23,22,3,0.880000,0.000000,852.532787,855.998000,0.041565,dual_consensus_update
15086070045,15081078043,15086070045,625,0.000000,0.000000,94.000000,502.400000,572.000000,0.000000,98.000000,483.200000,-183.800000,-56.000000,293.000000,161.352544,549.000000,0.329600,0.000000,0.801600,6,368.000000,18,0.465000,0.000000,0.000000,1.000000,125.000000,0.004000,0.509887,0.801600,0.329600,0.000000,0.998767,VALID,0.280560,INVALID,0.000027,9,0,0,4,839.999000,0.960000,1,25,0,0,0,25,24,24,1,0.960000,0.000000,840.146528,839.999000,0.070602,dual_strong_update
15091078043,15086078047,15091078043,626,0.000000,0.000000,48.500000,575.750000,633.000000,0.000000,54.500000,544.500000,-159.000000,-92.500000,369.500000,175.145861,584.000000,0.231629,0.000000,0.944089,2,280.000000,23,0.488000,696.000000,85.200000,0.838658,125.000000,0.004000,0.538385,0.944089,0.231629,0.000000,0.998768,VALID,0.330431,INVALID,0.000027,9,0,0,4,752.001000,0.928571,1,28,0,0,0,28,26,26,2,0.928571,0.000000,764.559954,752.001000,0.173492,dual_consensus_update
15096078043,15091078043,15096078043,626,0.000000,0.000000,117.000000,391.750000,476.000000,3.000000,119.500000,372.750000,-145.750000,-29.500000,197.750000,104.747995,424.000000,0.086262,0.000000,1.000000,0,0.000000,52,0.556000,699.200000,85.700000,0.000000,125.000000,0.004000,0.805479,1.000000,0.086262,0.000000,0.998770,VALID,0.719649,LIMITED,0.000026,9,0,0,4,695.998500,0.900000,1,30,0,0,0,29,28,27,3,0.900000,0.000000,702.641239,695.998500,0.178934,dual_consensus_update
15101078047,15096086043,15101078047,625,0.000000,0.000000,92.000000,439.800000,511.000000,4.200000,95.000000,411.000000,-140.800000,-46.000000,247.800000,132.945446,452.000000,0.097600,0.000000,1.000000,0,0.000000,36,0.557000,689.500000,87.000000,0.000000,125.000000,0.004000,0.779969,1.000000,0.097600,0.000000,0.998772,VALID,0.682800,LIMITED,0.000026,9,0,0,4,696.000000,0.937500,1,32,0,0,0,32,30,30,2,0.937500,0.000000,662.366059,592.000000,0.200356,hold_previous_good_window
15106086046,15101094043,15106086046,625,0.000000,0.000000,30.000000,538.800000,600.000000,0.000000,36.000000,503.600000,-144.000000,-96.000000,336.400000,167.674266,529.000000,0.228800,0.000000,1.000000,0,0.000000,49,0.510000,645.600000,89.700000,0.000000,125.000000,0.004000,0.549570,1.000000,0.228800,0.000000,0.998774,VALID,0.350000,INVALID,0.000026,9,0,0,4,572.001500,0.968750,1,32,0,0,0,32,31,31,1,0.968750,0.000000,571.819121,572.001500,0.134785,dual_strong_update
15111086046,15106086046,15111086046,626,0.000000,0.000000,35.500000,551.000000,612.000000,4.000000,36.000000,510.750000,-137.000000,-105.000000,341.500000,166.708989,547.000000,0.113419,0.000000,1.000000,0,0.000000,44,0.485000,653.600000,91.500000,0.000000,125.000000,0.004000,0.744379,1.000000,0.113419,0.000000,0.998776,VALID,0.631390,INVALID,0.000026,9,0,0,4,576.003000,1.000000,1,32,0,0,0,32,32,32,0,1.000000,0.000000,574.552124,576.003000,0.123557,dual_strong_update
15116094043,15111094043,15116094043,626,0.000000,0.000000,30.000000,577.500000,624.000000,1.000000,34.500000,539.750000,-141.000000,-103.000000,369.750000,184.304629,554.000000,0.204473,0.000000,1.000000,0,0.000000,48,0.482500,659.200000,91.500000,0.000000,125.000000,0.004000,0.549571,1.000000,0.204473,0.000000,0.998778,VALID,0.350000,INVALID,0.000026,9,0,0,4,636.002000,1.000000,1,31,1,0,1,31,31,31,0,1.000000,0.000000,631.766117,636.002000,0.139860,dual_strong_update
15121094046,15116102043,15121094046,625,0.000000,9.000000,48.000000,535.800000,576.000000,12.000000,49.000000,500.600000,-126.000000,-90.000000,329.800000,155.389364,503.000000,0.003200,0.000000,1.000000,0,0.000000,34,0.477000,716.800000,84.300000,0.000000,125.000000,0.004000,0.992372,1.000000,0.003200,0.000000,0.998779,VALID,0.989600,VALID,0.000026,9,0,0,4,679.997000,1.000000,1,28,0,0,0,28,28,28,0,1.000000,0.000000,675.658982,679.997000,0.069783,dual_strong_update
15126094047,15121102046,15126094047,625,0.000000,0.200000,47.000000,519.800000,581.000000,4.000000,50.000000,488.600000,-134.000000,-91.000000,326.800000,156.470968,520.000000,0.051200,0.000000,1.000000,0,0.000000,34,0.488000,718.400000,83.300000,0.000000,125.000000,0.004000,0.884372,1.000000,0.051200,0.000000,0.998781,VALID,0.833600,VALID,0.000026,9,0,0,4,704.000500,1.000000,1,27,0,0,0,27,27,27,0,1.000000,0.000000,703.819680,704.000500,0.067390,dual_strong_update
15131102043,15126102046,15131102043,626,0.000000,3.000000,48.000000,517.500000,557.000000,5.250000,50.000000,480.750000,-132.000000,-89.000000,315.750000,155.344348,489.000000,0.035144,0.000000,1.000000,0,0.000000,43,0.490000,708.800000,84.300000,0.000000,125.000000,0.004000,0.920500,1.000000,0.035144,0.000000,0.998783,VALID,0.885783,VALID,0.000025,9,0,0,4,716.000000,1.000000,1,27,0,0,0,27,27,27,0,1.000000,0.000000,714.024451,716.000000,0.041411,dual_strong_update
15136102043,15131102043,15136102043,626,0.000000,0.000000,48.000000,561.500000,612.000000,0.000000,56.000000,530.500000,-141.000000,-79.500000,363.000000,174.193127,549.000000,0.161342,0.000000,1.000000,0,0.000000,36,0.489000,732.800000,82.400000,0.000000,125.000000,0.004000,0.636555,1.000000,0.161342,0.000000,0.998784,VALID,0.475639,INVALID,0.000025,9,0,0,4,728.000000,1.000000,1,26,0,0,0,26,26,26,0,1.000000,0.000000,727.317853,728.000000,0.032589,dual_strong_update
15141102043,15136102043,15141102043,626,0.000000,0.000000,55.000000,517.750000,596.000000,0.250000,57.000000,490.750000,-141.000000,-85.500000,326.750000,158.687789,536.000000,0.130990,0.000000,1.000000,0,0.000000,39,0.480500,745.600000,81.500000,0.000000,125.000000,0.004000,0.704846,1.000000,0.130990,0.000000,0.998786,VALID,0.574281,INVALID,0.000025,9,0,0,4,744.000000,1.000000,1,26,0,0,0,26,26,26,0,1.000000,0.000000,742.359681,744.000000,0.079708,dual_strong_update
15146102043,15141102043,15146102043,626,0.000000,0.000000,23.000000,582.500000,1023.000000,0.000000,37.000000,549.750000,-176.750000,-107.500000,368.750000,204.431504,956.000000,0.439297,0.006390,0.873802,3,384.000000,29,0.510000,742.000000,80.900000,0.285942,125.000000,0.004000,0.524335,0.873802,0.439297,0.006390,0.998788,VALID,0.305831,INVALID,0.000025,9,0,0,4,728.000000,1.000000,1,26,0,0,0,26,26,26,0,1.000000,0.000000,727.934365,728.000000,0.130334,dual_strong_update
15151102043,15146102043,15151102043,626,0.000000,0.000000,9.500000,728.000000,860.000000,0.000000,21.500000,693.500000,-179.000000,-123.000000,507.750000,229.197022,794.000000,0.480831,0.000000,0.595847,10,440.000000,4,0.000000,0.000000,0.000000,1.000000,125.000000,0.004000,0.468745,0.595847,0.480831,0.000000,0.998789,VALID,0.208546,INVALID,0.000025,9,0,0,4,656.000000,1.000000,1,24,0,0,0,24,24,24,0,1.000000,0.000000,774.796847,791.998000,0.254585,hold_previous_good_window
15156102046,15151110046,15156102046,625,0.000000,0.000000,35.000000,671.000000,788.000000,0.000000,41.000000,639.800000,-177.800000,-103.000000,460.200000,213.716245,744.000000,0.411200,0.000000,0.731200,8,376.000000,14,0.463000,0.000000,0.000000,1.000000,125.000000,0.004000,0.495816,0.731200,0.411200,0.000000,0.998791,VALID,0.255920,INVALID,0.000025,9,0,0,4,640.000000,1.000000,1,22,0,0,0,22,22,22,0,1.000000,0.000000,774.796847,848.000000,0.321696,hold_previous_good_window
15161110043,15156110043,15161110043,626,0.000000,0.000000,64.000000,635.750000,718.000000,0.000000,65.000000,604.750000,-169.000000,-75.000000,427.750000,205.359242,676.000000,0.329073,0.000000,0.817891,7,272.000000,15,0.478000,0.000000,0.000000,1.000000,125.000000,0.004000,0.513155,0.817891,0.329073,0.000000,0.998793,VALID,0.286262,INVALID,0.000025,9,0,0,4,952.000000,0.952381,1,21,0,0,0,20,21,20,1,0.952381,0.000000,935.445093,952.000000,0.124588,dual_strong_update
15166110044,15161118043,15166110044,625,0.000000,0.000000,36.000000,620.800000,665.000000,0.000000,43.000000,590.800000,-166.000000,-104.000000,415.400000,192.075471,621.000000,0.376000,0.000000,0.844800,6,264.000000,20,0.487000,920.000000,0.000000,1.000000,125.000000,0.004000,0.518538,0.844800,0.376000,0.000000,0.998794,VALID,0.295680,INVALID,0.000024,9,0,0,4,928.000000,1.000000,1,20,0,0,0,20,20,20,0,1.000000,0.000000,934.950052,928.000000,0.063905,dual_strong_update
15171110044,15166110044,15171110044,626,0.000000,0.000000,56.500000,589.500000,621.000000,0.000000,59.000000,562.750000,-162.000000,-82.500000,388.750000,187.524035,578.000000,0.300319,0.000000,1.000000,0,0.000000,28,0.491000,843.200000,71.400000,0.143770,125.000000,0.004000,0.549578,1.000000,0.300319,0.000000,0.998796,VALID,0.350000,INVALID,0.000024,9,0,0,4,908.001500,1.000000,1,21,0,0,0,21,21,21,0,1.000000,0.000000,907.584727,908.001500,0.058783,dual_strong_update
15176118046,15171126046,15176118046,625,0.000000,0.000000,61.000000,584.000000,647.000000,0.000000,62.000000,555.800000,-162.000000,-79.000000,383.000000,188.789468,607.000000,0.305600,0.000000,0.948800,2,256.000000,22,0.491000,852.800000,70.800000,0.126400,125.000000,0.004000,0.539339,0.948800,0.305600,0.000000,0.998797,VALID,0.332080,INVALID,0.000024,9,0,0,4,872.000000,1.000000,1,22,0,0,0,22,22,22,0,1.000000,0.000000,877.354158,872.000000,0.040812,dual_strong_update
15181126043,15176126043,15181126043,626,0.000000,0.000000,57.000000,591.000000,639.000000,0.000000,57.000000,563.000000,-164.000000,-87.500000,387.000000,185.989236,605.000000,0.306709,0.000000,0.900958,4,248.000000,22,0.497000,864.000000,69.400000,0.894569,125.000000,0.004000,0.529771,0.900958,0.306709,0.000000,0.998799,VALID,0.315335,INVALID,0.000024,9,0,0,4,872.000000,1.000000,1,22,0,0,0,22,22,22,0,1.000000,0.000000,871.803649,872.000000,0.040812,dual_strong_update
15186126043,15181126043,15186126043,626,0.000000,0.000000,55.500000,564.750000,608.000000,0.000000,59.500000,542.500000,-160.000000,-83.500000,372.750000,184.408543,567.000000,0.271565,0.000000,1.000000,0,0.000000,28,0.493000,864.000000,68.800000,0.000000,125.000000,0.004000,0.549580,1.000000,0.271565,0.000000,0.998800,VALID,0.350000,INVALID,0.000024,9,0,0,4,863.996000,1.000000,1,22,1,0,0,22,22,22,0,1.000000,0.000000,863.758868,863.996000,0.027456,dual_strong_update
15191126046,15186134046,15191126046,625,0.000000,0.000000,34.000000,615.800000,682.000000,0.000000,38.000000,587.800000,-167.000000,-105.000000,411.600000,193.970395,642.000000,0.403200,0.000000,0.828800,6,296.000000,17,0.475000,833.600000,71.400000,0.736000,125.000000,0.004000,0.515341,0.828800,0.403200,0.000000,0.998802,VALID,0.290080,INVALID,0.000024,9,0,0,4,864.000000,1.000000,1,22,1,0,1,22,22,22,0,1.000000,0.000000,863.979447,864.000000,0.041178,dual_strong_update
15196126046,15191126046,15196126046,626,0.000000,0.000000,28.000000,621.750000,683.000000,0.000000,33.500000,593.500000,-167.000000,-109.500000,416.000000,202.949151,639.000000,0.420128,0.000000,0.838658,5,320.000000,16,0.478000,832.000000,73.900000,0.643770,125.000000,0.004000,0.517313,0.838658,0.420128,0.000000,0.998803,VALID,0.293530,INVALID,0.000024,9,0,0,4,840.003000,1.000000,1,22,1,0,0,22,22,22,0,1.000000,0.000000,843.435480,840.003000,0.056471,dual_strong_update
15201134043,15196134043,15201134043,626,0.000000,0.000000,60.500000,574.250000,669.000000,0.000000,67.500000,546.750000,-163.000000,-75.500000,377.500000,185.698254,625.000000,0.274760,0.000000,0.929712,3,264.000000,22,0.494000,880.000000,0.000000,1.000000,125.000000,0.004000,0.535524,0.929712,0.274760,0.000000,0.998805,VALID,0.325399,INVALID,0.000024,9,0,0,4,840.000500,1.000000,1,23,0,0,0,23,23,23,0,1.000000,0.000000,840.182532,840.000500,0.070598,dual_strong_update
15206134043,15201134043,15206134043,626,0.000000,0.000000,25.000000,600.250000,668.000000,0.000000,33.500000,568.750000,-160.000000,-106.500000,392.000000,197.629348,617.000000,0.404153,0.000000,1.000000,0,0.000000,30,0.506000,880.000000,72.300000,0.563898,125.000000,0.004000,0.549583,1.000000,0.404153,0.000000,0.998806,VALID,0.350000,INVALID,0.000023,9,0,0,4,831.997000,1.000000,1,24,0,0,0,24,24,24,0,1.000000,0.000000,833.272701,831.997000,0.128297,dual_strong_update
15211134047,15206142043,15211134047,625,0.000000,0.000000,20.000000,600.800000,689.000000,0.000000,26.000000,571.000000,-165.000000,-119.000000,396.800000,195.184347,637.000000,0.425600,0.000000,0.798400,7,304.000000,15,0.460000,736.000000,78.100000,0.902400,125.000000,0.004000,0.509263,0.798400,0.425600,0.000000,0.998808,VALID,0.279440,INVALID,0.000023,9,0,0,4,776.000000,1.000000,1,24,1,0,1,24,24,24,0,1.000000,0.000000,776.581801,776.000000,0.061144,dual_strong_update
15216142043,15211142043,15216142043,626,0.000000,0.000000,44.500000,610.250000,695.000000,0.000000,50.000000,581.500000,-167.000000,-92.000000,401.750000,200.532857,642.000000,0.338658,0.000000,0.921725,3,248.000000,20,0.481000,806.400000,72.800000,0.746006,125.000000,0.004000,0.533929,0.921725,0.338658,0.000000,0.998809,VALID,0.322604,INVALID,0.000023,9,0,0,4,776.000000,1.000000,1,24,0,0,0,24,24,24,0,1.000000,0.000000,776.000438,776.000000,0.045854,dual_strong_update
15221142043,15216142043,15221142043,626,0.000000,0.000000,24.000000,598.250000,627.000000,0.000000,33.000000,564.750000,-161.000000,-111.000000,390.750000,190.057950,578.000000,0.372204,0.000000,0.944089,2,280.000000,28,0.483000,780.800000,75.800000,0.579872,125.000000,0.004000,0.538402,0.944089,0.372204,0.000000,0.998811,VALID,0.330431,INVALID,0.000023,9,0,0,4,768.002000,1.000000,1,25,0,0,0,25,25,25,0,1.000000,0.000000,765.080402,768.002000,0.046331,dual_strong_update
15226142047,15221150044,15226142047,625,0.000000,0.000000,40.000000,595.000000,635.000000,0.000000,46.000000,560.800000,-160.000000,-94.000000,385.800000,192.117692,583.000000,0.313600,0.000000,1.000000,0,0.000000,29,0.500000,748.800000,80.600000,0.000000,125.000000,0.004000,0.549585,1.000000,0.313600,0.000000,0.998812,VALID,0.350000,INVALID,0.000023,9,0,0,4,767.998000,1.000000,1,25,0,0,0,25,25,25,0,1.000000,0.000000,767.996848,767.998000,0.046331,dual_strong_update
15231150043,15226150044,15231150043,626,0.000000,0.000000,37.000000,576.000000,630.000000,0.000000,41.000000,545.750000,-159.000000,-103.500000,371.750000,182.675396,582.000000,0.338658,0.000000,1.000000,0,0.000000,30,0.486000,760.000000,79.800000,0.000000,125.000000,0.004000,0.549585,1.000000,0.338658,0.000000,0.998813,VALID,0.350000,INVALID,0.000023,9,0,0,4,767.998000,1.000000,1,25,0,0,0,25,25,25,0,1.000000,0.000000,768.015559,767.998000,0.038609,dual_strong_update
15236150046,15231158043,15236150046,625,0.000000,0.000000,30.000000,615.800000,684.000000,0.000000,40.000000,583.600000,-164.000000,-101.000000,408.800000,198.234916,634.000000,0.369600,0.000000,0.889600,4,288.000000,22,0.490000,756.800000,76.500000,0.294400,125.000000,0.004000,0.527506,0.889600,0.369600,0.000000,0.998815,VALID,0.311360,INVALID,0.000023,9,0,0,4,759.998000,1.000000,1,26,0,0,0,26,26,26,0,1.000000,0.000000,758.801183,759.998000,0.046825,dual_strong_update
15241158043,15236158043,15241158043,626,0.000000,0.000000,58.000000,608.750000,678.000000,0.000000,59.500000,578.000000,-164.000000,-81.500000,401.750000,193.873418,631.000000,0.322684,0.000000,1.000000,0,0.000000,23,0.492000,878.400000,68.200000,0.535144,125.000000,0.004000,0.549586,1.000000,0.322684,0.000000,0.998816,VALID,0.350000,INVALID,0.000023,9,0,0,4,783.996000,1.000000,1,24,0,0,0,24,24,24,0,1.000000,0.000000,780.197445,783.996000,0.075643,dual_strong_update
15246158046,15241166043,15246158046,625,0.000000,0.000000,45.000000,610.000000,681.000000,0.000000,47.000000,583.800000,-165.000000,-95.000000,408.400000,185.638918,631.000000,0.332800,0.000000,0.892800,4,272.000000,21,0.482000,857.600000,68.800000,0.419200,125.000000,0.004000,0.528147,0.892800,0.332800,0.000000,0.998817,VALID,0.312480,INVALID,0.000023,9,0,0,4,819.998000,0.958333,1,24,0,0,0,23,24,23,1,0.958333,0.000000,815.081593,819.998000,0.094018,dual_strong_update
15251158047,15246166043,15251158047,625,0.000000,0.000000,55.000000,580.000000,639.000000,0.000000,61.000000,551.000000,-160.000000,-77.000000,377.000000,184.795062,595.000000,0.257600,0.000000,1.000000,0,0.000000,29,0.497000,896.000000,66.400000,0.308800,125.000000,0.004000,0.549588,1.000000,0.257600,0.000000,0.998819,VALID,0.350000,INVALID,0.000022,9,0,0,4,867.998500,1.000000,1,23,1,0,1,23,23,23,0,1.000000,0.000000,867.930488,867.998500,0.068324,dual_strong_update
15256166043,15251166043,15256166043,626,0.000000,0.000000,30.000000,622.750000,724.000000,0.000000,41.000000,595.750000,-163.750000,-99.000000,417.750000,199.720648,675.000000,0.305112,0.000000,0.829073,6,304.000000,25,0.480500,872.000000,68.800000,0.440895,125.000000,0.004000,0.515403,0.829073,0.305112,0.000000,0.998820,VALID,0.290176,INVALID,0.000022,9,0,0,4,867.998500,1.000000,1,23,0,0,0,23,23,23,0,1.000000,0.000000,867.873031,867.998500,0.102481,dual_strong_update
15261166046,15256174043,15261166046,625,0.000000,0.000000,49.000000,582.800000,676.000000,0.000000,52.000000,557.600000,-165.000000,-91.000000,383.800000,184.548339,627.000000,0.320000,0.000000,0.944000,2,280.000000,24,0.494000,888.000000,65.800000,0.728000,125.000000,0.004000,0.538389,0.944000,0.320000,0.000000,0.998821,VALID,0.330400,INVALID,0.000022,9,0,0,4,872.003000,1.000000,1,22,0,0,0,22,22,22,0,1.000000,0.000000,870.020228,872.003000,0.068014,dual_strong_update
15266174043,15261174043,15266174043,626,0.000000,0.000000,48.000000,547.500000,589.000000,0.000000,52.000000,522.750000,-155.000000,-86.500000,355.750000,177.501308,543.000000,0.217252,0.000000,1.000000,0,0.000000,28,0.500000,795.200000,74.300000,0.000000,125.000000,0.004000,0.549589,1.000000,0.217252,0.000000,0.998823,VALID,0.350000,INVALID,0.000022,9,0,0,4,799.999000,1.000000,1,24,1,0,1,24,24,24,0,1.000000,0.000000,807.325621,799.999000,0.103784,dual_strong_update
15271174043,15266174043,15271174043,626,0.000000,0.000000,62.500000,594.500000,628.000000,0.000000,64.500000,564.000000,-161.000000,-76.000000,391.750000,187.920614,584.000000,0.279553,0.000000,1.000000,0,0.000000,28,0.493000,795.200000,74.300000,0.000000,125.000000,0.004000,0.549590,1.000000,0.279553,0.000000,0.998824,VALID,0.350000,INVALID,0.000022,9,0,0,4,832.000000,1.000000,1,24,0,0,0,24,24,24,0,1.000000,0.000000,825.360768,832.000000,0.085529,dual_strong_update
15276174043,15271174043,15276174043,626,0.000000,0.000000,57.500000,572.000000,604.000000,0.000000,58.000000,545.750000,-159.000000,-82.500000,373.000000,181.961397,564.000000,0.273163,0.000000,1.000000,0,0.000000,30,0.490000,838.400000,72.100000,0.000000,125.000000,0.004000,0.549590,1.000000,0.273163,0.000000,0.998825,VALID,0.350000,INVALID,0.000022,9,0,0,4,844.000000,1.000000,1,23,0,0,0,23,23,23,0,1.000000,0.000000,840.989486,844.000000,0.056219,dual_strong_update
15281174043,15276174043,15281174043,626,0.000000,0.000000,52.000000,564.750000,628.000000,0.000000,57.000000,538.000000,-159.000000,-85.000000,365.500000,181.829135,581.000000,0.269968,0.000000,1.000000,0,0.000000,29,0.501500,844.800000,70.100000,0.000000,125.000000,0.004000,0.549591,1.000000,0.269968,0.000000,0.998826,VALID,0.350000,INVALID,0.000022,9,0,0,4,832.000000,1.000000,1,24,0,0,0,24,24,24,0,1.000000,0.000000,834.734118,832.000000,0.057021,dual_strong_update
15286174043,15281174043,15286174043,626,0.000000,0.000000,0.000000,616.750000,723.000000,0.000000,12.000000,585.750000,-167.750000,-131.000000,409.250000,203.747095,672.000000,0.503195,0.000000,0.699681,11,336.000000,10,0.000000,838.400000,70.800000,0.945687,125.000000,0.004000,0.489527,0.699681,0.503195,0.000000,0.998828,VALID,0.244888,INVALID,0.000022,9,0,0,4,827.998000,1.000000,1,23,0,0,0,23,23,23,0,1.000000,0.000000,831.436561,827.998000,0.050139,dual_strong_update
15291174043,15286174043,15291174043,626,0.000000,0.000000,39.000000,700.000000,765.000000,0.000000,41.500000,667.500000,-175.000000,-101.500000,481.500000,221.771995,710.000000,0.412141,0.000000,0.634185,11,336.000000,10,0.000000,0.000000,0.000000,1.000000,125.000000,0.004000,0.476429,0.634185,0.412141,0.000000,0.998829,VALID,0.221965,INVALID,0.000022,9,0,0,4,840.000000,1.000000,1,22,0,0,0,22,22,22,0,1.000000,0.000000,830.560849,840.000000,0.084722,dual_strong_update
15296174047,15291182043,15296174047,625,0.000000,0.000000,24.000000,655.000000,703.000000,0.000000,32.000000,620.800000,-170.000000,-114.000000,439.600000,203.077236,653.000000,0.430400,0.000000,0.732800,9,288.000000,10,0.000000,0.000000,0.000000,1.000000,125.000000,0.004000,0.496152,0.732800,0.430400,0.000000,0.998830,VALID,0.256480,INVALID,0.000022,9,0,0,4,840.000000,1.000000,1,23,0,0,0,23,23,23,0,1.000000,0.000000,840.013412,840.000000,0.077663,dual_strong_update
15301182045,15296190044,15301182045,625,0.000000,0.000000,39.000000,670.600000,710.000000,0.000000,45.000000,637.600000,-172.000000,-95.000000,458.600000,214.054263,662.000000,0.398400,0.000000,0.772800,9,312.000000,17,0.401000,0.000000,0.000000,1.000000,125.000000,0.004000,0.504153,0.772800,0.398400,0.000000,0.998831,VALID,0.270480,INVALID,0.000021,9,0,0,4,880.001000,1.000000,1,22,1,0,0,22,22,22,0,1.000000,0.000000,871.266078,880.001000,0.067387,dual_strong_update
15306190043,15301190043,15306190043,626,0.000000,0.000000,47.000000,635.000000,710.000000,0.000000,50.000000,603.500000,-170.000000,-95.000000,423.750000,196.248412,663.000000,0.362620,0.000000,0.773163,8,296.000000,16,0.452500,0.000000,0.000000,1.000000,125.000000,0.004000,0.504226,0.773163,0.362620,0.000000,0.998833,VALID,0.270607,INVALID,0.000021,9,0,0,4,892.000000,0.954545,1,22,0,0,0,21,22,21,1,0.954545,0.000000,892.471327,892.000000,0.059836,dual_strong_update
15311190043,15306190043,15311190043,626,0.000000,0.000000,34.000000,620.000000,675.000000,0.000000,40.500000,592.500000,-167.000000,-102.000000,414.500000,201.574076,629.000000,0.388179,0.000000,0.881789,5,272.000000,21,0.490500,816.000000,72.800000,0.961661,125.000000,0.004000,0.525951,0.881789,0.388179,0.000000,0.998834,VALID,0.308626,INVALID,0.000021,9,0,0,4,888.000000,1.000000,1,22,0,0,0,22,22,22,0,1.000000,0.000000,888.068865,888.000000,0.053427,dual_strong_update
15316190047,15311198046,15316190047,625,0.000000,0.000000,54.000000,644.600000,712.000000,0.000000,56.000000,612.800000,-168.000000,-82.000000,435.600000,209.473660,664.000000,0.360000,0.000000,0.785600,7,304.000000,14,0.464000,920.000000,0.000000,1.000000,125.000000,0.004000,0.506714,0.785600,0.360000,0.000000,0.998835,VALID,0.274960,INVALID,0.000021,9,0,0,4,888.000000,1.000000,1,22,0,0,0,22,22,22,0,1.000000,0.000000,888.056365,888.000000,0.053427,dual_strong_update
15321198043,15316198043,15321198043,626,0.000000,0.000000,35.000000,616.750000,669.000000,0.000000,38.000000,586.750000,-168.750000,-107.000000,411.000000,192.345463,631.000000,0.391374,0.000000,0.833866,6,312.000000,19,0.483500,0.000000,0.000000,1.000000,125.000000,0.004000,0.516368,0.833866,0.391374,0.000000,0.998836,VALID,0.291853,INVALID,0.000021,9,0,0,4,900.000000,1.000000,1,21,0,0,0,21,21,21,0,1.000000,0.000000,899.941105,900.000000,0.072480,dual_strong_update
15326198043,15321198043,15326198043,626,0.000000,0.000000,18.000000,638.500000,724.000000,0.000000,29.000000,611.000000,-168.750000,-114.000000,431.500000,213.952477,682.000000,0.448882,0.000000,0.704473,10,352.000000,7,0.000000,856.000000,0.000000,1.000000,125.000000,0.004000,0.490490,0.704473,0.448882,0.000000,0.998837,VALID,0.246565,INVALID,0.000021,9,0,0,4,856.003000,1.000000,1,22,0,0,0,22,22,22,0,1.000000,0.000000,860.729160,856.003000,0.069275,dual_strong_update
15331198043,15326198043,15331198043,626,0.000000,0.000000,0.000000,672.000000,737.000000,0.000000,14.500000,636.000000,-169.000000,-127.000000,454.000000,218.289191,682.000000,0.543131,0.000000,0.602236,12,432.000000,0,0.000000,0.000000,0.000000,1.000000,125.000000,0.004000,0.470043,0.602236,0.543131,0.000000,0.998838,VALID,0.210783,INVALID,0.000021,9,0,0,4,847.998500,1.000000,1,23,1,0,0,23,23,23,0,1.000000,0.000000,854.137471,847.998500,0.083924,dual_strong_update
15336198044,15331206043,15336198044,625,0.000000,0.000000,0.000000,661.800000,721.000000,0.000000,11.000000,627.800000,-171.000000,-135.000000,445.000000,213.316434,673.000000,0.550400,0.000000,0.624000,12,368.000000,3,0.000000,0.000000,0.000000,1.000000,125.000000,0.004000,0.474396,0.624000,0.550400,0.000000,0.998840,VALID,0.218400,INVALID,0.000021,9,0,0,4,816.000000,1.000000,1,24,0,0,0,24,24,24,0,1.000000,0.000000,816.295425,816.000000,0.058141,dual_strong_update
15341198045,15336206043,15341198045,625,0.000000,0.000000,1.000000,590.000000,639.000000,0.000000,18.000000,558.600000,-162.000000,-128.000000,381.800000,193.489644,583.000000,0.499200,0.000000,0.793600,8,272.000000,17,0.433000,0.000000,0.000000,1.000000,125.000000,0.004000,0.508316,0.793600,0.499200,0.000000,0.998841,VALID,0.277760,INVALID,0.000021,9,0,0,4,780.000000,1.000000,1,25,0,0,0,25,25,25,0,1.000000,0.000000,783.444813,780.000000,0.068428,dual_strong_update
15346206043,15341206043,15346206043,626,0.000000,0.000000,19.500000,604.000000,668.000000,0.000000,31.500000,568.250000,-164.000000,-110.500000,384.500000,195.371998,611.000000,0.351438,0.000000,0.896166,4,272.000000,26,0.473000,664.000000,92.600000,0.963259,125.000000,0.004000,0.528830,0.896166,0.351438,0.000000,0.998842,VALID,0.313658,INVALID,0.000021,9,0,0,4,736.000000,1.000000,1,26,1,0,0,26,26,26,0,1.000000,0.000000,743.176743,736.000000,0.128922,dual_strong_update
15351206047,15346214045,15351206047,625,0.000000,0.000000,42.000000,569.000000,616.000000,0.000000,47.000000,539.600000,-155.000000,-92.000000,365.800000,183.039221,562.000000,0.206400,0.000000,1.000000,0,0.000000,32,0.494000,736.000000,81.500000,0.064000,125.000000,0.004000,0.549597,1.000000,0.206400,0.000000,0.998843,VALID,0.350000,INVALID,0.000021,9,0,0,4,720.000000,1.000000,1,26,0,0,0,26,26,26,0,1.000000,0.000000,722.573633,720.000000,0.082367,dual_strong_update
15356214044,15351214045,15356214044,626,0.000000,0.000000,46.500000,579.250000,635.000000,0.000000,49.000000,544.500000,-155.000000,-90.000000,369.000000,181.724628,579.000000,0.212460,0.000000,1.000000,0,0.000000,28,0.490000,760.000000,78.900000,0.000000,125.000000,0.004000,0.549598,1.000000,0.212460,0.000000,0.998844,VALID,0.350000,INVALID,0.000020,9,0,0,4,720.000000,1.000000,1,26,0,0,0,26,26,26,0,1.000000,0.000000,721.716188,720.000000,0.082367,dual_strong_update
15361222043,15356222043,15361222043,626,0.000000,0.000000,47.500000,597.500000,661.000000,0.000000,51.000000,566.750000,-159.000000,-90.000000,394.750000,185.305173,611.000000,0.287540,0.000000,1.000000,0,0.000000,31,0.482500,789.600000,76.550000,0.000000,125.000000,0.004000,0.549598,1.000000,0.287540,0.000000,0.998845,VALID,0.350000,INVALID,0.000020,9,0,0,4,760.002000,1.000000,1,25,0,0,0,25,25,25,0,1.000000,0.000000,759.032748,760.002000,0.078027,dual_strong_update
15366222043,15361222043,15366222043,626,0.000000,0.000000,28.500000,628.750000,676.000000,0.000000,42.000000,595.750000,-165.750000,-101.000000,416.000000,208.051033,630.000000,0.397764,0.000000,0.837061,6,280.000000,20,0.476500,809.600000,75.000000,0.547923,125.000000,0.004000,0.517011,0.837061,0.397764,0.000000,0.998846,VALID,0.292971,INVALID,0.000020,9,0,0,4,784.001500,1.000000,1,25,0,0,0,25,25,25,0,1.000000,0.000000,783.673100,784.001500,0.045392,dual_strong_update
15371222043,15366222043,15371222043,626,0.000000,0.000000,35.500000,638.750000,708.000000,0.000000,39.000000,606.000000,-168.000000,-105.500000,425.000000,205.306305,657.000000,0.381789,0.000000,0.784345,8,296.000000,7,0.446000,0.000000,0.000000,1.000000,125.000000,0.004000,0.506468,0.784345,0.381789,0.000000,0.998847,VALID,0.274521,INVALID,0.000020,9,0,0,4,808.002000,1.000000,1,24,1,0,0,24,24,24,0,1.000000,0.000000,806.080650,808.002000,0.073392,dual_strong_update
15376222045,15371230043,15376222045,625,0.000000,0.000000,50.000000,604.800000,660.000000,0.000000,52.000000,574.000000,-165.000000,-91.000000,398.000000,191.287738,608.000000,0.307200,0.000000,1.000000,0,0.000000,26,0.485000,844.800000,70.800000,0.201600,125.000000,0.004000,0.549599,1.000000,0.307200,0.000000,0.998848,VALID,0.350000,INVALID,0.000020,9,0,0,4,832.001500,1.000000,1,23,0,0,0,23,23,23,0,1.000000,0.000000,832.618553,832.001500,0.042765,dual_strong_update
15381230044,15376238045,15381230044,625,0.000000,0.000000,48.000000,594.800000,665.000000,0.000000,54.000000,563.600000,-161.800000,-88.000000,392.000000,188.617191,608.000000,0.308800,0.000000,1.000000,0,0.000000,30,0.485000,828.800000,72.100000,0.000000,125.000000,0.004000,0.549600,1.000000,0.308800,0.000000,0.998849,VALID,0.350000,INVALID,0.000020,9,0,0,4,831.999000,1.000000,1,24,0,0,0,24,24,24,0,1.000000,0.000000,831.998877,831.999000,0.028513,dual_strong_update
15386230047,15381238043,15386230047,625,0.000000,0.000000,38.000000,602.600000,656.000000,0.000000,43.000000,571.200000,-162.000000,-101.000000,394.800000,191.246600,605.000000,0.331200,0.000000,1.000000,0,0.000000,30,0.484000,814.400000,73.500000,0.000000,125.000000,0.004000,0.549600,1.000000,0.331200,0.000000,0.998851,VALID,0.350000,INVALID,0.000020,9,0,0,4,831.998000,1.000000,1,23,0,0,0,23,23,23,0,1.000000,0.000000,831.998992,831.998000,0.028517,dual_strong_update
15391238047,15386246043,15391238047,625,0.000000,0.000000,48.000000,592.800000,635.000000,0.000000,52.000000,563.200000,-160.000000,-90.000000,388.000000,186.308704,586.000000,0.291200,0.000000,1.000000,0,0.000000,28,0.481000,809.600000,74.300000,0.000000,125.000000,0.004000,0.549601,1.000000,0.291200,0.000000,0.998852,VALID,0.350000,INVALID,0.000020,9,0,0,4,816.004000,1.000000,1,24,0,0,0,24,24,24,0,1.000000,0.000000,816.215748,816.004000,0.029069,dual_strong_update
15396246043,15391246043,15396246043,626,0.000000,0.000000,54.000000,571.500000,636.000000,0.000000,54.000000,539.000000,-158.000000,-85.000000,365.750000,178.810243,570.000000,0.226837,0.000000,1.000000,0,0.000000,25,0.488000,803.200000,74.300000,0.000000,125.000000,0.004000,0.549601,1.000000,0.226837,0.000000,0.998853,VALID,0.350000,INVALID,0.000020,9,0,0,4,807.999000,1.000000,1,23,0,0,0,23,23,23,0,1.000000,0.000000,808.083610,807.999000,0.029362,dual_strong_update
15401246043,15396246043,15401246043,626,0.000000,0.000000,41.000000,619.750000,676.000000,0.000000,44.000000,582.750000,-164.000000,-97.000000,405.500000,197.777637,626.000000,0.354633,0.000000,0.896166,4,264.000000,23,0.484000,800.000000,72.100000,0.672524,125.000000,0.004000,0.528835,0.896166,0.354633,0.000000,0.998854,VALID,0.313658,INVALID,0.000020,9,0,0,4,807.998500,0.958333,1,24,0,0,0,23,24,23,1,0.958333,0.000000,805.854605,807.998500,0.029358,dual_strong_update
15406246045,15401254046,15406246045,625,0.000000,0.000000,49.000000,601.000000,663.000000,0.000000,53.000000,573.600000,-164.000000,-90.000000,402.000000,190.561641,626.000000,0.300800,0.000000,1.000000,0,0.000000,26,0.496000,888.000000,68.800000,0.608000,125.000000,0.004000,0.549602,1.000000,0.300800,0.000000,0.998855,VALID,0.350000,INVALID,0.000020,9,0,0,4,820.000000,1.000000,1,23,0,0,0,23,23,23,0,1.000000,0.000000,812.736298,820.000000,0.057860,dual_strong_update
15411246045,15406246045,15411246045,626,0.000000,0.000000,50.500000,589.500000,629.000000,0.000000,54.000000,561.000000,-159.000000,-84.000000,386.500000,185.438213,582.000000,0.284345,0.000000,1.000000,0,0.000000,24,0.483500,822.400000,72.800000,0.000000,125.000000,0.004000,0.549602,1.000000,0.284345,0.000000,0.998856,VALID,0.350000,INVALID,0.000020,9,0,0,4,816.001000,1.000000,1,23,1,0,1,23,23,23,0,1.000000,0.000000,815.742613,816.001000,0.036344,dual_strong_update
15416254043,15411254045,15416254043,626,0.000000,0.000000,55.500000,595.750000,637.000000,0.000000,56.000000,560.750000,-162.000000,-85.000000,388.000000,194.288538,591.000000,0.308307,0.000000,1.000000,0,0.000000,26,0.485000,817.600000,73.500000,0.000000,125.000000,0.004000,0.549603,1.000000,0.308307,0.000000,0.998857,VALID,0.350000,INVALID,0.000019,9,0,0,4,824.000000,1.000000,1,23,0,0,0,23,23,23,0,1.000000,0.000000,823.981698,824.000000,0.043183,dual_strong_update
15421254043,15416254043,15421254043,626,0.000000,0.000000,50.500000,551.750000,622.000000,0.000000,56.500000,526.750000,-157.750000,-85.000000,352.500000,173.670942,575.000000,0.225240,0.000000,1.000000,0,0.000000,27,0.487000,806.400000,74.300000,0.000000,125.000000,0.004000,0.549603,1.000000,0.225240,0.000000,0.998858,VALID,0.350000,INVALID,0.000019,9,0,0,4,816.000000,1.000000,1,24,1,0,1,24,24,24,0,1.000000,0.000000,816.761278,816.000000,0.029074,dual_strong_update
15426254043,15421254043,15426254043,626,0.000000,0.000000,20.000000,618.750000,703.000000,0.000000,30.500000,585.000000,-163.000000,-114.000000,406.750000,201.105109,648.000000,0.436102,0.000000,0.782748,8,280.000000,18,0.448500,777.600000,75.000000,0.704473,125.000000,0.004000,0.506153,0.782748,0.436102,0.000000,0.998859,VALID,0.273962,INVALID,0.000019,9,0,0,4,799.999000,1.000000,1,25,0,0,0,25,25,25,0,1.000000,0.000000,800.300761,799.999000,0.051891,dual_strong_update
15431254043,15426254043,15431254043,626,0.000000,0.000000,40.000000,619.500000,696.000000,0.000000,45.500000,587.750000,-166.000000,-96.500000,409.000000,196.747499,645.000000,0.333866,0.000000,0.846645,6,272.000000,15,0.475000,824.000000,0.000000,1.000000,125.000000,0.004000,0.518933,0.846645,0.333866,0.000000,0.998860,VALID,0.296326,INVALID,0.000019,9,0,0,4,796.001000,1.000000,1,25,1,0,0,25,25,25,0,1.000000,0.000000,793.902771,796.001000,0.067052,dual_strong_update
15436254044,15431262043,15436254044,625,0.000000,0.000000,61.000000,594.000000,636.000000,0.000000,64.000000,562.800000,-158.000000,-78.000000,385.600000,178.176548,586.000000,0.220800,0.000000,1.000000,0,0.000000,25,0.491000,876.800000,68.200000,0.008000,125.000000,0.004000,0.549604,1.000000,0.220800,0.000000,0.998861,VALID,0.350000,INVALID,0.000019,9,0,0,4,820.001000,0.958333,1,24,0,0,0,23,24,23,1,0.958333,0.000000,816.003259,820.001000,0.101250,dual_strong_update
15441262043,15436262043,15441262043,626,0.000000,0.000000,48.000000,587.500000,665.000000,0.000000,49.000000,562.500000,-161.000000,-93.500000,391.250000,186.494613,619.000000,0.313099,0.000000,0.899361,3,256.000000,24,0.486500,867.200000,69.100000,0.226837,125.000000,0.004000,0.529477,0.899361,0.313099,0.000000,0.998862,VALID,0.314776,INVALID,0.000019,9,0,0,4,840.000500,0.958333,1,24,0,0,0,23,24,23,1,0.958333,0.000000,838.498137,840.000500,0.049419,dual_strong_update
15446262046,15441270047,15446262046,625,0.000000,0.000000,55.000000,594.200000,652.000000,0.000000,60.000000,562.800000,-160.800000,-83.000000,390.400000,190.037417,604.000000,0.296000,0.000000,1.000000,0,0.000000,24,0.495000,856.000000,70.100000,0.622400,125.000000,0.004000,0.549605,1.000000,0.296000,0.000000,0.998862,VALID,0.350000,INVALID,0.000019,9,0,0,4,856.000000,1.000000,1,22,1,0,1,22,22,22,0,1.000000,0.000000,856.674792,856.000000,0.041561,dual_strong_update
15451270045,15446278044,15451270045,625,0.000000,0.000000,55.000000,599.800000,655.000000,0.000000,58.000000,569.800000,-163.000000,-82.000000,395.800000,192.046990,609.000000,0.292800,0.000000,0.950400,2,248.000000,25,0.489000,870.400000,68.800000,0.136000,125.000000,0.004000,0.539685,0.950400,0.292800,0.000000,0.998864,VALID,0.332640,INVALID,0.000019,9,0,0,4,864.000000,1.000000,1,22,0,0,0,22,22,22,0,1.000000,0.000000,864.272722,864.000000,0.027456,dual_strong_update
15456278046,15451286045,15456278046,625,0.000000,0.000000,44.000000,577.000000,621.000000,0.000000,45.000000,548.600000,-158.000000,-97.000000,376.600000,185.142557,576.000000,0.320000,0.000000,1.000000,0,0.000000,32,0.493000,803.200000,74.600000,0.492800,125.000000,0.004000,0.549606,1.000000,0.320000,0.000000,0.998864,VALID,0.350000,INVALID,0.000019,9,0,0,4,856.000000,1.000000,1,23,0,0,0,23,23,23,0,1.000000,0.000000,856.501928,856.000000,0.041568,dual_strong_update
15461286043,15456286043,15461286043,618,0.000000,0.000000,43.000000,545.900000,616.000000,0.000000,49.000000,521.150000,-157.000000,-97.500000,352.000000,177.377964,564.000000,0.288026,0.000000,0.938511,2,304.000000,26,0.498000,784.000000,75.800000,0.634304,125.000000,0.004000,0.473317,0.938511,0.288026,0.000000,0.806937,VALID,0.328479,INVALID,0.000038,17,0,0,4,816.004000,1.000000,1,24,0,0,0,24,24,24,0,1.000000,0.000000,824.558146,816.004000,0.087200,dual_strong_update
15466286046,15461294045,15466286046,625,0.000000,0.000000,24.000000,647.800000,718.000000,0.000000,32.000000,614.800000,-167.000000,-115.000000,433.800000,206.418814,664.000000,0.419200,0.000000,0.736000,8,384.000000,13,0.385000,872.000000,93.800000,0.998400,125.000000,0.004000,0.496713,0.736000,0.419200,0.000000,0.998632,VALID,0.257600,INVALID,0.000037,17,0,0,4,799.999000,1.000000,1,24,1,0,0,24,24,24,0,1.000000,0.000000,800.084383,799.999000,0.103784,dual_strong_update
15471294043,15466294044,15471294043,626,0.000000,0.000000,62.000000,548.750000,596.000000,1.000000,67.000000,520.750000,-148.000000,-73.500000,349.750000,167.620369,545.000000,0.110224,0.000000,1.000000,0,0.000000,22,0.491500,872.000000,68.200000,0.140575,125.000000,0.004000,0.751511,1.000000,0.110224,0.000000,0.998634,VALID,0.641773,INVALID,0.000037,17,0,0,4,799.998000,1.000000,1,24,0,0,0,24,24,24,0,1.000000,0.000000,799.998665,799.998000,0.074134,dual_strong_update
15476294045,15471302043,15476294045,625,0.000000,0.000000,57.000000,580.000000,616.000000,0.000000,62.000000,548.000000,-153.000000,-78.000000,375.000000,178.498997,560.000000,0.188800,0.000000,1.000000,0,0.000000,24,0.488000,820.800000,73.500000,0.000000,125.000000,0.004000,0.574714,1.000000,0.188800,0.000000,0.998636,VALID,0.386400,INVALID,0.000037,17,0,0,4,816.000000,1.000000,1,24,0,0,0,24,24,24,0,1.000000,0.000000,815.098732,816.000000,0.058143,dual_strong_update
15481302043,15476302043,15481302043,626,0.000000,0.000000,52.500000,598.000000,639.000000,0.000000,56.000000,564.750000,-160.000000,-84.000000,391.000000,186.406588,589.000000,0.255591,0.000000,1.000000,0,0.000000,33,0.487000,824.000000,72.800000,0.000000,125.000000,0.004000,0.549515,1.000000,0.255591,0.000000,0.998638,VALID,0.350000,INVALID,0.000037,17,0,0,4,840.000000,1.000000,1,23,0,0,0,23,23,23,0,1.000000,0.000000,835.451771,840.000000,0.042360,dual_strong_update
15486302043,15481302043,15486302043,626,0.000000,0.000000,55.000000,622.750000,685.000000,0.000000,57.000000,587.750000,-163.000000,-80.000000,411.750000,196.149716,633.000000,0.305112,0.000000,0.950479,2,248.000000,23,0.488000,840.000000,71.400000,0.324281,125.000000,0.004000,0.539612,0.950479,0.305112,0.000000,0.998640,VALID,0.332668,INVALID,0.000037,17,0,0,4,839.998000,1.000000,1,23,0,0,0,23,23,23,0,1.000000,0.000000,839.919196,839.998000,0.042356,dual_strong_update
15491302043,15486302043,15491302043,626,0.000000,0.000000,43.000000,584.000000,639.000000,0.000000,46.000000,552.750000,-165.000000,-100.000000,375.750000,183.741647,589.000000,0.266773,0.000000,0.936102,2,320.000000,20,0.495500,752.000000,80.600000,0.766773,125.000000,0.004000,0.536737,0.936102,0.266773,0.000000,0.998642,VALID,0.327636,INVALID,0.000037,17,0,0,4,839.998000,1.000000,1,23,0,0,0,23,23,23,0,1.000000,0.000000,839.997552,839.998000,0.035300,dual_strong_update
15496302043,15491302043,15496302043,626,0.000000,0.000000,46.500000,628.000000,670.000000,0.000000,50.000000,596.500000,-168.000000,-96.000000,414.000000,206.986238,618.000000,0.332268,0.000000,0.942492,2,288.000000,21,0.486500,771.200000,77.300000,0.541534,125.000000,0.004000,0.538016,0.942492,0.332268,0.000000,0.998643,VALID,0.329872,INVALID,0.000037,17,0,0,4,832.000000,1.000000,1,24,0,0,0,24,24,24,0,1.000000,0.000000,832.114544,832.000000,0.057025,dual_strong_update
15501302043,15496302043,15501302043,626,0.000000,0.000000,29.500000,596.000000,634.000000,0.000000,35.000000,564.000000,-164.000000,-111.000000,385.750000,188.212592,586.000000,0.337061,0.000000,1.000000,0,0.000000,30,0.489000,776.000000,77.300000,0.033546,125.000000,0.004000,0.549518,1.000000,0.337061,0.000000,0.998645,VALID,0.350000,INVALID,0.000036,17,0,0,4,783.999000,1.000000,1,24,0,0,0,24,24,24,0,1.000000,0.000000,785.207761,783.999000,0.045388,dual_strong_update
15506302043,15501302043,15506302043,626,0.000000,0.000000,55.000000,595.250000,652.000000,0.000000,57.000000,564.000000,-163.000000,-85.000000,385.000000,190.731340,597.000000,0.266773,0.000000,1.000000,0,0.000000,27,0.487000,779.200000,77.300000,0.000000,125.000000,0.004000,0.549519,1.000000,0.266773,0.000000,0.998647,VALID,0.350000,INVALID,0.000036,17,0,0,4,776.000000,1.000000,1,24,0,0,0,24,24,24,0,1.000000,0.000000,776.120372,776.000000,0.030569,dual_strong_update
15511302043,15506302043,15511302043,626,0.000000,0.000000,40.000000,575.250000,621.000000,0.000000,47.000000,545.750000,-158.000000,-98.000000,370.250000,182.228364,570.000000,0.231629,0.000000,1.000000,0,0.000000,31,0.496000,772.800000,77.300000,0.000000,125.000000,0.004000,0.549519,1.000000,0.231629,0.000000,0.998649,VALID,0.350000,INVALID,0.000036,17,0,0,4,775.998500,1.000000,1,25,1,0,1,25,25,25,0,1.000000,0.000000,773.714866,775.998500,0.030570,dual_strong_update
15516302045,15511310044,15516302045,625,0.000000,0.000000,49.000000,584.800000,646.000000,0.000000,52.000000,554.600000,-161.000000,-90.000000,378.600000,191.481939,592.000000,0.276800,0.000000,1.000000,0,0.000000,26,0.500000,768.000000,78.100000,0.000000,125.000000,0.004000,0.549520,1.000000,0.276800,0.000000,0.998650,VALID,0.350000,INVALID,0.000036,17,0,0,4,768.003000,0.960000,1,25,0,0,0,24,25,24,1,0.960000,0.000000,768.235620,768.003000,0.015453,dual_strong_update
15521302046,15516310044,15521302046,625,0.000000,0.000000,37.000000,617.600000,668.000000,0.000000,42.000000,583.800000,-165.000000,-101.000000,403.800000,194.881424,621.000000,0.380800,0.000000,1.000000,0,0.000000,26,0.486000,772.800000,78.100000,0.000000,125.000000,0.004000,0.549521,1.000000,0.380800,0.000000,0.998652,VALID,0.350000,INVALID,0.000036,17,0,0,4,772.001500,1.000000,1,25,1,0,1,25,25,25,0,1.000000,0.000000,770.047958,772.001500,0.038399,dual_strong_update
15526310044,15521310044,15526310044,626,0.000000,0.000000,60.000000,632.750000,690.000000,0.000000,62.000000,600.000000,-169.000000,-81.000000,421.000000,199.842682,640.000000,0.317891,0.000000,1.000000,0,0.000000,21,0.487000,822.400000,74.300000,0.000000,125.000000,0.004000,0.549521,1.000000,0.317891,0.000000,0.998654,VALID,0.350000,INVALID,0.000036,17,0,0,4,791.996000,1.000000,1,24,0,0,0,24,24,24,0,1.000000,0.000000,785.317521,791.996000,0.044931,dual_strong_update
15531318043,15526318043,15531318043,626,0.000000,0.000000,46.500000,612.000000,678.000000,0.000000,50.000000,581.000000,-164.750000,-95.000000,401.000000,194.052889,629.000000,0.298722,0.000000,0.950479,2,248.000000,24,0.486000,838.400000,71.400000,0.603834,125.000000,0.004000,0.539618,0.950479,0.298722,0.000000,0.998655,VALID,0.332668,INVALID,0.000036,17,0,0,4,808.000000,1.000000,1,24,0,0,0,24,24,24,0,1.000000,0.000000,807.201251,808.000000,0.058717,dual_strong_update
15536318043,15531318043,15536318043,626,0.000000,0.000000,15.000000,611.000000,661.000000,0.000000,22.000000,576.000000,-165.000000,-123.000000,397.750000,199.642315,612.000000,0.431310,0.000000,0.886581,3,312.000000,25,0.479000,784.000000,76.500000,0.372204,125.000000,0.004000,0.526839,0.886581,0.431310,0.000000,0.998657,VALID,0.310304,INVALID,0.000035,17,0,0,4,808.000000,0.958333,1,24,0,0,0,23,24,23,1,0.958333,0.000000,807.999399,808.000000,0.066059,dual_strong_update
15541318043,15536318043,15541318043,626,0.000000,0.000000,7.000000,639.000000,719.000000,0.000000,23.000000,609.000000,-167.000000,-122.000000,427.000000,208.323152,660.000000,0.482428,0.000000,0.811502,7,304.000000,11,0.426000,0.000000,0.000000,1.000000,125.000000,0.004000,0.511824,0.811502,0.482428,0.000000,0.998658,VALID,0.284026,INVALID,0.000035,17,0,0,4,791.998000,1.000000,1,24,0,0,0,24,24,24,0,1.000000,0.000000,794.342218,791.998000,0.089859,dual_strong_update
15546318046,15541326043,15546318046,625,0.000000,0.000000,41.000000,592.800000,650.000000,0.000000,45.000000,560.000000,-161.000000,-95.000000,382.800000,190.707719,595.000000,0.286400,0.000000,1.000000,0,0.000000,25,0.491000,747.200000,80.600000,0.139200,125.000000,0.004000,0.549524,1.000000,0.286400,0.000000,0.998660,VALID,0.350000,INVALID,0.000035,17,0,0,4,760.002000,0.923077,1,26,0,0,0,24,26,24,2,0.923077,0.000000,762.433558,760.002000,0.046823,dual_strong_update
15551326043,15546326043,15551326043,626,0.000000,0.000000,36.500000,586.000000,639.000000,0.000000,42.000000,555.500000,-158.000000,-100.000000,382.000000,184.137265,589.000000,0.305112,0.000000,1.000000,0,0.000000,34,0.488500,753.600000,80.600000,0.000000,125.000000,0.004000,0.549525,1.000000,0.305112,0.000000,0.998662,VALID,0.350000,INVALID,0.000035,17,0,0,4,759.999000,1.000000,1,25,1,0,1,25,25,25,0,1.000000,0.000000,760.000735,759.999000,0.046821,dual_strong_update
15556326043,15551326043,15556326043,626,0.000000,0.000000,48.500000,592.000000,638.000000,0.000000,50.500000,562.750000,-158.750000,-89.000000,386.750000,187.789448,586.000000,0.269968,0.000000,1.000000,0,0.000000,27,0.493000,774.400000,77.300000,0.000000,125.000000,0.004000,0.549525,1.000000,0.269968,0.000000,0.998663,VALID,0.350000,INVALID,0.000035,17,0,0,4,776.000000,1.000000,1,25,0,0,0,25,25,25,0,1.000000,0.000000,773.342962,776.000000,0.045846,dual_strong_update
15561326043,15556326043,15561326043,626,0.000000,0.000000,43.000000,588.750000,652.000000,0.000000,50.000000,557.000000,-161.000000,-92.000000,383.000000,190.679081,601.000000,0.321086,0.000000,1.000000,0,0.000000,23,0.491000,796.800000,75.000000,0.000000,125.000000,0.004000,0.549526,1.000000,0.321086,0.000000,0.998665,VALID,0.350000,INVALID,0.000035,17,0,0,4,776.000000,1.000000,1,25,1,0,1,25,25,25,0,1.000000,0.000000,775.998078,776.000000,0.053492,dual_strong_update
15566326043,15561326043,15566326043,626,0.000000,0.000000,34.500000,604.000000,639.000000,0.000000,38.000000,573.500000,-163.000000,-104.000000,397.000000,193.070654,597.000000,0.378594,0.000000,0.950479,2,248.000000,25,0.486000,788.800000,72.100000,0.591054,125.000000,0.004000,0.539623,0.950479,0.378594,0.000000,0.998667,VALID,0.332668,INVALID,0.000035,17,0,0,4,791.998000,1.000000,1,24,0,0,0,24,24,24,0,1.000000,0.000000,786.688314,791.998000,0.029955,dual_strong_update
15571326046,15566334046,15571326046,625,0.000000,0.000000,54.000000,554.600000,620.000000,0.000000,60.000000,527.000000,-158.000000,-82.000000,355.800000,180.987581,574.000000,0.256000,0.000000,1.000000,0,0.000000,30,0.490000,825.600000,72.100000,0.000000,125.000000,0.004000,0.549527,1.000000,0.256000,0.000000,0.998668,VALID,0.350000,INVALID,0.000035,17,0,0,4,791.998000,0.960000,1,25,0,0,0,24,25,24,1,0.960000,0.000000,791.987037,791.998000,0.044929,dual_strong_update
15576326046,15571326046,15576326046,626,0.000000,0.000000,33.500000,588.750000,648.000000,0.000000,37.500000,548.500000,-160.000000,-102.500000,374.750000,183.705180,601.000000,0.345048,0.000000,0.947284,2,264.000000,24,0.492000,777.600000,74.600000,0.509585,125.000000,0.004000,0.538985,0.947284,0.345048,0.000000,0.998670,VALID,0.331550,INVALID,0.000034,17,0,0,4,783.998000,1.000000,1,25,0,0,0,25,25,25,0,1.000000,0.000000,784.178403,783.998000,0.075640,dual_strong_update
15581326047,15576334043,15581326047,625,0.000000,0.000000,42.000000,594.800000,648.000000,0.000000,45.000000,564.800000,-162.000000,-95.000000,390.000000,193.931908,598.000000,0.328000,0.000000,0.950400,2,248.000000,28,0.491000,792.000000,75.800000,0.491200,125.000000,0.004000,0.539609,0.950400,0.328000,0.000000,0.998671,VALID,0.332640,INVALID,0.000034,17,0,0,4,784.001000,1.000000,1,25,1,0,0,25,25,25,0,1.000000,0.000000,785.648135,784.001000,0.045382,dual_strong_update
15586334043,15581334043,15586334043,626,0.000000,0.000000,28.500000,595.500000,684.000000,0.000000,33.500000,563.750000,-161.000000,-107.000000,388.250000,197.218526,627.000000,0.381789,0.000000,0.897764,4,264.000000,20,0.483000,696.000000,81.500000,0.948882,125.000000,0.004000,0.529082,0.897764,0.381789,0.000000,0.998673,VALID,0.314217,INVALID,0.000034,17,0,0,4,748.000000,1.000000,1,25,0,0,0,25,25,25,0,1.000000,0.000000,752.337509,748.000000,0.055498,dual_strong_update
15591334043,15586334043,15591334043,626,0.000000,0.000000,39.000000,615.500000,713.000000,0.000000,43.000000,588.500000,-166.000000,-99.000000,407.500000,198.134585,661.000000,0.386581,0.000000,0.883387,4,320.000000,14,0.474000,832.000000,72.100000,0.856230,125.000000,0.004000,0.526207,0.883387,0.386581,0.000000,0.998674,VALID,0.309185,INVALID,0.000034,17,0,0,4,768.001000,1.000000,1,25,1,0,1,25,25,25,0,1.000000,0.000000,766.484571,768.001000,0.054055,dual_strong_update
15596334043,15591334043,15596334043,626,0.000000,0.000000,39.000000,593.750000,651.000000,0.000000,43.000000,562.000000,-162.000000,-99.000000,386.000000,188.242931,600.000000,0.332268,0.000000,1.000000,0,0.000000,31,0.484000,811.200000,73.500000,0.000000,125.000000,0.004000,0.549530,1.000000,0.332268,0.000000,0.998676,VALID,0.350000,INVALID,0.000034,17,0,0,4,783.999500,1.000000,1,25,0,0,0,25,25,25,0,1.000000,0.000000,783.417625,783.999500,0.045385,dual_strong_update
15601334047,15596342043,15601334047,625,0.000000,0.000000,43.000000,605.000000,708.000000,0.000000,44.000000,572.400000,-163.000000,-98.000000,395.400000,192.579370,655.000000,0.332800,0.000000,0.947200,2,264.000000,23,0.481000,796.800000,75.000000,0.513600,125.000000,0.004000,0.538971,0.947200,0.332800,0.000000,0.998677,VALID,0.331520,INVALID,0.000034,17,0,0,4,799.999000,1.000000,1,24,0,0,0,24,24,24,0,1.000000,0.000000,798.186411,799.999000,0.044474,dual_strong_update
15606342043,15601342043,15606342043,626,0.000000,0.000000,21.500000,611.000000,684.000000,0.000000,30.500000,577.000000,-165.000000,-112.000000,399.750000,201.898818,635.000000,0.391374,0.000000,0.894569,4,264.000000,22,0.480000,769.600000,78.900000,0.376997,125.000000,0.004000,0.528445,0.894569,0.391374,0.000000,0.998679,VALID,0.313099,INVALID,0.000034,17,0,0,4,792.002000,1.000000,1,24,1,0,0,24,24,24,0,1.000000,0.000000,793.812368,792.002000,0.044923,dual_strong_update
15611342045,15606350044,15611342045,625,0.000000,0.000000,31.000000,639.000000,709.000000,0.000000,37.000000,609.600000,-169.000000,-108.000000,425.800000,206.898560,662.000000,0.428800,0.000000,0.838400,7,272.000000,16,0.470000,840.000000,0.000000,1.000000,125.000000,0.004000,0.517212,0.838400,0.428800,0.000000,0.998680,VALID,0.293440,INVALID,0.000034,17,0,0,4,792.000000,1.000000,1,24,0,0,0,24,24,24,0,1.000000,0.000000,792.001454,792.000000,0.044922,dual_strong_update
15616350047,15611358043,15616350047,625,0.000000,0.000000,50.000000,616.000000,714.000000,0.000000,54.000000,587.400000,-169.800000,-91.000000,407.600000,200.120263,664.000000,0.340800,0.000000,0.827200,5,312.000000,15,0.480000,848.000000,70.800000,0.990400,125.000000,0.004000,0.514973,0.827200,0.340800,0.000000,0.998682,VALID,0.289520,INVALID,0.000033,17,0,0,4,808.001000,1.000000,1,24,0,0,0,24,24,24,0,1.000000,0.000000,799.001914,808.001000,0.073394,dual_strong_update
15621358045,15616366047,15621358045,625,0.000000,0.000000,52.000000,567.800000,621.000000,0.000000,54.000000,538.000000,-160.000000,-90.000000,365.000000,180.855573,575.000000,0.283200,0.000000,1.000000,0,0.000000,30,0.487000,828.800000,72.500000,0.000000,125.000000,0.004000,0.549533,1.000000,0.283200,0.000000,0.998683,VALID,0.350000,INVALID,0.000033,17,0,0,4,808.002000,1.000000,1,24,0,0,0,24,24,24,0,1.000000,0.000000,809.133447,808.002000,0.058719,dual_strong_update
15626366043,15621366043,15626366043,626,0.000000,0.000000,57.500000,592.000000,648.000000,0.000000,59.500000,563.000000,-163.000000,-82.500000,387.500000,189.057794,604.000000,0.309904,0.000000,1.000000,0,0.000000,26,0.491500,824.000000,72.800000,0.000000,125.000000,0.004000,0.549534,1.000000,0.309904,0.000000,0.998685,VALID,0.350000,INVALID,0.000033,17,0,0,4,840.000000,1.000000,1,23,0,0,0,23,23,23,0,1.000000,0.000000,839.411945,840.000000,0.028244,dual_strong_update
15631366043,15626366043,15631366043,626,0.000000,0.000000,49.000000,580.000000,639.000000,0.000000,55.000000,550.000000,-161.000000,-90.000000,375.750000,190.154264,597.000000,0.314696,0.000000,1.000000,0,0.000000,27,0.498000,830.400000,71.400000,0.000000,125.000000,0.004000,0.549534,1.000000,0.314696,0.000000,0.998686,VALID,0.350000,INVALID,0.000033,17,0,0,4,839.998000,1.000000,1,23,0,0,0,23,23,23,0,1.000000,0.000000,839.998417,839.998000,0.042359,dual_strong_update
15636366046,15631374043,15636366046,625,0.000000,0.000000,0.000000,667.800000,751.000000,0.000000,21.000000,632.400000,-171.000000,-125.000000,451.600000,212.737060,694.000000,0.500800,0.000000,0.740800,8,344.000000,11,0.419000,817.600000,71.400000,0.780800,125.000000,0.004000,0.497695,0.740800,0.500800,0.000000,0.998688,VALID,0.259280,INVALID,0.000033,17,0,0,4,816.001000,1.000000,1,24,0,0,0,24,24,24,0,1.000000,0.000000,811.613861,816.001000,0.072675,dual_strong_update
15641374044,15636382043,15641374044,625,0.000000,0.000000,20.000000,648.800000,700.000000,0.000000,29.000000,612.800000,-168.800000,-117.000000,431.000000,206.479687,645.000000,0.435200,0.000000,0.832000,6,296.000000,11,0.466000,776.000000,0.000000,1.000000,125.000000,0.004000,0.515936,0.832000,0.435200,0.000000,0.998689,VALID,0.291200,INVALID,0.000033,17,0,0,4,808.000000,1.000000,1,24,0,0,0,24,24,24,0,1.000000,0.000000,813.590722,808.000000,0.073396,dual_strong_update
15646382043,15641382043,15646382043,626,0.000000,0.000000,26.500000,651.250000,731.000000,0.000000,31.500000,614.750000,-168.000000,-113.000000,434.500000,206.661788,671.000000,0.426518,0.000000,0.876997,5,304.000000,18,0.470000,811.200000,73.500000,0.638978,125.000000,0.004000,0.524936,0.876997,0.426518,0.000000,0.998691,VALID,0.306949,INVALID,0.000033,17,0,0,4,800.000000,1.000000,1,24,0,0,0,24,24,24,0,1.000000,0.000000,800.283597,800.000000,0.059302,dual_strong_update
15651382045,15646390045,15651382045,625,0.000000,0.000000,24.000000,654.000000,723.000000,0.000000,30.000000,621.600000,-169.000000,-114.000000,442.000000,210.633195,669.000000,0.428800,0.000000,0.736000,9,288.000000,6,0.000000,0.000000,0.000000,1.000000,125.000000,0.004000,0.496737,0.736000,0.428800,0.000000,0.998692,VALID,0.257600,INVALID,0.000033,17,0,0,4,820.000500,1.000000,1,23,0,0,0,23,23,23,0,1.000000,0.000000,817.706400,820.000500,0.036155,dual_strong_update
15656390043,15651390047,15656390043,626,0.000000,0.000000,28.000000,645.750000,715.000000,0.000000,32.500000,604.750000,-166.000000,-110.000000,423.250000,206.845547,659.000000,0.413738,0.000000,0.829073,6,296.000000,18,0.473500,752.000000,0.000000,1.000000,125.000000,0.004000,0.515352,0.829073,0.413738,0.000000,0.998693,VALID,0.290176,INVALID,0.000033,17,0,0,4,816.000500,1.000000,1,23,0,0,0,23,23,23,0,1.000000,0.000000,816.013094,816.000500,0.029073,dual_strong_update
15661390043,15656390043,15661390043,626,0.000000,0.000000,38.000000,651.500000,717.000000,0.000000,45.000000,620.750000,-171.000000,-98.000000,441.750000,208.557272,669.000000,0.392971,0.000000,0.768371,8,304.000000,13,0.404500,0.000000,0.000000,1.000000,125.000000,0.004000,0.503212,0.768371,0.392971,0.000000,0.998695,VALID,0.268930,INVALID,0.000032,17,0,0,4,828.001500,1.000000,1,23,1,0,0,23,23,23,0,1.000000,0.000000,823.894453,828.001500,0.064458,dual_strong_update
15666390043,15661390043,15666390043,626,0.000000,0.000000,44.000000,639.000000,692.000000,0.000000,47.000000,609.750000,-168.000000,-94.000000,431.750000,205.953814,648.000000,0.354633,0.000000,0.830671,6,296.000000,13,0.478000,856.000000,0.000000,1.000000,125.000000,0.004000,0.515673,0.830671,0.354633,0.000000,0.998696,VALID,0.290735,INVALID,0.000032,17,0,0,4,860.000000,1.000000,1,23,1,0,0,23,23,23,0,1.000000,0.000000,855.961835,860.000000,0.068958,dual_strong_update
15671390043,15666390043,15671390043,626,0.000000,0.000000,37.000000,635.000000,704.000000,0.000000,43.000000,606.000000,-170.000000,-99.500000,430.000000,198.441369,660.000000,0.384984,0.000000,0.776358,8,288.000000,19,0.478000,0.000000,0.000000,1.000000,125.000000,0.004000,0.504811,0.776358,0.384984,0.000000,0.998697,VALID,0.271725,INVALID,0.000032,17,0,0,4,896.000000,1.000000,1,22,0,0,0,22,22,22,0,1.000000,0.000000,888.622241,896.000000,0.079420,dual_strong_update
15676390043,15671390043,15676390043,626,0.000000,0.000000,24.000000,638.500000,696.000000,0.000000,30.000000,608.750000,-168.000000,-112.000000,429.000000,207.353090,649.000000,0.429712,0.000000,0.728435,10,328.000000,6,0.000000,0.000000,0.000000,1.000000,125.000000,0.004000,0.495226,0.728435,0.429712,0.000000,0.998699,VALID,0.254952,INVALID,0.000032,17,0,0,4,896.000000,1.000000,1,22,0,0,0,22,22,22,0,1.000000,0.000000,895.994448,896.000000,0.066187,dual_strong_update
15681390043,15676390043,15681390043,626,0.000000,0.000000,40.000000,654.500000,724.000000,0.000000,41.500000,620.750000,-170.000000,-99.500000,440.750000,203.351257,676.000000,0.396166,0.000000,0.714058,10,320.000000,13,0.000000,0.000000,0.000000,1.000000,125.000000,0.004000,0.492352,0.714058,0.396166,0.000000,0.998700,VALID,0.249920,INVALID,0.000032,17,0,0,4,896.000000,1.000000,1,21,0,0,0,21,21,21,0,1.000000,0.000000,891.311641,896.000000,0.066187,dual_strong_update
15686390043,15681390043,15686390043,626,0.000000,0.000000,38.000000,613.500000,676.000000,0.000000,41.000000,583.000000,-165.000000,-98.000000,406.750000,204.378604,629.000000,0.364217,0.000000,0.945687,2,272.000000,21,0.494000,801.600000,75.000000,0.728435,125.000000,0.004000,0.538678,0.945687,0.364217,0.000000,0.998701,VALID,0.330990,INVALID,0.000032,17,0,0,4,864.003000,1.000000,1,22,0,0,0,22,22,22,0,1.000000,0.000000,868.789299,864.003000,0.068646,dual_strong_update
15691390043,15686390043,15691390043,626,0.000000,0.000000,21.500000,620.500000,674.000000,0.000000,30.000000,587.250000,-165.000000,-113.500000,408.750000,198.626630,620.000000,0.413738,0.000000,0.944089,2,280.000000,27,0.483500,795.200000,75.000000,0.603834,125.000000,0.004000,0.538359,0.944089,0.413738,0.000000,0.998703,VALID,0.330431,INVALID,0.000032,17,0,0,4,808.000500,1.000000,1,23,1,0,1,23,23,23,0,1.000000,0.000000,815.997154,808.000500,0.044037,dual_strong_update
15696390044,15691398043,15696390044,625,0.000000,0.000000,40.000000,595.200000,647.000000,0.000000,40.000000,565.400000,-163.000000,-102.000000,389.400000,188.462707,596.000000,0.340800,0.000000,0.948800,2,256.000000,24,0.487000,800.000000,74.600000,0.598400,125.000000,0.004000,0.539302,0.948800,0.340800,0.000000,0.998704,VALID,0.332080,INVALID,0.000032,17,0,0,4,800.000500,1.000000,1,23,0,0,0,23,23,23,0,1.000000,0.000000,803.207489,800.000500,0.029651,dual_strong_update
15701398044,15696406043,15701398044,625,0.000000,0.000000,52.000000,592.800000,639.000000,0.000000,54.000000,562.600000,-161.000000,-88.000000,387.000000,191.415342,595.000000,0.321600,0.000000,0.950400,2,248.000000,22,0.491000,768.000000,78.900000,0.614400,125.000000,0.004000,0.539622,0.950400,0.321600,0.000000,0.998705,VALID,0.332640,INVALID,0.000032,17,0,0,4,800.000000,1.000000,1,24,0,0,0,24,24,24,0,1.000000,0.000000,800.002414,800.000000,0.014828,dual_strong_update
15706398045,15701406043,15706398045,625,0.000000,0.000000,53.000000,572.800000,617.000000,0.000000,55.000000,546.000000,-160.000000,-84.000000,373.800000,186.243193,574.000000,0.281600,0.000000,1.000000,0,0.000000,27,0.490000,804.800000,74.600000,0.000000,125.000000,0.004000,0.549543,1.000000,0.281600,0.000000,0.998707,VALID,0.350000,INVALID,0.000031,17,0,0,4,800.000000,0.958333,1,24,1,0,0,23,24,23,1,0.958333,0.000000,799.999958,800.000000,0.014826,dual_strong_update
15711398046,15706406043,15711398046,625,0.000000,0.000000,44.000000,577.800000,622.000000,0.000000,49.000000,548.800000,-159.000000,-91.000000,376.600000,183.695113,575.000000,0.305600,0.000000,1.000000,0,0.000000,25,0.492000,808.000000,74.300000,0.000000,125.000000,0.004000,0.549543,1.000000,0.305600,0.000000,0.998708,VALID,0.350000,INVALID,0.000031,17,0,0,4,800.000000,1.000000,1,24,1,0,1,24,24,24,0,1.000000,0.000000,800.000000,800.000000,0.014826,dual_strong_update
15716406047,15711414046,15716406047,625,0.000000,0.000000,31.000000,591.800000,637.000000,0.000000,34.000000,561.000000,-161.000000,-108.000000,386.800000,189.925586,592.000000,0.379200,0.000000,0.950400,2,248.000000,29,0.486000,803.200000,74.300000,0.592000,125.000000,0.004000,0.539624,0.950400,0.379200,0.000000,0.998709,VALID,0.332640,INVALID,0.000031,17,0,0,4,800.000000,1.000000,1,24,0,0,0,24,24,24,0,1.000000,0.000000,799.999984,800.000000,0.014826,dual_strong_update
15721414043,15716414043,15721414043,626,0.000000,0.000000,44.500000,595.000000,635.000000,0.000000,46.500000,563.750000,-160.000000,-93.000000,389.500000,194.633985,587.000000,0.330671,0.000000,1.000000,0,0.000000,27,0.492000,788.800000,75.800000,0.000000,125.000000,0.004000,0.549544,1.000000,0.330671,0.000000,0.998711,VALID,0.350000,INVALID,0.000031,17,0,0,4,792.002000,1.000000,1,25,0,0,0,25,25,25,0,1.000000,0.000000,794.533230,792.002000,0.029946,dual_strong_update
15726414047,15721422043,15726414047,625,0.000000,0.000000,23.000000,580.800000,693.000000,0.000000,36.000000,548.600000,-160.000000,-107.000000,373.000000,188.453618,635.000000,0.328000,0.000000,0.947200,2,264.000000,29,0.492000,680.000000,76.900000,0.649600,125.000000,0.004000,0.538985,0.947200,0.328000,0.000000,0.998712,VALID,0.331520,INVALID,0.000031,17,0,0,4,783.999500,0.961538,1,26,0,0,0,25,26,25,1,0.961538,0.000000,784.087635,783.999500,0.030259,dual_strong_update
15731422043,15726422043,15731422043,626,0.000000,0.000000,5.500000,596.000000,670.000000,0.000000,24.000000,564.500000,-161.750000,-119.500000,385.750000,195.090785,608.000000,0.484026,0.000000,0.768371,8,312.000000,15,0.400500,696.000000,94.900000,0.948882,125.000000,0.004000,0.503219,0.768371,0.484026,0.000000,0.998713,VALID,0.268930,INVALID,0.000031,17,0,0,4,759.996000,1.000000,1,26,0,0,0,26,26,26,0,1.000000,0.000000,765.479981,759.996000,0.078040,dual_strong_update
15736422043,15731422043,15736422043,626,0.000000,0.000000,42.500000,586.500000,646.000000,0.000000,45.000000,554.500000,-160.000000,-94.500000,380.500000,183.404962,591.000000,0.301917,0.000000,1.000000,0,0.000000,30,0.488500,780.800000,76.500000,0.134185,125.000000,0.004000,0.549546,1.000000,0.301917,0.000000,0.998714,VALID,0.350000,INVALID,0.000031,17,0,0,4,744.000000,0.962963,1,27,1,0,0,26,27,26,1,0.962963,0.000000,744.249958,744.000000,0.079710,dual_strong_update
15741422046,15736430046,15741422046,625,0.000000,0.000000,50.000000,620.800000,686.000000,0.000000,54.000000,588.800000,-164.000000,-89.000000,410.800000,194.684136,632.000000,0.345600,0.000000,0.971200,1,144.000000,26,0.486000,806.400000,75.000000,0.028800,125.000000,0.004000,0.543786,0.971200,0.345600,0.000000,0.998716,VALID,0.339920,INVALID,0.000031,17,0,0,4,744.000000,1.000000,1,26,0,0,0,26,26,26,0,1.000000,0.000000,743.389293,744.000000,0.111594,dual_strong_update
15746430047,15741430047,15746430047,626,0.000000,0.000000,44.500000,647.750000,697.000000,0.000000,50.000000,613.500000,-168.000000,-90.500000,433.750000,204.286101,645.000000,0.400958,0.000000,0.873802,5,264.000000,17,0.479000,832.000000,70.100000,0.960064,125.000000,0.004000,0.524307,0.873802,0.400958,0.000000,0.998717,VALID,0.305831,INVALID,0.000031,17,0,0,4,824.000000,1.000000,1,24,0,0,0,24,24,24,0,1.000000,0.000000,811.816008,824.000000,0.071971,dual_strong_update
15751438043,15746438043,15751438043,626,0.000000,0.000000,37.000000,619.750000,672.000000,0.000000,39.500000,583.750000,-163.000000,-100.000000,407.750000,194.154038,616.000000,0.365815,0.000000,1.000000,0,0.000000,25,0.484000,806.400000,74.300000,0.453674,125.000000,0.004000,0.549547,1.000000,0.365815,0.000000,0.998718,VALID,0.350000,INVALID,0.000031,17,0,0,4,824.001000,1.000000,1,23,0,0,0,23,23,23,0,1.000000,0.000000,823.991625,824.001000,0.050386,dual_strong_update
15756438043,15751438043,15756438043,626,0.000000,0.000000,34.000000,623.750000,679.000000,0.000000,43.000000,591.250000,-162.750000,-98.000000,412.750000,204.618572,624.000000,0.365815,0.000000,0.889776,4,296.000000,21,0.478000,785.600000,76.100000,0.830671,125.000000,0.004000,0.527503,0.889776,0.365815,0.000000,0.998719,VALID,0.311422,INVALID,0.000030,17,0,0,4,824.000000,1.000000,1,24,0,0,0,24,24,24,0,1.000000,0.000000,822.687699,824.000000,0.043181,dual_strong_update
15761438046,15756446043,15761438046,625,0.000000,0.000000,24.000000,583.800000,682.000000,0.000000,32.000000,553.000000,-161.000000,-113.000000,379.800000,186.215217,625.000000,0.376000,0.000000,0.984000,1,80.000000,29,0.494000,760.000000,78.900000,0.372800,125.000000,0.004000,0.546348,0.984000,0.376000,0.000000,0.998721,VALID,0.344400,INVALID,0.000030,17,0,0,4,808.000000,1.000000,1,24,1,0,1,24,24,24,0,1.000000,0.000000,808.406714,808.000000,0.058711,dual_strong_update
15766446043,15761446043,15766446043,626,0.000000,0.000000,36.000000,635.500000,679.000000,0.000000,40.000000,600.000000,-165.000000,-101.500000,422.000000,201.118002,625.000000,0.392971,0.000000,0.862620,5,248.000000,15,0.472000,840.000000,0.000000,1.000000,125.000000,0.004000,0.522073,0.862620,0.392971,0.000000,0.998722,VALID,0.301917,INVALID,0.000030,17,0,0,4,808.000000,1.000000,1,24,0,0,0,24,24,24,0,1.000000,0.000000,807.998955,808.000000,0.044038,dual_strong_update
15771446046,15766454043,15771446046,625,0.000000,0.000000,52.000000,599.000000,646.000000,0.000000,54.000000,568.600000,-161.000000,-86.000000,392.600000,187.240899,594.000000,0.305600,0.000000,1.000000,0,0.000000,31,0.482000,812.800000,73.900000,0.281600,125.000000,0.004000,0.549549,1.000000,0.305600,0.000000,0.998723,VALID,0.350000,INVALID,0.000030,17,0,0,4,808.003000,1.000000,1,24,1,0,1,24,24,24,0,1.000000,0.000000,808.002082,808.003000,0.044032,dual_strong_update
15776454046,15771462043,15776454046,625,0.000000,0.000000,60.000000,581.800000,628.000000,0.000000,63.000000,549.800000,-157.000000,-75.000000,378.000000,187.185954,578.000000,0.270400,0.000000,1.000000,0,0.000000,31,0.492000,814.400000,73.500000,0.000000,125.000000,0.004000,0.549550,1.000000,0.270400,0.000000,0.998724,VALID,0.350000,INVALID,0.000030,17,0,0,4,815.997500,0.958333,1,24,0,0,0,23,24,23,1,0.958333,0.000000,811.790838,815.997500,0.029077,dual_strong_update
15781454047,15776462047,15781454047,625,0.000000,0.000000,52.000000,583.000000,639.000000,0.000000,53.000000,555.600000,-160.000000,-85.000000,382.000000,186.009323,593.000000,0.304000,0.000000,1.000000,0,0.000000,27,0.487000,817.600000,73.500000,0.000000,125.000000,0.004000,0.549550,1.000000,0.304000,0.000000,0.998725,VALID,0.350000,INVALID,0.000030,17,0,0,4,823.999500,0.958333,1,24,1,0,1,23,24,23,1,0.958333,0.000000,822.190758,823.999500,0.028787,dual_strong_update
15786454047,15781454047,15786454047,626,0.000000,0.000000,47.000000,573.500000,632.000000,0.000000,53.000000,545.750000,-158.000000,-87.000000,372.000000,181.443875,590.000000,0.285942,0.000000,1.000000,0,0.000000,28,0.489000,822.400000,72.800000,0.000000,125.000000,0.004000,0.549551,1.000000,0.285942,0.000000,0.998727,VALID,0.350000,INVALID,0.000030,17,0,0,4,815.997000,1.000000,1,24,0,0,0,24,24,24,0,1.000000,0.000000,816.033744,815.997000,0.014541,dual_strong_update
15791462043,15786462045,15791462043,626,0.000000,0.000000,45.000000,609.750000,653.000000,0.000000,47.500000,579.500000,-162.000000,-91.000000,406.250000,193.533141,602.000000,0.346645,0.000000,0.948882,2,256.000000,26,0.480000,816.000000,73.500000,0.127796,125.000000,0.004000,0.539327,0.948882,0.346645,0.000000,0.998728,VALID,0.332109,INVALID,0.000030,17,0,0,4,816.000000,1.000000,1,24,0,0,0,24,24,24,0,1.000000,0.000000,815.999320,816.000000,0.014539,dual_strong_update
15796462044,15791470044,15796462044,625,0.000000,0.000000,45.000000,608.400000,660.000000,0.000000,50.000000,578.000000,-163.000000,-91.000000,401.600000,192.883078,612.000000,0.332800,0.000000,1.000000,0,0.000000,23,0.495000,856.000000,70.100000,0.507200,125.000000,0.004000,0.549552,1.000000,0.332800,0.000000,0.998729,VALID,0.350000,INVALID,0.000030,17,0,0,4,824.000000,1.000000,1,24,0,0,0,24,24,24,0,1.000000,0.000000,823.573142,824.000000,0.028785,dual_strong_update
15801462046,15796470046,15801462046,625,0.000000,0.000000,34.000000,572.800000,628.000000,0.000000,37.000000,543.600000,-159.000000,-102.000000,371.600000,182.154821,582.000000,0.366400,0.000000,0.990400,1,48.000000,28,0.485000,836.800000,71.100000,0.009600,125.000000,0.004000,0.547632,0.990400,0.366400,0.000000,0.998730,VALID,0.346640,INVALID,0.000030,17,0,0,4,816.000000,1.000000,1,24,0,0,0,24,24,24,0,1.000000,0.000000,816.267408,816.000000,0.029071,dual_strong_update
15806470046,15801478047,15806470046,625,0.000000,0.000000,49.000000,576.000000,634.000000,0.000000,52.000000,546.000000,-158.000000,-85.000000,374.000000,189.290354,584.000000,0.315200,0.000000,0.960000,1,200.000000,22,0.493000,785.600000,76.500000,0.540800,125.000000,0.004000,0.541552,0.960000,0.315200,0.000000,0.998731,VALID,0.336000,INVALID,0.000030,17,0,0,4,807.999500,1.000000,1,23,0,0,0,23,23,23,0,1.000000,0.000000,808.494015,807.999500,0.051375,dual_strong_update
15811478043,15806478045,15811478043,626,0.000000,0.000000,32.000000,596.000000,634.000000,0.000000,37.000000,565.750000,-162.750000,-105.000000,388.750000,189.781769,590.000000,0.370607,0.000000,0.950479,2,248.000000,26,0.491500,780.800000,76.900000,0.591054,125.000000,0.004000,0.539649,0.950479,0.370607,0.000000,0.998732,VALID,0.332668,INVALID,0.000029,17,0,0,4,792.000000,1.000000,1,24,0,0,0,24,24,24,0,1.000000,0.000000,793.915457,792.000000,0.029959,dual_strong_update
15816478047,15811486046,15816478047,625,0.000000,0.000000,36.000000,583.000000,653.000000,0.000000,44.000000,552.000000,-160.000000,-102.000000,377.000000,187.266523,599.000000,0.355200,0.000000,0.945600,2,272.000000,30,0.485000,784.000000,76.500000,0.243200,125.000000,0.004000,0.538673,0.945600,0.355200,0.000000,0.998733,VALID,0.330960,INVALID,0.000029,17,0,0,4,775.998000,1.000000,1,25,0,0,0,25,25,25,0,1.000000,0.000000,776.490283,775.998000,0.038211,dual_strong_update
15821486043,15816486043,15821486043,626,0.000000,0.000000,0.000000,639.000000,728.000000,0.000000,11.000000,605.750000,-166.000000,-134.000000,421.500000,209.473799,657.000000,0.562300,0.000000,0.765176,8,304.000000,14,0.420500,648.000000,94.900000,0.961661,125.000000,0.004000,0.502589,0.765176,0.562300,0.000000,0.998734,VALID,0.267812,INVALID,0.000029,17,0,0,4,760.002000,1.000000,1,26,1,0,1,26,26,26,0,1.000000,0.000000,757.892696,760.002000,0.078027,dual_strong_update
15826486045,15821494046,15826486045,625,0.000000,0.000000,32.000000,578.000000,682.000000,0.000000,38.000000,542.400000,-161.800000,-102.000000,364.600000,186.422610,620.000000,0.296000,0.000000,0.944000,2,280.000000,23,0.488000,680.000000,0.000000,1.000000,125.000000,0.004000,0.538354,0.944000,0.296000,0.000000,0.998736,VALID,0.330400,INVALID,0.000029,17,0,0,4,696.001000,1.000000,1,27,0,0,0,27,27,27,0,1.000000,0.000000,708.306005,696.001000,0.119289,dual_strong_update
15831494046,15826494047,15831494046,626,0.000000,0.000000,0.000000,605.750000,687.000000,0.000000,20.000000,566.750000,-161.000000,-125.000000,389.000000,196.709812,626.000000,0.501597,0.000000,0.948882,2,256.000000,32,0.489000,680.000000,78.900000,0.944089,125.000000,0.004000,0.539331,0.948882,0.501597,0.000000,0.998737,VALID,0.332109,INVALID,0.000029,17,0,0,4,672.000000,1.000000,1,28,0,0,0,28,28,28,0,1.000000,0.000000,672.388402,672.000000,0.088250,dual_strong_update
15836502043,15831502043,15836502043,626,0.000000,0.000000,31.000000,648.000000,696.000000,0.000000,36.500000,612.500000,-166.000000,-104.000000,433.250000,203.277710,642.000000,0.412141,0.000000,0.789137,8,280.000000,13,0.454000,856.000000,78.900000,0.998403,125.000000,0.004000,0.507383,0.789137,0.412141,0.000000,0.998738,VALID,0.276198,INVALID,0.000029,17,0,0,4,696.001000,1.000000,1,27,0,0,0,27,27,27,0,1.000000,0.000000,690.003393,696.001000,0.136331,dual_strong_update
15841502047,15836510043,15841502047,625,0.000000,0.000000,45.000000,656.600000,728.000000,0.000000,49.000000,616.800000,-167.000000,-90.000000,437.000000,206.269439,670.000000,0.368000,0.000000,0.881600,4,312.000000,18,0.479000,824.000000,69.400000,0.956800,125.000000,0.004000,0.525876,0.881600,0.368000,0.000000,0.998739,VALID,0.308560,INVALID,0.000029,17,0,0,4,760.000000,1.000000,1,26,0,0,0,26,26,26,0,1.000000,0.000000,743.424962,760.000000,0.187276,dual_consensus_update
15846510045,15841518043,15846510045,625,0.000000,0.000000,25.000000,627.600000,705.000000,0.000000,31.000000,593.800000,-164.800000,-112.000000,416.800000,202.480447,653.000000,0.430400,0.000000,0.819200,6,328.000000,18,0.465000,864.000000,77.300000,0.819200,125.000000,0.004000,0.513396,0.819200,0.430400,0.000000,0.998740,VALID,0.286720,INVALID,0.000029,17,0,0,4,824.000000,1.000000,1,24,0,0,0,24,24,24,0,1.000000,0.000000,817.266301,824.000000,0.071964,dual_strong_update
15851518043,15846518047,15851518043,626,0.000000,0.000000,41.000000,658.500000,708.000000,0.000000,45.000000,623.750000,-167.750000,-94.000000,445.000000,208.860777,656.000000,0.384984,0.000000,0.674121,12,288.000000,11,0.000000,0.000000,0.000000,1.000000,125.000000,0.004000,0.484381,0.674121,0.384984,0.000000,0.998741,VALID,0.235942,INVALID,0.000029,17,0,0,4,856.004000,0.956522,1,23,0,0,0,22,23,22,1,0.956522,0.000000,854.594293,856.004000,0.055431,dual_strong_update
15856518043,15851518043,15856518043,626,0.000000,0.000000,39.500000,627.750000,683.000000,0.000000,42.000000,595.750000,-164.000000,-100.000000,419.000000,200.007739,631.000000,0.376997,0.000000,0.840256,6,272.000000,20,0.476000,824.000000,70.800000,0.960064,125.000000,0.004000,0.517608,0.840256,0.376997,0.000000,0.998742,VALID,0.294089,INVALID,0.000029,17,0,0,4,856.000000,0.956522,1,23,0,0,0,22,23,22,1,0.956522,0.000000,856.415490,856.000000,0.041568,dual_strong_update
15861518044,15856526043,15861518044,625,0.000000,0.000000,41.000000,612.000000,654.000000,0.000000,46.000000,578.800000,-161.000000,-94.000000,403.600000,187.619641,607.000000,0.336000,0.000000,0.950400,2,248.000000,26,0.487000,848.000000,70.100000,0.731200,125.000000,0.004000,0.539637,0.950400,0.336000,0.000000,0.998743,VALID,0.332640,INVALID,0.000029,17,0,0,4,848.000000,1.000000,1,22,0,0,0,22,22,22,0,1.000000,0.000000,849.264593,848.000000,0.027974,dual_strong_update
15866526046,15861534043,15866526046,625,0.000000,0.000000,40.000000,619.800000,679.000000,0.000000,45.000000,587.800000,-162.000000,-95.000000,412.000000,192.346851,625.000000,0.374400,0.000000,0.896000,4,264.000000,20,0.478000,840.000000,71.400000,0.568000,125.000000,0.004000,0.528758,0.896000,0.374400,0.000000,0.998744,VALID,0.313600,INVALID,0.000028,17,0,0,4,848.000000,1.000000,1,22,1,0,1,22,22,22,0,1.000000,0.000000,849.559807,848.000000,0.013992,dual_strong_update
15871534043,15866534043,15871534043,626,0.000000,0.000000,37.000000,610.000000,661.000000,0.000000,42.000000,579.750000,-161.000000,-95.500000,404.000000,198.763898,613.000000,0.380192,0.000000,0.948882,2,256.000000,23,0.483500,856.000000,70.100000,0.867412,125.000000,0.004000,0.539335,0.948882,0.380192,0.000000,0.998745,VALID,0.332109,INVALID,0.000028,17,0,0,4,848.000000,0.956522,1,23,1,0,0,22,23,22,1,0.956522,0.000000,848.001034,848.000000,0.013989,dual_strong_update
15876534043,15871534043,15876534043,626,0.000000,0.000000,42.000000,608.000000,665.000000,0.000000,46.000000,577.750000,-161.000000,-92.500000,403.750000,197.603925,612.000000,0.376997,0.000000,0.948882,2,256.000000,29,0.477000,832.000000,72.100000,0.083067,125.000000,0.004000,0.539335,0.948882,0.376997,0.000000,0.998746,VALID,0.332109,INVALID,0.000028,17,0,0,4,832.000000,0.958333,1,24,0,0,0,23,24,23,1,0.958333,0.000000,833.645451,832.000000,0.028509,dual_strong_update
15881534046,15876542043,15881534046,625,0.000000,0.000000,27.000000,583.200000,625.000000,0.000000,34.000000,550.800000,-158.000000,-104.000000,379.600000,184.702269,575.000000,0.377600,0.000000,1.000000,0,0.000000,30,0.492000,768.000000,78.100000,0.507200,125.000000,0.004000,0.549559,1.000000,0.377600,0.000000,0.998748,VALID,0.350000,INVALID,0.000028,17,0,0,4,824.000000,1.000000,1,24,1,0,1,24,24,24,0,1.000000,0.000000,827.382785,824.000000,0.057571,dual_strong_update
15886542043,15881542043,15886542043,626,0.000000,0.000000,50.500000,602.000000,653.000000,0.000000,55.500000,569.750000,-159.000000,-83.000000,397.000000,189.073780,601.000000,0.330671,0.000000,1.000000,0,0.000000,29,0.484000,801.600000,75.800000,0.000000,125.000000,0.004000,0.549559,1.000000,0.330671,0.000000,0.998749,VALID,0.350000,INVALID,0.000028,17,0,0,4,824.000000,1.000000,1,24,0,0,0,24,24,24,0,1.000000,0.000000,822.594781,824.000000,0.057577,dual_strong_update
15891542043,15886542043,15891542043,626,0.000000,0.000000,40.000000,584.500000,631.000000,0.000000,43.500000,553.500000,-157.000000,-97.000000,385.250000,184.382741,582.000000,0.329073,0.000000,1.000000,0,0.000000,30,0.483000,819.200000,72.800000,0.000000,125.000000,0.004000,0.549560,1.000000,0.329073,0.000000,0.998750,VALID,0.350000,INVALID,0.000028,17,0,0,4,808.000000,1.000000,1,24,0,0,0,24,24,24,0,1.000000,0.000000,808.714586,808.000000,0.029364,dual_strong_update
15896542043,15891542043,15896542043,626,0.000000,0.000000,47.500000,560.000000,628.000000,0.000000,56.000000,532.250000,-153.000000,-82.000000,361.750000,180.513133,575.000000,0.276358,0.000000,1.000000,0,0.000000,32,0.488500,796.800000,75.000000,0.000000,125.000000,0.004000,0.549560,1.000000,0.276358,0.000000,0.998751,VALID,0.350000,INVALID,0.000028,17,0,0,4,791.999000,1.000000,1,25,0,0,0,25,25,25,0,1.000000,0.000000,793.307305,791.999000,0.059905,dual_strong_update
15901542043,15896542043,15901542043,626,0.000000,0.000000,2.000000,615.000000,756.000000,0.000000,17.500000,583.000000,-160.000000,-122.000000,409.000000,205.793323,692.000000,0.495208,0.000000,0.725240,10,320.000000,18,0.000000,760.000000,76.500000,0.675719,125.000000,0.004000,0.494609,0.725240,0.495208,0.000000,0.998752,VALID,0.253834,INVALID,0.000028,17,0,0,4,784.002000,1.000000,1,24,1,0,1,24,24,24,0,1.000000,0.000000,785.132732,784.002000,0.105890,dual_strong_update
15906542043,15901542043,15906542043,626,0.000000,0.000000,17.000000,623.750000,678.000000,0.000000,27.500000,592.000000,-163.000000,-111.500000,416.750000,200.622842,631.000000,0.450479,0.000000,0.741214,10,280.000000,8,0.000000,0.000000,0.000000,1.000000,125.000000,0.004000,0.497804,0.741214,0.450479,0.000000,0.998753,VALID,0.259425,INVALID,0.000028,17,0,0,4,783.999500,1.000000,1,25,1,0,0,25,25,25,0,1.000000,0.000000,784.001329,783.999500,0.090772,dual_strong_update
15911542043,15906542043,15911542043,626,0.000000,0.000000,3.500000,572.750000,672.000000,0.000000,17.000000,535.500000,-157.000000,-124.000000,363.250000,187.010136,608.000000,0.482428,0.000000,0.918530,3,272.000000,33,0.485000,649.600000,93.800000,0.456869,125.000000,0.004000,0.533268,0.918530,0.482428,0.000000,0.998754,VALID,0.321486,INVALID,0.000028,17,0,0,4,720.000000,1.000000,1,26,1,0,0,26,26,26,0,1.000000,0.000000,727.270954,720.000000,0.115313,dual_strong_update
15916542047,15911550043,15916542047,625,0.000000,0.000000,44.000000,630.400000,670.000000,0.000000,48.000000,594.600000,-162.000000,-90.000000,417.800000,202.127626,610.000000,0.387200,0.000000,0.974400,1,128.000000,23,0.473000,800.000000,75.000000,0.529600,125.000000,0.004000,0.544442,0.974400,0.387200,0.000000,0.998755,VALID,0.341040,INVALID,0.000028,17,0,0,4,751.997000,1.000000,1,26,0,0,0,26,26,26,0,1.000000,0.000000,739.005522,751.997000,0.110401,dual_strong_update
15921550045,15916558045,15921550045,625,0.000000,0.000000,53.000000,595.600000,639.000000,0.000000,57.000000,565.000000,-158.000000,-81.000000,392.000000,184.127939,588.000000,0.267200,0.000000,1.000000,0,0.000000,27,0.481000,838.400000,71.400000,0.000000,125.000000,0.004000,0.549562,1.000000,0.267200,0.000000,0.998756,VALID,0.350000,INVALID,0.000028,17,0,0,4,784.001500,1.000000,1,25,0,0,0,25,25,25,0,1.000000,0.000000,783.712781,784.001500,0.105897,dual_strong_update
15926558043,15921558045,15926558043,626,0.000000,0.000000,42.000000,591.250000,636.000000,0.000000,46.500000,561.750000,-157.750000,-90.000000,389.750000,184.710985,583.000000,0.303514,0.000000,1.000000,0,0.000000,31,0.484000,832.000000,71.400000,0.000000,125.000000,0.004000,0.549563,1.000000,0.303514,0.000000,0.998757,VALID,0.350000,INVALID,0.000027,17,0,0,4,804.000500,1.000000,1,25,0,0,0,25,25,25,0,1.000000,0.000000,801.820911,804.000500,0.073760,dual_strong_update
15931558043,15926558043,15931558043,626,0.000000,0.000000,44.000000,597.500000,639.000000,0.000000,47.000000,566.250000,-158.000000,-88.500000,395.000000,186.171087,592.000000,0.321086,0.000000,1.000000,0,0.000000,33,0.481000,811.200000,74.300000,0.000000,125.000000,0.004000,0.549563,1.000000,0.321086,0.000000,0.998758,VALID,0.350000,INVALID,0.000027,17,0,0,4,816.000000,1.000000,1,24,0,0,0,24,24,24,0,1.000000,0.000000,814.806102,816.000000,0.043606,dual_strong_update
15936558043,15931558043,15936558043,626,0.000000,0.000000,60.000000,588.000000,657.000000,0.000000,62.000000,557.500000,-158.000000,-74.500000,385.000000,184.814024,608.000000,0.284345,0.000000,1.000000,0,0.000000,23,0.487000,852.800000,69.400000,0.000000,125.000000,0.004000,0.549563,1.000000,0.284345,0.000000,0.998759,VALID,0.350000,INVALID,0.000027,17,0,0,4,824.000000,1.000000,1,24,0,0,0,24,24,24,0,1.000000,0.000000,825.826254,824.000000,0.043183,dual_strong_update
15941558043,15936558043,15941558043,626,0.000000,0.000000,23.000000,572.750000,619.000000,0.000000,30.000000,541.000000,-156.000000,-109.500000,371.000000,182.576155,575.000000,0.394569,0.000000,0.948882,2,256.000000,29,0.481000,848.000000,69.400000,0.321086,125.000000,0.004000,0.539340,0.948882,0.394569,0.000000,0.998760,VALID,0.332109,INVALID,0.000027,17,0,0,4,804.000000,1.000000,1,23,0,0,0,23,23,23,0,1.000000,0.000000,807.111215,804.000000,0.051637,dual_strong_update
15946558045,15941566043,15946558045,625,0.000000,0.000000,32.000000,639.000000,675.000000,0.000000,41.000000,608.800000,-163.000000,-94.000000,432.000000,203.640564,629.000000,0.406400,0.000000,0.880000,4,336.000000,21,0.482000,896.000000,0.000000,1.000000,125.000000,0.004000,0.525564,0.880000,0.406400,0.000000,0.998761,VALID,0.308000,INVALID,0.000027,17,0,0,4,816.001500,1.000000,1,23,0,0,0,23,23,23,0,1.000000,0.000000,811.489334,816.001500,0.079947,dual_strong_update
15951558046,15946566044,15951558046,625,0.000000,0.000000,29.000000,617.600000,664.000000,0.000000,37.000000,585.800000,-161.000000,-101.000000,408.800000,195.045516,613.000000,0.412800,0.000000,0.844800,6,272.000000,18,0.472000,816.000000,0.000000,1.000000,125.000000,0.004000,0.518525,0.844800,0.412800,0.000000,0.998762,VALID,0.295680,INVALID,0.000027,17,0,0,4,808.000500,1.000000,1,23,0,0,0,23,23,23,0,1.000000,0.000000,810.293882,808.000500,0.051374,dual_strong_update
15956566043,15951566043,15956566043,626,0.000000,0.000000,51.500000,588.750000,697.000000,0.000000,56.000000,562.000000,-160.000000,-88.000000,391.500000,183.281186,647.000000,0.281150,0.000000,0.837061,4,424.000000,24,0.451000,864.000000,72.800000,0.987220,125.000000,0.004000,0.516977,0.837061,0.281150,0.000000,0.998763,VALID,0.292971,INVALID,0.000027,17,0,0,4,823.998000,1.000000,1,23,0,0,0,23,23,23,0,1.000000,0.000000,820.482560,823.998000,0.050380,dual_strong_update
15961566044,15956574043,15961566044,625,0.000000,0.000000,38.000000,573.800000,636.000000,0.000000,40.000000,544.600000,-154.000000,-96.000000,374.800000,181.194665,583.000000,0.323200,0.000000,1.000000,0,0.000000,40,0.491000,814.400000,73.500000,0.000000,125.000000,0.004000,0.549565,1.000000,0.323200,0.000000,0.998763,VALID,0.350000,INVALID,0.000027,17,0,0,4,819.999500,1.000000,1,23,0,0,0,23,23,23,0,1.000000,0.000000,821.683736,819.999500,0.036162,dual_strong_update
15966574046,15961582043,15966574046,625,0.000000,0.000000,21.000000,635.800000,708.000000,0.000000,32.000000,603.600000,-163.000000,-104.000000,430.600000,202.045586,659.000000,0.435200,0.000000,0.756800,9,288.000000,22,0.454000,798.400000,74.600000,0.718400,125.000000,0.004000,0.500926,0.756800,0.435200,0.000000,0.998764,VALID,0.264880,INVALID,0.000027,17,0,0,4,816.001500,1.000000,1,23,0,0,0,23,23,23,0,1.000000,0.000000,816.006082,816.001500,0.029068,dual_strong_update
15971582046,15966590047,15971582046,625,0.000000,0.000000,59.000000,639.000000,696.000000,0.000000,60.000000,609.000000,-164.000000,-75.000000,434.800000,202.562306,647.000000,0.355200,0.000000,0.748800,9,288.000000,17,0.000000,0.000000,0.000000,1.000000,125.000000,0.004000,0.499326,0.748800,0.355200,0.000000,0.998765,VALID,0.262080,INVALID,0.000027,17,0,0,4,824.000000,1.000000,1,22,1,0,0,22,22,22,0,1.000000,0.000000,827.401282,824.000000,0.071973,dual_strong_update
15976582046,15971582046,15976582046,626,0.000000,0.000000,42.500000,591.000000,639.000000,0.000000,47.000000,559.750000,-158.750000,-90.500000,389.250000,179.229701,593.000000,0.306709,0.000000,1.000000,0,0.000000,32,0.488000,833.600000,72.100000,0.424920,125.000000,0.004000,0.549567,1.000000,0.306709,0.000000,0.998766,VALID,0.350000,INVALID,0.000027,17,0,0,4,863.996000,1.000000,1,22,0,0,0,22,22,22,0,1.000000,0.000000,853.476554,863.996000,0.082372,dual_strong_update
15981582047,15976590043,15981582047,625,0.000000,0.000000,36.000000,619.800000,667.000000,0.000000,40.000000,588.800000,-161.000000,-97.000000,416.000000,196.931366,614.000000,0.395200,0.000000,0.827200,7,248.000000,22,0.480000,838.400000,72.100000,0.884800,125.000000,0.004000,0.515007,0.827200,0.395200,0.000000,0.998767,VALID,0.289520,INVALID,0.000027,17,0,0,4,864.000000,1.000000,1,22,1,0,1,22,22,22,0,1.000000,0.000000,863.989995,864.000000,0.041183,dual_strong_update
15986590043,15981590043,15986590043,626,0.000000,0.000000,60.000000,619.250000,688.000000,0.000000,62.500000,590.000000,-164.000000,-71.500000,416.750000,197.937296,643.000000,0.332268,0.000000,0.761981,9,288.000000,19,0.363000,0.000000,0.000000,1.000000,125.000000,0.004000,0.501963,0.761981,0.332268,0.000000,0.998768,VALID,0.266693,INVALID,0.000027,17,0,0,4,876.001500,1.000000,1,21,0,0,0,21,21,21,0,1.000000,0.000000,876.907843,876.001500,0.060929,dual_strong_update
15991590043,15986590043,15991590043,626,0.000000,0.000000,53.000000,591.250000,633.000000,0.000000,56.000000,560.750000,-159.000000,-82.500000,392.500000,179.373210,588.000000,0.332268,0.000000,1.000000,0,0.000000,32,0.501000,974.400000,61.500000,0.578275,125.000000,0.004000,0.549568,1.000000,0.332268,0.000000,0.998769,VALID,0.350000,INVALID,0.000026,17,0,0,4,864.000000,1.000000,1,22,0,0,0,22,22,22,0,1.000000,0.000000,864.028769,864.000000,0.041188,dual_strong_update
15996590043,15991590043,15996590043,626,0.000000,0.000000,49.000000,570.000000,624.000000,0.000000,51.500000,540.750000,-156.000000,-84.000000,373.500000,180.551987,580.000000,0.306709,0.000000,1.000000,0,0.000000,30,0.492000,912.000000,64.100000,0.000000,125.000000,0.004000,0.549568,1.000000,0.306709,0.000000,0.998770,VALID,0.350000,INVALID,0.000026,17,0,0,4,880.000000,1.000000,1,22,1,0,1,22,22,22,0,1.000000,0.000000,874.671330,880.000000,0.053913,dual_strong_update
16001590047,15996598043,16001590047,625,0.000000,0.000000,65.000000,611.200000,666.000000,0.000000,65.000000,580.600000,-160.000000,-69.000000,409.000000,192.911830,616.000000,0.310400,0.000000,0.944000,2,280.000000,20,0.495000,912.000000,64.100000,0.444800,125.000000,0.004000,0.538368,0.944000,0.310400,0.000000,0.998771,VALID,0.330400,INVALID,0.000026,17,0,0,4,904.000000,1.000000,1,21,0,0,0,21,21,21,0,1.000000,0.000000,905.201549,904.000000,0.052483,dual_strong_update
16006598043,16001598043,16006598043,626,0.000000,0.000000,47.500000,589.250000,678.000000,0.000000,52.000000,560.750000,-161.000000,-87.000000,390.000000,180.008963,632.000000,0.351438,0.000000,0.896166,4,272.000000,25,0.489000,883.200000,67.600000,0.790735,125.000000,0.004000,0.528802,0.896166,0.351438,0.000000,0.998772,VALID,0.313658,INVALID,0.000026,17,0,0,4,883.998500,0.954545,1,22,0,0,0,21,22,21,1,0.954545,0.000000,887.767701,883.998500,0.073794,dual_strong_update
16011598044,16006606043,16011598044,625,0.000000,0.000000,46.000000,633.600000,706.000000,0.000000,51.000000,598.800000,-163.000000,-83.000000,426.600000,201.785433,661.000000,0.400000,0.000000,0.782400,8,288.000000,22,0.476000,800.000000,72.800000,0.960000,125.000000,0.004000,0.506049,0.782400,0.400000,0.000000,0.998773,VALID,0.273840,INVALID,0.000026,17,0,0,4,880.000000,1.000000,1,22,1,0,0,22,22,22,0,1.000000,0.000000,879.922394,880.000000,0.067389,dual_strong_update
16016598044,16011598044,16016598044,626,0.000000,0.000000,36.500000,633.500000,685.000000,0.000000,40.500000,604.500000,-164.000000,-98.500000,428.500000,193.238338,638.000000,0.402556,0.000000,0.712460,10,312.000000,15,0.000000,0.000000,0.000000,1.000000,125.000000,0.004000,0.492061,0.712460,0.402556,0.000000,0.998774,VALID,0.249361,INVALID,0.000026,17,0,0,4,904.000000,1.000000,1,21,0,0,0,21,21,21,0,1.000000,0.000000,903.891083,904.000000,0.059039,dual_strong_update
16021606043,16016606044,16021606043,626,0.000000,0.000000,60.000000,619.000000,688.000000,0.000000,63.500000,588.500000,-164.000000,-68.500000,414.750000,197.312642,641.000000,0.351438,0.000000,0.832268,6,304.000000,20,0.488500,880.000000,0.000000,1.000000,125.000000,0.004000,0.516023,0.832268,0.351438,0.000000,0.998774,VALID,0.291294,INVALID,0.000026,17,0,0,4,920.000000,1.000000,1,22,1,0,0,22,22,22,0,1.000000,0.000000,918.354993,920.000000,0.051569,dual_strong_update
16026606043,16021606043,16026606043,626,0.000000,0.000000,41.000000,638.000000,753.000000,0.000000,46.000000,615.500000,-168.000000,-90.500000,433.500000,198.570015,707.000000,0.402556,0.000000,0.861022,4,368.000000,23,0.484500,814.400000,73.900000,0.635783,125.000000,0.004000,0.521775,0.861022,0.402556,0.000000,0.998775,VALID,0.301358,INVALID,0.000026,17,0,0,4,924.000000,1.000000,1,21,0,0,0,21,21,21,0,1.000000,0.000000,921.266389,924.000000,0.044927,dual_strong_update
16031606047,16026614043,16031606047,625,0.000000,0.000000,34.000000,636.800000,718.000000,0.000000,37.000000,607.400000,-164.000000,-100.000000,432.800000,197.268045,670.000000,0.417600,0.000000,0.712000,9,344.000000,14,0.370000,0.000000,0.000000,1.000000,125.000000,0.004000,0.491971,0.712000,0.417600,0.000000,0.998776,VALID,0.249200,INVALID,0.000026,17,0,0,4,928.000000,1.000000,1,20,0,0,0,20,20,20,0,1.000000,0.000000,931.992419,928.000000,0.038343,dual_strong_update
16036614043,16031614043,16036614043,626,0.000000,0.000000,49.000000,663.750000,739.000000,0.000000,51.000000,631.750000,-168.000000,-84.000000,452.750000,212.062313,686.000000,0.404153,0.000000,0.688498,11,328.000000,16,0.000000,0.000000,0.000000,1.000000,125.000000,0.004000,0.487271,0.688498,0.404153,0.000000,0.998777,VALID,0.240974,INVALID,0.000026,17,0,0,4,943.996000,1.000000,1,20,0,0,0,20,20,20,0,1.000000,0.000000,941.183395,943.996000,0.025135,dual_strong_update
16041614047,16036622043,16041614047,625,0.000000,0.000000,36.000000,604.200000,722.000000,0.000000,44.000000,582.200000,-164.000000,-95.000000,409.800000,191.702933,671.000000,0.400000,0.000000,0.828800,6,296.000000,21,0.491000,0.000000,0.000000,1.000000,125.000000,0.004000,0.515331,0.828800,0.400000,0.000000,0.998778,VALID,0.290080,INVALID,0.000026,17,0,0,4,943.998000,1.000000,1,20,0,0,0,20,20,20,0,1.000000,0.000000,941.207539,943.998000,0.012568,dual_strong_update
16046622043,16041622043,16046622043,626,0.000000,0.000000,33.000000,656.500000,727.000000,0.000000,39.500000,618.750000,-163.750000,-105.500000,437.750000,205.080664,674.000000,0.367412,0.000000,0.730032,8,368.000000,18,0.411000,728.000000,86.200000,0.832268,125.000000,0.004000,0.495578,0.730032,0.367412,0.000000,0.998779,VALID,0.255511,INVALID,0.000026,17,0,0,4,928.000000,1.000000,1,22,1,0,0,22,22,22,0,1.000000,0.000000,933.277738,928.000000,0.038343,dual_strong_update
16051622047,16046630043,16051622047,625,0.000000,0.000000,23.000000,636.800000,707.000000,0.000000,31.000000,606.000000,-168.000000,-109.000000,429.000000,196.448393,658.000000,0.433600,0.000000,0.734400,10,280.000000,17,0.000000,0.000000,0.000000,1.000000,125.000000,0.004000,0.496452,0.734400,0.433600,0.000000,0.998780,VALID,0.257040,INVALID,0.000026,17,0,0,4,896.000000,1.000000,1,22,1,0,0,22,22,22,0,1.000000,0.000000,900.992309,896.000000,0.079432,dual_strong_update
16056630044,16051638043,16056630044,625,0.000000,0.000000,19.000000,596.000000,639.000000,0.000000,29.000000,561.800000,-158.000000,-108.000000,388.800000,192.917106,592.000000,0.438400,0.000000,0.950400,2,248.000000,32,0.486000,752.000000,79.800000,0.816000,125.000000,0.004000,0.539652,0.950400,0.438400,0.000000,0.998781,VALID,0.332640,INVALID,0.000026,17,0,0,4,808.000000,1.000000,1,24,1,0,0,24,24,24,0,1.000000,0.000000,812.207349,808.000000,0.132113,dual_strong_update
16061638043,16056638046,16061638043,626,0.000000,0.000000,43.000000,596.750000,649.000000,0.000000,45.000000,564.750000,-155.000000,-88.000000,393.750000,190.129158,594.000000,0.367412,0.000000,1.000000,0,0.000000,30,0.489500,732.800000,81.100000,0.103834,125.000000,0.004000,0.549573,1.000000,0.367412,0.000000,0.998781,VALID,0.350000,INVALID,0.000025,17,0,0,4,760.000000,0.960000,1,25,1,0,1,24,25,24,1,0.960000,0.000000,760.133375,760.000000,0.093638,dual_strong_update
16066638046,16061646046,16066638046,625,0.000000,0.000000,44.000000,594.000000,639.000000,0.000000,48.000000,566.600000,-158.000000,-88.000000,394.600000,181.065693,591.000000,0.336000,0.000000,1.000000,0,0.000000,29,0.482000,779.200000,78.900000,0.000000,125.000000,0.004000,0.549573,1.000000,0.336000,0.000000,0.998782,VALID,0.350000,INVALID,0.000025,17,0,0,4,808.003000,1.000000,1,24,1,0,1,24,24,24,0,1.000000,0.000000,806.708777,808.003000,0.102752,dual_strong_update
16071646043,16066646043,16071646043,626,0.000000,0.000000,36.000000,620.750000,681.000000,0.000000,42.000000,587.750000,-159.000000,-93.500000,415.500000,195.692528,625.000000,0.351438,0.000000,0.897764,4,264.000000,28,0.481000,784.000000,78.900000,0.361022,125.000000,0.004000,0.529126,0.897764,0.351438,0.000000,0.998783,VALID,0.314217,INVALID,0.000025,17,0,0,4,824.000000,1.000000,1,24,1,0,1,24,24,24,0,1.000000,0.000000,819.554548,824.000000,0.086367,dual_strong_update
16076646047,16071654045,16076646047,625,0.000000,0.000000,45.000000,634.600000,687.000000,0.000000,51.000000,601.600000,-161.000000,-84.000000,426.800000,198.735840,631.000000,0.393600,0.000000,0.747200,10,264.000000,20,0.000000,0.000000,0.000000,1.000000,125.000000,0.004000,0.499014,0.747200,0.393600,0.000000,0.998784,VALID,0.261520,INVALID,0.000025,17,0,0,4,859.999500,1.000000,1,23,0,0,0,23,23,23,0,1.000000,0.000000,855.603344,859.999500,0.034481,dual_strong_update
16081654043,16076654043,16081654043,626,0.000000,0.000000,40.000000,635.750000,677.000000,0.000000,45.000000,599.500000,-161.000000,-92.000000,424.000000,198.432542,623.000000,0.399361,0.000000,0.742812,10,272.000000,16,0.000000,0.000000,0.000000,1.000000,125.000000,0.004000,0.498136,0.742812,0.399361,0.000000,0.998785,VALID,0.259984,INVALID,0.000025,17,0,0,4,859.999500,1.000000,1,23,0,0,0,23,23,23,0,1.000000,0.000000,859.130986,859.999500,0.020692,dual_strong_update
16086654043,16081654043,16086654043,626,0.000000,0.000000,36.000000,650.750000,695.000000,0.000000,40.000000,611.750000,-162.000000,-98.500000,433.750000,198.442192,640.000000,0.413738,0.000000,0.678914,12,280.000000,18,0.000000,0.000000,0.000000,1.000000,125.000000,0.004000,0.485357,0.678914,0.413738,0.000000,0.998786,VALID,0.237620,INVALID,0.000025,17,0,0,4,872.000000,1.000000,1,22,0,0,0,22,22,22,0,1.000000,0.000000,871.758398,872.000000,0.027204,dual_strong_update
16091654043,16086654043,16091654043,626,0.000000,0.000000,19.000000,639.000000,700.000000,0.000000,26.000000,613.000000,-163.000000,-112.000000,440.500000,202.580870,645.000000,0.445687,0.000000,0.686901,11,336.000000,14,0.000000,0.000000,0.000000,1.000000,125.000000,0.004000,0.486955,0.686901,0.445687,0.000000,0.998786,VALID,0.240415,INVALID,0.000025,17,0,0,4,872.000000,1.000000,1,22,0,0,0,22,22,22,0,1.000000,0.000000,868.855321,872.000000,0.027204,dual_strong_update
16096654046,16091662045,16096654046,625,0.000000,0.000000,37.000000,628.800000,681.000000,0.000000,45.000000,599.800000,-161.000000,-91.000000,423.800000,199.014036,628.000000,0.409600,0.000000,0.820800,7,280.000000,19,0.468000,856.000000,0.000000,1.000000,125.000000,0.004000,0.513735,0.820800,0.409600,0.000000,0.998787,VALID,0.287280,INVALID,0.000025,17,0,0,4,864.000000,1.000000,1,22,1,0,0,22,22,22,0,1.000000,0.000000,864.075216,864.000000,0.013728,dual_strong_update
16101654047,16096662045,16101654047,625,0.000000,0.000000,42.000000,630.600000,701.000000,0.000000,46.000000,596.800000,-161.000000,-90.000000,424.800000,199.683916,647.000000,0.382400,0.000000,0.777600,8,304.000000,15,0.460000,840.000000,0.000000,1.000000,125.000000,0.004000,0.505095,0.777600,0.382400,0.000000,0.998788,VALID,0.272160,INVALID,0.000025,17,0,0,4,864.000000,1.000000,1,22,0,0,0,22,22,22,0,1.000000,0.000000,864.000057,864.000000,0.013728,dual_strong_update
16106662043,16101662044,16106662043,626,0.000000,0.000000,30.500000,619.000000,688.000000,0.000000,38.000000,585.000000,-160.000000,-98.500000,412.000000,197.768277,635.000000,0.416933,0.000000,0.736422,10,288.000000,19,0.000000,0.000000,0.000000,1.000000,125.000000,0.004000,0.496860,0.736422,0.416933,0.000000,0.998789,VALID,0.257748,INVALID,0.000025,17,0,0,4,864.000000,1.000000,1,23,0,0,0,23,23,23,0,1.000000,0.000000,864.000000,864.000000,0.020589,dual_strong_update
16111662043,16106662043,16111662043,626,0.000000,0.000000,0.000000,630.750000,688.000000,0.000000,7.000000,597.000000,-162.750000,-131.000000,422.500000,203.473020,631.000000,0.551118,0.000000,0.634185,13,336.000000,4,0.000000,0.000000,0.000000,1.000000,125.000000,0.004000,0.476413,0.634185,0.551118,0.000000,0.998790,VALID,0.221965,INVALID,0.000025,17,0,0,4,856.000000,1.000000,1,23,0,0,0,23,23,23,0,1.000000,0.000000,856.240407,856.000000,0.055424,dual_strong_update
16116662043,16111662043,16116662043,626,0.000000,0.000000,8.000000,655.750000,724.000000,0.000000,20.000000,620.750000,-165.000000,-119.000000,441.500000,208.123855,669.000000,0.484026,0.000000,0.669329,10,328.000000,9,0.000000,0.000000,0.000000,1.000000,125.000000,0.004000,0.483442,0.669329,0.484026,0.000000,0.998791,VALID,0.234265,INVALID,0.000025,17,0,0,4,828.001500,1.000000,1,23,0,0,0,23,23,23,0,1.000000,0.000000,836.498808,828.001500,0.078785,dual_strong_update
16121662043,16116662043,16121662043,626,0.000000,0.000000,9.000000,654.000000,716.000000,0.000000,24.000000,619.750000,-165.000000,-117.000000,439.750000,215.746662,661.000000,0.474441,0.000000,0.675719,11,336.000000,6,0.000000,0.000000,0.000000,1.000000,125.000000,0.004000,0.484720,0.675719,0.474441,0.000000,0.998791,VALID,0.236502,INVALID,0.000025,17,0,0,4,792.003000,1.000000,1,24,1,0,0,24,24,24,0,1.000000,0.000000,792.154289,792.003000,0.074873,dual_strong_update
16126662043,16121662043,16126662043,626,0.000000,0.000000,3.000000,646.500000,712.000000,0.000000,20.000000,610.750000,-167.000000,-121.000000,433.000000,208.500499,658.000000,0.495208,0.000000,0.648562,12,336.000000,2,0.000000,0.000000,0.000000,1.000000,125.000000,0.004000,0.479289,0.648562,0.495208,0.000000,0.998792,VALID,0.226997,INVALID,0.000025,17,0,0,4,808.000000,1.000000,1,24,0,0,0,24,24,24,0,1.000000,0.000000,806.498721,808.000000,0.058717,dual_strong_update
16131662043,16126662043,16131662043,626,0.000000,0.000000,0.000000,609.750000,682.000000,0.000000,13.000000,582.250000,-166.000000,-129.500000,404.750000,200.076231,629.000000,0.515974,0.000000,0.760383,8,328.000000,9,0.430000,0.000000,0.000000,1.000000,125.000000,0.004000,0.501654,0.760383,0.515974,0.000000,0.998793,VALID,0.266134,INVALID,0.000025,17,0,0,4,808.000000,1.000000,1,24,0,0,0,24,24,24,0,1.000000,0.000000,810.461785,808.000000,0.058715,dual_strong_update
16136662043,16131662043,16136662043,626,0.000000,0.000000,12.000000,582.500000,700.000000,0.000000,30.000000,545.750000,-157.000000,-111.000000,366.500000,195.945614,632.000000,0.464856,0.000000,0.787540,8,272.000000,21,0.448500,0.000000,0.000000,1.000000,125.000000,0.004000,0.507085,0.787540,0.464856,0.000000,0.998794,VALID,0.275639,INVALID,0.000025,17,0,0,4,780.000000,0.961538,1,26,0,0,0,25,26,25,1,0.961538,0.000000,780.544449,780.000000,0.068428,dual_strong_update
16141662046,16136670043,16141662046,625,0.000000,0.000000,0.000000,672.000000,747.000000,0.000000,7.000000,630.800000,-167.000000,-135.000000,445.400000,210.240221,681.000000,0.595200,0.000000,0.603200,13,328.000000,1,0.000000,0.000000,0.000000,1.000000,125.000000,0.004000,0.470218,0.603200,0.595200,0.000000,0.998794,VALID,0.211120,INVALID,0.000024,17,0,0,4,748.000000,1.000000,1,25,0,0,0,25,25,25,0,1.000000,0.000000,755.814636,748.000000,0.103070,dual_strong_update
16146662046,16141662046,16146662046,626,0.000000,0.000000,0.000000,703.000000,767.000000,0.000000,14.500000,665.750000,-171.000000,-130.000000,480.000000,222.965460,702.000000,0.528754,0.000000,0.621406,12,344.000000,0,0.000000,0.000000,0.000000,1.000000,125.000000,0.004000,0.473859,0.621406,0.528754,0.000000,0.998795,VALID,0.217492,INVALID,0.000024,17,0,0,4,748.000000,0.961538,1,26,0,0,0,25,26,25,1,0.961538,0.000000,753.762062,748.000000,0.103074,dual_strong_update
16151670047,16146678047,16151670047,625,0.000000,0.000000,4.000000,700.800000,771.000000,0.000000,24.000000,661.800000,-171.000000,-118.000000,479.000000,223.801789,711.000000,0.494400,0.000000,0.638400,11,344.000000,2,0.000000,0.000000,0.000000,1.000000,125.000000,0.004000,0.477258,0.638400,0.494400,0.000000,0.998796,VALID,0.223440,INVALID,0.000024,17,0,0,4,795.998000,1.000000,1,25,1,0,0,25,25,25,0,1.000000,0.000000,782.042327,795.998000,0.149009,dual_strong_update
16156678043,16151678043,16156678043,626,0.000000,0.000000,18.000000,692.750000,745.000000,0.000000,28.000000,657.750000,-169.000000,-113.000000,474.500000,215.530812,689.000000,0.461661,0.000000,0.618211,12,360.000000,2,0.000000,0.000000,0.000000,1.000000,125.000000,0.004000,0.473221,0.618211,0.461661,0.000000,0.998797,VALID,0.216374,INVALID,0.000024,17,0,0,4,856.000000,1.000000,1,22,0,0,0,22,22,22,0,1.000000,0.000000,849.131935,856.000000,0.069280,dual_strong_update
16161678046,16156686043,16161678046,625,0.000000,0.000000,0.000000,654.400000,738.000000,0.000000,14.000000,621.800000,-169.000000,-127.000000,450.800000,209.962165,686.000000,0.510400,0.000000,0.652800,11,360.000000,6,0.000000,0.000000,0.000000,1.000000,125.000000,0.004000,0.480139,0.652800,0.510400,0.000000,0.998798,VALID,0.228480,INVALID,0.000024,17,0,0,4,888.000000,0.956522,1,23,0,0,0,22,23,22,1,0.956522,0.000000,887.029945,888.000000,0.040070,dual_strong_update
16166686045,16161694046,16166686045,625,0.000000,0.000000,36.000000,677.000000,777.000000,0.000000,43.000000,645.400000,-169.000000,-94.000000,468.800000,220.305010,724.000000,0.428800,0.000000,0.644800,11,368.000000,8,0.000000,0.000000,0.000000,1.000000,125.000000,0.004000,0.478539,0.644800,0.428800,0.000000,0.998798,VALID,0.225680,INVALID,0.000024,17,0,0,4,896.000000,1.000000,1,21,0,0,0,21,21,21,0,1.000000,0.000000,895.963791,896.000000,0.046328,dual_strong_update
16171694043,16166694043,16171694043,626,0.000000,0.000000,0.000000,655.000000,716.000000,0.000000,13.500000,621.000000,-167.000000,-125.000000,441.500000,211.999679,676.000000,0.528754,0.000000,0.605431,12,416.000000,6,0.000000,0.000000,0.000000,1.000000,125.000000,0.004000,0.470666,0.605431,0.528754,0.000000,0.998799,VALID,0.211901,INVALID,0.000024,17,0,0,4,891.998500,1.000000,1,21,0,0,0,21,21,21,0,1.000000,0.000000,895.046421,891.998500,0.053189,dual_strong_update
16176694043,16171694043,16176694043,626,0.000000,0.000000,20.000000,618.000000,838.000000,0.000000,31.000000,583.500000,-171.000000,-110.500000,403.250000,198.616636,785.000000,0.460064,0.000000,0.733227,8,440.000000,13,0.401000,0.000000,0.000000,1.000000,125.000000,0.004000,0.496225,0.733227,0.460064,0.000000,0.998800,VALID,0.256629,INVALID,0.000024,17,0,0,4,872.000000,1.000000,1,22,0,0,0,22,22,22,0,1.000000,0.000000,872.125574,872.000000,0.054407,dual_strong_update
