t_us,score_t_us,latest_data_t_us,baseline_version,uses_future_data
0,0,0,0,0
0,0,0,0,0
67552213920,67552213920,67552213920,0,0
67572885916,67572885916,67572885916,0,0
67572885916,67572885916,67572885916,0,0
67593325916,67593325916,67593325916,0,0
67572885916,67572885916,67572885916,0,0
67613837917,67613837917,67613837917,0,0
67572885916,67572885916,67572885916,0,0
67634341920,67634341920,67634341920,0,0
67572885916,67572885916,67572885916,0,0
67634341920,67634341920,67634341920,0,0
67655053920,67655053920,67655053920,0,0
67572885916,67572885916,67572885916,0,0
67634341920,67634341920,67634341920,0,0
67675453921,67675453921,67675453921,0,0
67572885916,67572885916,67572885916,0,0
67634341920,67634341920,67634341920,0,0
67695533920,67695533920,67695533920,0,0
67572885916,67572885916,67572885916,0,0
67634341920,67634341920,67634341920,0,0
67695533920,67695533920,67695533920,0,0
67715677920,67715677920,67715677920,0,0
67572885916,67572885916,67572885916,0,0
67634341920,67634341920,67634341920,0,0
67695533920,67695533920,67695533920,0,0
67735733920,67735733920,67735733920,0,0
67572885916,67572885916,67572885916,0,0
67634341920,67634341920,67634341920,0,0
67695533920,67695533920,67695533920,0,0
67755925918,67755925918,67755925918,0,0
67572885916,67572885916,67572885916,0,0
67634341920,67634341920,67634341920,0,0
67695533920,67695533920,67695533920,0,0
67755925918,67755925918,67755925918,0,0
67776373920,67776373920,67776373920,0,0
67572885916,67572885916,67572885916,0,0
67634341920,67634341920,67634341920,0,0
67695533920,67695533920,67695533920,0,0
67755925918,67755925918,67755925918,0,0
67796957921,67796957921,67796957921,0,0
67572885916,67572885916,67572885916,0,0
67634341920,67634341920,67634341920,0,0
67695533920,67695533920,67695533920,0,0
67755925918,67755925918,67755925918,0,0
67817037918,67817037918,67817037918,0,0
67572885916,67572885916,67572885916,0,0
67634341920,67634341920,67634341920,0,0
67695533920,67695533920,67695533920,0,0
67755925918,67755925918,67755925918,0,0
67817037918,67817037918,67817037918,0,0
67837373920,67837373920,67837373920,0,0
67572885916,67572885916,67572885916,0,0
67634341920,67634341920,67634341920,0,0
67695533920,67695533920,67695533920,0,0
67755925918,67755925918,67755925918,0,0
67817037918,67817037918,67817037918,0,0
67857493920,67857493920,67857493920,0,0
67572885916,67572885916,67572885916,0,0
67634341920,67634341920,67634341920,0,0
67695533920,67695533920,67695533920,0,0
67755925918,67755925918,67755925918,0,0
67817037918,67817037918,67817037918,0,0
67877589920,67877589920,67877589920,0,0
67572885916,67572885916,67572885916,0,0
67634341920,67634341920,67634341920,0,0
67695533920,67695533920,67695533920,0,0
67755925918,67755925918,67755925918,0,0
67817037918,67817037918,67817037918,0,0
67877589920,67877589920,67877589920,0,0
67897765920,67897765920,67897765920,0,0
67572885916,67572885916,67572885916,0,0
67634341920,67634341920,67634341920,0,0
67695533920,67695533920,67695533920,0,0
67755925918,67755925918,67755925918,0,0
67817037918,67817037918,67817037918,0,0
67877589920,67877589920,67877589920,0,0
67918109917,67918109917,67918109917,0,0
67572885916,67572885916,67572885916,0,0
67634341920,67634341920,67634341920,0,0
67695533920,67695533920,67695533920,0,0
67755925918,67755925918,67755925918,0,0
67817037918,67817037918,67817037918,0,0
67877589920,67877589920,67877589920,0,0
67938645920,67938645920,67938645920,0,0
67572885916,67572885916,67572885916,0,0
67634341920,67634341920,67634341920,0,0
67695533920,67695533920,67695533920,0,0
67755925918,67755925918,67755925918,0,0
67817037918,67817037918,67817037918,0,0
67877589920,67877589920,67877589920,0,0
67938645920,67938645920,67938645920,0,0
67958869916,67958869916,67958869916,0,0
67572885916,67572885916,67572885916,0,0
67634341920,67634341920,67634341920,0,0
67695533920,67695533920,67695533920,0,0
67755925918,67755925918,67755925918,0,0
67817037918,67817037918,67817037918,0,0
67877589920,67877589920,67877589920,0,0
67938645920,67938645920,67938645920,0,0
67979597917,67979597917,67979597917,0,0
67572885916,67572885916,67572885916,0,0
67634341920,67634341920,67634341920,0,0
67695533920,67695533920,67695533920,0,0
67755925918,67755925918,67755925918,0,0
67817037918,67817037918,67817037918,0,0
67877589920,67877589920,67877589920,0,0
67938645920,67938645920,67938645920,0,0
67999725920,67999725920,67999725920,0,0
67572885916,67572885916,67572885916,0,0
67634341920,67634341920,67634341920,0,0
67695533920,67695533920,67695533920,0,0
67755925918,67755925918,67755925918,0,0
67817037918,67817037918,67817037918,0,0
67877589920,67877589920,67877589920,0,0
67938645920,67938645920,67938645920,0,0
67999725920,67999725920,67999725920,0,0
68019797920,68019797920,68019797920,0,0
67572885916,67572885916,67572885916,0,0
67634341920,67634341920,67634341920,0,0
67695533920,67695533920,67695533920,0,0
67755925918,67755925918,67755925918,0,0
67817037918,67817037918,67817037918,0,0
67877589920,67877589920,67877589920,0,0
67938645920,67938645920,67938645920,0,0
67999725920,67999725920,67999725920,0,0
68040093920,68040093920,68040093920,67857493920,0
67572885916,67572885916,67572885916,0,0
67634341920,67634341920,67634341920,0,0
67695533920,67695533920,67695533920,0,0
67755925918,67755925918,67755925918,0,0
67817037918,67817037918,67817037918,0,0
67877589920,67877589920,67877589920,0,0
67938645920,67938645920,67938645920,0,0
67999725920,67999725920,67999725920,0,0
68060517920,68060517920,68060517920,67857493920,0
67572885916,67572885916,67572885916,0,0
67634341920,67634341920,67634341920,0,0
67695533920,67695533920,67695533920,0,0
67755925918,67755925918,67755925918,0,0
67817037918,67817037918,67817037918,0,0
67877589920,67877589920,67877589920,0,0
67938645920,67938645920,67938645920,0,0
67999725920,67999725920,67999725920,0,0
68060517920,68060517920,68060517920,67857493920,0
68080565920,68080565920,68080565920,67857493920,0
67572885916,67572885916,67572885916,0,0
67634341920,67634341920,67634341920,0,0
67695533920,67695533920,67695533920,0,0
67755925918,67755925918,67755925918,0,0
67817037918,67817037918,67817037918,0,0
67877589920,67877589920,67877589920,0,0
67938645920,67938645920,67938645920,0,0
67999725920,67999725920,67999725920,0,0
68060517920,68060517920,68060517920,67857493920,0
68100765920,68100765920,68100765920,67857493920,0
67572885916,67572885916,67572885916,0,0
67634341920,67634341920,67634341920,0,0
67695533920,67695533920,67695533920,0,0
67755925918,67755925918,67755925918,0,0
67817037918,67817037918,67817037918,0,0
67877589920,67877589920,67877589920,0,0
67938645920,67938645920,67938645920,0,0
67999725920,67999725920,67999725920,0,0
68060517920,68060517920,68060517920,67857493920,0
68121229921,68121229921,68121229921,67857493920,0
67572885916,67572885916,67572885916,0,0
67634341920,67634341920,67634341920,0,0
67695533920,67695533920,67695533920,0,0
67755925918,67755925918,67755925918,0,0
67817037918,67817037918,67817037918,0,0
67877589920,67877589920,67877589920,0,0
67938645920,67938645920,67938645920,0,0
67999725920,67999725920,67999725920,0,0
68060517920,68060517920,68060517920,67857493920,0
68121229921,68121229921,68121229921,67857493920,0
68141829918,68141829918,68141829918,67857493920,0
67572885916,67572885916,67572885916,0,0
67634341920,67634341920,67634341920,0,0
67695533920,67695533920,67695533920,0,0
67755925918,67755925918,67755925918,0,0
67817037918,67817037918,67817037918,0,0
67877589920,67877589920,67877589920,0,0
67938645920,67938645920,67938645920,0,0
67999725920,67999725920,67999725920,0,0
68060517920,68060517920,68060517920,67857493920,0
68121229921,68121229921,68121229921,67857493920,0
68161861918,68161861918,68161861918,67857493920,0
67572885916,67572885916,67572885916,0,0
67634341920,67634341920,67634341920,0,0
67695533920,67695533920,67695533920,0,0
67755925918,67755925918,67755925918,0,0
67817037918,67817037918,67817037918,0,0
67877589920,67877589920,67877589920,0,0
67938645920,67938645920,67938645920,0,0
67999725920,67999725920,67999725920,0,0
68060517920,68060517920,68060517920,67857493920,0
68121229921,68121229921,68121229921,67857493920,0
68182485920,68182485920,68182485920,67857493920,0
67572885916,67572885916,67572885916,0,0
67634341920,67634341920,67634341920,0,0
67695533920,67695533920,67695533920,0,0
67755925918,67755925918,67755925918,0,0
67817037918,67817037918,67817037918,0,0
67877589920,67877589920,67877589920,0,0
67938645920,67938645920,67938645920,0,0
67999725920,67999725920,67999725920,0,0
68060517920,68060517920,68060517920,67857493920,0
68121229921,68121229921,68121229921,67857493920,0
68182485920,68182485920,68182485920,67857493920,0
68203189917,68203189917,68203189917,67857493920,0
67572885916,67572885916,67572885916,0,0
67634341920,67634341920,67634341920,0,0
67695533920,67695533920,67695533920,0,0
67755925918,67755925918,67755925918,0,0
67817037918,67817037918,67817037918,0,0
67877589920,67877589920,67877589920,0,0
67938645920,67938645920,67938645920,0,0
67999725920,67999725920,67999725920,0,0
68060517920,68060517920,68060517920,67857493920,0
68121229921,68121229921,68121229921,67857493920,0
68182485920,68182485920,68182485920,67857493920,0
68223325919,68223325919,68223325919,67857493920,0
67572885916,67572885916,67572885916,0,0
67634341920,67634341920,67634341920,0,0
67695533920,67695533920,67695533920,0,0
67755925918,67755925918,67755925918,0,0
67817037918,67817037918,67817037918,0,0
67877589920,67877589920,67877589920,0,0
67938645920,67938645920,67938645920,0,0
67999725920,67999725920,67999725920,0,0
68060517920,68060517920,68060517920,67857493920,0
68121229921,68121229921,68121229921,67857493920,0
68182485920,68182485920,68182485920,67857493920,0
68243349920,68243349920,68243349920,67857493920,0
67572885916,67572885916,67572885916,0,0
67634341920,67634341920,67634341920,0,0
67695533920,67695533920,67695533920,0,0
67755925918,67755925918,67755925918,0,0
67817037918,67817037918,67817037918,0,0
67877589920,67877589920,67877589920,0,0
67938645920,67938645920,67938645920,0,0
67999725920,67999725920,67999725920,0,0
68060517920,68060517920,68060517920,67857493920,0
68121229921,68121229921,68121229921,67857493920,0
68182485920,68182485920,68182485920,67857493920,0
68243349920,68243349920,68243349920,67857493920,0
68263485920,68263485920,68263485920,67857493920,0
67572885916,67572885916,67572885916,0,0
67634341920,67634341920,67634341920,0,0
67695533920,67695533920,67695533920,0,0
67755925918,67755925918,67755925918,0,0
67817037918,67817037918,67817037918,0,0
67877589920,67877589920,67877589920,0,0
67938645920,67938645920,67938645920,0,0
67999725920,67999725920,67999725920,0,0
68060517920,68060517920,68060517920,67857493920,0
68121229921,68121229921,68121229921,67857493920,0
68182485920,68182485920,68182485920,67857493920,0
68243349920,68243349920,68243349920,67857493920,0
68284077917,68284077917,68284077917,67857493920,0
67572885916,67572885916,67572885916,0,0
67634341920,67634341920,67634341920,0,0
67695533920,67695533920,67695533920,0,0
67755925918,67755925918,67755925918,0,0
67817037918,67817037918,67817037918,0,0
67877589920,67877589920,67877589920,0,0
67938645920,67938645920,67938645920,0,0
67999725920,67999725920,67999725920,0,0
68060517920,68060517920,68060517920,67857493920,0
68121229921,68121229921,68121229921,67857493920,0
68182485920,68182485920,68182485920,67857493920,0
68243349920,68243349920,68243349920,67857493920,0
68304717916,68304717916,68304717916,67857493920,0
67572885916,67572885916,67572885916,0,0
67634341920,67634341920,67634341920,0,0
67695533920,67695533920,67695533920,0,0
67755925918,67755925918,67755925918,0,0
67817037918,67817037918,67817037918,0,0
67877589920,67877589920,67877589920,0,0
67938645920,67938645920,67938645920,0,0
67999725920,67999725920,67999725920,0,0
68060517920,68060517920,68060517920,67857493920,0
68121229921,68121229921,68121229921,67857493920,0
68182485920,68182485920,68182485920,67857493920,0
68243349920,68243349920,68243349920,67857493920,0
68304717916,68304717916,68304717916,67857493920,0
68325133920,68325133920,68325133920,67857493920,0
67572885916,67572885916,67572885916,0,0
67634341920,67634341920,67634341920,0,0
67695533920,67695533920,67695533920,0,0
67755925918,67755925918,67755925918,0,0
67817037918,67817037918,67817037918,0,0
67877589920,67877589920,67877589920,0,0
67938645920,67938645920,67938645920,0,0
67999725920,67999725920,67999725920,0,0
68060517920,68060517920,68060517920,67857493920,0
68121229921,68121229921,68121229921,67857493920,0
68182485920,68182485920,68182485920,67857493920,0
68243349920,68243349920,68243349920,67857493920,0
68304717916,68304717916,68304717916,67857493920,0
68345661920,68345661920,68345661920,68161861918,0
67572885916,67572885916,67572885916,0,0
67634341920,67634341920,67634341920,0,0
67695533920,67695533920,67695533920,0,0
67755925918,67755925918,67755925918,0,0
67817037918,67817037918,67817037918,0,0
67877589920,67877589920,67877589920,0,0
67938645920,67938645920,67938645920,0,0
67999725920,67999725920,67999725920,0,0
68060517920,68060517920,68060517920,67857493920,0
68121229921,68121229921,68121229921,67857493920,0
68182485920,68182485920,68182485920,67857493920,0
68243349920,68243349920,68243349920,67857493920,0
68304717916,68304717916,68304717916,67857493920,0
68366381917,68366381917,68366381917,68161861918,0
67572885916,67572885916,67572885916,0,0
67634341920,67634341920,67634341920,0,0
67695533920,67695533920,67695533920,0,0
67755925918,67755925918,67755925918,0,0
67817037918,67817037918,67817037918,0,0
67877589920,67877589920,67877589920,0,0
67938645920,67938645920,67938645920,0,0
67999725920,67999725920,67999725920,0,0
68060517920,68060517920,68060517920,67857493920,0
68121229921,68121229921,68121229921,67857493920,0
68182485920,68182485920,68182485920,67857493920,0
68243349920,68243349920,68243349920,67857493920,0
68304717916,68304717916,68304717916,67857493920,0
68366381917,68366381917,68366381917,68161861918,0
68386773920,68386773920,68386773920,68161861918,0
67572885916,67572885916,67572885916,0,0
67634341920,67634341920,67634341920,0,0
67695533920,67695533920,67695533920,0,0
67755925918,67755925918,67755925918,0,0
67817037918,67817037918,67817037918,0,0
67877589920,67877589920,67877589920,0,0
67938645920,67938645920,67938645920,0,0
67999725920,67999725920,67999725920,0,0
68060517920,68060517920,68060517920,67857493920,0
68121229921,68121229921,68121229921,67857493920,0
68182485920,68182485920,68182485920,67857493920,0
68243349920,68243349920,68243349920,67857493920,0
68304717916,68304717916,68304717916,67857493920,0
68366381917,68366381917,68366381917,68161861918,0
68407205917,68407205917,68407205917,68161861918,0
67572885916,67572885916,67572885916,0,0
67634341920,67634341920,67634341920,0,0
67695533920,67695533920,67695533920,0,0
67755925918,67755925918,67755925918,0,0
67817037918,67817037918,67817037918,0,0
67877589920,67877589920,67877589920,0,0
67938645920,67938645920,67938645920,0,0
67999725920,67999725920,67999725920,0,0
68060517920,68060517920,68060517920,67857493920,0
68121229921,68121229921,68121229921,67857493920,0
68182485920,68182485920,68182485920,67857493920,0
68243349920,68243349920,68243349920,67857493920,0
68304717916,68304717916,68304717916,67857493920,0
68366381917,68366381917,68366381917,68161861918,0
68427253920,68427253920,68427253920,68161861918,0
67572885916,67572885916,67572885916,0,0
67634341920,67634341920,67634341920,0,0
67695533920,67695533920,67695533920,0,0
67755925918,67755925918,67755925918,0,0
67817037918,67817037918,67817037918,0,0
67877589920,67877589920,67877589920,0,0
67938645920,67938645920,67938645920,0,0
67999725920,67999725920,67999725920,0,0
68060517920,68060517920,68060517920,67857493920,0
68121229921,68121229921,68121229921,67857493920,0
68182485920,68182485920,68182485920,67857493920,0
68243349920,68243349920,68243349920,67857493920,0
68304717916,68304717916,68304717916,67857493920,0
68366381917,68366381917,68366381917,68161861918,0
68427253920,68427253920,68427253920,68161861918,0
68447261917,68447261917,68447261917,68161861918,0
67572885916,67572885916,67572885916,0,0
67634341920,67634341920,67634341920,0,0
67695533920,67695533920,67695533920,0,0
67755925918,67755925918,67755925918,0,0
67817037918,67817037918,67817037918,0,0
67877589920,67877589920,67877589920,0,0
67938645920,67938645920,67938645920,0,0
67999725920,67999725920,67999725920,0,0
68060517920,68060517920,68060517920,67857493920,0
68121229921,68121229921,68121229921,67857493920,0
68182485920,68182485920,68182485920,67857493920,0
68243349920,68243349920,68243349920,67857493920,0
68304717916,68304717916,68304717916,67857493920,0
68366381917,68366381917,68366381917,68161861918,0
68427253920,68427253920,68427253920,68161861918,0
68467413917,68467413917,68467413917,68161861918,0
67572885916,67572885916,67572885916,0,0
67634341920,67634341920,67634341920,0,0
67695533920,67695533920,67695533920,0,0
67755925918,67755925918,67755925918,0,0
67817037918,67817037918,67817037918,0,0
67877589920,67877589920,67877589920,0,0
67938645920,67938645920,67938645920,0,0
67999725920,67999725920,67999725920,0,0
68060517920,68060517920,68060517920,67857493920,0
68121229921,68121229921,68121229921,67857493920,0
68182485920,68182485920,68182485920,67857493920,0
68243349920,68243349920,68243349920,67857493920,0
68304717916,68304717916,68304717916,67857493920,0
68366381917,68366381917,68366381917,68161861918,0
68427253920,68427253920,68427253920,68161861918,0
68487525920,68487525920,68487525920,68161861918,0
67572885916,67572885916,67572885916,0,0
67634341920,67634341920,67634341920,0,0
67695533920,67695533920,67695533920,0,0
67755925918,67755925918,67755925918,0,0
67817037918,67817037918,67817037918,0,0
67877589920,67877589920,67877589920,0,0
67938645920,67938645920,67938645920,0,0
67999725920,67999725920,67999725920,0,0
68060517920,68060517920,68060517920,67857493920,0
68121229921,68121229921,68121229921,67857493920,0
68182485920,68182485920,68182485920,67857493920,0
68243349920,68243349920,68243349920,67857493920,0
68304717916,68304717916,68304717916,67857493920,0
68366381917,68366381917,68366381917,68161861918,0
68427253920,68427253920,68427253920,68161861918,0
68487525920,68487525920,68487525920,68161861918,0
68507725920,68507725920,68507725920,68161861918,0
67572885916,67572885916,67572885916,0,0
67634341920,67634341920,67634341920,0,0
67695533920,67695533920,67695533920,0,0
67755925918,67755925918,67755925918,0,0
67817037918,67817037918,67817037918,0,0
67877589920,67877589920,67877589920,0,0
67938645920,67938645920,67938645920,0,0
67999725920,67999725920,67999725920,0,0
68060517920,68060517920,68060517920,67857493920,0
68121229921,68121229921,68121229921,67857493920,0
68182485920,68182485920,68182485920,67857493920,0
68243349920,68243349920,68243349920,67857493920,0
68304717916,68304717916,68304717916,67857493920,0
68366381917,68366381917,68366381917,68161861918,0
68427253920,68427253920,68427253920,68161861918,0
68487525920,68487525920,68487525920,68161861918,0
68528237920,68528237920,68528237920,68161861918,0
67572885916,67572885916,67572885916,0,0
67634341920,67634341920,67634341920,0,0
67695533920,67695533920,67695533920,0,0
67755925918,67755925918,67755925918,0,0
67817037918,67817037918,67817037918,0,0
67877589920,67877589920,67877589920,0,0
67938645920,67938645920,67938645920,0,0
67999725920,67999725920,67999725920,0,0
68060517920,68060517920,68060517920,67857493920,0
68121229921,68121229921,68121229921,67857493920,0
68182485920,68182485920,68182485920,67857493920,0
68243349920,68243349920,68243349920,67857493920,0
68304717916,68304717916,68304717916,67857493920,0
68366381917,68366381917,68366381917,68161861918,0
68427253920,68427253920,68427253920,68161861918,0
68487525920,68487525920,68487525920,68161861918,0
68548805920,68548805920,68548805920,68161861918,0
67572885916,67572885916,67572885916,0,0
67634341920,67634341920,67634341920,0,0
67695533920,67695533920,67695533920,0,0
67755925918,67755925918,67755925918,0,0
67817037918,67817037918,67817037918,0,0
67877589920,67877589920,67877589920,0,0
67938645920,67938645920,67938645920,0,0
67999725920,67999725920,67999725920,0,0
68060517920,68060517920,68060517920,67857493920,0
68121229921,68121229921,68121229921,67857493920,0
68182485920,68182485920,68182485920,67857493920,0
68243349920,68243349920,68243349920,67857493920,0
68304717916,68304717916,68304717916,67857493920,0
68366381917,68366381917,68366381917,68161861918,0
68427253920,68427253920,68427253920,68161861918,0
68487525920,68487525920,68487525920,68161861918,0
68548805920,68548805920,68548805920,68161861918,0
68569117920,68569117920,68569117920,68161861918,0
67572885916,67572885916,67572885916,0,0
67634341920,67634341920,67634341920,0,0
67695533920,67695533920,67695533920,0,0
67755925918,67755925918,67755925918,0,0
67817037918,67817037918,67817037918,0,0
67877589920,67877589920,67877589920,0,0
67938645920,67938645920,67938645920,0,0
67999725920,67999725920,67999725920,0,0
68060517920,68060517920,68060517920,67857493920,0
68121229921,68121229921,68121229921,67857493920,0
68182485920,68182485920,68182485920,67857493920,0
68243349920,68243349920,68243349920,67857493920,0
68304717916,68304717916,68304717916,67857493920,0
68366381917,68366381917,68366381917,68161861918,0
68427253920,68427253920,68427253920,68161861918,0
68487525920,68487525920,68487525920,68161861918,0
68548805920,68548805920,68548805920,68161861918,0
68589549917,68589549917,68589549917,68161861918,0
67572885916,67572885916,67572885916,0,0
67634341920,67634341920,67634341920,0,0
67695533920,67695533920,67695533920,0,0
67755925918,67755925918,67755925918,0,0
67817037918,67817037918,67817037918,0,0
67877589920,67877589920,67877589920,0,0
67938645920,67938645920,67938645920,0,0
67999725920,67999725920,67999725920,0,0
68060517920,68060517920,68060517920,67857493920,0
68121229921,68121229921,68121229921,67857493920,0
68182485920,68182485920,68182485920,67857493920,0
68243349920,68243349920,68243349920,67857493920,0
68304717916,68304717916,68304717916,67857493920,0
68366381917,68366381917,68366381917,68161861918,0
68427253920,68427253920,68427253920,68161861918,0
68487525920,68487525920,68487525920,68161861918,0
68548805920,68548805920,68548805920,68161861918,0
68609669920,68609669920,68609669920,68161861918,0
67572885916,67572885916,67572885916,0,0
67634341920,67634341920,67634341920,0,0
67695533920,67695533920,67695533920,0,0
67755925918,67755925918,67755925918,0,0
67817037918,67817037918,67817037918,0,0
67877589920,67877589920,67877589920,0,0
67938645920,67938645920,67938645920,0,0
67999725920,67999725920,67999725920,0,0
68060517920,68060517920,68060517920,67857493920,0
68121229921,68121229921,68121229921,67857493920,0
68182485920,68182485920,68182485920,67857493920,0
68243349920,68243349920,68243349920,67857493920,0
68304717916,68304717916,68304717916,67857493920,0
68366381917,68366381917,68366381917,68161861918,0
68427253920,68427253920,68427253920,68161861918,0
68487525920,68487525920,68487525920,68161861918,0
68548805920,68548805920,68548805920,68161861918,0
68609669920,68609669920,68609669920,68161861918,0
68629717920,68629717920,68629717920,68161861918,0
67572885916,67572885916,67572885916,0,0
67634341920,67634341920,67634341920,0,0
67695533920,67695533920,67695533920,0,0
67755925918,67755925918,67755925918,0,0
67817037918,67817037918,67817037918,0,0
67877589920,67877589920,67877589920,0,0
67938645920,67938645920,67938645920,0,0
67999725920,67999725920,67999725920,0,0
68060517920,68060517920,68060517920,67857493920,0
68121229921,68121229921,68121229921,67857493920,0
68182485920,68182485920,68182485920,67857493920,0
68243349920,68243349920,68243349920,67857493920,0
68304717916,68304717916,68304717916,67857493920,0
68366381917,68366381917,68366381917,68161861918,0
68427253920,68427253920,68427253920,68161861918,0
68487525920,68487525920,68487525920,68161861918,0
68548805920,68548805920,68548805920,68161861918,0
68609669920,68609669920,68609669920,68161861918,0
68649901920,68649901920,68649901920,68467413917,0
67572885916,67572885916,67572885916,0,0
67634341920,67634341920,67634341920,0,0
67695533920,67695533920,67695533920,0,0
67755925918,67755925918,67755925918,0,0
67817037918,67817037918,67817037918,0,0
67877589920,67877589920,67877589920,0,0
67938645920,67938645920,67938645920,0,0
67999725920,67999725920,67999725920,0,0
68060517920,68060517920,68060517920,67857493920,0
68121229921,68121229921,68121229921,67857493920,0
68182485920,68182485920,68182485920,67857493920,0
68243349920,68243349920,68243349920,67857493920,0
68304717916,68304717916,68304717916,67857493920,0
68366381917,68366381917,68366381917,68161861918,0
68427253920,68427253920,68427253920,68161861918,0
68487525920,68487525920,68487525920,68161861918,0
68548805920,68548805920,68548805920,68161861918,0
68609669920,68609669920,68609669920,68161861918,0
68670709920,68670709920,68670709920,68467413917,0
67572885916,67572885916,67572885916,0,0
67634341920,67634341920,67634341920,0,0
67695533920,67695533920,67695533920,0,0
67755925918,67755925918,67755925918,0,0
67817037918,67817037918,67817037918,0,0
67877589920,67877589920,67877589920,0,0
67938645920,67938645920,67938645920,0,0
67999725920,67999725920,67999725920,0,0
68060517920,68060517920,68060517920,67857493920,0
68121229921,68121229921,68121229921,67857493920,0
68182485920,68182485920,68182485920,67857493920,0
68243349920,68243349920,68243349920,67857493920,0
68304717916,68304717916,68304717916,67857493920,0
68366381917,68366381917,68366381917,68161861918,0
68427253920,68427253920,68427253920,68161861918,0
68487525920,68487525920,68487525920,68161861918,0
68548805920,68548805920,68548805920,68161861918,0
68609669920,68609669920,68609669920,68161861918,0
68670709920,68670709920,68670709920,68467413917,0
68690789920,68690789920,68690789920,68467413917,0
67572885916,67572885916,67572885916,0,0
67634341920,67634341920,67634341920,0,0
67695533920,67695533920,67695533920,0,0
67755925918,67755925918,67755925918,0,0
67817037918,67817037918,67817037918,0,0
67877589920,67877589920,67877589920,0,0
67938645920,67938645920,67938645920,0,0
67999725920,67999725920,67999725920,0,0
68060517920,68060517920,68060517920,67857493920,0
68121229921,68121229921,68121229921,67857493920,0
68182485920,68182485920,68182485920,67857493920,0
68243349920,68243349920,68243349920,67857493920,0
68304717916,68304717916,68304717916,67857493920,0
68366381917,68366381917,68366381917,68161861918,0
68427253920,68427253920,68427253920,68161861918,0
68487525920,68487525920,68487525920,68161861918,0
68548805920,68548805920,68548805920,68161861918,0
68609669920,68609669920,68609669920,68161861918,0
68670709920,68670709920,68670709920,68467413917,0
68711357918,68711357918,68711357918,68467413917,0
67572885916,67572885916,67572885916,0,0
67634341920,67634341920,67634341920,0,0
67695533920,67695533920,67695533920,0,0
67755925918,67755925918,67755925918,0,0
67817037918,67817037918,67817037918,0,0
67877589920,67877589920,67877589920,0,0
67938645920,67938645920,67938645920,0,0
67999725920,67999725920,67999725920,0,0
68060517920,68060517920,68060517920,67857493920,0
68121229921,68121229921,68121229921,67857493920,0
68182485920,68182485920,68182485920,67857493920,0
68243349920,68243349920,68243349920,67857493920,0
68304717916,68304717916,68304717916,67857493920,0
68366381917,68366381917,68366381917,68161861918,0
68427253920,68427253920,68427253920,68161861918,0
68487525920,68487525920,68487525920,68161861918,0
68548805920,68548805920,68548805920,68161861918,0
68609669920,68609669920,68609669920,68161861918,0
68670709920,68670709920,68670709920,68467413917,0
68731709920,68731709920,68731709920,68467413917,0
67572885916,67572885916,67572885916,0,0
67634341920,67634341920,67634341920,0,0
67695533920,67695533920,67695533920,0,0
67755925918,67755925918,67755925918,0,0
67817037918,67817037918,67817037918,0,0
67877589920,67877589920,67877589920,0,0
67938645920,67938645920,67938645920,0,0
67999725920,67999725920,67999725920,0,0
68060517920,68060517920,68060517920,67857493920,0
68121229921,68121229921,68121229921,67857493920,0
68182485920,68182485920,68182485920,67857493920,0
68243349920,68243349920,68243349920,67857493920,0
68304717916,68304717916,68304717916,67857493920,0
68366381917,68366381917,68366381917,68161861918,0
68427253920,68427253920,68427253920,68161861918,0
68487525920,68487525920,68487525920,68161861918,0
68548805920,68548805920,68548805920,68161861918,0
68609669920,68609669920,68609669920,68161861918,0
68670709920,68670709920,68670709920,68467413917,0
68731709920,68731709920,68731709920,68467413917,0
68751773917,68751773917,68751773917,68467413917,0
67572885916,67572885916,67572885916,0,0
67634341920,67634341920,67634341920,0,0
67695533920,67695533920,67695533920,0,0
67755925918,67755925918,67755925918,0,0
67817037918,67817037918,67817037918,0,0
67877589920,67877589920,67877589920,0,0
67938645920,67938645920,67938645920,0,0
67999725920,67999725920,67999725920,0,0
68060517920,68060517920,68060517920,67857493920,0
68121229921,68121229921,68121229921,67857493920,0
68182485920,68182485920,68182485920,67857493920,0
68243349920,68243349920,68243349920,67857493920,0
68304717916,68304717916,68304717916,67857493920,0
68366381917,68366381917,68366381917,68161861918,0
68427253920,68427253920,68427253920,68161861918,0
68487525920,68487525920,68487525920,68161861918,0
68548805920,68548805920,68548805920,68161861918,0
68609669920,68609669920,68609669920,68161861918,0
68670709920,68670709920,68670709920,68467413917,0
68731709920,68731709920,68731709920,68467413917,0
68772349920,68772349920,68772349920,68467413917,0
67572885916,67572885916,67572885916,0,0
67634341920,67634341920,67634341920,0,0
67695533920,67695533920,67695533920,0,0
67755925918,67755925918,67755925918,0,0
67817037918,67817037918,67817037918,0,0
67877589920,67877589920,67877589920,0,0
67938645920,67938645920,67938645920,0,0
67999725920,67999725920,67999725920,0,0
68060517920,68060517920,68060517920,67857493920,0
68121229921,68121229921,68121229921,67857493920,0
68182485920,68182485920,68182485920,67857493920,0
68243349920,68243349920,68243349920,67857493920,0
68304717916,68304717916,68304717916,67857493920,0
68366381917,68366381917,68366381917,68161861918,0
68427253920,68427253920,68427253920,68161861918,0
68487525920,68487525920,68487525920,68161861918,0
68548805920,68548805920,68548805920,68161861918,0
68609669920,68609669920,68609669920,68161861918,0
68670709920,68670709920,68670709920,68467413917,0
68731709920,68731709920,68731709920,68467413917,0
68792829920,68792829920,68792829920,68467413917,0
67572885916,67572885916,67572885916,0,0
67634341920,67634341920,67634341920,0,0
67695533920,67695533920,67695533920,0,0
67755925918,67755925918,67755925918,0,0
67817037918,67817037918,67817037918,0,0
67877589920,67877589920,67877589920,0,0
67938645920,67938645920,67938645920,0,0
67999725920,67999725920,67999725920,0,0
68060517920,68060517920,68060517920,67857493920,0
68121229921,68121229921,68121229921,67857493920,0
68182485920,68182485920,68182485920,67857493920,0
68243349920,68243349920,68243349920,67857493920,0
68304717916,68304717916,68304717916,67857493920,0
68366381917,68366381917,68366381917,68161861918,0
68427253920,68427253920,68427253920,68161861918,0
68487525920,68487525920,68487525920,68161861918,0
68548805920,68548805920,68548805920,68161861918,0
68609669920,68609669920,68609669920,68161861918,0
68670709920,68670709920,68670709920,68467413917,0
68731709920,68731709920,68731709920,68467413917,0
68792829920,68792829920,68792829920,68467413917,0
68813253920,68813253920,68813253920,68467413917,0
67572885916,67572885916,67572885916,0,0
67634341920,67634341920,67634341920,0,0
67695533920,67695533920,67695533920,0,0
67755925918,67755925918,67755925918,0,0
67817037918,67817037918,67817037918,0,0
67877589920,67877589920,67877589920,0,0
67938645920,67938645920,67938645920,0,0
67999725920,67999725920,67999725920,0,0
68060517920,68060517920,68060517920,67857493920,0
68121229921,68121229921,68121229921,67857493920,0
68182485920,68182485920,68182485920,67857493920,0
68243349920,68243349920,68243349920,67857493920,0
68304717916,68304717916,68304717916,67857493920,0
68366381917,68366381917,68366381917,68161861918,0
68427253920,68427253920,68427253920,68161861918,0
68487525920,68487525920,68487525920,68161861918,0
68548805920,68548805920,68548805920,68161861918,0
68609669920,68609669920,68609669920,68161861918,0
68670709920,68670709920,68670709920,68467413917,0
68731709920,68731709920,68731709920,68467413917,0
68792829920,68792829920,68792829920,68467413917,0
68833509920,68833509920,68833509920,68467413917,0
67572885916,67572885916,67572885916,0,0
67634341920,67634341920,67634341920,0,0
67695533920,67695533920,67695533920,0,0
67755925918,67755925918,67755925918,0,0
67817037918,67817037918,67817037918,0,0
67877589920,67877589920,67877589920,0,0
67938645920,67938645920,67938645920,0,0
67999725920,67999725920,67999725920,0,0
68060517920,68060517920,68060517920,67857493920,0
68121229921,68121229921,68121229921,67857493920,0
68182485920,68182485920,68182485920,67857493920,0
68243349920,68243349920,68243349920,67857493920,0
68304717916,68304717916,68304717916,67857493920,0
68366381917,68366381917,68366381917,68161861918,0
68427253920,68427253920,68427253920,68161861918,0
68487525920,68487525920,68487525920,68161861918,0
68548805920,68548805920,68548805920,68161861918,0
68609669920,68609669920,68609669920,68161861918,0
68670709920,68670709920,68670709920,68467413917,0
68731709920,68731709920,68731709920,68467413917,0
68792829920,68792829920,68792829920,68467413917,0
68854189918,68854189918,68854189918,68467413917,0
67572885916,67572885916,67572885916,0,0
67634341920,67634341920,67634341920,0,0
67695533920,67695533920,67695533920,0,0
67755925918,67755925918,67755925918,0,0
67817037918,67817037918,67817037918,0,0
67877589920,67877589920,67877589920,0,0
67938645920,67938645920,67938645920,0,0
67999725920,67999725920,67999725920,0,0
68060517920,68060517920,68060517920,67857493920,0
68121229921,68121229921,68121229921,67857493920,0
68182485920,68182485920,68182485920,67857493920,0
68243349920,68243349920,68243349920,67857493920,0
68304717916,68304717916,68304717916,67857493920,0
68366381917,68366381917,68366381917,68161861918,0
68427253920,68427253920,68427253920,68161861918,0
68487525920,68487525920,68487525920,68161861918,0
68548805920,68548805920,68548805920,68161861918,0
68609669920,68609669920,68609669920,68161861918,0
68670709920,68670709920,68670709920,68467413917,0
68731709920,68731709920,68731709920,68467413917,0
68792829920,68792829920,68792829920,68467413917,0
68854189918,68854189918,68854189918,68467413917,0
68874357920,68874357920,68874357920,68467413917,0
67572885916,67572885916,67572885916,0,0
67634341920,67634341920,67634341920,0,0
67695533920,67695533920,67695533920,0,0
67755925918,67755925918,67755925918,0,0
67817037918,67817037918,67817037918,0,0
67877589920,67877589920,67877589920,0,0
67938645920,67938645920,67938645920,0,0
67999725920,67999725920,67999725920,0,0
68060517920,68060517920,68060517920,67857493920,0
68121229921,68121229921,68121229921,67857493920,0
68182485920,68182485920,68182485920,67857493920,0
68243349920,68243349920,68243349920,67857493920,0
68304717916,68304717916,68304717916,67857493920,0
68366381917,68366381917,68366381917,68161861918,0
68427253920,68427253920,68427253920,68161861918,0
68487525920,68487525920,68487525920,68161861918,0
68548805920,68548805920,68548805920,68161861918,0
68609669920,68609669920,68609669920,68161861918,0
68670709920,68670709920,68670709920,68467413917,0
68731709920,68731709920,68731709920,68467413917,0
68792829920,68792829920,68792829920,68467413917,0
68854189918,68854189918,68854189918,68467413917,0
68894525917,68894525917,68894525917,68467413917,0
67572885916,67572885916,67572885916,0,0
67634341920,67634341920,67634341920,0,0
67695533920,67695533920,67695533920,0,0
67755925918,67755925918,67755925918,0,0
67817037918,67817037918,67817037918,0,0
67877589920,67877589920,67877589920,0,0
67938645920,67938645920,67938645920,0,0
67999725920,67999725920,67999725920,0,0
68060517920,68060517920,68060517920,67857493920,0
68121229921,68121229921,68121229921,67857493920,0
68182485920,68182485920,68182485920,67857493920,0
68243349920,68243349920,68243349920,67857493920,0
68304717916,68304717916,68304717916,67857493920,0
68366381917,68366381917,68366381917,68161861918,0
68427253920,68427253920,68427253920,68161861918,0
68487525920,68487525920,68487525920,68161861918,0
68548805920,68548805920,68548805920,68161861918,0
68609669920,68609669920,68609669920,68161861918,0
68670709920,68670709920,68670709920,68467413917,0
68731709920,68731709920,68731709920,68467413917,0
68792829920,68792829920,68792829920,68467413917,0
68854189918,68854189918,68854189918,68467413917,0
68915109919,68915109919,68915109919,68467413917,0
67572885916,67572885916,67572885916,0,0
67634341920,67634341920,67634341920,0,0
67695533920,67695533920,67695533920,0,0
67755925918,67755925918,67755925918,0,0
67817037918,67817037918,67817037918,0,0
67877589920,67877589920,67877589920,0,0
67938645920,67938645920,67938645920,0,0
67999725920,67999725920,67999725920,0,0
68060517920,68060517920,68060517920,67857493920,0
68121229921,68121229921,68121229921,67857493920,0
68182485920,68182485920,68182485920,67857493920,0
68243349920,68243349920,68243349920,67857493920,0
68304717916,68304717916,68304717916,67857493920,0
68366381917,68366381917,68366381917,68161861918,0
68427253920,68427253920,68427253920,68161861918,0
68487525920,68487525920,68487525920,68161861918,0
68548805920,68548805920,68548805920,68161861918,0
68609669920,68609669920,68609669920,68161861918,0
68670709920,68670709920,68670709920,68467413917,0
68731709920,68731709920,68731709920,68467413917,0
68792829920,68792829920,68792829920,68467413917,0
68854189918,68854189918,68854189918,68467413917,0
68915109919,68915109919,68915109919,68467413917,0
68935445920,68935445920,68935445920,68467413917,0
67572885916,67572885916,67572885916,0,0
67634341920,67634341920,67634341920,0,0
67695533920,67695533920,67695533920,0,0
67755925918,67755925918,67755925918,0,0
67817037918,67817037918,67817037918,0,0
67877589920,67877589920,67877589920,0,0
67938645920,67938645920,67938645920,0,0
67999725920,67999725920,67999725920,0,0
68060517920,68060517920,68060517920,67857493920,0
68121229921,68121229921,68121229921,67857493920,0
68182485920,68182485920,68182485920,67857493920,0
68243349920,68243349920,68243349920,67857493920,0
68304717916,68304717916,68304717916,67857493920,0
68366381917,68366381917,68366381917,68161861918,0
68427253920,68427253920,68427253920,68161861918,0
68487525920,68487525920,68487525920,68161861918,0
68548805920,68548805920,68548805920,68161861918,0
68609669920,68609669920,68609669920,68161861918,0
68670709920,68670709920,68670709920,68467413917,0
68731709920,68731709920,68731709920,68467413917,0
68792829920,68792829920,68792829920,68467413917,0
68854189918,68854189918,68854189918,68467413917,0
68915109919,68915109919,68915109919,68467413917,0
68955669918,68955669918,68955669918,68772349920,0
67572885916,67572885916,67572885916,0,0
67634341920,67634341920,67634341920,0,0
67695533920,67695533920,67695533920,0,0
67755925918,67755925918,67755925918,0,0
67817037918,67817037918,67817037918,0,0
67877589920,67877589920,67877589920,0,0
67938645920,67938645920,67938645920,0,0
67999725920,67999725920,67999725920,0,0
68060517920,68060517920,68060517920,67857493920,0
68121229921,68121229921,68121229921,67857493920,0
68182485920,68182485920,68182485920,67857493920,0
68243349920,68243349920,68243349920,67857493920,0
68304717916,68304717916,68304717916,67857493920,0
68366381917,68366381917,68366381917,68161861918,0
68427253920,68427253920,68427253920,68161861918,0
68487525920,68487525920,68487525920,68161861918,0
68548805920,68548805920,68548805920,68161861918,0
68609669920,68609669920,68609669920,68161861918,0
68670709920,68670709920,68670709920,68467413917,0
68731709920,68731709920,68731709920,68467413917,0
68792829920,68792829920,68792829920,68467413917,0
68854189918,68854189918,68854189918,68467413917,0
68915109919,68915109919,68915109919,68467413917,0
68976213920,68976213920,68976213920,68772349920,0
67572885916,67572885916,67572885916,0,0
67634341920,67634341920,67634341920,0,0
67695533920,67695533920,67695533920,0,0
67755925918,67755925918,67755925918,0,0
67817037918,67817037918,67817037918,0,0
67877589920,67877589920,67877589920,0,0
67938645920,67938645920,67938645920,0,0
67999725920,67999725920,67999725920,0,0
68060517920,68060517920,68060517920,67857493920,0
68121229921,68121229921,68121229921,67857493920,0
68182485920,68182485920,68182485920,67857493920,0
68243349920,68243349920,68243349920,67857493920,0
68304717916,68304717916,68304717916,67857493920,0
68366381917,68366381917,68366381917,68161861918,0
68427253920,68427253920,68427253920,68161861918,0
68487525920,68487525920,68487525920,68161861918,0
68548805920,68548805920,68548805920,68161861918,0
68609669920,68609669920,68609669920,68161861918,0
68670709920,68670709920,68670709920,68467413917,0
68731709920,68731709920,68731709920,68467413917,0
68792829920,68792829920,68792829920,68467413917,0
68854189918,68854189918,68854189918,68467413917,0
68915109919,68915109919,68915109919,68467413917,0
68976213920,68976213920,68976213920,68772349920,0
68996925920,68996925920,68996925920,68772349920,0
67572885916,67572885916,67572885916,0,0
67634341920,67634341920,67634341920,0,0
67695533920,67695533920,67695533920,0,0
67755925918,67755925918,67755925918,0,0
67817037918,67817037918,67817037918,0,0
67877589920,67877589920,67877589920,0,0
67938645920,67938645920,67938645920,0,0
67999725920,67999725920,67999725920,0,0
68060517920,68060517920,68060517920,67857493920,0
68121229921,68121229921,68121229921,67857493920,0
68182485920,68182485920,68182485920,67857493920,0
68243349920,68243349920,68243349920,67857493920,0
68304717916,68304717916,68304717916,67857493920,0
68366381917,68366381917,68366381917,68161861918,0
68427253920,68427253920,68427253920,68161861918,0
68487525920,68487525920,68487525920,68161861918,0
68548805920,68548805920,68548805920,68161861918,0
68609669920,68609669920,68609669920,68161861918,0
68670709920,68670709920,68670709920,68467413917,0
68731709920,68731709920,68731709920,68467413917,0
68792829920,68792829920,68792829920,68467413917,0
68854189918,68854189918,68854189918,68467413917,0
68915109919,68915109919,68915109919,68467413917,0
68976213920,68976213920,68976213920,68772349920,0
69017013920,69017013920,69017013920,68772349920,0
67572885916,67572885916,67572885916,0,0
67634341920,67634341920,67634341920,0,0
67695533920,67695533920,67695533920,0,0
67755925918,67755925918,67755925918,0,0
67817037918,67817037918,67817037918,0,0
67877589920,67877589920,67877589920,0,0
67938645920,67938645920,67938645920,0,0
67999725920,67999725920,67999725920,0,0
68060517920,68060517920,68060517920,67857493920,0
68121229921,68121229921,68121229921,67857493920,0
68182485920,68182485920,68182485920,67857493920,0
68243349920,68243349920,68243349920,67857493920,0
68304717916,68304717916,68304717916,67857493920,0
68366381917,68366381917,68366381917,68161861918,0
68427253920,68427253920,68427253920,68161861918,0
68487525920,68487525920,68487525920,68161861918,0
68548805920,68548805920,68548805920,68161861918,0
68609669920,68609669920,68609669920,68161861918,0
68670709920,68670709920,68670709920,68467413917,0
68731709920,68731709920,68731709920,68467413917,0
68792829920,68792829920,68792829920,68467413917,0
68854189918,68854189918,68854189918,68467413917,0
68915109919,68915109919,68915109919,68467413917,0
68976213920,68976213920,68976213920,68772349920,0
69037565917,69037565917,69037565917,68772349920,0
67572885916,67572885916,67572885916,0,0
67634341920,67634341920,67634341920,0,0
67695533920,67695533920,67695533920,0,0
67755925918,67755925918,67755925918,0,0
67817037918,67817037918,67817037918,0,0
67877589920,67877589920,67877589920,0,0
67938645920,67938645920,67938645920,0,0
67999725920,67999725920,67999725920,0,0
68060517920,68060517920,68060517920,67857493920,0
68121229921,68121229921,68121229921,67857493920,0
68182485920,68182485920,68182485920,67857493920,0
68243349920,68243349920,68243349920,67857493920,0
68304717916,68304717916,68304717916,67857493920,0
68366381917,68366381917,68366381917,68161861918,0
68427253920,68427253920,68427253920,68161861918,0
68487525920,68487525920,68487525920,68161861918,0
68548805920,68548805920,68548805920,68161861918,0
68609669920,68609669920,68609669920,68161861918,0
68670709920,68670709920,68670709920,68467413917,0
68731709920,68731709920,68731709920,68467413917,0
68792829920,68792829920,68792829920,68467413917,0
68854189918,68854189918,68854189918,68467413917,0
68915109919,68915109919,68915109919,68467413917,0
68976213920,68976213920,68976213920,68772349920,0
69037565917,69037565917,69037565917,68772349920,0
69058013916,69058013916,69058013916,68772349920,0
67572885916,67572885916,67572885916,0,0
67634341920,67634341920,67634341920,0,0
67695533920,67695533920,67695533920,0,0
67755925918,67755925918,67755925918,0,0
67817037918,67817037918,67817037918,0,0
67877589920,67877589920,67877589920,0,0
67938645920,67938645920,67938645920,0,0
67999725920,67999725920,67999725920,0,0
68060517920,68060517920,68060517920,67857493920,0
68121229921,68121229921,68121229921,67857493920,0
68182485920,68182485920,68182485920,67857493920,0
68243349920,68243349920,68243349920,67857493920,0
68304717916,68304717916,68304717916,67857493920,0
68366381917,68366381917,68366381917,68161861918,0
68427253920,68427253920,68427253920,68161861918,0
68487525920,68487525920,68487525920,68161861918,0
68548805920,68548805920,68548805920,68161861918,0
68609669920,68609669920,68609669920,68161861918,0
68670709920,68670709920,68670709920,68467413917,0
68731709920,68731709920,68731709920,68467413917,0
68792829920,68792829920,68792829920,68467413917,0
68854189918,68854189918,68854189918,68467413917,0
68915109919,68915109919,68915109919,68467413917,0
68976213920,68976213920,68976213920,68772349920,0
69037565917,69037565917,69037565917,68772349920,0
69078029918,69078029918,69078029918,68772349920,0
67572885916,67572885916,67572885916,0,0
67634341920,67634341920,67634341920,0,0
67695533920,67695533920,67695533920,0,0
67755925918,67755925918,67755925918,0,0
67817037918,67817037918,67817037918,0,0
67877589920,67877589920,67877589920,0,0
67938645920,67938645920,67938645920,0,0
67999725920,67999725920,67999725920,0,0
68060517920,68060517920,68060517920,67857493920,0
68121229921,68121229921,68121229921,67857493920,0
68182485920,68182485920,68182485920,67857493920,0
68243349920,68243349920,68243349920,67857493920,0
68304717916,68304717916,68304717916,67857493920,0
68366381917,68366381917,68366381917,68161861918,0
68427253920,68427253920,68427253920,68161861918,0
68487525920,68487525920,68487525920,68161861918,0
68548805920,68548805920,68548805920,68161861918,0
68609669920,68609669920,68609669920,68161861918,0
68670709920,68670709920,68670709920,68467413917,0
68731709920,68731709920,68731709920,68467413917,0
68792829920,68792829920,68792829920,68467413917,0
68854189918,68854189918,68854189918,68467413917,0
68915109919,68915109919,68915109919,68467413917,0
68976213920,68976213920,68976213920,68772349920,0
69037565917,69037565917,69037565917,68772349920,0
69098181920,69098181920,69098181920,68772349920,0
67572885916,67572885916,67572885916,0,0
67634341920,67634341920,67634341920,0,0
67695533920,67695533920,67695533920,0,0
67755925918,67755925918,67755925918,0,0
67817037918,67817037918,67817037918,0,0
67877589920,67877589920,67877589920,0,0
67938645920,67938645920,67938645920,0,0
67999725920,67999725920,67999725920,0,0
68060517920,68060517920,68060517920,67857493920,0
68121229921,68121229921,68121229921,67857493920,0
68182485920,68182485920,68182485920,67857493920,0
68243349920,68243349920,68243349920,67857493920,0
68304717916,68304717916,68304717916,67857493920,0
68366381917,68366381917,68366381917,68161861918,0
68427253920,68427253920,68427253920,68161861918,0
68487525920,68487525920,68487525920,68161861918,0
68548805920,68548805920,68548805920,68161861918,0
68609669920,68609669920,68609669920,68161861918,0
68670709920,68670709920,68670709920,68467413917,0
68731709920,68731709920,68731709920,68467413917,0
68792829920,68792829920,68792829920,68467413917,0
68854189918,68854189918,68854189918,68467413917,0
68915109919,68915109919,68915109919,68467413917,0
68976213920,68976213920,68976213920,68772349920,0
69037565917,69037565917,69037565917,68772349920,0
69098181920,69098181920,69098181920,68772349920,0
69118757920,69118757920,69118757920,68772349920,0
67572885916,67572885916,67572885916,0,0
67634341920,67634341920,67634341920,0,0
67695533920,67695533920,67695533920,0,0
67755925918,67755925918,67755925918,0,0
67817037918,67817037918,67817037918,0,0
67877589920,67877589920,67877589920,0,0
67938645920,67938645920,67938645920,0,0
67999725920,67999725920,67999725920,0,0
68060517920,68060517920,68060517920,67857493920,0
68121229921,68121229921,68121229921,67857493920,0
68182485920,68182485920,68182485920,67857493920,0
68243349920,68243349920,68243349920,67857493920,0
68304717916,68304717916,68304717916,67857493920,0
68366381917,68366381917,68366381917,68161861918,0
68427253920,68427253920,68427253920,68161861918,0
68487525920,68487525920,68487525920,68161861918,0
68548805920,68548805920,68548805920,68161861918,0
68609669920,68609669920,68609669920,68161861918,0
68670709920,68670709920,68670709920,68467413917,0
68731709920,68731709920,68731709920,68467413917,0
68792829920,68792829920,68792829920,68467413917,0
68854189918,68854189918,68854189918,68467413917,0
68915109919,68915109919,68915109919,68467413917,0
68976213920,68976213920,68976213920,68772349920,0
69037565917,69037565917,69037565917,68772349920,0
69098181920,69098181920,69098181920,68772349920,0
69139109920,69139109920,69139109920,68772349920,0
67572885916,67572885916,67572885916,0,0
67634341920,67634341920,67634341920,0,0
67695533920,67695533920,67695533920,0,0
67755925918,67755925918,67755925918,0,0
67817037918,67817037918,67817037918,0,0
67877589920,67877589920,67877589920,0,0
67938645920,67938645920,67938645920,0,0
67999725920,67999725920,67999725920,0,0
68060517920,68060517920,68060517920,67857493920,0
68121229921,68121229921,68121229921,67857493920,0
68182485920,68182485920,68182485920,67857493920,0
68243349920,68243349920,68243349920,67857493920,0
68304717916,68304717916,68304717916,67857493920,0
68366381917,68366381917,68366381917,68161861918,0
68427253920,68427253920,68427253920,68161861918,0
68487525920,68487525920,68487525920,68161861918,0
68548805920,68548805920,68548805920,68161861918,0
68609669920,68609669920,68609669920,68161861918,0
68670709920,68670709920,68670709920,68467413917,0
68731709920,68731709920,68731709920,68467413917,0
68792829920,68792829920,68792829920,68467413917,0
68854189918,68854189918,68854189918,68467413917,0
68915109919,68915109919,68915109919,68467413917,0
68976213920,68976213920,68976213920,68772349920,0
69037565917,69037565917,69037565917,68772349920,0
69098181920,69098181920,69098181920,68772349920,0
69159517920,69159517920,69159517920,68772349920,0
67572885916,67572885916,67572885916,0,0
67634341920,67634341920,67634341920,0,0
67695533920,67695533920,67695533920,0,0
67755925918,67755925918,67755925918,0,0
67817037918,67817037918,67817037918,0,0
67877589920,67877589920,67877589920,0,0
67938645920,67938645920,67938645920,0,0
67999725920,67999725920,67999725920,0,0
68060517920,68060517920,68060517920,67857493920,0
68121229921,68121229921,68121229921,67857493920,0
68182485920,68182485920,68182485920,67857493920,0
68243349920,68243349920,68243349920,67857493920,0
68304717916,68304717916,68304717916,67857493920,0
68366381917,68366381917,68366381917,68161861918,0
68427253920,68427253920,68427253920,68161861918,0
68487525920,68487525920,68487525920,68161861918,0
68548805920,68548805920,68548805920,68161861918,0
68609669920,68609669920,68609669920,68161861918,0
68670709920,68670709920,68670709920,68467413917,0
68731709920,68731709920,68731709920,68467413917,0
68792829920,68792829920,68792829920,68467413917,0
68854189918,68854189918,68854189918,68467413917,0
68915109919,68915109919,68915109919,68467413917,0
68976213920,68976213920,68976213920,68772349920,0
69037565917,69037565917,69037565917,68772349920,0
69098181920,69098181920,69098181920,68772349920,0
69159517920,69159517920,69159517920,68772349920,0
69179621918,69179621918,69179621918,68772349920,0
67572885916,67572885916,67572885916,0,0
67634341920,67634341920,67634341920,0,0
67695533920,67695533920,67695533920,0,0
67755925918,67755925918,67755925918,0,0
67817037918,67817037918,67817037918,0,0
67877589920,67877589920,67877589920,0,0
67938645920,67938645920,67938645920,0,0
67999725920,67999725920,67999725920,0,0
68060517920,68060517920,68060517920,67857493920,0
68121229921,68121229921,68121229921,67857493920,0
68182485920,68182485920,68182485920,67857493920,0
68243349920,68243349920,68243349920,67857493920,0
68304717916,68304717916,68304717916,67857493920,0
68366381917,68366381917,68366381917,68161861918,0
68427253920,68427253920,68427253920,68161861918,0
68487525920,68487525920,68487525920,68161861918,0
68548805920,68548805920,68548805920,68161861918,0
68609669920,68609669920,68609669920,68161861918,0
68670709920,68670709920,68670709920,68467413917,0
68731709920,68731709920,68731709920,68467413917,0
68792829920,68792829920,68792829920,68467413917,0
68854189918,68854189918,68854189918,68467413917,0
68915109919,68915109919,68915109919,68467413917,0
68976213920,68976213920,68976213920,68772349920,0
69037565917,69037565917,69037565917,68772349920,0
69098181920,69098181920,69098181920,68772349920,0
69159517920,69159517920,69159517920,68772349920,0
69199765917,69199765917,69199765917,68772349920,0
67572885916,67572885916,67572885916,0,0
67634341920,67634341920,67634341920,0,0
67695533920,67695533920,67695533920,0,0
67755925918,67755925918,67755925918,0,0
67817037918,67817037918,67817037918,0,0
67877589920,67877589920,67877589920,0,0
67938645920,67938645920,67938645920,0,0
67999725920,67999725920,67999725920,0,0
68060517920,68060517920,68060517920,67857493920,0
68121229921,68121229921,68121229921,67857493920,0
68182485920,68182485920,68182485920,67857493920,0
68243349920,68243349920,68243349920,67857493920,0
68304717916,68304717916,68304717916,67857493920,0
68366381917,68366381917,68366381917,68161861918,0
68427253920,68427253920,68427253920,68161861918,0
68487525920,68487525920,68487525920,68161861918,0
68548805920,68548805920,68548805920,68161861918,0
68609669920,68609669920,68609669920,68161861918,0
68670709920,68670709920,68670709920,68467413917,0
68731709920,68731709920,68731709920,68467413917,0
68792829920,68792829920,68792829920,68467413917,0
68854189918,68854189918,68854189918,68467413917,0
68915109919,68915109919,68915109919,68467413917,0
68976213920,68976213920,68976213920,68772349920,0
69037565917,69037565917,69037565917,68772349920,0
69098181920,69098181920,69098181920,68772349920,0
69159517920,69159517920,69159517920,68772349920,0
69220069920,69220069920,69220069920,68772349920,0
67572885916,67572885916,67572885916,0,0
67634341920,67634341920,67634341920,0,0
67695533920,67695533920,67695533920,0,0
67755925918,67755925918,67755925918,0,0
67817037918,67817037918,67817037918,0,0
67877589920,67877589920,67877589920,0,0
67938645920,67938645920,67938645920,0,0
67999725920,67999725920,67999725920,0,0
68060517920,68060517920,68060517920,67857493920,0
68121229921,68121229921,68121229921,67857493920,0
68182485920,68182485920,68182485920,67857493920,0
68243349920,68243349920,68243349920,67857493920,0
68304717916,68304717916,68304717916,67857493920,0
68366381917,68366381917,68366381917,68161861918,0
68427253920,68427253920,68427253920,68161861918,0
68487525920,68487525920,68487525920,68161861918,0
68548805920,68548805920,68548805920,68161861918,0
68609669920,68609669920,68609669920,68161861918,0
68670709920,68670709920,68670709920,68467413917,0
68731709920,68731709920,68731709920,68467413917,0
68792829920,68792829920,68792829920,68467413917,0
68854189918,68854189918,68854189918,68467413917,0
68915109919,68915109919,68915109919,68467413917,0
68976213920,68976213920,68976213920,68772349920,0
69037565917,69037565917,69037565917,68772349920,0
69098181920,69098181920,69098181920,68772349920,0
69159517920,69159517920,69159517920,68772349920,0
69220069920,69220069920,69220069920,68772349920,0
69240357916,69240357916,69240357916,68772349920,0
67572885916,67572885916,67572885916,0,0
67634341920,67634341920,67634341920,0,0
67695533920,67695533920,67695533920,0,0
67755925918,67755925918,67755925918,0,0
67817037918,67817037918,67817037918,0,0
67877589920,67877589920,67877589920,0,0
67938645920,67938645920,67938645920,0,0
67999725920,67999725920,67999725920,0,0
68060517920,68060517920,68060517920,67857493920,0
68121229921,68121229921,68121229921,67857493920,0
68182485920,68182485920,68182485920,67857493920,0
68243349920,68243349920,68243349920,67857493920,0
68304717916,68304717916,68304717916,67857493920,0
68366381917,68366381917,68366381917,68161861918,0
68427253920,68427253920,68427253920,68161861918,0
68487525920,68487525920,68487525920,68161861918,0
68548805920,68548805920,68548805920,68161861918,0
68609669920,68609669920,68609669920,68161861918,0
68670709920,68670709920,68670709920,68467413917,0
68731709920,68731709920,68731709920,68467413917,0
68792829920,68792829920,68792829920,68467413917,0
68854189918,68854189918,68854189918,68467413917,0
68915109919,68915109919,68915109919,68467413917,0
68976213920,68976213920,68976213920,68772349920,0
69037565917,69037565917,69037565917,68772349920,0
69098181920,69098181920,69098181920,68772349920,0
69159517920,69159517920,69159517920,68772349920,0
69220069920,69220069920,69220069920,68772349920,0
69260653920,69260653920,69260653920,69078029918,0
67572885916,67572885916,67572885916,0,0
67634341920,67634341920,67634341920,0,0
67695533920,67695533920,67695533920,0,0
67755925918,67755925918,67755925918,0,0
67817037918,67817037918,67817037918,0,0
67877589920,67877589920,67877589920,0,0
67938645920,67938645920,67938645920,0,0
67999725920,67999725920,67999725920,0,0
68060517920,68060517920,68060517920,67857493920,0
68121229921,68121229921,68121229921,67857493920,0
68182485920,68182485920,68182485920,67857493920,0
68243349920,68243349920,68243349920,67857493920,0
68304717916,68304717916,68304717916,67857493920,0
68366381917,68366381917,68366381917,68161861918,0
68427253920,68427253920,68427253920,68161861918,0
68487525920,68487525920,68487525920,68161861918,0
68548805920,68548805920,68548805920,68161861918,0
68609669920,68609669920,68609669920,68161861918,0
68670709920,68670709920,68670709920,68467413917,0
68731709920,68731709920,68731709920,68467413917,0
68792829920,68792829920,68792829920,68467413917,0
68854189918,68854189918,68854189918,68467413917,0
68915109919,68915109919,68915109919,68467413917,0
68976213920,68976213920,68976213920,68772349920,0
69037565917,69037565917,69037565917,68772349920,0
69098181920,69098181920,69098181920,68772349920,0
69159517920,69159517920,69159517920,68772349920,0
69220069920,69220069920,69220069920,68772349920,0
69281221917,69281221917,69281221917,69078029918,0
67572885916,67572885916,67572885916,0,0
67634341920,67634341920,67634341920,0,0
67695533920,67695533920,67695533920,0,0
67755925918,67755925918,67755925918,0,0
67817037918,67817037918,67817037918,0,0
67877589920,67877589920,67877589920,0,0
67938645920,67938645920,67938645920,0,0
67999725920,67999725920,67999725920,0,0
68060517920,68060517920,68060517920,67857493920,0
68121229921,68121229921,68121229921,67857493920,0
68182485920,68182485920,68182485920,67857493920,0
68243349920,68243349920,68243349920,67857493920,0
68304717916,68304717916,68304717916,67857493920,0
68366381917,68366381917,68366381917,68161861918,0
68427253920,68427253920,68427253920,68161861918,0
68487525920,68487525920,68487525920,68161861918,0
68548805920,68548805920,68548805920,68161861918,0
68609669920,68609669920,68609669920,68161861918,0
68670709920,68670709920,68670709920,68467413917,0
68731709920,68731709920,68731709920,68467413917,0
68792829920,68792829920,68792829920,68467413917,0
68854189918,68854189918,68854189918,68467413917,0
68915109919,68915109919,68915109919,68467413917,0
68976213920,68976213920,68976213920,68772349920,0
69037565917,69037565917,69037565917,68772349920,0
69098181920,69098181920,69098181920,68772349920,0
69159517920,69159517920,69159517920,68772349920,0
69220069920,69220069920,69220069920,68772349920,0
69281221917,69281221917,69281221917,69078029918,0
69301349917,69301349917,69301349917,69078029918,0
67572885916,67572885916,67572885916,0,0
67634341920,67634341920,67634341920,0,0
67695533920,67695533920,67695533920,0,0
67755925918,67755925918,67755925918,0,0
67817037918,67817037918,67817037918,0,0
67877589920,67877589920,67877589920,0,0
67938645920,67938645920,67938645920,0,0
67999725920,67999725920,67999725920,0,0
68060517920,68060517920,68060517920,67857493920,0
68121229921,68121229921,68121229921,67857493920,0
68182485920,68182485920,68182485920,67857493920,0
68243349920,68243349920,68243349920,67857493920,0
68304717916,68304717916,68304717916,67857493920,0
68366381917,68366381917,68366381917,68161861918,0
68427253920,68427253920,68427253920,68161861918,0
68487525920,68487525920,68487525920,68161861918,0
68548805920,68548805920,68548805920,68161861918,0
68609669920,68609669920,68609669920,68161861918,0
68670709920,68670709920,68670709920,68467413917,0
68731709920,68731709920,68731709920,68467413917,0
68792829920,68792829920,68792829920,68467413917,0
68854189918,68854189918,68854189918,68467413917,0
68915109919,68915109919,68915109919,68467413917,0
68976213920,68976213920,68976213920,68772349920,0
69037565917,69037565917,69037565917,68772349920,0
69098181920,69098181920,69098181920,68772349920,0
69159517920,69159517920,69159517920,68772349920,0
69220069920,69220069920,69220069920,68772349920,0
69281221917,69281221917,69281221917,69078029918,0
69321909916,69321909916,69321909916,69078029918,0
67572885916,67572885916,67572885916,0,0
67634341920,67634341920,67634341920,0,0
67695533920,67695533920,67695533920,0,0
67755925918,67755925918,67755925918,0,0
67817037918,67817037918,67817037918,0,0
67877589920,67877589920,67877589920,0,0
67938645920,67938645920,67938645920,0,0
67999725920,67999725920,67999725920,0,0
68060517920,68060517920,68060517920,67857493920,0
68121229921,68121229921,68121229921,67857493920,0
68182485920,68182485920,68182485920,67857493920,0
68243349920,68243349920,68243349920,67857493920,0
68304717916,68304717916,68304717916,67857493920,0
68366381917,68366381917,68366381917,68161861918,0
68427253920,68427253920,68427253920,68161861918,0
68487525920,68487525920,68487525920,68161861918,0
68548805920,68548805920,68548805920,68161861918,0
68609669920,68609669920,68609669920,68161861918,0
68670709920,68670709920,68670709920,68467413917,0
68731709920,68731709920,68731709920,68467413917,0
68792829920,68792829920,68792829920,68467413917,0
68854189918,68854189918,68854189918,68467413917,0
68915109919,68915109919,68915109919,68467413917,0
68976213920,68976213920,68976213920,68772349920,0
69037565917,69037565917,69037565917,68772349920,0
69098181920,69098181920,69098181920,68772349920,0
69159517920,69159517920,69159517920,68772349920,0
69220069920,69220069920,69220069920,68772349920,0
69281221917,69281221917,69281221917,69078029918,0
69342085920,69342085920,69342085920,69078029918,0
67572885916,67572885916,67572885916,0,0
67634341920,67634341920,67634341920,0,0
67695533920,67695533920,67695533920,0,0
67755925918,67755925918,67755925918,0,0
67817037918,67817037918,67817037918,0,0
67877589920,67877589920,67877589920,0,0
67938645920,67938645920,67938645920,0,0
67999725920,67999725920,67999725920,0,0
68060517920,68060517920,68060517920,67857493920,0
68121229921,68121229921,68121229921,67857493920,0
68182485920,68182485920,68182485920,67857493920,0
68243349920,68243349920,68243349920,67857493920,0
68304717916,68304717916,68304717916,67857493920,0
68366381917,68366381917,68366381917,68161861918,0
68427253920,68427253920,68427253920,68161861918,0
68487525920,68487525920,68487525920,68161861918,0
68548805920,68548805920,68548805920,68161861918,0
68609669920,68609669920,68609669920,68161861918,0
68670709920,68670709920,68670709920,68467413917,0
68731709920,68731709920,68731709920,68467413917,0
68792829920,68792829920,68792829920,68467413917,0
68854189918,68854189918,68854189918,68467413917,0
68915109919,68915109919,68915109919,68467413917,0
68976213920,68976213920,68976213920,68772349920,0
69037565917,69037565917,69037565917,68772349920,0
69098181920,69098181920,69098181920,68772349920,0
69159517920,69159517920,69159517920,68772349920,0
69220069920,69220069920,69220069920,68772349920,0
69281221917,69281221917,69281221917,69078029918,0
69342085920,69342085920,69342085920,69078029918,0
69362477920,69362477920,69362477920,69078029918,0
67572885916,67572885916,67572885916,0,0
67634341920,67634341920,67634341920,0,0
67695533920,67695533920,67695533920,0,0
67755925918,67755925918,67755925918,0,0
67817037918,67817037918,67817037918,0,0
67877589920,67877589920,67877589920,0,0
67938645920,67938645920,67938645920,0,0
67999725920,67999725920,67999725920,0,0
68060517920,68060517920,68060517920,67857493920,0
68121229921,68121229921,68121229921,67857493920,0
68182485920,68182485920,68182485920,67857493920,0
68243349920,68243349920,68243349920,67857493920,0
68304717916,68304717916,68304717916,67857493920,0
68366381917,68366381917,68366381917,68161861918,0
68427253920,68427253920,68427253920,68161861918,0
68487525920,68487525920,68487525920,68161861918,0
68548805920,68548805920,68548805920,68161861918,0
68609669920,68609669920,68609669920,68161861918,0
68670709920,68670709920,68670709920,68467413917,0
68731709920,68731709920,68731709920,68467413917,0
68792829920,68792829920,68792829920,68467413917,0
68854189918,68854189918,68854189918,68467413917,0
68915109919,68915109919,68915109919,68467413917,0
68976213920,68976213920,68976213920,68772349920,0
69037565917,69037565917,69037565917,68772349920,0
69098181920,69098181920,69098181920,68772349920,0
69159517920,69159517920,69159517920,68772349920,0
69220069920,69220069920,69220069920,68772349920,0
69281221917,69281221917,69281221917,69078029918,0
69342085920,69342085920,69342085920,69078029918,0
69382797918,69382797918,69382797918,69078029918,0
67572885916,67572885916,67572885916,0,0
67634341920,67634341920,67634341920,0,0
67695533920,67695533920,67695533920,0,0
67755925918,67755925918,67755925918,0,0
67817037918,67817037918,67817037918,0,0
67877589920,67877589920,67877589920,0,0
67938645920,67938645920,67938645920,0,0
67999725920,67999725920,67999725920,0,0
68060517920,68060517920,68060517920,67857493920,0
68121229921,68121229921,68121229921,67857493920,0
68182485920,68182485920,68182485920,67857493920,0
68243349920,68243349920,68243349920,67857493920,0
68304717916,68304717916,68304717916,67857493920,0
68366381917,68366381917,68366381917,68161861918,0
68427253920,68427253920,68427253920,68161861918,0
68487525920,68487525920,68487525920,68161861918,0
68548805920,68548805920,68548805920,68161861918,0
68609669920,68609669920,68609669920,68161861918,0
68670709920,68670709920,68670709920,68467413917,0
68731709920,68731709920,68731709920,68467413917,0
68792829920,68792829920,68792829920,68467413917,0
68854189918,68854189918,68854189918,68467413917,0
68915109919,68915109919,68915109919,68467413917,0
68976213920,68976213920,68976213920,68772349920,0
69037565917,69037565917,69037565917,68772349920,0
69098181920,69098181920,69098181920,68772349920,0
69159517920,69159517920,69159517920,68772349920,0
69220069920,69220069920,69220069920,68772349920,0
69281221917,69281221917,69281221917,69078029918,0
69342085920,69342085920,69342085920,69078029918,0
69402813920,69402813920,69402813920,69078029918,0
67572885916,67572885916,67572885916,0,0
67634341920,67634341920,67634341920,0,0
67695533920,67695533920,67695533920,0,0
67755925918,67755925918,67755925918,0,0
67817037918,67817037918,67817037918,0,0
67877589920,67877589920,67877589920,0,0
67938645920,67938645920,67938645920,0,0
67999725920,67999725920,67999725920,0,0
68060517920,68060517920,68060517920,67857493920,0
68121229921,68121229921,68121229921,67857493920,0
68182485920,68182485920,68182485920,67857493920,0
68243349920,68243349920,68243349920,67857493920,0
68304717916,68304717916,68304717916,67857493920,0
68366381917,68366381917,68366381917,68161861918,0
68427253920,68427253920,68427253920,68161861918,0
68487525920,68487525920,68487525920,68161861918,0
68548805920,68548805920,68548805920,68161861918,0
68609669920,68609669920,68609669920,68161861918,0
68670709920,68670709920,68670709920,68467413917,0
68731709920,68731709920,68731709920,68467413917,0
68792829920,68792829920,68792829920,68467413917,0
68854189918,68854189918,68854189918,68467413917,0
68915109919,68915109919,68915109919,68467413917,0
68976213920,68976213920,68976213920,68772349920,0
69037565917,69037565917,69037565917,68772349920,0
69098181920,69098181920,69098181920,68772349920,0
69159517920,69159517920,69159517920,68772349920,0
69220069920,69220069920,69220069920,68772349920,0
69281221917,69281221917,69281221917,69078029918,0
69342085920,69342085920,69342085920,69078029918,0
69402813920,69402813920,69402813920,69078029918,0
69423509916,69423509916,69423509916,69078029918,0
67572885916,67572885916,67572885916,0,0
67634341920,67634341920,67634341920,0,0
67695533920,67695533920,67695533920,0,0
67755925918,67755925918,67755925918,0,0
67817037918,67817037918,67817037918,0,0
67877589920,67877589920,67877589920,0,0
67938645920,67938645920,67938645920,0,0
67999725920,67999725920,67999725920,0,0
68060517920,68060517920,68060517920,67857493920,0
68121229921,68121229921,68121229921,67857493920,0
68182485920,68182485920,68182485920,67857493920,0
68243349920,68243349920,68243349920,67857493920,0
68304717916,68304717916,68304717916,67857493920,0
68366381917,68366381917,68366381917,68161861918,0
68427253920,68427253920,68427253920,68161861918,0
68487525920,68487525920,68487525920,68161861918,0
68548805920,68548805920,68548805920,68161861918,0
68609669920,68609669920,68609669920,68161861918,0
68670709920,68670709920,68670709920,68467413917,0
68731709920,68731709920,68731709920,68467413917,0
68792829920,68792829920,68792829920,68467413917,0
68854189918,68854189918,68854189918,68467413917,0
68915109919,68915109919,68915109919,68467413917,0
68976213920,68976213920,68976213920,68772349920,0
69037565917,69037565917,69037565917,68772349920,0
69098181920,69098181920,69098181920,68772349920,0
69159517920,69159517920,69159517920,68772349920,0
69220069920,69220069920,69220069920,68772349920,0
69281221917,69281221917,69281221917,69078029918,0
69342085920,69342085920,69342085920,69078029918,0
69402813920,69402813920,69402813920,69078029918,0
69443789920,69443789920,69443789920,69078029918,0
67572885916,67572885916,67572885916,0,0
67634341920,67634341920,67634341920,0,0
67695533920,67695533920,67695533920,0,0
67755925918,67755925918,67755925918,0,0
67817037918,67817037918,67817037918,0,0
67877589920,67877589920,67877589920,0,0
67938645920,67938645920,67938645920,0,0
67999725920,67999725920,67999725920,0,0
68060517920,68060517920,68060517920,67857493920,0
68121229921,68121229921,68121229921,67857493920,0
68182485920,68182485920,68182485920,67857493920,0
68243349920,68243349920,68243349920,67857493920,0
68304717916,68304717916,68304717916,67857493920,0
68366381917,68366381917,68366381917,68161861918,0
68427253920,68427253920,68427253920,68161861918,0
68487525920,68487525920,68487525920,68161861918,0
68548805920,68548805920,68548805920,68161861918,0
68609669920,68609669920,68609669920,68161861918,0
68670709920,68670709920,68670709920,68467413917,0
68731709920,68731709920,68731709920,68467413917,0
68792829920,68792829920,68792829920,68467413917,0
68854189918,68854189918,68854189918,68467413917,0
68915109919,68915109919,68915109919,68467413917,0
68976213920,68976213920,68976213920,68772349920,0
69037565917,69037565917,69037565917,68772349920,0
69098181920,69098181920,69098181920,68772349920,0
69159517920,69159517920,69159517920,68772349920,0
69220069920,69220069920,69220069920,68772349920,0
69281221917,69281221917,69281221917,69078029918,0
69342085920,69342085920,69342085920,69078029918,0
69402813920,69402813920,69402813920,69078029918,0
69464333920,69464333920,69464333920,69078029918,0
67572885916,67572885916,67572885916,0,0
67634341920,67634341920,67634341920,0,0
67695533920,67695533920,67695533920,0,0
67755925918,67755925918,67755925918,0,0
67817037918,67817037918,67817037918,0,0
67877589920,67877589920,67877589920,0,0
67938645920,67938645920,67938645920,0,0
67999725920,67999725920,67999725920,0,0
68060517920,68060517920,68060517920,67857493920,0
68121229921,68121229921,68121229921,67857493920,0
68182485920,68182485920,68182485920,67857493920,0
68243349920,68243349920,68243349920,67857493920,0
68304717916,68304717916,68304717916,67857493920,0
68366381917,68366381917,68366381917,68161861918,0
68427253920,68427253920,68427253920,68161861918,0
68487525920,68487525920,68487525920,68161861918,0
68548805920,68548805920,68548805920,68161861918,0
68609669920,68609669920,68609669920,68161861918,0
68670709920,68670709920,68670709920,68467413917,0
68731709920,68731709920,68731709920,68467413917,0
68792829920,68792829920,68792829920,68467413917,0
68854189918,68854189918,68854189918,68467413917,0
68915109919,68915109919,68915109919,68467413917,0
68976213920,68976213920,68976213920,68772349920,0
69037565917,69037565917,69037565917,68772349920,0
69098181920,69098181920,69098181920,68772349920,0
69159517920,69159517920,69159517920,68772349920,0
69220069920,69220069920,69220069920,68772349920,0
69281221917,69281221917,69281221917,69078029918,0
69342085920,69342085920,69342085920,69078029918,0
69402813920,69402813920,69402813920,69078029918,0
69464333920,69464333920,69464333920,69078029918,0
69484573918,69484573918,69484573918,69078029918,0
67572885916,67572885916,67572885916,0,0
67634341920,67634341920,67634341920,0,0
67695533920,67695533920,67695533920,0,0
67755925918,67755925918,67755925918,0,0
67817037918,67817037918,67817037918,0,0
67877589920,67877589920,67877589920,0,0
67938645920,67938645920,67938645920,0,0
67999725920,67999725920,67999725920,0,0
68060517920,68060517920,68060517920,67857493920,0
68121229921,68121229921,68121229921,67857493920,0
68182485920,68182485920,68182485920,67857493920,0
68243349920,68243349920,68243349920,67857493920,0
68304717916,68304717916,68304717916,67857493920,0
68366381917,68366381917,68366381917,68161861918,0
68427253920,68427253920,68427253920,68161861918,0
68487525920,68487525920,68487525920,68161861918,0
68548805920,68548805920,68548805920,68161861918,0
68609669920,68609669920,68609669920,68161861918,0
68670709920,68670709920,68670709920,68467413917,0
68731709920,68731709920,68731709920,68467413917,0
68792829920,68792829920,68792829920,68467413917,0
68854189918,68854189918,68854189918,68467413917,0
68915109919,68915109919,68915109919,68467413917,0
68976213920,68976213920,68976213920,68772349920,0
69037565917,69037565917,69037565917,68772349920,0
69098181920,69098181920,69098181920,68772349920,0
69159517920,69159517920,69159517920,68772349920,0
69220069920,69220069920,69220069920,68772349920,0
69281221917,69281221917,69281221917,69078029918,0
69342085920,69342085920,69342085920,69078029918,0
69402813920,69402813920,69402813920,69078029918,0
69464333920,69464333920,69464333920,69078029918,0
69504645920,69504645920,69504645920,69078029918,0
67572885916,67572885916,67572885916,0,0
67634341920,67634341920,67634341920,0,0
67695533920,67695533920,67695533920,0,0
67755925918,67755925918,67755925918,0,0
67817037918,67817037918,67817037918,0,0
67877589920,67877589920,67877589920,0,0
67938645920,67938645920,67938645920,0,0
67999725920,67999725920,67999725920,0,0
68060517920,68060517920,68060517920,67857493920,0
68121229921,68121229921,68121229921,67857493920,0
68182485920,68182485920,68182485920,67857493920,0
68243349920,68243349920,68243349920,67857493920,0
68304717916,68304717916,68304717916,67857493920,0
68366381917,68366381917,68366381917,68161861918,0
68427253920,68427253920,68427253920,68161861918,0
68487525920,68487525920,68487525920,68161861918,0
68548805920,68548805920,68548805920,68161861918,0
68609669920,68609669920,68609669920,68161861918,0
68670709920,68670709920,68670709920,68467413917,0
68731709920,68731709920,68731709920,68467413917,0
68792829920,68792829920,68792829920,68467413917,0
68854189918,68854189918,68854189918,68467413917,0
68915109919,68915109919,68915109919,68467413917,0
68976213920,68976213920,68976213920,68772349920,0
69037565917,69037565917,69037565917,68772349920,0
69098181920,69098181920,69098181920,68772349920,0
69159517920,69159517920,69159517920,68772349920,0
69220069920,69220069920,69220069920,68772349920,0
69281221917,69281221917,69281221917,69078029918,0
69342085920,69342085920,69342085920,69078029918,0
69402813920,69402813920,69402813920,69078029918,0
69464333920,69464333920,69464333920,69078029918,0
69524661920,69524661920,69524661920,69078029918,0
67572885916,67572885916,67572885916,0,0
67634341920,67634341920,67634341920,0,0
67695533920,67695533920,67695533920,0,0
67755925918,67755925918,67755925918,0,0
67817037918,67817037918,67817037918,0,0
67877589920,67877589920,67877589920,0,0
67938645920,67938645920,67938645920,0,0
67999725920,67999725920,67999725920,0,0
68060517920,68060517920,68060517920,67857493920,0
68121229921,68121229921,68121229921,67857493920,0
68182485920,68182485920,68182485920,67857493920,0
68243349920,68243349920,68243349920,67857493920,0
68304717916,68304717916,68304717916,67857493920,0
68366381917,68366381917,68366381917,68161861918,0
68427253920,68427253920,68427253920,68161861918,0
68487525920,68487525920,68487525920,68161861918,0
68548805920,68548805920,68548805920,68161861918,0
68609669920,68609669920,68609669920,68161861918,0
68670709920,68670709920,68670709920,68467413917,0
68731709920,68731709920,68731709920,68467413917,0
68792829920,68792829920,68792829920,68467413917,0
68854189918,68854189918,68854189918,68467413917,0
68915109919,68915109919,68915109919,68467413917,0
68976213920,68976213920,68976213920,68772349920,0
69037565917,69037565917,69037565917,68772349920,0
69098181920,69098181920,69098181920,68772349920,0
69159517920,69159517920,69159517920,68772349920,0
69220069920,69220069920,69220069920,68772349920,0
69281221917,69281221917,69281221917,69078029918,0
69342085920,69342085920,69342085920,69078029918,0
69402813920,69402813920,69402813920,69078029918,0
69464333920,69464333920,69464333920,69078029918,0
69524661920,69524661920,69524661920,69078029918,0
69545301921,69545301921,69545301921,69078029918,0
67572885916,67572885916,67572885916,0,0
67634341920,67634341920,67634341920,0,0
67695533920,67695533920,67695533920,0,0
67755925918,67755925918,67755925918,0,0
67817037918,67817037918,67817037918,0,0
67877589920,67877589920,67877589920,0,0
67938645920,67938645920,67938645920,0,0
67999725920,67999725920,67999725920,0,0
68060517920,68060517920,68060517920,67857493920,0
68121229921,68121229921,68121229921,67857493920,0
68182485920,68182485920,68182485920,67857493920,0
68243349920,68243349920,68243349920,67857493920,0
68304717916,68304717916,68304717916,67857493920,0
68366381917,68366381917,68366381917,68161861918,0
68427253920,68427253920,68427253920,68161861918,0
68487525920,68487525920,68487525920,68161861918,0
68548805920,68548805920,68548805920,68161861918,0
68609669920,68609669920,68609669920,68161861918,0
68670709920,68670709920,68670709920,68467413917,0
68731709920,68731709920,68731709920,68467413917,0
68792829920,68792829920,68792829920,68467413917,0
68854189918,68854189918,68854189918,68467413917,0
68915109919,68915109919,68915109919,68467413917,0
68976213920,68976213920,68976213920,68772349920,0
69037565917,69037565917,69037565917,68772349920,0
69098181920,69098181920,69098181920,68772349920,0
69159517920,69159517920,69159517920,68772349920,0
69220069920,69220069920,69220069920,68772349920,0
69281221917,69281221917,69281221917,69078029918,0
69342085920,69342085920,69342085920,69078029918,0
69402813920,69402813920,69402813920,69078029918,0
69464333920,69464333920,69464333920,69078029918,0
69524661920,69524661920,69524661920,69078029918,0
69565789920,69565789920,69565789920,69382797918,0
67572885916,67572885916,67572885916,0,0
67634341920,67634341920,67634341920,0,0
67695533920,67695533920,67695533920,0,0
67755925918,67755925918,67755925918,0,0
67817037918,67817037918,67817037918,0,0
67877589920,67877589920,67877589920,0,0
67938645920,67938645920,67938645920,0,0
67999725920,67999725920,67999725920,0,0
68060517920,68060517920,68060517920,67857493920,0
68121229921,68121229921,68121229921,67857493920,0
68182485920,68182485920,68182485920,67857493920,0
68243349920,68243349920,68243349920,67857493920,0
68304717916,68304717916,68304717916,67857493920,0
68366381917,68366381917,68366381917,68161861918,0
68427253920,68427253920,68427253920,68161861918,0
68487525920,68487525920,68487525920,68161861918,0
68548805920,68548805920,68548805920,68161861918,0
68609669920,68609669920,68609669920,68161861918,0
68670709920,68670709920,68670709920,68467413917,0
68731709920,68731709920,68731709920,68467413917,0
68792829920,68792829920,68792829920,68467413917,0
68854189918,68854189918,68854189918,68467413917,0
68915109919,68915109919,68915109919,68467413917,0
68976213920,68976213920,68976213920,68772349920,0
69037565917,69037565917,69037565917,68772349920,0
69098181920,69098181920,69098181920,68772349920,0
69159517920,69159517920,69159517920,68772349920,0
69220069920,69220069920,69220069920,68772349920,0
69281221917,69281221917,69281221917,69078029918,0
69342085920,69342085920,69342085920,69078029918,0
69402813920,69402813920,69402813920,69078029918,0
69464333920,69464333920,69464333920,69078029918,0
69524661920,69524661920,69524661920,69078029918,0
69586173918,69586173918,69586173918,69382797918,0
67572885916,67572885916,67572885916,0,0
67634341920,67634341920,67634341920,0,0
67695533920,67695533920,67695533920,0,0
67755925918,67755925918,67755925918,0,0
67817037918,67817037918,67817037918,0,0
67877589920,67877589920,67877589920,0,0
67938645920,67938645920,67938645920,0,0
67999725920,67999725920,67999725920,0,0
68060517920,68060517920,68060517920,67857493920,0
68121229921,68121229921,68121229921,67857493920,0
68182485920,68182485920,68182485920,67857493920,0
68243349920,68243349920,68243349920,67857493920,0
68304717916,68304717916,68304717916,67857493920,0
68366381917,68366381917,68366381917,68161861918,0
68427253920,68427253920,68427253920,68161861918,0
68487525920,68487525920,68487525920,68161861918,0
68548805920,68548805920,68548805920,68161861918,0
68609669920,68609669920,68609669920,68161861918,0
68670709920,68670709920,68670709920,68467413917,0
68731709920,68731709920,68731709920,68467413917,0
68792829920,68792829920,68792829920,68467413917,0
68854189918,68854189918,68854189918,68467413917,0
68915109919,68915109919,68915109919,68467413917,0
68976213920,68976213920,68976213920,68772349920,0
69037565917,69037565917,69037565917,68772349920,0
69098181920,69098181920,69098181920,68772349920,0
69159517920,69159517920,69159517920,68772349920,0
69220069920,69220069920,69220069920,68772349920,0
69281221917,69281221917,69281221917,69078029918,0
69342085920,69342085920,69342085920,69078029918,0
69402813920,69402813920,69402813920,69078029918,0
69464333920,69464333920,69464333920,69078029918,0
69524661920,69524661920,69524661920,69078029918,0
69586173918,69586173918,69586173918,69382797918,0
69606749920,69606749920,69606749920,69382797918,0
67572885916,67572885916,67572885916,0,0
67634341920,67634341920,67634341920,0,0
67695533920,67695533920,67695533920,0,0
67755925918,67755925918,67755925918,0,0
67817037918,67817037918,67817037918,0,0
67877589920,67877589920,67877589920,0,0
67938645920,67938645920,67938645920,0,0
67999725920,67999725920,67999725920,0,0
68060517920,68060517920,68060517920,67857493920,0
68121229921,68121229921,68121229921,67857493920,0
68182485920,68182485920,68182485920,67857493920,0
68243349920,68243349920,68243349920,67857493920,0
68304717916,68304717916,68304717916,67857493920,0
68366381917,68366381917,68366381917,68161861918,0
68427253920,68427253920,68427253920,68161861918,0
68487525920,68487525920,68487525920,68161861918,0
68548805920,68548805920,68548805920,68161861918,0
68609669920,68609669920,68609669920,68161861918,0
68670709920,68670709920,68670709920,68467413917,0
68731709920,68731709920,68731709920,68467413917,0
68792829920,68792829920,68792829920,68467413917,0
68854189918,68854189918,68854189918,68467413917,0
68915109919,68915109919,68915109919,68467413917,0
68976213920,68976213920,68976213920,68772349920,0
69037565917,69037565917,69037565917,68772349920,0
69098181920,69098181920,69098181920,68772349920,0
69159517920,69159517920,69159517920,68772349920,0
69220069920,69220069920,69220069920,68772349920,0
69281221917,69281221917,69281221917,69078029918,0
69342085920,69342085920,69342085920,69078029918,0
69402813920,69402813920,69402813920,69078029918,0
69464333920,69464333920,69464333920,69078029918,0
69524661920,69524661920,69524661920,69078029918,0
69586173918,69586173918,69586173918,69382797918,0
69626805917,69626805917,69626805917,69382797918,0
67572885916,67572885916,67572885916,0,0
67634341920,67634341920,67634341920,0,0
67695533920,67695533920,67695533920,0,0
67755925918,67755925918,67755925918,0,0
67817037918,67817037918,67817037918,0,0
67877589920,67877589920,67877589920,0,0
67938645920,67938645920,67938645920,0,0
67999725920,67999725920,67999725920,0,0
68060517920,68060517920,68060517920,67857493920,0
68121229921,68121229921,68121229921,67857493920,0
68182485920,68182485920,68182485920,67857493920,0
68243349920,68243349920,68243349920,67857493920,0
68304717916,68304717916,68304717916,67857493920,0
68366381917,68366381917,68366381917,68161861918,0
68427253920,68427253920,68427253920,68161861918,0
68487525920,68487525920,68487525920,68161861918,0
68548805920,68548805920,68548805920,68161861918,0
68609669920,68609669920,68609669920,68161861918,0
68670709920,68670709920,68670709920,68467413917,0
68731709920,68731709920,68731709920,68467413917,0
68792829920,68792829920,68792829920,68467413917,0
68854189918,68854189918,68854189918,68467413917,0
68915109919,68915109919,68915109919,68467413917,0
68976213920,68976213920,68976213920,68772349920,0
69037565917,69037565917,69037565917,68772349920,0
69098181920,69098181920,69098181920,68772349920,0
69159517920,69159517920,69159517920,68772349920,0
69220069920,69220069920,69220069920,68772349920,0
69281221917,69281221917,69281221917,69078029918,0
69342085920,69342085920,69342085920,69078029918,0
69402813920,69402813920,69402813920,69078029918,0
69464333920,69464333920,69464333920,69078029918,0
69524661920,69524661920,69524661920,69078029918,0
69586173918,69586173918,69586173918,69382797918,0
69646965920,69646965920,69646965920,69382797918,0
67572885916,67572885916,67572885916,0,0
67634341920,67634341920,67634341920,0,0
67695533920,67695533920,67695533920,0,0
67755925918,67755925918,67755925918,0,0
67817037918,67817037918,67817037918,0,0
67877589920,67877589920,67877589920,0,0
67938645920,67938645920,67938645920,0,0
67999725920,67999725920,67999725920,0,0
68060517920,68060517920,68060517920,67857493920,0
68121229921,68121229921,68121229921,67857493920,0
68182485920,68182485920,68182485920,67857493920,0
68243349920,68243349920,68243349920,67857493920,0
68304717916,68304717916,68304717916,67857493920,0
68366381917,68366381917,68366381917,68161861918,0
68427253920,68427253920,68427253920,68161861918,0
68487525920,68487525920,68487525920,68161861918,0
68548805920,68548805920,68548805920,68161861918,0
68609669920,68609669920,68609669920,68161861918,0
68670709920,68670709920,68670709920,68467413917,0
68731709920,68731709920,68731709920,68467413917,0
68792829920,68792829920,68792829920,68467413917,0
68854189918,68854189918,68854189918,68467413917,0
68915109919,68915109919,68915109919,68467413917,0
68976213920,68976213920,68976213920,68772349920,0
69037565917,69037565917,69037565917,68772349920,0
69098181920,69098181920,69098181920,68772349920,0
69159517920,69159517920,69159517920,68772349920,0
69220069920,69220069920,69220069920,68772349920,0
69281221917,69281221917,69281221917,69078029918,0
69342085920,69342085920,69342085920,69078029918,0
69402813920,69402813920,69402813920,69078029918,0
69464333920,69464333920,69464333920,69078029918,0
69524661920,69524661920,69524661920,69078029918,0
69586173918,69586173918,69586173918,69382797918,0
69646965920,69646965920,69646965920,69382797918,0
69667141920,69667141920,69667141920,69382797918,0
67572885916,67572885916,67572885916,0,0
67634341920,67634341920,67634341920,0,0
67695533920,67695533920,67695533920,0,0
67755925918,67755925918,67755925918,0,0
67817037918,67817037918,67817037918,0,0
67877589920,67877589920,67877589920,0,0
67938645920,67938645920,67938645920,0,0
67999725920,67999725920,67999725920,0,0
68060517920,68060517920,68060517920,67857493920,0
68121229921,68121229921,68121229921,67857493920,0
68182485920,68182485920,68182485920,67857493920,0
68243349920,68243349920,68243349920,67857493920,0
68304717916,68304717916,68304717916,67857493920,0
68366381917,68366381917,68366381917,68161861918,0
68427253920,68427253920,68427253920,68161861918,0
68487525920,68487525920,68487525920,68161861918,0
68548805920,68548805920,68548805920,68161861918,0
68609669920,68609669920,68609669920,68161861918,0
68670709920,68670709920,68670709920,68467413917,0
68731709920,68731709920,68731709920,68467413917,0
68792829920,68792829920,68792829920,68467413917,0
68854189918,68854189918,68854189918,68467413917,0
68915109919,68915109919,68915109919,68467413917,0
68976213920,68976213920,68976213920,68772349920,0
69037565917,69037565917,69037565917,68772349920,0
69098181920,69098181920,69098181920,68772349920,0
69159517920,69159517920,69159517920,68772349920,0
69220069920,69220069920,69220069920,68772349920,0
69281221917,69281221917,69281221917,69078029918,0
69342085920,69342085920,69342085920,69078029918,0
69402813920,69402813920,69402813920,69078029918,0
69464333920,69464333920,69464333920,69078029918,0
69524661920,69524661920,69524661920,69078029918,0
69586173918,69586173918,69586173918,69382797918,0
69646965920,69646965920,69646965920,69382797918,0
69687341920,69687341920,69687341920,69382797918,0
67572885916,67572885916,67572885916,0,0
67634341920,67634341920,67634341920,0,0
67695533920,67695533920,67695533920,0,0
67755925918,67755925918,67755925918,0,0
67817037918,67817037918,67817037918,0,0
67877589920,67877589920,67877589920,0,0
67938645920,67938645920,67938645920,0,0
67999725920,67999725920,67999725920,0,0
68060517920,68060517920,68060517920,67857493920,0
68121229921,68121229921,68121229921,67857493920,0
68182485920,68182485920,68182485920,67857493920,0
68243349920,68243349920,68243349920,67857493920,0
68304717916,68304717916,68304717916,67857493920,0
68366381917,68366381917,68366381917,68161861918,0
68427253920,68427253920,68427253920,68161861918,0
68487525920,68487525920,68487525920,68161861918,0
68548805920,68548805920,68548805920,68161861918,0
68609669920,68609669920,68609669920,68161861918,0
68670709920,68670709920,68670709920,68467413917,0
68731709920,68731709920,68731709920,68467413917,0
68792829920,68792829920,68792829920,68467413917,0
68854189918,68854189918,68854189918,68467413917,0
68915109919,68915109919,68915109919,68467413917,0
68976213920,68976213920,68976213920,68772349920,0
69037565917,69037565917,69037565917,68772349920,0
69098181920,69098181920,69098181920,68772349920,0
69159517920,69159517920,69159517920,68772349920,0
69220069920,69220069920,69220069920,68772349920,0
69281221917,69281221917,69281221917,69078029918,0
69342085920,69342085920,69342085920,69078029918,0
69402813920,69402813920,69402813920,69078029918,0
69464333920,69464333920,69464333920,69078029918,0
69524661920,69524661920,69524661920,69078029918,0
69586173918,69586173918,69586173918,69382797918,0
69646965920,69646965920,69646965920,69382797918,0
69707629917,69707629917,69707629917,69382797918,0
67572885916,67572885916,67572885916,0,0
67634341920,67634341920,67634341920,0,0
67695533920,67695533920,67695533920,0,0
67755925918,67755925918,67755925918,0,0
67817037918,67817037918,67817037918,0,0
67877589920,67877589920,67877589920,0,0
67938645920,67938645920,67938645920,0,0
67999725920,67999725920,67999725920,0,0
68060517920,68060517920,68060517920,67857493920,0
68121229921,68121229921,68121229921,67857493920,0
68182485920,68182485920,68182485920,67857493920,0
68243349920,68243349920,68243349920,67857493920,0
68304717916,68304717916,68304717916,67857493920,0
68366381917,68366381917,68366381917,68161861918,0
68427253920,68427253920,68427253920,68161861918,0
68487525920,68487525920,68487525920,68161861918,0
68548805920,68548805920,68548805920,68161861918,0
68609669920,68609669920,68609669920,68161861918,0
68670709920,68670709920,68670709920,68467413917,0
68731709920,68731709920,68731709920,68467413917,0
68792829920,68792829920,68792829920,68467413917,0
68854189918,68854189918,68854189918,68467413917,0
68915109919,68915109919,68915109919,68467413917,0
68976213920,68976213920,68976213920,68772349920,0
69037565917,69037565917,69037565917,68772349920,0
69098181920,69098181920,69098181920,68772349920,0
69159517920,69159517920,69159517920,68772349920,0
69220069920,69220069920,69220069920,68772349920,0
69281221917,69281221917,69281221917,69078029918,0
69342085920,69342085920,69342085920,69078029918,0
69402813920,69402813920,69402813920,69078029918,0
69464333920,69464333920,69464333920,69078029918,0
69524661920,69524661920,69524661920,69078029918,0
69586173918,69586173918,69586173918,69382797918,0
69646965920,69646965920,69646965920,69382797918,0
69707629917,69707629917,69707629917,69382797918,0
69728165918,69728165918,69728165918,69382797918,0
67572885916,67572885916,67572885916,0,0
67634341920,67634341920,67634341920,0,0
67695533920,67695533920,67695533920,0,0
67755925918,67755925918,67755925918,0,0
67817037918,67817037918,67817037918,0,0
67877589920,67877589920,67877589920,0,0
67938645920,67938645920,67938645920,0,0
67999725920,67999725920,67999725920,0,0
68060517920,68060517920,68060517920,67857493920,0
68121229921,68121229921,68121229921,67857493920,0
68182485920,68182485920,68182485920,67857493920,0
68243349920,68243349920,68243349920,67857493920,0
68304717916,68304717916,68304717916,67857493920,0
68366381917,68366381917,68366381917,68161861918,0
68427253920,68427253920,68427253920,68161861918,0
68487525920,68487525920,68487525920,68161861918,0
68548805920,68548805920,68548805920,68161861918,0
68609669920,68609669920,68609669920,68161861918,0
68670709920,68670709920,68670709920,68467413917,0
68731709920,68731709920,68731709920,68467413917,0
68792829920,68792829920,68792829920,68467413917,0
68854189918,68854189918,68854189918,68467413917,0
68915109919,68915109919,68915109919,68467413917,0
68976213920,68976213920,68976213920,68772349920,0
69037565917,69037565917,69037565917,68772349920,0
69098181920,69098181920,69098181920,68772349920,0
69159517920,69159517920,69159517920,68772349920,0
69220069920,69220069920,69220069920,68772349920,0
69281221917,69281221917,69281221917,69078029918,0
69342085920,69342085920,69342085920,69078029918,0
69402813920,69402813920,69402813920,69078029918,0
69464333920,69464333920,69464333920,69078029918,0
69524661920,69524661920,69524661920,69078029918,0
69586173918,69586173918,69586173918,69382797918,0
69646965920,69646965920,69646965920,69382797918,0
69707629917,69707629917,69707629917,69382797918,0
69748661920,69748661920,69748661920,69382797918,0
67572885916,67572885916,67572885916,0,0
67634341920,67634341920,67634341920,0,0
67695533920,67695533920,67695533920,0,0
67755925918,67755925918,67755925918,0,0
67817037918,67817037918,67817037918,0,0
67877589920,67877589920,67877589920,0,0
67938645920,67938645920,67938645920,0,0
67999725920,67999725920,67999725920,0,0
68060517920,68060517920,68060517920,67857493920,0
68121229921,68121229921,68121229921,67857493920,0
68182485920,68182485920,68182485920,67857493920,0
68243349920,68243349920,68243349920,67857493920,0
68304717916,68304717916,68304717916,67857493920,0
68366381917,68366381917,68366381917,68161861918,0
68427253920,68427253920,68427253920,68161861918,0
68487525920,68487525920,68487525920,68161861918,0
68548805920,68548805920,68548805920,68161861918,0
68609669920,68609669920,68609669920,68161861918,0
68670709920,68670709920,68670709920,68467413917,0
68731709920,68731709920,68731709920,68467413917,0
68792829920,68792829920,68792829920,68467413917,0
68854189918,68854189918,68854189918,68467413917,0
68915109919,68915109919,68915109919,68467413917,0
68976213920,68976213920,68976213920,68772349920,0
69037565917,69037565917,69037565917,68772349920,0
69098181920,69098181920,69098181920,68772349920,0
69159517920,69159517920,69159517920,68772349920,0
69220069920,69220069920,69220069920,68772349920,0
69281221917,69281221917,69281221917,69078029918,0
69342085920,69342085920,69342085920,69078029918,0
69402813920,69402813920,69402813920,69078029918,0
69464333920,69464333920,69464333920,69078029918,0
69524661920,69524661920,69524661920,69078029918,0
69586173918,69586173918,69586173918,69382797918,0
69646965920,69646965920,69646965920,69382797918,0
69707629917,69707629917,69707629917,69382797918,0
69768813917,69768813917,69768813917,69382797918,0
67572885916,67572885916,67572885916,0,0
67634341920,67634341920,67634341920,0,0
67695533920,67695533920,67695533920,0,0
67755925918,67755925918,67755925918,0,0
67817037918,67817037918,67817037918,0,0
67877589920,67877589920,67877589920,0,0
67938645920,67938645920,67938645920,0,0
67999725920,67999725920,67999725920,0,0
68060517920,68060517920,68060517920,67857493920,0
68121229921,68121229921,68121229921,67857493920,0
68182485920,68182485920,68182485920,67857493920,0
68243349920,68243349920,68243349920,67857493920,0
68304717916,68304717916,68304717916,67857493920,0
68366381917,68366381917,68366381917,68161861918,0
68427253920,68427253920,68427253920,68161861918,0
68487525920,68487525920,68487525920,68161861918,0
68548805920,68548805920,68548805920,68161861918,0
68609669920,68609669920,68609669920,68161861918,0
68670709920,68670709920,68670709920,68467413917,0
68731709920,68731709920,68731709920,68467413917,0
68792829920,68792829920,68792829920,68467413917,0
68854189918,68854189918,68854189918,68467413917,0
68915109919,68915109919,68915109919,68467413917,0
68976213920,68976213920,68976213920,68772349920,0
69037565917,69037565917,69037565917,68772349920,0
69098181920,69098181920,69098181920,68772349920,0
69159517920,69159517920,69159517920,68772349920,0
69220069920,69220069920,69220069920,68772349920,0
69281221917,69281221917,69281221917,69078029918,0
69342085920,69342085920,69342085920,69078029918,0
69402813920,69402813920,69402813920,69078029918,0
69464333920,69464333920,69464333920,69078029918,0
69524661920,69524661920,69524661920,69078029918,0
69586173918,69586173918,69586173918,69382797918,0
69646965920,69646965920,69646965920,69382797918,0
69707629917,69707629917,69707629917,69382797918,0
69768813917,69768813917,69768813917,69382797918,0
69789085917,69789085917,69789085917,69382797918,0
67572885916,67572885916,67572885916,0,0
67634341920,67634341920,67634341920,0,0
67695533920,67695533920,67695533920,0,0
67755925918,67755925918,67755925918,0,0
67817037918,67817037918,67817037918,0,0
67877589920,67877589920,67877589920,0,0
67938645920,67938645920,67938645920,0,0
67999725920,67999725920,67999725920,0,0
68060517920,68060517920,68060517920,67857493920,0
68121229921,68121229921,68121229921,67857493920,0
68182485920,68182485920,68182485920,67857493920,0
68243349920,68243349920,68243349920,67857493920,0
68304717916,68304717916,68304717916,67857493920,0
68366381917,68366381917,68366381917,68161861918,0
68427253920,68427253920,68427253920,68161861918,0
68487525920,68487525920,68487525920,68161861918,0
68548805920,68548805920,68548805920,68161861918,0
68609669920,68609669920,68609669920,68161861918,0
68670709920,68670709920,68670709920,68467413917,0
68731709920,68731709920,68731709920,68467413917,0
68792829920,68792829920,68792829920,68467413917,0
68854189918,68854189918,68854189918,68467413917,0
68915109919,68915109919,68915109919,68467413917,0
68976213920,68976213920,68976213920,68772349920,0
69037565917,69037565917,69037565917,68772349920,0
69098181920,69098181920,69098181920,68772349920,0
69159517920,69159517920,69159517920,68772349920,0
69220069920,69220069920,69220069920,68772349920,0
69281221917,69281221917,69281221917,69078029918,0
69342085920,69342085920,69342085920,69078029918,0
69402813920,69402813920,69402813920,69078029918,0
69464333920,69464333920,69464333920,69078029918,0
69524661920,69524661920,69524661920,69078029918,0
69586173918,69586173918,69586173918,69382797918,0
69646965920,69646965920,69646965920,69382797918,0
69707629917,69707629917,69707629917,69382797918,0
69768813917,69768813917,69768813917,69382797918,0
69809413920,69809413920,69809413920,69382797918,0
67572885916,67572885916,67572885916,0,0
67634341920,67634341920,67634341920,0,0
67695533920,67695533920,67695533920,0,0
67755925918,67755925918,67755925918,0,0
67817037918,67817037918,67817037918,0,0
67877589920,67877589920,67877589920,0,0
67938645920,67938645920,67938645920,0,0
67999725920,67999725920,67999725920,0,0
68060517920,68060517920,68060517920,67857493920,0
68121229921,68121229921,68121229921,67857493920,0
68182485920,68182485920,68182485920,67857493920,0
68243349920,68243349920,68243349920,67857493920,0
68304717916,68304717916,68304717916,67857493920,0
68366381917,68366381917,68366381917,68161861918,0
68427253920,68427253920,68427253920,68161861918,0
68487525920,68487525920,68487525920,68161861918,0
68548805920,68548805920,68548805920,68161861918,0
68609669920,68609669920,68609669920,68161861918,0
68670709920,68670709920,68670709920,68467413917,0
68731709920,68731709920,68731709920,68467413917,0
68792829920,68792829920,68792829920,68467413917,0
68854189918,68854189918,68854189918,68467413917,0
68915109919,68915109919,68915109919,68467413917,0
68976213920,68976213920,68976213920,68772349920,0
69037565917,69037565917,69037565917,68772349920,0
69098181920,69098181920,69098181920,68772349920,0
69159517920,69159517920,69159517920,68772349920,0
69220069920,69220069920,69220069920,68772349920,0
69281221917,69281221917,69281221917,69078029918,0
69342085920,69342085920,69342085920,69078029918,0
69402813920,69402813920,69402813920,69078029918,0
69464333920,69464333920,69464333920,69078029918,0
69524661920,69524661920,69524661920,69078029918,0
69586173918,69586173918,69586173918,69382797918,0
69646965920,69646965920,69646965920,69382797918,0
69707629917,69707629917,69707629917,69382797918,0
69768813917,69768813917,69768813917,69382797918,0
69829981920,69829981920,69829981920,69382797918,0
67572885916,67572885916,67572885916,0,0
67634341920,67634341920,67634341920,0,0
67695533920,67695533920,67695533920,0,0
67755925918,67755925918,67755925918,0,0
67817037918,67817037918,67817037918,0,0
67877589920,67877589920,67877589920,0,0
67938645920,67938645920,67938645920,0,0
67999725920,67999725920,67999725920,0,0
68060517920,68060517920,68060517920,67857493920,0
68121229921,68121229921,68121229921,67857493920,0
68182485920,68182485920,68182485920,67857493920,0
68243349920,68243349920,68243349920,67857493920,0
68304717916,68304717916,68304717916,67857493920,0
68366381917,68366381917,68366381917,68161861918,0
68427253920,68427253920,68427253920,68161861918,0
68487525920,68487525920,68487525920,68161861918,0
68548805920,68548805920,68548805920,68161861918,0
68609669920,68609669920,68609669920,68161861918,0
68670709920,68670709920,68670709920,68467413917,0
68731709920,68731709920,68731709920,68467413917,0
68792829920,68792829920,68792829920,68467413917,0
68854189918,68854189918,68854189918,68467413917,0
68915109919,68915109919,68915109919,68467413917,0
68976213920,68976213920,68976213920,68772349920,0
69037565917,69037565917,69037565917,68772349920,0
69098181920,69098181920,69098181920,68772349920,0
69159517920,69159517920,69159517920,68772349920,0
69220069920,69220069920,69220069920,68772349920,0
69281221917,69281221917,69281221917,69078029918,0
69342085920,69342085920,69342085920,69078029918,0
69402813920,69402813920,69402813920,69078029918,0
69464333920,69464333920,69464333920,69078029918,0
69524661920,69524661920,69524661920,69078029918,0
69586173918,69586173918,69586173918,69382797918,0
69646965920,69646965920,69646965920,69382797918,0
69707629917,69707629917,69707629917,69382797918,0
69768813917,69768813917,69768813917,69382797918,0
69829981920,69829981920,69829981920,69382797918,0
69850101920,69850101920,69850101920,69382797918,0
67572885916,67572885916,67572885916,0,0
67634341920,67634341920,67634341920,0,0
67695533920,67695533920,67695533920,0,0
67755925918,67755925918,67755925918,0,0
67817037918,67817037918,67817037918,0,0
67877589920,67877589920,67877589920,0,0
67938645920,67938645920,67938645920,0,0
67999725920,67999725920,67999725920,0,0
68060517920,68060517920,68060517920,67857493920,0
68121229921,68121229921,68121229921,67857493920,0
68182485920,68182485920,68182485920,67857493920,0
68243349920,68243349920,68243349920,67857493920,0
68304717916,68304717916,68304717916,67857493920,0
68366381917,68366381917,68366381917,68161861918,0
68427253920,68427253920,68427253920,68161861918,0
68487525920,68487525920,68487525920,68161861918,0
68548805920,68548805920,68548805920,68161861918,0
68609669920,68609669920,68609669920,68161861918,0
68670709920,68670709920,68670709920,68467413917,0
68731709920,68731709920,68731709920,68467413917,0
68792829920,68792829920,68792829920,68467413917,0
68854189918,68854189918,68854189918,68467413917,0
68915109919,68915109919,68915109919,68467413917,0
68976213920,68976213920,68976213920,68772349920,0
69037565917,69037565917,69037565917,68772349920,0
69098181920,69098181920,69098181920,68772349920,0
69159517920,69159517920,69159517920,68772349920,0
69220069920,69220069920,69220069920,68772349920,0
69281221917,69281221917,69281221917,69078029918,0
69342085920,69342085920,69342085920,69078029918,0
69402813920,69402813920,69402813920,69078029918,0
69464333920,69464333920,69464333920,69078029918,0
69524661920,69524661920,69524661920,69078029918,0
69586173918,69586173918,69586173918,69382797918,0
69646965920,69646965920,69646965920,69382797918,0
69707629917,69707629917,69707629917,69382797918,0
69768813917,69768813917,69768813917,69382797918,0
69829981920,69829981920,69829981920,69382797918,0
69870765917,69870765917,69870765917,69382797918,0
67572885916,67572885916,67572885916,0,0
67634341920,67634341920,67634341920,0,0
67695533920,67695533920,67695533920,0,0
67755925918,67755925918,67755925918,0,0
67817037918,67817037918,67817037918,0,0
67877589920,67877589920,67877589920,0,0
67938645920,67938645920,67938645920,0,0
67999725920,67999725920,67999725920,0,0
68060517920,68060517920,68060517920,67857493920,0
68121229921,68121229921,68121229921,67857493920,0
68182485920,68182485920,68182485920,67857493920,0
68243349920,68243349920,68243349920,67857493920,0
68304717916,68304717916,68304717916,67857493920,0
68366381917,68366381917,68366381917,68161861918,0
68427253920,68427253920,68427253920,68161861918,0
68487525920,68487525920,68487525920,68161861918,0
68548805920,68548805920,68548805920,68161861918,0
68609669920,68609669920,68609669920,68161861918,0
68670709920,68670709920,68670709920,68467413917,0
68731709920,68731709920,68731709920,68467413917,0
68792829920,68792829920,68792829920,68467413917,0
68854189918,68854189918,68854189918,68467413917,0
68915109919,68915109919,68915109919,68467413917,0
68976213920,68976213920,68976213920,68772349920,0
69037565917,69037565917,69037565917,68772349920,0
69098181920,69098181920,69098181920,68772349920,0
69159517920,69159517920,69159517920,68772349920,0
69220069920,69220069920,69220069920,68772349920,0
69281221917,69281221917,69281221917,69078029918,0
69342085920,69342085920,69342085920,69078029918,0
69402813920,69402813920,69402813920,69078029918,0
69464333920,69464333920,69464333920,69078029918,0
69524661920,69524661920,69524661920,69078029918,0
69586173918,69586173918,69586173918,69382797918,0
69646965920,69646965920,69646965920,69382797918,0
69707629917,69707629917,69707629917,69382797918,0
69768813917,69768813917,69768813917,69382797918,0
69829981920,69829981920,69829981920,69382797918,0
69891157921,69891157921,69891157921,69707629917,0
67572885916,67572885916,67572885916,0,0
67634341920,67634341920,67634341920,0,0
67695533920,67695533920,67695533920,0,0
67755925918,67755925918,67755925918,0,0
67817037918,67817037918,67817037918,0,0
67877589920,67877589920,67877589920,0,0
67938645920,67938645920,67938645920,0,0
67999725920,67999725920,67999725920,0,0
68060517920,68060517920,68060517920,67857493920,0
68121229921,68121229921,68121229921,67857493920,0
68182485920,68182485920,68182485920,67857493920,0
68243349920,68243349920,68243349920,67857493920,0
68304717916,68304717916,68304717916,67857493920,0
68366381917,68366381917,68366381917,68161861918,0
68427253920,68427253920,68427253920,68161861918,0
68487525920,68487525920,68487525920,68161861918,0
68548805920,68548805920,68548805920,68161861918,0
68609669920,68609669920,68609669920,68161861918,0
68670709920,68670709920,68670709920,68467413917,0
68731709920,68731709920,68731709920,68467413917,0
68792829920,68792829920,68792829920,68467413917,0
68854189918,68854189918,68854189918,68467413917,0
68915109919,68915109919,68915109919,68467413917,0
68976213920,68976213920,68976213920,68772349920,0
69037565917,69037565917,69037565917,68772349920,0
69098181920,69098181920,69098181920,68772349920,0
69159517920,69159517920,69159517920,68772349920,0
69220069920,69220069920,69220069920,68772349920,0
69281221917,69281221917,69281221917,69078029918,0
69342085920,69342085920,69342085920,69078029918,0
69402813920,69402813920,69402813920,69078029918,0
69464333920,69464333920,69464333920,69078029918,0
69524661920,69524661920,69524661920,69078029918,0
69586173918,69586173918,69586173918,69382797918,0
69646965920,69646965920,69646965920,69382797918,0
69707629917,69707629917,69707629917,69382797918,0
69768813917,69768813917,69768813917,69382797918,0
69829981920,69829981920,69829981920,69382797918,0
69891157921,69891157921,69891157921,69707629917,0
69911709917,69911709917,69911709917,69707629917,0
67572885916,67572885916,67572885916,0,0
67634341920,67634341920,67634341920,0,0
67695533920,67695533920,67695533920,0,0
67755925918,67755925918,67755925918,0,0
67817037918,67817037918,67817037918,0,0
67877589920,67877589920,67877589920,0,0
67938645920,67938645920,67938645920,0,0
67999725920,67999725920,67999725920,0,0
68060517920,68060517920,68060517920,67857493920,0
68121229921,68121229921,68121229921,67857493920,0
68182485920,68182485920,68182485920,67857493920,0
68243349920,68243349920,68243349920,67857493920,0
68304717916,68304717916,68304717916,67857493920,0
68366381917,68366381917,68366381917,68161861918,0
68427253920,68427253920,68427253920,68161861918,0
68487525920,68487525920,68487525920,68161861918,0
68548805920,68548805920,68548805920,68161861918,0
68609669920,68609669920,68609669920,68161861918,0
68670709920,68670709920,68670709920,68467413917,0
68731709920,68731709920,68731709920,68467413917,0
68792829920,68792829920,68792829920,68467413917,0
68854189918,68854189918,68854189918,68467413917,0
68915109919,68915109919,68915109919,68467413917,0
68976213920,68976213920,68976213920,68772349920,0
69037565917,69037565917,69037565917,68772349920,0
69098181920,69098181920,69098181920,68772349920,0
69159517920,69159517920,69159517920,68772349920,0
69220069920,69220069920,69220069920,68772349920,0
69281221917,69281221917,69281221917,69078029918,0
69342085920,69342085920,69342085920,69078029918,0
69402813920,69402813920,69402813920,69078029918,0
69464333920,69464333920,69464333920,69078029918,0
69524661920,69524661920,69524661920,69078029918,0
69586173918,69586173918,69586173918,69382797918,0
69646965920,69646965920,69646965920,69382797918,0
69707629917,69707629917,69707629917,69382797918,0
69768813917,69768813917,69768813917,69382797918,0
69829981920,69829981920,69829981920,69382797918,0
69891157921,69891157921,69891157921,69707629917,0
69932357920,69932357920,69932357920,69707629917,0
67572885916,67572885916,67572885916,0,0
67634341920,67634341920,67634341920,0,0
67695533920,67695533920,67695533920,0,0
67755925918,67755925918,67755925918,0,0
67817037918,67817037918,67817037918,0,0
67877589920,67877589920,67877589920,0,0
67938645920,67938645920,67938645920,0,0
67999725920,67999725920,67999725920,0,0
68060517920,68060517920,68060517920,67857493920,0
68121229921,68121229921,68121229921,67857493920,0
68182485920,68182485920,68182485920,67857493920,0
68243349920,68243349920,68243349920,67857493920,0
68304717916,68304717916,68304717916,67857493920,0
68366381917,68366381917,68366381917,68161861918,0
68427253920,68427253920,68427253920,68161861918,0
68487525920,68487525920,68487525920,68161861918,0
68548805920,68548805920,68548805920,68161861918,0
68609669920,68609669920,68609669920,68161861918,0
68670709920,68670709920,68670709920,68467413917,0
68731709920,68731709920,68731709920,68467413917,0
68792829920,68792829920,68792829920,68467413917,0
68854189918,68854189918,68854189918,68467413917,0
68915109919,68915109919,68915109919,68467413917,0
68976213920,68976213920,68976213920,68772349920,0
69037565917,69037565917,69037565917,68772349920,0
69098181920,69098181920,69098181920,68772349920,0
69159517920,69159517920,69159517920,68772349920,0
69220069920,69220069920,69220069920,68772349920,0
69281221917,69281221917,69281221917,69078029918,0
69342085920,69342085920,69342085920,69078029918,0
69402813920,69402813920,69402813920,69078029918,0
69464333920,69464333920,69464333920,69078029918,0
69524661920,69524661920,69524661920,69078029918,0
69586173918,69586173918,69586173918,69382797918,0
69646965920,69646965920,69646965920,69382797918,0
69707629917,69707629917,69707629917,69382797918,0
69768813917,69768813917,69768813917,69382797918,0
69829981920,69829981920,69829981920,69382797918,0
69891157921,69891157921,69891157921,69707629917,0
69952629920,69952629920,69952629920,69707629917,0
67572885916,67572885916,67572885916,0,0
67634341920,67634341920,67634341920,0,0
67695533920,67695533920,67695533920,0,0
67755925918,67755925918,67755925918,0,0
67817037918,67817037918,67817037918,0,0
67877589920,67877589920,67877589920,0,0
67938645920,67938645920,67938645920,0,0
67999725920,67999725920,67999725920,0,0
68060517920,68060517920,68060517920,67857493920,0
68121229921,68121229921,68121229921,67857493920,0
68182485920,68182485920,68182485920,67857493920,0
68243349920,68243349920,68243349920,67857493920,0
68304717916,68304717916,68304717916,67857493920,0
68366381917,68366381917,68366381917,68161861918,0
68427253920,68427253920,68427253920,68161861918,0
68487525920,68487525920,68487525920,68161861918,0
68548805920,68548805920,68548805920,68161861918,0
68609669920,68609669920,68609669920,68161861918,0
68670709920,68670709920,68670709920,68467413917,0
68731709920,68731709920,68731709920,68467413917,0
68792829920,68792829920,68792829920,68467413917,0
68854189918,68854189918,68854189918,68467413917,0
68915109919,68915109919,68915109919,68467413917,0
68976213920,68976213920,68976213920,68772349920,0
69037565917,69037565917,69037565917,68772349920,0
69098181920,69098181920,69098181920,68772349920,0
69159517920,69159517920,69159517920,68772349920,0
69220069920,69220069920,69220069920,68772349920,0
69281221917,69281221917,69281221917,69078029918,0
69342085920,69342085920,69342085920,69078029918,0
69402813920,69402813920,69402813920,69078029918,0
69464333920,69464333920,69464333920,69078029918,0
69524661920,69524661920,69524661920,69078029918,0
69586173918,69586173918,69586173918,69382797918,0
69646965920,69646965920,69646965920,69382797918,0
69707629917,69707629917,69707629917,69382797918,0
69768813917,69768813917,69768813917,69382797918,0
69829981920,69829981920,69829981920,69382797918,0
69891157921,69891157921,69891157921,69707629917,0
69952629920,69952629920,69952629920,69707629917,0
69972877921,69972877921,69972877921,69707629917,0
67572885916,67572885916,67572885916,0,0
67634341920,67634341920,67634341920,0,0
67695533920,67695533920,67695533920,0,0
67755925918,67755925918,67755925918,0,0
67817037918,67817037918,67817037918,0,0
67877589920,67877589920,67877589920,0,0
67938645920,67938645920,67938645920,0,0
67999725920,67999725920,67999725920,0,0
68060517920,68060517920,68060517920,67857493920,0
68121229921,68121229921,68121229921,67857493920,0
68182485920,68182485920,68182485920,67857493920,0
68243349920,68243349920,68243349920,67857493920,0
68304717916,68304717916,68304717916,67857493920,0
68366381917,68366381917,68366381917,68161861918,0
68427253920,68427253920,68427253920,68161861918,0
68487525920,68487525920,68487525920,68161861918,0
68548805920,68548805920,68548805920,68161861918,0
68609669920,68609669920,68609669920,68161861918,0
68670709920,68670709920,68670709920,68467413917,0
68731709920,68731709920,68731709920,68467413917,0
68792829920,68792829920,68792829920,68467413917,0
68854189918,68854189918,68854189918,68467413917,0
68915109919,68915109919,68915109919,68467413917,0
68976213920,68976213920,68976213920,68772349920,0
69037565917,69037565917,69037565917,68772349920,0
69098181920,69098181920,69098181920,68772349920,0
69159517920,69159517920,69159517920,68772349920,0
69220069920,69220069920,69220069920,68772349920,0
69281221917,69281221917,69281221917,69078029918,0
69342085920,69342085920,69342085920,69078029918,0
69402813920,69402813920,69402813920,69078029918,0
69464333920,69464333920,69464333920,69078029918,0
69524661920,69524661920,69524661920,69078029918,0
69586173918,69586173918,69586173918,69382797918,0
69646965920,69646965920,69646965920,69382797918,0
69707629917,69707629917,69707629917,69382797918,0
69768813917,69768813917,69768813917,69382797918,0
69829981920,69829981920,69829981920,69382797918,0
69891157921,69891157921,69891157921,69707629917,0
69952629920,69952629920,69952629920,69707629917,0
69993213920,69993213920,69993213920,69707629917,0
67572885916,67572885916,67572885916,0,0
67634341920,67634341920,67634341920,0,0
67695533920,67695533920,67695533920,0,0
67755925918,67755925918,67755925918,0,0
67817037918,67817037918,67817037918,0,0
67877589920,67877589920,67877589920,0,0
67938645920,67938645920,67938645920,0,0
67999725920,67999725920,67999725920,0,0
68060517920,68060517920,68060517920,67857493920,0
68121229921,68121229921,68121229921,67857493920,0
68182485920,68182485920,68182485920,67857493920,0
68243349920,68243349920,68243349920,67857493920,0
68304717916,68304717916,68304717916,67857493920,0
68366381917,68366381917,68366381917,68161861918,0
68427253920,68427253920,68427253920,68161861918,0
68487525920,68487525920,68487525920,68161861918,0
68548805920,68548805920,68548805920,68161861918,0
68609669920,68609669920,68609669920,68161861918,0
68670709920,68670709920,68670709920,68467413917,0
68731709920,68731709920,68731709920,68467413917,0
68792829920,68792829920,68792829920,68467413917,0
68854189918,68854189918,68854189918,68467413917,0
68915109919,68915109919,68915109919,68467413917,0
68976213920,68976213920,68976213920,68772349920,0
69037565917,69037565917,69037565917,68772349920,0
69098181920,69098181920,69098181920,68772349920,0
69159517920,69159517920,69159517920,68772349920,0
69220069920,69220069920,69220069920,68772349920,0
69281221917,69281221917,69281221917,69078029918,0
69342085920,69342085920,69342085920,69078029918,0
69402813920,69402813920,69402813920,69078029918,0
69464333920,69464333920,69464333920,69078029918,0
69524661920,69524661920,69524661920,69078029918,0
69586173918,69586173918,69586173918,69382797918,0
69646965920,69646965920,69646965920,69382797918,0
69707629917,69707629917,69707629917,69382797918,0
69768813917,69768813917,69768813917,69382797918,0
69829981920,69829981920,69829981920,69382797918,0
69891157921,69891157921,69891157921,69707629917,0
69952629920,69952629920,69952629920,69707629917,0
70013549920,70013549920,70013549920,69707629917,0
67572885916,67572885916,67572885916,0,0
67634341920,67634341920,67634341920,0,0
67695533920,67695533920,67695533920,0,0
67755925918,67755925918,67755925918,0,0
67817037918,67817037918,67817037918,0,0
67877589920,67877589920,67877589920,0,0
67938645920,67938645920,67938645920,0,0
67999725920,67999725920,67999725920,0,0
68060517920,68060517920,68060517920,67857493920,0
68121229921,68121229921,68121229921,67857493920,0
68182485920,68182485920,68182485920,67857493920,0
68243349920,68243349920,68243349920,67857493920,0
68304717916,68304717916,68304717916,67857493920,0
68366381917,68366381917,68366381917,68161861918,0
68427253920,68427253920,68427253920,68161861918,0
68487525920,68487525920,68487525920,68161861918,0
68548805920,68548805920,68548805920,68161861918,0
68609669920,68609669920,68609669920,68161861918,0
68670709920,68670709920,68670709920,68467413917,0
68731709920,68731709920,68731709920,68467413917,0
68792829920,68792829920,68792829920,68467413917,0
68854189918,68854189918,68854189918,68467413917,0
68915109919,68915109919,68915109919,68467413917,0
68976213920,68976213920,68976213920,68772349920,0
69037565917,69037565917,69037565917,68772349920,0
69098181920,69098181920,69098181920,68772349920,0
69159517920,69159517920,69159517920,68772349920,0
69220069920,69220069920,69220069920,68772349920,0
69281221917,69281221917,69281221917,69078029918,0
69342085920,69342085920,69342085920,69078029918,0
69402813920,69402813920,69402813920,69078029918,0
69464333920,69464333920,69464333920,69078029918,0
69524661920,69524661920,69524661920,69078029918,0
69586173918,69586173918,69586173918,69382797918,0
69646965920,69646965920,69646965920,69382797918,0
69707629917,69707629917,69707629917,69382797918,0
69768813917,69768813917,69768813917,69382797918,0
69829981920,69829981920,69829981920,69382797918,0
69891157921,69891157921,69891157921,69707629917,0
69952629920,69952629920,69952629920,69707629917,0
70013549920,70013549920,70013549920,69707629917,0
70033765917,70033765917,70033765917,69707629917,0
67572885916,67572885916,67572885916,0,0
67634341920,67634341920,67634341920,0,0
67695533920,67695533920,67695533920,0,0
67755925918,67755925918,67755925918,0,0
67817037918,67817037918,67817037918,0,0
67877589920,67877589920,67877589920,0,0
67938645920,67938645920,67938645920,0,0
67999725920,67999725920,67999725920,0,0
68060517920,68060517920,68060517920,67857493920,0
68121229921,68121229921,68121229921,67857493920,0
68182485920,68182485920,68182485920,67857493920,0
68243349920,68243349920,68243349920,67857493920,0
68304717916,68304717916,68304717916,67857493920,0
68366381917,68366381917,68366381917,68161861918,0
68427253920,68427253920,68427253920,68161861918,0
68487525920,68487525920,68487525920,68161861918,0
68548805920,68548805920,68548805920,68161861918,0
68609669920,68609669920,68609669920,68161861918,0
68670709920,68670709920,68670709920,68467413917,0
68731709920,68731709920,68731709920,68467413917,0
68792829920,68792829920,68792829920,68467413917,0
68854189918,68854189918,68854189918,68467413917,0
68915109919,68915109919,68915109919,68467413917,0
68976213920,68976213920,68976213920,68772349920,0
69037565917,69037565917,69037565917,68772349920,0
69098181920,69098181920,69098181920,68772349920,0
69159517920,69159517920,69159517920,68772349920,0
69220069920,69220069920,69220069920,68772349920,0
69281221917,69281221917,69281221917,69078029918,0
69342085920,69342085920,69342085920,69078029918,0
69402813920,69402813920,69402813920,69078029918,0
69464333920,69464333920,69464333920,69078029918,0
69524661920,69524661920,69524661920,69078029918,0
69586173918,69586173918,69586173918,69382797918,0
69646965920,69646965920,69646965920,69382797918,0
69707629917,69707629917,69707629917,69382797918,0
69768813917,69768813917,69768813917,69382797918,0
69829981920,69829981920,69829981920,69382797918,0
69891157921,69891157921,69891157921,69707629917,0
69952629920,69952629920,69952629920,69707629917,0
70013549920,70013549920,70013549920,69707629917,0
70054477920,70054477920,70054477920,69707629917,0
67572885916,67572885916,67572885916,0,0
67634341920,67634341920,67634341920,0,0
67695533920,67695533920,67695533920,0,0
67755925918,67755925918,67755925918,0,0
67817037918,67817037918,67817037918,0,0
67877589920,67877589920,67877589920,0,0
67938645920,67938645920,67938645920,0,0
67999725920,67999725920,67999725920,0,0
68060517920,68060517920,68060517920,67857493920,0
68121229921,68121229921,68121229921,67857493920,0
68182485920,68182485920,68182485920,67857493920,0
68243349920,68243349920,68243349920,67857493920,0
68304717916,68304717916,68304717916,67857493920,0
68366381917,68366381917,68366381917,68161861918,0
68427253920,68427253920,68427253920,68161861918,0
68487525920,68487525920,68487525920,68161861918,0
68548805920,68548805920,68548805920,68161861918,0
68609669920,68609669920,68609669920,68161861918,0
68670709920,68670709920,68670709920,68467413917,0
68731709920,68731709920,68731709920,68467413917,0
68792829920,68792829920,68792829920,68467413917,0
68854189918,68854189918,68854189918,68467413917,0
68915109919,68915109919,68915109919,68467413917,0
68976213920,68976213920,68976213920,68772349920,0
69037565917,69037565917,69037565917,68772349920,0
69098181920,69098181920,69098181920,68772349920,0
69159517920,69159517920,69159517920,68772349920,0
69220069920,69220069920,69220069920,68772349920,0
69281221917,69281221917,69281221917,69078029918,0
69342085920,69342085920,69342085920,69078029918,0
69402813920,69402813920,69402813920,69078029918,0
69464333920,69464333920,69464333920,69078029918,0
69524661920,69524661920,69524661920,69078029918,0
69586173918,69586173918,69586173918,69382797918,0
69646965920,69646965920,69646965920,69382797918,0
69707629917,69707629917,69707629917,69382797918,0
69768813917,69768813917,69768813917,69382797918,0
69829981920,69829981920,69829981920,69382797918,0
69891157921,69891157921,69891157921,69707629917,0
69952629920,69952629920,69952629920,69707629917,0
70013549920,70013549920,70013549920,69707629917,0
70074749920,70074749920,70074749920,69707629917,0
67572885916,67572885916,67572885916,0,0
67634341920,67634341920,67634341920,0,0
67695533920,67695533920,67695533920,0,0
67755925918,67755925918,67755925918,0,0
67817037918,67817037918,67817037918,0,0
67877589920,67877589920,67877589920,0,0
67938645920,67938645920,67938645920,0,0
67999725920,67999725920,67999725920,0,0
68060517920,68060517920,68060517920,67857493920,0
68121229921,68121229921,68121229921,67857493920,0
68182485920,68182485920,68182485920,67857493920,0
68243349920,68243349920,68243349920,67857493920,0
68304717916,68304717916,68304717916,67857493920,0
68366381917,68366381917,68366381917,68161861918,0
68427253920,68427253920,68427253920,68161861918,0
68487525920,68487525920,68487525920,68161861918,0
68548805920,68548805920,68548805920,68161861918,0
68609669920,68609669920,68609669920,68161861918,0
68670709920,68670709920,68670709920,68467413917,0
68731709920,68731709920,68731709920,68467413917,0
68792829920,68792829920,68792829920,68467413917,0
68854189918,68854189918,68854189918,68467413917,0
68915109919,68915109919,68915109919,68467413917,0
68976213920,68976213920,68976213920,68772349920,0
69037565917,69037565917,69037565917,68772349920,0
69098181920,69098181920,69098181920,68772349920,0
69159517920,69159517920,69159517920,68772349920,0
69220069920,69220069920,69220069920,68772349920,0
69281221917,69281221917,69281221917,69078029918,0
69342085920,69342085920,69342085920,69078029918,0
69402813920,69402813920,69402813920,69078029918,0
69464333920,69464333920,69464333920,69078029918,0
69524661920,69524661920,69524661920,69078029918,0
69586173918,69586173918,69586173918,69382797918,0
69646965920,69646965920,69646965920,69382797918,0
69707629917,69707629917,69707629917,69382797918,0
69768813917,69768813917,69768813917,69382797918,0
69829981920,69829981920,69829981920,69382797918,0
69891157921,69891157921,69891157921,69707629917,0
69952629920,69952629920,69952629920,69707629917,0
70013549920,70013549920,70013549920,69707629917,0
70074749920,70074749920,70074749920,69707629917,0
70094829916,70094829916,70094829916,69707629917,0
67572885916,67572885916,67572885916,0,0
67634341920,67634341920,67634341920,0,0
67695533920,67695533920,67695533920,0,0
67755925918,67755925918,67755925918,0,0
67817037918,67817037918,67817037918,0,0
67877589920,67877589920,67877589920,0,0
67938645920,67938645920,67938645920,0,0
67999725920,67999725920,67999725920,0,0
68060517920,68060517920,68060517920,67857493920,0
68121229921,68121229921,68121229921,67857493920,0
68182485920,68182485920,68182485920,67857493920,0
68243349920,68243349920,68243349920,67857493920,0
68304717916,68304717916,68304717916,67857493920,0
68366381917,68366381917,68366381917,68161861918,0
68427253920,68427253920,68427253920,68161861918,0
68487525920,68487525920,68487525920,68161861918,0
68548805920,68548805920,68548805920,68161861918,0
68609669920,68609669920,68609669920,68161861918,0
68670709920,68670709920,68670709920,68467413917,0
68731709920,68731709920,68731709920,68467413917,0
68792829920,68792829920,68792829920,68467413917,0
68854189918,68854189918,68854189918,68467413917,0
68915109919,68915109919,68915109919,68467413917,0
68976213920,68976213920,68976213920,68772349920,0
69037565917,69037565917,69037565917,68772349920,0
69098181920,69098181920,69098181920,68772349920,0
69159517920,69159517920,69159517920,68772349920,0
69220069920,69220069920,69220069920,68772349920,0
69281221917,69281221917,69281221917,69078029918,0
69342085920,69342085920,69342085920,69078029918,0
69402813920,69402813920,69402813920,69078029918,0
69464333920,69464333920,69464333920,69078029918,0
69524661920,69524661920,69524661920,69078029918,0
69586173918,69586173918,69586173918,69382797918,0
69646965920,69646965920,69646965920,69382797918,0
69707629917,69707629917,69707629917,69382797918,0
69768813917,69768813917,69768813917,69382797918,0
69829981920,69829981920,69829981920,69382797918,0
69891157921,69891157921,69891157921,69707629917,0
69952629920,69952629920,69952629920,69707629917,0
70013549920,70013549920,70013549920,69707629917,0
70074749920,70074749920,70074749920,69707629917,0
70115413920,70115413920,70115413920,69707629917,0
67572885916,67572885916,67572885916,0,0
67634341920,67634341920,67634341920,0,0
67695533920,67695533920,67695533920,0,0
67755925918,67755925918,67755925918,0,0
67817037918,67817037918,67817037918,0,0
67877589920,67877589920,67877589920,0,0
67938645920,67938645920,67938645920,0,0
67999725920,67999725920,67999725920,0,0
68060517920,68060517920,68060517920,67857493920,0
68121229921,68121229921,68121229921,67857493920,0
68182485920,68182485920,68182485920,67857493920,0
68243349920,68243349920,68243349920,67857493920,0
68304717916,68304717916,68304717916,67857493920,0
68366381917,68366381917,68366381917,68161861918,0
68427253920,68427253920,68427253920,68161861918,0
68487525920,68487525920,68487525920,68161861918,0
68548805920,68548805920,68548805920,68161861918,0
68609669920,68609669920,68609669920,68161861918,0
68670709920,68670709920,68670709920,68467413917,0
68731709920,68731709920,68731709920,68467413917,0
68792829920,68792829920,68792829920,68467413917,0
68854189918,68854189918,68854189918,68467413917,0
68915109919,68915109919,68915109919,68467413917,0
68976213920,68976213920,68976213920,68772349920,0
69037565917,69037565917,69037565917,68772349920,0
69098181920,69098181920,69098181920,68772349920,0
69159517920,69159517920,69159517920,68772349920,0
69220069920,69220069920,69220069920,68772349920,0
69281221917,69281221917,69281221917,69078029918,0
69342085920,69342085920,69342085920,69078029918,0
69402813920,69402813920,69402813920,69078029918,0
69464333920,69464333920,69464333920,69078029918,0
69524661920,69524661920,69524661920,69078029918,0
69586173918,69586173918,69586173918,69382797918,0
69646965920,69646965920,69646965920,69382797918,0
69707629917,69707629917,69707629917,69382797918,0
69768813917,69768813917,69768813917,69382797918,0
69829981920,69829981920,69829981920,69382797918,0
69891157921,69891157921,69891157921,69707629917,0
69952629920,69952629920,69952629920,69707629917,0
70013549920,70013549920,70013549920,69707629917,0
70074749920,70074749920,70074749920,69707629917,0
70135597920,70135597920,70135597920,69707629917,0
67572885916,67572885916,67572885916,0,0
67634341920,67634341920,67634341920,0,0
67695533920,67695533920,67695533920,0,0
67755925918,67755925918,67755925918,0,0
67817037918,67817037918,67817037918,0,0
67877589920,67877589920,67877589920,0,0
67938645920,67938645920,67938645920,0,0
67999725920,67999725920,67999725920,0,0
68060517920,68060517920,68060517920,67857493920,0
68121229921,68121229921,68121229921,67857493920,0
68182485920,68182485920,68182485920,67857493920,0
68243349920,68243349920,68243349920,67857493920,0
68304717916,68304717916,68304717916,67857493920,0
68366381917,68366381917,68366381917,68161861918,0
68427253920,68427253920,68427253920,68161861918,0
68487525920,68487525920,68487525920,68161861918,0
68548805920,68548805920,68548805920,68161861918,0
68609669920,68609669920,68609669920,68161861918,0
68670709920,68670709920,68670709920,68467413917,0
68731709920,68731709920,68731709920,68467413917,0
68792829920,68792829920,68792829920,68467413917,0
68854189918,68854189918,68854189918,68467413917,0
68915109919,68915109919,68915109919,68467413917,0
68976213920,68976213920,68976213920,68772349920,0
69037565917,69037565917,69037565917,68772349920,0
69098181920,69098181920,69098181920,68772349920,0
69159517920,69159517920,69159517920,68772349920,0
69220069920,69220069920,69220069920,68772349920,0
69281221917,69281221917,69281221917,69078029918,0
69342085920,69342085920,69342085920,69078029918,0
69402813920,69402813920,69402813920,69078029918,0
69464333920,69464333920,69464333920,69078029918,0
69524661920,69524661920,69524661920,69078029918,0
69586173918,69586173918,69586173918,69382797918,0
69646965920,69646965920,69646965920,69382797918,0
69707629917,69707629917,69707629917,69382797918,0
69768813917,69768813917,69768813917,69382797918,0
69829981920,69829981920,69829981920,69382797918,0
69891157921,69891157921,69891157921,69707629917,0
69952629920,69952629920,69952629920,69707629917,0
70013549920,70013549920,70013549920,69707629917,0
70074749920,70074749920,70074749920,69707629917,0
70135597920,70135597920,70135597920,69707629917,0
70155709920,70155709920,70155709920,69707629917,0
67572885916,67572885916,67572885916,0,0
67634341920,67634341920,67634341920,0,0
67695533920,67695533920,67695533920,0,0
67755925918,67755925918,67755925918,0,0
67817037918,67817037918,67817037918,0,0
67877589920,67877589920,67877589920,0,0
67938645920,67938645920,67938645920,0,0
67999725920,67999725920,67999725920,0,0
68060517920,68060517920,68060517920,67857493920,0
68121229921,68121229921,68121229921,67857493920,0
68182485920,68182485920,68182485920,67857493920,0
68243349920,68243349920,68243349920,67857493920,0
68304717916,68304717916,68304717916,67857493920,0
68366381917,68366381917,68366381917,68161861918,0
68427253920,68427253920,68427253920,68161861918,0
68487525920,68487525920,68487525920,68161861918,0
68548805920,68548805920,68548805920,68161861918,0
68609669920,68609669920,68609669920,68161861918,0
68670709920,68670709920,68670709920,68467413917,0
68731709920,68731709920,68731709920,68467413917,0
68792829920,68792829920,68792829920,68467413917,0
68854189918,68854189918,68854189918,68467413917,0
68915109919,68915109919,68915109919,68467413917,0
68976213920,68976213920,68976213920,68772349920,0
69037565917,69037565917,69037565917,68772349920,0
69098181920,69098181920,69098181920,68772349920,0
69159517920,69159517920,69159517920,68772349920,0
69220069920,69220069920,69220069920,68772349920,0
69281221917,69281221917,69281221917,69078029918,0
69342085920,69342085920,69342085920,69078029918,0
69402813920,69402813920,69402813920,69078029918,0
69464333920,69464333920,69464333920,69078029918,0
69524661920,69524661920,69524661920,69078029918,0
69586173918,69586173918,69586173918,69382797918,0
69646965920,69646965920,69646965920,69382797918,0
69707629917,69707629917,69707629917,69382797918,0
69768813917,69768813917,69768813917,69382797918,0
69829981920,69829981920,69829981920,69382797918,0
69891157921,69891157921,69891157921,69707629917,0
69952629920,69952629920,69952629920,69707629917,0
70013549920,70013549920,70013549920,69707629917,0
70074749920,70074749920,70074749920,69707629917,0
70135597920,70135597920,70135597920,69707629917,0
70175789920,70175789920,70175789920,69707629917,0
67572885916,67572885916,67572885916,0,0
67634341920,67634341920,67634341920,0,0
67695533920,67695533920,67695533920,0,0
67755925918,67755925918,67755925918,0,0
67817037918,67817037918,67817037918,0,0
67877589920,67877589920,67877589920,0,0
67938645920,67938645920,67938645920,0,0
67999725920,67999725920,67999725920,0,0
68060517920,68060517920,68060517920,67857493920,0
68121229921,68121229921,68121229921,67857493920,0
68182485920,68182485920,68182485920,67857493920,0
68243349920,68243349920,68243349920,67857493920,0
68304717916,68304717916,68304717916,67857493920,0
68366381917,68366381917,68366381917,68161861918,0
68427253920,68427253920,68427253920,68161861918,0
68487525920,68487525920,68487525920,68161861918,0
68548805920,68548805920,68548805920,68161861918,0
68609669920,68609669920,68609669920,68161861918,0
68670709920,68670709920,68670709920,68467413917,0
68731709920,68731709920,68731709920,68467413917,0
68792829920,68792829920,68792829920,68467413917,0
68854189918,68854189918,68854189918,68467413917,0
68915109919,68915109919,68915109919,68467413917,0
68976213920,68976213920,68976213920,68772349920,0
69037565917,69037565917,69037565917,68772349920,0
69098181920,69098181920,69098181920,68772349920,0
69159517920,69159517920,69159517920,68772349920,0
69220069920,69220069920,69220069920,68772349920,0
69281221917,69281221917,69281221917,69078029918,0
69342085920,69342085920,69342085920,69078029918,0
69402813920,69402813920,69402813920,69078029918,0
69464333920,69464333920,69464333920,69078029918,0
69524661920,69524661920,69524661920,69078029918,0
69586173918,69586173918,69586173918,69382797918,0
69646965920,69646965920,69646965920,69382797918,0
69707629917,69707629917,69707629917,69382797918,0
69768813917,69768813917,69768813917,69382797918,0
69829981920,69829981920,69829981920,69382797918,0
69891157921,69891157921,69891157921,69707629917,0
69952629920,69952629920,69952629920,69707629917,0
70013549920,70013549920,70013549920,69707629917,0
70074749920,70074749920,70074749920,69707629917,0
70135597920,70135597920,70135597920,69707629917,0
70196061920,70196061920,70196061920,70013549920,0
67572885916,67572885916,67572885916,0,0
67634341920,67634341920,67634341920,0,0
67695533920,67695533920,67695533920,0,0
67755925918,67755925918,67755925918,0,0
67817037918,67817037918,67817037918,0,0
67877589920,67877589920,67877589920,0,0
67938645920,67938645920,67938645920,0,0
67999725920,67999725920,67999725920,0,0
68060517920,68060517920,68060517920,67857493920,0
68121229921,68121229921,68121229921,67857493920,0
68182485920,68182485920,68182485920,67857493920,0
68243349920,68243349920,68243349920,67857493920,0
68304717916,68304717916,68304717916,67857493920,0
68366381917,68366381917,68366381917,68161861918,0
68427253920,68427253920,68427253920,68161861918,0
68487525920,68487525920,68487525920,68161861918,0
68548805920,68548805920,68548805920,68161861918,0
68609669920,68609669920,68609669920,68161861918,0
68670709920,68670709920,68670709920,68467413917,0
68731709920,68731709920,68731709920,68467413917,0
68792829920,68792829920,68792829920,68467413917,0
68854189918,68854189918,68854189918,68467413917,0
68915109919,68915109919,68915109919,68467413917,0
68976213920,68976213920,68976213920,68772349920,0
69037565917,69037565917,69037565917,68772349920,0
69098181920,69098181920,69098181920,68772349920,0
69159517920,69159517920,69159517920,68772349920,0
69220069920,69220069920,69220069920,68772349920,0
69281221917,69281221917,69281221917,69078029918,0
69342085920,69342085920,69342085920,69078029918,0
69402813920,69402813920,69402813920,69078029918,0
69464333920,69464333920,69464333920,69078029918,0
69524661920,69524661920,69524661920,69078029918,0
69586173918,69586173918,69586173918,69382797918,0
69646965920,69646965920,69646965920,69382797918,0
69707629917,69707629917,69707629917,69382797918,0
69768813917,69768813917,69768813917,69382797918,0
69829981920,69829981920,69829981920,69382797918,0
69891157921,69891157921,69891157921,69707629917,0
69952629920,69952629920,69952629920,69707629917,0
70013549920,70013549920,70013549920,69707629917,0
70074749920,70074749920,70074749920,69707629917,0
70135597920,70135597920,70135597920,69707629917,0
70196061920,70196061920,70196061920,70013549920,0
70216821919,70216821919,70216821919,70013549920,0
67572885916,67572885916,67572885916,0,0
67634341920,67634341920,67634341920,0,0
67695533920,67695533920,67695533920,0,0
67755925918,67755925918,67755925918,0,0
67817037918,67817037918,67817037918,0,0
67877589920,67877589920,67877589920,0,0
67938645920,67938645920,67938645920,0,0
67999725920,67999725920,67999725920,0,0
68060517920,68060517920,68060517920,67857493920,0
68121229921,68121229921,68121229921,67857493920,0
68182485920,68182485920,68182485920,67857493920,0
68243349920,68243349920,68243349920,67857493920,0
68304717916,68304717916,68304717916,67857493920,0
68366381917,68366381917,68366381917,68161861918,0
68427253920,68427253920,68427253920,68161861918,0
68487525920,68487525920,68487525920,68161861918,0
68548805920,68548805920,68548805920,68161861918,0
68609669920,68609669920,68609669920,68161861918,0
68670709920,68670709920,68670709920,68467413917,0
68731709920,68731709920,68731709920,68467413917,0
68792829920,68792829920,68792829920,68467413917,0
68854189918,68854189918,68854189918,68467413917,0
68915109919,68915109919,68915109919,68467413917,0
68976213920,68976213920,68976213920,68772349920,0
69037565917,69037565917,69037565917,68772349920,0
69098181920,69098181920,69098181920,68772349920,0
69159517920,69159517920,69159517920,68772349920,0
69220069920,69220069920,69220069920,68772349920,0
69281221917,69281221917,69281221917,69078029918,0
69342085920,69342085920,69342085920,69078029918,0
69402813920,69402813920,69402813920,69078029918,0
69464333920,69464333920,69464333920,69078029918,0
69524661920,69524661920,69524661920,69078029918,0
69586173918,69586173918,69586173918,69382797918,0
69646965920,69646965920,69646965920,69382797918,0
69707629917,69707629917,69707629917,69382797918,0
69768813917,69768813917,69768813917,69382797918,0
69829981920,69829981920,69829981920,69382797918,0
69891157921,69891157921,69891157921,69707629917,0
69952629920,69952629920,69952629920,69707629917,0
70013549920,70013549920,70013549920,69707629917,0
70074749920,70074749920,70074749920,69707629917,0
70135597920,70135597920,70135597920,69707629917,0
70196061920,70196061920,70196061920,70013549920,0
70237197920,70237197920,70237197920,70013549920,0
67572885916,67572885916,67572885916,0,0
67634341920,67634341920,67634341920,0,0
67695533920,67695533920,67695533920,0,0
67755925918,67755925918,67755925918,0,0
67817037918,67817037918,67817037918,0,0
67877589920,67877589920,67877589920,0,0
67938645920,67938645920,67938645920,0,0
67999725920,67999725920,67999725920,0,0
68060517920,68060517920,68060517920,67857493920,0
68121229921,68121229921,68121229921,67857493920,0
68182485920,68182485920,68182485920,67857493920,0
68243349920,68243349920,68243349920,67857493920,0
68304717916,68304717916,68304717916,67857493920,0
68366381917,68366381917,68366381917,68161861918,0
68427253920,68427253920,68427253920,68161861918,0
68487525920,68487525920,68487525920,68161861918,0
68548805920,68548805920,68548805920,68161861918,0
68609669920,68609669920,68609669920,68161861918,0
68670709920,68670709920,68670709920,68467413917,0
68731709920,68731709920,68731709920,68467413917,0
68792829920,68792829920,68792829920,68467413917,0
68854189918,68854189918,68854189918,68467413917,0
68915109919,68915109919,68915109919,68467413917,0
68976213920,68976213920,68976213920,68772349920,0
69037565917,69037565917,69037565917,68772349920,0
69098181920,69098181920,69098181920,68772349920,0
69159517920,69159517920,69159517920,68772349920,0
69220069920,69220069920,69220069920,68772349920,0
69281221917,69281221917,69281221917,69078029918,0
69342085920,69342085920,69342085920,69078029918,0
69402813920,69402813920,69402813920,69078029918,0
69464333920,69464333920,69464333920,69078029918,0
69524661920,69524661920,69524661920,69078029918,0
69586173918,69586173918,69586173918,69382797918,0
69646965920,69646965920,69646965920,69382797918,0
69707629917,69707629917,69707629917,69382797918,0
69768813917,69768813917,69768813917,69382797918,0
69829981920,69829981920,69829981920,69382797918,0
69891157921,69891157921,69891157921,69707629917,0
69952629920,69952629920,69952629920,69707629917,0
70013549920,70013549920,70013549920,69707629917,0
70074749920,70074749920,70074749920,69707629917,0
70135597920,70135597920,70135597920,69707629917,0
70196061920,70196061920,70196061920,70013549920,0
70257357920,70257357920,70257357920,70013549920,0
67572885916,67572885916,67572885916,0,0
67634341920,67634341920,67634341920,0,0
67695533920,67695533920,67695533920,0,0
67755925918,67755925918,67755925918,0,0
67817037918,67817037918,67817037918,0,0
67877589920,67877589920,67877589920,0,0
67938645920,67938645920,67938645920,0,0
67999725920,67999725920,67999725920,0,0
68060517920,68060517920,68060517920,67857493920,0
68121229921,68121229921,68121229921,67857493920,0
68182485920,68182485920,68182485920,67857493920,0
68243349920,68243349920,68243349920,67857493920,0
68304717916,68304717916,68304717916,67857493920,0
68366381917,68366381917,68366381917,68161861918,0
68427253920,68427253920,68427253920,68161861918,0
68487525920,68487525920,68487525920,68161861918,0
68548805920,68548805920,68548805920,68161861918,0
68609669920,68609669920,68609669920,68161861918,0
68670709920,68670709920,68670709920,68467413917,0
68731709920,68731709920,68731709920,68467413917,0
68792829920,68792829920,68792829920,68467413917,0
68854189918,68854189918,68854189918,68467413917,0
68915109919,68915109919,68915109919,68467413917,0
68976213920,68976213920,68976213920,68772349920,0
69037565917,69037565917,69037565917,68772349920,0
69098181920,69098181920,69098181920,68772349920,0
69159517920,69159517920,69159517920,68772349920,0
69220069920,69220069920,69220069920,68772349920,0
69281221917,69281221917,69281221917,69078029918,0
69342085920,69342085920,69342085920,69078029918,0
69402813920,69402813920,69402813920,69078029918,0
69464333920,69464333920,69464333920,69078029918,0
69524661920,69524661920,69524661920,69078029918,0
69586173918,69586173918,69586173918,69382797918,0
69646965920,69646965920,69646965920,69382797918,0
69707629917,69707629917,69707629917,69382797918,0
69768813917,69768813917,69768813917,69382797918,0
69829981920,69829981920,69829981920,69382797918,0
69891157921,69891157921,69891157921,69707629917,0
69952629920,69952629920,69952629920,69707629917,0
70013549920,70013549920,70013549920,69707629917,0
70074749920,70074749920,70074749920,69707629917,0
70135597920,70135597920,70135597920,69707629917,0
70196061920,70196061920,70196061920,70013549920,0
70257357920,70257357920,70257357920,70013549920,0
70277805917,70277805917,70277805917,70013549920,0
67572885916,67572885916,67572885916,0,0
67634341920,67634341920,67634341920,0,0
67695533920,67695533920,67695533920,0,0
67755925918,67755925918,67755925918,0,0
67817037918,67817037918,67817037918,0,0
67877589920,67877589920,67877589920,0,0
67938645920,67938645920,67938645920,0,0
67999725920,67999725920,67999725920,0,0
68060517920,68060517920,68060517920,67857493920,0
68121229921,68121229921,68121229921,67857493920,0
68182485920,68182485920,68182485920,67857493920,0
68243349920,68243349920,68243349920,67857493920,0
68304717916,68304717916,68304717916,67857493920,0
68366381917,68366381917,68366381917,68161861918,0
68427253920,68427253920,68427253920,68161861918,0
68487525920,68487525920,68487525920,68161861918,0
68548805920,68548805920,68548805920,68161861918,0
68609669920,68609669920,68609669920,68161861918,0
68670709920,68670709920,68670709920,68467413917,0
68731709920,68731709920,68731709920,68467413917,0
68792829920,68792829920,68792829920,68467413917,0
68854189918,68854189918,68854189918,68467413917,0
68915109919,68915109919,68915109919,68467413917,0
68976213920,68976213920,68976213920,68772349920,0
69037565917,69037565917,69037565917,68772349920,0
69098181920,69098181920,69098181920,68772349920,0
69159517920,69159517920,69159517920,68772349920,0
69220069920,69220069920,69220069920,68772349920,0
69281221917,69281221917,69281221917,69078029918,0
69342085920,69342085920,69342085920,69078029918,0
69402813920,69402813920,69402813920,69078029918,0
69464333920,69464333920,69464333920,69078029918,0
69524661920,69524661920,69524661920,69078029918,0
69586173918,69586173918,69586173918,69382797918,0
69646965920,69646965920,69646965920,69382797918,0
69707629917,69707629917,69707629917,69382797918,0
69768813917,69768813917,69768813917,69382797918,0
69829981920,69829981920,69829981920,69382797918,0
69891157921,69891157921,69891157921,69707629917,0
69952629920,69952629920,69952629920,69707629917,0
70013549920,70013549920,70013549920,69707629917,0
70074749920,70074749920,70074749920,69707629917,0
70135597920,70135597920,70135597920,69707629917,0
70196061920,70196061920,70196061920,70013549920,0
70257357920,70257357920,70257357920,70013549920,0
70298053918,70298053918,70298053918,70013549920,0
67572885916,67572885916,67572885916,0,0
67634341920,67634341920,67634341920,0,0
67695533920,67695533920,67695533920,0,0
67755925918,67755925918,67755925918,0,0
67817037918,67817037918,67817037918,0,0
67877589920,67877589920,67877589920,0,0
67938645920,67938645920,67938645920,0,0
67999725920,67999725920,67999725920,0,0
68060517920,68060517920,68060517920,67857493920,0
68121229921,68121229921,68121229921,67857493920,0
68182485920,68182485920,68182485920,67857493920,0
68243349920,68243349920,68243349920,67857493920,0
68304717916,68304717916,68304717916,67857493920,0
68366381917,68366381917,68366381917,68161861918,0
68427253920,68427253920,68427253920,68161861918,0
68487525920,68487525920,68487525920,68161861918,0
68548805920,68548805920,68548805920,68161861918,0
68609669920,68609669920,68609669920,68161861918,0
68670709920,68670709920,68670709920,68467413917,0
68731709920,68731709920,68731709920,68467413917,0
68792829920,68792829920,68792829920,68467413917,0
68854189918,68854189918,68854189918,68467413917,0
68915109919,68915109919,68915109919,68467413917,0
68976213920,68976213920,68976213920,68772349920,0
69037565917,69037565917,69037565917,68772349920,0
69098181920,69098181920,69098181920,68772349920,0
69159517920,69159517920,69159517920,68772349920,0
69220069920,69220069920,69220069920,68772349920,0
69281221917,69281221917,69281221917,69078029918,0
69342085920,69342085920,69342085920,69078029918,0
69402813920,69402813920,69402813920,69078029918,0
69464333920,69464333920,69464333920,69078029918,0
69524661920,69524661920,69524661920,69078029918,0
69586173918,69586173918,69586173918,69382797918,0
69646965920,69646965920,69646965920,69382797918,0
69707629917,69707629917,69707629917,69382797918,0
69768813917,69768813917,69768813917,69382797918,0
69829981920,69829981920,69829981920,69382797918,0
69891157921,69891157921,69891157921,69707629917,0
69952629920,69952629920,69952629920,69707629917,0
70013549920,70013549920,70013549920,69707629917,0
70074749920,70074749920,70074749920,69707629917,0
70135597920,70135597920,70135597920,69707629917,0
70196061920,70196061920,70196061920,70013549920,0
70257357920,70257357920,70257357920,70013549920,0
70318741916,70318741916,70318741916,70013549920,0
67572885916,67572885916,67572885916,0,0
67634341920,67634341920,67634341920,0,0
67695533920,67695533920,67695533920,0,0
67755925918,67755925918,67755925918,0,0
67817037918,67817037918,67817037918,0,0
67877589920,67877589920,67877589920,0,0
67938645920,67938645920,67938645920,0,0
67999725920,67999725920,67999725920,0,0
68060517920,68060517920,68060517920,67857493920,0
68121229921,68121229921,68121229921,67857493920,0
68182485920,68182485920,68182485920,67857493920,0
68243349920,68243349920,68243349920,67857493920,0
68304717916,68304717916,68304717916,67857493920,0
68366381917,68366381917,68366381917,68161861918,0
68427253920,68427253920,68427253920,68161861918,0
68487525920,68487525920,68487525920,68161861918,0
68548805920,68548805920,68548805920,68161861918,0
68609669920,68609669920,68609669920,68161861918,0
68670709920,68670709920,68670709920,68467413917,0
68731709920,68731709920,68731709920,68467413917,0
68792829920,68792829920,68792829920,68467413917,0
68854189918,68854189918,68854189918,68467413917,0
68915109919,68915109919,68915109919,68467413917,0
68976213920,68976213920,68976213920,68772349920,0
69037565917,69037565917,69037565917,68772349920,0
69098181920,69098181920,69098181920,68772349920,0
69159517920,69159517920,69159517920,68772349920,0
69220069920,69220069920,69220069920,68772349920,0
69281221917,69281221917,69281221917,69078029918,0
69342085920,69342085920,69342085920,69078029918,0
69402813920,69402813920,69402813920,69078029918,0
69464333920,69464333920,69464333920,69078029918,0
69524661920,69524661920,69524661920,69078029918,0
69586173918,69586173918,69586173918,69382797918,0
69646965920,69646965920,69646965920,69382797918,0
69707629917,69707629917,69707629917,69382797918,0
69768813917,69768813917,69768813917,69382797918,0
69829981920,69829981920,69829981920,69382797918,0
69891157921,69891157921,69891157921,69707629917,0
69952629920,69952629920,69952629920,69707629917,0
70013549920,70013549920,70013549920,69707629917,0
70074749920,70074749920,70074749920,69707629917,0
70135597920,70135597920,70135597920,69707629917,0
70196061920,70196061920,70196061920,70013549920,0
70257357920,70257357920,70257357920,70013549920,0
70318741916,70318741916,70318741916,70013549920,0
70339149915,70339149915,70339149915,70013549920,0
67572885916,67572885916,67572885916,0,0
67634341920,67634341920,67634341920,0,0
67695533920,67695533920,67695533920,0,0
67755925918,67755925918,67755925918,0,0
67817037918,67817037918,67817037918,0,0
67877589920,67877589920,67877589920,0,0
67938645920,67938645920,67938645920,0,0
67999725920,67999725920,67999725920,0,0
68060517920,68060517920,68060517920,67857493920,0
68121229921,68121229921,68121229921,67857493920,0
68182485920,68182485920,68182485920,67857493920,0
68243349920,68243349920,68243349920,67857493920,0
68304717916,68304717916,68304717916,67857493920,0
68366381917,68366381917,68366381917,68161861918,0
68427253920,68427253920,68427253920,68161861918,0
68487525920,68487525920,68487525920,68161861918,0
68548805920,68548805920,68548805920,68161861918,0
68609669920,68609669920,68609669920,68161861918,0
68670709920,68670709920,68670709920,68467413917,0
68731709920,68731709920,68731709920,68467413917,0
68792829920,68792829920,68792829920,68467413917,0
68854189918,68854189918,68854189918,68467413917,0
68915109919,68915109919,68915109919,68467413917,0
68976213920,68976213920,68976213920,68772349920,0
69037565917,69037565917,69037565917,68772349920,0
69098181920,69098181920,69098181920,68772349920,0
69159517920,69159517920,69159517920,68772349920,0
69220069920,69220069920,69220069920,68772349920,0
69281221917,69281221917,69281221917,69078029918,0
69342085920,69342085920,69342085920,69078029918,0
69402813920,69402813920,69402813920,69078029918,0
69464333920,69464333920,69464333920,69078029918,0
69524661920,69524661920,69524661920,69078029918,0
69586173918,69586173918,69586173918,69382797918,0
69646965920,69646965920,69646965920,69382797918,0
69707629917,69707629917,69707629917,69382797918,0
69768813917,69768813917,69768813917,69382797918,0
69829981920,69829981920,69829981920,69382797918,0
69891157921,69891157921,69891157921,69707629917,0
69952629920,69952629920,69952629920,69707629917,0
70013549920,70013549920,70013549920,69707629917,0
70074749920,70074749920,70074749920,69707629917,0
70135597920,70135597920,70135597920,69707629917,0
70196061920,70196061920,70196061920,70013549920,0
70257357920,70257357920,70257357920,70013549920,0
70318741916,70318741916,70318741916,70013549920,0
70359693920,70359693920,70359693920,70013549920,0
67572885916,67572885916,67572885916,0,0
67634341920,67634341920,67634341920,0,0
67695533920,67695533920,67695533920,0,0
67755925918,67755925918,67755925918,0,0
67817037918,67817037918,67817037918,0,0
67877589920,67877589920,67877589920,0,0
67938645920,67938645920,67938645920,0,0
67999725920,67999725920,67999725920,0,0
68060517920,68060517920,68060517920,67857493920,0
68121229921,68121229921,68121229921,67857493920,0
68182485920,68182485920,68182485920,67857493920,0
68243349920,68243349920,68243349920,67857493920,0
68304717916,68304717916,68304717916,67857493920,0
68366381917,68366381917,68366381917,68161861918,0
68427253920,68427253920,68427253920,68161861918,0
68487525920,68487525920,68487525920,68161861918,0
68548805920,68548805920,68548805920,68161861918,0
68609669920,68609669920,68609669920,68161861918,0
68670709920,68670709920,68670709920,68467413917,0
68731709920,68731709920,68731709920,68467413917,0
68792829920,68792829920,68792829920,68467413917,0
68854189918,68854189918,68854189918,68467413917,0
68915109919,68915109919,68915109919,68467413917,0
68976213920,68976213920,68976213920,68772349920,0
69037565917,69037565917,69037565917,68772349920,0
69098181920,69098181920,69098181920,68772349920,0
69159517920,69159517920,69159517920,68772349920,0
69220069920,69220069920,69220069920,68772349920,0
69281221917,69281221917,69281221917,69078029918,0
69342085920,69342085920,69342085920,69078029918,0
69402813920,69402813920,69402813920,69078029918,0
69464333920,69464333920,69464333920,69078029918,0
69524661920,69524661920,69524661920,69078029918,0
69586173918,69586173918,69586173918,69382797918,0
69646965920,69646965920,69646965920,69382797918,0
69707629917,69707629917,69707629917,69382797918,0
69768813917,69768813917,69768813917,69382797918,0
69829981920,69829981920,69829981920,69382797918,0
69891157921,69891157921,69891157921,69707629917,0
69952629920,69952629920,69952629920,69707629917,0
70013549920,70013549920,70013549920,69707629917,0
70074749920,70074749920,70074749920,69707629917,0
70135597920,70135597920,70135597920,69707629917,0
70196061920,70196061920,70196061920,70013549920,0
70257357920,70257357920,70257357920,70013549920,0
70318741916,70318741916,70318741916,70013549920,0
70380365917,70380365917,70380365917,70013549920,0
67572885916,67572885916,67572885916,0,0
67634341920,67634341920,67634341920,0,0
67695533920,67695533920,67695533920,0,0
67755925918,67755925918,67755925918,0,0
67817037918,67817037918,67817037918,0,0
67877589920,67877589920,67877589920,0,0
67938645920,67938645920,67938645920,0,0
67999725920,67999725920,67999725920,0,0
68060517920,68060517920,68060517920,67857493920,0
68121229921,68121229921,68121229921,67857493920,0
68182485920,68182485920,68182485920,67857493920,0
68243349920,68243349920,68243349920,67857493920,0
68304717916,68304717916,68304717916,67857493920,0
68366381917,68366381917,68366381917,68161861918,0
68427253920,68427253920,68427253920,68161861918,0
68487525920,68487525920,68487525920,68161861918,0
68548805920,68548805920,68548805920,68161861918,0
68609669920,68609669920,68609669920,68161861918,0
68670709920,68670709920,68670709920,68467413917,0
68731709920,68731709920,68731709920,68467413917,0
68792829920,68792829920,68792829920,68467413917,0
68854189918,68854189918,68854189918,68467413917,0
68915109919,68915109919,68915109919,68467413917,0
68976213920,68976213920,68976213920,68772349920,0
69037565917,69037565917,69037565917,68772349920,0
69098181920,69098181920,69098181920,68772349920,0
69159517920,69159517920,69159517920,68772349920,0
69220069920,69220069920,69220069920,68772349920,0
69281221917,69281221917,69281221917,69078029918,0
69342085920,69342085920,69342085920,69078029918,0
69402813920,69402813920,69402813920,69078029918,0
69464333920,69464333920,69464333920,69078029918,0
69524661920,69524661920,69524661920,69078029918,0
69586173918,69586173918,69586173918,69382797918,0
69646965920,69646965920,69646965920,69382797918,0
69707629917,69707629917,69707629917,69382797918,0
69768813917,69768813917,69768813917,69382797918,0
69829981920,69829981920,69829981920,69382797918,0
69891157921,69891157921,69891157921,69707629917,0
69952629920,69952629920,69952629920,69707629917,0
70013549920,70013549920,70013549920,69707629917,0
70074749920,70074749920,70074749920,69707629917,0
70135597920,70135597920,70135597920,69707629917,0
70196061920,70196061920,70196061920,70013549920,0
70257357920,70257357920,70257357920,70013549920,0
70318741916,70318741916,70318741916,70013549920,0
70380365917,70380365917,70380365917,70013549920,0
70400629920,70400629920,70400629920,70013549920,0
67572885916,67572885916,67572885916,0,0
67634341920,67634341920,67634341920,0,0
67695533920,67695533920,67695533920,0,0
67755925918,67755925918,67755925918,0,0
67817037918,67817037918,67817037918,0,0
67877589920,67877589920,67877589920,0,0
67938645920,67938645920,67938645920,0,0
67999725920,67999725920,67999725920,0,0
68060517920,68060517920,68060517920,67857493920,0
68121229921,68121229921,68121229921,67857493920,0
68182485920,68182485920,68182485920,67857493920,0
68243349920,68243349920,68243349920,67857493920,0
68304717916,68304717916,68304717916,67857493920,0
68366381917,68366381917,68366381917,68161861918,0
68427253920,68427253920,68427253920,68161861918,0
68487525920,68487525920,68487525920,68161861918,0
68548805920,68548805920,68548805920,68161861918,0
68609669920,68609669920,68609669920,68161861918,0
68670709920,68670709920,68670709920,68467413917,0
68731709920,68731709920,68731709920,68467413917,0
68792829920,68792829920,68792829920,68467413917,0
68854189918,68854189918,68854189918,68467413917,0
68915109919,68915109919,68915109919,68467413917,0
68976213920,68976213920,68976213920,68772349920,0
69037565917,69037565917,69037565917,68772349920,0
69098181920,69098181920,69098181920,68772349920,0
69159517920,69159517920,69159517920,68772349920,0
69220069920,69220069920,69220069920,68772349920,0
69281221917,69281221917,69281221917,69078029918,0
69342085920,69342085920,69342085920,69078029918,0
69402813920,69402813920,69402813920,69078029918,0
69464333920,69464333920,69464333920,69078029918,0
69524661920,69524661920,69524661920,69078029918,0
69586173918,69586173918,69586173918,69382797918,0
69646965920,69646965920,69646965920,69382797918,0
69707629917,69707629917,69707629917,69382797918,0
69768813917,69768813917,69768813917,69382797918,0
69829981920,69829981920,69829981920,69382797918,0
69891157921,69891157921,69891157921,69707629917,0
69952629920,69952629920,69952629920,69707629917,0
70013549920,70013549920,70013549920,69707629917,0
70074749920,70074749920,70074749920,69707629917,0
70135597920,70135597920,70135597920,69707629917,0
70196061920,70196061920,70196061920,70013549920,0
70257357920,70257357920,70257357920,70013549920,0
70318741916,70318741916,70318741916,70013549920,0
70380365917,70380365917,70380365917,70013549920,0
70420869916,70420869916,70420869916,70013549920,0
67572885916,67572885916,67572885916,0,0
67634341920,67634341920,67634341920,0,0
67695533920,67695533920,67695533920,0,0
67755925918,67755925918,67755925918,0,0
67817037918,67817037918,67817037918,0,0
67877589920,67877589920,67877589920,0,0
67938645920,67938645920,67938645920,0,0
67999725920,67999725920,67999725920,0,0
68060517920,68060517920,68060517920,67857493920,0
68121229921,68121229921,68121229921,67857493920,0
68182485920,68182485920,68182485920,67857493920,0
68243349920,68243349920,68243349920,67857493920,0
68304717916,68304717916,68304717916,67857493920,0
68366381917,68366381917,68366381917,68161861918,0
68427253920,68427253920,68427253920,68161861918,0
68487525920,68487525920,68487525920,68161861918,0
68548805920,68548805920,68548805920,68161861918,0
68609669920,68609669920,68609669920,68161861918,0
68670709920,68670709920,68670709920,68467413917,0
68731709920,68731709920,68731709920,68467413917,0
68792829920,68792829920,68792829920,68467413917,0
68854189918,68854189918,68854189918,68467413917,0
68915109919,68915109919,68915109919,68467413917,0
68976213920,68976213920,68976213920,68772349920,0
69037565917,69037565917,69037565917,68772349920,0
69098181920,69098181920,69098181920,68772349920,0
69159517920,69159517920,69159517920,68772349920,0
69220069920,69220069920,69220069920,68772349920,0
69281221917,69281221917,69281221917,69078029918,0
69342085920,69342085920,69342085920,69078029918,0
69402813920,69402813920,69402813920,69078029918,0
69464333920,69464333920,69464333920,69078029918,0
69524661920,69524661920,69524661920,69078029918,0
69586173918,69586173918,69586173918,69382797918,0
69646965920,69646965920,69646965920,69382797918,0
69707629917,69707629917,69707629917,69382797918,0
69768813917,69768813917,69768813917,69382797918,0
69829981920,69829981920,69829981920,69382797918,0
69891157921,69891157921,69891157921,69707629917,0
69952629920,69952629920,69952629920,69707629917,0
70013549920,70013549920,70013549920,69707629917,0
70074749920,70074749920,70074749920,69707629917,0
70135597920,70135597920,70135597920,69707629917,0
70196061920,70196061920,70196061920,70013549920,0
70257357920,70257357920,70257357920,70013549920,0
70318741916,70318741916,70318741916,70013549920,0
70380365917,70380365917,70380365917,70013549920,0
70441309920,70441309920,70441309920,70013549920,0
67572885916,67572885916,67572885916,0,0
67634341920,67634341920,67634341920,0,0
67695533920,67695533920,67695533920,0,0
67755925918,67755925918,67755925918,0,0
67817037918,67817037918,67817037918,0,0
67877589920,67877589920,67877589920,0,0
67938645920,67938645920,67938645920,0,0
67999725920,67999725920,67999725920,0,0
68060517920,68060517920,68060517920,67857493920,0
68121229921,68121229921,68121229921,67857493920,0
68182485920,68182485920,68182485920,67857493920,0
68243349920,68243349920,68243349920,67857493920,0
68304717916,68304717916,68304717916,67857493920,0
68366381917,68366381917,68366381917,68161861918,0
68427253920,68427253920,68427253920,68161861918,0
68487525920,68487525920,68487525920,68161861918,0
68548805920,68548805920,68548805920,68161861918,0
68609669920,68609669920,68609669920,68161861918,0
68670709920,68670709920,68670709920,68467413917,0
68731709920,68731709920,68731709920,68467413917,0
68792829920,68792829920,68792829920,68467413917,0
68854189918,68854189918,68854189918,68467413917,0
68915109919,68915109919,68915109919,68467413917,0
68976213920,68976213920,68976213920,68772349920,0
69037565917,69037565917,69037565917,68772349920,0
69098181920,69098181920,69098181920,68772349920,0
69159517920,69159517920,69159517920,68772349920,0
69220069920,69220069920,69220069920,68772349920,0
69281221917,69281221917,69281221917,69078029918,0
69342085920,69342085920,69342085920,69078029918,0
69402813920,69402813920,69402813920,69078029918,0
69464333920,69464333920,69464333920,69078029918,0
69524661920,69524661920,69524661920,69078029918,0
69586173918,69586173918,69586173918,69382797918,0
69646965920,69646965920,69646965920,69382797918,0
69707629917,69707629917,69707629917,69382797918,0
69768813917,69768813917,69768813917,69382797918,0
69829981920,69829981920,69829981920,69382797918,0
69891157921,69891157921,69891157921,69707629917,0
69952629920,69952629920,69952629920,69707629917,0
70013549920,70013549920,70013549920,69707629917,0
70074749920,70074749920,70074749920,69707629917,0
70135597920,70135597920,70135597920,69707629917,0
70196061920,70196061920,70196061920,70013549920,0
70257357920,70257357920,70257357920,70013549920,0
70318741916,70318741916,70318741916,70013549920,0
70380365917,70380365917,70380365917,70013549920,0
70441309920,70441309920,70441309920,70013549920,0
70461829917,70461829917,70461829917,70013549920,0
67572885916,67572885916,67572885916,0,0
67634341920,67634341920,67634341920,0,0
67695533920,67695533920,67695533920,0,0
67755925918,67755925918,67755925918,0,0
67817037918,67817037918,67817037918,0,0
67877589920,67877589920,67877589920,0,0
67938645920,67938645920,67938645920,0,0
67999725920,67999725920,67999725920,0,0
68060517920,68060517920,68060517920,67857493920,0
68121229921,68121229921,68121229921,67857493920,0
68182485920,68182485920,68182485920,67857493920,0
68243349920,68243349920,68243349920,67857493920,0
68304717916,68304717916,68304717916,67857493920,0
68366381917,68366381917,68366381917,68161861918,0
68427253920,68427253920,68427253920,68161861918,0
68487525920,68487525920,68487525920,68161861918,0
68548805920,68548805920,68548805920,68161861918,0
68609669920,68609669920,68609669920,68161861918,0
68670709920,68670709920,68670709920,68467413917,0
68731709920,68731709920,68731709920,68467413917,0
68792829920,68792829920,68792829920,68467413917,0
68854189918,68854189918,68854189918,68467413917,0
68915109919,68915109919,68915109919,68467413917,0
68976213920,68976213920,68976213920,68772349920,0
69037565917,69037565917,69037565917,68772349920,0
69098181920,69098181920,69098181920,68772349920,0
69159517920,69159517920,69159517920,68772349920,0
69220069920,69220069920,69220069920,68772349920,0
69281221917,69281221917,69281221917,69078029918,0
69342085920,69342085920,69342085920,69078029918,0
69402813920,69402813920,69402813920,69078029918,0
69464333920,69464333920,69464333920,69078029918,0
69524661920,69524661920,69524661920,69078029918,0
69586173918,69586173918,69586173918,69382797918,0
69646965920,69646965920,69646965920,69382797918,0
69707629917,69707629917,69707629917,69382797918,0
69768813917,69768813917,69768813917,69382797918,0
69829981920,69829981920,69829981920,69382797918,0
69891157921,69891157921,69891157921,69707629917,0
69952629920,69952629920,69952629920,69707629917,0
70013549920,70013549920,70013549920,69707629917,0
70074749920,70074749920,70074749920,69707629917,0
70135597920,70135597920,70135597920,69707629917,0
70196061920,70196061920,70196061920,70013549920,0
70257357920,70257357920,70257357920,70013549920,0
70318741916,70318741916,70318741916,70013549920,0
70380365917,70380365917,70380365917,70013549920,0
70441309920,70441309920,70441309920,70013549920,0
70482045919,70482045919,70482045919,70013549920,0
67572885916,67572885916,67572885916,0,0
67634341920,67634341920,67634341920,0,0
67695533920,67695533920,67695533920,0,0
67755925918,67755925918,67755925918,0,0
67817037918,67817037918,67817037918,0,0
67877589920,67877589920,67877589920,0,0
67938645920,67938645920,67938645920,0,0
67999725920,67999725920,67999725920,0,0
68060517920,68060517920,68060517920,67857493920,0
68121229921,68121229921,68121229921,67857493920,0
68182485920,68182485920,68182485920,67857493920,0
68243349920,68243349920,68243349920,67857493920,0
68304717916,68304717916,68304717916,67857493920,0
68366381917,68366381917,68366381917,68161861918,0
68427253920,68427253920,68427253920,68161861918,0
68487525920,68487525920,68487525920,68161861918,0
68548805920,68548805920,68548805920,68161861918,0
68609669920,68609669920,68609669920,68161861918,0
68670709920,68670709920,68670709920,68467413917,0
68731709920,68731709920,68731709920,68467413917,0
68792829920,68792829920,68792829920,68467413917,0
68854189918,68854189918,68854189918,68467413917,0
68915109919,68915109919,68915109919,68467413917,0
68976213920,68976213920,68976213920,68772349920,0
69037565917,69037565917,69037565917,68772349920,0
69098181920,69098181920,69098181920,68772349920,0
69159517920,69159517920,69159517920,68772349920,0
69220069920,69220069920,69220069920,68772349920,0
69281221917,69281221917,69281221917,69078029918,0
69342085920,69342085920,69342085920,69078029918,0
69402813920,69402813920,69402813920,69078029918,0
69464333920,69464333920,69464333920,69078029918,0
69524661920,69524661920,69524661920,69078029918,0
69586173918,69586173918,69586173918,69382797918,0
69646965920,69646965920,69646965920,69382797918,0
69707629917,69707629917,69707629917,69382797918,0
69768813917,69768813917,69768813917,69382797918,0
69829981920,69829981920,69829981920,69382797918,0
69891157921,69891157921,69891157921,69707629917,0
69952629920,69952629920,69952629920,69707629917,0
70013549920,70013549920,70013549920,69707629917,0
70074749920,70074749920,70074749920,69707629917,0
70135597920,70135597920,70135597920,69707629917,0
70196061920,70196061920,70196061920,70013549920,0
70257357920,70257357920,70257357920,70013549920,0
70318741916,70318741916,70318741916,70013549920,0
70380365917,70380365917,70380365917,70013549920,0
70441309920,70441309920,70441309920,70013549920,0
70502469920,70502469920,70502469920,70318741916,0
67572885916,67572885916,67572885916,0,0
67634341920,67634341920,67634341920,0,0
67695533920,67695533920,67695533920,0,0
67755925918,67755925918,67755925918,0,0
67817037918,67817037918,67817037918,0,0
67877589920,67877589920,67877589920,0,0
67938645920,67938645920,67938645920,0,0
67999725920,67999725920,67999725920,0,0
68060517920,68060517920,68060517920,67857493920,0
68121229921,68121229921,68121229921,67857493920,0
68182485920,68182485920,68182485920,67857493920,0
68243349920,68243349920,68243349920,67857493920,0
68304717916,68304717916,68304717916,67857493920,0
68366381917,68366381917,68366381917,68161861918,0
68427253920,68427253920,68427253920,68161861918,0
68487525920,68487525920,68487525920,68161861918,0
68548805920,68548805920,68548805920,68161861918,0
68609669920,68609669920,68609669920,68161861918,0
68670709920,68670709920,68670709920,68467413917,0
68731709920,68731709920,68731709920,68467413917,0
68792829920,68792829920,68792829920,68467413917,0
68854189918,68854189918,68854189918,68467413917,0
68915109919,68915109919,68915109919,68467413917,0
68976213920,68976213920,68976213920,68772349920,0
69037565917,69037565917,69037565917,68772349920,0
69098181920,69098181920,69098181920,68772349920,0
69159517920,69159517920,69159517920,68772349920,0
69220069920,69220069920,69220069920,68772349920,0
69281221917,69281221917,69281221917,69078029918,0
69342085920,69342085920,69342085920,69078029918,0
69402813920,69402813920,69402813920,69078029918,0
69464333920,69464333920,69464333920,69078029918,0
69524661920,69524661920,69524661920,69078029918,0
69586173918,69586173918,69586173918,69382797918,0
69646965920,69646965920,69646965920,69382797918,0
69707629917,69707629917,69707629917,69382797918,0
69768813917,69768813917,69768813917,69382797918,0
69829981920,69829981920,69829981920,69382797918,0
69891157921,69891157921,69891157921,69707629917,0
69952629920,69952629920,69952629920,69707629917,0
70013549920,70013549920,70013549920,69707629917,0
70074749920,70074749920,70074749920,69707629917,0
70135597920,70135597920,70135597920,69707629917,0
70196061920,70196061920,70196061920,70013549920,0
70257357920,70257357920,70257357920,70013549920,0
70318741916,70318741916,70318741916,70013549920,0
70380365917,70380365917,70380365917,70013549920,0
70441309920,70441309920,70441309920,70013549920,0
70502469920,70502469920,70502469920,70318741916,0
70522789920,70522789920,70522789920,70318741916,0
67572885916,67572885916,67572885916,0,0
67634341920,67634341920,67634341920,0,0
67695533920,67695533920,67695533920,0,0
67755925918,67755925918,67755925918,0,0
67817037918,67817037918,67817037918,0,0
67877589920,67877589920,67877589920,0,0
67938645920,67938645920,67938645920,0,0
67999725920,67999725920,67999725920,0,0
68060517920,68060517920,68060517920,67857493920,0
68121229921,68121229921,68121229921,67857493920,0
68182485920,68182485920,68182485920,67857493920,0
68243349920,68243349920,68243349920,67857493920,0
68304717916,68304717916,68304717916,67857493920,0
68366381917,68366381917,68366381917,68161861918,0
68427253920,68427253920,68427253920,68161861918,0
68487525920,68487525920,68487525920,68161861918,0
68548805920,68548805920,68548805920,68161861918,0
68609669920,68609669920,68609669920,68161861918,0
68670709920,68670709920,68670709920,68467413917,0
68731709920,68731709920,68731709920,68467413917,0
68792829920,68792829920,68792829920,68467413917,0
68854189918,68854189918,68854189918,68467413917,0
68915109919,68915109919,68915109919,68467413917,0
68976213920,68976213920,68976213920,68772349920,0
69037565917,69037565917,69037565917,68772349920,0
69098181920,69098181920,69098181920,68772349920,0
69159517920,69159517920,69159517920,68772349920,0
69220069920,69220069920,69220069920,68772349920,0
69281221917,69281221917,69281221917,69078029918,0
69342085920,69342085920,69342085920,69078029918,0
69402813920,69402813920,69402813920,69078029918,0
69464333920,69464333920,69464333920,69078029918,0
69524661920,69524661920,69524661920,69078029918,0
69586173918,69586173918,69586173918,69382797918,0
69646965920,69646965920,69646965920,69382797918,0
69707629917,69707629917,69707629917,69382797918,0
69768813917,69768813917,69768813917,69382797918,0
69829981920,69829981920,69829981920,69382797918,0
69891157921,69891157921,69891157921,69707629917,0
69952629920,69952629920,69952629920,69707629917,0
70013549920,70013549920,70013549920,69707629917,0
70074749920,70074749920,70074749920,69707629917,0
70135597920,70135597920,70135597920,69707629917,0
70196061920,70196061920,70196061920,70013549920,0
70257357920,70257357920,70257357920,70013549920,0
70318741916,70318741916,70318741916,70013549920,0
70380365917,70380365917,70380365917,70013549920,0
70441309920,70441309920,70441309920,70013549920,0
70502469920,70502469920,70502469920,70318741916,0
70542981920,70542981920,70542981920,70318741916,0
67572885916,67572885916,67572885916,0,0
67634341920,67634341920,67634341920,0,0
67695533920,67695533920,67695533920,0,0
67755925918,67755925918,67755925918,0,0
67817037918,67817037918,67817037918,0,0
67877589920,67877589920,67877589920,0,0
67938645920,67938645920,67938645920,0,0
67999725920,67999725920,67999725920,0,0
68060517920,68060517920,68060517920,67857493920,0
68121229921,68121229921,68121229921,67857493920,0
68182485920,68182485920,68182485920,67857493920,0
68243349920,68243349920,68243349920,67857493920,0
68304717916,68304717916,68304717916,67857493920,0
68366381917,68366381917,68366381917,68161861918,0
68427253920,68427253920,68427253920,68161861918,0
68487525920,68487525920,68487525920,68161861918,0
68548805920,68548805920,68548805920,68161861918,0
68609669920,68609669920,68609669920,68161861918,0
68670709920,68670709920,68670709920,68467413917,0
68731709920,68731709920,68731709920,68467413917,0
68792829920,68792829920,68792829920,68467413917,0
68854189918,68854189918,68854189918,68467413917,0
68915109919,68915109919,68915109919,68467413917,0
68976213920,68976213920,68976213920,68772349920,0
69037565917,69037565917,69037565917,68772349920,0
69098181920,69098181920,69098181920,68772349920,0
69159517920,69159517920,69159517920,68772349920,0
69220069920,69220069920,69220069920,68772349920,0
69281221917,69281221917,69281221917,69078029918,0
69342085920,69342085920,69342085920,69078029918,0
69402813920,69402813920,69402813920,69078029918,0
69464333920,69464333920,69464333920,69078029918,0
69524661920,69524661920,69524661920,69078029918,0
69586173918,69586173918,69586173918,69382797918,0
69646965920,69646965920,69646965920,69382797918,0
69707629917,69707629917,69707629917,69382797918,0
69768813917,69768813917,69768813917,69382797918,0
69829981920,69829981920,69829981920,69382797918,0
69891157921,69891157921,69891157921,69707629917,0
69952629920,69952629920,69952629920,69707629917,0
70013549920,70013549920,70013549920,69707629917,0
70074749920,70074749920,70074749920,69707629917,0
70135597920,70135597920,70135597920,69707629917,0
70196061920,70196061920,70196061920,70013549920,0
70257357920,70257357920,70257357920,70013549920,0
70318741916,70318741916,70318741916,70013549920,0
70380365917,70380365917,70380365917,70013549920,0
70441309920,70441309920,70441309920,70013549920,0
70502469920,70502469920,70502469920,70318741916,0
70563621921,70563621921,70563621921,70318741916,0
67572885916,67572885916,67572885916,0,0
67634341920,67634341920,67634341920,0,0
67695533920,67695533920,67695533920,0,0
67755925918,67755925918,67755925918,0,0
67817037918,67817037918,67817037918,0,0
67877589920,67877589920,67877589920,0,0
67938645920,67938645920,67938645920,0,0
67999725920,67999725920,67999725920,0,0
68060517920,68060517920,68060517920,67857493920,0
68121229921,68121229921,68121229921,67857493920,0
68182485920,68182485920,68182485920,67857493920,0
68243349920,68243349920,68243349920,67857493920,0
68304717916,68304717916,68304717916,67857493920,0
68366381917,68366381917,68366381917,68161861918,0
68427253920,68427253920,68427253920,68161861918,0
68487525920,68487525920,68487525920,68161861918,0
68548805920,68548805920,68548805920,68161861918,0
68609669920,68609669920,68609669920,68161861918,0
68670709920,68670709920,68670709920,68467413917,0
68731709920,68731709920,68731709920,68467413917,0
68792829920,68792829920,68792829920,68467413917,0
68854189918,68854189918,68854189918,68467413917,0
68915109919,68915109919,68915109919,68467413917,0
68976213920,68976213920,68976213920,68772349920,0
69037565917,69037565917,69037565917,68772349920,0
69098181920,69098181920,69098181920,68772349920,0
69159517920,69159517920,69159517920,68772349920,0
69220069920,69220069920,69220069920,68772349920,0
69281221917,69281221917,69281221917,69078029918,0
69342085920,69342085920,69342085920,69078029918,0
69402813920,69402813920,69402813920,69078029918,0
69464333920,69464333920,69464333920,69078029918,0
69524661920,69524661920,69524661920,69078029918,0
69586173918,69586173918,69586173918,69382797918,0
69646965920,69646965920,69646965920,69382797918,0
69707629917,69707629917,69707629917,69382797918,0
69768813917,69768813917,69768813917,69382797918,0
69829981920,69829981920,69829981920,69382797918,0
69891157921,69891157921,69891157921,69707629917,0
69952629920,69952629920,69952629920,69707629917,0
70013549920,70013549920,70013549920,69707629917,0
70074749920,70074749920,70074749920,69707629917,0
70135597920,70135597920,70135597920,69707629917,0
70196061920,70196061920,70196061920,70013549920,0
70257357920,70257357920,70257357920,70013549920,0
70318741916,70318741916,70318741916,70013549920,0
70380365917,70380365917,70380365917,70013549920,0
70441309920,70441309920,70441309920,70013549920,0
70502469920,70502469920,70502469920,70318741916,0
70563621921,70563621921,70563621921,70318741916,0
70583845920,70583845920,70583845920,70318741916,0
67572885916,67572885916,67572885916,0,0
67634341920,67634341920,67634341920,0,0
67695533920,67695533920,67695533920,0,0
67755925918,67755925918,67755925918,0,0
67817037918,67817037918,67817037918,0,0
67877589920,67877589920,67877589920,0,0
67938645920,67938645920,67938645920,0,0
67999725920,67999725920,67999725920,0,0
68060517920,68060517920,68060517920,67857493920,0
68121229921,68121229921,68121229921,67857493920,0
68182485920,68182485920,68182485920,67857493920,0
68243349920,68243349920,68243349920,67857493920,0
68304717916,68304717916,68304717916,67857493920,0
68366381917,68366381917,68366381917,68161861918,0
68427253920,68427253920,68427253920,68161861918,0
68487525920,68487525920,68487525920,68161861918,0
68548805920,68548805920,68548805920,68161861918,0
68609669920,68609669920,68609669920,68161861918,0
68670709920,68670709920,68670709920,68467413917,0
68731709920,68731709920,68731709920,68467413917,0
68792829920,68792829920,68792829920,68467413917,0
68854189918,68854189918,68854189918,68467413917,0
68915109919,68915109919,68915109919,68467413917,0
68976213920,68976213920,68976213920,68772349920,0
69037565917,69037565917,69037565917,68772349920,0
69098181920,69098181920,69098181920,68772349920,0
69159517920,69159517920,69159517920,68772349920,0
69220069920,69220069920,69220069920,68772349920,0
69281221917,69281221917,69281221917,69078029918,0
69342085920,69342085920,69342085920,69078029918,0
69402813920,69402813920,69402813920,69078029918,0
69464333920,69464333920,69464333920,69078029918,0
69524661920,69524661920,69524661920,69078029918,0
69586173918,69586173918,69586173918,69382797918,0
69646965920,69646965920,69646965920,69382797918,0
69707629917,69707629917,69707629917,69382797918,0
69768813917,69768813917,69768813917,69382797918,0
69829981920,69829981920,69829981920,69382797918,0
69891157921,69891157921,69891157921,69707629917,0
69952629920,69952629920,69952629920,69707629917,0
70013549920,70013549920,70013549920,69707629917,0
70074749920,70074749920,70074749920,69707629917,0
70135597920,70135597920,70135597920,69707629917,0
70196061920,70196061920,70196061920,70013549920,0
70257357920,70257357920,70257357920,70013549920,0
70318741916,70318741916,70318741916,70013549920,0
70380365917,70380365917,70380365917,70013549920,0
70441309920,70441309920,70441309920,70013549920,0
70502469920,70502469920,70502469920,70318741916,0
70563621921,70563621921,70563621921,70318741916,0
70604101920,70604101920,70604101920,70318741916,0
67572885916,67572885916,67572885916,0,0
67634341920,67634341920,67634341920,0,0
67695533920,67695533920,67695533920,0,0
67755925918,67755925918,67755925918,0,0
67817037918,67817037918,67817037918,0,0
67877589920,67877589920,67877589920,0,0
67938645920,67938645920,67938645920,0,0
67999725920,67999725920,67999725920,0,0
68060517920,68060517920,68060517920,67857493920,0
68121229921,68121229921,68121229921,67857493920,0
68182485920,68182485920,68182485920,67857493920,0
68243349920,68243349920,68243349920,67857493920,0
68304717916,68304717916,68304717916,67857493920,0
68366381917,68366381917,68366381917,68161861918,0
68427253920,68427253920,68427253920,68161861918,0
68487525920,68487525920,68487525920,68161861918,0
68548805920,68548805920,68548805920,68161861918,0
68609669920,68609669920,68609669920,68161861918,0
68670709920,68670709920,68670709920,68467413917,0
68731709920,68731709920,68731709920,68467413917,0
68792829920,68792829920,68792829920,68467413917,0
68854189918,68854189918,68854189918,68467413917,0
68915109919,68915109919,68915109919,68467413917,0
68976213920,68976213920,68976213920,68772349920,0
69037565917,69037565917,69037565917,68772349920,0
69098181920,69098181920,69098181920,68772349920,0
69159517920,69159517920,69159517920,68772349920,0
69220069920,69220069920,69220069920,68772349920,0
69281221917,69281221917,69281221917,69078029918,0
69342085920,69342085920,69342085920,69078029918,0
69402813920,69402813920,69402813920,69078029918,0
69464333920,69464333920,69464333920,69078029918,0
69524661920,69524661920,69524661920,69078029918,0
69586173918,69586173918,69586173918,69382797918,0
69646965920,69646965920,69646965920,69382797918,0
69707629917,69707629917,69707629917,69382797918,0
69768813917,69768813917,69768813917,69382797918,0
69829981920,69829981920,69829981920,69382797918,0
69891157921,69891157921,69891157921,69707629917,0
69952629920,69952629920,69952629920,69707629917,0
70013549920,70013549920,70013549920,69707629917,0
70074749920,70074749920,70074749920,69707629917,0
70135597920,70135597920,70135597920,69707629917,0
70196061920,70196061920,70196061920,70013549920,0
70257357920,70257357920,70257357920,70013549920,0
70318741916,70318741916,70318741916,70013549920,0
70380365917,70380365917,70380365917,70013549920,0
70441309920,70441309920,70441309920,70013549920,0
70502469920,70502469920,70502469920,70318741916,0
70563621921,70563621921,70563621921,70318741916,0
70624213918,70624213918,70624213918,70318741916,0
67572885916,67572885916,67572885916,0,0
67634341920,67634341920,67634341920,0,0
67695533920,67695533920,67695533920,0,0
67755925918,67755925918,67755925918,0,0
67817037918,67817037918,67817037918,0,0
67877589920,67877589920,67877589920,0,0
67938645920,67938645920,67938645920,0,0
67999725920,67999725920,67999725920,0,0
68060517920,68060517920,68060517920,67857493920,0
68121229921,68121229921,68121229921,67857493920,0
68182485920,68182485920,68182485920,67857493920,0
68243349920,68243349920,68243349920,67857493920,0
68304717916,68304717916,68304717916,67857493920,0
68366381917,68366381917,68366381917,68161861918,0
68427253920,68427253920,68427253920,68161861918,0
68487525920,68487525920,68487525920,68161861918,0
68548805920,68548805920,68548805920,68161861918,0
68609669920,68609669920,68609669920,68161861918,0
68670709920,68670709920,68670709920,68467413917,0
68731709920,68731709920,68731709920,68467413917,0
68792829920,68792829920,68792829920,68467413917,0
68854189918,68854189918,68854189918,68467413917,0
68915109919,68915109919,68915109919,68467413917,0
68976213920,68976213920,68976213920,68772349920,0
69037565917,69037565917,69037565917,68772349920,0
69098181920,69098181920,69098181920,68772349920,0
69159517920,69159517920,69159517920,68772349920,0
69220069920,69220069920,69220069920,68772349920,0
69281221917,69281221917,69281221917,69078029918,0
69342085920,69342085920,69342085920,69078029918,0
69402813920,69402813920,69402813920,69078029918,0
69464333920,69464333920,69464333920,69078029918,0
69524661920,69524661920,69524661920,69078029918,0
69586173918,69586173918,69586173918,69382797918,0
69646965920,69646965920,69646965920,69382797918,0
69707629917,69707629917,69707629917,69382797918,0
69768813917,69768813917,69768813917,69382797918,0
69829981920,69829981920,69829981920,69382797918,0
69891157921,69891157921,69891157921,69707629917,0
69952629920,69952629920,69952629920,69707629917,0
70013549920,70013549920,70013549920,69707629917,0
70074749920,70074749920,70074749920,69707629917,0
70135597920,70135597920,70135597920,69707629917,0
70196061920,70196061920,70196061920,70013549920,0
70257357920,70257357920,70257357920,70013549920,0
70318741916,70318741916,70318741916,70013549920,0
70380365917,70380365917,70380365917,70013549920,0
70441309920,70441309920,70441309920,70013549920,0
70502469920,70502469920,70502469920,70318741916,0
70563621921,70563621921,70563621921,70318741916,0
70624213918,70624213918,70624213918,70318741916,0
70644397917,70644397917,70644397917,70318741916,0
67572885916,67572885916,67572885916,0,0
67634341920,67634341920,67634341920,0,0
67695533920,67695533920,67695533920,0,0
67755925918,67755925918,67755925918,0,0
67817037918,67817037918,67817037918,0,0
67877589920,67877589920,67877589920,0,0
67938645920,67938645920,67938645920,0,0
67999725920,67999725920,67999725920,0,0
68060517920,68060517920,68060517920,67857493920,0
68121229921,68121229921,68121229921,67857493920,0
68182485920,68182485920,68182485920,67857493920,0
68243349920,68243349920,68243349920,67857493920,0
68304717916,68304717916,68304717916,67857493920,0
68366381917,68366381917,68366381917,68161861918,0
68427253920,68427253920,68427253920,68161861918,0
68487525920,68487525920,68487525920,68161861918,0
68548805920,68548805920,68548805920,68161861918,0
68609669920,68609669920,68609669920,68161861918,0
68670709920,68670709920,68670709920,68467413917,0
68731709920,68731709920,68731709920,68467413917,0
68792829920,68792829920,68792829920,68467413917,0
68854189918,68854189918,68854189918,68467413917,0
68915109919,68915109919,68915109919,68467413917,0
68976213920,68976213920,68976213920,68772349920,0
69037565917,69037565917,69037565917,68772349920,0
69098181920,69098181920,69098181920,68772349920,0
69159517920,69159517920,69159517920,68772349920,0
69220069920,69220069920,69220069920,68772349920,0
69281221917,69281221917,69281221917,69078029918,0
69342085920,69342085920,69342085920,69078029918,0
69402813920,69402813920,69402813920,69078029918,0
69464333920,69464333920,69464333920,69078029918,0
69524661920,69524661920,69524661920,69078029918,0
69586173918,69586173918,69586173918,69382797918,0
69646965920,69646965920,69646965920,69382797918,0
69707629917,69707629917,69707629917,69382797918,0
69768813917,69768813917,69768813917,69382797918,0
69829981920,69829981920,69829981920,69382797918,0
69891157921,69891157921,69891157921,69707629917,0
69952629920,69952629920,69952629920,69707629917,0
70013549920,70013549920,70013549920,69707629917,0
70074749920,70074749920,70074749920,69707629917,0
70135597920,70135597920,70135597920,69707629917,0
70196061920,70196061920,70196061920,70013549920,0
70257357920,70257357920,70257357920,70013549920,0
70318741916,70318741916,70318741916,70013549920,0
70380365917,70380365917,70380365917,70013549920,0
70441309920,70441309920,70441309920,70013549920,0
70502469920,70502469920,70502469920,70318741916,0
70563621921,70563621921,70563621921,70318741916,0
70624213918,70624213918,70624213918,70318741916,0
70664781921,70664781921,70664781921,70318741916,0
67572885916,67572885916,67572885916,0,0
67634341920,67634341920,67634341920,0,0
67695533920,67695533920,67695533920,0,0
67755925918,67755925918,67755925918,0,0
67817037918,67817037918,67817037918,0,0
67877589920,67877589920,67877589920,0,0
67938645920,67938645920,67938645920,0,0
67999725920,67999725920,67999725920,0,0
68060517920,68060517920,68060517920,67857493920,0
68121229921,68121229921,68121229921,67857493920,0
68182485920,68182485920,68182485920,67857493920,0
68243349920,68243349920,68243349920,67857493920,0
68304717916,68304717916,68304717916,67857493920,0
68366381917,68366381917,68366381917,68161861918,0
68427253920,68427253920,68427253920,68161861918,0
68487525920,68487525920,68487525920,68161861918,0
68548805920,68548805920,68548805920,68161861918,0
68609669920,68609669920,68609669920,68161861918,0
68670709920,68670709920,68670709920,68467413917,0
68731709920,68731709920,68731709920,68467413917,0
68792829920,68792829920,68792829920,68467413917,0
68854189918,68854189918,68854189918,68467413917,0
68915109919,68915109919,68915109919,68467413917,0
68976213920,68976213920,68976213920,68772349920,0
69037565917,69037565917,69037565917,68772349920,0
69098181920,69098181920,69098181920,68772349920,0
69159517920,69159517920,69159517920,68772349920,0
69220069920,69220069920,69220069920,68772349920,0
69281221917,69281221917,69281221917,69078029918,0
69342085920,69342085920,69342085920,69078029918,0
69402813920,69402813920,69402813920,69078029918,0
69464333920,69464333920,69464333920,69078029918,0
69524661920,69524661920,69524661920,69078029918,0
69586173918,69586173918,69586173918,69382797918,0
69646965920,69646965920,69646965920,69382797918,0
69707629917,69707629917,69707629917,69382797918,0
69768813917,69768813917,69768813917,69382797918,0
69829981920,69829981920,69829981920,69382797918,0
69891157921,69891157921,69891157921,69707629917,0
69952629920,69952629920,69952629920,69707629917,0
70013549920,70013549920,70013549920,69707629917,0
70074749920,70074749920,70074749920,69707629917,0
70135597920,70135597920,70135597920,69707629917,0
70196061920,70196061920,70196061920,70013549920,0
70257357920,70257357920,70257357920,70013549920,0
70318741916,70318741916,70318741916,70013549920,0
70380365917,70380365917,70380365917,70013549920,0
70441309920,70441309920,70441309920,70013549920,0
70502469920,70502469920,70502469920,70318741916,0
70563621921,70563621921,70563621921,70318741916,0
70624213918,70624213918,70624213918,70318741916,0
70685389920,70685389920,70685389920,70318741916,0
67572885916,67572885916,67572885916,0,0
67634341920,67634341920,67634341920,0,0
67695533920,67695533920,67695533920,0,0
67755925918,67755925918,67755925918,0,0
67817037918,67817037918,67817037918,0,0
67877589920,67877589920,67877589920,0,0
67938645920,67938645920,67938645920,0,0
67999725920,67999725920,67999725920,0,0
68060517920,68060517920,68060517920,67857493920,0
68121229921,68121229921,68121229921,67857493920,0
68182485920,68182485920,68182485920,67857493920,0
68243349920,68243349920,68243349920,67857493920,0
68304717916,68304717916,68304717916,67857493920,0
68366381917,68366381917,68366381917,68161861918,0
68427253920,68427253920,68427253920,68161861918,0
68487525920,68487525920,68487525920,68161861918,0
68548805920,68548805920,68548805920,68161861918,0
68609669920,68609669920,68609669920,68161861918,0
68670709920,68670709920,68670709920,68467413917,0
68731709920,68731709920,68731709920,68467413917,0
68792829920,68792829920,68792829920,68467413917,0
68854189918,68854189918,68854189918,68467413917,0
68915109919,68915109919,68915109919,68467413917,0
68976213920,68976213920,68976213920,68772349920,0
69037565917,69037565917,69037565917,68772349920,0
69098181920,69098181920,69098181920,68772349920,0
69159517920,69159517920,69159517920,68772349920,0
69220069920,69220069920,69220069920,68772349920,0
69281221917,69281221917,69281221917,69078029918,0
69342085920,69342085920,69342085920,69078029918,0
69402813920,69402813920,69402813920,69078029918,0
69464333920,69464333920,69464333920,69078029918,0
69524661920,69524661920,69524661920,69078029918,0
69586173918,69586173918,69586173918,69382797918,0
69646965920,69646965920,69646965920,69382797918,0
69707629917,69707629917,69707629917,69382797918,0
69768813917,69768813917,69768813917,69382797918,0
69829981920,69829981920,69829981920,69382797918,0
69891157921,69891157921,69891157921,69707629917,0
69952629920,69952629920,69952629920,69707629917,0
70013549920,70013549920,70013549920,69707629917,0
70074749920,70074749920,70074749920,69707629917,0
70135597920,70135597920,70135597920,69707629917,0
70196061920,70196061920,70196061920,70013549920,0
70257357920,70257357920,70257357920,70013549920,0
70318741916,70318741916,70318741916,70013549920,0
70380365917,70380365917,70380365917,70013549920,0
70441309920,70441309920,70441309920,70013549920,0
70502469920,70502469920,70502469920,70318741916,0
70563621921,70563621921,70563621921,70318741916,0
70624213918,70624213918,70624213918,70318741916,0
70685389920,70685389920,70685389920,70318741916,0
70705781917,70705781917,70705781917,70318741916,0
67572885916,67572885916,67572885916,0,0
67634341920,67634341920,67634341920,0,0
67695533920,67695533920,67695533920,0,0
67755925918,67755925918,67755925918,0,0
67817037918,67817037918,67817037918,0,0
67877589920,67877589920,67877589920,0,0
67938645920,67938645920,67938645920,0,0
67999725920,67999725920,67999725920,0,0
68060517920,68060517920,68060517920,67857493920,0
68121229921,68121229921,68121229921,67857493920,0
68182485920,68182485920,68182485920,67857493920,0
68243349920,68243349920,68243349920,67857493920,0
68304717916,68304717916,68304717916,67857493920,0
68366381917,68366381917,68366381917,68161861918,0
68427253920,68427253920,68427253920,68161861918,0
68487525920,68487525920,68487525920,68161861918,0
68548805920,68548805920,68548805920,68161861918,0
68609669920,68609669920,68609669920,68161861918,0
68670709920,68670709920,68670709920,68467413917,0
68731709920,68731709920,68731709920,68467413917,0
68792829920,68792829920,68792829920,68467413917,0
68854189918,68854189918,68854189918,68467413917,0
68915109919,68915109919,68915109919,68467413917,0
68976213920,68976213920,68976213920,68772349920,0
69037565917,69037565917,69037565917,68772349920,0
69098181920,69098181920,69098181920,68772349920,0
69159517920,69159517920,69159517920,68772349920,0
69220069920,69220069920,69220069920,68772349920,0
69281221917,69281221917,69281221917,69078029918,0
69342085920,69342085920,69342085920,69078029918,0
69402813920,69402813920,69402813920,69078029918,0
69464333920,69464333920,69464333920,69078029918,0
69524661920,69524661920,69524661920,69078029918,0
69586173918,69586173918,69586173918,69382797918,0
69646965920,69646965920,69646965920,69382797918,0
69707629917,69707629917,69707629917,69382797918,0
69768813917,69768813917,69768813917,69382797918,0
69829981920,69829981920,69829981920,69382797918,0
69891157921,69891157921,69891157921,69707629917,0
69952629920,69952629920,69952629920,69707629917,0
70013549920,70013549920,70013549920,69707629917,0
70074749920,70074749920,70074749920,69707629917,0
70135597920,70135597920,70135597920,69707629917,0
70196061920,70196061920,70196061920,70013549920,0
70257357920,70257357920,70257357920,70013549920,0
70318741916,70318741916,70318741916,70013549920,0
70380365917,70380365917,70380365917,70013549920,0
70441309920,70441309920,70441309920,70013549920,0
70502469920,70502469920,70502469920,70318741916,0
70563621921,70563621921,70563621921,70318741916,0
70624213918,70624213918,70624213918,70318741916,0
70685389920,70685389920,70685389920,70318741916,0
70726173917,70726173917,70726173917,70318741916,0
67572885916,67572885916,67572885916,0,0
67634341920,67634341920,67634341920,0,0
67695533920,67695533920,67695533920,0,0
67755925918,67755925918,67755925918,0,0
67817037918,67817037918,67817037918,0,0
67877589920,67877589920,67877589920,0,0
67938645920,67938645920,67938645920,0,0
67999725920,67999725920,67999725920,0,0
68060517920,68060517920,68060517920,67857493920,0
68121229921,68121229921,68121229921,67857493920,0
68182485920,68182485920,68182485920,67857493920,0
68243349920,68243349920,68243349920,67857493920,0
68304717916,68304717916,68304717916,67857493920,0
68366381917,68366381917,68366381917,68161861918,0
68427253920,68427253920,68427253920,68161861918,0
68487525920,68487525920,68487525920,68161861918,0
68548805920,68548805920,68548805920,68161861918,0
68609669920,68609669920,68609669920,68161861918,0
68670709920,68670709920,68670709920,68467413917,0
68731709920,68731709920,68731709920,68467413917,0
68792829920,68792829920,68792829920,68467413917,0
68854189918,68854189918,68854189918,68467413917,0
68915109919,68915109919,68915109919,68467413917,0
68976213920,68976213920,68976213920,68772349920,0
69037565917,69037565917,69037565917,68772349920,0
69098181920,69098181920,69098181920,68772349920,0
69159517920,69159517920,69159517920,68772349920,0
69220069920,69220069920,69220069920,68772349920,0
69281221917,69281221917,69281221917,69078029918,0
69342085920,69342085920,69342085920,69078029918,0
69402813920,69402813920,69402813920,69078029918,0
69464333920,69464333920,69464333920,69078029918,0
69524661920,69524661920,69524661920,69078029918,0
69586173918,69586173918,69586173918,69382797918,0
69646965920,69646965920,69646965920,69382797918,0
69707629917,69707629917,69707629917,69382797918,0
69768813917,69768813917,69768813917,69382797918,0
69829981920,69829981920,69829981920,69382797918,0
69891157921,69891157921,69891157921,69707629917,0
69952629920,69952629920,69952629920,69707629917,0
70013549920,70013549920,70013549920,69707629917,0
70074749920,70074749920,70074749920,69707629917,0
70135597920,70135597920,70135597920,69707629917,0
70196061920,70196061920,70196061920,70013549920,0
70257357920,70257357920,70257357920,70013549920,0
70318741916,70318741916,70318741916,70013549920,0
70380365917,70380365917,70380365917,70013549920,0
70441309920,70441309920,70441309920,70013549920,0
70502469920,70502469920,70502469920,70318741916,0
70563621921,70563621921,70563621921,70318741916,0
70624213918,70624213918,70624213918,70318741916,0
70685389920,70685389920,70685389920,70318741916,0
70746413916,70746413916,70746413916,70318741916,0
67572885916,67572885916,67572885916,0,0
67634341920,67634341920,67634341920,0,0
67695533920,67695533920,67695533920,0,0
67755925918,67755925918,67755925918,0,0
67817037918,67817037918,67817037918,0,0
67877589920,67877589920,67877589920,0,0
67938645920,67938645920,67938645920,0,0
67999725920,67999725920,67999725920,0,0
68060517920,68060517920,68060517920,67857493920,0
68121229921,68121229921,68121229921,67857493920,0
68182485920,68182485920,68182485920,67857493920,0
68243349920,68243349920,68243349920,67857493920,0
68304717916,68304717916,68304717916,67857493920,0
68366381917,68366381917,68366381917,68161861918,0
68427253920,68427253920,68427253920,68161861918,0
68487525920,68487525920,68487525920,68161861918,0
68548805920,68548805920,68548805920,68161861918,0
68609669920,68609669920,68609669920,68161861918,0
68670709920,68670709920,68670709920,68467413917,0
68731709920,68731709920,68731709920,68467413917,0
68792829920,68792829920,68792829920,68467413917,0
68854189918,68854189918,68854189918,68467413917,0
68915109919,68915109919,68915109919,68467413917,0
68976213920,68976213920,68976213920,68772349920,0
69037565917,69037565917,69037565917,68772349920,0
69098181920,69098181920,69098181920,68772349920,0
69159517920,69159517920,69159517920,68772349920,0
69220069920,69220069920,69220069920,68772349920,0
69281221917,69281221917,69281221917,69078029918,0
69342085920,69342085920,69342085920,69078029918,0
69402813920,69402813920,69402813920,69078029918,0
69464333920,69464333920,69464333920,69078029918,0
69524661920,69524661920,69524661920,69078029918,0
69586173918,69586173918,69586173918,69382797918,0
69646965920,69646965920,69646965920,69382797918,0
69707629917,69707629917,69707629917,69382797918,0
69768813917,69768813917,69768813917,69382797918,0
69829981920,69829981920,69829981920,69382797918,0
69891157921,69891157921,69891157921,69707629917,0
69952629920,69952629920,69952629920,69707629917,0
70013549920,70013549920,70013549920,69707629917,0
70074749920,70074749920,70074749920,69707629917,0
70135597920,70135597920,70135597920,69707629917,0
70196061920,70196061920,70196061920,70013549920,0
70257357920,70257357920,70257357920,70013549920,0
70318741916,70318741916,70318741916,70013549920,0
70380365917,70380365917,70380365917,70013549920,0
70441309920,70441309920,70441309920,70013549920,0
70502469920,70502469920,70502469920,70318741916,0
70563621921,70563621921,70563621921,70318741916,0
70624213918,70624213918,70624213918,70318741916,0
70685389920,70685389920,70685389920,70318741916,0
70746413916,70746413916,70746413916,70318741916,0
70767005920,70767005920,70767005920,70318741916,0
67572885916,67572885916,67572885916,0,0
67634341920,67634341920,67634341920,0,0
67695533920,67695533920,67695533920,0,0
67755925918,67755925918,67755925918,0,0
67817037918,67817037918,67817037918,0,0
67877589920,67877589920,67877589920,0,0
67938645920,67938645920,67938645920,0,0
67999725920,67999725920,67999725920,0,0
68060517920,68060517920,68060517920,67857493920,0
68121229921,68121229921,68121229921,67857493920,0
68182485920,68182485920,68182485920,67857493920,0
68243349920,68243349920,68243349920,67857493920,0
68304717916,68304717916,68304717916,67857493920,0
68366381917,68366381917,68366381917,68161861918,0
68427253920,68427253920,68427253920,68161861918,0
68487525920,68487525920,68487525920,68161861918,0
68548805920,68548805920,68548805920,68161861918,0
68609669920,68609669920,68609669920,68161861918,0
68670709920,68670709920,68670709920,68467413917,0
68731709920,68731709920,68731709920,68467413917,0
68792829920,68792829920,68792829920,68467413917,0
68854189918,68854189918,68854189918,68467413917,0
68915109919,68915109919,68915109919,68467413917,0
68976213920,68976213920,68976213920,68772349920,0
69037565917,69037565917,69037565917,68772349920,0
69098181920,69098181920,69098181920,68772349920,0
69159517920,69159517920,69159517920,68772349920,0
69220069920,69220069920,69220069920,68772349920,0
69281221917,69281221917,69281221917,69078029918,0
69342085920,69342085920,69342085920,69078029918,0
69402813920,69402813920,69402813920,69078029918,0
69464333920,69464333920,69464333920,69078029918,0
69524661920,69524661920,69524661920,69078029918,0
69586173918,69586173918,69586173918,69382797918,0
69646965920,69646965920,69646965920,69382797918,0
69707629917,69707629917,69707629917,69382797918,0
69768813917,69768813917,69768813917,69382797918,0
69829981920,69829981920,69829981920,69382797918,0
69891157921,69891157921,69891157921,69707629917,0
69952629920,69952629920,69952629920,69707629917,0
70013549920,70013549920,70013549920,69707629917,0
70074749920,70074749920,70074749920,69707629917,0
70135597920,70135597920,70135597920,69707629917,0
70196061920,70196061920,70196061920,70013549920,0
70257357920,70257357920,70257357920,70013549920,0
70318741916,70318741916,70318741916,70013549920,0
70380365917,70380365917,70380365917,70013549920,0
70441309920,70441309920,70441309920,70013549920,0
70502469920,70502469920,70502469920,70318741916,0
70563621921,70563621921,70563621921,70318741916,0
70624213918,70624213918,70624213918,70318741916,0
70685389920,70685389920,70685389920,70318741916,0
70746413916,70746413916,70746413916,70318741916,0
70787405918,70787405918,70787405918,70318741916,0
67572885916,67572885916,67572885916,0,0
67634341920,67634341920,67634341920,0,0
67695533920,67695533920,67695533920,0,0
67755925918,67755925918,67755925918,0,0
67817037918,67817037918,67817037918,0,0
67877589920,67877589920,67877589920,0,0
67938645920,67938645920,67938645920,0,0
67999725920,67999725920,67999725920,0,0
68060517920,68060517920,68060517920,67857493920,0
68121229921,68121229921,68121229921,67857493920,0
68182485920,68182485920,68182485920,67857493920,0
68243349920,68243349920,68243349920,67857493920,0
68304717916,68304717916,68304717916,67857493920,0
68366381917,68366381917,68366381917,68161861918,0
68427253920,68427253920,68427253920,68161861918,0
68487525920,68487525920,68487525920,68161861918,0
68548805920,68548805920,68548805920,68161861918,0
68609669920,68609669920,68609669920,68161861918,0
68670709920,68670709920,68670709920,68467413917,0
68731709920,68731709920,68731709920,68467413917,0
68792829920,68792829920,68792829920,68467413917,0
68854189918,68854189918,68854189918,68467413917,0
68915109919,68915109919,68915109919,68467413917,0
68976213920,68976213920,68976213920,68772349920,0
69037565917,69037565917,69037565917,68772349920,0
69098181920,69098181920,69098181920,68772349920,0
69159517920,69159517920,69159517920,68772349920,0
69220069920,69220069920,69220069920,68772349920,0
69281221917,69281221917,69281221917,69078029918,0
69342085920,69342085920,69342085920,69078029918,0
69402813920,69402813920,69402813920,69078029918,0
69464333920,69464333920,69464333920,69078029918,0
69524661920,69524661920,69524661920,69078029918,0
69586173918,69586173918,69586173918,69382797918,0
69646965920,69646965920,69646965920,69382797918,0
69707629917,69707629917,69707629917,69382797918,0
69768813917,69768813917,69768813917,69382797918,0
69829981920,69829981920,69829981920,69382797918,0
69891157921,69891157921,69891157921,69707629917,0
69952629920,69952629920,69952629920,69707629917,0
70013549920,70013549920,70013549920,69707629917,0
70074749920,70074749920,70074749920,69707629917,0
70135597920,70135597920,70135597920,69707629917,0
70196061920,70196061920,70196061920,70013549920,0
70257357920,70257357920,70257357920,70013549920,0
70318741916,70318741916,70318741916,70013549920,0
70380365917,70380365917,70380365917,70013549920,0
70441309920,70441309920,70441309920,70013549920,0
70502469920,70502469920,70502469920,70318741916,0
70563621921,70563621921,70563621921,70318741916,0
70624213918,70624213918,70624213918,70318741916,0
70685389920,70685389920,70685389920,70318741916,0
70746413916,70746413916,70746413916,70318741916,0
70807877920,70807877920,70807877920,70624213918,0
67572885916,67572885916,67572885916,0,0
67634341920,67634341920,67634341920,0,0
67695533920,67695533920,67695533920,0,0
67755925918,67755925918,67755925918,0,0
67817037918,67817037918,67817037918,0,0
67877589920,67877589920,67877589920,0,0
67938645920,67938645920,67938645920,0,0
67999725920,67999725920,67999725920,0,0
68060517920,68060517920,68060517920,67857493920,0
68121229921,68121229921,68121229921,67857493920,0
68182485920,68182485920,68182485920,67857493920,0
68243349920,68243349920,68243349920,67857493920,0
68304717916,68304717916,68304717916,67857493920,0
68366381917,68366381917,68366381917,68161861918,0
68427253920,68427253920,68427253920,68161861918,0
68487525920,68487525920,68487525920,68161861918,0
68548805920,68548805920,68548805920,68161861918,0
68609669920,68609669920,68609669920,68161861918,0
68670709920,68670709920,68670709920,68467413917,0
68731709920,68731709920,68731709920,68467413917,0
68792829920,68792829920,68792829920,68467413917,0
68854189918,68854189918,68854189918,68467413917,0
68915109919,68915109919,68915109919,68467413917,0
68976213920,68976213920,68976213920,68772349920,0
69037565917,69037565917,69037565917,68772349920,0
69098181920,69098181920,69098181920,68772349920,0
69159517920,69159517920,69159517920,68772349920,0
69220069920,69220069920,69220069920,68772349920,0
69281221917,69281221917,69281221917,69078029918,0
69342085920,69342085920,69342085920,69078029918,0
69402813920,69402813920,69402813920,69078029918,0
69464333920,69464333920,69464333920,69078029918,0
69524661920,69524661920,69524661920,69078029918,0
69586173918,69586173918,69586173918,69382797918,0
69646965920,69646965920,69646965920,69382797918,0
69707629917,69707629917,69707629917,69382797918,0
69768813917,69768813917,69768813917,69382797918,0
69829981920,69829981920,69829981920,69382797918,0
69891157921,69891157921,69891157921,69707629917,0
69952629920,69952629920,69952629920,69707629917,0
70013549920,70013549920,70013549920,69707629917,0
70074749920,70074749920,70074749920,69707629917,0
70135597920,70135597920,70135597920,69707629917,0
70196061920,70196061920,70196061920,70013549920,0
70257357920,70257357920,70257357920,70013549920,0
70318741916,70318741916,70318741916,70013549920,0
70380365917,70380365917,70380365917,70013549920,0
70441309920,70441309920,70441309920,70013549920,0
70502469920,70502469920,70502469920,70318741916,0
70563621921,70563621921,70563621921,70318741916,0
70624213918,70624213918,70624213918,70318741916,0
70685389920,70685389920,70685389920,70318741916,0
70746413916,70746413916,70746413916,70318741916,0
70807877920,70807877920,70807877920,70624213918,0
70828037919,70828037919,70828037919,70624213918,0
67572885916,67572885916,67572885916,0,0
67634341920,67634341920,67634341920,0,0
67695533920,67695533920,67695533920,0,0
67755925918,67755925918,67755925918,0,0
67817037918,67817037918,67817037918,0,0
67877589920,67877589920,67877589920,0,0
67938645920,67938645920,67938645920,0,0
67999725920,67999725920,67999725920,0,0
68060517920,68060517920,68060517920,67857493920,0
68121229921,68121229921,68121229921,67857493920,0
68182485920,68182485920,68182485920,67857493920,0
68243349920,68243349920,68243349920,67857493920,0
68304717916,68304717916,68304717916,67857493920,0
68366381917,68366381917,68366381917,68161861918,0
68427253920,68427253920,68427253920,68161861918,0
68487525920,68487525920,68487525920,68161861918,0
68548805920,68548805920,68548805920,68161861918,0
68609669920,68609669920,68609669920,68161861918,0
68670709920,68670709920,68670709920,68467413917,0
68731709920,68731709920,68731709920,68467413917,0
68792829920,68792829920,68792829920,68467413917,0
68854189918,68854189918,68854189918,68467413917,0
68915109919,68915109919,68915109919,68467413917,0
68976213920,68976213920,68976213920,68772349920,0
69037565917,69037565917,69037565917,68772349920,0
69098181920,69098181920,69098181920,68772349920,0
69159517920,69159517920,69159517920,68772349920,0
69220069920,69220069920,69220069920,68772349920,0
69281221917,69281221917,69281221917,69078029918,0
69342085920,69342085920,69342085920,69078029918,0
69402813920,69402813920,69402813920,69078029918,0
69464333920,69464333920,69464333920,69078029918,0
69524661920,69524661920,69524661920,69078029918,0
69586173918,69586173918,69586173918,69382797918,0
69646965920,69646965920,69646965920,69382797918,0
69707629917,69707629917,69707629917,69382797918,0
69768813917,69768813917,69768813917,69382797918,0
69829981920,69829981920,69829981920,69382797918,0
69891157921,69891157921,69891157921,69707629917,0
69952629920,69952629920,69952629920,69707629917,0
70013549920,70013549920,70013549920,69707629917,0
70074749920,70074749920,70074749920,69707629917,0
70135597920,70135597920,70135597920,69707629917,0
70196061920,70196061920,70196061920,70013549920,0
70257357920,70257357920,70257357920,70013549920,0
70318741916,70318741916,70318741916,70013549920,0
70380365917,70380365917,70380365917,70013549920,0
70441309920,70441309920,70441309920,70013549920,0
70502469920,70502469920,70502469920,70318741916,0
70563621921,70563621921,70563621921,70318741916,0
70624213918,70624213918,70624213918,70318741916,0
70685389920,70685389920,70685389920,70318741916,0
70746413916,70746413916,70746413916,70318741916,0
70807877920,70807877920,70807877920,70624213918,0
70848053918,70848053918,70848053918,70624213918,0
67572885916,67572885916,67572885916,0,0
67634341920,67634341920,67634341920,0,0
67695533920,67695533920,67695533920,0,0
67755925918,67755925918,67755925918,0,0
67817037918,67817037918,67817037918,0,0
67877589920,67877589920,67877589920,0,0
67938645920,67938645920,67938645920,0,0
67999725920,67999725920,67999725920,0,0
68060517920,68060517920,68060517920,67857493920,0
68121229921,68121229921,68121229921,67857493920,0
68182485920,68182485920,68182485920,67857493920,0
68243349920,68243349920,68243349920,67857493920,0
68304717916,68304717916,68304717916,67857493920,0
68366381917,68366381917,68366381917,68161861918,0
68427253920,68427253920,68427253920,68161861918,0
68487525920,68487525920,68487525920,68161861918,0
68548805920,68548805920,68548805920,68161861918,0
68609669920,68609669920,68609669920,68161861918,0
68670709920,68670709920,68670709920,68467413917,0
68731709920,68731709920,68731709920,68467413917,0
68792829920,68792829920,68792829920,68467413917,0
68854189918,68854189918,68854189918,68467413917,0
68915109919,68915109919,68915109919,68467413917,0
68976213920,68976213920,68976213920,68772349920,0
69037565917,69037565917,69037565917,68772349920,0
69098181920,69098181920,69098181920,68772349920,0
69159517920,69159517920,69159517920,68772349920,0
69220069920,69220069920,69220069920,68772349920,0
69281221917,69281221917,69281221917,69078029918,0
69342085920,69342085920,69342085920,69078029918,0
69402813920,69402813920,69402813920,69078029918,0
69464333920,69464333920,69464333920,69078029918,0
69524661920,69524661920,69524661920,69078029918,0
69586173918,69586173918,69586173918,69382797918,0
69646965920,69646965920,69646965920,69382797918,0
69707629917,69707629917,69707629917,69382797918,0
69768813917,69768813917,69768813917,69382797918,0
69829981920,69829981920,69829981920,69382797918,0
69891157921,69891157921,69891157921,69707629917,0
69952629920,69952629920,69952629920,69707629917,0
70013549920,70013549920,70013549920,69707629917,0
70074749920,70074749920,70074749920,69707629917,0
70135597920,70135597920,70135597920,69707629917,0
70196061920,70196061920,70196061920,70013549920,0
70257357920,70257357920,70257357920,70013549920,0
70318741916,70318741916,70318741916,70013549920,0
70380365917,70380365917,70380365917,70013549920,0
70441309920,70441309920,70441309920,70013549920,0
70502469920,70502469920,70502469920,70318741916,0
70563621921,70563621921,70563621921,70318741916,0
70624213918,70624213918,70624213918,70318741916,0
70685389920,70685389920,70685389920,70318741916,0
70746413916,70746413916,70746413916,70318741916,0
70807877920,70807877920,70807877920,70624213918,0
70868805920,70868805920,70868805920,70624213918,0
67572885916,67572885916,67572885916,0,0
67634341920,67634341920,67634341920,0,0
67695533920,67695533920,67695533920,0,0
67755925918,67755925918,67755925918,0,0
67817037918,67817037918,67817037918,0,0
67877589920,67877589920,67877589920,0,0
67938645920,67938645920,67938645920,0,0
67999725920,67999725920,67999725920,0,0
68060517920,68060517920,68060517920,67857493920,0
68121229921,68121229921,68121229921,67857493920,0
68182485920,68182485920,68182485920,67857493920,0
68243349920,68243349920,68243349920,67857493920,0
68304717916,68304717916,68304717916,67857493920,0
68366381917,68366381917,68366381917,68161861918,0
68427253920,68427253920,68427253920,68161861918,0
68487525920,68487525920,68487525920,68161861918,0
68548805920,68548805920,68548805920,68161861918,0
68609669920,68609669920,68609669920,68161861918,0
68670709920,68670709920,68670709920,68467413917,0
68731709920,68731709920,68731709920,68467413917,0
68792829920,68792829920,68792829920,68467413917,0
68854189918,68854189918,68854189918,68467413917,0
68915109919,68915109919,68915109919,68467413917,0
68976213920,68976213920,68976213920,68772349920,0
69037565917,69037565917,69037565917,68772349920,0
69098181920,69098181920,69098181920,68772349920,0
69159517920,69159517920,69159517920,68772349920,0
69220069920,69220069920,69220069920,68772349920,0
69281221917,69281221917,69281221917,69078029918,0
69342085920,69342085920,69342085920,69078029918,0
69402813920,69402813920,69402813920,69078029918,0
69464333920,69464333920,69464333920,69078029918,0
69524661920,69524661920,69524661920,69078029918,0
69586173918,69586173918,69586173918,69382797918,0
69646965920,69646965920,69646965920,69382797918,0
69707629917,69707629917,69707629917,69382797918,0
69768813917,69768813917,69768813917,69382797918,0
69829981920,69829981920,69829981920,69382797918,0
69891157921,69891157921,69891157921,69707629917,0
69952629920,69952629920,69952629920,69707629917,0
70013549920,70013549920,70013549920,69707629917,0
70074749920,70074749920,70074749920,69707629917,0
70135597920,70135597920,70135597920,69707629917,0
70196061920,70196061920,70196061920,70013549920,0
70257357920,70257357920,70257357920,70013549920,0
70318741916,70318741916,70318741916,70013549920,0
70380365917,70380365917,70380365917,70013549920,0
70441309920,70441309920,70441309920,70013549920,0
70502469920,70502469920,70502469920,70318741916,0
70563621921,70563621921,70563621921,70318741916,0
70624213918,70624213918,70624213918,70318741916,0
70685389920,70685389920,70685389920,70318741916,0
70746413916,70746413916,70746413916,70318741916,0
70807877920,70807877920,70807877920,70624213918,0
70868805920,70868805920,70868805920,70624213918,0
70889581917,70889581917,70889581917,70624213918,0
67572885916,67572885916,67572885916,0,0
67634341920,67634341920,67634341920,0,0
67695533920,67695533920,67695533920,0,0
67755925918,67755925918,67755925918,0,0
67817037918,67817037918,67817037918,0,0
67877589920,67877589920,67877589920,0,0
67938645920,67938645920,67938645920,0,0
67999725920,67999725920,67999725920,0,0
68060517920,68060517920,68060517920,67857493920,0
68121229921,68121229921,68121229921,67857493920,0
68182485920,68182485920,68182485920,67857493920,0
68243349920,68243349920,68243349920,67857493920,0
68304717916,68304717916,68304717916,67857493920,0
68366381917,68366381917,68366381917,68161861918,0
68427253920,68427253920,68427253920,68161861918,0
68487525920,68487525920,68487525920,68161861918,0
68548805920,68548805920,68548805920,68161861918,0
68609669920,68609669920,68609669920,68161861918,0
68670709920,68670709920,68670709920,68467413917,0
68731709920,68731709920,68731709920,68467413917,0
68792829920,68792829920,68792829920,68467413917,0
68854189918,68854189918,68854189918,68467413917,0
68915109919,68915109919,68915109919,68467413917,0
68976213920,68976213920,68976213920,68772349920,0
69037565917,69037565917,69037565917,68772349920,0
69098181920,69098181920,69098181920,68772349920,0
69159517920,69159517920,69159517920,68772349920,0
69220069920,69220069920,69220069920,68772349920,0
69281221917,69281221917,69281221917,69078029918,0
69342085920,69342085920,69342085920,69078029918,0
69402813920,69402813920,69402813920,69078029918,0
69464333920,69464333920,69464333920,69078029918,0
69524661920,69524661920,69524661920,69078029918,0
69586173918,69586173918,69586173918,69382797918,0
69646965920,69646965920,69646965920,69382797918,0
69707629917,69707629917,69707629917,69382797918,0
69768813917,69768813917,69768813917,69382797918,0
69829981920,69829981920,69829981920,69382797918,0
69891157921,69891157921,69891157921,69707629917,0
69952629920,69952629920,69952629920,69707629917,0
70013549920,70013549920,70013549920,69707629917,0
70074749920,70074749920,70074749920,69707629917,0
70135597920,70135597920,70135597920,69707629917,0
70196061920,70196061920,70196061920,70013549920,0
70257357920,70257357920,70257357920,70013549920,0
70318741916,70318741916,70318741916,70013549920,0
70380365917,70380365917,70380365917,70013549920,0
70441309920,70441309920,70441309920,70013549920,0
70502469920,70502469920,70502469920,70318741916,0
70563621921,70563621921,70563621921,70318741916,0
70624213918,70624213918,70624213918,70318741916,0
70685389920,70685389920,70685389920,70318741916,0
70746413916,70746413916,70746413916,70318741916,0
70807877920,70807877920,70807877920,70624213918,0
70868805920,70868805920,70868805920,70624213918,0
70909933920,70909933920,70909933920,70624213918,0
67572885916,67572885916,67572885916,0,0
67634341920,67634341920,67634341920,0,0
67695533920,67695533920,67695533920,0,0
67755925918,67755925918,67755925918,0,0
67817037918,67817037918,67817037918,0,0
67877589920,67877589920,67877589920,0,0
67938645920,67938645920,67938645920,0,0
67999725920,67999725920,67999725920,0,0
68060517920,68060517920,68060517920,67857493920,0
68121229921,68121229921,68121229921,67857493920,0
68182485920,68182485920,68182485920,67857493920,0
68243349920,68243349920,68243349920,67857493920,0
68304717916,68304717916,68304717916,67857493920,0
68366381917,68366381917,68366381917,68161861918,0
68427253920,68427253920,68427253920,68161861918,0
68487525920,68487525920,68487525920,68161861918,0
68548805920,68548805920,68548805920,68161861918,0
68609669920,68609669920,68609669920,68161861918,0
68670709920,68670709920,68670709920,68467413917,0
68731709920,68731709920,68731709920,68467413917,0
68792829920,68792829920,68792829920,68467413917,0
68854189918,68854189918,68854189918,68467413917,0
68915109919,68915109919,68915109919,68467413917,0
68976213920,68976213920,68976213920,68772349920,0
69037565917,69037565917,69037565917,68772349920,0
69098181920,69098181920,69098181920,68772349920,0
69159517920,69159517920,69159517920,68772349920,0
69220069920,69220069920,69220069920,68772349920,0
69281221917,69281221917,69281221917,69078029918,0
69342085920,69342085920,69342085920,69078029918,0
69402813920,69402813920,69402813920,69078029918,0
69464333920,69464333920,69464333920,69078029918,0
69524661920,69524661920,69524661920,69078029918,0
69586173918,69586173918,69586173918,69382797918,0
69646965920,69646965920,69646965920,69382797918,0
69707629917,69707629917,69707629917,69382797918,0
69768813917,69768813917,69768813917,69382797918,0
69829981920,69829981920,69829981920,69382797918,0
69891157921,69891157921,69891157921,69707629917,0
69952629920,69952629920,69952629920,69707629917,0
70013549920,70013549920,70013549920,69707629917,0
70074749920,70074749920,70074749920,69707629917,0
70135597920,70135597920,70135597920,69707629917,0
70196061920,70196061920,70196061920,70013549920,0
70257357920,70257357920,70257357920,70013549920,0
70318741916,70318741916,70318741916,70013549920,0
70380365917,70380365917,70380365917,70013549920,0
70441309920,70441309920,70441309920,70013549920,0
70502469920,70502469920,70502469920,70318741916,0
70563621921,70563621921,70563621921,70318741916,0
70624213918,70624213918,70624213918,70318741916,0
70685389920,70685389920,70685389920,70318741916,0
70746413916,70746413916,70746413916,70318741916,0
70807877920,70807877920,70807877920,70624213918,0
70868805920,70868805920,70868805920,70624213918,0
70930365920,70930365920,70930365920,70624213918,0
67572885916,67572885916,67572885916,0,0
67634341920,67634341920,67634341920,0,0
67695533920,67695533920,67695533920,0,0
67755925918,67755925918,67755925918,0,0
67817037918,67817037918,67817037918,0,0
67877589920,67877589920,67877589920,0,0
67938645920,67938645920,67938645920,0,0
67999725920,67999725920,67999725920,0,0
68060517920,68060517920,68060517920,67857493920,0
68121229921,68121229921,68121229921,67857493920,0
68182485920,68182485920,68182485920,67857493920,0
68243349920,68243349920,68243349920,67857493920,0
68304717916,68304717916,68304717916,67857493920,0
68366381917,68366381917,68366381917,68161861918,0
68427253920,68427253920,68427253920,68161861918,0
68487525920,68487525920,68487525920,68161861918,0
68548805920,68548805920,68548805920,68161861918,0
68609669920,68609669920,68609669920,68161861918,0
68670709920,68670709920,68670709920,68467413917,0
68731709920,68731709920,68731709920,68467413917,0
68792829920,68792829920,68792829920,68467413917,0
68854189918,68854189918,68854189918,68467413917,0
68915109919,68915109919,68915109919,68467413917,0
68976213920,68976213920,68976213920,68772349920,0
69037565917,69037565917,69037565917,68772349920,0
69098181920,69098181920,69098181920,68772349920,0
69159517920,69159517920,69159517920,68772349920,0
69220069920,69220069920,69220069920,68772349920,0
69281221917,69281221917,69281221917,69078029918,0
69342085920,69342085920,69342085920,69078029918,0
69402813920,69402813920,69402813920,69078029918,0
69464333920,69464333920,69464333920,69078029918,0
69524661920,69524661920,69524661920,69078029918,0
69586173918,69586173918,69586173918,69382797918,0
69646965920,69646965920,69646965920,69382797918,0
69707629917,69707629917,69707629917,69382797918,0
69768813917,69768813917,69768813917,69382797918,0
69829981920,69829981920,69829981920,69382797918,0
69891157921,69891157921,69891157921,69707629917,0
69952629920,69952629920,69952629920,69707629917,0
70013549920,70013549920,70013549920,69707629917,0
70074749920,70074749920,70074749920,69707629917,0
70135597920,70135597920,70135597920,69707629917,0
70196061920,70196061920,70196061920,70013549920,0
70257357920,70257357920,70257357920,70013549920,0
70318741916,70318741916,70318741916,70013549920,0
70380365917,70380365917,70380365917,70013549920,0
70441309920,70441309920,70441309920,70013549920,0
70502469920,70502469920,70502469920,70318741916,0
70563621921,70563621921,70563621921,70318741916,0
70624213918,70624213918,70624213918,70318741916,0
70685389920,70685389920,70685389920,70318741916,0
70746413916,70746413916,70746413916,70318741916,0
70807877920,70807877920,70807877920,70624213918,0
70868805920,70868805920,70868805920,70624213918,0
70930365920,70930365920,70930365920,70624213918,0
70950909920,70950909920,70950909920,70624213918,0
67572885916,67572885916,67572885916,0,0
67634341920,67634341920,67634341920,0,0
67695533920,67695533920,67695533920,0,0
67755925918,67755925918,67755925918,0,0
67817037918,67817037918,67817037918,0,0
67877589920,67877589920,67877589920,0,0
67938645920,67938645920,67938645920,0,0
67999725920,67999725920,67999725920,0,0
68060517920,68060517920,68060517920,67857493920,0
68121229921,68121229921,68121229921,67857493920,0
68182485920,68182485920,68182485920,67857493920,0
68243349920,68243349920,68243349920,67857493920,0
68304717916,68304717916,68304717916,67857493920,0
68366381917,68366381917,68366381917,68161861918,0
68427253920,68427253920,68427253920,68161861918,0
68487525920,68487525920,68487525920,68161861918,0
68548805920,68548805920,68548805920,68161861918,0
68609669920,68609669920,68609669920,68161861918,0
68670709920,68670709920,68670709920,68467413917,0
68731709920,68731709920,68731709920,68467413917,0
68792829920,68792829920,68792829920,68467413917,0
68854189918,68854189918,68854189918,68467413917,0
68915109919,68915109919,68915109919,68467413917,0
68976213920,68976213920,68976213920,68772349920,0
69037565917,69037565917,69037565917,68772349920,0
69098181920,69098181920,69098181920,68772349920,0
69159517920,69159517920,69159517920,68772349920,0
69220069920,69220069920,69220069920,68772349920,0
69281221917,69281221917,69281221917,69078029918,0
69342085920,69342085920,69342085920,69078029918,0
69402813920,69402813920,69402813920,69078029918,0
69464333920,69464333920,69464333920,69078029918,0
69524661920,69524661920,69524661920,69078029918,0
69586173918,69586173918,69586173918,69382797918,0
69646965920,69646965920,69646965920,69382797918,0
69707629917,69707629917,69707629917,69382797918,0
69768813917,69768813917,69768813917,69382797918,0
69829981920,69829981920,69829981920,69382797918,0
69891157921,69891157921,69891157921,69707629917,0
69952629920,69952629920,69952629920,69707629917,0
70013549920,70013549920,70013549920,69707629917,0
70074749920,70074749920,70074749920,69707629917,0
70135597920,70135597920,70135597920,69707629917,0
70196061920,70196061920,70196061920,70013549920,0
70257357920,70257357920,70257357920,70013549920,0
70318741916,70318741916,70318741916,70013549920,0
70380365917,70380365917,70380365917,70013549920,0
70441309920,70441309920,70441309920,70013549920,0
70502469920,70502469920,70502469920,70318741916,0
70563621921,70563621921,70563621921,70318741916,0
70624213918,70624213918,70624213918,70318741916,0
70685389920,70685389920,70685389920,70318741916,0
70746413916,70746413916,70746413916,70318741916,0
70807877920,70807877920,70807877920,70624213918,0
70868805920,70868805920,70868805920,70624213918,0
70930365920,70930365920,70930365920,70624213918,0
70971317920,70971317920,70971317920,70624213918,0
67572885916,67572885916,67572885916,0,0
67634341920,67634341920,67634341920,0,0
67695533920,67695533920,67695533920,0,0
67755925918,67755925918,67755925918,0,0
67817037918,67817037918,67817037918,0,0
67877589920,67877589920,67877589920,0,0
67938645920,67938645920,67938645920,0,0
67999725920,67999725920,67999725920,0,0
68060517920,68060517920,68060517920,67857493920,0
68121229921,68121229921,68121229921,67857493920,0
68182485920,68182485920,68182485920,67857493920,0
68243349920,68243349920,68243349920,67857493920,0
68304717916,68304717916,68304717916,67857493920,0
68366381917,68366381917,68366381917,68161861918,0
68427253920,68427253920,68427253920,68161861918,0
68487525920,68487525920,68487525920,68161861918,0
68548805920,68548805920,68548805920,68161861918,0
68609669920,68609669920,68609669920,68161861918,0
68670709920,68670709920,68670709920,68467413917,0
68731709920,68731709920,68731709920,68467413917,0
68792829920,68792829920,68792829920,68467413917,0
68854189918,68854189918,68854189918,68467413917,0
68915109919,68915109919,68915109919,68467413917,0
68976213920,68976213920,68976213920,68772349920,0
69037565917,69037565917,69037565917,68772349920,0
69098181920,69098181920,69098181920,68772349920,0
69159517920,69159517920,69159517920,68772349920,0
69220069920,69220069920,69220069920,68772349920,0
69281221917,69281221917,69281221917,69078029918,0
69342085920,69342085920,69342085920,69078029918,0
69402813920,69402813920,69402813920,69078029918,0
69464333920,69464333920,69464333920,69078029918,0
69524661920,69524661920,69524661920,69078029918,0
69586173918,69586173918,69586173918,69382797918,0
69646965920,69646965920,69646965920,69382797918,0
69707629917,69707629917,69707629917,69382797918,0
69768813917,69768813917,69768813917,69382797918,0
69829981920,69829981920,69829981920,69382797918,0
69891157921,69891157921,69891157921,69707629917,0
69952629920,69952629920,69952629920,69707629917,0
70013549920,70013549920,70013549920,69707629917,0
70074749920,70074749920,70074749920,69707629917,0
70135597920,70135597920,70135597920,69707629917,0
70196061920,70196061920,70196061920,70013549920,0
70257357920,70257357920,70257357920,70013549920,0
70318741916,70318741916,70318741916,70013549920,0
70380365917,70380365917,70380365917,70013549920,0
70441309920,70441309920,70441309920,70013549920,0
70502469920,70502469920,70502469920,70318741916,0
70563621921,70563621921,70563621921,70318741916,0
70624213918,70624213918,70624213918,70318741916,0
70685389920,70685389920,70685389920,70318741916,0
70746413916,70746413916,70746413916,70318741916,0
70807877920,70807877920,70807877920,70624213918,0
70868805920,70868805920,70868805920,70624213918,0
70930365920,70930365920,70930365920,70624213918,0
70991749917,70991749917,70991749917,70624213918,0
67572885916,67572885916,67572885916,0,0
67634341920,67634341920,67634341920,0,0
67695533920,67695533920,67695533920,0,0
67755925918,67755925918,67755925918,0,0
67817037918,67817037918,67817037918,0,0
67877589920,67877589920,67877589920,0,0
67938645920,67938645920,67938645920,0,0
67999725920,67999725920,67999725920,0,0
68060517920,68060517920,68060517920,67857493920,0
68121229921,68121229921,68121229921,67857493920,0
68182485920,68182485920,68182485920,67857493920,0
68243349920,68243349920,68243349920,67857493920,0
68304717916,68304717916,68304717916,67857493920,0
68366381917,68366381917,68366381917,68161861918,0
68427253920,68427253920,68427253920,68161861918,0
68487525920,68487525920,68487525920,68161861918,0
68548805920,68548805920,68548805920,68161861918,0
68609669920,68609669920,68609669920,68161861918,0
68670709920,68670709920,68670709920,68467413917,0
68731709920,68731709920,68731709920,68467413917,0
68792829920,68792829920,68792829920,68467413917,0
68854189918,68854189918,68854189918,68467413917,0
68915109919,68915109919,68915109919,68467413917,0
68976213920,68976213920,68976213920,68772349920,0
69037565917,69037565917,69037565917,68772349920,0
69098181920,69098181920,69098181920,68772349920,0
69159517920,69159517920,69159517920,68772349920,0
69220069920,69220069920,69220069920,68772349920,0
69281221917,69281221917,69281221917,69078029918,0
69342085920,69342085920,69342085920,69078029918,0
69402813920,69402813920,69402813920,69078029918,0
69464333920,69464333920,69464333920,69078029918,0
69524661920,69524661920,69524661920,69078029918,0
69586173918,69586173918,69586173918,69382797918,0
69646965920,69646965920,69646965920,69382797918,0
69707629917,69707629917,69707629917,69382797918,0
69768813917,69768813917,69768813917,69382797918,0
69829981920,69829981920,69829981920,69382797918,0
69891157921,69891157921,69891157921,69707629917,0
69952629920,69952629920,69952629920,69707629917,0
70013549920,70013549920,70013549920,69707629917,0
70074749920,70074749920,70074749920,69707629917,0
70135597920,70135597920,70135597920,69707629917,0
70196061920,70196061920,70196061920,70013549920,0
70257357920,70257357920,70257357920,70013549920,0
70318741916,70318741916,70318741916,70013549920,0
70380365917,70380365917,70380365917,70013549920,0
70441309920,70441309920,70441309920,70013549920,0
70502469920,70502469920,70502469920,70318741916,0
70563621921,70563621921,70563621921,70318741916,0
70624213918,70624213918,70624213918,70318741916,0
70685389920,70685389920,70685389920,70318741916,0
70746413916,70746413916,70746413916,70318741916,0
70807877920,70807877920,70807877920,70624213918,0
70868805920,70868805920,70868805920,70624213918,0
70930365920,70930365920,70930365920,70624213918,0
70991749917,70991749917,70991749917,70624213918,0
71011933919,71011933919,71011933919,70624213918,0
67572885916,67572885916,67572885916,0,0
67634341920,67634341920,67634341920,0,0
67695533920,67695533920,67695533920,0,0
67755925918,67755925918,67755925918,0,0
67817037918,67817037918,67817037918,0,0
67877589920,67877589920,67877589920,0,0
67938645920,67938645920,67938645920,0,0
67999725920,67999725920,67999725920,0,0
68060517920,68060517920,68060517920,67857493920,0
68121229921,68121229921,68121229921,67857493920,0
68182485920,68182485920,68182485920,67857493920,0
68243349920,68243349920,68243349920,67857493920,0
68304717916,68304717916,68304717916,67857493920,0
68366381917,68366381917,68366381917,68161861918,0
68427253920,68427253920,68427253920,68161861918,0
68487525920,68487525920,68487525920,68161861918,0
68548805920,68548805920,68548805920,68161861918,0
68609669920,68609669920,68609669920,68161861918,0
68670709920,68670709920,68670709920,68467413917,0
68731709920,68731709920,68731709920,68467413917,0
68792829920,68792829920,68792829920,68467413917,0
68854189918,68854189918,68854189918,68467413917,0
68915109919,68915109919,68915109919,68467413917,0
68976213920,68976213920,68976213920,68772349920,0
69037565917,69037565917,69037565917,68772349920,0
69098181920,69098181920,69098181920,68772349920,0
69159517920,69159517920,69159517920,68772349920,0
69220069920,69220069920,69220069920,68772349920,0
69281221917,69281221917,69281221917,69078029918,0
69342085920,69342085920,69342085920,69078029918,0
69402813920,69402813920,69402813920,69078029918,0
69464333920,69464333920,69464333920,69078029918,0
69524661920,69524661920,69524661920,69078029918,0
69586173918,69586173918,69586173918,69382797918,0
69646965920,69646965920,69646965920,69382797918,0
69707629917,69707629917,69707629917,69382797918,0
69768813917,69768813917,69768813917,69382797918,0
69829981920,69829981920,69829981920,69382797918,0
69891157921,69891157921,69891157921,69707629917,0
69952629920,69952629920,69952629920,69707629917,0
70013549920,70013549920,70013549920,69707629917,0
70074749920,70074749920,70074749920,69707629917,0
70135597920,70135597920,70135597920,69707629917,0
70196061920,70196061920,70196061920,70013549920,0
70257357920,70257357920,70257357920,70013549920,0
70318741916,70318741916,70318741916,70013549920,0
70380365917,70380365917,70380365917,70013549920,0
70441309920,70441309920,70441309920,70013549920,0
70502469920,70502469920,70502469920,70318741916,0
70563621921,70563621921,70563621921,70318741916,0
70624213918,70624213918,70624213918,70318741916,0
70685389920,70685389920,70685389920,70318741916,0
70746413916,70746413916,70746413916,70318741916,0
70807877920,70807877920,70807877920,70624213918,0
70868805920,70868805920,70868805920,70624213918,0
70930365920,70930365920,70930365920,70624213918,0
70991749917,70991749917,70991749917,70624213918,0
71032061920,71032061920,71032061920,70624213918,0
67572885916,67572885916,67572885916,0,0
67634341920,67634341920,67634341920,0,0
67695533920,67695533920,67695533920,0,0
67755925918,67755925918,67755925918,0,0
67817037918,67817037918,67817037918,0,0
67877589920,67877589920,67877589920,0,0
67938645920,67938645920,67938645920,0,0
67999725920,67999725920,67999725920,0,0
68060517920,68060517920,68060517920,67857493920,0
68121229921,68121229921,68121229921,67857493920,0
68182485920,68182485920,68182485920,67857493920,0
68243349920,68243349920,68243349920,67857493920,0
68304717916,68304717916,68304717916,67857493920,0
68366381917,68366381917,68366381917,68161861918,0
68427253920,68427253920,68427253920,68161861918,0
68487525920,68487525920,68487525920,68161861918,0
68548805920,68548805920,68548805920,68161861918,0
68609669920,68609669920,68609669920,68161861918,0
68670709920,68670709920,68670709920,68467413917,0
68731709920,68731709920,68731709920,68467413917,0
68792829920,68792829920,68792829920,68467413917,0
68854189918,68854189918,68854189918,68467413917,0
68915109919,68915109919,68915109919,68467413917,0
68976213920,68976213920,68976213920,68772349920,0
69037565917,69037565917,69037565917,68772349920,0
69098181920,69098181920,69098181920,68772349920,0
69159517920,69159517920,69159517920,68772349920,0
69220069920,69220069920,69220069920,68772349920,0
69281221917,69281221917,69281221917,69078029918,0
69342085920,69342085920,69342085920,69078029918,0
69402813920,69402813920,69402813920,69078029918,0
69464333920,69464333920,69464333920,69078029918,0
69524661920,69524661920,69524661920,69078029918,0
69586173918,69586173918,69586173918,69382797918,0
69646965920,69646965920,69646965920,69382797918,0
69707629917,69707629917,69707629917,69382797918,0
69768813917,69768813917,69768813917,69382797918,0
69829981920,69829981920,69829981920,69382797918,0
69891157921,69891157921,69891157921,69707629917,0
69952629920,69952629920,69952629920,69707629917,0
70013549920,70013549920,70013549920,69707629917,0
70074749920,70074749920,70074749920,69707629917,0
70135597920,70135597920,70135597920,69707629917,0
70196061920,70196061920,70196061920,70013549920,0
70257357920,70257357920,70257357920,70013549920,0
70318741916,70318741916,70318741916,70013549920,0
70380365917,70380365917,70380365917,70013549920,0
70441309920,70441309920,70441309920,70013549920,0
70502469920,70502469920,70502469920,70318741916,0
70563621921,70563621921,70563621921,70318741916,0
70624213918,70624213918,70624213918,70318741916,0
70685389920,70685389920,70685389920,70318741916,0
70746413916,70746413916,70746413916,70318741916,0
70807877920,70807877920,70807877920,70624213918,0
70868805920,70868805920,70868805920,70624213918,0
70930365920,70930365920,70930365920,70624213918,0
70991749917,70991749917,70991749917,70624213918,0
71052701920,71052701920,71052701920,70624213918,0
67572885916,67572885916,67572885916,0,0
67634341920,67634341920,67634341920,0,0
67695533920,67695533920,67695533920,0,0
67755925918,67755925918,67755925918,0,0
67817037918,67817037918,67817037918,0,0
67877589920,67877589920,67877589920,0,0
67938645920,67938645920,67938645920,0,0
67999725920,67999725920,67999725920,0,0
68060517920,68060517920,68060517920,67857493920,0
68121229921,68121229921,68121229921,67857493920,0
68182485920,68182485920,68182485920,67857493920,0
68243349920,68243349920,68243349920,67857493920,0
68304717916,68304717916,68304717916,67857493920,0
68366381917,68366381917,68366381917,68161861918,0
68427253920,68427253920,68427253920,68161861918,0
68487525920,68487525920,68487525920,68161861918,0
68548805920,68548805920,68548805920,68161861918,0
68609669920,68609669920,68609669920,68161861918,0
68670709920,68670709920,68670709920,68467413917,0
68731709920,68731709920,68731709920,68467413917,0
68792829920,68792829920,68792829920,68467413917,0
68854189918,68854189918,68854189918,68467413917,0
68915109919,68915109919,68915109919,68467413917,0
68976213920,68976213920,68976213920,68772349920,0
69037565917,69037565917,69037565917,68772349920,0
69098181920,69098181920,69098181920,68772349920,0
69159517920,69159517920,69159517920,68772349920,0
69220069920,69220069920,69220069920,68772349920,0
69281221917,69281221917,69281221917,69078029918,0
69342085920,69342085920,69342085920,69078029918,0
69402813920,69402813920,69402813920,69078029918,0
69464333920,69464333920,69464333920,69078029918,0
69524661920,69524661920,69524661920,69078029918,0
69586173918,69586173918,69586173918,69382797918,0
69646965920,69646965920,69646965920,69382797918,0
69707629917,69707629917,69707629917,69382797918,0
69768813917,69768813917,69768813917,69382797918,0
69829981920,69829981920,69829981920,69382797918,0
69891157921,69891157921,69891157921,69707629917,0
69952629920,69952629920,69952629920,69707629917,0
70013549920,70013549920,70013549920,69707629917,0
70074749920,70074749920,70074749920,69707629917,0
70135597920,70135597920,70135597920,69707629917,0
70196061920,70196061920,70196061920,70013549920,0
70257357920,70257357920,70257357920,70013549920,0
70318741916,70318741916,70318741916,70013549920,0
70380365917,70380365917,70380365917,70013549920,0
70441309920,70441309920,70441309920,70013549920,0
70502469920,70502469920,70502469920,70318741916,0
70563621921,70563621921,70563621921,70318741916,0
70624213918,70624213918,70624213918,70318741916,0
70685389920,70685389920,70685389920,70318741916,0
70746413916,70746413916,70746413916,70318741916,0
70807877920,70807877920,70807877920,70624213918,0
70868805920,70868805920,70868805920,70624213918,0
70930365920,70930365920,70930365920,70624213918,0
70991749917,70991749917,70991749917,70624213918,0
71052701920,71052701920,71052701920,70624213918,0
71073221917,71073221917,71073221917,70624213918,0
67572885916,67572885916,67572885916,0,0
67634341920,67634341920,67634341920,0,0
67695533920,67695533920,67695533920,0,0
67755925918,67755925918,67755925918,0,0
67817037918,67817037918,67817037918,0,0
67877589920,67877589920,67877589920,0,0
67938645920,67938645920,67938645920,0,0
67999725920,67999725920,67999725920,0,0
68060517920,68060517920,68060517920,67857493920,0
68121229921,68121229921,68121229921,67857493920,0
68182485920,68182485920,68182485920,67857493920,0
68243349920,68243349920,68243349920,67857493920,0
68304717916,68304717916,68304717916,67857493920,0
68366381917,68366381917,68366381917,68161861918,0
68427253920,68427253920,68427253920,68161861918,0
68487525920,68487525920,68487525920,68161861918,0
68548805920,68548805920,68548805920,68161861918,0
68609669920,68609669920,68609669920,68161861918,0
68670709920,68670709920,68670709920,68467413917,0
68731709920,68731709920,68731709920,68467413917,0
68792829920,68792829920,68792829920,68467413917,0
68854189918,68854189918,68854189918,68467413917,0
68915109919,68915109919,68915109919,68467413917,0
68976213920,68976213920,68976213920,68772349920,0
69037565917,69037565917,69037565917,68772349920,0
69098181920,69098181920,69098181920,68772349920,0
69159517920,69159517920,69159517920,68772349920,0
69220069920,69220069920,69220069920,68772349920,0
69281221917,69281221917,69281221917,69078029918,0
69342085920,69342085920,69342085920,69078029918,0
69402813920,69402813920,69402813920,69078029918,0
69464333920,69464333920,69464333920,69078029918,0
69524661920,69524661920,69524661920,69078029918,0
69586173918,69586173918,69586173918,69382797918,0
69646965920,69646965920,69646965920,69382797918,0
69707629917,69707629917,69707629917,69382797918,0
69768813917,69768813917,69768813917,69382797918,0
69829981920,69829981920,69829981920,69382797918,0
69891157921,69891157921,69891157921,69707629917,0
69952629920,69952629920,69952629920,69707629917,0
70013549920,70013549920,70013549920,69707629917,0
70074749920,70074749920,70074749920,69707629917,0
70135597920,70135597920,70135597920,69707629917,0
70196061920,70196061920,70196061920,70013549920,0
70257357920,70257357920,70257357920,70013549920,0
70318741916,70318741916,70318741916,70013549920,0
70380365917,70380365917,70380365917,70013549920,0
70441309920,70441309920,70441309920,70013549920,0
70502469920,70502469920,70502469920,70318741916,0
70563621921,70563621921,70563621921,70318741916,0
70624213918,70624213918,70624213918,70318741916,0
70685389920,70685389920,70685389920,70318741916,0
70746413916,70746413916,70746413916,70318741916,0
70807877920,70807877920,70807877920,70624213918,0
70868805920,70868805920,70868805920,70624213918,0
70930365920,70930365920,70930365920,70624213918,0
70991749917,70991749917,70991749917,70624213918,0
71052701920,71052701920,71052701920,70624213918,0
71093709920,71093709920,71093709920,70624213918,0
67572885916,67572885916,67572885916,0,0
67634341920,67634341920,67634341920,0,0
67695533920,67695533920,67695533920,0,0
67755925918,67755925918,67755925918,0,0
67817037918,67817037918,67817037918,0,0
67877589920,67877589920,67877589920,0,0
67938645920,67938645920,67938645920,0,0
67999725920,67999725920,67999725920,0,0
68060517920,68060517920,68060517920,67857493920,0
68121229921,68121229921,68121229921,67857493920,0
68182485920,68182485920,68182485920,67857493920,0
68243349920,68243349920,68243349920,67857493920,0
68304717916,68304717916,68304717916,67857493920,0
68366381917,68366381917,68366381917,68161861918,0
68427253920,68427253920,68427253920,68161861918,0
68487525920,68487525920,68487525920,68161861918,0
68548805920,68548805920,68548805920,68161861918,0
68609669920,68609669920,68609669920,68161861918,0
68670709920,68670709920,68670709920,68467413917,0
68731709920,68731709920,68731709920,68467413917,0
68792829920,68792829920,68792829920,68467413917,0
68854189918,68854189918,68854189918,68467413917,0
68915109919,68915109919,68915109919,68467413917,0
68976213920,68976213920,68976213920,68772349920,0
69037565917,69037565917,69037565917,68772349920,0
69098181920,69098181920,69098181920,68772349920,0
69159517920,69159517920,69159517920,68772349920,0
69220069920,69220069920,69220069920,68772349920,0
69281221917,69281221917,69281221917,69078029918,0
69342085920,69342085920,69342085920,69078029918,0
69402813920,69402813920,69402813920,69078029918,0
69464333920,69464333920,69464333920,69078029918,0
69524661920,69524661920,69524661920,69078029918,0
69586173918,69586173918,69586173918,69382797918,0
69646965920,69646965920,69646965920,69382797918,0
69707629917,69707629917,69707629917,69382797918,0
69768813917,69768813917,69768813917,69382797918,0
69829981920,69829981920,69829981920,69382797918,0
69891157921,69891157921,69891157921,69707629917,0
69952629920,69952629920,69952629920,69707629917,0
70013549920,70013549920,70013549920,69707629917,0
70074749920,70074749920,70074749920,69707629917,0
70135597920,70135597920,70135597920,69707629917,0
70196061920,70196061920,70196061920,70013549920,0
70257357920,70257357920,70257357920,70013549920,0
70318741916,70318741916,70318741916,70013549920,0
70380365917,70380365917,70380365917,70013549920,0
70441309920,70441309920,70441309920,70013549920,0
70502469920,70502469920,70502469920,70318741916,0
70563621921,70563621921,70563621921,70318741916,0
70624213918,70624213918,70624213918,70318741916,0
70685389920,70685389920,70685389920,70318741916,0
70746413916,70746413916,70746413916,70318741916,0
70807877920,70807877920,70807877920,70624213918,0
70868805920,70868805920,70868805920,70624213918,0
70930365920,70930365920,70930365920,70624213918,0
70991749917,70991749917,70991749917,70624213918,0
71052701920,71052701920,71052701920,70624213918,0
71113941921,71113941921,71113941921,70930365920,0
67572885916,67572885916,67572885916,0,0
67634341920,67634341920,67634341920,0,0
67695533920,67695533920,67695533920,0,0
67755925918,67755925918,67755925918,0,0
67817037918,67817037918,67817037918,0,0
67877589920,67877589920,67877589920,0,0
67938645920,67938645920,67938645920,0,0
67999725920,67999725920,67999725920,0,0
68060517920,68060517920,68060517920,67857493920,0
68121229921,68121229921,68121229921,67857493920,0
68182485920,68182485920,68182485920,67857493920,0
68243349920,68243349920,68243349920,67857493920,0
68304717916,68304717916,68304717916,67857493920,0
68366381917,68366381917,68366381917,68161861918,0
68427253920,68427253920,68427253920,68161861918,0
68487525920,68487525920,68487525920,68161861918,0
68548805920,68548805920,68548805920,68161861918,0
68609669920,68609669920,68609669920,68161861918,0
68670709920,68670709920,68670709920,68467413917,0
68731709920,68731709920,68731709920,68467413917,0
68792829920,68792829920,68792829920,68467413917,0
68854189918,68854189918,68854189918,68467413917,0
68915109919,68915109919,68915109919,68467413917,0
68976213920,68976213920,68976213920,68772349920,0
69037565917,69037565917,69037565917,68772349920,0
69098181920,69098181920,69098181920,68772349920,0
69159517920,69159517920,69159517920,68772349920,0
69220069920,69220069920,69220069920,68772349920,0
69281221917,69281221917,69281221917,69078029918,0
69342085920,69342085920,69342085920,69078029918,0
69402813920,69402813920,69402813920,69078029918,0
69464333920,69464333920,69464333920,69078029918,0
69524661920,69524661920,69524661920,69078029918,0
69586173918,69586173918,69586173918,69382797918,0
69646965920,69646965920,69646965920,69382797918,0
69707629917,69707629917,69707629917,69382797918,0
69768813917,69768813917,69768813917,69382797918,0
69829981920,69829981920,69829981920,69382797918,0
69891157921,69891157921,69891157921,69707629917,0
69952629920,69952629920,69952629920,69707629917,0
70013549920,70013549920,70013549920,69707629917,0
70074749920,70074749920,70074749920,69707629917,0
70135597920,70135597920,70135597920,69707629917,0
70196061920,70196061920,70196061920,70013549920,0
70257357920,70257357920,70257357920,70013549920,0
70318741916,70318741916,70318741916,70013549920,0
70380365917,70380365917,70380365917,70013549920,0
70441309920,70441309920,70441309920,70013549920,0
70502469920,70502469920,70502469920,70318741916,0
70563621921,70563621921,70563621921,70318741916,0
70624213918,70624213918,70624213918,70318741916,0
70685389920,70685389920,70685389920,70318741916,0
70746413916,70746413916,70746413916,70318741916,0
70807877920,70807877920,70807877920,70624213918,0
70868805920,70868805920,70868805920,70624213918,0
70930365920,70930365920,70930365920,70624213918,0
70991749917,70991749917,70991749917,70624213918,0
71052701920,71052701920,71052701920,70624213918,0
71113941921,71113941921,71113941921,70930365920,0
71134661920,71134661920,71134661920,70930365920,0
67572885916,67572885916,67572885916,0,0
67634341920,67634341920,67634341920,0,0
67695533920,67695533920,67695533920,0,0
67755925918,67755925918,67755925918,0,0
67817037918,67817037918,67817037918,0,0
67877589920,67877589920,67877589920,0,0
67938645920,67938645920,67938645920,0,0
67999725920,67999725920,67999725920,0,0
68060517920,68060517920,68060517920,67857493920,0
68121229921,68121229921,68121229921,67857493920,0
68182485920,68182485920,68182485920,67857493920,0
68243349920,68243349920,68243349920,67857493920,0
68304717916,68304717916,68304717916,67857493920,0
68366381917,68366381917,68366381917,68161861918,0
68427253920,68427253920,68427253920,68161861918,0
68487525920,68487525920,68487525920,68161861918,0
68548805920,68548805920,68548805920,68161861918,0
68609669920,68609669920,68609669920,68161861918,0
68670709920,68670709920,68670709920,68467413917,0
68731709920,68731709920,68731709920,68467413917,0
68792829920,68792829920,68792829920,68467413917,0
68854189918,68854189918,68854189918,68467413917,0
68915109919,68915109919,68915109919,68467413917,0
68976213920,68976213920,68976213920,68772349920,0
69037565917,69037565917,69037565917,68772349920,0
69098181920,69098181920,69098181920,68772349920,0
69159517920,69159517920,69159517920,68772349920,0
69220069920,69220069920,69220069920,68772349920,0
69281221917,69281221917,69281221917,69078029918,0
69342085920,69342085920,69342085920,69078029918,0
69402813920,69402813920,69402813920,69078029918,0
69464333920,69464333920,69464333920,69078029918,0
69524661920,69524661920,69524661920,69078029918,0
69586173918,69586173918,69586173918,69382797918,0
69646965920,69646965920,69646965920,69382797918,0
69707629917,69707629917,69707629917,69382797918,0
69768813917,69768813917,69768813917,69382797918,0
69829981920,69829981920,69829981920,69382797918,0
69891157921,69891157921,69891157921,69707629917,0
69952629920,69952629920,69952629920,69707629917,0
70013549920,70013549920,70013549920,69707629917,0
70074749920,70074749920,70074749920,69707629917,0
70135597920,70135597920,70135597920,69707629917,0
70196061920,70196061920,70196061920,70013549920,0
70257357920,70257357920,70257357920,70013549920,0
70318741916,70318741916,70318741916,70013549920,0
70380365917,70380365917,70380365917,70013549920,0
70441309920,70441309920,70441309920,70013549920,0
70502469920,70502469920,70502469920,70318741916,0
70563621921,70563621921,70563621921,70318741916,0
70624213918,70624213918,70624213918,70318741916,0
70685389920,70685389920,70685389920,70318741916,0
70746413916,70746413916,70746413916,70318741916,0
70807877920,70807877920,70807877920,70624213918,0
70868805920,70868805920,70868805920,70624213918,0
70930365920,70930365920,70930365920,70624213918,0
70991749917,70991749917,70991749917,70624213918,0
71052701920,71052701920,71052701920,70624213918,0
71113941921,71113941921,71113941921,70930365920,0
71154669917,71154669917,71154669917,70930365920,0
67634341920,67634341920,67634341920,0,0
67695533920,67695533920,67695533920,0,0
67755925918,67755925918,67755925918,0,0
67817037918,67817037918,67817037918,0,0
67877589920,67877589920,67877589920,0,0
67938645920,67938645920,67938645920,0,0
67999725920,67999725920,67999725920,0,0
68060517920,68060517920,68060517920,67857493920,0
68121229921,68121229921,68121229921,67857493920,0
68182485920,68182485920,68182485920,67857493920,0
68243349920,68243349920,68243349920,67857493920,0
68304717916,68304717916,68304717916,67857493920,0
68366381917,68366381917,68366381917,68161861918,0
68427253920,68427253920,68427253920,68161861918,0
68487525920,68487525920,68487525920,68161861918,0
68548805920,68548805920,68548805920,68161861918,0
68609669920,68609669920,68609669920,68161861918,0
68670709920,68670709920,68670709920,68467413917,0
68731709920,68731709920,68731709920,68467413917,0
68792829920,68792829920,68792829920,68467413917,0
68854189918,68854189918,68854189918,68467413917,0
68915109919,68915109919,68915109919,68467413917,0
68976213920,68976213920,68976213920,68772349920,0
69037565917,69037565917,69037565917,68772349920,0
69098181920,69098181920,69098181920,68772349920,0
69159517920,69159517920,69159517920,68772349920,0
69220069920,69220069920,69220069920,68772349920,0
69281221917,69281221917,69281221917,69078029918,0
69342085920,69342085920,69342085920,69078029918,0
69402813920,69402813920,69402813920,69078029918,0
69464333920,69464333920,69464333920,69078029918,0
69524661920,69524661920,69524661920,69078029918,0
69586173918,69586173918,69586173918,69382797918,0
69646965920,69646965920,69646965920,69382797918,0
69707629917,69707629917,69707629917,69382797918,0
69768813917,69768813917,69768813917,69382797918,0
69829981920,69829981920,69829981920,69382797918,0
69891157921,69891157921,69891157921,69707629917,0
69952629920,69952629920,69952629920,69707629917,0
70013549920,70013549920,70013549920,69707629917,0
70074749920,70074749920,70074749920,69707629917,0
70135597920,70135597920,70135597920,69707629917,0
70196061920,70196061920,70196061920,70013549920,0
70257357920,70257357920,70257357920,70013549920,0
70318741916,70318741916,70318741916,70013549920,0
70380365917,70380365917,70380365917,70013549920,0
70441309920,70441309920,70441309920,70013549920,0
70502469920,70502469920,70502469920,70318741916,0
70563621921,70563621921,70563621921,70318741916,0
70624213918,70624213918,70624213918,70318741916,0
70685389920,70685389920,70685389920,70318741916,0
70746413916,70746413916,70746413916,70318741916,0
70807877920,70807877920,70807877920,70624213918,0
70868805920,70868805920,70868805920,70624213918,0
70930365920,70930365920,70930365920,70624213918,0
70991749917,70991749917,70991749917,70624213918,0
71052701920,71052701920,71052701920,70624213918,0
71113941921,71113941921,71113941921,70930365920,0
71174685917,71174685917,71174685917,70930365920,0
67634341920,67634341920,67634341920,0,0
67695533920,67695533920,67695533920,0,0
67755925918,67755925918,67755925918,0,0
67817037918,67817037918,67817037918,0,0
67877589920,67877589920,67877589920,0,0
67938645920,67938645920,67938645920,0,0
67999725920,67999725920,67999725920,0,0
68060517920,68060517920,68060517920,67857493920,0
68121229921,68121229921,68121229921,67857493920,0
68182485920,68182485920,68182485920,67857493920,0
68243349920,68243349920,68243349920,67857493920,0
68304717916,68304717916,68304717916,67857493920,0
68366381917,68366381917,68366381917,68161861918,0
68427253920,68427253920,68427253920,68161861918,0
68487525920,68487525920,68487525920,68161861918,0
68548805920,68548805920,68548805920,68161861918,0
68609669920,68609669920,68609669920,68161861918,0
68670709920,68670709920,68670709920,68467413917,0
68731709920,68731709920,68731709920,68467413917,0
68792829920,68792829920,68792829920,68467413917,0
68854189918,68854189918,68854189918,68467413917,0
68915109919,68915109919,68915109919,68467413917,0
68976213920,68976213920,68976213920,68772349920,0
69037565917,69037565917,69037565917,68772349920,0
69098181920,69098181920,69098181920,68772349920,0
69159517920,69159517920,69159517920,68772349920,0
69220069920,69220069920,69220069920,68772349920,0
69281221917,69281221917,69281221917,69078029918,0
69342085920,69342085920,69342085920,69078029918,0
69402813920,69402813920,69402813920,69078029918,0
69464333920,69464333920,69464333920,69078029918,0
69524661920,69524661920,69524661920,69078029918,0
69586173918,69586173918,69586173918,69382797918,0
69646965920,69646965920,69646965920,69382797918,0
69707629917,69707629917,69707629917,69382797918,0
69768813917,69768813917,69768813917,69382797918,0
69829981920,69829981920,69829981920,69382797918,0
69891157921,69891157921,69891157921,69707629917,0
69952629920,69952629920,69952629920,69707629917,0
70013549920,70013549920,70013549920,69707629917,0
70074749920,70074749920,70074749920,69707629917,0
70135597920,70135597920,70135597920,69707629917,0
70196061920,70196061920,70196061920,70013549920,0
70257357920,70257357920,70257357920,70013549920,0
70318741916,70318741916,70318741916,70013549920,0
70380365917,70380365917,70380365917,70013549920,0
70441309920,70441309920,70441309920,70013549920,0
70502469920,70502469920,70502469920,70318741916,0
70563621921,70563621921,70563621921,70318741916,0
70624213918,70624213918,70624213918,70318741916,0
70685389920,70685389920,70685389920,70318741916,0
70746413916,70746413916,70746413916,70318741916,0
70807877920,70807877920,70807877920,70624213918,0
70868805920,70868805920,70868805920,70624213918,0
70930365920,70930365920,70930365920,70624213918,0
70991749917,70991749917,70991749917,70624213918,0
71052701920,71052701920,71052701920,70624213918,0
71113941921,71113941921,71113941921,70930365920,0
71174685917,71174685917,71174685917,70930365920,0
71195013917,71195013917,71195013917,70930365920,0
67634341920,67634341920,67634341920,0,0
67695533920,67695533920,67695533920,0,0
67755925918,67755925918,67755925918,0,0
67817037918,67817037918,67817037918,0,0
67877589920,67877589920,67877589920,0,0
67938645920,67938645920,67938645920,0,0
67999725920,67999725920,67999725920,0,0
68060517920,68060517920,68060517920,67857493920,0
68121229921,68121229921,68121229921,67857493920,0
68182485920,68182485920,68182485920,67857493920,0
68243349920,68243349920,68243349920,67857493920,0
68304717916,68304717916,68304717916,67857493920,0
68366381917,68366381917,68366381917,68161861918,0
68427253920,68427253920,68427253920,68161861918,0
68487525920,68487525920,68487525920,68161861918,0
68548805920,68548805920,68548805920,68161861918,0
68609669920,68609669920,68609669920,68161861918,0
68670709920,68670709920,68670709920,68467413917,0
68731709920,68731709920,68731709920,68467413917,0
68792829920,68792829920,68792829920,68467413917,0
68854189918,68854189918,68854189918,68467413917,0
68915109919,68915109919,68915109919,68467413917,0
68976213920,68976213920,68976213920,68772349920,0
69037565917,69037565917,69037565917,68772349920,0
69098181920,69098181920,69098181920,68772349920,0
69159517920,69159517920,69159517920,68772349920,0
69220069920,69220069920,69220069920,68772349920,0
69281221917,69281221917,69281221917,69078029918,0
69342085920,69342085920,69342085920,69078029918,0
69402813920,69402813920,69402813920,69078029918,0
69464333920,69464333920,69464333920,69078029918,0
69524661920,69524661920,69524661920,69078029918,0
69586173918,69586173918,69586173918,69382797918,0
69646965920,69646965920,69646965920,69382797918,0
69707629917,69707629917,69707629917,69382797918,0
69768813917,69768813917,69768813917,69382797918,0
69829981920,69829981920,69829981920,69382797918,0
69891157921,69891157921,69891157921,69707629917,0
69952629920,69952629920,69952629920,69707629917,0
70013549920,70013549920,70013549920,69707629917,0
70074749920,70074749920,70074749920,69707629917,0
70135597920,70135597920,70135597920,69707629917,0
70196061920,70196061920,70196061920,70013549920,0
70257357920,70257357920,70257357920,70013549920,0
70318741916,70318741916,70318741916,70013549920,0
70380365917,70380365917,70380365917,70013549920,0
70441309920,70441309920,70441309920,70013549920,0
70502469920,70502469920,70502469920,70318741916,0
70563621921,70563621921,70563621921,70318741916,0
70624213918,70624213918,70624213918,70318741916,0
70685389920,70685389920,70685389920,70318741916,0
70746413916,70746413916,70746413916,70318741916,0
70807877920,70807877920,70807877920,70624213918,0
70868805920,70868805920,70868805920,70624213918,0
70930365920,70930365920,70930365920,70624213918,0
70991749917,70991749917,70991749917,70624213918,0
71052701920,71052701920,71052701920,70624213918,0
71113941921,71113941921,71113941921,70930365920,0
71174685917,71174685917,71174685917,70930365920,0
71215685920,71215685920,71215685920,70930365920,0
67695533920,67695533920,67695533920,0,0
67755925918,67755925918,67755925918,0,0
67817037918,67817037918,67817037918,0,0
67877589920,67877589920,67877589920,0,0
67938645920,67938645920,67938645920,0,0
67999725920,67999725920,67999725920,0,0
68060517920,68060517920,68060517920,67857493920,0
68121229921,68121229921,68121229921,67857493920,0
68182485920,68182485920,68182485920,67857493920,0
68243349920,68243349920,68243349920,67857493920,0
68304717916,68304717916,68304717916,67857493920,0
68366381917,68366381917,68366381917,68161861918,0
68427253920,68427253920,68427253920,68161861918,0
68487525920,68487525920,68487525920,68161861918,0
68548805920,68548805920,68548805920,68161861918,0
68609669920,68609669920,68609669920,68161861918,0
68670709920,68670709920,68670709920,68467413917,0
68731709920,68731709920,68731709920,68467413917,0
68792829920,68792829920,68792829920,68467413917,0
68854189918,68854189918,68854189918,68467413917,0
68915109919,68915109919,68915109919,68467413917,0
68976213920,68976213920,68976213920,68772349920,0
69037565917,69037565917,69037565917,68772349920,0
69098181920,69098181920,69098181920,68772349920,0
69159517920,69159517920,69159517920,68772349920,0
69220069920,69220069920,69220069920,68772349920,0
69281221917,69281221917,69281221917,69078029918,0
69342085920,69342085920,69342085920,69078029918,0
69402813920,69402813920,69402813920,69078029918,0
69464333920,69464333920,69464333920,69078029918,0
69524661920,69524661920,69524661920,69078029918,0
69586173918,69586173918,69586173918,69382797918,0
69646965920,69646965920,69646965920,69382797918,0
69707629917,69707629917,69707629917,69382797918,0
69768813917,69768813917,69768813917,69382797918,0
69829981920,69829981920,69829981920,69382797918,0
69891157921,69891157921,69891157921,69707629917,0
69952629920,69952629920,69952629920,69707629917,0
70013549920,70013549920,70013549920,69707629917,0
70074749920,70074749920,70074749920,69707629917,0
70135597920,70135597920,70135597920,69707629917,0
70196061920,70196061920,70196061920,70013549920,0
70257357920,70257357920,70257357920,70013549920,0
70318741916,70318741916,70318741916,70013549920,0
70380365917,70380365917,70380365917,70013549920,0
70441309920,70441309920,70441309920,70013549920,0
70502469920,70502469920,70502469920,70318741916,0
70563621921,70563621921,70563621921,70318741916,0
70624213918,70624213918,70624213918,70318741916,0
70685389920,70685389920,70685389920,70318741916,0
70746413916,70746413916,70746413916,70318741916,0
70807877920,70807877920,70807877920,70624213918,0
70868805920,70868805920,70868805920,70624213918,0
70930365920,70930365920,70930365920,70624213918,0
70991749917,70991749917,70991749917,70624213918,0
71052701920,71052701920,71052701920,70624213918,0
71113941921,71113941921,71113941921,70930365920,0
71174685917,71174685917,71174685917,70930365920,0
71235725920,71235725920,71235725920,70930365920,0
67695533920,67695533920,67695533920,0,0
67755925918,67755925918,67755925918,0,0
67817037918,67817037918,67817037918,0,0
67877589920,67877589920,67877589920,0,0
67938645920,67938645920,67938645920,0,0
67999725920,67999725920,67999725920,0,0
68060517920,68060517920,68060517920,67857493920,0
68121229921,68121229921,68121229921,67857493920,0
68182485920,68182485920,68182485920,67857493920,0
68243349920,68243349920,68243349920,67857493920,0
68304717916,68304717916,68304717916,67857493920,0
68366381917,68366381917,68366381917,68161861918,0
68427253920,68427253920,68427253920,68161861918,0
68487525920,68487525920,68487525920,68161861918,0
68548805920,68548805920,68548805920,68161861918,0
68609669920,68609669920,68609669920,68161861918,0
68670709920,68670709920,68670709920,68467413917,0
68731709920,68731709920,68731709920,68467413917,0
68792829920,68792829920,68792829920,68467413917,0
68854189918,68854189918,68854189918,68467413917,0
68915109919,68915109919,68915109919,68467413917,0
68976213920,68976213920,68976213920,68772349920,0
69037565917,69037565917,69037565917,68772349920,0
69098181920,69098181920,69098181920,68772349920,0
69159517920,69159517920,69159517920,68772349920,0
69220069920,69220069920,69220069920,68772349920,0
69281221917,69281221917,69281221917,69078029918,0
69342085920,69342085920,69342085920,69078029918,0
69402813920,69402813920,69402813920,69078029918,0
69464333920,69464333920,69464333920,69078029918,0
69524661920,69524661920,69524661920,69078029918,0
69586173918,69586173918,69586173918,69382797918,0
69646965920,69646965920,69646965920,69382797918,0
69707629917,69707629917,69707629917,69382797918,0
69768813917,69768813917,69768813917,69382797918,0
69829981920,69829981920,69829981920,69382797918,0
69891157921,69891157921,69891157921,69707629917,0
69952629920,69952629920,69952629920,69707629917,0
70013549920,70013549920,70013549920,69707629917,0
70074749920,70074749920,70074749920,69707629917,0
70135597920,70135597920,70135597920,69707629917,0
70196061920,70196061920,70196061920,70013549920,0
70257357920,70257357920,70257357920,70013549920,0
70318741916,70318741916,70318741916,70013549920,0
70380365917,70380365917,70380365917,70013549920,0
70441309920,70441309920,70441309920,70013549920,0
70502469920,70502469920,70502469920,70318741916,0
70563621921,70563621921,70563621921,70318741916,0
70624213918,70624213918,70624213918,70318741916,0
70685389920,70685389920,70685389920,70318741916,0
70746413916,70746413916,70746413916,70318741916,0
70807877920,70807877920,70807877920,70624213918,0
70868805920,70868805920,70868805920,70624213918,0
70930365920,70930365920,70930365920,70624213918,0
70991749917,70991749917,70991749917,70624213918,0
71052701920,71052701920,71052701920,70624213918,0
71113941921,71113941921,71113941921,70930365920,0
71174685917,71174685917,71174685917,70930365920,0
71235725920,71235725920,71235725920,70930365920,0
71256061917,71256061917,71256061917,70930365920,0
67695533920,67695533920,67695533920,0,0
67755925918,67755925918,67755925918,0,0
67817037918,67817037918,67817037918,0,0
67877589920,67877589920,67877589920,0,0
67938645920,67938645920,67938645920,0,0
67999725920,67999725920,67999725920,0,0
68060517920,68060517920,68060517920,67857493920,0
68121229921,68121229921,68121229921,67857493920,0
68182485920,68182485920,68182485920,67857493920,0
68243349920,68243349920,68243349920,67857493920,0
68304717916,68304717916,68304717916,67857493920,0
68366381917,68366381917,68366381917,68161861918,0
68427253920,68427253920,68427253920,68161861918,0
68487525920,68487525920,68487525920,68161861918,0
68548805920,68548805920,68548805920,68161861918,0
68609669920,68609669920,68609669920,68161861918,0
68670709920,68670709920,68670709920,68467413917,0
68731709920,68731709920,68731709920,68467413917,0
68792829920,68792829920,68792829920,68467413917,0
68854189918,68854189918,68854189918,68467413917,0
68915109919,68915109919,68915109919,68467413917,0
68976213920,68976213920,68976213920,68772349920,0
69037565917,69037565917,69037565917,68772349920,0
69098181920,69098181920,69098181920,68772349920,0
69159517920,69159517920,69159517920,68772349920,0
69220069920,69220069920,69220069920,68772349920,0
69281221917,69281221917,69281221917,69078029918,0
69342085920,69342085920,69342085920,69078029918,0
69402813920,69402813920,69402813920,69078029918,0
69464333920,69464333920,69464333920,69078029918,0
69524661920,69524661920,69524661920,69078029918,0
69586173918,69586173918,69586173918,69382797918,0
69646965920,69646965920,69646965920,69382797918,0
69707629917,69707629917,69707629917,69382797918,0
69768813917,69768813917,69768813917,69382797918,0
69829981920,69829981920,69829981920,69382797918,0
69891157921,69891157921,69891157921,69707629917,0
69952629920,69952629920,69952629920,69707629917,0
70013549920,70013549920,70013549920,69707629917,0
70074749920,70074749920,70074749920,69707629917,0
70135597920,70135597920,70135597920,69707629917,0
70196061920,70196061920,70196061920,70013549920,0
70257357920,70257357920,70257357920,70013549920,0
70318741916,70318741916,70318741916,70013549920,0
70380365917,70380365917,70380365917,70013549920,0
70441309920,70441309920,70441309920,70013549920,0
70502469920,70502469920,70502469920,70318741916,0
70563621921,70563621921,70563621921,70318741916,0
70624213918,70624213918,70624213918,70318741916,0
70685389920,70685389920,70685389920,70318741916,0
70746413916,70746413916,70746413916,70318741916,0
70807877920,70807877920,70807877920,70624213918,0
70868805920,70868805920,70868805920,70624213918,0
70930365920,70930365920,70930365920,70624213918,0
70991749917,70991749917,70991749917,70624213918,0
71052701920,71052701920,71052701920,70624213918,0
71113941921,71113941921,71113941921,70930365920,0
71174685917,71174685917,71174685917,70930365920,0
71235725920,71235725920,71235725920,70930365920,0
71276237920,71276237920,71276237920,70930365920,0
67755925918,67755925918,67755925918,0,0
67817037918,67817037918,67817037918,0,0
67877589920,67877589920,67877589920,0,0
67938645920,67938645920,67938645920,0,0
67999725920,67999725920,67999725920,0,0
68060517920,68060517920,68060517920,67857493920,0
68121229921,68121229921,68121229921,67857493920,0
68182485920,68182485920,68182485920,67857493920,0
68243349920,68243349920,68243349920,67857493920,0
68304717916,68304717916,68304717916,67857493920,0
68366381917,68366381917,68366381917,68161861918,0
68427253920,68427253920,68427253920,68161861918,0
68487525920,68487525920,68487525920,68161861918,0
68548805920,68548805920,68548805920,68161861918,0
68609669920,68609669920,68609669920,68161861918,0
68670709920,68670709920,68670709920,68467413917,0
68731709920,68731709920,68731709920,68467413917,0
68792829920,68792829920,68792829920,68467413917,0
68854189918,68854189918,68854189918,68467413917,0
68915109919,68915109919,68915109919,68467413917,0
68976213920,68976213920,68976213920,68772349920,0
69037565917,69037565917,69037565917,68772349920,0
69098181920,69098181920,69098181920,68772349920,0
69159517920,69159517920,69159517920,68772349920,0
69220069920,69220069920,69220069920,68772349920,0
69281221917,69281221917,69281221917,69078029918,0
69342085920,69342085920,69342085920,69078029918,0
69402813920,69402813920,69402813920,69078029918,0
69464333920,69464333920,69464333920,69078029918,0
69524661920,69524661920,69524661920,69078029918,0
69586173918,69586173918,69586173918,69382797918,0
69646965920,69646965920,69646965920,69382797918,0
69707629917,69707629917,69707629917,69382797918,0
69768813917,69768813917,69768813917,69382797918,0
69829981920,69829981920,69829981920,69382797918,0
69891157921,69891157921,69891157921,69707629917,0
69952629920,69952629920,69952629920,69707629917,0
70013549920,70013549920,70013549920,69707629917,0
70074749920,70074749920,70074749920,69707629917,0
70135597920,70135597920,70135597920,69707629917,0
70196061920,70196061920,70196061920,70013549920,0
70257357920,70257357920,70257357920,70013549920,0
70318741916,70318741916,70318741916,70013549920,0
70380365917,70380365917,70380365917,70013549920,0
70441309920,70441309920,70441309920,70013549920,0
70502469920,70502469920,70502469920,70318741916,0
70563621921,70563621921,70563621921,70318741916,0
70624213918,70624213918,70624213918,70318741916,0
70685389920,70685389920,70685389920,70318741916,0
70746413916,70746413916,70746413916,70318741916,0
70807877920,70807877920,70807877920,70624213918,0
70868805920,70868805920,70868805920,70624213918,0
70930365920,70930365920,70930365920,70624213918,0
70991749917,70991749917,70991749917,70624213918,0
71052701920,71052701920,71052701920,70624213918,0
71113941921,71113941921,71113941921,70930365920,0
71174685917,71174685917,71174685917,70930365920,0
71235725920,71235725920,71235725920,70930365920,0
71296381917,71296381917,71296381917,70930365920,0
67755925918,67755925918,67755925918,0,0
67817037918,67817037918,67817037918,0,0
67877589920,67877589920,67877589920,0,0
67938645920,67938645920,67938645920,0,0
67999725920,67999725920,67999725920,0,0
68060517920,68060517920,68060517920,67857493920,0
68121229921,68121229921,68121229921,67857493920,0
68182485920,68182485920,68182485920,67857493920,0
68243349920,68243349920,68243349920,67857493920,0
68304717916,68304717916,68304717916,67857493920,0
68366381917,68366381917,68366381917,68161861918,0
68427253920,68427253920,68427253920,68161861918,0
68487525920,68487525920,68487525920,68161861918,0
68548805920,68548805920,68548805920,68161861918,0
68609669920,68609669920,68609669920,68161861918,0
68670709920,68670709920,68670709920,68467413917,0
68731709920,68731709920,68731709920,68467413917,0
68792829920,68792829920,68792829920,68467413917,0
68854189918,68854189918,68854189918,68467413917,0
68915109919,68915109919,68915109919,68467413917,0
68976213920,68976213920,68976213920,68772349920,0
69037565917,69037565917,69037565917,68772349920,0
69098181920,69098181920,69098181920,68772349920,0
69159517920,69159517920,69159517920,68772349920,0
69220069920,69220069920,69220069920,68772349920,0
69281221917,69281221917,69281221917,69078029918,0
69342085920,69342085920,69342085920,69078029918,0
69402813920,69402813920,69402813920,69078029918,0
69464333920,69464333920,69464333920,69078029918,0
69524661920,69524661920,69524661920,69078029918,0
69586173918,69586173918,69586173918,69382797918,0
69646965920,69646965920,69646965920,69382797918,0
69707629917,69707629917,69707629917,69382797918,0
69768813917,69768813917,69768813917,69382797918,0
69829981920,69829981920,69829981920,69382797918,0
69891157921,69891157921,69891157921,69707629917,0
69952629920,69952629920,69952629920,69707629917,0
70013549920,70013549920,70013549920,69707629917,0
70074749920,70074749920,70074749920,69707629917,0
70135597920,70135597920,70135597920,69707629917,0
70196061920,70196061920,70196061920,70013549920,0
70257357920,70257357920,70257357920,70013549920,0
70318741916,70318741916,70318741916,70013549920,0
70380365917,70380365917,70380365917,70013549920,0
70441309920,70441309920,70441309920,70013549920,0
70502469920,70502469920,70502469920,70318741916,0
70563621921,70563621921,70563621921,70318741916,0
70624213918,70624213918,70624213918,70318741916,0
70685389920,70685389920,70685389920,70318741916,0
70746413916,70746413916,70746413916,70318741916,0
70807877920,70807877920,70807877920,70624213918,0
70868805920,70868805920,70868805920,70624213918,0
70930365920,70930365920,70930365920,70624213918,0
70991749917,70991749917,70991749917,70624213918,0
71052701920,71052701920,71052701920,70624213918,0
71113941921,71113941921,71113941921,70930365920,0
71174685917,71174685917,71174685917,70930365920,0
71235725920,71235725920,71235725920,70930365920,0
71296381917,71296381917,71296381917,70930365920,0
71316853920,71316853920,71316853920,70930365920,0
67755925918,67755925918,67755925918,0,0
67817037918,67817037918,67817037918,0,0
67877589920,67877589920,67877589920,0,0
67938645920,67938645920,67938645920,0,0
67999725920,67999725920,67999725920,0,0
68060517920,68060517920,68060517920,67857493920,0
68121229921,68121229921,68121229921,67857493920,0
68182485920,68182485920,68182485920,67857493920,0
68243349920,68243349920,68243349920,67857493920,0
68304717916,68304717916,68304717916,67857493920,0
68366381917,68366381917,68366381917,68161861918,0
68427253920,68427253920,68427253920,68161861918,0
68487525920,68487525920,68487525920,68161861918,0
68548805920,68548805920,68548805920,68161861918,0
68609669920,68609669920,68609669920,68161861918,0
68670709920,68670709920,68670709920,68467413917,0
68731709920,68731709920,68731709920,68467413917,0
68792829920,68792829920,68792829920,68467413917,0
68854189918,68854189918,68854189918,68467413917,0
68915109919,68915109919,68915109919,68467413917,0
68976213920,68976213920,68976213920,68772349920,0
69037565917,69037565917,69037565917,68772349920,0
69098181920,69098181920,69098181920,68772349920,0
69159517920,69159517920,69159517920,68772349920,0
69220069920,69220069920,69220069920,68772349920,0
69281221917,69281221917,69281221917,69078029918,0
69342085920,69342085920,69342085920,69078029918,0
69402813920,69402813920,69402813920,69078029918,0
69464333920,69464333920,69464333920,69078029918,0
69524661920,69524661920,69524661920,69078029918,0
69586173918,69586173918,69586173918,69382797918,0
69646965920,69646965920,69646965920,69382797918,0
69707629917,69707629917,69707629917,69382797918,0
69768813917,69768813917,69768813917,69382797918,0
69829981920,69829981920,69829981920,69382797918,0
69891157921,69891157921,69891157921,69707629917,0
69952629920,69952629920,69952629920,69707629917,0
70013549920,70013549920,70013549920,69707629917,0
70074749920,70074749920,70074749920,69707629917,0
70135597920,70135597920,70135597920,69707629917,0
70196061920,70196061920,70196061920,70013549920,0
70257357920,70257357920,70257357920,70013549920,0
70318741916,70318741916,70318741916,70013549920,0
70380365917,70380365917,70380365917,70013549920,0
70441309920,70441309920,70441309920,70013549920,0
70502469920,70502469920,70502469920,70318741916,0
70563621921,70563621921,70563621921,70318741916,0
70624213918,70624213918,70624213918,70318741916,0
70685389920,70685389920,70685389920,70318741916,0
70746413916,70746413916,70746413916,70318741916,0
70807877920,70807877920,70807877920,70624213918,0
70868805920,70868805920,70868805920,70624213918,0
70930365920,70930365920,70930365920,70624213918,0
70991749917,70991749917,70991749917,70624213918,0
71052701920,71052701920,71052701920,70624213918,0
71113941921,71113941921,71113941921,70930365920,0
71174685917,71174685917,71174685917,70930365920,0
71235725920,71235725920,71235725920,70930365920,0
71296381917,71296381917,71296381917,70930365920,0
71337573917,71337573917,71337573917,70930365920,0
67817037918,67817037918,67817037918,0,0
67877589920,67877589920,67877589920,0,0
67938645920,67938645920,67938645920,0,0
67999725920,67999725920,67999725920,0,0
68060517920,68060517920,68060517920,67857493920,0
68121229921,68121229921,68121229921,67857493920,0
68182485920,68182485920,68182485920,67857493920,0
68243349920,68243349920,68243349920,67857493920,0
68304717916,68304717916,68304717916,67857493920,0
68366381917,68366381917,68366381917,68161861918,0
68427253920,68427253920,68427253920,68161861918,0
68487525920,68487525920,68487525920,68161861918,0
68548805920,68548805920,68548805920,68161861918,0
68609669920,68609669920,68609669920,68161861918,0
68670709920,68670709920,68670709920,68467413917,0
68731709920,68731709920,68731709920,68467413917,0
68792829920,68792829920,68792829920,68467413917,0
68854189918,68854189918,68854189918,68467413917,0
68915109919,68915109919,68915109919,68467413917,0
68976213920,68976213920,68976213920,68772349920,0
69037565917,69037565917,69037565917,68772349920,0
69098181920,69098181920,69098181920,68772349920,0
69159517920,69159517920,69159517920,68772349920,0
69220069920,69220069920,69220069920,68772349920,0
69281221917,69281221917,69281221917,69078029918,0
69342085920,69342085920,69342085920,69078029918,0
69402813920,69402813920,69402813920,69078029918,0
69464333920,69464333920,69464333920,69078029918,0
69524661920,69524661920,69524661920,69078029918,0
69586173918,69586173918,69586173918,69382797918,0
69646965920,69646965920,69646965920,69382797918,0
69707629917,69707629917,69707629917,69382797918,0
69768813917,69768813917,69768813917,69382797918,0
69829981920,69829981920,69829981920,69382797918,0
69891157921,69891157921,69891157921,69707629917,0
69952629920,69952629920,69952629920,69707629917,0
70013549920,70013549920,70013549920,69707629917,0
70074749920,70074749920,70074749920,69707629917,0
70135597920,70135597920,70135597920,69707629917,0
70196061920,70196061920,70196061920,70013549920,0
70257357920,70257357920,70257357920,70013549920,0
70318741916,70318741916,70318741916,70013549920,0
70380365917,70380365917,70380365917,70013549920,0
70441309920,70441309920,70441309920,70013549920,0
70502469920,70502469920,70502469920,70318741916,0
70563621921,70563621921,70563621921,70318741916,0
70624213918,70624213918,70624213918,70318741916,0
70685389920,70685389920,70685389920,70318741916,0
70746413916,70746413916,70746413916,70318741916,0
70807877920,70807877920,70807877920,70624213918,0
70868805920,70868805920,70868805920,70624213918,0
70930365920,70930365920,70930365920,70624213918,0
70991749917,70991749917,70991749917,70624213918,0
71052701920,71052701920,71052701920,70624213918,0
71113941921,71113941921,71113941921,70930365920,0
71174685917,71174685917,71174685917,70930365920,0
71235725920,71235725920,71235725920,70930365920,0
71296381917,71296381917,71296381917,70930365920,0
71358077917,71358077917,71358077917,70930365920,0
67817037918,67817037918,67817037918,0,0
67877589920,67877589920,67877589920,0,0
67938645920,67938645920,67938645920,0,0
67999725920,67999725920,67999725920,0,0
68060517920,68060517920,68060517920,67857493920,0
68121229921,68121229921,68121229921,67857493920,0
68182485920,68182485920,68182485920,67857493920,0
68243349920,68243349920,68243349920,67857493920,0
68304717916,68304717916,68304717916,67857493920,0
68366381917,68366381917,68366381917,68161861918,0
68427253920,68427253920,68427253920,68161861918,0
68487525920,68487525920,68487525920,68161861918,0
68548805920,68548805920,68548805920,68161861918,0
68609669920,68609669920,68609669920,68161861918,0
68670709920,68670709920,68670709920,68467413917,0
68731709920,68731709920,68731709920,68467413917,0
68792829920,68792829920,68792829920,68467413917,0
68854189918,68854189918,68854189918,68467413917,0
68915109919,68915109919,68915109919,68467413917,0
68976213920,68976213920,68976213920,68772349920,0
69037565917,69037565917,69037565917,68772349920,0
69098181920,69098181920,69098181920,68772349920,0
69159517920,69159517920,69159517920,68772349920,0
69220069920,69220069920,69220069920,68772349920,0
69281221917,69281221917,69281221917,69078029918,0
69342085920,69342085920,69342085920,69078029918,0
69402813920,69402813920,69402813920,69078029918,0
69464333920,69464333920,69464333920,69078029918,0
69524661920,69524661920,69524661920,69078029918,0
69586173918,69586173918,69586173918,69382797918,0
69646965920,69646965920,69646965920,69382797918,0
69707629917,69707629917,69707629917,69382797918,0
69768813917,69768813917,69768813917,69382797918,0
69829981920,69829981920,69829981920,69382797918,0
69891157921,69891157921,69891157921,69707629917,0
69952629920,69952629920,69952629920,69707629917,0
70013549920,70013549920,70013549920,69707629917,0
70074749920,70074749920,70074749920,69707629917,0
70135597920,70135597920,70135597920,69707629917,0
70196061920,70196061920,70196061920,70013549920,0
70257357920,70257357920,70257357920,70013549920,0
70318741916,70318741916,70318741916,70013549920,0
70380365917,70380365917,70380365917,70013549920,0
70441309920,70441309920,70441309920,70013549920,0
70502469920,70502469920,70502469920,70318741916,0
70563621921,70563621921,70563621921,70318741916,0
70624213918,70624213918,70624213918,70318741916,0
70685389920,70685389920,70685389920,70318741916,0
70746413916,70746413916,70746413916,70318741916,0
70807877920,70807877920,70807877920,70624213918,0
70868805920,70868805920,70868805920,70624213918,0
70930365920,70930365920,70930365920,70624213918,0
70991749917,70991749917,70991749917,70624213918,0
71052701920,71052701920,71052701920,70624213918,0
71113941921,71113941921,71113941921,70930365920,0
71174685917,71174685917,71174685917,70930365920,0
71235725920,71235725920,71235725920,70930365920,0
71296381917,71296381917,71296381917,70930365920,0
71358077917,71358077917,71358077917,70930365920,0
71378677916,71378677916,71378677916,70930365920,0
67817037918,67817037918,67817037918,0,0
67877589920,67877589920,67877589920,0,0
67938645920,67938645920,67938645920,0,0
67999725920,67999725920,67999725920,0,0
68060517920,68060517920,68060517920,67857493920,0
68121229921,68121229921,68121229921,67857493920,0
68182485920,68182485920,68182485920,67857493920,0
68243349920,68243349920,68243349920,67857493920,0
68304717916,68304717916,68304717916,67857493920,0
68366381917,68366381917,68366381917,68161861918,0
68427253920,68427253920,68427253920,68161861918,0
68487525920,68487525920,68487525920,68161861918,0
68548805920,68548805920,68548805920,68161861918,0
68609669920,68609669920,68609669920,68161861918,0
68670709920,68670709920,68670709920,68467413917,0
68731709920,68731709920,68731709920,68467413917,0
68792829920,68792829920,68792829920,68467413917,0
68854189918,68854189918,68854189918,68467413917,0
68915109919,68915109919,68915109919,68467413917,0
68976213920,68976213920,68976213920,68772349920,0
69037565917,69037565917,69037565917,68772349920,0
69098181920,69098181920,69098181920,68772349920,0
69159517920,69159517920,69159517920,68772349920,0
69220069920,69220069920,69220069920,68772349920,0
69281221917,69281221917,69281221917,69078029918,0
69342085920,69342085920,69342085920,69078029918,0
69402813920,69402813920,69402813920,69078029918,0
69464333920,69464333920,69464333920,69078029918,0
69524661920,69524661920,69524661920,69078029918,0
69586173918,69586173918,69586173918,69382797918,0
69646965920,69646965920,69646965920,69382797918,0
69707629917,69707629917,69707629917,69382797918,0
69768813917,69768813917,69768813917,69382797918,0
69829981920,69829981920,69829981920,69382797918,0
69891157921,69891157921,69891157921,69707629917,0
69952629920,69952629920,69952629920,69707629917,0
70013549920,70013549920,70013549920,69707629917,0
70074749920,70074749920,70074749920,69707629917,0
70135597920,70135597920,70135597920,69707629917,0
70196061920,70196061920,70196061920,70013549920,0
70257357920,70257357920,70257357920,70013549920,0
70318741916,70318741916,70318741916,70013549920,0
70380365917,70380365917,70380365917,70013549920,0
70441309920,70441309920,70441309920,70013549920,0
70502469920,70502469920,70502469920,70318741916,0
70563621921,70563621921,70563621921,70318741916,0
70624213918,70624213918,70624213918,70318741916,0
70685389920,70685389920,70685389920,70318741916,0
70746413916,70746413916,70746413916,70318741916,0
70807877920,70807877920,70807877920,70624213918,0
70868805920,70868805920,70868805920,70624213918,0
70930365920,70930365920,70930365920,70624213918,0
70991749917,70991749917,70991749917,70624213918,0
71052701920,71052701920,71052701920,70624213918,0
71113941921,71113941921,71113941921,70930365920,0
71174685917,71174685917,71174685917,70930365920,0
71235725920,71235725920,71235725920,70930365920,0
71296381917,71296381917,71296381917,70930365920,0
71358077917,71358077917,71358077917,70930365920,0
71399373917,71399373917,71399373917,70930365920,0
67877589920,67877589920,67877589920,0,0
67938645920,67938645920,67938645920,0,0
67999725920,67999725920,67999725920,0,0
68060517920,68060517920,68060517920,67857493920,0
68121229921,68121229921,68121229921,67857493920,0
68182485920,68182485920,68182485920,67857493920,0
68243349920,68243349920,68243349920,67857493920,0
68304717916,68304717916,68304717916,67857493920,0
68366381917,68366381917,68366381917,68161861918,0
68427253920,68427253920,68427253920,68161861918,0
68487525920,68487525920,68487525920,68161861918,0
68548805920,68548805920,68548805920,68161861918,0
68609669920,68609669920,68609669920,68161861918,0
68670709920,68670709920,68670709920,68467413917,0
68731709920,68731709920,68731709920,68467413917,0
68792829920,68792829920,68792829920,68467413917,0
68854189918,68854189918,68854189918,68467413917,0
68915109919,68915109919,68915109919,68467413917,0
68976213920,68976213920,68976213920,68772349920,0
69037565917,69037565917,69037565917,68772349920,0
69098181920,69098181920,69098181920,68772349920,0
69159517920,69159517920,69159517920,68772349920,0
69220069920,69220069920,69220069920,68772349920,0
69281221917,69281221917,69281221917,69078029918,0
69342085920,69342085920,69342085920,69078029918,0
69402813920,69402813920,69402813920,69078029918,0
69464333920,69464333920,69464333920,69078029918,0
69524661920,69524661920,69524661920,69078029918,0
69586173918,69586173918,69586173918,69382797918,0
69646965920,69646965920,69646965920,69382797918,0
69707629917,69707629917,69707629917,69382797918,0
69768813917,69768813917,69768813917,69382797918,0
69829981920,69829981920,69829981920,69382797918,0
69891157921,69891157921,69891157921,69707629917,0
69952629920,69952629920,69952629920,69707629917,0
70013549920,70013549920,70013549920,69707629917,0
70074749920,70074749920,70074749920,69707629917,0
70135597920,70135597920,70135597920,69707629917,0
70196061920,70196061920,70196061920,70013549920,0
70257357920,70257357920,70257357920,70013549920,0
70318741916,70318741916,70318741916,70013549920,0
70380365917,70380365917,70380365917,70013549920,0
70441309920,70441309920,70441309920,70013549920,0
70502469920,70502469920,70502469920,70318741916,0
70563621921,70563621921,70563621921,70318741916,0
70624213918,70624213918,70624213918,70318741916,0
70685389920,70685389920,70685389920,70318741916,0
70746413916,70746413916,70746413916,70318741916,0
70807877920,70807877920,70807877920,70624213918,0
70868805920,70868805920,70868805920,70624213918,0
70930365920,70930365920,70930365920,70624213918,0
70991749917,70991749917,70991749917,70624213918,0
71052701920,71052701920,71052701920,70624213918,0
71113941921,71113941921,71113941921,70930365920,0
71174685917,71174685917,71174685917,70930365920,0
71235725920,71235725920,71235725920,70930365920,0
71296381917,71296381917,71296381917,70930365920,0
71358077917,71358077917,71358077917,70930365920,0
71419621920,71419621920,71419621920,71235725920,0
67877589920,67877589920,67877589920,0,0
67938645920,67938645920,67938645920,0,0
67999725920,67999725920,67999725920,0,0
68060517920,68060517920,68060517920,67857493920,0
68121229921,68121229921,68121229921,67857493920,0
68182485920,68182485920,68182485920,67857493920,0
68243349920,68243349920,68243349920,67857493920,0
68304717916,68304717916,68304717916,67857493920,0
68366381917,68366381917,68366381917,68161861918,0
68427253920,68427253920,68427253920,68161861918,0
68487525920,68487525920,68487525920,68161861918,0
68548805920,68548805920,68548805920,68161861918,0
68609669920,68609669920,68609669920,68161861918,0
68670709920,68670709920,68670709920,68467413917,0
68731709920,68731709920,68731709920,68467413917,0
68792829920,68792829920,68792829920,68467413917,0
68854189918,68854189918,68854189918,68467413917,0
68915109919,68915109919,68915109919,68467413917,0
68976213920,68976213920,68976213920,68772349920,0
69037565917,69037565917,69037565917,68772349920,0
69098181920,69098181920,69098181920,68772349920,0
69159517920,69159517920,69159517920,68772349920,0
69220069920,69220069920,69220069920,68772349920,0
69281221917,69281221917,69281221917,69078029918,0
69342085920,69342085920,69342085920,69078029918,0
69402813920,69402813920,69402813920,69078029918,0
69464333920,69464333920,69464333920,69078029918,0
69524661920,69524661920,69524661920,69078029918,0
69586173918,69586173918,69586173918,69382797918,0
69646965920,69646965920,69646965920,69382797918,0
69707629917,69707629917,69707629917,69382797918,0
69768813917,69768813917,69768813917,69382797918,0
69829981920,69829981920,69829981920,69382797918,0
69891157921,69891157921,69891157921,69707629917,0
69952629920,69952629920,69952629920,69707629917,0
70013549920,70013549920,70013549920,69707629917,0
70074749920,70074749920,70074749920,69707629917,0
70135597920,70135597920,70135597920,69707629917,0
70196061920,70196061920,70196061920,70013549920,0
70257357920,70257357920,70257357920,70013549920,0
70318741916,70318741916,70318741916,70013549920,0
70380365917,70380365917,70380365917,70013549920,0
70441309920,70441309920,70441309920,70013549920,0
70502469920,70502469920,70502469920,70318741916,0
70563621921,70563621921,70563621921,70318741916,0
70624213918,70624213918,70624213918,70318741916,0
70685389920,70685389920,70685389920,70318741916,0
70746413916,70746413916,70746413916,70318741916,0
70807877920,70807877920,70807877920,70624213918,0
70868805920,70868805920,70868805920,70624213918,0
70930365920,70930365920,70930365920,70624213918,0
70991749917,70991749917,70991749917,70624213918,0
71052701920,71052701920,71052701920,70624213918,0
71113941921,71113941921,71113941921,70930365920,0
71174685917,71174685917,71174685917,70930365920,0
71235725920,71235725920,71235725920,70930365920,0
71296381917,71296381917,71296381917,70930365920,0
71358077917,71358077917,71358077917,70930365920,0
71419621920,71419621920,71419621920,71235725920,0
71439997921,71439997921,71439997921,71235725920,0
67877589920,67877589920,67877589920,0,0
67938645920,67938645920,67938645920,0,0
67999725920,67999725920,67999725920,0,0
68060517920,68060517920,68060517920,67857493920,0
68121229921,68121229921,68121229921,67857493920,0
68182485920,68182485920,68182485920,67857493920,0
68243349920,68243349920,68243349920,67857493920,0
68304717916,68304717916,68304717916,67857493920,0
68366381917,68366381917,68366381917,68161861918,0
68427253920,68427253920,68427253920,68161861918,0
68487525920,68487525920,68487525920,68161861918,0
68548805920,68548805920,68548805920,68161861918,0
68609669920,68609669920,68609669920,68161861918,0
68670709920,68670709920,68670709920,68467413917,0
68731709920,68731709920,68731709920,68467413917,0
68792829920,68792829920,68792829920,68467413917,0
68854189918,68854189918,68854189918,68467413917,0
68915109919,68915109919,68915109919,68467413917,0
68976213920,68976213920,68976213920,68772349920,0
69037565917,69037565917,69037565917,68772349920,0
69098181920,69098181920,69098181920,68772349920,0
69159517920,69159517920,69159517920,68772349920,0
69220069920,69220069920,69220069920,68772349920,0
69281221917,69281221917,69281221917,69078029918,0
69342085920,69342085920,69342085920,69078029918,0
69402813920,69402813920,69402813920,69078029918,0
69464333920,69464333920,69464333920,69078029918,0
69524661920,69524661920,69524661920,69078029918,0
69586173918,69586173918,69586173918,69382797918,0
69646965920,69646965920,69646965920,69382797918,0
69707629917,69707629917,69707629917,69382797918,0
69768813917,69768813917,69768813917,69382797918,0
69829981920,69829981920,69829981920,69382797918,0
69891157921,69891157921,69891157921,69707629917,0
69952629920,69952629920,69952629920,69707629917,0
70013549920,70013549920,70013549920,69707629917,0
70074749920,70074749920,70074749920,69707629917,0
70135597920,70135597920,70135597920,69707629917,0
70196061920,70196061920,70196061920,70013549920,0
70257357920,70257357920,70257357920,70013549920,0
70318741916,70318741916,70318741916,70013549920,0
70380365917,70380365917,70380365917,70013549920,0
70441309920,70441309920,70441309920,70013549920,0
70502469920,70502469920,70502469920,70318741916,0
70563621921,70563621921,70563621921,70318741916,0
70624213918,70624213918,70624213918,70318741916,0
70685389920,70685389920,70685389920,70318741916,0
70746413916,70746413916,70746413916,70318741916,0
70807877920,70807877920,70807877920,70624213918,0
70868805920,70868805920,70868805920,70624213918,0
70930365920,70930365920,70930365920,70624213918,0
70991749917,70991749917,70991749917,70624213918,0
71052701920,71052701920,71052701920,70624213918,0
71113941921,71113941921,71113941921,70930365920,0
71174685917,71174685917,71174685917,70930365920,0
71235725920,71235725920,71235725920,70930365920,0
71296381917,71296381917,71296381917,70930365920,0
71358077917,71358077917,71358077917,70930365920,0
71419621920,71419621920,71419621920,71235725920,0
71460277917,71460277917,71460277917,71235725920,0
67938645920,67938645920,67938645920,0,0
67999725920,67999725920,67999725920,0,0
68060517920,68060517920,68060517920,67857493920,0
68121229921,68121229921,68121229921,67857493920,0
68182485920,68182485920,68182485920,67857493920,0
68243349920,68243349920,68243349920,67857493920,0
68304717916,68304717916,68304717916,67857493920,0
68366381917,68366381917,68366381917,68161861918,0
68427253920,68427253920,68427253920,68161861918,0
68487525920,68487525920,68487525920,68161861918,0
68548805920,68548805920,68548805920,68161861918,0
68609669920,68609669920,68609669920,68161861918,0
68670709920,68670709920,68670709920,68467413917,0
68731709920,68731709920,68731709920,68467413917,0
68792829920,68792829920,68792829920,68467413917,0
68854189918,68854189918,68854189918,68467413917,0
68915109919,68915109919,68915109919,68467413917,0
68976213920,68976213920,68976213920,68772349920,0
69037565917,69037565917,69037565917,68772349920,0
69098181920,69098181920,69098181920,68772349920,0
69159517920,69159517920,69159517920,68772349920,0
69220069920,69220069920,69220069920,68772349920,0
69281221917,69281221917,69281221917,69078029918,0
69342085920,69342085920,69342085920,69078029918,0
69402813920,69402813920,69402813920,69078029918,0
69464333920,69464333920,69464333920,69078029918,0
69524661920,69524661920,69524661920,69078029918,0
69586173918,69586173918,69586173918,69382797918,0
69646965920,69646965920,69646965920,69382797918,0
69707629917,69707629917,69707629917,69382797918,0
69768813917,69768813917,69768813917,69382797918,0
69829981920,69829981920,69829981920,69382797918,0
69891157921,69891157921,69891157921,69707629917,0
69952629920,69952629920,69952629920,69707629917,0
70013549920,70013549920,70013549920,69707629917,0
70074749920,70074749920,70074749920,69707629917,0
70135597920,70135597920,70135597920,69707629917,0
70196061920,70196061920,70196061920,70013549920,0
70257357920,70257357920,70257357920,70013549920,0
70318741916,70318741916,70318741916,70013549920,0
70380365917,70380365917,70380365917,70013549920,0
70441309920,70441309920,70441309920,70013549920,0
70502469920,70502469920,70502469920,70318741916,0
70563621921,70563621921,70563621921,70318741916,0
70624213918,70624213918,70624213918,70318741916,0
70685389920,70685389920,70685389920,70318741916,0
70746413916,70746413916,70746413916,70318741916,0
70807877920,70807877920,70807877920,70624213918,0
70868805920,70868805920,70868805920,70624213918,0
70930365920,70930365920,70930365920,70624213918,0
70991749917,70991749917,70991749917,70624213918,0
71052701920,71052701920,71052701920,70624213918,0
71113941921,71113941921,71113941921,70930365920,0
71174685917,71174685917,71174685917,70930365920,0
71235725920,71235725920,71235725920,70930365920,0
71296381917,71296381917,71296381917,70930365920,0
71358077917,71358077917,71358077917,70930365920,0
71419621920,71419621920,71419621920,71235725920,0
71480309918,71480309918,71480309918,71235725920,0
67938645920,67938645920,67938645920,0,0
67999725920,67999725920,67999725920,0,0
68060517920,68060517920,68060517920,67857493920,0
68121229921,68121229921,68121229921,67857493920,0
68182485920,68182485920,68182485920,67857493920,0
68243349920,68243349920,68243349920,67857493920,0
68304717916,68304717916,68304717916,67857493920,0
68366381917,68366381917,68366381917,68161861918,0
68427253920,68427253920,68427253920,68161861918,0
68487525920,68487525920,68487525920,68161861918,0
68548805920,68548805920,68548805920,68161861918,0
68609669920,68609669920,68609669920,68161861918,0
68670709920,68670709920,68670709920,68467413917,0
68731709920,68731709920,68731709920,68467413917,0
68792829920,68792829920,68792829920,68467413917,0
68854189918,68854189918,68854189918,68467413917,0
68915109919,68915109919,68915109919,68467413917,0
68976213920,68976213920,68976213920,68772349920,0
69037565917,69037565917,69037565917,68772349920,0
69098181920,69098181920,69098181920,68772349920,0
69159517920,69159517920,69159517920,68772349920,0
69220069920,69220069920,69220069920,68772349920,0
69281221917,69281221917,69281221917,69078029918,0
69342085920,69342085920,69342085920,69078029918,0
69402813920,69402813920,69402813920,69078029918,0
69464333920,69464333920,69464333920,69078029918,0
69524661920,69524661920,69524661920,69078029918,0
69586173918,69586173918,69586173918,69382797918,0
69646965920,69646965920,69646965920,69382797918,0
69707629917,69707629917,69707629917,69382797918,0
69768813917,69768813917,69768813917,69382797918,0
69829981920,69829981920,69829981920,69382797918,0
69891157921,69891157921,69891157921,69707629917,0
69952629920,69952629920,69952629920,69707629917,0
70013549920,70013549920,70013549920,69707629917,0
70074749920,70074749920,70074749920,69707629917,0
70135597920,70135597920,70135597920,69707629917,0
70196061920,70196061920,70196061920,70013549920,0
70257357920,70257357920,70257357920,70013549920,0
70318741916,70318741916,70318741916,70013549920,0
70380365917,70380365917,70380365917,70013549920,0
70441309920,70441309920,70441309920,70013549920,0
70502469920,70502469920,70502469920,70318741916,0
70563621921,70563621921,70563621921,70318741916,0
70624213918,70624213918,70624213918,70318741916,0
70685389920,70685389920,70685389920,70318741916,0
70746413916,70746413916,70746413916,70318741916,0
70807877920,70807877920,70807877920,70624213918,0
70868805920,70868805920,70868805920,70624213918,0
70930365920,70930365920,70930365920,70624213918,0
70991749917,70991749917,70991749917,70624213918,0
71052701920,71052701920,71052701920,70624213918,0
71113941921,71113941921,71113941921,70930365920,0
71174685917,71174685917,71174685917,70930365920,0
71235725920,71235725920,71235725920,70930365920,0
71296381917,71296381917,71296381917,70930365920,0
71358077917,71358077917,71358077917,70930365920,0
71419621920,71419621920,71419621920,71235725920,0
71480309918,71480309918,71480309918,71235725920,0
71500813918,71500813918,71500813918,71235725920,0
67938645920,67938645920,67938645920,0,0
67999725920,67999725920,67999725920,0,0
68060517920,68060517920,68060517920,67857493920,0
68121229921,68121229921,68121229921,67857493920,0
68182485920,68182485920,68182485920,67857493920,0
68243349920,68243349920,68243349920,67857493920,0
68304717916,68304717916,68304717916,67857493920,0
68366381917,68366381917,68366381917,68161861918,0
68427253920,68427253920,68427253920,68161861918,0
68487525920,68487525920,68487525920,68161861918,0
68548805920,68548805920,68548805920,68161861918,0
68609669920,68609669920,68609669920,68161861918,0
68670709920,68670709920,68670709920,68467413917,0
68731709920,68731709920,68731709920,68467413917,0
68792829920,68792829920,68792829920,68467413917,0
68854189918,68854189918,68854189918,68467413917,0
68915109919,68915109919,68915109919,68467413917,0
68976213920,68976213920,68976213920,68772349920,0
69037565917,69037565917,69037565917,68772349920,0
69098181920,69098181920,69098181920,68772349920,0
69159517920,69159517920,69159517920,68772349920,0
69220069920,69220069920,69220069920,68772349920,0
69281221917,69281221917,69281221917,69078029918,0
69342085920,69342085920,69342085920,69078029918,0
69402813920,69402813920,69402813920,69078029918,0
69464333920,69464333920,69464333920,69078029918,0
69524661920,69524661920,69524661920,69078029918,0
69586173918,69586173918,69586173918,69382797918,0
69646965920,69646965920,69646965920,69382797918,0
69707629917,69707629917,69707629917,69382797918,0
69768813917,69768813917,69768813917,69382797918,0
69829981920,69829981920,69829981920,69382797918,0
69891157921,69891157921,69891157921,69707629917,0
69952629920,69952629920,69952629920,69707629917,0
70013549920,70013549920,70013549920,69707629917,0
70074749920,70074749920,70074749920,69707629917,0
70135597920,70135597920,70135597920,69707629917,0
70196061920,70196061920,70196061920,70013549920,0
70257357920,70257357920,70257357920,70013549920,0
70318741916,70318741916,70318741916,70013549920,0
70380365917,70380365917,70380365917,70013549920,0
70441309920,70441309920,70441309920,70013549920,0
70502469920,70502469920,70502469920,70318741916,0
70563621921,70563621921,70563621921,70318741916,0
70624213918,70624213918,70624213918,70318741916,0
70685389920,70685389920,70685389920,70318741916,0
70746413916,70746413916,70746413916,70318741916,0
70807877920,70807877920,70807877920,70624213918,0
70868805920,70868805920,70868805920,70624213918,0
70930365920,70930365920,70930365920,70624213918,0
70991749917,70991749917,70991749917,70624213918,0
71052701920,71052701920,71052701920,70624213918,0
71113941921,71113941921,71113941921,70930365920,0
71174685917,71174685917,71174685917,70930365920,0
71235725920,71235725920,71235725920,70930365920,0
71296381917,71296381917,71296381917,70930365920,0
71358077917,71358077917,71358077917,70930365920,0
71419621920,71419621920,71419621920,71235725920,0
71480309918,71480309918,71480309918,71235725920,0
71521269920,71521269920,71521269920,71235725920,0
67999725920,67999725920,67999725920,0,0
68060517920,68060517920,68060517920,67857493920,0
68121229921,68121229921,68121229921,67857493920,0
68182485920,68182485920,68182485920,67857493920,0
68243349920,68243349920,68243349920,67857493920,0
68304717916,68304717916,68304717916,67857493920,0
68366381917,68366381917,68366381917,68161861918,0
68427253920,68427253920,68427253920,68161861918,0
68487525920,68487525920,68487525920,68161861918,0
68548805920,68548805920,68548805920,68161861918,0
68609669920,68609669920,68609669920,68161861918,0
68670709920,68670709920,68670709920,68467413917,0
68731709920,68731709920,68731709920,68467413917,0
68792829920,68792829920,68792829920,68467413917,0
68854189918,68854189918,68854189918,68467413917,0
68915109919,68915109919,68915109919,68467413917,0
68976213920,68976213920,68976213920,68772349920,0
69037565917,69037565917,69037565917,68772349920,0
69098181920,69098181920,69098181920,68772349920,0
69159517920,69159517920,69159517920,68772349920,0
69220069920,69220069920,69220069920,68772349920,0
69281221917,69281221917,69281221917,69078029918,0
69342085920,69342085920,69342085920,69078029918,0
69402813920,69402813920,69402813920,69078029918,0
69464333920,69464333920,69464333920,69078029918,0
69524661920,69524661920,69524661920,69078029918,0
69586173918,69586173918,69586173918,69382797918,0
69646965920,69646965920,69646965920,69382797918,0
69707629917,69707629917,69707629917,69382797918,0
69768813917,69768813917,69768813917,69382797918,0
69829981920,69829981920,69829981920,69382797918,0
69891157921,69891157921,69891157921,69707629917,0
69952629920,69952629920,69952629920,69707629917,0
70013549920,70013549920,70013549920,69707629917,0
70074749920,70074749920,70074749920,69707629917,0
70135597920,70135597920,70135597920,69707629917,0
70196061920,70196061920,70196061920,70013549920,0
70257357920,70257357920,70257357920,70013549920,0
70318741916,70318741916,70318741916,70013549920,0
70380365917,70380365917,70380365917,70013549920,0
70441309920,70441309920,70441309920,70013549920,0
70502469920,70502469920,70502469920,70318741916,0
70563621921,70563621921,70563621921,70318741916,0
70624213918,70624213918,70624213918,70318741916,0
70685389920,70685389920,70685389920,70318741916,0
70746413916,70746413916,70746413916,70318741916,0
70807877920,70807877920,70807877920,70624213918,0
70868805920,70868805920,70868805920,70624213918,0
70930365920,70930365920,70930365920,70624213918,0
70991749917,70991749917,70991749917,70624213918,0
71052701920,71052701920,71052701920,70624213918,0
71113941921,71113941921,71113941921,70930365920,0
71174685917,71174685917,71174685917,70930365920,0
71235725920,71235725920,71235725920,70930365920,0
71296381917,71296381917,71296381917,70930365920,0
71358077917,71358077917,71358077917,70930365920,0
71419621920,71419621920,71419621920,71235725920,0
71480309918,71480309918,71480309918,71235725920,0
71541429918,71541429918,71541429918,71235725920,0
67999725920,67999725920,67999725920,0,0
68060517920,68060517920,68060517920,67857493920,0
68121229921,68121229921,68121229921,67857493920,0
68182485920,68182485920,68182485920,67857493920,0
68243349920,68243349920,68243349920,67857493920,0
68304717916,68304717916,68304717916,67857493920,0
68366381917,68366381917,68366381917,68161861918,0
68427253920,68427253920,68427253920,68161861918,0
68487525920,68487525920,68487525920,68161861918,0
68548805920,68548805920,68548805920,68161861918,0
68609669920,68609669920,68609669920,68161861918,0
68670709920,68670709920,68670709920,68467413917,0
68731709920,68731709920,68731709920,68467413917,0
68792829920,68792829920,68792829920,68467413917,0
68854189918,68854189918,68854189918,68467413917,0
68915109919,68915109919,68915109919,68467413917,0
68976213920,68976213920,68976213920,68772349920,0
69037565917,69037565917,69037565917,68772349920,0
69098181920,69098181920,69098181920,68772349920,0
69159517920,69159517920,69159517920,68772349920,0
69220069920,69220069920,69220069920,68772349920,0
69281221917,69281221917,69281221917,69078029918,0
69342085920,69342085920,69342085920,69078029918,0
69402813920,69402813920,69402813920,69078029918,0
69464333920,69464333920,69464333920,69078029918,0
69524661920,69524661920,69524661920,69078029918,0
69586173918,69586173918,69586173918,69382797918,0
69646965920,69646965920,69646965920,69382797918,0
69707629917,69707629917,69707629917,69382797918,0
69768813917,69768813917,69768813917,69382797918,0
69829981920,69829981920,69829981920,69382797918,0
69891157921,69891157921,69891157921,69707629917,0
69952629920,69952629920,69952629920,69707629917,0
70013549920,70013549920,70013549920,69707629917,0
70074749920,70074749920,70074749920,69707629917,0
70135597920,70135597920,70135597920,69707629917,0
70196061920,70196061920,70196061920,70013549920,0
70257357920,70257357920,70257357920,70013549920,0
70318741916,70318741916,70318741916,70013549920,0
70380365917,70380365917,70380365917,70013549920,0
70441309920,70441309920,70441309920,70013549920,0
70502469920,70502469920,70502469920,70318741916,0
70563621921,70563621921,70563621921,70318741916,0
70624213918,70624213918,70624213918,70318741916,0
70685389920,70685389920,70685389920,70318741916,0
70746413916,70746413916,70746413916,70318741916,0
70807877920,70807877920,70807877920,70624213918,0
70868805920,70868805920,70868805920,70624213918,0
70930365920,70930365920,70930365920,70624213918,0
70991749917,70991749917,70991749917,70624213918,0
71052701920,71052701920,71052701920,70624213918,0
71113941921,71113941921,71113941921,70930365920,0
71174685917,71174685917,71174685917,70930365920,0
71235725920,71235725920,71235725920,70930365920,0
71296381917,71296381917,71296381917,70930365920,0
71358077917,71358077917,71358077917,70930365920,0
71419621920,71419621920,71419621920,71235725920,0
71480309918,71480309918,71480309918,71235725920,0
71541429918,71541429918,71541429918,71235725920,0
71562197917,71562197917,71562197917,71235725920,0
67999725920,67999725920,67999725920,0,0
68060517920,68060517920,68060517920,67857493920,0
68121229921,68121229921,68121229921,67857493920,0
68182485920,68182485920,68182485920,67857493920,0
68243349920,68243349920,68243349920,67857493920,0
68304717916,68304717916,68304717916,67857493920,0
68366381917,68366381917,68366381917,68161861918,0
68427253920,68427253920,68427253920,68161861918,0
68487525920,68487525920,68487525920,68161861918,0
68548805920,68548805920,68548805920,68161861918,0
68609669920,68609669920,68609669920,68161861918,0
68670709920,68670709920,68670709920,68467413917,0
68731709920,68731709920,68731709920,68467413917,0
68792829920,68792829920,68792829920,68467413917,0
68854189918,68854189918,68854189918,68467413917,0
68915109919,68915109919,68915109919,68467413917,0
68976213920,68976213920,68976213920,68772349920,0
69037565917,69037565917,69037565917,68772349920,0
69098181920,69098181920,69098181920,68772349920,0
69159517920,69159517920,69159517920,68772349920,0
69220069920,69220069920,69220069920,68772349920,0
69281221917,69281221917,69281221917,69078029918,0
69342085920,69342085920,69342085920,69078029918,0
69402813920,69402813920,69402813920,69078029918,0
69464333920,69464333920,69464333920,69078029918,0
69524661920,69524661920,69524661920,69078029918,0
69586173918,69586173918,69586173918,69382797918,0
69646965920,69646965920,69646965920,69382797918,0
69707629917,69707629917,69707629917,69382797918,0
69768813917,69768813917,69768813917,69382797918,0
69829981920,69829981920,69829981920,69382797918,0
69891157921,69891157921,69891157921,69707629917,0
69952629920,69952629920,69952629920,69707629917,0
70013549920,70013549920,70013549920,69707629917,0
70074749920,70074749920,70074749920,69707629917,0
70135597920,70135597920,70135597920,69707629917,0
70196061920,70196061920,70196061920,70013549920,0
70257357920,70257357920,70257357920,70013549920,0
70318741916,70318741916,70318741916,70013549920,0
70380365917,70380365917,70380365917,70013549920,0
70441309920,70441309920,70441309920,70013549920,0
70502469920,70502469920,70502469920,70318741916,0
70563621921,70563621921,70563621921,70318741916,0
70624213918,70624213918,70624213918,70318741916,0
70685389920,70685389920,70685389920,70318741916,0
70746413916,70746413916,70746413916,70318741916,0
70807877920,70807877920,70807877920,70624213918,0
70868805920,70868805920,70868805920,70624213918,0
70930365920,70930365920,70930365920,70624213918,0
70991749917,70991749917,70991749917,70624213918,0
71052701920,71052701920,71052701920,70624213918,0
71113941921,71113941921,71113941921,70930365920,0
71174685917,71174685917,71174685917,70930365920,0
71235725920,71235725920,71235725920,70930365920,0
71296381917,71296381917,71296381917,70930365920,0
71358077917,71358077917,71358077917,70930365920,0
71419621920,71419621920,71419621920,71235725920,0
71480309918,71480309918,71480309918,71235725920,0
71541429918,71541429918,71541429918,71235725920,0
71582853920,71582853920,71582853920,71235725920,0
68060517920,68060517920,68060517920,67857493920,0
68121229921,68121229921,68121229921,67857493920,0
68182485920,68182485920,68182485920,67857493920,0
68243349920,68243349920,68243349920,67857493920,0
68304717916,68304717916,68304717916,67857493920,0
68366381917,68366381917,68366381917,68161861918,0
68427253920,68427253920,68427253920,68161861918,0
68487525920,68487525920,68487525920,68161861918,0
68548805920,68548805920,68548805920,68161861918,0
68609669920,68609669920,68609669920,68161861918,0
68670709920,68670709920,68670709920,68467413917,0
68731709920,68731709920,68731709920,68467413917,0
68792829920,68792829920,68792829920,68467413917,0
68854189918,68854189918,68854189918,68467413917,0
68915109919,68915109919,68915109919,68467413917,0
68976213920,68976213920,68976213920,68772349920,0
69037565917,69037565917,69037565917,68772349920,0
69098181920,69098181920,69098181920,68772349920,0
69159517920,69159517920,69159517920,68772349920,0
69220069920,69220069920,69220069920,68772349920,0
69281221917,69281221917,69281221917,69078029918,0
69342085920,69342085920,69342085920,69078029918,0
69402813920,69402813920,69402813920,69078029918,0
69464333920,69464333920,69464333920,69078029918,0
69524661920,69524661920,69524661920,69078029918,0
69586173918,69586173918,69586173918,69382797918,0
69646965920,69646965920,69646965920,69382797918,0
69707629917,69707629917,69707629917,69382797918,0
69768813917,69768813917,69768813917,69382797918,0
69829981920,69829981920,69829981920,69382797918,0
69891157921,69891157921,69891157921,69707629917,0
69952629920,69952629920,69952629920,69707629917,0
70013549920,70013549920,70013549920,69707629917,0
70074749920,70074749920,70074749920,69707629917,0
70135597920,70135597920,70135597920,69707629917,0
70196061920,70196061920,70196061920,70013549920,0
70257357920,70257357920,70257357920,70013549920,0
70318741916,70318741916,70318741916,70013549920,0
70380365917,70380365917,70380365917,70013549920,0
70441309920,70441309920,70441309920,70013549920,0
70502469920,70502469920,70502469920,70318741916,0
70563621921,70563621921,70563621921,70318741916,0
70624213918,70624213918,70624213918,70318741916,0
70685389920,70685389920,70685389920,70318741916,0
70746413916,70746413916,70746413916,70318741916,0
70807877920,70807877920,70807877920,70624213918,0
70868805920,70868805920,70868805920,70624213918,0
70930365920,70930365920,70930365920,70624213918,0
70991749917,70991749917,70991749917,70624213918,0
71052701920,71052701920,71052701920,70624213918,0
71113941921,71113941921,71113941921,70930365920,0
71174685917,71174685917,71174685917,70930365920,0
71235725920,71235725920,71235725920,70930365920,0
71296381917,71296381917,71296381917,70930365920,0
71358077917,71358077917,71358077917,70930365920,0
71419621920,71419621920,71419621920,71235725920,0
71480309918,71480309918,71480309918,71235725920,0
71541429918,71541429918,71541429918,71235725920,0
71603365919,71603365919,71603365919,71235725920,0
68060517920,68060517920,68060517920,67857493920,0
68121229921,68121229921,68121229921,67857493920,0
68182485920,68182485920,68182485920,67857493920,0
68243349920,68243349920,68243349920,67857493920,0
68304717916,68304717916,68304717916,67857493920,0
68366381917,68366381917,68366381917,68161861918,0
68427253920,68427253920,68427253920,68161861918,0
68487525920,68487525920,68487525920,68161861918,0
68548805920,68548805920,68548805920,68161861918,0
68609669920,68609669920,68609669920,68161861918,0
68670709920,68670709920,68670709920,68467413917,0
68731709920,68731709920,68731709920,68467413917,0
68792829920,68792829920,68792829920,68467413917,0
68854189918,68854189918,68854189918,68467413917,0
68915109919,68915109919,68915109919,68467413917,0
68976213920,68976213920,68976213920,68772349920,0
69037565917,69037565917,69037565917,68772349920,0
69098181920,69098181920,69098181920,68772349920,0
69159517920,69159517920,69159517920,68772349920,0
69220069920,69220069920,69220069920,68772349920,0
69281221917,69281221917,69281221917,69078029918,0
69342085920,69342085920,69342085920,69078029918,0
69402813920,69402813920,69402813920,69078029918,0
69464333920,69464333920,69464333920,69078029918,0
69524661920,69524661920,69524661920,69078029918,0
69586173918,69586173918,69586173918,69382797918,0
69646965920,69646965920,69646965920,69382797918,0
69707629917,69707629917,69707629917,69382797918,0
69768813917,69768813917,69768813917,69382797918,0
69829981920,69829981920,69829981920,69382797918,0
69891157921,69891157921,69891157921,69707629917,0
69952629920,69952629920,69952629920,69707629917,0
70013549920,70013549920,70013549920,69707629917,0
70074749920,70074749920,70074749920,69707629917,0
70135597920,70135597920,70135597920,69707629917,0
70196061920,70196061920,70196061920,70013549920,0
70257357920,70257357920,70257357920,70013549920,0
70318741916,70318741916,70318741916,70013549920,0
70380365917,70380365917,70380365917,70013549920,0
70441309920,70441309920,70441309920,70013549920,0
70502469920,70502469920,70502469920,70318741916,0
70563621921,70563621921,70563621921,70318741916,0
70624213918,70624213918,70624213918,70318741916,0
70685389920,70685389920,70685389920,70318741916,0
70746413916,70746413916,70746413916,70318741916,0
70807877920,70807877920,70807877920,70624213918,0
70868805920,70868805920,70868805920,70624213918,0
70930365920,70930365920,70930365920,70624213918,0
70991749917,70991749917,70991749917,70624213918,0
71052701920,71052701920,71052701920,70624213918,0
71113941921,71113941921,71113941921,70930365920,0
71174685917,71174685917,71174685917,70930365920,0
71235725920,71235725920,71235725920,70930365920,0
71296381917,71296381917,71296381917,70930365920,0
71358077917,71358077917,71358077917,70930365920,0
71419621920,71419621920,71419621920,71235725920,0
71480309918,71480309918,71480309918,71235725920,0
71541429918,71541429918,71541429918,71235725920,0
71603365919,71603365919,71603365919,71235725920,0
71623957920,71623957920,71623957920,71235725920,0
68060517920,68060517920,68060517920,67857493920,0
68121229921,68121229921,68121229921,67857493920,0
68182485920,68182485920,68182485920,67857493920,0
68243349920,68243349920,68243349920,67857493920,0
68304717916,68304717916,68304717916,67857493920,0
68366381917,68366381917,68366381917,68161861918,0
68427253920,68427253920,68427253920,68161861918,0
68487525920,68487525920,68487525920,68161861918,0
68548805920,68548805920,68548805920,68161861918,0
68609669920,68609669920,68609669920,68161861918,0
68670709920,68670709920,68670709920,68467413917,0
68731709920,68731709920,68731709920,68467413917,0
68792829920,68792829920,68792829920,68467413917,0
68854189918,68854189918,68854189918,68467413917,0
68915109919,68915109919,68915109919,68467413917,0
68976213920,68976213920,68976213920,68772349920,0
69037565917,69037565917,69037565917,68772349920,0
69098181920,69098181920,69098181920,68772349920,0
69159517920,69159517920,69159517920,68772349920,0
69220069920,69220069920,69220069920,68772349920,0
69281221917,69281221917,69281221917,69078029918,0
69342085920,69342085920,69342085920,69078029918,0
69402813920,69402813920,69402813920,69078029918,0
69464333920,69464333920,69464333920,69078029918,0
69524661920,69524661920,69524661920,69078029918,0
69586173918,69586173918,69586173918,69382797918,0
69646965920,69646965920,69646965920,69382797918,0
69707629917,69707629917,69707629917,69382797918,0
69768813917,69768813917,69768813917,69382797918,0
69829981920,69829981920,69829981920,69382797918,0
69891157921,69891157921,69891157921,69707629917,0
69952629920,69952629920,69952629920,69707629917,0
70013549920,70013549920,70013549920,69707629917,0
70074749920,70074749920,70074749920,69707629917,0
70135597920,70135597920,70135597920,69707629917,0
70196061920,70196061920,70196061920,70013549920,0
70257357920,70257357920,70257357920,70013549920,0
70318741916,70318741916,70318741916,70013549920,0
70380365917,70380365917,70380365917,70013549920,0
70441309920,70441309920,70441309920,70013549920,0
70502469920,70502469920,70502469920,70318741916,0
70563621921,70563621921,70563621921,70318741916,0
70624213918,70624213918,70624213918,70318741916,0
70685389920,70685389920,70685389920,70318741916,0
70746413916,70746413916,70746413916,70318741916,0
70807877920,70807877920,70807877920,70624213918,0
70868805920,70868805920,70868805920,70624213918,0
70930365920,70930365920,70930365920,70624213918,0
70991749917,70991749917,70991749917,70624213918,0
71052701920,71052701920,71052701920,70624213918,0
71113941921,71113941921,71113941921,70930365920,0
71174685917,71174685917,71174685917,70930365920,0
71235725920,71235725920,71235725920,70930365920,0
71296381917,71296381917,71296381917,70930365920,0
71358077917,71358077917,71358077917,70930365920,0
71419621920,71419621920,71419621920,71235725920,0
71480309918,71480309918,71480309918,71235725920,0
71541429918,71541429918,71541429918,71235725920,0
71603365919,71603365919,71603365919,71235725920,0
71644589919,71644589919,71644589919,71235725920,0
68121229921,68121229921,68121229921,67857493920,0
68182485920,68182485920,68182485920,67857493920,0
68243349920,68243349920,68243349920,67857493920,0
68304717916,68304717916,68304717916,67857493920,0
68366381917,68366381917,68366381917,68161861918,0
68427253920,68427253920,68427253920,68161861918,0
68487525920,68487525920,68487525920,68161861918,0
68548805920,68548805920,68548805920,68161861918,0
68609669920,68609669920,68609669920,68161861918,0
68670709920,68670709920,68670709920,68467413917,0
68731709920,68731709920,68731709920,68467413917,0
68792829920,68792829920,68792829920,68467413917,0
68854189918,68854189918,68854189918,68467413917,0
68915109919,68915109919,68915109919,68467413917,0
68976213920,68976213920,68976213920,68772349920,0
69037565917,69037565917,69037565917,68772349920,0
69098181920,69098181920,69098181920,68772349920,0
69159517920,69159517920,69159517920,68772349920,0
69220069920,69220069920,69220069920,68772349920,0
69281221917,69281221917,69281221917,69078029918,0
69342085920,69342085920,69342085920,69078029918,0
69402813920,69402813920,69402813920,69078029918,0
69464333920,69464333920,69464333920,69078029918,0
69524661920,69524661920,69524661920,69078029918,0
69586173918,69586173918,69586173918,69382797918,0
69646965920,69646965920,69646965920,69382797918,0
69707629917,69707629917,69707629917,69382797918,0
69768813917,69768813917,69768813917,69382797918,0
69829981920,69829981920,69829981920,69382797918,0
69891157921,69891157921,69891157921,69707629917,0
69952629920,69952629920,69952629920,69707629917,0
70013549920,70013549920,70013549920,69707629917,0
70074749920,70074749920,70074749920,69707629917,0
70135597920,70135597920,70135597920,69707629917,0
70196061920,70196061920,70196061920,70013549920,0
70257357920,70257357920,70257357920,70013549920,0
70318741916,70318741916,70318741916,70013549920,0
70380365917,70380365917,70380365917,70013549920,0
70441309920,70441309920,70441309920,70013549920,0
70502469920,70502469920,70502469920,70318741916,0
70563621921,70563621921,70563621921,70318741916,0
70624213918,70624213918,70624213918,70318741916,0
70685389920,70685389920,70685389920,70318741916,0
70746413916,70746413916,70746413916,70318741916,0
70807877920,70807877920,70807877920,70624213918,0
70868805920,70868805920,70868805920,70624213918,0
70930365920,70930365920,70930365920,70624213918,0
70991749917,70991749917,70991749917,70624213918,0
71052701920,71052701920,71052701920,70624213918,0
71113941921,71113941921,71113941921,70930365920,0
71174685917,71174685917,71174685917,70930365920,0
71235725920,71235725920,71235725920,70930365920,0
71296381917,71296381917,71296381917,70930365920,0
71358077917,71358077917,71358077917,70930365920,0
71419621920,71419621920,71419621920,71235725920,0
71480309918,71480309918,71480309918,71235725920,0
71541429918,71541429918,71541429918,71235725920,0
71603365919,71603365919,71603365919,71235725920,0
71664789920,71664789920,71664789920,71235725920,0
68121229921,68121229921,68121229921,67857493920,0
68182485920,68182485920,68182485920,67857493920,0
68243349920,68243349920,68243349920,67857493920,0
68304717916,68304717916,68304717916,67857493920,0
68366381917,68366381917,68366381917,68161861918,0
68427253920,68427253920,68427253920,68161861918,0
68487525920,68487525920,68487525920,68161861918,0
68548805920,68548805920,68548805920,68161861918,0
68609669920,68609669920,68609669920,68161861918,0
68670709920,68670709920,68670709920,68467413917,0
68731709920,68731709920,68731709920,68467413917,0
68792829920,68792829920,68792829920,68467413917,0
68854189918,68854189918,68854189918,68467413917,0
68915109919,68915109919,68915109919,68467413917,0
68976213920,68976213920,68976213920,68772349920,0
69037565917,69037565917,69037565917,68772349920,0
69098181920,69098181920,69098181920,68772349920,0
69159517920,69159517920,69159517920,68772349920,0
69220069920,69220069920,69220069920,68772349920,0
69281221917,69281221917,69281221917,69078029918,0
69342085920,69342085920,69342085920,69078029918,0
69402813920,69402813920,69402813920,69078029918,0
69464333920,69464333920,69464333920,69078029918,0
69524661920,69524661920,69524661920,69078029918,0
69586173918,69586173918,69586173918,69382797918,0
69646965920,69646965920,69646965920,69382797918,0
69707629917,69707629917,69707629917,69382797918,0
69768813917,69768813917,69768813917,69382797918,0
69829981920,69829981920,69829981920,69382797918,0
69891157921,69891157921,69891157921,69707629917,0
69952629920,69952629920,69952629920,69707629917,0
70013549920,70013549920,70013549920,69707629917,0
70074749920,70074749920,70074749920,69707629917,0
70135597920,70135597920,70135597920,69707629917,0
70196061920,70196061920,70196061920,70013549920,0
70257357920,70257357920,70257357920,70013549920,0
70318741916,70318741916,70318741916,70013549920,0
70380365917,70380365917,70380365917,70013549920,0
70441309920,70441309920,70441309920,70013549920,0
70502469920,70502469920,70502469920,70318741916,0
70563621921,70563621921,70563621921,70318741916,0
70624213918,70624213918,70624213918,70318741916,0
70685389920,70685389920,70685389920,70318741916,0
70746413916,70746413916,70746413916,70318741916,0
70807877920,70807877920,70807877920,70624213918,0
70868805920,70868805920,70868805920,70624213918,0
70930365920,70930365920,70930365920,70624213918,0
70991749917,70991749917,70991749917,70624213918,0
71052701920,71052701920,71052701920,70624213918,0
71113941921,71113941921,71113941921,70930365920,0
71174685917,71174685917,71174685917,70930365920,0
71235725920,71235725920,71235725920,70930365920,0
71296381917,71296381917,71296381917,70930365920,0
71358077917,71358077917,71358077917,70930365920,0
71419621920,71419621920,71419621920,71235725920,0
71480309918,71480309918,71480309918,71235725920,0
71541429918,71541429918,71541429918,71235725920,0
71603365919,71603365919,71603365919,71235725920,0
71664789920,71664789920,71664789920,71235725920,0
71685101920,71685101920,71685101920,71235725920,0
68121229921,68121229921,68121229921,67857493920,0
68182485920,68182485920,68182485920,67857493920,0
68243349920,68243349920,68243349920,67857493920,0
68304717916,68304717916,68304717916,67857493920,0
68366381917,68366381917,68366381917,68161861918,0
68427253920,68427253920,68427253920,68161861918,0
68487525920,68487525920,68487525920,68161861918,0
68548805920,68548805920,68548805920,68161861918,0
68609669920,68609669920,68609669920,68161861918,0
68670709920,68670709920,68670709920,68467413917,0
68731709920,68731709920,68731709920,68467413917,0
68792829920,68792829920,68792829920,68467413917,0
68854189918,68854189918,68854189918,68467413917,0
68915109919,68915109919,68915109919,68467413917,0
68976213920,68976213920,68976213920,68772349920,0
69037565917,69037565917,69037565917,68772349920,0
69098181920,69098181920,69098181920,68772349920,0
69159517920,69159517920,69159517920,68772349920,0
69220069920,69220069920,69220069920,68772349920,0
69281221917,69281221917,69281221917,69078029918,0
69342085920,69342085920,69342085920,69078029918,0
69402813920,69402813920,69402813920,69078029918,0
69464333920,69464333920,69464333920,69078029918,0
69524661920,69524661920,69524661920,69078029918,0
69586173918,69586173918,69586173918,69382797918,0
69646965920,69646965920,69646965920,69382797918,0
69707629917,69707629917,69707629917,69382797918,0
69768813917,69768813917,69768813917,69382797918,0
69829981920,69829981920,69829981920,69382797918,0
69891157921,69891157921,69891157921,69707629917,0
69952629920,69952629920,69952629920,69707629917,0
70013549920,70013549920,70013549920,69707629917,0
70074749920,70074749920,70074749920,69707629917,0
70135597920,70135597920,70135597920,69707629917,0
70196061920,70196061920,70196061920,70013549920,0
70257357920,70257357920,70257357920,70013549920,0
70318741916,70318741916,70318741916,70013549920,0
70380365917,70380365917,70380365917,70013549920,0
70441309920,70441309920,70441309920,70013549920,0
70502469920,70502469920,70502469920,70318741916,0
70563621921,70563621921,70563621921,70318741916,0
70624213918,70624213918,70624213918,70318741916,0
70685389920,70685389920,70685389920,70318741916,0
70746413916,70746413916,70746413916,70318741916,0
70807877920,70807877920,70807877920,70624213918,0
70868805920,70868805920,70868805920,70624213918,0
70930365920,70930365920,70930365920,70624213918,0
70991749917,70991749917,70991749917,70624213918,0
71052701920,71052701920,71052701920,70624213918,0
71113941921,71113941921,71113941921,70930365920,0
71174685917,71174685917,71174685917,70930365920,0
71235725920,71235725920,71235725920,70930365920,0
71296381917,71296381917,71296381917,70930365920,0
71358077917,71358077917,71358077917,70930365920,0
71419621920,71419621920,71419621920,71235725920,0
71480309918,71480309918,71480309918,71235725920,0
71541429918,71541429918,71541429918,71235725920,0
71603365919,71603365919,71603365919,71235725920,0
71664789920,71664789920,71664789920,71235725920,0
71705357920,71705357920,71705357920,71235725920,0
68182485920,68182485920,68182485920,67857493920,0
68243349920,68243349920,68243349920,67857493920,0
68304717916,68304717916,68304717916,67857493920,0
68366381917,68366381917,68366381917,68161861918,0
68427253920,68427253920,68427253920,68161861918,0
68487525920,68487525920,68487525920,68161861918,0
68548805920,68548805920,68548805920,68161861918,0
68609669920,68609669920,68609669920,68161861918,0
68670709920,68670709920,68670709920,68467413917,0
68731709920,68731709920,68731709920,68467413917,0
68792829920,68792829920,68792829920,68467413917,0
68854189918,68854189918,68854189918,68467413917,0
68915109919,68915109919,68915109919,68467413917,0
68976213920,68976213920,68976213920,68772349920,0
69037565917,69037565917,69037565917,68772349920,0
69098181920,69098181920,69098181920,68772349920,0
69159517920,69159517920,69159517920,68772349920,0
69220069920,69220069920,69220069920,68772349920,0
69281221917,69281221917,69281221917,69078029918,0
69342085920,69342085920,69342085920,69078029918,0
69402813920,69402813920,69402813920,69078029918,0
69464333920,69464333920,69464333920,69078029918,0
69524661920,69524661920,69524661920,69078029918,0
69586173918,69586173918,69586173918,69382797918,0
69646965920,69646965920,69646965920,69382797918,0
69707629917,69707629917,69707629917,69382797918,0
69768813917,69768813917,69768813917,69382797918,0
69829981920,69829981920,69829981920,69382797918,0
69891157921,69891157921,69891157921,69707629917,0
69952629920,69952629920,69952629920,69707629917,0
70013549920,70013549920,70013549920,69707629917,0
70074749920,70074749920,70074749920,69707629917,0
70135597920,70135597920,70135597920,69707629917,0
70196061920,70196061920,70196061920,70013549920,0
70257357920,70257357920,70257357920,70013549920,0
70318741916,70318741916,70318741916,70013549920,0
70380365917,70380365917,70380365917,70013549920,0
70441309920,70441309920,70441309920,70013549920,0
70502469920,70502469920,70502469920,70318741916,0
70563621921,70563621921,70563621921,70318741916,0
70624213918,70624213918,70624213918,70318741916,0
70685389920,70685389920,70685389920,70318741916,0
70746413916,70746413916,70746413916,70318741916,0
70807877920,70807877920,70807877920,70624213918,0
70868805920,70868805920,70868805920,70624213918,0
70930365920,70930365920,70930365920,70624213918,0
70991749917,70991749917,70991749917,70624213918,0
71052701920,71052701920,71052701920,70624213918,0
71113941921,71113941921,71113941921,70930365920,0
71174685917,71174685917,71174685917,70930365920,0
71235725920,71235725920,71235725920,70930365920,0
71296381917,71296381917,71296381917,70930365920,0
71358077917,71358077917,71358077917,70930365920,0
71419621920,71419621920,71419621920,71235725920,0
71480309918,71480309918,71480309918,71235725920,0
71541429918,71541429918,71541429918,71235725920,0
71603365919,71603365919,71603365919,71235725920,0
71664789920,71664789920,71664789920,71235725920,0
71725877920,71725877920,71725877920,71235725920,0
68182485920,68182485920,68182485920,67857493920,0
68243349920,68243349920,68243349920,67857493920,0
68304717916,68304717916,68304717916,67857493920,0
68366381917,68366381917,68366381917,68161861918,0
68427253920,68427253920,68427253920,68161861918,0
68487525920,68487525920,68487525920,68161861918,0
68548805920,68548805920,68548805920,68161861918,0
68609669920,68609669920,68609669920,68161861918,0
68670709920,68670709920,68670709920,68467413917,0
68731709920,68731709920,68731709920,68467413917,0
68792829920,68792829920,68792829920,68467413917,0
68854189918,68854189918,68854189918,68467413917,0
68915109919,68915109919,68915109919,68467413917,0
68976213920,68976213920,68976213920,68772349920,0
69037565917,69037565917,69037565917,68772349920,0
69098181920,69098181920,69098181920,68772349920,0
69159517920,69159517920,69159517920,68772349920,0
69220069920,69220069920,69220069920,68772349920,0
69281221917,69281221917,69281221917,69078029918,0
69342085920,69342085920,69342085920,69078029918,0
69402813920,69402813920,69402813920,69078029918,0
69464333920,69464333920,69464333920,69078029918,0
69524661920,69524661920,69524661920,69078029918,0
69586173918,69586173918,69586173918,69382797918,0
69646965920,69646965920,69646965920,69382797918,0
69707629917,69707629917,69707629917,69382797918,0
69768813917,69768813917,69768813917,69382797918,0
69829981920,69829981920,69829981920,69382797918,0
69891157921,69891157921,69891157921,69707629917,0
69952629920,69952629920,69952629920,69707629917,0
70013549920,70013549920,70013549920,69707629917,0
70074749920,70074749920,70074749920,69707629917,0
70135597920,70135597920,70135597920,69707629917,0
70196061920,70196061920,70196061920,70013549920,0
70257357920,70257357920,70257357920,70013549920,0
70318741916,70318741916,70318741916,70013549920,0
70380365917,70380365917,70380365917,70013549920,0
70441309920,70441309920,70441309920,70013549920,0
70502469920,70502469920,70502469920,70318741916,0
70563621921,70563621921,70563621921,70318741916,0
70624213918,70624213918,70624213918,70318741916,0
70685389920,70685389920,70685389920,70318741916,0
70746413916,70746413916,70746413916,70318741916,0
70807877920,70807877920,70807877920,70624213918,0
70868805920,70868805920,70868805920,70624213918,0
70930365920,70930365920,70930365920,70624213918,0
70991749917,70991749917,70991749917,70624213918,0
71052701920,71052701920,71052701920,70624213918,0
71113941921,71113941921,71113941921,70930365920,0
71174685917,71174685917,71174685917,70930365920,0
71235725920,71235725920,71235725920,70930365920,0
71296381917,71296381917,71296381917,70930365920,0
71358077917,71358077917,71358077917,70930365920,0
71419621920,71419621920,71419621920,71235725920,0
71480309918,71480309918,71480309918,71235725920,0
71541429918,71541429918,71541429918,71235725920,0
71603365919,71603365919,71603365919,71235725920,0
71664789920,71664789920,71664789920,71235725920,0
71725877920,71725877920,71725877920,71235725920,0
71746437921,71746437921,71746437921,71235725920,0
68182485920,68182485920,68182485920,67857493920,0
68243349920,68243349920,68243349920,67857493920,0
68304717916,68304717916,68304717916,67857493920,0
68366381917,68366381917,68366381917,68161861918,0
68427253920,68427253920,68427253920,68161861918,0
68487525920,68487525920,68487525920,68161861918,0
68548805920,68548805920,68548805920,68161861918,0
68609669920,68609669920,68609669920,68161861918,0
68670709920,68670709920,68670709920,68467413917,0
68731709920,68731709920,68731709920,68467413917,0
68792829920,68792829920,68792829920,68467413917,0
68854189918,68854189918,68854189918,68467413917,0
68915109919,68915109919,68915109919,68467413917,0
68976213920,68976213920,68976213920,68772349920,0
69037565917,69037565917,69037565917,68772349920,0
69098181920,69098181920,69098181920,68772349920,0
69159517920,69159517920,69159517920,68772349920,0
69220069920,69220069920,69220069920,68772349920,0
69281221917,69281221917,69281221917,69078029918,0
69342085920,69342085920,69342085920,69078029918,0
69402813920,69402813920,69402813920,69078029918,0
69464333920,69464333920,69464333920,69078029918,0
69524661920,69524661920,69524661920,69078029918,0
69586173918,69586173918,69586173918,69382797918,0
69646965920,69646965920,69646965920,69382797918,0
69707629917,69707629917,69707629917,69382797918,0
69768813917,69768813917,69768813917,69382797918,0
69829981920,69829981920,69829981920,69382797918,0
69891157921,69891157921,69891157921,69707629917,0
69952629920,69952629920,69952629920,69707629917,0
70013549920,70013549920,70013549920,69707629917,0
70074749920,70074749920,70074749920,69707629917,0
70135597920,70135597920,70135597920,69707629917,0
70196061920,70196061920,70196061920,70013549920,0
70257357920,70257357920,70257357920,70013549920,0
70318741916,70318741916,70318741916,70013549920,0
70380365917,70380365917,70380365917,70013549920,0
70441309920,70441309920,70441309920,70013549920,0
70502469920,70502469920,70502469920,70318741916,0
70563621921,70563621921,70563621921,70318741916,0
70624213918,70624213918,70624213918,70318741916,0
70685389920,70685389920,70685389920,70318741916,0
70746413916,70746413916,70746413916,70318741916,0
70807877920,70807877920,70807877920,70624213918,0
70868805920,70868805920,70868805920,70624213918,0
70930365920,70930365920,70930365920,70624213918,0
70991749917,70991749917,70991749917,70624213918,0
71052701920,71052701920,71052701920,70624213918,0
71113941921,71113941921,71113941921,70930365920,0
71174685917,71174685917,71174685917,70930365920,0
71235725920,71235725920,71235725920,70930365920,0
71296381917,71296381917,71296381917,70930365920,0
71358077917,71358077917,71358077917,70930365920,0
71419621920,71419621920,71419621920,71235725920,0
71480309918,71480309918,71480309918,71235725920,0
71541429918,71541429918,71541429918,71235725920,0
71603365919,71603365919,71603365919,71235725920,0
71664789920,71664789920,71664789920,71235725920,0
71725877920,71725877920,71725877920,71235725920,0
71766645918,71766645918,71766645918,71235725920,0
