seq,source_t_us,t_us,rr_ms,hr_bpm,score,timing_shift_ms,timing_quality,timing_uncertainty_ms,timing_recovered,refined,correction_method,waveform_score,reference_rr_ms,matched_firmware_t_us,inserted_by_smoother,low_prominence_rescue,flags
57622,461510044,461516570,0.0,70.75471698113208,1.0,6.526,1.0,7.0,0,1,fixed_lag_waveform,1.0,848.0,461510044,0,0,169
57734,462406043,462409243,892.673,67.21386218693743,1.0,3.2,1.0,7.0,0,1,fixed_lag_waveform,1.0,832.0,462406043,0,0,169
57842,463270043,463275243,866.0,68.2332645125046,1.0,5.2,1.0,7.0,0,1,fixed_lag_waveform,1.0,824.0,463270043,0,0,169
57950,0,464141643,866.4,69.25207756232687,1.0,0.0,1.0,7.0,1,1,fixed_lag_waveform,1.0,824.0,0,1,0,17
58059,465038044,465010464,868.821,69.1554562790561,1.0,-27.58,1.0,7.0,0,1,fixed_lag_waveform,1.0,832.1279999999999,465038044,0,0,185
58164,465846043,465847821,837.357,69.25207756232687,1.0,1.778,1.0,7.0,0,1,fixed_lag_waveform,1.0,832.51536,465846043,0,0,185
58267,466670044,466674044,826.223,69.26806742091895,1.0,4.0,1.0,7.0,0,1,fixed_lag_waveform,1.0,826.6880000000001,466670044,0,0,169
58369,467486046,467490934,816.89,69.28406466512702,1.0,4.888,1.0,7.0,0,1,fixed_lag_waveform,1.0,826.624,467486046,0,0,169
58470,468294043,468297243,806.309,70.44911900441305,1.0,3.2,1.0,7.0,0,1,fixed_lag_waveform,1.0,821.12,468294043,0,0,169
58561,0,469027306,730.063,71.65402570229902,1.0,0.0,1.0,7.0,1,1,fixed_lag_waveform,1.0,811.0971200000001,0,1,0,17
58653,469758047,469759761,732.455,72.61961964263885,1.0,1.714,1.0,7.0,0,1,fixed_lag_waveform,1.0,806.51424,469758047,0,0,185
58746,470174043,470506424,746.663,73.4493016195571,1.0,332.381,1.0,7.0,1,1,fixed_lag_waveform,1.0,802.95136,470174043,0,0,169
58846,471302043,471304952,798.528,74.41315922307702,1.0,2.909,1.0,7.0,0,1,fixed_lag_waveform,1.0,794.5248,471302043,0,0,185
58944,0,472089679,784.727,75.13825438807406,1.0,0.0,1.0,7.0,1,1,fixed_lag_waveform,1.0,785.69888,0,1,0,17
59039,472502043,472851567,761.888,76.4597114665355,1.0,349.524,1.0,7.0,1,1,fixed_lag_waveform,1.0,783.20896,472502043,0,0,185
59135,473622043,473622043,770.476,77.87393766970028,1.0,0.0,1.0,7.0,0,1,fixed_lag_waveform,1.0,773.3526400000001,473622043,0,0,169
59224,474326043,474326233,704.19,78.75173253811583,1.0,0.19,1.0,7.0,0,1,fixed_lag_waveform,1.0,768.79232,474326043,0,0,169
59313,475046045,475044828,718.595,80.35753747005008,1.0,-1.217,1.0,7.0,0,1,fixed_lag_waveform,1.0,760.6041600000001,475046045,0,0,169
59403,475758044,475763186,718.358,80.35753747005008,1.0,5.142,1.0,7.0,0,1,fixed_lag_waveform,1.0,755.73216,475758044,0,0,169
59495,476502044,476502044,738.858,80.35753747005008,1.0,0.0,1.0,7.0,0,1,fixed_lag_waveform,1.0,750.29216,476502044,0,0,169
59590,477254043,477257695,755.651,79.40173439855172,1.0,3.652,1.0,7.0,0,1,fixed_lag_waveform,1.0,744.85216,477254043,0,0,169
59677,477950043,477953347,695.652,81.20640231275834,1.0,3.304,1.0,7.0,0,1,fixed_lag_waveform,1.0,747.7283199999999,477950043,0,0,169
59763,478638043,478638565,685.218,83.49626702106193,1.0,0.522,1.0,7.0,0,1,fixed_lag_waveform,1.0,736.9145599999999,478638043,0,0,169
59851,0,479349175,710.61,83.52381403144393,1.0,0.0,1.0,7.0,1,1,fixed_lag_waveform,1.0,730.4304,0,1,0,17
59943,480078043,480080376,731.201,83.52381403144393,1.0,2.333,1.0,7.0,0,1,fixed_lag_waveform,1.0,724.9145599999999,480078043,0,0,185
60032,480790043,480793043,712.667,83.52381403144393,1.0,3.0,1.0,7.0,0,1,fixed_lag_waveform,1.0,724.9145599999999,480790043,0,0,169
60126,481542045,481545712,752.669,83.52381403144393,1.0,3.667,1.0,7.0,0,1,fixed_lag_waveform,1.0,730.35456,481542045,0,0,169
60220,482294044,482295758,750.046,82.05678055691936,1.0,1.714,1.0,7.0,0,1,fixed_lag_waveform,1.0,724.9145599999999,482294044,0,0,169
60313,483038043,483042043,746.285,82.05678055691936,1.0,4.0,1.0,7.0,0,1,fixed_lag_waveform,1.0,729.02432,483038043,0,0,169
60404,483774044,483773870,731.827,82.05678055691936,1.0,-0.174,1.0,7.0,0,1,fixed_lag_waveform,1.0,729.02432,483774044,0,0,169
60495,484494045,484498045,724.175,82.05678055691936,1.0,4.0,1.0,7.0,0,1,fixed_lag_waveform,1.0,729.02432,484494045,0,0,169
60578,485158043,485160652,662.607,82.05678055691936,1.0,2.609,1.0,7.0,0,1,fixed_lag_waveform,1.0,729.02432,485158043,0,0,169
60661,485822043,485823608,662.956,82.05678055691936,1.0,1.565,1.0,7.0,0,1,fixed_lag_waveform,1.0,729.02432,485822043,0,0,169
60748,0,486521316,697.708,82.85290157765733,1.0,0.0,1.0,7.0,1,1,fixed_lag_waveform,1.0,729.02432,0,1,0,17
60838,0,487243782,722.466,82.85290157765733,1.0,0.0,1.0,7.0,1,1,fixed_lag_waveform,1.0,726.7760000000001,0,1,0,17
60930,487974043,487980443,736.661,82.85290157765733,1.0,6.4,1.0,7.0,0,1,fixed_lag_waveform,1.0,732.216,487974043,0,0,169
61023,488726045,488724590,744.147,82.85290157765733,1.0,-1.455,1.0,7.0,0,1,fixed_lag_waveform,1.0,732.216,488726045,0,0,169
61117,489470043,489471608,747.018,82.85290157765733,1.0,1.565,1.0,7.0,0,1,fixed_lag_waveform,1.0,737.656,489470043,0,0,169
61212,490230043,490234407,762.799,82.85290157765733,1.0,4.364,1.0,7.0,0,1,fixed_lag_waveform,1.0,743.096,490230043,0,0,169
61307,490990043,490993043,758.636,81.4485903285229,1.0,3.0,1.0,7.0,0,1,fixed_lag_waveform,1.0,743.096,490990043,0,0,169
61393,491678043,491685247,692.204,81.4485903285229,1.0,7.204,1.0,7.0,0,1,fixed_lag_waveform,1.0,752.53152,491678043,0,0,169
61485,492414043,492417347,732.1,81.4485903285229,1.0,3.304,1.0,7.0,0,1,fixed_lag_waveform,1.0,752.53152,492414043,0,0,169
61580,493174043,493175757,758.41,80.62923051493857,1.0,1.714,1.0,7.0,0,1,fixed_lag_waveform,1.0,757.97152,493174043,0,0,169
61675,493934043,493938844,763.087,80.31934973454455,1.0,4.801,1.0,7.0,0,1,fixed_lag_waveform,1.0,760.3670400000001,493934043,0,0,169
61775,494734045,494741092,802.248,79.11288089555781,1.0,7.047,1.0,7.0,0,1,fixed_lag_waveform,1.0,761.28576,494734045,0,0,169
61881,495582043,495584900,843.808,79.08931292477553,1.0,2.857,1.0,7.0,0,1,fixed_lag_waveform,1.0,770.3712,495582043,0,0,169
61989,496446043,496449000,864.1,78.65768046366081,1.0,2.957,1.0,7.0,0,1,fixed_lag_waveform,1.0,775.88352,496446043,0,0,169
62094,497286043,497288588,839.588,78.627993924677,1.0,2.545,1.0,7.0,0,1,fixed_lag_waveform,1.0,782.6556800000001,497286043,0,0,169
62197,498118046,498117872,829.284,74.78984054805994,1.0,-0.174,1.0,7.0,0,1,fixed_lag_waveform,1.0,782.74784,498118046,0,0,169
62297,498910043,498910770,792.898,74.78984054805994,1.0,0.727,1.0,7.0,0,1,fixed_lag_waveform,1.0,800.71936,498910043,0,0,169
62400,499734044,499734771,824.001,72.81544561232329,1.0,0.727,1.0,7.0,0,1,fixed_lag_waveform,1.0,800.71936,499734044,0,0,169
62498,500518045,500521349,786.578,72.81544561232329,1.0,3.304,1.0,7.0,0,1,fixed_lag_waveform,1.0,802.2403200000001,500518045,0,0,169
62599,501326043,501327498,806.149,72.81544561232329,1.0,1.455,1.0,7.0,0,1,fixed_lag_waveform,1.0,802.2403200000001,501326043,0,0,169
62701,502142043,502144123,816.625,72.81544561232329,1.0,2.08,1.0,7.0,0,1,fixed_lag_waveform,1.0,802.2403200000001,502142043,0,0,169
62808,502998043,502998770,854.647,72.81544561232329,1.0,0.727,1.0,7.0,0,1,fixed_lag_waveform,1.0,807.6803199999999,502998043,0,0,169
62913,503838043,503840304,841.534,72.81544561232329,1.0,2.261,1.0,7.0,0,1,fixed_lag_waveform,1.0,807.6803199999999,503838043,0,0,169
63016,0,504666805,826.501,72.81544561232329,1.0,0.0,1.0,7.0,1,1,fixed_lag_waveform,1.0,807.6803199999999,0,1,0,17
63116,0,505463864,797.059,73.47313638450942,1.0,0.0,1.0,7.0,1,1,fixed_lag_waveform,1.0,807.6803199999999,0,1,0,17
63206,506182043,506184225,720.361,73.47313638450942,1.0,2.182,1.0,7.0,0,1,fixed_lag_waveform,1.0,799.8800000000001,506182043,0,0,169
63292,506870043,506874043,689.818,74.42792833582874,1.0,4.0,1.0,7.0,0,1,fixed_lag_waveform,1.0,794.44,506870043,0,0,169
63376,507550046,507549646,675.603,74.42792833582874,1.0,-0.4,1.0,7.0,0,1,fixed_lag_waveform,1.0,785.64768,507550046,0,0,169
63464,508246043,508249662,700.016,75.27673610109164,1.0,3.619,1.0,7.0,0,1,fixed_lag_waveform,1.0,785.64768,508246043,0,0,169
63556,508982044,508985348,735.686,81.55653362983664,1.0,3.304,1.0,7.0,0,1,fixed_lag_waveform,1.0,782.7388800000001,508982044,0,0,169
63651,509742045,509743045,757.697,81.55653362983664,1.0,1.0,1.0,7.0,0,1,fixed_lag_waveform,1.0,757.65952,509742045,0,0,169
63747,510510043,510514043,770.998,81.55653362983664,1.0,4.0,1.0,7.0,0,1,fixed_lag_waveform,1.0,757.65952,510510043,0,0,169
63843,511286044,511284044,770.001,81.55653362983664,1.0,-2.0,1.0,7.0,0,1,fixed_lag_waveform,1.0,757.65952,511286044,0,0,169
63936,512022043,512029834,745.79,81.55653362983664,1.0,7.791,1.0,7.0,0,1,fixed_lag_waveform,1.0,757.65952,512022043,0,0,169
64025,0,512735757,705.923,81.55653362983664,1.0,0.0,1.0,7.0,1,1,fixed_lag_waveform,1.0,752.2195200000001,0,1,0,17
64109,513406043,513407757,672.0,81.55653362983664,1.0,1.714,1.0,7.0,0,1,fixed_lag_waveform,1.0,746.77952,513406043,0,0,169
64198,514118045,514122806,715.049,81.55653362983664,1.0,4.761,1.0,7.0,0,1,fixed_lag_waveform,1.0,746.77952,514118045,0,0,169
64288,514838044,514842464,719.658,81.55653362983664,1.0,4.42,1.0,7.0,0,1,fixed_lag_waveform,1.0,741.33952,514838044,0,0,169
64382,515598043,515597376,754.912,80.451601657303,1.0,-0.667,1.0,7.0,0,1,fixed_lag_waveform,1.0,741.33952,515598043,0,0,169
64481,516382043,516383861,786.485,80.451601657303,1.0,1.818,1.0,7.0,0,1,fixed_lag_waveform,1.0,744.5728,516382043,0,0,169
64580,517174043,517178806,794.945,80.451601657303,1.0,4.763,1.0,7.0,0,1,fixed_lag_waveform,1.0,744.5728,517174043,0,0,169
64681,517982045,517985712,806.906,80.451601657303,1.0,3.667,1.0,7.0,0,1,fixed_lag_waveform,1.0,750.0128,517982045,0,0,169
64776,518750043,518748225,762.513,79.47946250688821,1.0,-1.818,1.0,7.0,0,1,fixed_lag_waveform,1.0,755.4528,518750043,0,0,169
64861,519422043,519425662,677.437,79.47946250688821,1.0,3.619,1.0,7.0,0,1,fixed_lag_waveform,1.0,758.37184,519422043,0,0,169
64946,520102043,520106043,680.381,79.47946250688821,1.0,4.0,1.0,7.0,0,1,fixed_lag_waveform,1.0,763.8118400000001,520102043,0,0,169
65031,520782043,520787501,681.458,79.47946250688821,1.0,5.458,1.0,7.0,0,1,fixed_lag_waveform,1.0,763.8118400000001,520782043,0,0,169
65121,0,521506043,718.542,79.47946250688821,1.0,0.0,1.0,7.0,1,1,fixed_lag_waveform,1.0,763.8118400000001,0,1,0,17
65219,522294043,522287959,781.916,78.68718303819082,1.0,-6.084,1.0,7.0,0,1,fixed_lag_waveform,1.0,763.8118400000001,522294043,0,0,185
65320,523102045,523098741,810.782,78.68718303819082,1.0,-3.304,1.0,7.0,0,1,fixed_lag_waveform,1.0,771.68416,523102045,0,0,185
65427,523950043,523954424,855.683,78.68718303819082,1.0,4.381,1.0,7.0,0,1,fixed_lag_waveform,1.0,777.1241600000001,523950043,0,0,169
65535,524822043,524821091,866.667,78.68718303819082,1.0,-0.952,1.0,7.0,0,1,fixed_lag_waveform,1.0,782.5641600000001,524822043,0,0,169
65639,525654043,525653091,832.0,76.73458530072284,1.0,-0.952,1.0,7.0,0,1,fixed_lag_waveform,1.0,788.00416,525654043,0,0,169
65737,526438044,526436953,783.862,76.54408556608179,1.0,-1.091,1.0,7.0,0,1,fixed_lag_waveform,1.0,799.6531200000001,526438044,0,0,169
65835,527214044,527215862,778.909,76.54408556608179,1.0,1.818,1.0,7.0,0,1,fixed_lag_waveform,1.0,800.27584,527214044,0,0,169
65931,527982043,527983861,767.999,76.54408556608179,1.0,1.818,1.0,7.0,0,1,fixed_lag_waveform,1.0,805.71584,527982043,0,0,169
66031,528782044,528782444,798.583,75.13307946700594,1.0,0.4,1.0,7.0,0,1,fixed_lag_waveform,1.0,811.15584,528782044,0,0,169
66133,529606044,529604330,821.886,74.0026295601037,1.0,-1.714,1.0,7.0,0,1,fixed_lag_waveform,1.0,815.86656,529606044,0,0,169
66238,530446043,530444329,839.999,73.0028252093356,1.0,-1.714,1.0,7.0,0,1,fixed_lag_waveform,1.0,819.7702400000001,530446043,0,0,169
66348,531318043,531318843,874.514,73.0028252093356,1.0,0.8,1.0,7.0,0,1,fixed_lag_waveform,1.0,823.32352,531318043,0,0,169
66460,532214045,532215863,897.02,73.0028252093356,1.0,1.818,1.0,7.0,0,1,fixed_lag_waveform,1.0,828.76352,532214045,0,0,169
66568,533086044,533085854,869.991,73.0028252093356,1.0,-0.19,1.0,7.0,0,1,fixed_lag_waveform,1.0,823.32352,533086044,0,0,169
66677,533958043,533957472,871.618,71.42865646268626,1.0,-0.571,1.0,7.0,0,1,fixed_lag_waveform,1.0,823.32352,533958043,0,0,169
66785,534814043,534818043,860.571,69.72115025953698,1.0,4.0,1.0,7.0,0,1,fixed_lag_waveform,1.0,829.11968,534814043,0,0,169
66893,535678046,535678410,860.367,69.72115025953698,1.0,0.364,1.0,7.0,0,1,fixed_lag_waveform,1.0,830.26272,535678046,0,0,169
66996,0,536508589,830.179,69.72115025953698,1.0,0.0,1.0,7.0,1,1,fixed_lag_waveform,1.0,830.26272,0,1,0,17
67095,537294043,537298443,789.854,69.72115025953698,1.0,4.4,1.0,7.0,0,1,fixed_lag_waveform,1.0,824.8227200000001,537294043,0,0,169
67198,537862046,538120359,821.916,69.72115025953698,1.0,258.313,1.0,7.0,1,1,fixed_lag_waveform,1.0,830.26272,537862046,0,0,169
67299,0,538930805,810.446,69.7376817102469,1.0,0.0,1.0,7.0,1,1,fixed_lag_waveform,1.0,824.8227200000001,0,1,0,17
67391,539382043,539666466,735.661,72.27356991684925,1.0,284.423,1.0,7.0,1,1,fixed_lag_waveform,1.0,824.7574400000001,539382043,0,0,185
67478,540358043,540362043,695.577,73.00016060035331,1.0,4.0,1.0,7.0,0,1,fixed_lag_waveform,1.0,815.0972800000001,540358043,0,0,169
67565,541054043,541054995,692.952,74.03331005397028,1.0,0.952,1.0,7.0,0,1,fixed_lag_waveform,1.0,807.0131200000001,541054043,0,0,169
67657,541790043,541791498,736.503,75.96340589526672,1.0,1.455,1.0,7.0,0,1,fixed_lag_waveform,1.0,797.90272,541790043,0,0,169
67752,542550043,542552376,760.878,78.85626867907864,1.0,2.333,1.0,7.0,0,1,fixed_lag_waveform,1.0,791.3132800000001,542550043,0,0,169
67849,543326043,543330806,778.43,78.85626867907864,1.0,4.763,1.0,7.0,0,1,fixed_lag_waveform,1.0,782.04096,543326043,0,0,169
67948,544118043,544120304,789.498,78.85626867907864,1.0,2.261,1.0,7.0,0,1,fixed_lag_waveform,1.0,782.04096,544118043,0,0,169
68049,544934043,544933173,812.869,78.85626867907864,1.0,-0.87,1.0,7.0,0,1,fixed_lag_waveform,1.0,776.60096,544934043,0,0,169
68144,545694044,545693680,760.507,78.89473732654663,1.0,-0.364,1.0,7.0,0,1,fixed_lag_waveform,1.0,776.60096,545694044,0,0,169
68232,546390044,546393317,699.637,78.89473732654663,1.0,3.273,1.0,7.0,0,1,fixed_lag_waveform,1.0,771.04224,546390044,0,0,169
68321,547110043,547109472,716.155,78.89473732654663,1.0,-0.571,1.0,7.0,0,1,fixed_lag_waveform,1.0,771.04224,547110043,0,0,169
68411,547822043,547825710,716.238,78.89473732654663,1.0,3.667,1.0,7.0,0,1,fixed_lag_waveform,1.0,765.6022399999999,547822043,0,0,169
68503,548558046,548558916,733.206,78.89473732654663,1.0,0.87,1.0,7.0,0,1,fixed_lag_waveform,1.0,765.6022399999999,548558046,0,0,185
68602,549358045,549354045,795.129,78.89473732654663,1.0,-4.0,1.0,7.0,0,1,fixed_lag_waveform,1.0,760.1622400000001,549358045,0,0,185
68704,550174043,550172130,818.085,78.89473732654663,1.0,-1.913,1.0,7.0,0,1,fixed_lag_waveform,1.0,760.1622400000001,550174043,0,0,169
68808,550998043,550998710,826.58,78.89473732654663,1.0,0.667,1.0,7.0,0,1,fixed_lag_waveform,1.0,765.6022399999999,550998043,0,0,169
68911,551822050,551822920,824.21,78.89473732654663,1.0,0.87,1.0,7.0,0,1,fixed_lag_waveform,1.0,765.6022399999999,551822050,0,0,169
69011,552622043,552623710,800.79,75.45945374901432,1.0,1.667,1.0,7.0,0,1,fixed_lag_waveform,1.0,771.04224,552622043,0,0,169
69108,553398043,553404588,780.878,75.45945374901432,1.0,6.545,1.0,7.0,0,1,fixed_lag_waveform,1.0,782.1212800000001,553398043,0,0,169
69200,554142043,554139710,735.122,75.45945374901432,1.0,-2.333,1.0,7.0,0,1,fixed_lag_waveform,1.0,782.1212800000001,554142043,0,0,169
69287,0,554831043,691.333,75.45945374901432,1.0,0.0,1.0,7.0,1,1,fixed_lag_waveform,1.0,787.56128,0,1,0,17
69377,555254045,555556481,725.438,75.45945374901432,1.0,302.436,1.0,7.0,1,1,fixed_lag_waveform,1.0,787.56128,555254045,0,0,185
69472,556310047,556311612,755.131,76.83658650903213,1.0,1.565,1.0,7.0,0,1,fixed_lag_waveform,1.0,782.1212800000001,556310047,0,0,169
69570,557094043,557096043,784.431,76.83658650903213,1.0,2.0,1.0,7.0,0,1,fixed_lag_waveform,1.0,783.0009600000001,557094043,0,0,169
69673,557918043,557920900,824.857,76.83658650903213,1.0,2.857,1.0,7.0,0,1,fixed_lag_waveform,1.0,783.0009600000001,557918043,0,0,169
69775,558734043,558739863,818.963,76.83658650903213,1.0,5.82,1.0,7.0,0,1,fixed_lag_waveform,1.0,783.0009600000001,558734043,0,0,169
69875,559534043,559537043,797.18,76.83658650903213,1.0,3.0,1.0,7.0,0,1,fixed_lag_waveform,1.0,783.0009600000001,559534043,0,0,169
69976,0,560346043,809.0,76.4885630476103,1.0,0.0,1.0,7.0,1,1,fixed_lag_waveform,1.0,783.0009600000001,0,1,0,17
70072,560774043,561116591,770.548,76.4885630476103,1.0,342.548,1.0,7.0,1,1,fixed_lag_waveform,1.0,778.6979200000001,560774043,0,0,185
70173,561918043,561922407,805.816,75.26531021852028,1.0,4.364,1.0,7.0,0,1,fixed_lag_waveform,1.0,778.6979200000001,561918043,0,0,169
70272,0,562715498,793.091,75.26531021852028,1.0,0.0,1.0,7.0,1,1,fixed_lag_waveform,1.0,777.3376000000001,0,1,0,17
70370,563494043,563494913,779.415,75.26531021852028,1.0,0.87,1.0,7.0,0,1,fixed_lag_waveform,1.0,777.3376000000001,563494043,0,0,169
70468,564278044,564280953,786.04,75.26531021852028,1.0,2.909,1.0,7.0,0,1,fixed_lag_waveform,1.0,771.8976,564278044,0,0,169
70564,565046043,565048123,767.17,75.65336134188888,1.0,2.08,1.0,7.0,0,1,fixed_lag_waveform,1.0,777.3376000000001,565046043,0,0,169
70654,565774046,565772591,724.468,76.3319932827846,1.0,-1.455,1.0,7.0,0,1,fixed_lag_waveform,1.0,776.02912,565774046,0,0,169
70742,566470044,566473084,700.493,76.98081253247628,1.0,3.04,1.0,7.0,0,1,fixed_lag_waveform,1.0,779.2128,566470044,0,0,169
70831,567182043,567184952,711.868,77.86666112948187,1.0,2.909,1.0,7.0,0,1,fixed_lag_waveform,1.0,777.0928000000001,567182043,0,0,169
70921,567902044,567904305,719.353,78.20952331295541,1.0,2.261,1.0,7.0,0,1,fixed_lag_waveform,1.0,774.2553600000001,567902044,0,0,169
71010,568614045,568615262,710.957,82.81939298906232,1.0,1.217,1.0,7.0,0,1,fixed_lag_waveform,1.0,778.6143999999999,568614045,0,0,169
71098,569318043,569318710,703.448,83.40828494494359,1.0,0.667,1.0,7.0,0,1,fixed_lag_waveform,1.0,759.50976,569318043,0,0,169
71189,570046046,570049406,730.696,83.40828494494359,1.0,3.36,1.0,7.0,0,1,fixed_lag_waveform,1.0,757.87296,570046046,0,0,169
71284,570814045,570809347,759.941,83.40828494494359,1.0,-4.698,1.0,7.0,0,1,fixed_lag_waveform,1.0,757.87296,570814045,0,0,185
71385,571622043,571616652,807.305,83.40828494494359,1.0,-5.391,1.0,7.0,0,1,fixed_lag_waveform,1.0,752.43296,571622043,0,0,185
71487,572430043,572432376,815.724,83.40828494494359,1.0,2.333,1.0,7.0,0,1,fixed_lag_waveform,1.0,752.43296,572430043,0,0,169
71585,573222043,573220376,788.0,82.11349179412505,1.0,-1.667,1.0,7.0,0,1,fixed_lag_waveform,1.0,752.43296,573222043,0,0,169
71687,574030043,574037091,816.715,78.95349770574295,1.0,7.048,1.0,7.0,0,1,fixed_lag_waveform,1.0,750.6227200000001,574030043,0,0,169
71790,574854044,574855261,818.17,76.14213197969544,1.0,1.217,1.0,7.0,0,1,fixed_lag_waveform,1.0,759.9811200000001,574854044,0,0,169
71890,575662044,575661473,806.212,74.42211229800598,1.0,-0.571,1.0,7.0,0,1,fixed_lag_waveform,1.0,763.52,575662044,0,0,169
71989,576446044,576449044,787.571,74.42211229800598,1.0,3.0,1.0,7.0,0,1,fixed_lag_waveform,1.0,769.34784,576446044,0,0,169
72085,577214044,577219086,770.042,74.42211229800598,1.0,5.042,1.0,7.0,0,1,fixed_lag_waveform,1.0,769.34784,577214044,0,0,169
72176,0,577943862,724.776,74.42211229800598,1.0,0.0,1.0,7.0,1,1,fixed_lag_waveform,1.0,769.34784,0,1,0,17
72263,578374046,578644590,700.728,76.14213197969544,1.0,270.544,1.0,7.0,1,1,fixed_lag_waveform,1.0,774.7878400000001,578374046,0,0,185
72354,579366043,579366565,721.975,76.18360757315848,1.0,0.522,1.0,7.0,0,1,fixed_lag_waveform,1.0,768.96,579366043,0,0,169
72445,580094046,580099086,732.521,77.91782785874017,1.0,5.04,1.0,7.0,0,1,fixed_lag_waveform,1.0,768.8227200000001,580094046,0,0,169
72534,580814043,580812588,713.502,81.90891455671579,1.0,-1.455,1.0,7.0,0,1,fixed_lag_waveform,1.0,763.2134400000001,580814043,0,0,169
72623,581518044,581522044,709.456,82.7841981522567,1.0,4.0,1.0,7.0,0,1,fixed_lag_waveform,1.0,751.20672,581518044,0,0,169
72711,582222043,582225710,703.666,83.10537068458049,1.0,3.667,1.0,7.0,0,1,fixed_lag_waveform,1.0,748.72832,582222043,0,0,169
72791,582862043,582862843,637.133,84.09226603429283,1.0,0.8,1.0,7.0,0,1,fixed_lag_waveform,1.0,747.8320000000001,582862043,0,0,169
72884,583614046,583611326,748.483,84.09226603429283,1.0,-2.72,1.0,7.0,0,1,fixed_lag_waveform,1.0,745.1206400000001,583614046,0,0,169
72978,584358045,584359045,747.719,84.09226603429283,1.0,1.0,1.0,7.0,0,1,fixed_lag_waveform,1.0,739.68064,584358045,0,0,169
73074,585134043,585128522,769.477,83.10537068458049,1.0,-5.521,1.0,7.0,0,1,fixed_lag_waveform,1.0,745.1206400000001,585134043,0,0,185
73170,0,585898047,769.525,81.90891455671579,1.0,0.0,1.0,7.0,1,1,fixed_lag_waveform,1.0,747.8320000000001,0,1,0,17
73264,0,586653173,755.126,80.2440489007234,1.0,0.0,1.0,7.0,1,1,fixed_lag_waveform,1.0,751.20672,0,1,0,17
73354,587366043,587367260,714.087,80.2440489007234,1.0,1.217,1.0,7.0,0,1,fixed_lag_waveform,1.0,761.51008,587366043,0,0,169
73446,587790043,588103483,736.223,80.2440489007234,1.0,313.44,1.0,7.0,1,1,fixed_lag_waveform,1.0,761.51008,587790043,0,0,169
73538,588846045,588845885,742.402,80.2440489007234,1.0,-0.16,1.0,7.0,0,1,fixed_lag_waveform,1.0,766.9500800000001,588846045,0,0,169
73632,589598043,589597472,751.587,80.16214129111817,1.0,-0.571,1.0,7.0,0,1,fixed_lag_waveform,1.0,772.39008,589598043,0,0,169
73730,590374044,590376226,778.754,79.83107744013667,1.0,2.182,1.0,7.0,0,1,fixed_lag_waveform,1.0,778.07456,590374044,0,0,169
73828,591166045,591165175,788.949,79.45693831228166,1.0,-0.87,1.0,7.0,0,1,fixed_lag_waveform,1.0,784.50784,591166045,0,0,169
73930,591974044,591976124,810.949,79.45693831228166,1.0,2.08,1.0,7.0,0,1,fixed_lag_waveform,1.0,791.08032,591974044,0,0,169
74034,592806044,592812478,836.354,79.45693831228166,1.0,6.434,1.0,7.0,0,1,fixed_lag_waveform,1.0,796.52032,592806044,0,0,169
74137,593630043,593634391,821.913,77.04615321398028,1.0,4.348,1.0,7.0,0,1,fixed_lag_waveform,1.0,796.52032,593630043,0,0,169
74246,594510043,594508588,874.197,76.05054319100475,1.0,-1.455,1.0,7.0,0,1,fixed_lag_waveform,1.0,804.08128,594510043,0,0,169
74357,595454043,595396225,887.637,73.98739008248361,1.0,-57.818,1.0,7.0,0,1,fixed_lag_waveform,1.0,807.34368,595454043,0,0,185
74470,596294046,596296126,899.901,73.00042705249825,1.0,2.08,1.0,7.0,0,1,fixed_lag_waveform,1.0,819.82368,596294046,0,0,169
74579,597166043,597167163,871.037,71.73995700385244,1.0,1.12,1.0,7.0,0,1,fixed_lag_waveform,1.0,823.33216,597166043,0,0,169
74684,598014043,598012043,844.88,71.01600227251207,1.0,-2.0,1.0,7.0,0,1,fixed_lag_waveform,1.0,827.9532800000001,598014043,0,0,169
74789,598846043,598851710,839.667,71.01600227251207,1.0,5.667,1.0,7.0,0,1,fixed_lag_waveform,1.0,830.6816000000001,598846043,0,0,169
74893,599678046,599683434,831.724,71.01600227251207,1.0,5.388,1.0,7.0,0,1,fixed_lag_waveform,1.0,830.6816000000001,599678046,0,0,169
74992,600478044,600477244,793.81,71.01600227251207,1.0,-0.8,1.0,7.0,0,1,fixed_lag_waveform,1.0,830.6816000000001,600478044,0,0,169
75091,601262044,601265724,788.48,71.01600227251207,1.0,3.68,1.0,7.0,0,1,fixed_lag_waveform,1.0,830.6816000000001,601262044,0,0,169
75191,602062043,602062217,796.493,71.45689898495475,1.0,0.174,1.0,7.0,0,1,fixed_lag_waveform,1.0,836.1216,602062043,0,0,169
75292,602870043,602875964,813.747,72.1393154459893,1.0,5.921,1.0,7.0,0,1,fixed_lag_waveform,1.0,834.45344,602870043,0,0,169
75397,603710043,603714043,838.079,72.1393154459893,1.0,4.0,1.0,7.0,0,1,fixed_lag_waveform,1.0,831.9116799999999,603710043,0,0,169
75500,604534043,604537710,823.667,72.84497254351577,1.0,3.667,1.0,7.0,0,1,fixed_lag_waveform,1.0,831.9116799999999,604534043,0,0,169
75595,605294044,605298044,760.334,73.73299072070313,1.0,4.0,1.0,7.0,0,1,fixed_lag_waveform,1.0,829.33344,605294044,0,0,169
75692,606070043,606074363,776.319,75.33022889090049,1.0,4.32,1.0,7.0,0,1,fixed_lag_waveform,1.0,826.15904,606070043,0,0,169
75792,606870043,606870217,795.854,75.39071236684116,1.0,0.174,1.0,7.0,0,1,fixed_lag_waveform,1.0,820.6377600000001,606870043,0,0,169
75895,607694044,607695164,824.947,75.33022889090049,1.0,1.12,1.0,7.0,0,1,fixed_lag_waveform,1.0,814.99328,607694044,0,0,169
76003,608558043,608560043,864.879,73.73299072070313,1.0,2.0,1.0,7.0,0,1,fixed_lag_waveform,1.0,809.75776,608558043,0,0,169
76108,609406043,609405563,845.52,72.84497254351577,1.0,-0.48,1.0,7.0,0,1,fixed_lag_waveform,1.0,815.27904,609406043,0,0,169
76213,610238043,610241747,836.184,72.73194520375249,1.0,3.704,1.0,7.0,0,1,fixed_lag_waveform,1.0,818.45344,610238043,0,0,169
76316,611062043,611065735,823.988,72.81659441642354,1.0,3.692,1.0,7.0,0,1,fixed_lag_waveform,1.0,813.4230400000001,611062043,0,0,169
76420,611894044,611900130,834.395,72.73194520375249,1.0,6.086,1.0,7.0,0,1,fixed_lag_waveform,1.0,813.11616,611894044,0,0,169
76524,612734046,612733379,833.249,72.0072871374583,1.0,-0.667,1.0,7.0,0,1,fixed_lag_waveform,1.0,818.86304,612734046,0,0,169
76627,613550045,613556843,823.464,72.0072871374583,1.0,6.798,1.0,7.0,0,1,fixed_lag_waveform,1.0,821.51968,613550045,0,0,169
76727,614358043,614357043,800.2,72.0072871374583,1.0,-1.0,1.0,7.0,0,1,fixed_lag_waveform,1.0,826.95968,614358043,0,0,169
76825,615134043,615136123,779.08,72.0072871374583,1.0,2.08,1.0,7.0,0,1,fixed_lag_waveform,1.0,826.95968,615134043,0,0,169
76913,615838045,615842805,706.682,72.81659441642354,1.0,4.76,1.0,7.0,0,1,fixed_lag_waveform,1.0,826.95968,615838045,0,0,169
76995,616494044,616494218,651.413,72.86293025560316,1.0,0.174,1.0,7.0,0,1,fixed_lag_waveform,1.0,829.43616,616494044,0,0,169
77082,617198043,617197735,703.517,74.98125468632841,1.0,-0.308,1.0,7.0,0,1,fixed_lag_waveform,1.0,834.70848,617198043,0,0,169
77176,617942045,617945085,747.35,77.0139138471017,1.0,3.04,1.0,7.0,0,1,fixed_lag_waveform,1.0,827.2640000000001,617942045,0,0,169
77275,618742043,618741735,796.65,77.0139138471017,1.0,-0.308,1.0,7.0,0,1,fixed_lag_waveform,1.0,825.9456,618742043,0,0,169
77384,619614043,619612900,871.165,77.0139138471017,1.0,-1.143,1.0,7.0,0,1,fixed_lag_waveform,1.0,825.9456,619614043,0,0,169
77501,620542043,620543608,930.708,77.0139138471017,1.0,1.565,1.0,7.0,0,1,fixed_lag_waveform,1.0,825.9456,620542043,0,0,169
77617,621478043,621477316,933.708,77.0139138471017,1.0,-0.727,1.0,7.0,0,1,fixed_lag_waveform,1.0,825.9456,621478043,0,0,169
77733,622406043,622404588,927.272,75.31538316701186,1.0,-1.455,1.0,7.0,0,1,fixed_lag_waveform,1.0,825.9456,622406043,0,0,185
77848,623262046,623324588,920.0,68.87329036405274,1.0,62.542,1.0,7.0,0,1,fixed_lag_waveform,1.0,831.568,623262046,0,0,185
77961,624230046,624230046,905.458,66.2648074234255,1.0,0.0,1.0,7.0,0,1,fixed_lag_waveform,1.0,849.9728,624230046,0,0,169
78073,625118045,625119245,889.199,66.2648074234255,1.0,1.2,1.0,7.0,0,1,fixed_lag_waveform,1.0,855.50656,625118045,0,0,169
78184,626006043,626010043,890.798,66.2648074234255,1.0,4.0,1.0,7.0,0,1,fixed_lag_waveform,1.0,855.50656,626006043,0,0,169
78295,626902045,626901175,891.132,66.2648074234255,1.0,-0.87,1.0,7.0,0,1,fixed_lag_waveform,1.0,855.50656,626902045,0,0,169
78403,627758044,627763088,861.913,66.2648074234255,1.0,5.044,1.0,7.0,0,1,fixed_lag_waveform,1.0,850.06656,627758044,0,0,169
78503,628558043,628563134,800.046,67.33009251154712,1.0,5.091,1.0,7.0,0,1,fixed_lag_waveform,1.0,855.50656,628558043,0,0,169
78597,629310044,629316588,753.454,67.35533757372603,1.0,6.544,1.0,7.0,0,1,fixed_lag_waveform,1.0,856.36224,629310044,0,0,169
78686,630022044,630026377,709.789,67.47645915031394,1.0,4.333,1.0,7.0,0,1,fixed_lag_waveform,1.0,861.6953599999999,630022044,0,0,169
78774,630734044,630732479,706.102,69.61259431056267,1.0,-1.565,1.0,7.0,0,1,fixed_lag_waveform,1.0,855.74368,630734044,0,0,169
78865,631454043,631455483,723.004,74.99568774795449,1.0,1.44,1.0,7.0,0,1,fixed_lag_waveform,1.0,847.01216,631454043,0,0,169
78954,632166044,632170740,715.257,79.6332622827671,1.0,4.696,1.0,7.0,0,1,fixed_lag_waveform,1.0,827.21472,632166044,0,0,169
79043,632886043,632885563,714.823,82.98709274084237,1.0,-0.48,1.0,7.0,0,1,fixed_lag_waveform,1.0,806.86528,632886043,0,0,169
79134,0,633607045,721.482,83.16215789167298,1.0,0.0,1.0,7.0,1,1,fixed_lag_waveform,1.0,797.1212800000001,0,1,0,17
79227,634022046,634357243,750.198,83.16215789167298,1.0,335.197,1.0,7.0,1,1,fixed_lag_waveform,1.0,796.63424,634022046,0,0,185
79323,635118043,635121735,764.492,83.16215789167298,1.0,3.692,1.0,7.0,0,1,fixed_lag_waveform,1.0,802.07424,635118043,0,0,185
79425,0,635936710,814.975,83.16215789167298,1.0,0.0,1.0,7.0,1,1,fixed_lag_waveform,1.0,802.07424,0,1,0,17
79529,636766043,636769403,832.693,82.98709274084237,1.0,3.36,1.0,7.0,0,1,fixed_lag_waveform,1.0,802.07424,636766043,0,0,185
79635,0,637620712,851.309,79.9788855742084,1.0,0.0,1.0,7.0,1,1,fixed_lag_waveform,1.0,797.1212800000001,0,1,0,17
79745,638494043,638496710,875.998,78.48348968988557,1.0,2.667,1.0,7.0,0,1,fixed_lag_waveform,1.0,800.38336,638494043,0,0,169
79855,639374046,639377726,881.016,73.62189024203197,1.0,3.68,1.0,7.0,0,1,fixed_lag_waveform,1.0,804.95744,639374046,0,0,169
79966,640262045,640266407,888.681,72.05536734426734,1.0,4.362,1.0,7.0,0,1,fixed_lag_waveform,1.0,815.672,640262045,0,0,169
80078,641166044,641163582,897.175,70.47969656141308,1.0,-2.462,1.0,7.0,0,1,fixed_lag_waveform,1.0,826.7817600000001,641166044,0,0,169
80190,642054043,642060378,896.796,68.49330706234488,1.0,6.335,1.0,7.0,0,1,fixed_lag_waveform,1.0,832.7388800000001,642054043,0,0,169
80304,642966043,642966191,905.813,68.10318995341743,1.0,0.148,1.0,7.0,0,1,fixed_lag_waveform,1.0,840.6393600000001,642966043,0,0,169
80410,643822046,643820046,853.855,68.10318995341743,1.0,-2.0,1.0,7.0,0,1,fixed_lag_waveform,1.0,842.24512,643822046,0,0,169
80514,0,644652816,832.77,68.10318995341743,1.0,0.0,1.0,7.0,1,1,fixed_lag_waveform,1.0,842.24512,0,1,0,17
80612,645430043,645431581,778.765,68.10318995341743,1.0,1.538,1.0,7.0,0,1,fixed_lag_waveform,1.0,842.24512,645430043,0,0,169
80709,646214043,646212197,780.616,68.10318995341743,1.0,-1.846,1.0,7.0,0,1,fixed_lag_waveform,1.0,847.68512,646214043,0,0,169
80806,646990043,646987323,775.126,70.26954225249017,1.0,-2.72,1.0,7.0,0,1,fixed_lag_waveform,1.0,842.24512,646990043,0,0,169
80905,0,647782043,794.72,72.04870492452898,1.0,0.0,1.0,7.0,1,1,fixed_lag_waveform,1.0,833.5536000000001,0,1,0,17
81006,648582043,648584123,802.08,74.80550568521844,1.0,2.08,1.0,7.0,0,1,fixed_lag_waveform,1.0,826.8064,648582043,0,0,169
81107,0,649395643,811.52,74.80550568521844,1.0,0.0,1.0,7.0,1,1,fixed_lag_waveform,1.0,816.9856000000001,0,1,0,17
81206,650182043,650187963,792.32,75.498288705456,1.0,5.92,1.0,7.0,0,1,fixed_lag_waveform,1.0,811.5456,650182043,0,0,169
81305,0,650980603,792.64,75.69640694388373,1.0,0.0,1.0,7.0,1,1,fixed_lag_waveform,1.0,809.1904,0,1,0,17
81404,651766046,651770046,789.443,75.72697899838448,1.0,4.0,1.0,7.0,0,1,fixed_lag_waveform,1.0,803.0848000000001,651766046,0,0,169
81504,652574047,652573476,803.43,75.69640694388373,1.0,-0.571,1.0,7.0,0,1,fixed_lag_waveform,1.0,802.9824000000001,652574047,0,0,169
81603,653366047,653365010,791.534,75.69640694388373,1.0,-1.037,1.0,7.0,0,1,fixed_lag_waveform,1.0,797.6448,653366047,0,0,169
81702,654158044,654157600,792.59,75.69640694388373,1.0,-0.444,1.0,7.0,0,1,fixed_lag_waveform,1.0,797.6448,654158044,0,0,169
81798,654926043,654924812,767.212,75.70118220012868,1.0,-1.231,1.0,7.0,0,1,fixed_lag_waveform,1.0,792.2048000000001,654926043,0,0,169
81896,655702045,655706043,781.231,75.72697899838448,1.0,3.998,1.0,7.0,0,1,fixed_lag_waveform,1.0,792.1888000000001,655702045,0,0,169
81996,656502046,656504268,798.225,75.72697899838448,1.0,2.222,1.0,7.0,0,1,fixed_lag_waveform,1.0,786.6624,656502046,0,0,169
82095,657294043,657297767,793.499,75.70118220012868,1.0,3.724,1.0,7.0,0,1,fixed_lag_waveform,1.0,786.6624,657294043,0,0,169
82195,658094043,658098659,800.892,75.70118220012868,1.0,4.616,1.0,7.0,0,1,fixed_lag_waveform,1.0,786.7488000000001,658094043,0,0,169
82297,658910046,658910787,812.128,75.61446202200632,1.0,0.741,1.0,7.0,0,1,fixed_lag_waveform,1.0,786.7488000000001,658910046,0,0,169
82397,659710044,659714044,803.257,75.61446202200632,1.0,4.0,1.0,7.0,0,1,fixed_lag_waveform,1.0,787.03968,659710044,0,0,169
82494,660494043,660492505,778.461,75.61446202200632,1.0,-1.538,1.0,7.0,0,1,fixed_lag_waveform,1.0,787.03968,660494043,0,0,169
82587,661238047,661237010,744.505,75.61446202200632,1.0,-1.037,1.0,7.0,0,1,fixed_lag_waveform,1.0,787.03968,661238047,0,0,169
82681,661982046,661987323,750.313,75.61446202200632,1.0,5.277,1.0,7.0,0,1,fixed_lag_waveform,1.0,787.03968,661982046,0,0,169
82776,662742045,662747643,760.32,75.61446202200632,1.0,5.598,1.0,7.0,0,1,fixed_lag_waveform,1.0,787.03968,662742045,0,0,169
82872,663510044,663512859,765.216,77.07515212708151,1.0,2.815,1.0,7.0,0,1,fixed_lag_waveform,1.0,787.03968,663510044,0,0,169
82968,664278044,664282658,769.799,77.94242393144185,1.0,4.614,1.0,7.0,0,1,fixed_lag_waveform,1.0,776.7875200000001,664278044,0,0,169
83066,665062043,665063472,780.814,77.94242393144185,1.0,1.429,1.0,7.0,0,1,fixed_lag_waveform,1.0,774.0156800000001,665062043,0,0,169
83161,665822043,665822658,759.186,78.40923347133358,1.0,0.615,1.0,7.0,0,1,fixed_lag_waveform,1.0,774.0156800000001,665822043,0,0,169
83256,666582043,666588117,765.459,78.40923347133358,1.0,6.074,1.0,7.0,0,1,fixed_lag_waveform,1.0,772.5491200000001,666582043,0,0,169
83352,667350045,667351378,763.261,78.61006916375919,1.0,1.333,1.0,7.0,0,1,fixed_lag_waveform,1.0,767.1091200000001,667350045,0,0,169
83449,668126044,668131891,780.513,78.40923347133358,1.0,5.847,1.0,7.0,0,1,fixed_lag_waveform,1.0,766.48352,668126044,0,0,169
83547,668910044,668910352,778.461,78.3843419438533,1.0,0.308,1.0,7.0,0,1,fixed_lag_waveform,1.0,761.66912,668910044,0,0,169
83644,669686043,669686784,776.432,77.94242393144185,1.0,0.741,1.0,7.0,0,1,fixed_lag_waveform,1.0,761.74688,669686043,0,0,169
83740,670462043,670459524,772.74,77.64577995185961,1.0,-2.519,1.0,7.0,0,1,fixed_lag_waveform,1.0,763.1356800000001,670462043,0,0,169
83834,671214043,671213757,754.233,77.64577995185961,1.0,-0.286,1.0,7.0,0,1,fixed_lag_waveform,1.0,758.6368,671214043,0,0,169
83926,671942045,671947890,734.133,78.3843419438533,1.0,5.845,1.0,7.0,0,1,fixed_lag_waveform,1.0,758.6368,671942045,0,0,169
84018,672686043,672684710,736.82,78.3843419438533,1.0,-1.333,1.0,7.0,0,1,fixed_lag_waveform,1.0,761.74688,672686043,0,0,169
84111,673422043,673424043,739.333,78.61006916375919,1.0,2.0,1.0,7.0,0,1,fixed_lag_waveform,1.0,761.74688,673422043,0,0,169
84202,0,674157599,733.556,79.55101407655195,1.0,0.0,1.0,7.0,1,1,fixed_lag_waveform,1.0,761.0435200000001,0,1,0,17
84290,674854047,674854847,697.248,81.15422955555887,1.0,0.8,1.0,7.0,0,1,fixed_lag_waveform,1.0,758.1545600000001,674854047,0,0,169
84377,675550043,675551757,696.91,81.43101435900219,1.0,1.714,1.0,7.0,0,1,fixed_lag_waveform,1.0,753.38656,675550043,0,0,169
84467,676278044,676275822,724.065,81.72905999321648,1.0,-2.222,1.0,7.0,0,1,fixed_lag_waveform,1.0,747.1424000000001,676278044,0,0,169
84561,677022044,677026968,751.146,81.72905999321648,1.0,4.924,1.0,7.0,0,1,fixed_lag_waveform,1.0,746.28256,677022044,0,0,169
84657,677790043,677791376,764.408,81.72905999321648,1.0,1.333,1.0,7.0,0,1,fixed_lag_waveform,1.0,746.28256,677790043,0,0,169
84755,678574044,678574192,782.816,81.43101435900219,1.0,0.148,1.0,7.0,0,1,fixed_lag_waveform,1.0,746.28256,678574044,0,0,169
84851,679350043,679350043,775.851,81.15422955555887,1.0,0.0,1.0,7.0,0,1,fixed_lag_waveform,1.0,747.1424000000001,679350043,0,0,169
84947,680110044,680111837,761.794,79.87794649775144,1.0,1.793,1.0,7.0,0,1,fixed_lag_waveform,1.0,747.94656,680110044,0,0,169
85044,680894043,680891146,779.309,78.76144994578587,1.0,-2.897,1.0,7.0,0,1,fixed_lag_waveform,1.0,751.72672,680894043,0,0,169
85140,681662043,681659643,768.497,78.49211415893083,1.0,-2.4,1.0,7.0,0,1,fixed_lag_waveform,1.0,749.69408,681662043,0,0,169
85234,682406043,682408329,748.686,78.49211415893083,1.0,2.286,1.0,7.0,0,1,fixed_lag_waveform,1.0,750.53056,682406043,0,0,169
85326,683150043,683147146,738.817,78.49211415893083,1.0,-2.897,1.0,7.0,0,1,fixed_lag_waveform,1.0,745.0905600000001,683150043,0,0,169
85421,683902043,683903472,756.326,78.49211415893083,1.0,1.429,1.0,7.0,0,1,fixed_lag_waveform,1.0,745.0905600000001,683902043,0,0,169
85516,684662043,684663080,759.608,78.76144994578587,1.0,1.037,1.0,7.0,0,1,fixed_lag_waveform,1.0,745.0905600000001,684662043,0,0,169
85612,685430043,685433243,770.163,78.76144994578587,1.0,3.2,1.0,7.0,0,1,fixed_lag_waveform,1.0,744.25408,685430043,0,0,169
85708,686198043,686201757,768.514,78.76144994578587,1.0,3.714,1.0,7.0,0,1,fixed_lag_waveform,1.0,744.25408,686198043,0,0,169
85801,686942044,686944444,742.687,78.9881096565597,1.0,2.4,1.0,7.0,0,1,fixed_lag_waveform,1.0,744.25408,686942044,0,0,169
85891,0,687668044,723.6,79.3308705505298,1.0,0.0,1.0,7.0,1,1,fixed_lag_waveform,1.0,743.55456,0,1,0,17
85977,688350043,688352614,684.57,80.14040599129675,1.0,2.571,1.0,7.0,0,1,fixed_lag_waveform,1.0,742.50432,688350043,0,0,169
86058,689006043,689005757,653.143,80.7877342675986,1.0,-0.286,1.0,7.0,0,1,fixed_lag_waveform,1.0,740.05952,689006043,0,0,169
86140,689654043,689656112,650.355,80.7877342675986,1.0,2.069,1.0,7.0,0,1,fixed_lag_waveform,1.0,732.69984,689654043,0,0,169
86220,690294043,690294329,638.217,82.91873963515755,1.0,0.286,1.0,7.0,0,1,fixed_lag_waveform,1.0,727.25984,690294043,0,0,169
86305,690974043,690974543,680.214,87.64625969586747,1.0,0.5,1.0,7.0,0,1,fixed_lag_waveform,1.0,721.152,690974043,0,0,169
86394,0,691693512,718.969,87.64625969586747,1.0,0.0,1.0,7.0,1,1,fixed_lag_waveform,1.0,697.7824,0,1,0,17
86486,0,692425270,731.758,87.64625969586747,1.0,0.0,1.0,7.0,1,1,fixed_lag_waveform,1.0,697.7824,0,1,0,17
86579,693166043,693168588,743.318,87.64625969586747,1.0,2.545,1.0,7.0,0,1,fixed_lag_waveform,1.0,686.9024000000001,693166043,0,0,185
86673,693918043,693920976,752.388,87.64625969586747,1.0,2.933,1.0,7.0,0,1,fixed_lag_waveform,1.0,681.4624000000001,693918043,0,0,169
86762,694638043,694635698,714.722,83.94872411930793,1.0,-2.345,1.0,7.0,0,1,fixed_lag_waveform,1.0,676.0224000000001,694638043,0,0,169
86849,695326043,695326576,690.878,83.94872411930793,1.0,0.533,1.0,7.0,0,1,fixed_lag_waveform,1.0,674.7910400000001,695326043,0,0,169
86931,695982045,695983838,657.262,83.94872411930793,1.0,1.793,1.0,7.0,0,1,fixed_lag_waveform,1.0,669.35104,695982045,0,0,169
87010,696614043,696616346,632.508,83.94872411930793,1.0,2.303,1.0,7.0,0,1,fixed_lag_waveform,1.0,663.9110400000001,696614043,0,0,169
87089,0,697248046,631.7,83.94872411930793,1.0,0.0,1.0,7.0,1,1,fixed_lag_waveform,1.0,663.9110400000001,0,1,0,17
87162,697838045,697836102,588.056,86.84601333375791,1.0,-1.943,1.0,7.0,0,1,fixed_lag_waveform,1.0,663.9110400000001,697838045,0,0,169
87239,698446043,698448588,612.486,91.28779695159618,1.0,2.545,1.0,7.0,0,1,fixed_lag_waveform,1.0,656.28096,698446043,0,0,169
87313,699038043,699039619,591.031,94.8604602629532,1.0,1.576,1.0,7.0,0,1,fixed_lag_waveform,1.0,645.5238400000001,699038043,0,0,169
87384,0,699609808,570.189,94.98179515592844,1.0,0.0,1.0,7.0,1,1,fixed_lag_waveform,1.0,637.60256,0,1,0,17
87457,700190043,700191619,581.811,97.96142279170463,1.0,1.576,1.0,7.0,0,1,fixed_lag_waveform,1.0,637.344,700190043,0,0,169
87526,700742045,700744163,552.544,101.51751769365737,1.0,2.118,1.0,7.0,0,1,fixed_lag_waveform,1.0,636.63552,700742045,0,0,169
87596,701310045,701308227,564.064,102.03109907899928,1.0,-1.818,1.0,7.0,0,1,fixed_lag_waveform,1.0,629.7699200000001,701310045,0,0,169
87669,0,701893720,585.493,102.47774098067781,1.0,0.0,1.0,7.0,1,1,fixed_lag_waveform,1.0,634.25792,0,1,0,17
87739,702446043,702451255,557.535,103.1262729649319,1.0,5.212,1.0,7.0,0,1,fixed_lag_waveform,1.0,633.43776,702446043,0,0,169
87814,703046043,703046367,595.112,103.1262729649319,1.0,0.324,1.0,7.0,0,1,fixed_lag_waveform,1.0,632.2595200000001,703046043,0,0,169
87890,703654043,703654407,608.04,103.1262729649319,1.0,0.364,1.0,7.0,0,1,fixed_lag_waveform,1.0,632.2595200000001,703654043,0,0,169
87971,0,704307774,653.367,103.1262729649319,1.0,0.0,1.0,7.0,1,1,fixed_lag_waveform,1.0,632.2595200000001,0,1,0,17
88054,0,704970908,663.134,102.47774098067781,1.0,0.0,1.0,7.0,1,1,fixed_lag_waveform,1.0,632.2595200000001,0,1,0,17
88142,705670044,705673833,702.925,100.82135799647799,1.0,3.789,1.0,7.0,0,1,fixed_lag_waveform,1.0,633.43776,705670044,0,0,169
88228,706366043,706364932,691.099,98.67771857114664,1.0,-1.111,1.0,7.0,0,1,fixed_lag_waveform,1.0,641.9558400000001,706366043,0,0,169
88309,707014043,707012487,647.555,92.65622225139178,1.0,-1.556,1.0,7.0,0,1,fixed_lag_waveform,1.0,646.0928,707014043,0,0,169
88407,707790043,707792313,779.826,91.83200253456327,1.0,2.27,1.0,7.0,0,1,fixed_lag_waveform,1.0,664.1776,707790043,0,0,169
88496,708510046,708508713,716.4,90.4794506087759,1.0,-1.333,1.0,7.0,0,1,fixed_lag_waveform,1.0,666.0374400000001,708510046,0,0,169
88600,709334045,709334586,825.873,86.81824167015145,1.0,0.541,1.0,7.0,0,1,fixed_lag_waveform,1.0,680.0428800000001,709334045,0,0,169
88710,710222043,710219599,885.013,85.35761283209447,1.0,-2.444,1.0,7.0,0,1,fixed_lag_waveform,1.0,694.43168,710222043,0,0,169
88825,711142044,711138909,919.31,83.75209380234506,1.0,-3.135,1.0,7.0,0,1,fixed_lag_waveform,1.0,703.656,711142044,0,0,169
88934,712014045,712012045,873.136,76.94024051519185,1.0,-2.0,1.0,7.0,0,1,fixed_lag_waveform,1.0,718.848,712014045,0,0,169
89035,712822044,712820162,808.117,74.24667467705791,1.0,-1.882,1.0,7.0,0,1,fixed_lag_waveform,1.0,744.58432,712822044,0,0,169
89134,713606043,713611255,791.093,74.24667467705791,1.0,5.212,1.0,7.0,0,1,fixed_lag_waveform,1.0,759.07744,713606043,0,0,169
89227,714350043,714354279,743.024,74.24667467705791,1.0,4.236,1.0,7.0,0,1,fixed_lag_waveform,1.0,764.5174400000001,714350043,0,0,169
89312,715030043,715035740,681.461,74.24667467705791,1.0,5.697,1.0,7.0,0,1,fixed_lag_waveform,1.0,769.95744,715030043,0,0,169
89398,715726043,715723643,687.903,74.24667467705791,1.0,-2.4,1.0,7.0,0,1,fixed_lag_waveform,1.0,769.95744,715726043,0,0,169
89486,716422043,716424214,700.571,75.84443295541739,1.0,2.171,1.0,7.0,0,1,fixed_lag_waveform,1.0,775.3974400000001,716422043,0,0,169
89568,0,717082795,658.581,80.75109283145632,1.0,0.0,1.0,7.0,1,1,fixed_lag_waveform,1.0,769.9497600000001,0,1,0,17
89657,717790043,717791448,708.653,84.66767233046357,1.0,1.405,1.0,7.0,0,1,fixed_lag_waveform,1.0,760.00768,717790043,0,0,169
89748,718518047,718520101,728.653,84.66767233046357,1.0,2.054,1.0,7.0,0,1,fixed_lag_waveform,1.0,749.00896,718518047,0,0,169
89845,719294043,719299044,778.943,84.66767233046357,1.0,5.001,1.0,7.0,0,1,fixed_lag_waveform,1.0,749.00896,719294043,0,0,169
89939,720054043,720052867,753.823,84.66767233046357,1.0,-1.176,1.0,7.0,0,1,fixed_lag_waveform,1.0,754.44896,720054043,0,0,169
90032,720798043,720796543,743.676,84.66767233046357,1.0,-1.5,1.0,7.0,0,1,fixed_lag_waveform,1.0,749.00896,720798043,0,0,169
90128,721558043,721562043,765.5,82.34372190878237,1.0,4.0,1.0,7.0,0,1,fixed_lag_waveform,1.0,738.12896,721558043,0,0,169
90223,722318043,722322287,760.244,80.68029625804786,1.0,4.244,1.0,7.0,0,1,fixed_lag_waveform,1.0,744.52896,722318043,0,0,169
90315,723054043,723058793,736.506,80.68029625804786,1.0,4.75,1.0,7.0,0,1,fixed_lag_waveform,1.0,738.45632,723054043,0,0,169
90406,723782043,723783757,724.964,80.68029625804786,1.0,1.714,1.0,7.0,0,1,fixed_lag_waveform,1.0,738.45632,723782043,0,0,169
90498,724526044,724525438,741.681,80.68029625804786,1.0,-0.606,1.0,7.0,0,1,fixed_lag_waveform,1.0,733.0163200000001,724526044,0,0,169
90593,725278044,725279987,754.549,79.59428141619452,1.0,1.943,1.0,7.0,0,1,fixed_lag_waveform,1.0,727.57632,725278044,0,0,169
90693,726078043,726078614,798.627,79.59428141619452,1.0,0.571,1.0,7.0,0,1,fixed_lag_waveform,1.0,725.38336,726078043,0,0,169
90787,726830043,726833293,754.679,79.51769865177742,1.0,3.25,1.0,7.0,0,1,fixed_lag_waveform,1.0,730.82336,726830043,0,0,169
90881,727590043,727587543,754.25,79.51769865177742,1.0,-2.5,1.0,7.0,0,1,fixed_lag_waveform,1.0,736.49568,727590043,0,0,169
90970,728294043,728294891,707.348,79.54922108054359,1.0,0.848,1.0,7.0,0,1,fixed_lag_waveform,1.0,747.37568,728294043,0,0,169
91052,0,728951464,656.573,80.89731299574885,1.0,0.0,1.0,7.0,1,1,fixed_lag_waveform,1.0,747.28,0,1,0,17
91130,729574043,729578301,626.837,80.89731299574885,1.0,4.258,1.0,7.0,0,1,fixed_lag_waveform,1.0,748.6979200000001,729574043,0,0,169
91207,730190044,730195077,616.776,80.89731299574885,1.0,5.033,1.0,7.0,0,1,fixed_lag_waveform,1.0,759.5779200000001,730190044,0,0,169
91284,730814043,730810793,615.716,84.8238773559832,1.0,-3.25,1.0,7.0,0,1,fixed_lag_waveform,1.0,765.0179200000001,730814043,0,0,169
91361,0,731429793,619.0,91.38359329427193,1.0,0.0,1.0,7.0,1,1,fixed_lag_waveform,1.0,754.0313600000001,0,1,0,17
91438,732038043,732041337,611.544,95.71866370364225,1.0,3.294,1.0,7.0,0,1,fixed_lag_waveform,1.0,748.66336,732038043,0,0,169
91516,732670044,732668855,627.518,95.71866370364225,1.0,-1.189,1.0,7.0,0,1,fixed_lag_waveform,1.0,808.0,732670044,0,0,169
91607,733398043,733394908,726.053,95.71866370364225,1.0,-3.135,1.0,7.0,0,1,fixed_lag_waveform,1.0,832.0,733398043,0,0,169
91716,734262043,734264780,869.872,95.71866370364225,1.0,2.737,1.0,7.0,0,1,fixed_lag_waveform,1.0,848.0,734262043,0,0,169
91828,735166044,735165196,900.416,95.71866370364225,1.0,-0.848,1.0,7.0,0,1,fixed_lag_waveform,1.0,856.0,735166044,0,0,169
91949,0,736132295,967.099,95.61478714554801,1.0,0.0,1.0,7.0,1,1,fixed_lag_waveform,1.0,872.0,0,1,0,17
92071,737110045,737108545,976.25,82.63859525406548,1.0,-1.5,1.0,7.0,0,1,fixed_lag_waveform,1.0,444.0,737110045,0,0,169
92184,738006043,738010793,902.248,68.97566538525209,1.0,4.75,1.0,7.0,0,1,fixed_lag_waveform,1.0,836.17696,738006043,0,0,169
92295,738894044,738897294,886.501,67.68181874583334,1.0,3.25,1.0,7.0,0,1,fixed_lag_waveform,1.0,887.63904,738894044,0,0,169
92404,739774044,739773044,875.75,67.68181874583334,1.0,-1.0,1.0,7.0,0,1,fixed_lag_waveform,1.0,892.9603200000001,739774044,0,0,169
92517,740678043,740677914,904.87,66.6358660885635,1.0,-0.129,1.0,7.0,0,1,fixed_lag_waveform,1.0,892.9603200000001,740678043,0,0,169
92628,741566047,741565797,887.883,66.6358660885635,1.0,-0.25,1.0,7.0,0,1,fixed_lag_waveform,1.0,897.4131200000002,741566047,0,0,169
92744,742486046,742491543,925.746,66.50056303810038,1.0,5.497,1.0,7.0,0,1,fixed_lag_waveform,1.0,897.4131200000002,742486046,0,0,185
92859,743406043,743411643,920.1,66.30786742847039,1.0,5.6,1.0,7.0,0,1,fixed_lag_waveform,1.0,897.99936,743406043,0,0,169
92970,744302046,744299743,888.1,66.50056303810038,1.0,-2.303,1.0,7.0,0,1,fixed_lag_waveform,1.0,898.8384000000001,744302046,0,0,169
93076,745142043,745142688,842.945,67.55995946402432,1.0,0.645,1.0,7.0,0,1,fixed_lag_waveform,1.0,897.99936,745142043,0,0,169
93186,746022044,746027543,884.855,67.57647122424913,1.0,5.499,1.0,7.0,0,1,fixed_lag_waveform,1.0,893.4720000000001,746022044,0,0,169
93298,746926046,746925046,897.503,67.55995946402432,1.0,-1.0,1.0,7.0,0,1,fixed_lag_waveform,1.0,893.4025600000001,746926046,0,0,169
93406,747782044,747784665,859.619,67.55995946402432,1.0,2.621,1.0,7.0,0,1,fixed_lag_waveform,1.0,888.032,747782044,0,0,169
93512,748638043,748638043,853.378,67.57647122424913,1.0,0.0,1.0,7.0,0,1,fixed_lag_waveform,1.0,882.5920000000001,748638043,0,0,169
93622,749510043,749514580,876.537,67.80771990891162,1.0,4.537,1.0,7.0,0,1,fixed_lag_waveform,1.0,877.0825600000001,749510043,0,0,169
93735,0,750421793,907.213,67.80771990891162,1.0,0.0,1.0,7.0,1,1,fixed_lag_waveform,1.0,876.1136000000001,0,1,0,17
93843,751310043,751286046,864.253,68.45118916828382,1.0,-23.997,1.0,7.0,0,1,fixed_lag_waveform,1.0,870.6736000000001,751310043,0,0,185
93948,0,752125472,839.426,69.42411539213633,1.0,0.0,1.0,7.0,1,1,fixed_lag_waveform,1.0,868.0118400000001,0,1,0,17
94054,752966043,752969527,844.055,69.42411539213633,1.0,3.484,1.0,7.0,0,1,fixed_lag_waveform,1.0,858.6409600000001,752966043,0,0,169
94158,753798043,753802332,832.805,69.79836415900533,1.0,4.289,1.0,7.0,0,1,fixed_lag_waveform,1.0,853.20096,753798043,0,0,169
94259,754606044,754607111,804.779,70.30881977271501,1.0,1.067,1.0,7.0,0,1,fixed_lag_waveform,1.0,851.71808,754606044,0,0,169
94366,755462044,755462311,855.2,70.30881977271501,1.0,0.267,1.0,7.0,0,1,fixed_lag_waveform,1.0,844.28096,755462044,0,0,169
94470,756294045,756294735,832.424,71.08541504996712,1.0,0.69,1.0,7.0,0,1,fixed_lag_waveform,1.0,844.28096,756294045,0,0,169
94569,757086044,757087377,792.642,71.47741432836247,1.0,1.333,1.0,7.0,0,1,fixed_lag_waveform,1.0,841.2976000000001,757086044,0,0,169
94660,757822043,757821895,734.518,72.04567695919214,1.0,-0.148,1.0,7.0,0,1,fixed_lag_waveform,1.0,845.25632,757822043,0,0,169
94756,758582043,758587524,765.629,72.07865222530826,1.0,5.481,1.0,7.0,0,1,fixed_lag_waveform,1.0,843.1376,758582043,0,0,169
94858,759398043,759400664,813.14,73.78803158127752,1.0,2.621,1.0,7.0,0,1,fixed_lag_waveform,1.0,837.57568,759398043,0,0,169
94960,760222047,760221247,820.583,73.78803158127752,1.0,-0.8,1.0,7.0,0,1,fixed_lag_waveform,1.0,831.4048,760222047,0,0,169
95061,761022046,761026046,804.799,74.55277653177998,1.0,4.0,1.0,7.0,0,1,fixed_lag_waveform,1.0,825.9648,761022046,0,0,169
95165,761854043,761857269,831.223,73.78803158127752,1.0,3.226,1.0,7.0,0,1,fixed_lag_waveform,1.0,823.29568,761854043,0,0,169
95274,762734044,762731794,874.525,73.78803158127752,1.0,-2.25,1.0,7.0,0,1,fixed_lag_waveform,1.0,820.5248,762734044,0,0,169
95384,763614043,763614043,882.249,73.78803158127752,1.0,0.0,1.0,7.0,0,1,fixed_lag_waveform,1.0,820.5248,763614043,0,0,169
95495,764502044,764499850,885.807,73.11874606225086,1.0,-2.194,1.0,7.0,0,1,fixed_lag_waveform,1.0,820.5248,764502044,0,0,169
95604,765374043,765373437,873.587,72.18279571186072,1.0,-0.606,1.0,7.0,0,1,fixed_lag_waveform,1.0,822.9065600000001,765374043,0,0,169
95706,766182044,766186595,813.158,72.18279571186072,1.0,4.551,1.0,7.0,0,1,fixed_lag_waveform,1.0,826.31136,766182044,0,0,169
95804,766966043,766966843,780.248,72.18279571186072,1.0,0.8,1.0,7.0,0,1,fixed_lag_waveform,1.0,826.31136,766966043,0,0,169
95904,767766044,767768832,801.989,72.18279571186072,1.0,2.788,1.0,7.0,0,1,fixed_lag_waveform,1.0,831.75136,767766044,0,0,169
96003,768566044,768563544,794.712,72.18279571186072,1.0,-2.5,1.0,7.0,0,1,fixed_lag_waveform,1.0,831.75136,768566044,0,0,169
96099,769334043,769331376,767.832,73.78639821535297,1.0,-2.667,1.0,7.0,0,1,fixed_lag_waveform,1.0,837.19136,769334043,0,0,169
96192,770070045,770073787,742.411,74.81399370814313,1.0,3.742,1.0,7.0,0,1,fixed_lag_waveform,1.0,836.85056,770070045,0,0,169
96293,770878043,770883075,809.288,74.81399370814313,1.0,5.032,1.0,7.0,0,1,fixed_lag_waveform,1.0,833.27648,770878043,0,0,169
96397,771718043,771717437,834.362,74.81399370814313,1.0,-0.606,1.0,7.0,0,1,fixed_lag_waveform,1.0,833.27648,771718043,0,0,169
96503,772566043,772563793,846.356,74.81399370814313,1.0,-2.25,1.0,7.0,0,1,fixed_lag_waveform,1.0,833.27648,772566043,0,0,169
96615,773454047,773456592,892.799,74.81399370814313,1.0,2.545,1.0,7.0,0,1,fixed_lag_waveform,1.0,833.27648,773454047,0,0,169
96733,774350046,774398407,941.815,74.13924338430819,1.0,48.361,1.0,7.0,0,1,fixed_lag_waveform,1.0,827.83648,774350046,0,0,185
96841,775270045,775268978,870.571,71.91123277426345,1.0,-1.067,1.0,7.0,0,1,fixed_lag_waveform,1.0,830.1721600000001,775270045,0,0,169
96951,776150046,776149811,880.833,70.89215412899536,1.0,-0.235,1.0,7.0,0,1,fixed_lag_waveform,1.0,832.75584,776150046,0,0,169
97061,777030043,777027498,877.687,68.92028335425829,1.0,-2.545,1.0,7.0,0,1,fixed_lag_waveform,1.0,836.59392,777030043,0,0,169
97166,777870044,777868625,841.127,68.92028335425829,1.0,-1.419,1.0,7.0,0,1,fixed_lag_waveform,1.0,844.34272,777870044,0,0,169
97266,778670043,778667376,798.751,68.92028335425829,1.0,-2.667,1.0,7.0,0,1,fixed_lag_waveform,1.0,849.78272,778670043,0,0,169
97369,779494045,779491984,824.608,68.92028335425829,1.0,-2.061,1.0,7.0,0,1,fixed_lag_waveform,1.0,849.78272,779494045,0,0,169
97472,780310043,780315075,823.091,68.92028335425829,1.0,5.032,1.0,7.0,0,1,fixed_lag_waveform,1.0,849.78272,780310043,0,0,169
97575,781134046,781138046,822.971,71.33286649935147,1.0,4.0,1.0,7.0,0,1,fixed_lag_waveform,1.0,855.22272,781134046,0,0,169
97673,781926043,781924526,786.48,72.76184562846832,1.0,-1.517,1.0,7.0,0,1,fixed_lag_waveform,1.0,845.8006399999999,781926043,0,0,169
97774,782726043,782729558,805.032,72.895949536564,1.0,3.515,1.0,7.0,0,1,fixed_lag_waveform,1.0,840.51456,782726043,0,0,169
97879,783574043,783572543,842.985,72.895949536564,1.0,-1.5,1.0,7.0,0,1,fixed_lag_waveform,1.0,840.0291199999999,783574043,0,0,169
97986,784422046,784425804,853.261,72.895949536564,1.0,3.758,1.0,7.0,0,1,fixed_lag_waveform,1.0,840.0291199999999,784422046,0,0,169
98090,785254044,785257528,831.724,72.895949536564,1.0,3.484,1.0,7.0,0,1,fixed_lag_waveform,1.0,840.0291199999999,785254044,0,0,169
98197,786110043,786114847,857.319,72.76184562846832,1.0,4.804,1.0,7.0,0,1,fixed_lag_waveform,1.0,834.5891200000001,786110043,0,0,169
98306,786990043,786988043,873.196,72.1393154459893,1.0,-2.0,1.0,7.0,0,1,fixed_lag_waveform,1.0,835.07456,786990043,0,0,185
98414,787846046,787847465,859.422,71.17564369472767,1.0,1.419,1.0,7.0,0,1,fixed_lag_waveform,1.0,831.9116799999999,787846046,0,0,185
98515,788654046,788659699,812.234,71.17564369472767,1.0,5.653,1.0,7.0,0,1,fixed_lag_waveform,1.0,835.5152,788654046,0,0,185
98620,789494043,789495293,835.594,71.17564369472767,1.0,1.25,1.0,7.0,0,1,fixed_lag_waveform,1.0,835.5152,789494043,0,0,185
98725,790334043,790337801,842.508,71.17564369472767,1.0,3.758,1.0,7.0,0,1,fixed_lag_waveform,1.0,840.9552000000001,790334043,0,0,169
98831,791182043,791186285,848.484,70.71435642864213,1.0,4.242,1.0,7.0,0,1,fixed_lag_waveform,1.0,840.9552000000001,791182043,0,0,169
98933,791998043,791999376,813.091,71.21594097622811,1.0,1.333,1.0,7.0,0,1,fixed_lag_waveform,1.0,842.71488,791998043,0,0,169
99033,792806043,792804467,805.091,71.21594097622811,1.0,-1.576,1.0,7.0,0,1,fixed_lag_waveform,1.0,840.8025600000001,792806043,0,0,169
99137,793630044,793631010,826.543,71.80520683489829,1.0,0.966,1.0,7.0,0,1,fixed_lag_waveform,1.0,840.8025600000001,793630044,0,0,169
99242,794470043,794473543,842.533,71.80520683489829,1.0,3.5,1.0,7.0,0,1,fixed_lag_waveform,1.0,838.5900800000001,794470043,0,0,169
99345,795302043,795300710,827.167,72.53674288263434,1.0,-1.333,1.0,7.0,0,1,fixed_lag_waveform,1.0,838.5900800000001,795302043,0,0,169
99453,796158046,796160713,860.003,71.80520683489829,1.0,2.667,1.0,7.0,0,1,fixed_lag_waveform,1.0,835.89344,796158046,0,0,169
99562,797030043,797030576,869.863,71.21594097622811,1.0,0.533,1.0,7.0,0,1,fixed_lag_waveform,1.0,838.5900800000001,797030043,0,0,169
99666,797870044,797869121,838.545,71.55251059871564,1.0,-0.923,1.0,7.0,0,1,fixed_lag_waveform,1.0,840.8025600000001,797870044,0,0,169
99770,798694043,798695284,826.163,72.53674288263434,1.0,1.241,1.0,7.0,0,1,fixed_lag_waveform,1.0,834.0944,798694043,0,0,169
99875,799542043,799541656,846.372,71.55251059871564,1.0,-0.387,1.0,7.0,0,1,fixed_lag_waveform,1.0,830.45344,799542043,0,0,169
99982,800390044,800394044,852.388,71.21382782632847,1.0,4.0,1.0,7.0,0,1,fixed_lag_waveform,1.0,828.6544000000001,800390044,0,0,169
100088,801238043,801243274,849.23,70.89081396832599,1.0,5.231,1.0,7.0,0,1,fixed_lag_waveform,1.0,829.93056,801238043,0,0,169
100190,802054043,802055969,812.695,70.89081396832599,1.0,1.926,1.0,7.0,0,1,fixed_lag_waveform,1.0,825.71904,802054043,0,0,169
100292,802870046,802871379,815.41,70.89081396832599,1.0,1.333,1.0,7.0,0,1,fixed_lag_waveform,1.0,825.71904,802870046,0,0,169
100394,0,803688859,817.48,71.55251059871564,1.0,0.0,1.0,7.0,1,1,fixed_lag_waveform,1.0,825.71904,0,1,0,17
100493,0,804485302,796.443,72.62489363479119,1.0,0.0,1.0,7.0,1,1,fixed_lag_waveform,1.0,817.7744,0,1,0,17
100592,0,805273748,788.446,73.39629104075941,1.0,0.0,1.0,7.0,1,1,fixed_lag_waveform,1.0,813.8121600000001,0,1,0,17
100693,0,806083976,810.228,73.58261488085749,1.0,0.0,1.0,7.0,1,1,fixed_lag_waveform,1.0,805.5936,0,1,0,17
100790,0,806858683,774.707,73.82843502174862,1.0,0.0,1.0,7.0,1,1,fixed_lag_waveform,1.0,804.9312,0,1,0,17
100883,807606043,807604900,746.217,74.05322946133681,1.0,-1.143,1.0,7.0,0,1,fixed_lag_waveform,1.0,798.6224000000001,807606043,0,0,169
100968,808278043,808282043,677.143,75.3349580572621,1.0,4.0,1.0,7.0,0,1,fixed_lag_waveform,1.0,797.8329600000001,808278043,0,0,169
101056,808982043,808982457,700.414,76.09906068392762,1.0,0.414,1.0,7.0,0,1,fixed_lag_waveform,1.0,793.4217600000001,808982043,0,0,169
101141,809670045,809669474,687.017,77.44863541958443,1.0,-0.571,1.0,7.0,0,1,fixed_lag_waveform,1.0,790.8627200000001,809670045,0,0,169
101227,810350043,810354577,685.103,80.40556567325591,1.0,4.534,1.0,7.0,0,1,fixed_lag_waveform,1.0,786.4662400000001,810350043,0,0,169
101317,811070044,811070947,716.37,83.75560115582729,1.0,0.903,1.0,7.0,0,1,fixed_lag_waveform,1.0,777.3494400000001,811070044,0,0,169
101415,811854043,811855793,784.846,83.75560115582729,1.0,1.75,1.0,7.0,0,1,fixed_lag_waveform,1.0,767.7984000000001,811854043,0,0,169
101516,812662045,812666301,810.508,83.75560115582729,1.0,4.256,1.0,7.0,0,1,fixed_lag_waveform,1.0,767.7984000000001,812662045,0,0,169
101614,813454043,813452882,786.581,83.75560115582729,1.0,-1.161,1.0,7.0,0,1,fixed_lag_waveform,1.0,767.7984000000001,813454043,0,0,169
101712,814230044,814231862,778.98,83.75560115582729,1.0,1.818,1.0,7.0,0,1,fixed_lag_waveform,1.0,767.7984000000001,814230044,0,0,169
101812,815030043,815030172,798.31,77.02380035430949,1.0,0.129,1.0,7.0,0,1,fixed_lag_waveform,1.0,767.7984000000001,815030043,0,0,169
101912,815838044,815837244,807.072,76.44811848439056,1.0,-0.8,1.0,7.0,0,1,fixed_lag_waveform,1.0,787.8336,815838044,0,0,169
102013,816646046,816644446,807.202,76.27949314819453,1.0,-1.6,1.0,7.0,0,1,fixed_lag_waveform,1.0,795.15072,816646046,0,0,169
102112,817438043,817437510,793.064,75.65593697356077,1.0,-0.533,1.0,7.0,0,1,fixed_lag_waveform,1.0,795.70592,817438043,0,0,169
102217,818270045,818270174,832.664,75.15877290776767,1.0,0.129,1.0,7.0,0,1,fixed_lag_waveform,1.0,797.78048,818270045,0,0,169
102323,819118045,819122820,852.646,74.34280956345903,1.0,4.775,1.0,7.0,0,1,fixed_lag_waveform,1.0,804.8992000000001,819118045,0,0,169
102431,819990043,819987849,865.029,74.34280956345903,1.0,-2.194,1.0,7.0,0,1,fixed_lag_waveform,1.0,807.7030400000001,819990043,0,0,169
102534,820806043,820811110,823.261,74.3308366431203,1.0,5.067,1.0,7.0,0,1,fixed_lag_waveform,1.0,813.1430399999999,820806043,0,0,169
102638,821646043,821645905,834.795,72.88089682372905,1.0,-0.138,1.0,7.0,0,1,fixed_lag_waveform,1.0,813.18464,821646043,0,0,169
102745,822494043,822497243,851.338,72.0578768867154,1.0,3.2,1.0,7.0,0,1,fixed_lag_waveform,1.0,818.3235199999999,822494043,0,0,169
102852,823350044,823352496,855.253,71.87393312130523,1.0,2.452,1.0,7.0,0,1,fixed_lag_waveform,1.0,821.33248,823350044,0,0,169
102953,824166045,824164445,811.949,71.87393312130523,1.0,-1.6,1.0,7.0,0,1,fixed_lag_waveform,1.0,822.0144,824166045,0,0,169
103054,824974043,824972293,807.848,71.87393312130523,1.0,-1.75,1.0,7.0,0,1,fixed_lag_waveform,1.0,822.0144,824974043,0,0,169
103160,825814045,825814545,842.252,71.23758685049131,1.0,0.5,1.0,7.0,0,1,fixed_lag_waveform,1.0,822.0144,825814045,0,0,169
103266,826662046,826665546,851.001,71.23758685049131,1.0,3.5,1.0,7.0,0,1,fixed_lag_waveform,1.0,824.4006400000001,826662046,0,0,169
103367,827470044,827475761,810.215,71.87393312130523,1.0,5.717,1.0,7.0,0,1,fixed_lag_waveform,1.0,818.96064,827470044,0,0,169
103468,828278045,828282576,806.815,71.87393312130523,1.0,4.531,1.0,7.0,0,1,fixed_lag_waveform,1.0,816.5744,828278045,0,0,169
103568,829078046,829081014,798.438,73.89626688375748,1.0,2.968,1.0,7.0,0,1,fixed_lag_waveform,1.0,822.0144,829078046,0,0,169
103666,829862043,829864710,783.696,74.05441765457317,1.0,2.667,1.0,7.0,0,1,fixed_lag_waveform,1.0,814.70368,829862043,0,0,169
103758,830598046,830600446,735.736,74.27139758964559,1.0,2.4,1.0,7.0,0,1,fixed_lag_waveform,1.0,808.7088000000001,830598046,0,0,169
103853,831366043,831362319,761.873,74.36649045939899,1.0,-3.724,1.0,7.0,0,1,fixed_lag_waveform,1.0,807.95136,831366043,0,0,169
103949,832126043,832129011,766.692,75.14672397856816,1.0,2.968,1.0,7.0,0,1,fixed_lag_waveform,1.0,807.6208000000001,832126043,0,0,169
104047,832910043,832910172,781.161,76.56029889140687,1.0,0.129,1.0,7.0,0,1,fixed_lag_waveform,1.0,804.9401600000001,832910043,0,0,169
104139,833646043,833649269,739.097,76.80875005280602,1.0,3.226,1.0,7.0,0,1,fixed_lag_waveform,1.0,794.78272,833646043,0,0,169
104234,834406046,834406410,757.141,78.25828363932322,1.0,0.364,1.0,7.0,0,1,fixed_lag_waveform,1.0,793.97152,834406046,0,0,169
104333,835198043,835200396,793.986,78.25828363932322,1.0,2.353,1.0,7.0,0,1,fixed_lag_waveform,1.0,789.34144,835198043,0,0,169
104439,836046043,836046891,846.495,78.25828363932322,1.0,0.848,1.0,7.0,0,1,fixed_lag_waveform,1.0,783.9014400000001,836046043,0,0,169
104543,836878043,836879720,832.829,78.25828363932322,1.0,1.677,1.0,7.0,0,1,fixed_lag_waveform,1.0,783.9014400000001,836878043,0,0,169
104644,837686043,837687376,807.656,76.80875005280602,1.0,1.333,1.0,7.0,0,1,fixed_lag_waveform,1.0,778.46144,837686043,0,0,169
104747,838518043,838517102,829.726,75.5680830644369,1.0,-0.941,1.0,7.0,0,1,fixed_lag_waveform,1.0,783.09152,838518043,0,0,169
104849,839334043,839332293,815.191,74.28905375555931,1.0,-1.75,1.0,7.0,0,1,fixed_lag_waveform,1.0,787.19552,839334043,0,0,169
104946,840102044,840103862,771.569,74.28905375555931,1.0,1.818,1.0,7.0,0,1,fixed_lag_waveform,1.0,791.5699199999999,840102044,0,0,169
105044,840886044,840888868,785.006,74.28905375555931,1.0,2.824,1.0,7.0,0,1,fixed_lag_waveform,1.0,791.5699199999999,840886044,0,0,169
105138,841638043,841638293,749.425,74.28905375555931,1.0,0.25,1.0,7.0,0,1,fixed_lag_waveform,1.0,791.5699199999999,841638043,0,0,169
105225,842342043,842340624,702.331,74.28905375555931,1.0,-1.419,1.0,7.0,0,1,fixed_lag_waveform,1.0,791.5699199999999,842342043,0,0,169
105315,843062043,843059982,719.358,76.43253682137461,1.0,-2.061,1.0,7.0,0,1,fixed_lag_waveform,1.0,791.5699199999999,843062043,0,0,169
105408,843798043,843800932,740.95,77.76362191845448,1.0,2.889,1.0,7.0,0,1,fixed_lag_waveform,1.0,784.32192,843798043,0,0,169
105505,844574043,844574514,773.582,77.76362191845448,1.0,0.471,1.0,7.0,0,1,fixed_lag_waveform,1.0,780.02208,844574043,0,0,169
105600,845334043,845338562,764.048,78.52909764831529,1.0,4.519,1.0,7.0,0,1,fixed_lag_waveform,1.0,780.02208,845334043,0,0,169
105694,846086043,846089043,750.481,79.94872621691955,1.0,3.0,1.0,7.0,0,1,fixed_lag_waveform,1.0,777.61536,846086043,0,0,169
105794,846886045,846887378,798.335,79.94872621691955,1.0,1.333,1.0,7.0,0,1,fixed_lag_waveform,1.0,778.71392,846886045,0,0,169
105895,847694044,847695620,808.242,79.94872621691955,1.0,1.576,1.0,7.0,0,1,fixed_lag_waveform,1.0,773.27392,847694044,0,0,169
105992,848470043,848472495,776.875,78.52909764831529,1.0,2.452,1.0,7.0,0,1,fixed_lag_waveform,1.0,773.27392,848470043,0,0,169
106089,849246044,849249317,776.822,77.56126693744167,1.0,3.273,1.0,7.0,0,1,fixed_lag_waveform,1.0,777.61536,849246044,0,0,169
106186,850030045,850028633,779.316,77.2377713298542,1.0,-1.412,1.0,7.0,0,1,fixed_lag_waveform,1.0,775.2262400000001,850030045,0,0,169
106284,850814045,850812469,783.836,77.23250201126308,1.0,-1.576,1.0,7.0,0,1,fixed_lag_waveform,1.0,776.26304,850814045,0,0,169
106376,851542043,851544237,731.768,77.23250201126308,1.0,2.194,1.0,7.0,0,1,fixed_lag_waveform,1.0,776.2800000000001,851542043,0,0,169
106471,852302046,852303207,758.97,77.23250201126308,1.0,1.161,1.0,7.0,0,1,fixed_lag_waveform,1.0,776.2800000000001,852302046,0,0,185
106573,0,853122046,818.839,76.99059174968818,1.0,0.0,1.0,7.0,1,1,fixed_lag_waveform,1.0,781.72,0,1,0,17
106677,853950043,853953543,831.497,76.99059174968818,1.0,3.5,1.0,7.0,0,1,fixed_lag_waveform,1.0,782.50112,853950043,0,0,169
106778,854758043,854761785,808.242,76.99059174968818,1.0,3.742,1.0,7.0,0,1,fixed_lag_waveform,1.0,782.50112,854758043,0,0,169
106875,855534043,855537269,775.484,76.99059174968818,1.0,3.226,1.0,7.0,0,1,fixed_lag_waveform,1.0,782.50112,855534043,0,0,169
106972,856318043,856318043,780.774,76.84682123123977,1.0,0.0,1.0,7.0,0,1,fixed_lag_waveform,1.0,787.9411200000001,856318043,0,0,169
107071,857102046,857106843,788.8,76.5466245490128,1.0,4.797,1.0,7.0,0,1,fixed_lag_waveform,1.0,788.40768,857102046,0,0,169
107169,0,857894043,787.2,76.21951219512195,1.0,0.0,1.0,7.0,1,1,fixed_lag_waveform,1.0,789.3875200000001,0,1,0,17
107266,0,858667910,773.867,76.21951219512195,1.0,0.0,1.0,7.0,1,1,fixed_lag_waveform,1.0,790.464,0,1,0,17
107369,859486046,859486894,818.984,76.06490872210954,1.0,0.848,1.0,7.0,0,1,fixed_lag_waveform,1.0,790.464,859486046,0,0,169
107469,860294043,860293293,806.399,76.06490872210954,1.0,-0.75,1.0,7.0,0,1,fixed_lag_waveform,1.0,790.9760000000001,860294043,0,0,169
107566,0,861063645,770.352,76.21951219512195,1.0,0.0,1.0,7.0,1,1,fixed_lag_waveform,1.0,790.9760000000001,0,1,0,17
107661,0,861824976,761.331,76.84682123123977,1.0,0.0,1.0,7.0,1,1,fixed_lag_waveform,1.0,790.464,0,1,0,17
107759,0,862610576,785.6,76.37474541751527,1.0,0.0,1.0,7.0,1,1,fixed_lag_waveform,1.0,788.40768,0,1,0,17
107862,863438043,863433801,823.225,76.21951219512195,1.0,-4.242,1.0,7.0,0,1,fixed_lag_waveform,1.0,795.392,863438043,0,0,185
107964,864254043,864250817,817.016,76.21951219512195,1.0,-3.226,1.0,7.0,0,1,fixed_lag_waveform,1.0,790.464,864254043,0,0,185
108063,865038046,865040296,789.479,75.99948827011231,1.0,2.25,1.0,7.0,0,1,fixed_lag_waveform,1.0,790.464,865038046,0,0,185
108165,865862047,865860886,820.59,74.40485417268623,1.0,-1.161,1.0,7.0,0,1,fixed_lag_waveform,1.0,791.1932800000001,865862047,0,0,169
108270,866694043,866694164,833.278,74.40485417268623,1.0,0.121,1.0,7.0,0,1,fixed_lag_waveform,1.0,796.6076800000001,866694043,0,0,169
108368,867478043,867479204,785.04,75.99948827011231,1.0,1.161,1.0,7.0,0,1,fixed_lag_waveform,1.0,796.6076800000001,867478043,0,0,169
108463,868238044,868241244,762.04,75.99948827011231,1.0,3.2,1.0,7.0,0,1,fixed_lag_waveform,1.0,791.1932800000001,868238044,0,0,169
108561,869022043,869023836,782.592,75.99948827011231,1.0,1.793,1.0,7.0,0,1,fixed_lag_waveform,1.0,791.1932800000001,869022043,0,0,185
108659,869806043,869806543,782.707,75.99948827011231,1.0,0.5,1.0,7.0,0,1,fixed_lag_waveform,1.0,791.1932800000001,869806043,0,0,185
108753,0,870565353,758.81,76.42922653622746,1.0,0.0,1.0,7.0,1,1,fixed_lag_waveform,1.0,791.1932800000001,0,1,0,17
108851,871350043,871347543,782.19,76.65703769098782,1.0,-2.5,1.0,7.0,0,1,fixed_lag_waveform,1.0,789.7728000000001,871350043,0,0,185
108952,0,872155377,807.834,76.65703769098782,1.0,0.0,1.0,7.0,1,1,fixed_lag_waveform,1.0,789.02624,0,1,0,17
109054,872950043,872967284,811.907,76.65703769098782,1.0,17.241,1.0,7.0,0,1,fixed_lag_waveform,1.0,789.02624,872950043,0,0,185
109149,0,873734043,766.759,76.66830225711482,1.0,0.0,1.0,7.0,1,1,fixed_lag_waveform,1.0,789.02624,0,1,0,17
109250,874534045,874535378,801.335,76.66830225711482,1.0,1.333,1.0,7.0,0,1,fixed_lag_waveform,1.0,788.9894400000001,874534045,0,0,185
109354,875342043,875367643,832.265,76.65703769098782,1.0,25.6,1.0,7.0,0,1,fixed_lag_waveform,1.0,788.9894400000001,875342043,0,0,185
109453,0,876160329,792.686,75.69201424019094,1.0,0.0,1.0,7.0,1,1,fixed_lag_waveform,1.0,789.02624,0,1,0,17
109548,876918043,876922871,762.542,75.69201424019094,1.0,4.828,1.0,7.0,0,1,fixed_lag_waveform,1.0,792.2195200000001,876918043,0,0,185
109647,0,877714874,792.003,75.69201424019094,1.0,0.0,1.0,7.0,1,1,fixed_lag_waveform,1.0,786.77952,0,1,0,17
109747,878510043,878510733,795.859,75.39023872319092,1.0,0.69,1.0,7.0,0,1,fixed_lag_waveform,1.0,786.77952,878510043,0,0,185
109842,879278045,879278045,767.312,75.69201424019094,1.0,0.0,1.0,7.0,0,1,fixed_lag_waveform,1.0,787.79488,879278045,0,0,185
109934,880006043,880006181,728.136,75.7572887981485,1.0,0.138,1.0,7.0,0,1,fixed_lag_waveform,1.0,786.77952,880006043,0,0,169
110028,880766043,880765398,759.217,75.7572887981485,1.0,-0.645,1.0,7.0,0,1,fixed_lag_waveform,1.0,781.1209600000001,880766043,0,0,169
110127,881550043,881554304,788.906,76.05468839126588,1.0,4.261,1.0,7.0,0,1,fixed_lag_waveform,1.0,781.1209600000001,881550043,0,0,169
110228,882366043,882365398,811.094,76.05468839126588,1.0,-0.645,1.0,7.0,0,1,fixed_lag_waveform,1.0,780.1299200000001,882366043,0,0,169
110328,883166043,883165914,800.516,76.05468839126588,1.0,-0.129,1.0,7.0,0,1,fixed_lag_waveform,1.0,774.68992,883166043,0,0,169
110420,883902043,883901776,735.862,76.05468839126588,1.0,-0.267,1.0,7.0,0,1,fixed_lag_waveform,1.0,774.68992,883902043,0,0,169
110513,884638043,884639690,737.914,78.19504973205163,1.0,1.647,1.0,7.0,0,1,fixed_lag_waveform,1.0,774.68992,884638043,0,0,169
110603,885358043,885362559,722.869,79.02878887063909,1.0,4.516,1.0,7.0,0,1,fixed_lag_waveform,1.0,767.77984,885358043,0,0,169
110703,886158043,886159720,797.161,79.02878887063909,1.0,1.677,1.0,7.0,0,1,fixed_lag_waveform,1.0,770.62944,886158043,0,0,169
110793,886878043,886882331,722.611,79.02878887063909,1.0,4.288,1.0,7.0,0,1,fixed_lag_waveform,1.0,765.18944,886878043,0,0,169
110881,887590047,887588400,706.069,81.31028819076478,1.0,-1.647,1.0,7.0,0,1,fixed_lag_waveform,1.0,765.18944,887590047,0,0,169
110974,888326046,888330046,741.646,81.31028819076478,1.0,4.0,1.0,7.0,0,1,fixed_lag_waveform,1.0,758.37248,888326046,0,0,169
111067,889070043,889076043,745.997,81.31028819076478,1.0,6.0,1.0,7.0,0,1,fixed_lag_waveform,1.0,763.81248,889070043,0,0,169
111156,889782043,889787110,711.067,81.53702732305786,1.0,5.067,1.0,7.0,0,1,fixed_lag_waveform,1.0,758.37248,889782043,0,0,169
111247,890510043,890513801,726.691,82.56604251325528,1.0,3.758,1.0,7.0,0,1,fixed_lag_waveform,1.0,757.7158400000001,890510043,0,0,169
111345,891294043,891296793,782.992,82.56604251325528,1.0,2.75,1.0,7.0,0,1,fixed_lag_waveform,1.0,760.22112,891294043,0,0,169
111450,892134043,892137543,840.75,80.90113072813715,1.0,3.5,1.0,7.0,0,1,fixed_lag_waveform,1.0,760.22112,892134043,0,0,169
111556,892990043,892988624,851.081,80.90113072813715,1.0,-1.419,1.0,7.0,0,1,fixed_lag_waveform,1.0,765.0067200000001,892990043,0,0,169
111657,893790043,893793186,804.562,80.4292778657287,1.0,3.143,1.0,7.0,0,1,fixed_lag_waveform,1.0,759.56672,893790043,0,0,169
111755,894582044,894581794,788.608,76.62913541900812,1.0,-0.25,1.0,7.0,0,1,fixed_lag_waveform,1.0,760.95904,894582044,0,0,169
111855,895382043,895380976,799.182,76.08342801493265,1.0,-1.067,1.0,7.0,0,1,fixed_lag_waveform,1.0,778.2374400000001,895382043,0,0,169
111955,896182045,896181142,800.166,75.07676599322808,1.0,-0.903,1.0,7.0,0,1,fixed_lag_waveform,1.0,780.03456,896182045,0,0,169
112052,896950046,896953513,772.371,75.07676599322808,1.0,3.467,1.0,7.0,0,1,fixed_lag_waveform,1.0,783.4182400000001,896950046,0,0,169
112150,897734043,897736495,782.982,75.07676599322808,1.0,2.452,1.0,7.0,0,1,fixed_lag_waveform,1.0,788.85824,897734043,0,0,169
112249,898526043,898530043,793.548,75.07676599322808,1.0,4.0,1.0,7.0,0,1,fixed_lag_waveform,1.0,788.85824,898526043,0,0,169
112348,899318046,899318546,788.503,75.60979298038681,1.0,0.5,1.0,7.0,0,1,fixed_lag_waveform,1.0,794.2982400000001,899318046,0,0,169
112442,900070043,900071284,752.738,76.08342801493265,1.0,1.241,1.0,7.0,0,1,fixed_lag_waveform,1.0,792.4953600000001,900070043,0,0,169
112536,0,900825793,754.509,76.09355956794076,1.0,0.0,1.0,7.0,1,1,fixed_lag_waveform,1.0,796.35456,0,1,0,17
112636,901630043,901626301,800.508,76.09355956794076,1.0,-3.742,1.0,7.0,0,1,fixed_lag_waveform,1.0,796.32096,901630043,0,0,185
112736,0,902422579,796.278,76.09355956794076,1.0,0.0,1.0,7.0,1,1,fixed_lag_waveform,1.0,796.32096,0,1,0,17
112833,0,903200497,777.918,76.6301141022399,1.0,0.0,1.0,7.0,1,1,fixed_lag_waveform,1.0,796.32096,0,1,0,17
112930,903966047,903977543,777.046,76.6301141022399,1.0,11.496,1.0,7.0,0,1,fixed_lag_waveform,1.0,794.5542399999999,903966047,0,0,185
113034,904814044,904811044,833.501,76.09355956794076,1.0,-3.0,1.0,7.0,0,1,fixed_lag_waveform,1.0,789.1142400000001,904814044,0,0,169
113140,905654043,905654688,843.644,76.09355956794076,1.0,0.645,1.0,7.0,0,1,fixed_lag_waveform,1.0,790.8809600000001,905654043,0,0,169
113242,906470043,906470543,815.855,75.35056852003949,1.0,0.5,1.0,7.0,0,1,fixed_lag_waveform,1.0,785.44096,906470043,0,0,169
113345,907294046,907294796,824.253,74.9524052226836,1.0,0.75,1.0,7.0,0,1,fixed_lag_waveform,1.0,787.92896,907294046,0,0,169
113448,908118043,908119043,824.247,73.54247997499556,1.0,1.0,1.0,7.0,0,1,fixed_lag_waveform,1.0,789.2825600000001,908118043,0,0,169
113546,908910043,908908043,789.0,73.54247997499556,1.0,-2.0,1.0,7.0,0,1,fixed_lag_waveform,1.0,794.1936000000001,908910043,0,0,169
113642,909678043,909677398,769.355,73.54247997499556,1.0,-0.645,1.0,7.0,0,1,fixed_lag_waveform,1.0,788.7536,909678043,0,0,169
113740,910454043,910454843,777.445,73.54247997499556,1.0,0.8,1.0,7.0,0,1,fixed_lag_waveform,1.0,788.7536,910454043,0,0,169
113833,911198043,911202846,748.003,73.54247997499556,1.0,4.803,1.0,7.0,0,1,fixed_lag_waveform,1.0,788.7536,911198043,0,0,169
113925,0,911938310,735.464,76.04562737642586,1.0,0.0,1.0,7.0,1,1,fixed_lag_waveform,1.0,783.3136,0,1,0,17
114018,912342043,912685679,747.369,77.17587739325612,1.0,343.636,1.0,7.0,1,1,fixed_lag_waveform,1.0,774.72,912342043,0,0,185
114110,913414043,913417527,731.848,77.98740503408699,1.0,3.484,1.0,7.0,0,1,fixed_lag_waveform,1.0,771.0224000000001,913414043,0,0,169
114199,914126043,914130043,712.516,80.21358203108811,1.0,4.0,1.0,7.0,0,1,fixed_lag_waveform,1.0,762.9936,914126043,0,0,169
114291,914870043,914868631,738.588,80.28162795085159,1.0,-1.412,1.0,7.0,0,1,fixed_lag_waveform,1.0,756.16096,914870043,0,0,169
114383,915606043,915603333,734.702,81.23608831987522,1.0,-2.71,1.0,7.0,0,1,fixed_lag_waveform,1.0,750.51808,915606043,0,0,169
114475,916342046,916340446,737.113,81.39864579786274,1.0,-1.6,1.0,7.0,0,1,fixed_lag_waveform,1.0,742.2681600000001,916342046,0,0,169
114571,917102043,917104161,763.715,81.39864579786274,1.0,2.118,1.0,7.0,0,1,fixed_lag_waveform,1.0,736.35616,917102043,0,0,169
114662,917830046,917830949,726.788,81.58115149075957,1.0,0.903,1.0,7.0,0,1,fixed_lag_waveform,1.0,736.35616,917830046,0,0,169
114746,918510043,918506984,676.035,81.66576380627792,1.0,-3.059,1.0,7.0,0,1,fixed_lag_waveform,1.0,735.82848,918510043,0,0,169
114830,919182044,919182044,675.06,81.98423716400127,1.0,0.0,1.0,7.0,0,1,fixed_lag_waveform,1.0,735.58464,919182044,0,0,169
114912,0,919830166,648.122,82.55502292277804,1.0,0.0,1.0,7.0,1,1,fixed_lag_waveform,1.0,734.67136,0,1,0,17
114993,920478046,920482843,652.677,82.55502292277804,1.0,4.797,1.0,7.0,0,1,fixed_lag_waveform,1.0,733.05216,920478046,0,0,169
115079,921166043,921169543,686.7,87.3743993010048,1.0,3.5,1.0,7.0,0,1,fixed_lag_waveform,1.0,733.05216,921166043,0,0,169
115167,921870043,921870293,700.75,87.3743993010048,1.0,0.25,1.0,7.0,0,1,fixed_lag_waveform,1.0,720.224,921870043,0,0,169
115256,922590043,922588543,718.25,87.3743993010048,1.0,-1.5,1.0,7.0,0,1,fixed_lag_waveform,1.0,720.224,922590043,0,0,169
115343,923286046,923283296,694.753,87.3743993010048,1.0,-2.75,1.0,7.0,0,1,fixed_lag_waveform,1.0,720.224,923286046,0,0,169
115430,923982043,923980225,696.929,87.3743993010048,1.0,-1.818,1.0,7.0,0,1,fixed_lag_waveform,1.0,720.224,923982043,0,0,169
115523,924718043,924720753,740.528,86.36162780153522,1.0,2.71,1.0,7.0,0,1,fixed_lag_waveform,1.0,720.224,924718043,0,0,169
115622,925518044,925518044,797.291,86.09198354495221,1.0,0.0,1.0,7.0,0,1,fixed_lag_waveform,1.0,722.80096,925518044,0,0,169
115725,926334043,926336867,818.823,85.62254727078131,1.0,2.824,1.0,7.0,0,1,fixed_lag_waveform,1.0,723.49728,926334043,0,0,169
115826,927150043,927148976,812.109,83.53637312913331,1.0,-1.067,1.0,7.0,0,1,fixed_lag_waveform,1.0,719.28,927150043,0,0,169
115924,927934043,927931110,782.134,81.02326988311043,1.0,-2.933,1.0,7.0,0,1,fixed_lag_waveform,1.0,719.44,927934043,0,0,169
116022,928710043,928712495,781.385,76.78673125283952,1.0,2.452,1.0,7.0,0,1,fixed_lag_waveform,1.0,721.12896,928710043,0,0,169
116121,929510043,929508108,795.613,76.71319748278428,1.0,-1.935,1.0,7.0,0,1,fixed_lag_waveform,1.0,734.2032,929510043,0,0,169
116221,930302043,930305527,797.419,75.41354904960075,1.0,3.484,1.0,7.0,0,1,fixed_lag_waveform,1.0,734.4428800000001,930302043,0,0,169
116311,0,931029008,723.481,75.41354904960075,1.0,0.0,1.0,7.0,1,1,fixed_lag_waveform,1.0,738.75616,0,1,0,17
116396,931702043,931705043,676.035,75.41354904960075,1.0,3.0,1.0,7.0,0,1,fixed_lag_waveform,1.0,738.75616,931702043,0,0,169
116475,932334043,932338046,633.003,76.71319748278428,1.0,4.003,1.0,7.0,0,1,fixed_lag_waveform,1.0,744.1961600000001,932334043,0,0,169
116553,932958043,932960329,622.283,76.78673125283952,1.0,2.286,1.0,7.0,0,1,fixed_lag_waveform,1.0,739.88288,932958043,0,0,169
116633,933598044,933599463,639.134,82.93237832092342,1.0,1.419,1.0,7.0,0,1,fixed_lag_waveform,1.0,739.6432,933598044,0,0,169
116715,934254043,934255293,655.83,88.75280126028979,1.0,1.25,1.0,7.0,0,1,fixed_lag_waveform,1.0,726.5539200000001,934254043,0,0,169
116797,0,934910514,655.221,91.48712318741137,1.0,0.0,1.0,7.0,1,1,fixed_lag_waveform,1.0,711.3712,0,1,0,17
116876,935542046,935543646,633.132,91.5721565700733,1.0,1.6,1.0,7.0,0,1,fixed_lag_waveform,1.0,704.9056,935542046,0,0,169
116958,936206043,936204624,660.978,91.5721565700733,1.0,-1.419,1.0,7.0,0,1,fixed_lag_waveform,1.0,704.71072,936206043,0,0,169
117044,936886046,936886736,682.112,91.5721565700733,1.0,0.69,1.0,7.0,0,1,fixed_lag_waveform,1.0,699.27072,936886046,0,0,169
117130,937574044,937576813,690.077,91.5721565700733,1.0,2.769,1.0,7.0,0,1,fixed_lag_waveform,1.0,699.27072,937574044,0,0,169
117216,938262045,938264125,687.312,91.48712318741137,1.0,2.08,1.0,7.0,0,1,fixed_lag_waveform,1.0,693.83072,938262045,0,0,169
117306,0,938983610,719.485,90.77457948676053,1.0,0.0,1.0,7.0,1,1,fixed_lag_waveform,1.0,694.0256,0,1,0,17
117399,939422045,939730932,747.322,87.96209420153876,1.0,308.887,1.0,7.0,1,1,fixed_lag_waveform,1.0,690.23296,939422045,0,0,185
117493,0,940480614,749.682,87.2965989245059,1.0,0.0,1.0,7.0,1,1,fixed_lag_waveform,1.0,696.99584,0,1,0,17
117588,0,941245243,764.629,86.946818978172,1.0,0.0,1.0,7.0,1,1,fixed_lag_waveform,1.0,693.21984,0,1,0,17
117683,942006047,942006047,760.804,83.39298248052427,1.0,0.0,1.0,7.0,0,1,fixed_lag_waveform,1.0,688.6646400000001,942006047,0,0,169
117775,942742043,942739591,733.544,81.79468443610745,1.0,-2.452,1.0,7.0,0,1,fixed_lag_waveform,1.0,698.0752,942742043,0,0,169
117864,943446044,943449492,709.901,81.79468443610745,1.0,3.448,1.0,7.0,0,1,fixed_lag_waveform,1.0,702.5740800000001,943446044,0,0,169
117954,944166043,944170579,721.087,81.79468443610745,1.0,4.536,1.0,7.0,0,1,fixed_lag_waveform,1.0,702.5740800000001,944166043,0,0,169
118046,944902043,944903293,732.714,81.79468443610745,1.0,1.25,1.0,7.0,0,1,fixed_lag_waveform,1.0,708.01408,944902043,0,0,169
118136,945622043,945624176,720.883,81.79468443610745,1.0,2.133,1.0,7.0,0,1,fixed_lag_waveform,1.0,718.89408,945622043,0,0,169
118223,946326043,946325437,701.261,81.8873393984556,1.0,-0.606,1.0,7.0,0,1,fixed_lag_waveform,1.0,724.3340800000001,946326043,0,0,169
118310,947014043,947014487,689.05,83.2077128002585,1.0,0.444,1.0,7.0,0,1,fixed_lag_waveform,1.0,729.5084800000001,947014043,0,0,169
118393,0,947679693,665.206,83.23125944154599,1.0,0.0,1.0,7.0,1,1,fixed_lag_waveform,1.0,731.22784,0,1,0,17
118471,948302043,948305814,626.121,84.51882727309865,1.0,3.771,1.0,7.0,0,1,fixed_lag_waveform,1.0,742.0425600000001,948302043,0,0,169
118551,948950043,948948487,642.673,85.56015520612155,1.0,-1.556,1.0,7.0,0,1,fixed_lag_waveform,1.0,749.40832,948950043,0,0,169
118635,949614046,949618265,669.778,87.07640954937959,1.0,4.219,1.0,7.0,0,1,fixed_lag_waveform,1.0,752.08352,949614046,0,0,169
118722,950310043,950310151,691.886,87.07640954937959,1.0,0.108,1.0,7.0,0,1,fixed_lag_waveform,1.0,753.616,950310043,0,0,169
118816,951070046,951070046,759.895,87.07640954937959,1.0,0.0,1.0,7.0,0,1,fixed_lag_waveform,1.0,759.056,951070046,0,0,169
118916,951870044,951867685,797.639,87.07640954937959,1.0,-2.359,1.0,7.0,0,1,fixed_lag_waveform,1.0,759.056,951870044,0,0,169
119022,952718046,952715730,848.045,87.07640954937959,1.0,-2.316,1.0,7.0,0,1,fixed_lag_waveform,1.0,759.056,952718046,0,0,169
119131,953582046,953583602,867.872,86.71948847064401,1.0,1.556,1.0,7.0,0,1,fixed_lag_waveform,1.0,748.176,953582046,0,0,169
119239,954446045,954448609,865.007,78.95827713039301,1.0,2.564,1.0,7.0,0,1,fixed_lag_waveform,1.0,749.08352,954446045,0,0,169
119351,955342045,955343789,895.18,75.22199892432542,1.0,1.744,1.0,7.0,0,1,fixed_lag_waveform,1.0,770.8464000000001,955342045,0,0,169
119463,956246043,956244569,900.78,70.75096250788579,1.0,-1.474,1.0,7.0,0,1,fixed_lag_waveform,1.0,782.9244800000001,956246043,0,0,169
119576,956918044,957147994,903.425,69.36360052577609,1.0,229.95,1.0,7.0,1,1,fixed_lag_waveform,1.0,799.0544,956918044,0,0,185
119681,0,957988468,840.474,69.36360052577609,1.0,0.0,1.0,7.0,1,1,fixed_lag_waveform,1.0,804.48224,0,1,0,17
119775,958734046,958737804,749.336,69.36360052577609,1.0,3.758,1.0,7.0,0,1,fixed_lag_waveform,1.0,809.92224,958734046,0,0,169
119864,959454043,959452043,714.239,69.36360052577609,1.0,-2.0,1.0,7.0,0,1,fixed_lag_waveform,1.0,809.92224,959454043,0,0,169
119949,960126045,960128267,676.224,69.36360052577609,1.0,2.222,1.0,7.0,0,1,fixed_lag_waveform,1.0,809.92224,960126045,0,0,169
120031,960782043,960784097,655.83,71.38828803746458,1.0,2.054,1.0,7.0,0,1,fixed_lag_waveform,1.0,815.36224,960782043,0,0,169
120121,961502043,961503529,719.432,80.07088942743975,1.0,1.486,1.0,7.0,0,1,fixed_lag_waveform,1.0,807.5116800000001,961502043,0,0,169
120213,962238043,962242265,738.736,81.21981330272249,1.0,4.222,1.0,7.0,0,1,fixed_lag_waveform,1.0,778.34752,962238043,0,0,169
120304,962966045,962968934,726.669,82.568542211103,1.0,2.889,1.0,7.0,0,1,fixed_lag_waveform,1.0,774.9555200000001,962966045,0,0,169
120399,963734044,963732149,763.215,82.568542211103,1.0,-1.895,1.0,7.0,0,1,fixed_lag_waveform,1.0,771.0940800000001,963734044,0,0,169
120498,964518046,964518467,786.318,82.568542211103,1.0,0.421,1.0,7.0,0,1,fixed_lag_waveform,1.0,765.65408,964518046,0,0,169
120594,965286043,965287300,768.833,82.568542211103,1.0,1.257,1.0,7.0,0,1,fixed_lag_waveform,1.0,760.2140800000001,965286043,0,0,169
120686,0,966024903,737.603,81.34457153780558,1.0,0.0,1.0,7.0,1,1,fixed_lag_waveform,1.0,754.77408,0,1,0,17
120782,0,966795557,770.654,81.21981330272249,1.0,0.0,1.0,7.0,1,1,fixed_lag_waveform,1.0,752.8329600000001,0,1,0,17
120879,0,967569622,774.065,78.61480709891708,1.0,0.0,1.0,7.0,1,1,fixed_lag_waveform,1.0,753.1955200000001,0,1,0,17
120977,0,968355559,785.937,78.04035466739852,1.0,0.0,1.0,7.0,1,1,fixed_lag_waveform,1.0,755.5888,0,1,0,17
121076,0,969147821,792.262,77.85595091960855,1.0,0.0,1.0,7.0,1,1,fixed_lag_waveform,1.0,757.38656,0,1,0,17
121173,969918043,969920932,773.111,77.60851934586366,1.0,2.889,1.0,7.0,0,1,fixed_lag_waveform,1.0,757.96928,969918043,0,0,185
121268,970342043,970680359,759.427,77.60851934586366,1.0,338.316,1.0,7.0,1,1,fixed_lag_waveform,1.0,758.75552,970342043,0,0,185
121361,971430043,971427925,747.566,77.85595091960855,1.0,-2.118,1.0,7.0,0,1,fixed_lag_waveform,1.0,758.75552,971430043,0,0,169
121451,972142044,972145828,717.903,77.85595091960855,1.0,3.784,1.0,7.0,0,1,fixed_lag_waveform,1.0,763.4092800000001,972142044,0,0,169
121543,972878043,972879154,733.326,77.85595091960855,1.0,1.111,1.0,7.0,0,1,fixed_lag_waveform,1.0,763.4092800000001,972878043,0,0,169
121634,973614043,973613502,734.348,79.00693549215396,1.0,-0.541,1.0,7.0,0,1,fixed_lag_waveform,1.0,763.4092800000001,973614043,0,0,169
121725,974334043,974336043,722.541,80.26047198508225,1.0,2.0,1.0,7.0,0,1,fixed_lag_waveform,1.0,759.8166400000001,974334043,0,0,169
121822,975118043,975115599,779.556,80.26047198508225,1.0,-2.444,1.0,7.0,0,1,fixed_lag_waveform,1.0,756.0211200000001,975118043,0,0,169
121922,975918043,975916043,800.444,80.26047198508225,1.0,-2.0,1.0,7.0,0,1,fixed_lag_waveform,1.0,756.0211200000001,975918043,0,0,169
122021,976702043,976704097,788.054,80.26047198508225,1.0,2.054,1.0,7.0,0,1,fixed_lag_waveform,1.0,756.0211200000001,976702043,0,0,169
122115,977454047,977454161,750.064,80.26047198508225,1.0,0.114,1.0,7.0,0,1,fixed_lag_waveform,1.0,761.46112,977454047,0,0,169
122210,978214045,978214712,760.551,79.99317391582585,1.0,0.667,1.0,7.0,0,1,fixed_lag_waveform,1.0,761.46112,978214045,0,0,169
122300,978934043,978938932,724.22,79.99317391582585,1.0,4.889,1.0,7.0,0,1,fixed_lag_waveform,1.0,762.26048,978934043,0,0,169
122385,979622046,979619602,680.67,79.99317391582585,1.0,-2.444,1.0,7.0,0,1,fixed_lag_waveform,1.0,762.26048,979622046,0,0,169
122476,0,980347307,727.705,79.99317391582585,1.0,0.0,1.0,7.0,1,1,fixed_lag_waveform,1.0,762.26048,0,1,0,17
122570,0,981101624,754.317,79.54215535378363,1.0,0.0,1.0,7.0,1,1,fixed_lag_waveform,1.0,756.8204800000001,0,1,0,17
122669,0,981889178,787.554,79.54215535378363,1.0,0.0,1.0,7.0,1,1,fixed_lag_waveform,1.0,758.1814400000001,0,1,0,17
122772,0,982710803,821.625,79.54215535378363,1.0,0.0,1.0,7.0,1,1,fixed_lag_waveform,1.0,758.1814400000001,0,1,0,17
122873,983526046,983525440,814.637,79.54215535378363,1.0,-0.606,1.0,7.0,0,1,fixed_lag_waveform,1.0,758.1814400000001,983526046,0,0,185
122970,0,984297339,771.899,78.89017304559457,1.0,0.0,1.0,7.0,1,1,fixed_lag_waveform,1.0,758.1814400000001,0,1,0,17
123067,0,985070514,773.175,77.73037664254002,1.0,0.0,1.0,7.0,1,1,fixed_lag_waveform,1.0,760.17632,0,1,0,17
123165,985854043,985859293,788.779,77.60209525657193,1.0,5.25,1.0,7.0,0,1,fixed_lag_waveform,1.0,769.24768,985854043,0,0,185
123264,0,986649129,789.836,76.18525205890644,1.0,0.0,1.0,7.0,1,1,fixed_lag_waveform,1.0,769.656,0,1,0,17
123361,987422043,987423986,774.857,76.18525205890644,1.0,1.943,1.0,7.0,0,1,fixed_lag_waveform,1.0,768.8172800000001,987422043,0,0,185
123457,988190046,988191693,767.707,76.18525205890644,1.0,1.647,1.0,7.0,0,1,fixed_lag_waveform,1.0,768.8172800000001,988190046,0,0,185
123548,988918043,988922576,730.883,77.43364259469813,1.0,4.533,1.0,7.0,0,1,fixed_lag_waveform,1.0,768.8172800000001,988918043,0,0,169
123636,989622046,989626046,703.47,77.60209525657193,1.0,4.0,1.0,7.0,0,1,fixed_lag_waveform,1.0,764.7542400000001,989622046,0,0,169
123725,990334043,990337572,711.526,77.73037664254002,1.0,3.529,1.0,7.0,0,1,fixed_lag_waveform,1.0,769.656,990334043,0,0,169
123818,991078047,991082278,744.706,78.15481687675116,1.0,4.231,1.0,7.0,0,1,fixed_lag_waveform,1.0,769.24768,991078047,0,0,169
123911,991822043,991823543,741.265,80.56870765107304,1.0,1.5,1.0,7.0,0,1,fixed_lag_waveform,1.0,767.90624,991822043,0,0,169
124006,992582046,992586302,762.759,80.56870765107304,1.0,4.256,1.0,7.0,0,1,fixed_lag_waveform,1.0,760.54592,992582046,0,0,169
124104,993366046,993366652,780.35,80.56870765107304,1.0,0.606,1.0,7.0,0,1,fixed_lag_waveform,1.0,755.1059200000001,993366046,0,0,169
124199,994134046,994134046,767.394,80.56870765107304,1.0,0.0,1.0,7.0,0,1,fixed_lag_waveform,1.0,749.66592,994134046,0,0,169
124297,994910043,994910749,776.703,80.56870765107304,1.0,0.706,1.0,7.0,0,1,fixed_lag_waveform,1.0,744.2259200000001,994910043,0,0,169
124395,995694045,995695295,784.546,78.66180536709498,1.0,1.25,1.0,7.0,0,1,fixed_lag_waveform,1.0,738.78592,995694045,0,0,169
124489,996446047,996448980,753.685,78.66180536709498,1.0,2.933,1.0,7.0,0,1,fixed_lag_waveform,1.0,744.5628800000001,996446047,0,0,169
124583,997198043,997200831,751.851,78.66180536709498,1.0,2.788,1.0,7.0,0,1,fixed_lag_waveform,1.0,744.5628800000001,997198043,0,0,169
124672,997918043,997918043,717.212,78.66180536709498,1.0,0.0,1.0,7.0,0,1,fixed_lag_waveform,1.0,744.5628800000001,997918043,0,0,169
124758,0,998605656,687.613,78.66180536709498,1.0,0.0,1.0,7.0,1,1,fixed_lag_waveform,1.0,744.5628800000001,0,1,0,17
124845,999302045,999299500,693.844,79.60885515832211,1.0,-2.545,1.0,7.0,0,1,fixed_lag_waveform,1.0,744.5628800000001,999302045,0,0,169
124931,999694045,999986576,687.076,79.80304608226896,1.0,292.531,1.0,7.0,1,1,fixed_lag_waveform,1.0,747.0992,999694045,0,0,169
125014,1000654044,1000651983,665.407,83.657272884447,1.0,-2.061,1.0,7.0,0,1,fixed_lag_waveform,1.0,746.51232,1000654044,0,0,169
125093,1001286045,1001284469,632.486,86.47476954473916,1.0,-1.576,1.0,7.0,0,1,fixed_lag_waveform,1.0,740.86784,1001286045,0,0,169
125170,1001902046,1001900470,616.001,87.25838516723796,1.0,-1.576,1.0,7.0,0,1,fixed_lag_waveform,1.0,733.39008,1001902046,0,0,169
125251,0,1002543690,643.22,87.3265839586887,1.0,0.0,1.0,7.0,1,1,fixed_lag_waveform,1.0,736.8361600000001,0,1,0,17
125339,0,1003248487,704.797,87.3265839586887,1.0,0.0,1.0,7.0,1,1,fixed_lag_waveform,1.0,736.6643200000001,0,1,0,17
125434,0,1004012559,764.072,87.3265839586887,1.0,0.0,1.0,7.0,1,1,fixed_lag_waveform,1.0,736.6643200000001,0,1,0,17
125535,1004822043,1004821821,809.262,87.3265839586887,1.0,-0.222,1.0,7.0,0,1,fixed_lag_waveform,1.0,736.6643200000001,1004822043,0,0,169
125636,0,1005628205,806.384,87.3265839586887,1.0,0.0,1.0,7.0,1,1,fixed_lag_waveform,1.0,736.6643200000001,0,1,0,17
125737,0,1006432900,804.695,85.13089584660547,1.0,0.0,1.0,7.0,1,1,fixed_lag_waveform,1.0,736.6643200000001,0,1,0,17
125837,1007238043,1007237014,804.114,78.52663099812582,1.0,-1.029,1.0,7.0,0,1,fixed_lag_waveform,1.0,742.33504,1007238043,0,0,169
125938,1008038045,1008038516,801.502,74.85945138003399,1.0,0.471,1.0,7.0,0,1,fixed_lag_waveform,1.0,761.30304,1008038045,0,0,169
126037,0,1008832900,794.384,74.85945138003399,1.0,0.0,1.0,7.0,1,1,fixed_lag_waveform,1.0,767.84064,0,1,0,17
126136,1009630043,1009629154,796.254,74.85945138003399,1.0,-0.889,1.0,7.0,0,1,fixed_lag_waveform,1.0,767.84064,1009630043,0,0,169
126237,1010438046,1010437602,808.448,74.61628575052791,1.0,-0.444,1.0,7.0,0,1,fixed_lag_waveform,1.0,767.84064,1010438046,0,0,169
126339,1011254043,1011253337,815.735,74.56241184548182,1.0,-0.706,1.0,7.0,0,1,fixed_lag_waveform,1.0,774.1164800000001,1011254043,0,0,185
126435,1012022046,1012020470,767.133,74.61628575052791,1.0,-1.576,1.0,7.0,0,1,fixed_lag_waveform,1.0,774.3024,1012022046,0,0,169
126531,1012790043,1012788467,767.997,74.85945138003399,1.0,-1.576,1.0,7.0,0,1,fixed_lag_waveform,1.0,774.1164800000001,1012790043,0,0,169
126627,0,1013555875,767.408,75.35283967176302,1.0,0.0,1.0,7.0,1,1,fixed_lag_waveform,1.0,778.72064,0,1,0,17
126718,1014286046,1014284399,728.524,75.53022215956011,1.0,-1.647,1.0,7.0,0,1,fixed_lag_waveform,1.0,777.04128,1014286046,0,0,169
126804,1014974046,1014973682,689.283,78.12530517697336,1.0,-0.364,1.0,7.0,0,1,fixed_lag_waveform,1.0,781.8828800000001,1014974046,0,0,169
126892,1015678047,1015677812,704.13,78.185267810604,1.0,-0.235,1.0,7.0,0,1,fixed_lag_waveform,1.0,773.4390400000001,1015678047,0,0,169
126984,1016406043,1016410265,732.453,78.21329547809832,1.0,4.222,1.0,7.0,0,1,fixed_lag_waveform,1.0,773.2505600000001,1016406043,0,0,169
127074,1017126044,1017130280,720.015,81.91651887561386,1.0,4.236,1.0,7.0,0,1,fixed_lag_waveform,1.0,773.1625600000001,1017126044,0,0,169
127163,1017838043,1017843259,712.979,82.3583025404791,1.0,5.216,1.0,7.0,0,1,fixed_lag_waveform,1.0,762.06496,1017838043,0,0,169
127258,1018606046,1018605157,761.898,82.3583025404791,1.0,-0.889,1.0,7.0,0,1,fixed_lag_waveform,1.0,755.3676800000001,1018606046,0,0,169
127355,1019374043,1019375529,770.372,82.3583025404791,1.0,1.486,1.0,7.0,0,1,fixed_lag_waveform,1.0,755.3676800000001,1019374043,0,0,169
127448,1020118047,1020120635,745.106,82.3583025404791,1.0,2.588,1.0,7.0,0,1,fixed_lag_waveform,1.0,755.3676800000001,1020118047,0,0,169
127544,1020894043,1020894043,773.408,81.91651887561386,1.0,0.0,1.0,7.0,0,1,fixed_lag_waveform,1.0,749.92768,1020894043,0,0,185
127643,0,1021678278,784.235,80.52545543855506,1.0,0.0,1.0,7.0,1,1,fixed_lag_waveform,1.0,751.18496,0,1,0,17
127744,1022486045,1022488445,810.167,78.75069891245285,1.0,2.4,1.0,7.0,0,1,fixed_lag_waveform,1.0,755.2339200000001,1022486045,0,0,185
127842,0,1023276471,788.026,77.88445062904675,1.0,0.0,1.0,7.0,1,1,fixed_lag_waveform,1.0,760.6073600000001,0,1,0,17
127942,1024078043,1024073379,796.908,77.5787165377136,1.0,-4.664,1.0,7.0,0,1,fixed_lag_waveform,1.0,763.3190400000001,1024078043,0,0,185
128040,0,1024855690,782.311,76.69584091237373,1.0,0.0,1.0,7.0,1,1,fixed_lag_waveform,1.0,769.73056,0,1,0,17
128136,1025622043,1025626043,770.353,76.69584091237373,1.0,4.0,1.0,7.0,0,1,fixed_lag_waveform,1.0,772.57952,1025622043,0,0,185
128230,1026382047,1026379459,753.416,76.69584091237373,1.0,-2.588,1.0,7.0,0,1,fixed_lag_waveform,1.0,778.01952,1026382047,0,0,185
128324,1027126043,1027127154,747.695,76.69584091237373,1.0,1.111,1.0,7.0,0,1,fixed_lag_waveform,1.0,778.01952,1027126043,0,0,169
128418,1027878043,1027880104,752.95,76.69584091237373,1.0,2.061,1.0,7.0,0,1,fixed_lag_waveform,1.0,778.01952,1027878043,0,0,169
128515,1028654047,1028656269,776.165,77.30315074758589,1.0,2.222,1.0,7.0,0,1,fixed_lag_waveform,1.0,783.45952,1028654047,0,0,169
128614,1029446043,1029448831,792.562,77.30315074758589,1.0,2.788,1.0,7.0,0,1,fixed_lag_waveform,1.0,781.4928,1029446043,0,0,169
128712,1030230046,1030232107,783.276,77.30315074758589,1.0,2.061,1.0,7.0,0,1,fixed_lag_waveform,1.0,786.9328,1030230046,0,0,169
128812,1031030047,1031032635,800.528,77.30315074758589,1.0,2.588,1.0,7.0,0,1,fixed_lag_waveform,1.0,786.9328,1031030047,0,0,169
128915,0,1031855619,822.984,77.30315074758589,1.0,0.0,1.0,7.0,1,1,fixed_lag_waveform,1.0,786.9328,0,1,0,17
129015,0,1032659259,803.64,76.60135124783602,1.0,0.0,1.0,7.0,1,1,fixed_lag_waveform,1.0,786.9328,0,1,0,17
129115,1033454044,1033458528,799.269,75.70385660680174,1.0,4.484,1.0,7.0,0,1,fixed_lag_waveform,1.0,789.2083200000001,1033454044,0,0,169
129216,1034262046,1034265804,807.276,75.06859392770144,1.0,3.758,1.0,7.0,0,1,fixed_lag_waveform,1.0,792.17984,1034262046,0,0,169
129316,1035062043,1035066576,800.772,74.95053264845203,1.0,4.533,1.0,7.0,0,1,fixed_lag_waveform,1.0,794.32608,1035062043,0,0,169
129417,1035870043,1035874528,807.952,74.92769477454256,1.0,4.485,1.0,7.0,0,1,fixed_lag_waveform,1.0,794.7289600000001,1035870043,0,0,169
129521,0,1036706043,831.515,74.66029565477079,1.0,0.0,1.0,7.0,1,1,fixed_lag_waveform,1.0,794.8070400000001,0,1,0,17
129620,1037502043,1037500467,794.424,74.66029565477079,1.0,-1.576,1.0,7.0,0,1,fixed_lag_waveform,1.0,795.7248000000001,1037502043,0,0,185
129723,1038318043,1038318172,817.705,74.32402301071753,1.0,0.129,1.0,7.0,0,1,fixed_lag_waveform,1.0,795.7248000000001,1038318043,0,0,185
129822,1039110043,1039115376,797.204,74.66029565477079,1.0,5.333,1.0,7.0,0,1,fixed_lag_waveform,1.0,796.88832,1039110043,0,0,185
129922,0,1039912046,796.67,74.92769477454256,1.0,0.0,1.0,7.0,1,1,fixed_lag_waveform,1.0,795.7248000000001,0,1,0,17
130022,1040718046,1040716399,804.353,74.59411477299146,1.0,-1.647,1.0,7.0,0,1,fixed_lag_waveform,1.0,794.8070400000001,1040718046,0,0,185
130123,1041518046,1041519864,803.465,74.67655716179299,1.0,1.818,1.0,7.0,0,1,fixed_lag_waveform,1.0,795.9529600000001,1041518046,0,0,185
130222,1042318043,1042315740,795.876,74.67655716179299,1.0,-2.303,1.0,7.0,0,1,fixed_lag_waveform,1.0,790.2288000000001,1042318043,0,0,185
130320,0,1043096107,780.367,75.26304433996819,1.0,0.0,1.0,7.0,1,1,fixed_lag_waveform,1.0,790.2288000000001,0,1,0,17
130419,1043886043,1043888631,792.524,75.31349241216564,1.0,2.588,1.0,7.0,0,1,fixed_lag_waveform,1.0,788.22528,1043886043,0,0,185
130514,1044654046,1044651546,762.915,75.31349241216564,1.0,-2.5,1.0,7.0,0,1,fixed_lag_waveform,1.0,788.0544,1044654046,0,0,185
130605,1045382043,1045381043,729.497,75.38862837929527,1.0,-1.0,1.0,7.0,0,1,fixed_lag_waveform,1.0,788.0544,1045382043,0,0,169
130698,1046118047,1046119990,738.947,75.70748646097783,1.0,1.943,1.0,7.0,0,1,fixed_lag_waveform,1.0,787.80032,1046118047,0,0,169
130786,1046830045,1046829924,709.934,76.88690065059133,1.0,-0.121,1.0,7.0,0,1,fixed_lag_waveform,1.0,786.72768,1046830045,0,0,169
130874,1047526047,1047528592,698.668,78.64572068972298,1.0,2.545,1.0,7.0,0,1,fixed_lag_waveform,1.0,782.83744,1047526047,0,0,169
130964,1048254044,1048253294,724.702,81.19662167922733,1.0,-0.75,1.0,7.0,0,1,fixed_lag_waveform,1.0,777.2528,1048254044,0,0,169
131058,1049006043,1049005679,752.385,81.19662167922733,1.0,-0.364,1.0,7.0,0,1,fixed_lag_waveform,1.0,764.14304,1049006043,0,0,169
131156,1049790046,1049786517,780.838,81.19662167922733,1.0,-3.529,1.0,7.0,0,1,fixed_lag_waveform,1.0,764.14304,1049790046,0,0,169
131254,1050574043,1050571498,784.981,81.19662167922733,1.0,-2.545,1.0,7.0,0,1,fixed_lag_waveform,1.0,764.14304,1050574043,0,0,169
131353,1051358043,1051362281,790.783,81.19662167922733,1.0,4.238,1.0,7.0,0,1,fixed_lag_waveform,1.0,758.70304,1051358043,0,0,169
131454,1052166043,1052169293,807.012,79.74640642756036,1.0,3.25,1.0,7.0,0,1,fixed_lag_waveform,1.0,758.70304,1052166043,0,0,169
131553,1052966047,1052963079,793.786,76.84052261800784,1.0,-2.968,1.0,7.0,0,1,fixed_lag_waveform,1.0,763.0032,1052966047,0,0,169
131652,1053750045,1053754288,791.209,76.43497103751555,1.0,4.243,1.0,7.0,0,1,fixed_lag_waveform,1.0,772.10816,1053750045,0,0,169
131752,1054550043,1054550614,796.326,75.87416522611133,1.0,0.571,1.0,7.0,0,1,fixed_lag_waveform,1.0,778.87392,1054550043,0,0,169
131849,1055326045,1055327927,777.313,75.87416522611133,1.0,1.882,1.0,7.0,0,1,fixed_lag_waveform,1.0,780.7305600000001,1055326045,0,0,169
131942,1056070046,1056074749,746.822,75.87416522611133,1.0,4.703,1.0,7.0,0,1,fixed_lag_waveform,1.0,780.7305600000001,1056070046,0,0,169
132039,1056846046,1056847602,772.853,75.87416522611133,1.0,1.556,1.0,7.0,0,1,fixed_lag_waveform,1.0,780.7305600000001,1056846046,0,0,169
132136,1057630046,1057627189,779.587,75.87416522611133,1.0,-2.857,1.0,7.0,0,1,fixed_lag_waveform,1.0,786.17056,1057630046,0,0,169
132232,1058390046,1058391296,764.107,76.96382828343725,1.0,1.25,1.0,7.0,0,1,fixed_lag_waveform,1.0,786.17056,1058390046,0,0,169
132326,1059150045,1059148954,757.658,77.18898307374249,1.0,-1.091,1.0,7.0,0,1,fixed_lag_waveform,1.0,782.58784,1059150045,0,0,169
132426,1059942043,1059943376,794.422,77.18898307374249,1.0,1.333,1.0,7.0,0,1,fixed_lag_waveform,1.0,787.30016,1059942043,0,0,169
132527,1060758043,1060757929,814.553,77.18898307374249,1.0,-0.114,1.0,7.0,0,1,fixed_lag_waveform,1.0,787.30016,1060758043,0,0,169
132632,1061590047,1061591158,833.229,77.18898307374249,1.0,1.111,1.0,7.0,0,1,fixed_lag_waveform,1.0,781.86016,1061590047,0,0,169
132732,1062390043,1062391293,800.135,76.96382828343725,1.0,1.25,1.0,7.0,0,1,fixed_lag_waveform,1.0,781.86016,1062390043,0,0,169
132833,1063198047,1063199694,808.401,75.5266092832273,1.0,1.647,1.0,7.0,0,1,fixed_lag_waveform,1.0,777.1478400000001,1063198047,0,0,169
132933,1063998046,1064001340,801.646,74.98734588538184,1.0,3.294,1.0,7.0,0,1,fixed_lag_waveform,1.0,776.45504,1063998046,0,0,169
133031,1064782045,1064786281,784.941,74.98734588538184,1.0,4.236,1.0,7.0,0,1,fixed_lag_waveform,1.0,778.2832000000001,1064782045,0,0,169
133133,1065598043,1065599154,812.873,74.846004346058,1.0,1.111,1.0,7.0,0,1,fixed_lag_waveform,1.0,772.8432,1065598043,0,0,169
133234,1066406047,1066409812,810.658,74.22059101856628,1.0,3.765,1.0,7.0,0,1,fixed_lag_waveform,1.0,767.88672,1066406047,0,0,169
133326,1067142043,1067146043,736.231,74.22059101856628,1.0,4.0,1.0,7.0,0,1,fixed_lag_waveform,1.0,770.04832,1067142043,0,0,169
133415,1067854046,1067856490,710.447,74.846004346058,1.0,2.444,1.0,7.0,0,1,fixed_lag_waveform,1.0,770.04832,1067854046,0,0,169
133504,0,1068571928,715.438,74.98734588538184,1.0,0.0,1.0,7.0,1,1,fixed_lag_waveform,1.0,767.88672,0,1,0,17
133588,1068966045,1069244867,672.939,76.43886610586019,1.0,278.822,1.0,7.0,1,1,fixed_lag_waveform,1.0,767.4032,1068966045,0,0,185
133670,1069902045,1069902045,657.178,81.49616085168921,1.0,0.0,1.0,7.0,0,1,fixed_lag_waveform,1.0,757.10112,1069902045,0,0,169
133756,1070590045,1070588423,686.378,83.86470945071412,1.0,-1.622,1.0,7.0,0,1,fixed_lag_waveform,1.0,741.51392,1070590045,0,0,169
133844,1071286047,1071286970,698.547,84.45387199889647,1.0,0.923,1.0,7.0,0,1,fixed_lag_waveform,1.0,734.86016,1071286047,0,0,169
133929,1071966046,1071968610,681.64,85.89257415750122,1.0,2.564,1.0,7.0,0,1,fixed_lag_waveform,1.0,727.82304,1071966046,0,0,169
134011,1072622045,1072627154,658.544,87.41538918788189,1.0,5.109,1.0,7.0,0,1,fixed_lag_waveform,1.0,724.01504,1072622045,0,0,169
134100,0,1073338647,711.493,87.41538918788189,1.0,0.0,1.0,7.0,1,1,fixed_lag_waveform,1.0,720.12096,0,1,0,17
134190,1074062043,1074059727,721.08,87.41538918788189,1.0,-2.316,1.0,7.0,0,1,fixed_lag_waveform,1.0,720.12096,1074062043,0,0,185
134278,1074758047,1074761415,701.688,87.41538918788189,1.0,3.368,1.0,7.0,0,1,fixed_lag_waveform,1.0,720.12096,1074758047,0,0,169
134368,1075486044,1075484330,722.915,85.89257415750122,1.0,-1.714,1.0,7.0,0,1,fixed_lag_waveform,1.0,720.12096,1075486044,0,0,169
134462,1076230046,1076233589,749.259,85.50808906522558,1.0,3.543,1.0,7.0,0,1,fixed_lag_waveform,1.0,724.01504,1076230046,0,0,169
134554,1076966043,1076968900,735.311,84.32971230918645,1.0,2.857,1.0,7.0,0,1,fixed_lag_waveform,1.0,719.58016,1076966043,0,0,169
134645,1077694046,1077696046,727.146,83.20852055250457,1.0,2.0,1.0,7.0,0,1,fixed_lag_waveform,1.0,717.2777600000001,1077694046,0,0,169
134739,1078446043,1078446710,750.664,82.99730950388359,1.0,0.667,1.0,7.0,0,1,fixed_lag_waveform,1.0,720.3456000000001,1078446043,0,0,169
134835,1079222046,1079220268,773.558,82.51437813038922,1.0,-1.778,1.0,7.0,0,1,fixed_lag_waveform,1.0,720.9328,1079222046,0,0,169
134937,1080030047,1080032047,811.779,81.5981265070154,1.0,2.0,1.0,7.0,0,1,fixed_lag_waveform,1.0,722.2867200000001,1080030047,0,0,169
135038,1080838047,1080839158,807.111,80.07911816875072,1.0,1.111,1.0,7.0,0,1,fixed_lag_waveform,1.0,730.33952,1080838047,0,0,169
135140,1081654045,1081656489,817.331,79.92923598307632,1.0,2.444,1.0,7.0,0,1,fixed_lag_waveform,1.0,740.24288,1081654045,0,0,169
135233,1082406045,1082404398,747.909,79.92923598307632,1.0,-1.647,1.0,7.0,0,1,fixed_lag_waveform,1.0,740.69248,1082406045,0,0,169
135323,1083118045,1083121588,717.19,79.92923598307632,1.0,3.543,1.0,7.0,0,1,fixed_lag_waveform,1.0,746.13248,1083118045,0,0,169
135411,1083830043,1083828396,706.808,79.92923598307632,1.0,-1.647,1.0,7.0,0,1,fixed_lag_waveform,1.0,751.57248,1083830043,0,0,169
135499,0,1084530986,702.59,79.92923598307632,1.0,0.0,1.0,7.0,1,1,fixed_lag_waveform,1.0,757.0124800000001,0,1,0,17
135584,1085206043,1085208867,677.881,80.22366357404444,1.0,2.824,1.0,7.0,0,1,fixed_lag_waveform,1.0,762.45248,1085206043,0,0,185
135668,1085886043,1085884100,675.233,83.6598390942428,1.0,-1.943,1.0,7.0,0,1,fixed_lag_waveform,1.0,767.01088,1085886043,0,0,169
135756,1086582046,1086584532,700.432,84.88868264083032,1.0,2.486,1.0,7.0,0,1,fixed_lag_waveform,1.0,757.1808000000001,1086582046,0,0,169
135852,1087358043,1087357502,772.97,84.88868264083032,1.0,-0.541,1.0,7.0,0,1,fixed_lag_waveform,1.0,759.29856,1087358043,0,0,169
135950,1088142043,1088140854,783.352,84.88868264083032,1.0,-1.189,1.0,7.0,0,1,fixed_lag_waveform,1.0,770.1785600000001,1088142043,0,0,169
136046,1088910046,1088907157,766.303,84.88868264083032,1.0,-2.889,1.0,7.0,0,1,fixed_lag_waveform,1.0,775.6185600000001,1088910046,0,0,169
136146,1089702043,1089702265,795.108,84.88868264083032,1.0,0.222,1.0,7.0,0,1,fixed_lag_waveform,1.0,781.0585599999999,1089702043,0,0,169
136248,1090526047,1090524573,822.308,78.29801005607443,1.0,-1.474,1.0,7.0,0,1,fixed_lag_waveform,1.0,791.93856,1090526047,0,0,169
136350,1091334044,1091339340,814.767,77.62267617113213,1.0,5.296,1.0,7.0,0,1,fixed_lag_waveform,1.0,810.97696,1091334044,0,0,169
136459,1092206043,1092206443,867.103,76.59391946404682,1.0,0.4,1.0,7.0,0,1,fixed_lag_waveform,1.0,818.5504000000001,1092206043,0,0,169
136572,1093486046,1093116421,909.978,75.46144674685704,1.0,-369.625,1.0,7.0,1,1,fixed_lag_waveform,1.0,821.87264,1093486046,0,0,169
136692,1094070046,1094072046,955.625,73.64068500565192,1.0,2.0,1.0,7.0,0,1,fixed_lag_waveform,1.0,836.5145600000001,1094070046,0,0,169
136814,1095054044,1095052422,980.376,72.96536091099685,1.0,-1.622,1.0,7.0,0,1,fixed_lag_waveform,1.0,848.2454400000001,1095054044,0,0,169
136930,1095982043,1095980867,928.445,69.19593174051987,1.0,-1.176,1.0,7.0,0,1,fixed_lag_waveform,1.0,850.6585600000001,1095982043,0,0,169
137044,1096894046,1096893440,912.573,65.9356599829886,1.0,-0.606,1.0,7.0,0,1,fixed_lag_waveform,1.0,864.99296,1096894046,0,0,169
137158,1097798043,1097800359,906.919,65.9356599829886,1.0,2.316,1.0,7.0,0,1,fixed_lag_waveform,1.0,878.7129600000001,1097798043,0,0,169
137269,0,1098691157,890.798,65.9356599829886,1.0,0.0,1.0,7.0,1,1,fixed_lag_waveform,1.0,878.7129600000001,0,1,0,17
137377,1099550043,1099552043,860.886,65.9356599829886,1.0,2.0,1.0,7.0,0,1,fixed_lag_waveform,1.0,878.7129600000001,1099550043,0,0,185
137488,1100438046,1100441614,889.571,65.9356599829886,1.0,3.568,1.0,7.0,0,1,fixed_lag_waveform,1.0,878.7129600000001,1100438046,0,0,169
137600,1101334043,1101335529,893.915,66.15805821688596,1.0,1.486,1.0,7.0,0,1,fixed_lag_waveform,1.0,878.7129600000001,1101334043,0,0,169
137709,1102214046,1102211417,875.888,67.12047566043752,1.0,-2.629,1.0,7.0,0,1,fixed_lag_waveform,1.0,877.7340800000002,1102214046,0,0,169
137811,1103022043,1103026821,815.404,67.35533757372603,1.0,4.778,1.0,7.0,0,1,fixed_lag_waveform,1.0,879.0128,1103022043,0,0,169
137909,1103806043,1103809102,782.281,67.44824190536787,1.0,3.059,1.0,7.0,0,1,fixed_lag_waveform,1.0,872.57536,1103806043,0,0,169
138006,1104582047,1104583982,774.88,68.5019089198619,1.0,1.935,1.0,7.0,0,1,fixed_lag_waveform,1.0,866.7427200000001,1104582047,0,0,169
138102,1105358047,1105356165,772.183,69.69563914385877,1.0,-1.882,1.0,7.0,0,1,fixed_lag_waveform,1.0,856.92416,1105358047,0,0,169
138198,1106118047,1106120047,763.882,73.58315632496284,1.0,2.0,1.0,7.0,0,1,fixed_lag_waveform,1.0,846.68352,1106118047,0,0,169
138290,1106854046,1106857804,737.757,76.69878215117075,1.0,3.758,1.0,7.0,0,1,fixed_lag_waveform,1.0,826.68928,1106854046,0,0,169
138384,1107606043,1107609102,751.298,77.43134420813546,1.0,3.059,1.0,7.0,0,1,fixed_lag_waveform,1.0,816.08992,1107606043,0,0,169
138484,1108406043,1108406688,797.586,77.43134420813546,1.0,0.645,1.0,7.0,0,1,fixed_lag_waveform,1.0,808.2816,1108406043,0,0,169
138587,1109230046,1109231296,824.608,77.43134420813546,1.0,1.25,1.0,7.0,0,1,fixed_lag_waveform,1.0,808.2816,1109230046,0,0,169
138690,1110062043,1110061140,829.844,77.43134420813546,1.0,-0.903,1.0,7.0,0,1,fixed_lag_waveform,1.0,802.8416,1110062043,0,0,169
138788,1110846047,1110845547,784.407,77.43134420813546,1.0,-0.5,1.0,7.0,0,1,fixed_lag_waveform,1.0,802.8416,1110846047,0,0,169
138888,1111638044,1111639220,793.673,76.49090331932274,1.0,1.176,1.0,7.0,0,1,fixed_lag_waveform,1.0,797.4016,1111638044,0,0,169
138988,1112438043,1112441129,801.909,75.5978847711841,1.0,3.086,1.0,7.0,0,1,fixed_lag_waveform,1.0,795.0102400000001,1112438043,0,0,169
139092,1113270043,1113270157,829.028,75.22699746485019,1.0,0.114,1.0,7.0,0,1,fixed_lag_waveform,1.0,797.97536,1113270043,0,0,169
139194,1114086043,1114086710,816.553,74.82145729752378,1.0,0.667,1.0,7.0,0,1,fixed_lag_waveform,1.0,793.7875200000001,1114086043,0,0,169
139296,1114902046,1114903458,816.748,73.47961491783143,1.0,1.412,1.0,7.0,0,1,fixed_lag_waveform,1.0,795.1708800000001,1114902046,0,0,169
139398,1115718043,1115720043,816.585,73.4767354286449,1.0,2.0,1.0,7.0,0,1,fixed_lag_waveform,1.0,799.8569600000001,1115718043,0,0,169
139500,1116534043,1116537337,817.294,73.4767354286449,1.0,3.294,1.0,7.0,0,1,fixed_lag_waveform,1.0,794.4272000000001,1116534043,0,0,169
139603,1117366047,1117365704,828.367,73.4767354286449,1.0,-0.343,1.0,7.0,0,1,fixed_lag_waveform,1.0,794.4272000000001,1117366047,0,0,169
139704,1118174043,1118172631,806.927,73.4767354286449,1.0,-1.412,1.0,7.0,0,1,fixed_lag_waveform,1.0,794.4272000000001,1118174043,0,0,169
139801,1118942044,1118945544,772.913,73.4767354286449,1.0,3.5,1.0,7.0,0,1,fixed_lag_waveform,1.0,794.4272000000001,1118942044,0,0,169
139898,1119718045,1119719156,773.612,73.4767354286449,1.0,1.111,1.0,7.0,0,1,fixed_lag_waveform,1.0,794.4272000000001,1119718045,0,0,169
139993,1120478046,1120479379,760.223,73.47961491783143,1.0,1.333,1.0,7.0,0,1,fixed_lag_waveform,1.0,788.9872,1120478046,0,0,169
140080,1121182043,1121181102,701.723,74.35616852577742,1.0,-0.941,1.0,7.0,0,1,fixed_lag_waveform,1.0,783.53696,1121182043,0,0,169
140163,0,1121841543,660.441,77.55825917901998,1.0,0.0,1.0,7.0,1,1,fixed_lag_waveform,1.0,780.45664,0,1,0,17
140248,1122518043,1122518164,676.621,77.62840060912418,1.0,0.121,1.0,7.0,0,1,fixed_lag_waveform,1.0,764.3558400000001,1122518043,0,0,169
140331,1123182046,1123185340,667.176,78.92421039616008,1.0,3.294,1.0,7.0,0,1,fixed_lag_waveform,1.0,764.1321600000001,1123182046,0,0,169
140417,1123870043,1123874793,689.453,85.5038241585355,1.0,4.75,1.0,7.0,0,1,fixed_lag_waveform,1.0,754.63136,1123870043,0,0,169
140506,1124582046,1124587702,712.909,85.5038241585355,1.0,5.656,1.0,7.0,0,1,fixed_lag_waveform,1.0,730.47136,1124582046,0,0,169
140595,1125302043,1125300802,713.1,85.5038241585355,1.0,-1.241,1.0,7.0,0,1,fixed_lag_waveform,1.0,719.59136,1125302043,0,0,169
140683,1126006043,1126004976,704.174,85.5038241585355,1.0,-1.067,1.0,7.0,0,1,fixed_lag_waveform,1.0,714.1513600000001,1126006043,0,0,169
140775,1126734046,1126736796,731.82,85.5038241585355,1.0,2.75,1.0,7.0,0,1,fixed_lag_waveform,1.0,703.27136,1126734046,0,0,169
140868,1127478043,1127480293,743.497,85.20621323706925,1.0,2.25,1.0,7.0,0,1,fixed_lag_waveform,1.0,697.83136,1127478043,0,0,169
140959,0,1128211545,731.252,84.16221425174882,1.0,0.0,1.0,7.0,1,1,fixed_lag_waveform,1.0,687.73568,0,1,0,17
141044,1128886046,1128890046,678.501,84.16221425174882,1.0,4.0,1.0,7.0,0,1,fixed_lag_waveform,1.0,685.09088,1128886046,0,0,169
141126,1129550046,1129546562,656.516,84.16221425174882,1.0,-3.484,1.0,7.0,0,1,fixed_lag_waveform,1.0,679.65088,1129550046,0,0,169
141204,1130174046,1130173401,626.839,84.16221425174882,1.0,-0.645,1.0,7.0,0,1,fixed_lag_waveform,1.0,668.77088,1130174046,0,0,169
141283,1130806047,1130803647,630.246,85.20621323706925,1.0,-2.4,1.0,7.0,0,1,fixed_lag_waveform,1.0,663.33088,1130806047,0,0,169
141359,0,1131407222,603.575,88.43023075868717,1.0,0.0,1.0,7.0,1,1,fixed_lag_waveform,1.0,660.5356800000001,0,1,0,17
141433,1132006043,1132004329,597.107,91.39152739613354,1.0,-1.714,1.0,7.0,0,1,fixed_lag_waveform,1.0,646.88032,1132006043,0,0,169
141508,1132598043,1132600831,596.502,95.20092154492056,1.0,2.788,1.0,7.0,0,1,fixed_lag_waveform,1.0,639.8451200000001,1132598043,0,0,169
141581,1133182047,1133184218,583.387,95.71835830253063,1.0,2.171,1.0,7.0,0,1,fixed_lag_waveform,1.0,631.4387200000001,1133182047,0,0,169
141653,0,1133759761,575.543,99.40769581245081,1.0,0.0,1.0,7.0,1,1,fixed_lag_waveform,1.0,630.3484800000001,0,1,0,17
141726,1134342046,1134344046,584.285,100.48450277755913,1.0,2.0,1.0,7.0,0,1,fixed_lag_waveform,1.0,622.904,1134342046,0,0,169
141798,1134918043,1134918278,574.232,100.5864188217307,1.0,0.235,1.0,7.0,0,1,fixed_lag_waveform,1.0,620.83424,1134918043,0,0,169
141871,1135510044,1135508149,589.871,101.71715510679454,1.0,-1.895,1.0,7.0,0,1,fixed_lag_waveform,1.0,615.20064,1135510044,0,0,169
141946,0,1136109338,601.189,101.71715510679454,1.0,0.0,1.0,7.0,1,1,fixed_lag_waveform,1.0,613.0787200000001,0,1,0,17
142019,1136686046,1136687075,577.737,102.68961208999033,1.0,1.029,1.0,7.0,0,1,fixed_lag_waveform,1.0,613.0787200000001,1136686046,0,0,169
142090,1137254047,1137257590,570.515,102.84768087050278,1.0,3.543,1.0,7.0,0,1,fixed_lag_waveform,1.0,611.2912,1137254047,0,0,169
142161,1137830043,1137827773,570.183,103.85348350547049,1.0,-2.27,1.0,7.0,0,1,fixed_lag_waveform,1.0,611.0038400000001,1137830043,0,0,169
142234,0,1138409340,581.567,103.85348350547049,1.0,0.0,1.0,7.0,1,1,fixed_lag_waveform,1.0,603.75584,0,1,0,17
142309,1139006047,1139009626,600.286,103.16954022494399,1.0,3.579,1.0,7.0,0,1,fixed_lag_waveform,1.0,603.75584,1139006047,0,0,169
142389,1139646043,1139649222,639.596,103.16954022494399,1.0,3.179,1.0,7.0,0,1,fixed_lag_waveform,1.0,604.98144,1139646043,0,0,169
142474,1140326043,1140327448,678.226,101.71715510679454,1.0,1.405,1.0,7.0,0,1,fixed_lag_waveform,1.0,604.98144,1140326043,0,0,169
142560,1141014046,1141014846,687.398,99.95235604361922,1.0,0.8,1.0,7.0,0,1,fixed_lag_waveform,1.0,613.0787200000001,1141014046,0,0,169
142644,0,1141686164,671.318,99.95235604361922,1.0,0.0,1.0,7.0,1,1,fixed_lag_waveform,1.0,616.41152,0,1,0,17
142725,1142334043,1142334293,648.129,93.80921706827435,1.0,0.25,1.0,7.0,0,1,fixed_lag_waveform,1.0,616.41152,1142334043,0,0,169
142801,1142942043,1142942891,608.598,93.80921706827435,1.0,0.848,1.0,7.0,0,1,fixed_lag_waveform,1.0,634.4307200000001,1142942043,0,0,169
142876,1143550047,1143548400,605.509,93.80921706827435,1.0,-1.647,1.0,7.0,0,1,fixed_lag_waveform,1.0,634.4307200000001,1143550047,0,0,169
142955,1144174047,1144177182,628.782,93.80921706827435,1.0,3.135,1.0,7.0,0,1,fixed_lag_waveform,1.0,639.8707200000001,1144174047,0,0,169
143036,0,1144823790,646.608,92.79192339098806,1.0,0.0,1.0,7.0,1,1,fixed_lag_waveform,1.0,645.3107200000001,0,1,0,17
143118,1145486046,1145484268,660.478,92.57416347671528,1.0,-1.778,1.0,7.0,0,1,fixed_lag_waveform,1.0,652.9945600000001,1145486046,0,0,169
143202,1146158047,1146156104,671.836,92.57416347671528,1.0,-1.943,1.0,7.0,0,1,fixed_lag_waveform,1.0,664.3612800000001,1146158047,0,0,169
143292,1146878043,1146877154,721.05,92.57416347671528,1.0,-0.889,1.0,7.0,0,1,fixed_lag_waveform,1.0,675.2412800000001,1146878043,0,0,169
143387,1147638043,1147637599,760.445,92.57416347671528,1.0,-0.444,1.0,7.0,0,1,fixed_lag_waveform,1.0,680.68128,1147638043,0,0,169
143485,1148422044,1148421473,783.874,90.84329833847607,1.0,-0.571,1.0,7.0,0,1,fixed_lag_waveform,1.0,691.56128,1148422044,0,0,169
143586,1149230047,1149229683,808.21,89.30750957078811,1.0,-0.364,1.0,7.0,0,1,fixed_lag_waveform,1.0,706.39296,1149230047,0,0,169
143685,1150014047,1150015223,785.54,83.21198252548368,1.0,1.176,1.0,7.0,0,1,fixed_lag_waveform,1.0,715.46752,1150014047,0,0,169
143779,1150766046,1150768634,753.411,79.63780725261512,1.0,2.588,1.0,7.0,0,1,fixed_lag_waveform,1.0,736.656,1150766046,0,0,169
143878,1151558043,1151560900,792.266,78.90116970984094,1.0,2.857,1.0,7.0,0,1,fixed_lag_waveform,1.0,757.89152,1151558043,0,0,169
143980,1152374046,1152375532,814.632,76.54291378461335,1.0,1.486,1.0,7.0,0,1,fixed_lag_waveform,1.0,760.1424000000001,1152374046,0,0,169
144082,1153190043,1153193821,818.289,76.38057896478855,1.0,3.778,1.0,7.0,0,1,fixed_lag_waveform,1.0,767.6396800000001,1153190043,0,0,169
144178,1153958047,1153960447,766.626,76.38057896478855,1.0,2.4,1.0,7.0,0,1,fixed_lag_waveform,1.0,768.1728,1153958047,0,0,169
144271,1154702043,1154703619,743.172,76.38057896478855,1.0,1.576,1.0,7.0,0,1,fixed_lag_waveform,1.0,768.1728,1154702043,0,0,169
144367,1155470046,1155476794,773.175,76.38057896478855,1.0,6.748,1.0,7.0,0,1,fixed_lag_waveform,1.0,768.1728,1155470046,0,0,169
144468,1156278044,1156279691,802.897,76.38057896478855,1.0,1.647,1.0,7.0,0,1,fixed_lag_waveform,1.0,768.1728,1156278044,0,0,169
144569,1157094047,1157092797,813.106,75.73214046797415,1.0,-1.25,1.0,7.0,0,1,fixed_lag_waveform,1.0,773.6128,1157094047,0,0,169
144670,1157902047,1157899223,806.426,74.72938621018636,1.0,-2.824,1.0,7.0,0,1,fixed_lag_waveform,1.0,775.76512,1157902047,0,0,169
144770,1158694043,1158700712,801.489,74.72938621018636,1.0,6.669,1.0,7.0,0,1,fixed_lag_waveform,1.0,784.6070400000001,1158694043,0,0,169
144864,1159446047,1159447929,747.217,74.86066558617772,1.0,1.882,1.0,7.0,0,1,fixed_lag_waveform,1.0,784.6070400000001,1159446047,0,0,169
144949,1160126044,1160128832,680.903,77.60209525657193,1.0,2.788,1.0,7.0,0,1,fixed_lag_waveform,1.0,789.59648,1160126044,0,0,169
145035,0,1160819457,690.625,77.60209525657193,1.0,0.0,1.0,7.0,1,1,fixed_lag_waveform,1.0,780.5360000000001,0,1,0,17
145124,1161526043,1161530278,710.821,77.60209525657193,1.0,4.235,1.0,7.0,0,1,fixed_lag_waveform,1.0,780.5360000000001,1161526043,0,0,169
145212,1162238045,1162236398,706.12,80.29795895971317,1.0,-1.647,1.0,7.0,0,1,fixed_lag_waveform,1.0,785.9760000000001,1162238045,0,0,169
145304,1162974043,1162972786,736.388,81.47878564017881,1.0,-1.257,1.0,7.0,0,1,fixed_lag_waveform,1.0,777.6694400000001,1162974043,0,0,169
145398,1163726043,1163724932,752.146,81.47878564017881,1.0,-1.111,1.0,7.0,0,1,fixed_lag_waveform,1.0,779.64416,1163726043,0,0,169
145500,1164534046,1164536100,811.168,81.47878564017881,1.0,2.054,1.0,7.0,0,1,fixed_lag_waveform,1.0,779.64416,1164534046,0,0,169
145599,1165334046,1165332268,796.168,81.47878564017881,1.0,-1.778,1.0,7.0,0,1,fixed_lag_waveform,1.0,785.0841600000001,1165334046,0,0,169
145700,1166142043,1166141679,809.411,81.47878564017881,1.0,-0.364,1.0,7.0,0,1,fixed_lag_waveform,1.0,790.52416,1166142043,0,0,169
145805,1166974046,1166976268,834.589,79.77174644284487,1.0,2.222,1.0,7.0,0,1,fixed_lag_waveform,1.0,795.9641600000001,1166974046,0,0,169
145916,0,1167864990,888.722,75.36097908984033,1.0,0.0,1.0,7.0,1,1,fixed_lag_waveform,1.0,806.4467199999999,0,1,0,17
146031,1168766043,1168784097,919.107,74.1279770104434,1.0,18.054,1.0,7.0,0,1,fixed_lag_waveform,1.0,820.53376,1168766043,0,0,185
146138,1169638047,1169638518,854.421,73.96741488816127,1.0,0.471,1.0,7.0,0,1,fixed_lag_waveform,1.0,830.2115200000001,1169638047,0,0,169
146245,1170494043,1170497394,858.876,71.89167362618007,1.0,3.351,1.0,7.0,0,1,fixed_lag_waveform,1.0,830.77376,1170494043,0,0,169
146356,1171382045,1171385224,887.83,70.22299311463551,1.0,3.179,1.0,7.0,0,1,fixed_lag_waveform,1.0,843.70848,1171382045,0,0,169
146467,1172270046,1172275256,890.032,69.85874561636372,1.0,5.21,1.0,7.0,0,1,fixed_lag_waveform,1.0,850.0547200000001,1172270046,0,0,169
146573,1173126043,1173124265,849.009,69.85874561636372,1.0,-1.778,1.0,7.0,0,1,fixed_lag_waveform,1.0,851.48032,1173126043,0,0,169
146685,1174014043,1174016487,892.222,67.58050527691111,1.0,2.444,1.0,7.0,0,1,fixed_lag_waveform,1.0,851.48032,1174014043,0,0,169
146799,1174934043,1174933243,916.756,67.51267550482603,1.0,-0.8,1.0,7.0,0,1,fixed_lag_waveform,1.0,866.1856,1174934043,0,0,169
146912,1175830043,1175835013,901.77,67.41330648785662,1.0,4.97,1.0,7.0,0,1,fixed_lag_waveform,1.0,866.47104,1175830043,0,0,169
147018,1176678043,1176678514,843.501,67.58050527691111,1.0,0.471,1.0,7.0,0,1,fixed_lag_waveform,1.0,866.8902400000001,1176678043,0,0,185
147124,1177518046,1177528631,850.117,67.58050527691111,1.0,10.585,1.0,7.0,0,1,fixed_lag_waveform,1.0,871.6256000000001,1177518046,0,0,185
147231,1178382043,1178385073,856.442,67.58050527691111,1.0,3.03,1.0,7.0,0,1,fixed_lag_waveform,1.0,871.6256000000001,1178382043,0,0,169
147336,1179230048,1179226548,841.475,70.05728350547965,1.0,-3.5,1.0,7.0,0,1,fixed_lag_waveform,1.0,866.1856,1179230048,0,0,169
147433,1179998043,1179999925,773.377,70.57852036837282,1.0,1.882,1.0,7.0,0,1,fixed_lag_waveform,1.0,856.1414400000001,1179998043,0,0,169
147521,0,1180704329,704.404,70.57852036837282,1.0,0.0,1.0,7.0,1,1,fixed_lag_waveform,1.0,848.6774399999999,0,1,0,17
147601,1181350043,1181348366,644.037,71.13210298505871,1.0,-1.677,1.0,7.0,0,1,fixed_lag_waveform,1.0,848.6774399999999,1181350043,0,0,169
147686,1182030047,1182029506,681.14,71.30336611307526,1.0,-0.541,1.0,7.0,0,1,fixed_lag_waveform,1.0,846.56032,1182030047,0,0,169
147782,1182790047,1182790297,760.791,77.58182619860689,1.0,0.25,1.0,7.0,0,1,fixed_lag_waveform,1.0,840.472,1182790047,0,0,169
147885,1183622047,1183621247,830.95,77.58182619860689,1.0,-0.8,1.0,7.0,0,1,fixed_lag_waveform,1.0,813.24064,1183622047,0,0,169
147998,1184518045,1184518516,897.269,77.58182619860689,1.0,0.471,1.0,7.0,0,1,fixed_lag_waveform,1.0,807.80064,1184518045,0,0,169
148105,0,1185379259,860.743,77.58182619860689,1.0,0.0,1.0,7.0,1,1,fixed_lag_waveform,1.0,802.36064,0,1,0,17
148208,1186206043,1186203186,823.927,77.58182619860689,1.0,-2.857,1.0,7.0,0,1,fixed_lag_waveform,1.0,791.48064,1186206043,0,0,185
148308,1186998051,1187003274,800.088,74.99175090740019,1.0,5.223,1.0,7.0,0,1,fixed_lag_waveform,1.0,780.60064,1186998051,0,0,185
148403,1187454047,1187763150,759.876,74.99175090740019,1.0,309.103,1.0,7.0,1,1,fixed_lag_waveform,1.0,778.2681600000001,1187454047,0,0,185
148496,1188502043,1188502172,739.022,74.99175090740019,1.0,0.129,1.0,7.0,0,1,fixed_lag_waveform,1.0,778.2681600000001,1188502043,0,0,169
148584,1189206043,1189209337,707.165,74.99175090740019,1.0,3.294,1.0,7.0,0,1,fixed_lag_waveform,1.0,772.82816,1189206043,0,0,169
148669,1189886046,1189890285,680.948,74.99175090740019,1.0,4.239,1.0,7.0,0,1,fixed_lag_waveform,1.0,772.82816,1189886046,0,0,169
148753,1190558044,1190559456,669.171,78.96025140944049,1.0,1.412,1.0,7.0,0,1,fixed_lag_waveform,1.0,767.38816,1190558044,0,0,169
148833,1191198045,1191199378,639.922,81.18838140136559,1.0,1.333,1.0,7.0,0,1,fixed_lag_waveform,1.0,754.52032,1191198045,0,0,169
148914,0,1191848487,649.109,84.84582805992945,1.0,0.0,1.0,7.0,1,1,fixed_lag_waveform,1.0,747.84704,0,1,0,17
148995,1192494043,1192495154,646.667,88.11245498922091,1.0,1.111,1.0,7.0,0,1,fixed_lag_waveform,1.0,743.0928000000001,1192494043,0,0,169
149079,1193174044,1193172044,676.89,88.64069494304836,1.0,-2.0,1.0,7.0,0,1,fixed_lag_waveform,1.0,734.7033600000001,1193174044,0,0,169
149165,1193862045,1193861104,689.06,88.64069494304836,1.0,-0.941,1.0,7.0,0,1,fixed_lag_waveform,1.0,733.4048,1193862045,0,0,169
149253,1194558045,1194562518,701.414,88.64069494304836,1.0,4.473,1.0,7.0,0,1,fixed_lag_waveform,1.0,738.8448000000001,1194558045,0,0,169
149344,1195286046,1195290932,728.414,88.64069494304836,1.0,4.886,1.0,7.0,0,1,fixed_lag_waveform,1.0,733.4048,1195286046,0,0,169
149441,1196070043,1196069337,778.405,88.64069494304836,1.0,-0.706,1.0,7.0,0,1,fixed_lag_waveform,1.0,733.4048,1196070043,0,0,169
149541,1196862046,1196863235,793.898,87.0751458508693,1.0,1.189,1.0,7.0,0,1,fixed_lag_waveform,1.0,733.4048,1196862046,0,0,169
149638,1197646043,1197645411,782.176,85.5414919006464,1.0,-0.632,1.0,7.0,0,1,fixed_lag_waveform,1.0,737.2992,1197646043,0,0,169
149735,1198414043,1198418280,772.869,82.37073971669957,1.0,4.237,1.0,7.0,0,1,fixed_lag_waveform,1.0,741.2524800000001,1198414043,0,0,169
149831,1199190043,1199188359,770.079,77.91408413941947,1.0,-1.684,1.0,7.0,0,1,fixed_lag_waveform,1.0,755.33248,1199190043,0,0,169
149924,1199934043,1199932786,744.427,77.91408413941947,1.0,-1.257,1.0,7.0,0,1,fixed_lag_waveform,1.0,768.6652799999999,1199934043,0,0,169
150019,1200694044,1200692639,759.853,77.91408413941947,1.0,-1.405,1.0,7.0,0,1,fixed_lag_waveform,1.0,774.10528,1200694044,0,0,169
150119,1201486043,1201490675,798.036,77.63282005100476,1.0,4.632,1.0,7.0,0,1,fixed_lag_waveform,1.0,779.54528,1201486043,0,0,169
150223,1202318047,1202321842,831.167,77.08069706643714,1.0,3.795,1.0,7.0,0,1,fixed_lag_waveform,1.0,785.8780800000001,1202318047,0,0,169
150331,1203182046,1203187558,865.716,76.70907826371558,1.0,5.512,1.0,7.0,0,1,fixed_lag_waveform,1.0,787.6496000000001,1203182046,0,0,169
150436,1204030047,1204028269,840.711,76.70907826371558,1.0,-1.778,1.0,7.0,0,1,fixed_lag_waveform,1.0,794.29632,1204030047,0,0,169
150541,1204862043,1204865827,837.558,75.18457813933206,1.0,3.784,1.0,7.0,0,1,fixed_lag_waveform,1.0,794.29632,1204862043,0,0,169
150647,1205710047,1205713158,847.331,72.18765903843632,1.0,3.111,1.0,7.0,0,1,fixed_lag_waveform,1.0,799.3715199999999,1205710047,0,0,169
150750,1206534046,1206536100,822.942,72.18765903843632,1.0,2.054,1.0,7.0,0,1,fixed_lag_waveform,1.0,815.41344,1206534046,0,0,169
150850,1207334043,1207336710,800.61,72.18765903843632,1.0,2.667,1.0,7.0,0,1,fixed_lag_waveform,1.0,815.41344,1207334043,0,0,169
150952,1208150046,1208152490,815.78,72.18765903843632,1.0,2.444,1.0,7.0,0,1,fixed_lag_waveform,1.0,815.41344,1208150046,0,0,169
151054,1208974043,1208972854,820.364,72.18765903843632,1.0,-1.189,1.0,7.0,0,1,fixed_lag_waveform,1.0,815.41344,1208974043,0,0,169
151156,1209782047,1209786912,814.058,72.90914791078836,1.0,4.865,1.0,7.0,0,1,fixed_lag_waveform,1.0,815.41344,1209782047,0,0,169
151259,1210606046,1210609397,822.485,72.94965865638886,1.0,3.351,1.0,7.0,0,1,fixed_lag_waveform,1.0,812.7814400000001,1210606046,0,0,169
151360,1211414046,1211419458,810.061,73.13826545289652,1.0,5.412,1.0,7.0,0,1,fixed_lag_waveform,1.0,818.0752,1211414046,0,0,169
151454,1212166047,1212170293,750.835,73.54924121699479,1.0,4.246,1.0,7.0,0,1,fixed_lag_waveform,1.0,822.83648,1212166047,0,0,169
151548,1212926043,1212923599,753.306,73.70482201513897,1.0,-2.444,1.0,7.0,0,1,fixed_lag_waveform,1.0,821.3696,1212926043,0,0,169
151646,1213710047,1213708269,784.67,74.06849607622142,1.0,-1.778,1.0,7.0,0,1,fixed_lag_waveform,1.0,815.37856,1213710047,0,0,169
151747,1214518043,1214517832,809.563,74.06849607622142,1.0,-0.211,1.0,7.0,0,1,fixed_lag_waveform,1.0,814.09952,1214518043,0,0,169
151850,1215342047,1215341158,823.326,74.06849607622142,1.0,-0.889,1.0,7.0,0,1,fixed_lag_waveform,1.0,814.09952,1215342047,0,0,169
151951,1216142043,1216147647,806.489,74.1140590664346,1.0,5.604,1.0,7.0,0,1,fixed_lag_waveform,1.0,814.09952,1216142043,0,0,169
152049,1216926043,1216930043,782.396,74.39655097589676,1.0,4.0,1.0,7.0,0,1,fixed_lag_waveform,1.0,813.94016,1216926043,0,0,169
152152,1217758044,1217756632,826.589,74.39655097589676,1.0,-1.412,1.0,7.0,0,1,fixed_lag_waveform,1.0,812.95648,1217758044,0,0,169
152260,1218614044,1218618696,862.064,74.39655097589676,1.0,4.652,1.0,7.0,0,1,fixed_lag_waveform,1.0,818.3964800000001,1218614044,0,0,169
152367,1219470045,1219472712,854.016,74.1140590664346,1.0,2.667,1.0,7.0,0,1,fixed_lag_waveform,1.0,818.3964800000001,1219470045,0,0,169
152467,1220270043,1220272793,800.081,74.1140590664346,1.0,2.75,1.0,7.0,0,1,fixed_lag_waveform,1.0,813.94016,1220270043,0,0,169
152565,1221054047,1221060165,787.372,74.1140590664346,1.0,6.118,1.0,7.0,0,1,fixed_lag_waveform,1.0,813.94016,1221054047,0,0,169
152669,0,1221888487,828.322,72.87514301746818,1.0,0.0,1.0,7.0,1,1,fixed_lag_waveform,1.0,813.94016,0,1,0,17
152775,0,1222734265,845.778,72.58746487069148,1.0,0.0,1.0,7.0,1,1,fixed_lag_waveform,1.0,812.9043200000001,0,1,0,17
152884,1223606043,1223608197,873.932,72.43559871644119,1.0,2.154,1.0,7.0,0,1,fixed_lag_waveform,1.0,813.94848,1223606043,0,0,185
152988,1224430047,1224444265,836.068,71.76449762459514,1.0,14.218,1.0,7.0,0,1,fixed_lag_waveform,1.0,819.94304,1224430047,0,0,185
153094,1225286043,1225287599,843.334,71.14618881724205,1.0,1.556,1.0,7.0,0,1,fixed_lag_waveform,1.0,822.42176,1225286043,0,0,169
153195,1226102046,1226101105,813.506,71.76449762459514,1.0,-0.941,1.0,7.0,0,1,fixed_lag_waveform,1.0,824.7468799999999,1226102046,0,0,169
153294,1226894043,1226893043,791.938,72.43559871644119,1.0,-1.0,1.0,7.0,0,1,fixed_lag_waveform,1.0,822.42176,1226894043,0,0,169
153390,0,1227655532,762.489,72.43559871644119,1.0,0.0,1.0,7.0,1,1,fixed_lag_waveform,1.0,825.38304,0,1,0,17
153483,1228062045,1228399602,744.07,72.43559871644119,1.0,337.557,1.0,7.0,1,1,fixed_lag_waveform,1.0,825.38304,1228062045,0,0,185
153573,1228790044,1229120631,721.029,73.75483401474605,1.0,330.587,1.0,7.0,1,1,fixed_lag_waveform,1.0,825.38304,1228790044,0,0,185
153667,1229870043,1229871448,750.817,75.76350673916393,1.0,1.405,1.0,7.0,0,1,fixed_lag_waveform,1.0,820.64192,1229870043,0,0,169
153766,1230662043,1230662514,791.066,75.84702161387293,1.0,0.471,1.0,7.0,0,1,fixed_lag_waveform,1.0,813.7401600000001,1230662043,0,0,169
153868,0,1231481395,818.881,75.84702161387293,1.0,0.0,1.0,7.0,1,1,fixed_lag_waveform,1.0,813.46112,0,1,0,17
153973,0,1232320710,839.315,75.84702161387293,1.0,0.0,1.0,7.0,1,1,fixed_lag_waveform,1.0,813.46112,0,1,0,17
154078,0,1233162266,841.556,75.84702161387293,1.0,0.0,1.0,7.0,1,1,fixed_lag_waveform,1.0,813.46112,0,1,0,17
154183,1233974043,1234000215,837.949,75.84702161387293,1.0,26.172,1.0,7.0,0,1,fixed_lag_waveform,1.0,813.46112,1233974043,0,0,185
154289,1234854047,1234852642,852.427,73.27071943298233,1.0,-1.405,1.0,7.0,0,1,fixed_lag_waveform,1.0,808.02112,1234854047,0,0,169
154398,1235726043,1235726043,873.401,71.60340307106996,1.0,0.0,1.0,7.0,0,1,fixed_lag_waveform,1.0,811.4819200000001,1235726043,0,0,169
154503,1236566043,1236565472,839.429,71.48686726675919,1.0,-0.571,1.0,7.0,0,1,fixed_lag_waveform,1.0,817.5836800000001,1236566043,0,0,169
154610,1237422043,1237420638,855.166,71.47715887823747,1.0,-1.405,1.0,7.0,0,1,fixed_lag_waveform,1.0,818.0208,1237422043,0,0,169
154716,1238262047,1238263310,842.672,71.29650314417579,1.0,1.263,1.0,7.0,0,1,fixed_lag_waveform,1.0,812.6172799999999,1238262047,0,0,169
154818,1239078045,1239079531,816.221,71.29650314417579,1.0,1.486,1.0,7.0,0,1,fixed_lag_waveform,1.0,813.29792,1239078045,0,0,169
154917,1239878047,1239877825,798.294,71.29650314417579,1.0,-0.222,1.0,7.0,0,1,fixed_lag_waveform,1.0,813.29792,1239878047,0,0,169
155016,1240662047,1240663885,786.06,71.47715887823747,1.0,1.838,1.0,7.0,0,1,fixed_lag_waveform,1.0,813.29792,1240662047,0,0,169
155112,1241430045,1241433203,769.318,71.47715887823747,1.0,3.158,1.0,7.0,0,1,fixed_lag_waveform,1.0,812.6172799999999,1241430045,0,0,169
155204,1242166047,1242169341,736.138,73.50950294099269,1.0,3.294,1.0,7.0,0,1,fixed_lag_waveform,1.0,812.6172799999999,1242166047,0,0,169
155292,1242870045,1242873131,703.79,75.16027929559786,1.0,3.086,1.0,7.0,0,1,fixed_lag_waveform,1.0,799.75072,1242870045,0,0,169
155383,1243606043,1243604569,731.438,76.33005114113428,1.0,-1.474,1.0,7.0,0,1,fixed_lag_waveform,1.0,794.01408,1243606043,0,0,169
155478,1244366046,1244361824,757.255,77.99115580293194,1.0,-4.222,1.0,7.0,0,1,fixed_lag_waveform,1.0,784.6592,1244366046,0,0,185
155572,0,1245110710,748.886,79.23354748400473,1.0,0.0,1.0,7.0,1,1,fixed_lag_waveform,1.0,779.3017600000001,0,1,0,17
155667,1245870043,1245873853,763.143,79.23354748400473,1.0,3.81,1.0,7.0,0,1,fixed_lag_waveform,1.0,775.4416,1245870043,0,0,185
155762,0,1246637719,763.866,79.23354748400473,1.0,0.0,1.0,7.0,1,1,fixed_lag_waveform,1.0,775.4416,0,1,0,17
155858,0,1247398464,760.745,79.23354748400473,1.0,0.0,1.0,7.0,1,1,fixed_lag_waveform,1.0,775.4416,0,1,0,17
155945,1248102043,1248100710,702.246,80.11900342642272,1.0,-1.333,1.0,7.0,0,1,fixed_lag_waveform,1.0,770.0016,1248102043,0,0,169
156033,1248798043,1248798966,698.256,80.11900342642272,1.0,0.923,1.0,7.0,0,1,fixed_lag_waveform,1.0,767.32352,1248798043,0,0,169
156125,1249534043,1249534885,735.919,80.11900342642272,1.0,0.842,1.0,7.0,0,1,fixed_lag_waveform,1.0,767.32352,1249534043,0,0,169
156220,1250302046,1250301846,766.961,79.23354748400473,1.0,-0.2,1.0,7.0,0,1,fixed_lag_waveform,1.0,767.32352,1250302046,0,0,169
156319,1251086043,1251088990,787.144,78.87005501186337,1.0,2.947,1.0,7.0,0,1,fixed_lag_waveform,1.0,770.0016,1251086043,0,0,169
156417,1251870046,1251874046,785.056,78.62222414409881,1.0,4.0,1.0,7.0,0,1,fixed_lag_waveform,1.0,771.1184000000001,1251870046,0,0,169
156517,1252678045,1252675645,801.599,78.54780812341431,1.0,-2.4,1.0,7.0,0,1,fixed_lag_waveform,1.0,771.8857600000001,1252678045,0,0,169
156619,1253494043,1253492569,816.924,78.23083572697959,1.0,-1.474,1.0,7.0,0,1,fixed_lag_waveform,1.0,772.1171200000001,1253494043,0,0,169
156721,1254302045,1254307128,814.559,76.42766885419638,1.0,5.083,1.0,7.0,0,1,fixed_lag_waveform,1.0,773.10752,1254302045,0,0,169
156820,1255094045,1255099602,792.474,76.22493470063927,1.0,5.557,1.0,7.0,0,1,fixed_lag_waveform,1.0,778.8979200000001,1255094045,0,0,169
156919,1255886043,1255888097,788.495,76.09433160641476,1.0,2.054,1.0,7.0,0,1,fixed_lag_waveform,1.0,779.56608,1255886043,0,0,169
157018,1256678045,1256680782,792.685,75.71226311525677,1.0,2.737,1.0,7.0,0,1,fixed_lag_waveform,1.0,779.9984000000001,1256678045,0,0,169
157119,1257486043,1257491154,810.372,75.6921097283284,1.0,5.111,1.0,7.0,0,1,fixed_lag_waveform,1.0,781.2716800000001,1257486043,0,0,169
157221,1258302046,1258305020,813.866,74.8503927774361,1.0,2.974,1.0,7.0,0,1,fixed_lag_waveform,1.0,786.7792,1258302046,0,0,169
157319,1259086046,1259088935,783.915,74.8503927774361,1.0,2.889,1.0,7.0,0,1,fixed_lag_waveform,1.0,789.63168,1259086046,0,0,169
157414,1259846045,1259848099,759.164,75.6921097283284,1.0,2.054,1.0,7.0,0,1,fixed_lag_waveform,1.0,789.63168,1259846045,0,0,169
157509,1260606046,1260610733,762.634,75.71226311525677,1.0,4.687,1.0,7.0,0,1,fixed_lag_waveform,1.0,792.2192,1260606046,0,0,169
157605,1261374047,1261375669,764.936,76.09433160641476,1.0,1.622,1.0,7.0,0,1,fixed_lag_waveform,1.0,792.15168,1261374047,0,0,169
157699,1262126045,1262129378,753.709,76.53891046860949,1.0,3.333,1.0,7.0,0,1,fixed_lag_waveform,1.0,790.8784,1262126045,0,0,169
157792,1262878047,1262874714,745.336,78.43793467688799,1.0,-3.333,1.0,7.0,0,1,fixed_lag_waveform,1.0,789.4128000000001,1262878047,0,0,169
157888,1263638043,1263639581,764.867,78.44501070120688,1.0,1.538,1.0,7.0,0,1,fixed_lag_waveform,1.0,783.3395200000001,1263638043,0,0,169
157987,1264430047,1264431791,792.21,78.44501070120688,1.0,1.744,1.0,7.0,0,1,fixed_lag_waveform,1.0,783.31744,1264430047,0,0,169
158088,1265246043,1265244569,812.778,78.44501070120688,1.0,-1.474,1.0,7.0,0,1,fixed_lag_waveform,1.0,783.31744,1265246043,0,0,169
158192,1266078045,1266076782,832.213,78.44501070120688,1.0,-1.263,1.0,7.0,0,1,fixed_lag_waveform,1.0,783.31744,1266078045,0,0,169
158295,1266894045,1266896992,820.21,78.43793467688799,1.0,2.947,1.0,7.0,0,1,fixed_lag_waveform,1.0,783.31744,1266894045,0,0,169
158397,1267710043,1267710157,813.165,75.73749384632862,1.0,0.114,1.0,7.0,0,1,fixed_lag_waveform,1.0,783.3395200000001,1267710043,0,0,169
158498,1268526043,1268524043,813.886,73.82089574274895,1.0,-2.0,1.0,7.0,0,1,fixed_lag_waveform,1.0,792.0672000000001,1268526043,0,0,169
158600,1269334044,1269334585,810.542,73.82089574274895,1.0,0.541,1.0,7.0,0,1,fixed_lag_waveform,1.0,798.64896,1269334044,0,0,169
158698,1270118045,1270120992,786.407,73.82089574274895,1.0,2.947,1.0,7.0,0,1,fixed_lag_waveform,1.0,798.64896,1270118045,0,0,169
158795,1270894043,1270897201,776.209,73.82089574274895,1.0,3.158,1.0,7.0,0,1,fixed_lag_waveform,1.0,798.64896,1270894043,0,0,169
158891,1271662046,1271664100,766.899,73.82089574274895,1.0,2.054,1.0,7.0,0,1,fixed_lag_waveform,1.0,798.64896,1271662046,0,0,169
158983,1272406043,1272405472,741.372,74.02454160302612,1.0,-0.571,1.0,7.0,0,1,fixed_lag_waveform,1.0,804.08896,1272406043,0,0,169
159078,1273166046,1273163824,758.352,76.296370708806,1.0,-2.222,1.0,7.0,0,1,fixed_lag_waveform,1.0,803.3734400000001,1273166046,0,0,169
159175,1273942046,1273940641,776.817,77.23826847249738,1.0,-1.405,1.0,7.0,0,1,fixed_lag_waveform,1.0,801.0902400000001,1273942046,0,0,169
159275,1274734046,1274738456,797.815,77.23826847249738,1.0,4.41,1.0,7.0,0,1,fixed_lag_waveform,1.0,803.46144,1274734046,0,0,169
159373,1275526047,1275525836,787.38,77.23826847249738,1.0,-0.211,1.0,7.0,0,1,fixed_lag_waveform,1.0,803.46144,1275526047,0,0,169
159475,1276334045,1276334445,808.609,77.23826847249738,1.0,0.4,1.0,7.0,0,1,fixed_lag_waveform,1.0,803.46144,1276334045,0,0,169
159577,1277150047,1277152447,818.002,77.23826847249738,1.0,2.4,1.0,7.0,0,1,fixed_lag_waveform,1.0,803.46144,1277150047,0,0,169
159677,1277950043,1277950675,798.228,76.20208793720948,1.0,0.632,1.0,7.0,0,1,fixed_lag_waveform,1.0,803.46144,1277950043,0,0,169
159783,1278798044,1278799811,849.136,75.20540476175555,1.0,1.767,1.0,7.0,0,1,fixed_lag_waveform,1.0,801.4016,1278798044,0,0,169
159891,1279670045,1279669664,869.853,75.16649378373097,1.0,-0.381,1.0,7.0,0,1,fixed_lag_waveform,1.0,804.7408,1279670045,0,0,169
160005,1280574046,1280575255,905.591,74.2014991176205,1.0,1.209,1.0,7.0,0,1,fixed_lag_waveform,1.0,804.87296,1280574046,0,0,169
160112,1281430047,1281432486,857.231,73.34945391331561,1.0,2.439,1.0,7.0,0,1,fixed_lag_waveform,1.0,802.75488,1281430047,0,0,169
160219,1282286047,1282287585,855.099,70.66005916602288,1.0,1.538,1.0,7.0,0,1,fixed_lag_waveform,1.0,805.76064,1282286047,0,0,169
160325,1283134043,1283134464,846.879,70.66005916602288,1.0,0.421,1.0,7.0,0,1,fixed_lag_waveform,1.0,815.72352,1283134043,0,0,169
160425,1283934044,1283934967,800.503,70.66005916602288,1.0,0.923,1.0,7.0,0,1,fixed_lag_waveform,1.0,815.72352,1283934044,0,0,169
160517,1284678043,1284677472,742.505,70.66005916602288,1.0,-0.571,1.0,7.0,0,1,fixed_lag_waveform,1.0,815.72352,1284678043,0,0,169
160601,1285350045,1285347927,670.455,70.66005916602288,1.0,-2.118,1.0,7.0,0,1,fixed_lag_waveform,1.0,815.72352,1285350045,0,0,169
160684,1286006046,1286006460,658.533,70.84837385269914,1.0,0.414,1.0,7.0,0,1,fixed_lag_waveform,1.0,815.72352,1286006046,0,0,169
160765,1286662043,1286660526,654.066,74.95287338086177,1.0,-1.517,1.0,7.0,0,1,fixed_lag_waveform,1.0,809.5612800000001,1286662043,0,0,169
160847,1287310047,1287312101,651.575,80.80753664958485,1.0,2.054,1.0,7.0,0,1,fixed_lag_waveform,1.0,794.7209600000001,1287310047,0,0,169
160936,1288366046,1288024161,712.06,84.26256214363958,1.0,-341.885,1.0,7.0,1,1,fixed_lag_waveform,1.0,776.1616,1288366046,0,0,169
161027,0,1288756047,731.886,84.26256214363958,1.0,0.0,1.0,7.0,1,1,fixed_lag_waveform,1.0,760.9792,0,1,0,17
161122,0,1289516043,759.996,84.26256214363958,1.0,0.0,1.0,7.0,1,1,fixed_lag_waveform,1.0,760.9792,0,1,0,17
161216,1290262043,1290266043,750.0,84.26256214363958,1.0,4.0,1.0,7.0,0,1,fixed_lag_waveform,1.0,750.0992,1290262043,0,0,169
161302,1290958043,1290956396,690.353,86.91205803407823,1.0,-1.647,1.0,7.0,0,1,fixed_lag_waveform,1.0,744.6592,1290958043,0,0,169
161394,1291694043,1291691414,735.018,84.26256214363958,1.0,-2.629,1.0,7.0,0,1,fixed_lag_waveform,1.0,737.7129600000001,1291694043,0,0,169
161488,1292446043,1292444100,752.686,81.97998048876465,1.0,-1.943,1.0,7.0,0,1,fixed_lag_waveform,1.0,739.2192,1292446043,0,0,169
161585,1293214045,1293219418,775.318,81.63065394316874,1.0,5.373,1.0,7.0,0,1,fixed_lag_waveform,1.0,745.56352,1293214045,0,0,169
161674,1293934047,1293933812,714.394,81.63065394316874,1.0,-0.235,1.0,7.0,0,1,fixed_lag_waveform,1.0,741.12576,1293934047,0,0,169
161764,1294646046,1294647451,713.639,81.63065394316874,1.0,1.405,1.0,7.0,0,1,fixed_lag_waveform,1.0,741.12576,1294646046,0,0,169
161855,1295382047,1295382047,734.596,81.63065394316874,1.0,0.0,1.0,7.0,0,1,fixed_lag_waveform,1.0,741.12576,1295382047,0,0,169
161952,1296150046,1296153614,771.567,81.63065394316874,1.0,3.568,1.0,7.0,0,1,fixed_lag_waveform,1.0,741.12576,1296150046,0,0,169
162045,1296894043,1296896631,743.017,81.63065394316874,1.0,2.588,1.0,7.0,0,1,fixed_lag_waveform,1.0,746.5657600000001,1296894043,0,0,169
162138,1297638047,1297639076,742.445,80.81406703526861,1.0,1.029,1.0,7.0,0,1,fixed_lag_waveform,1.0,746.5657600000001,1297638047,0,0,185
162235,0,1298420396,781.32,80.75185359150598,1.0,0.0,1.0,7.0,1,1,fixed_lag_waveform,1.0,754.3824000000001,0,1,0,17
162334,0,1299206161,785.765,80.75185359150598,1.0,0.0,1.0,7.0,1,1,fixed_lag_waveform,1.0,754.5654400000001,0,1,0,17
162434,0,1300008046,801.885,80.75185359150598,1.0,0.0,1.0,7.0,1,1,fixed_lag_waveform,1.0,760.00544,0,1,0,17
162528,1300758043,1300759293,751.247,79.8672074564025,1.0,1.25,1.0,7.0,0,1,fixed_lag_waveform,1.0,760.00544,1300758043,0,0,185
162622,1301518046,1301517811,758.518,79.1016165733707,1.0,-0.235,1.0,7.0,0,1,fixed_lag_waveform,1.0,762.63904,1301518046,0,0,185
162721,0,1302307013,789.202,77.76382349167343,1.0,0.0,1.0,7.0,1,1,fixed_lag_waveform,1.0,770.4057600000001,0,1,0,17
162821,0,1303106529,799.516,76.79311933650744,1.0,0.0,1.0,7.0,1,1,fixed_lag_waveform,1.0,774.58144,0,1,0,17
162923,0,1303919219,812.69,76.35870775613574,1.0,0.0,1.0,7.0,1,1,fixed_lag_waveform,1.0,777.7024000000001,0,1,0,17
163019,1304694043,1304691690,772.471,76.35870775613574,1.0,-2.353,1.0,7.0,0,1,fixed_lag_waveform,1.0,779.1248,1304694043,0,0,185
163119,1305494045,1305490530,798.84,76.02616313694087,1.0,-3.515,1.0,7.0,0,1,fixed_lag_waveform,1.0,779.1248,1305494045,0,0,185
163219,0,1306292227,801.697,75.1089079164789,1.0,0.0,1.0,7.0,1,1,fixed_lag_waveform,1.0,780.2246400000001,0,1,0,17
163321,1307110043,1307108225,815.998,75.1089079164789,1.0,-1.818,1.0,7.0,0,1,fixed_lag_waveform,1.0,783.3088,1307110043,0,0,185
163420,1307894046,1307894546,786.321,75.1089079164789,1.0,0.5,1.0,7.0,0,1,fixed_lag_waveform,1.0,788.7488000000001,1307894046,0,0,185
163516,0,1308667928,773.382,75.1089079164789,1.0,0.0,1.0,7.0,1,1,fixed_lag_waveform,1.0,788.7488000000001,0,1,0,17
163613,0,1309441818,773.89,75.1089079164789,1.0,0.0,1.0,7.0,1,1,fixed_lag_waveform,1.0,794.1888000000001,0,1,0,17
163710,1310214043,1310214386,772.568,76.30471524987887,1.0,0.343,1.0,7.0,0,1,fixed_lag_waveform,1.0,794.1888000000001,1310214043,0,0,169
163801,1310942043,1310942843,728.457,77.53039837703032,1.0,0.8,1.0,7.0,0,1,fixed_lag_waveform,1.0,790.18272,1310942043,0,0,169
163895,1311702043,1311700631,757.788,77.53039837703032,1.0,-1.412,1.0,7.0,0,1,fixed_lag_waveform,1.0,786.2048000000001,1311702043,0,0,169
163992,1312470043,1312472359,771.728,77.58132462353663,1.0,2.316,1.0,7.0,0,1,fixed_lag_waveform,1.0,786.2048000000001,1312470043,0,0,169
164088,1313238047,1313240904,768.545,77.6630665520705,1.0,2.857,1.0,7.0,0,1,fixed_lag_waveform,1.0,786.04224,1313238047,0,0,169
164187,1314030046,1314031379,790.475,77.6630665520705,1.0,1.333,1.0,7.0,0,1,fixed_lag_waveform,1.0,785.7817600000001,1314030046,0,0,169
164289,1314846046,1314848993,817.614,77.6630665520705,1.0,2.947,1.0,7.0,0,1,fixed_lag_waveform,1.0,785.7817600000001,1314846046,0,0,169
164396,1315710043,1315709411,860.418,77.6630665520705,1.0,-0.632,1.0,7.0,0,1,fixed_lag_waveform,1.0,780.34176,1315710043,0,0,169
164499,1316534043,1316531773,822.362,77.6630665520705,1.0,-2.27,1.0,7.0,0,1,fixed_lag_waveform,1.0,780.34176,1316534043,0,0,169
164600,1317342043,1317340205,808.432,75.90372877067585,1.0,-1.838,1.0,7.0,0,1,fixed_lag_waveform,1.0,774.9017600000001,1317342043,0,0,169
164701,0,1318148505,808.3,74.22986514907832,1.0,0.0,1.0,7.0,1,1,fixed_lag_waveform,1.0,780.6320000000001,0,1,0,17
164803,0,1318961225,812.72,74.2177449680369,1.0,0.0,1.0,7.0,1,1,fixed_lag_waveform,1.0,786.336,0,1,0,17
164902,0,1319753394,792.169,74.2177449680369,1.0,0.0,1.0,7.0,1,1,fixed_lag_waveform,1.0,786.37824,0,1,0,17
164996,1320502043,1320503727,750.333,74.2177449680369,1.0,1.684,1.0,7.0,0,1,fixed_lag_waveform,1.0,791.8182400000001,1320502043,0,0,169
165085,1321214046,1321217204,713.477,74.2177449680369,1.0,3.158,1.0,7.0,0,1,fixed_lag_waveform,1.0,791.8182400000001,1321214046,0,0,169
165177,0,1321952486,735.282,74.22986514907832,1.0,0.0,1.0,7.0,1,1,fixed_lag_waveform,1.0,791.8182400000001,0,1,0,0
165261,0,1322626285,673.799,75.74141376398218,1.0,0.0,1.0,7.0,1,1,fixed_lag_waveform,1.0,797.2160000000001,0,1,0,1
165341,0,1323268487,642.202,79.96449576388083,1.0,0.0,1.0,7.0,1,1,fixed_lag_waveform,1.0,797.4940799999999,0,1,0,1
165420,1323894043,1323894675,626.188,81.60134479016213,1.0,0.632,1.0,7.0,0,1,fixed_lag_waveform,1.0,784.10656,1323894043,0,0,75
165509,1324614045,1324611276,716.601,83.72860210912349,1.0,-2.769,1.0,7.0,0,1,fixed_lag_waveform,1.0,784.7302400000001,1324614045,0,0,73
165604,0,1325373532,762.256,83.72860210912349,1.0,0.0,1.0,7.0,1,1,fixed_lag_waveform,1.0,778.75232,0,1,0,0
165704,0,1326172854,799.322,83.72860210912349,1.0,0.0,1.0,7.0,1,1,fixed_lag_waveform,1.0,784.19232,0,1,0,1
165811,0,1327028293,855.439,83.72860210912349,1.0,0.0,1.0,7.0,1,1,fixed_lag_waveform,1.0,778.75232,0,1,0,1
165921,1327902044,1327902488,874.195,81.60134479016213,1.0,0.444,1.0,7.0,0,1,fixed_lag_waveform,1.0,773.31232,1327902044,0,0,75
166035,1328814043,1328815163,912.675,78.713712978317,1.0,1.12,1.0,7.0,0,1,fixed_lag_waveform,1.0,779.29024,1328814043,0,0,73
166151,1329742043,1329742843,927.68,75.06361641491164,1.0,0.8,1.0,7.0,0,1,fixed_lag_waveform,1.0,782.4819200000001,1329742043,0,0,73
166266,1330662043,1330662576,919.733,70.13942548796584,1.0,0.533,1.0,7.0,0,1,fixed_lag_waveform,1.0,783.4630400000001,1330662043,0,0,73
166378,1331566043,1331565793,903.217,68.63457237801634,1.0,-0.25,1.0,7.0,0,1,fixed_lag_waveform,1.0,795.98048,1331566043,0,0,73
166487,1332430043,1332431643,865.85,68.63457237801634,1.0,1.6,1.0,7.0,0,1,fixed_lag_waveform,1.0,796.5424,1332430043,0,0,73
166591,0,1333262843,831.2,68.63457237801634,1.0,0.0,1.0,7.0,1,1,fixed_lag_waveform,1.0,807.4224000000002,0,1,0,0
166688,0,1334040976,778.133,68.63457237801634,1.0,0.0,1.0,7.0,1,1,fixed_lag_waveform,1.0,807.4224000000002,0,1,0,1
166778,1334758043,1334759219,718.243,68.63457237801634,1.0,1.176,1.0,7.0,0,1,fixed_lag_waveform,1.0,812.8624,1334758043,0,0,75
166866,1335470044,1335468787,709.568,69.29606744817231,1.0,-1.257,1.0,7.0,0,1,fixed_lag_waveform,1.0,812.8624,1335470044,0,0,73
166948,1336118043,1336123690,654.903,72.18479307025986,1.0,5.647,1.0,7.0,0,1,fixed_lag_waveform,1.0,815.6320000000001,1336118043,0,0,73
167028,1336766043,1336764205,640.515,77.10764098168308,1.0,-1.838,1.0,7.0,0,1,fixed_lag_waveform,1.0,804.5440000000001,1336766043,0,0,73
167113,1337438043,1337440643,676.438,83.53718727505871,1.0,2.6,1.0,7.0,0,1,fixed_lag_waveform,1.0,787.5625600000001,1337438043,0,0,73
167200,1338134043,1338139599,698.956,84.55849192748263,1.0,5.556,1.0,7.0,0,1,fixed_lag_waveform,1.0,762.95776,1338134043,0,0,73
167289,1338854043,1338852443,712.844,84.55849192748263,1.0,-1.6,1.0,7.0,0,1,fixed_lag_waveform,1.0,754.7417600000001,1338854043,0,0,73
167379,1339566043,1339567506,715.063,84.55849192748263,1.0,1.463,1.0,7.0,0,1,fixed_lag_waveform,1.0,754.7417600000001,1339566043,0,0,73
167476,1340342043,1340346750,779.244,84.55849192748263,1.0,4.707,1.0,7.0,0,1,fixed_lag_waveform,1.0,749.3017600000001,1340342043,0,0,73
167573,1341118043,1341119992,773.242,84.55849192748263,1.0,1.949,1.0,7.0,0,1,fixed_lag_waveform,1.0,749.3017600000001,1341118043,0,0,73
167672,1341918043,1341915599,795.607,84.16988850295435,1.0,-2.444,1.0,7.0,0,1,fixed_lag_waveform,1.0,749.3017600000001,1341918043,0,0,73
167769,1342694043,1342692265,776.666,83.90869056292942,1.0,-1.778,1.0,7.0,0,1,fixed_lag_waveform,1.0,744.9100800000001,1342694043,0,0,73
167867,1343470046,1343474259,781.994,77.59537117745803,1.0,4.213,1.0,7.0,0,1,fixed_lag_waveform,1.0,745.62016,1343470046,0,0,169
167965,1344254043,1344256990,782.731,77.25328519595296,1.0,2.947,1.0,7.0,0,1,fixed_lag_waveform,1.0,758.79744,1344254043,0,0,169
168057,1344678043,1344994504,737.514,77.25328519595296,1.0,316.461,1.0,7.0,1,1,fixed_lag_waveform,1.0,759.8931200000001,1344678043,0,0,185
168153,0,1345758146,763.642,77.25328519595296,1.0,0.0,1.0,7.0,1,1,fixed_lag_waveform,1.0,759.8931200000001,0,1,0,17
168251,1346542046,1346545157,787.011,76.99770546837703,1.0,3.111,1.0,7.0,0,1,fixed_lag_waveform,1.0,765.3331200000001,1346542046,0,0,185
168350,1347014043,1347335043,789.886,76.72693140868088,1.0,321.0,1.0,7.0,1,1,fixed_lag_waveform,1.0,771.59808,1347014043,0,0,185
168447,1348110047,1348110560,775.517,76.72693140868088,1.0,0.513,1.0,7.0,0,1,fixed_lag_waveform,1.0,772.4780800000001,1348110047,0,0,169
168543,1348878043,1348881222,770.662,77.25328519595296,1.0,3.179,1.0,7.0,0,1,fixed_lag_waveform,1.0,772.4780800000001,1348878043,0,0,73
168639,1349654043,1349653622,772.4,77.36774306688312,1.0,-0.421,1.0,7.0,0,1,fixed_lag_waveform,1.0,776.2131200000001,1349654043,0,0,73
168735,1350414043,1350418043,764.421,77.67995857068877,1.0,4.0,1.0,7.0,0,1,fixed_lag_waveform,1.0,775.84544,1350414043,0,0,73
168827,1351150043,1351152359,734.316,77.85514272145247,1.0,2.316,1.0,7.0,0,1,fixed_lag_waveform,1.0,774.8480000000001,1351150043,0,0,73
168924,1351926043,1351927992,775.633,77.67995857068877,1.0,1.949,1.0,7.0,0,1,fixed_lag_waveform,1.0,768.85184,1351926043,0,0,73
169022,1352710043,1352712148,784.156,77.36774306688312,1.0,2.105,1.0,7.0,0,1,fixed_lag_waveform,1.0,769.408,1352710043,0,0,73
169125,1353534044,1353536608,824.46,77.36774306688312,1.0,2.564,1.0,7.0,0,1,fixed_lag_waveform,1.0,764.9654400000001,1353534044,0,0,73
169228,1354366046,1354364870,828.262,77.36774306688312,1.0,-1.176,1.0,7.0,0,1,fixed_lag_waveform,1.0,764.9654400000001,1354366046,0,0,73
169327,1355150044,1355154729,789.859,77.35617231345236,1.0,4.685,1.0,7.0,0,1,fixed_lag_waveform,1.0,764.9654400000001,1355150044,0,0,73
169419,1355894044,1355892162,737.433,77.35617231345236,1.0,-1.882,1.0,7.0,0,1,fixed_lag_waveform,1.0,759.5625600000001,1355894044,0,0,73
169510,1356614044,1356614158,721.996,77.35617231345236,1.0,0.114,1.0,7.0,0,1,fixed_lag_waveform,1.0,759.5625600000001,1356614044,0,0,73
169597,1357318043,1357318043,703.885,77.35617231345236,1.0,0.0,1.0,7.0,0,1,fixed_lag_waveform,1.0,759.5625600000001,1357318043,0,0,73
169685,1358022046,1358020490,702.447,77.35617231345236,1.0,-1.556,1.0,7.0,0,1,fixed_lag_waveform,1.0,759.5625600000001,1358022046,0,0,73
169775,1358734046,1358736903,716.413,81.3633238545061,1.0,2.857,1.0,7.0,0,1,fixed_lag_waveform,1.0,759.5625600000001,1358734046,0,0,73
169861,0,1359429573,692.67,83.10295347896664,1.0,0.0,1.0,7.0,1,1,fixed_lag_waveform,1.0,741.8985600000001,0,1,0,1
169948,1360126043,1360123599,694.026,83.7505740403929,1.0,-2.444,1.0,7.0,0,1,fixed_lag_waveform,1.0,736.9587200000001,1360126043,0,0,185
170037,1360534043,1360834265,710.666,84.42784655520315,1.0,300.222,1.0,7.0,1,1,fixed_lag_waveform,1.0,729.73216,1360534043,0,0,185
170127,0,1361550843,716.578,84.42784655520315,1.0,0.0,1.0,7.0,1,1,fixed_lag_waveform,1.0,727.8931200000001,0,1,0,17
170219,0,1362286843,736.0,84.42784655520315,1.0,0.0,1.0,7.0,1,1,fixed_lag_waveform,1.0,727.8931200000001,0,1,0,17
170310,0,1363021622,734.779,84.42784655520315,1.0,0.0,1.0,7.0,1,1,fixed_lag_waveform,1.0,727.8931200000001,0,1,0,17
170401,1363742043,1363742367,720.745,83.7505740403929,1.0,0.324,1.0,7.0,0,1,fixed_lag_waveform,1.0,722.45312,1363742043,0,0,185
170493,0,1364482043,739.676,83.7312895455903,1.0,0.0,1.0,7.0,1,1,fixed_lag_waveform,1.0,724.29216,0,1,0,17
170585,0,1365215788,733.745,83.24719561009789,1.0,0.0,1.0,7.0,1,1,fixed_lag_waveform,1.0,718.9049600000001,0,1,0,17
170675,0,1365941626,725.838,82.6630735784018,1.0,0.0,1.0,7.0,1,1,fixed_lag_waveform,1.0,714.7984,0,1,0,17
170765,1366342045,1366656402,714.776,82.6630735784018,1.0,314.357,1.0,7.0,1,1,fixed_lag_waveform,1.0,716.42816,1366342045,0,0,185
170855,0,1367375787,719.385,82.6630735784018,1.0,0.0,1.0,7.0,1,1,fixed_lag_waveform,1.0,716.42816,0,1,0,17
170945,1368094043,1368095306,719.519,82.6630735784018,1.0,1.263,1.0,7.0,0,1,fixed_lag_waveform,1.0,716.42816,1368094043,0,0,169
171032,1368790043,1368793633,698.327,83.24719561009789,1.0,3.59,1.0,7.0,0,1,fixed_lag_waveform,1.0,716.42816,1368790043,0,0,73
171118,1369486045,1369482887,689.254,83.38904184601101,1.0,-3.158,1.0,7.0,0,1,fixed_lag_waveform,1.0,714.7984,1369486045,0,0,73
171204,1370166045,1370167450,684.563,83.40457474092455,1.0,1.405,1.0,7.0,0,1,fixed_lag_waveform,1.0,719.84608,1370166045,0,0,73
171286,1370822043,1370825543,658.093,83.94238194903019,1.0,3.5,1.0,7.0,0,1,fixed_lag_waveform,1.0,719.8032000000001,1370822043,0,0,73
171366,1371462047,1371463533,637.99,85.91963363868217,1.0,1.486,1.0,7.0,0,1,fixed_lag_waveform,1.0,718.3283200000001,1371462047,0,0,73
171448,1372126044,1372125326,661.793,87.05063735574984,1.0,-0.718,1.0,7.0,0,1,fixed_lag_waveform,1.0,713.06464,1372126044,0,0,73
171530,0,1372776710,651.384,87.6471559228296,1.0,0.0,1.0,7.0,1,1,fixed_lag_waveform,1.0,710.16128,0,1,0,1
171622,1373510043,1373510464,733.754,87.6471559228296,1.0,0.421,1.0,7.0,0,1,fixed_lag_waveform,1.0,703.2201600000001,1373510043,0,0,169
171714,1374246047,1374248152,737.688,87.6471559228296,1.0,2.105,1.0,7.0,0,1,fixed_lag_waveform,1.0,703.2201600000001,1374246047,0,0,169
171808,1374998046,1375001414,753.262,87.6471559228296,1.0,3.368,1.0,7.0,0,1,fixed_lag_waveform,1.0,703.2201600000001,1374998046,0,0,169
171902,1375758045,1375756856,755.442,87.6471559228296,1.0,-1.189,1.0,7.0,0,1,fixed_lag_waveform,1.0,697.78016,1375758045,0,0,169
171998,1376518043,1376519232,762.376,81.77127484143186,1.0,1.189,1.0,7.0,0,1,fixed_lag_waveform,1.0,692.34016,1376518043,0,0,169
172092,1377270046,1377272846,753.614,81.33519862055503,1.0,2.8,1.0,7.0,0,1,fixed_lag_waveform,1.0,702.64128,1377270046,0,0,73
172188,1378038043,1378040043,767.197,79.65356011586938,1.0,2.0,1.0,7.0,0,1,fixed_lag_waveform,1.0,703.90016,1378038043,0,0,73
172278,1378766045,1378765016,724.973,79.65356011586938,1.0,-1.029,1.0,7.0,0,1,fixed_lag_waveform,1.0,703.44384,1378766045,0,0,73
172364,1379454045,1379452640,687.624,79.65356011586938,1.0,-1.405,1.0,7.0,0,1,fixed_lag_waveform,1.0,703.44384,1379454045,0,0,73
172445,1380102043,1380101201,648.561,79.65356011586938,1.0,-0.842,1.0,7.0,0,1,fixed_lag_waveform,1.0,698.0038400000001,1380102043,0,0,73
172527,1380750043,1380755417,654.216,79.65356011586938,1.0,5.374,1.0,7.0,0,1,fixed_lag_waveform,1.0,698.0038400000001,1380750043,0,0,73
172603,1381358044,1381361377,605.96,82.76170284962338,1.0,3.333,1.0,7.0,0,1,fixed_lag_waveform,1.0,698.0038400000001,1381358044,0,0,73
172677,1381958043,1381955727,594.35,87.25698928484171,1.0,-2.316,1.0,7.0,0,1,fixed_lag_waveform,1.0,683.51136,1381958043,0,0,73
172753,1382566043,1382564710,608.983,91.71282879049122,1.0,-1.333,1.0,7.0,0,1,fixed_lag_waveform,1.0,671.5596800000001,1382566043,0,0,73
172827,0,1383154500,589.79,92.51250075166406,1.0,0.0,1.0,7.0,1,1,fixed_lag_waveform,1.0,660.8691200000001,0,1,0,1
172901,1383750043,1383748487,593.987,98.52491777274572,1.0,-1.556,1.0,7.0,0,1,fixed_lag_waveform,1.0,659.05952,1383750043,0,0,185
172979,1384134043,1384368710,620.223,98.52491777274572,1.0,234.667,1.0,7.0,1,1,fixed_lag_waveform,1.0,646.39456,1384134043,0,0,185
173059,1385014043,1385012100,643.39,98.52491777274572,1.0,-1.943,1.0,7.0,0,1,fixed_lag_waveform,1.0,646.39456,1385014043,0,0,185
173134,1385606045,1385610278,598.178,99.01643672849693,1.0,4.233,1.0,7.0,0,1,fixed_lag_waveform,1.0,646.39456,1385606045,0,0,169
173213,1386246047,1386242632,632.354,99.01643672849693,1.0,-3.415,1.0,7.0,0,1,fixed_lag_waveform,1.0,645.4272000000001,1386246047,0,0,169
173293,1386606046,1386885165,642.533,98.52491777274572,1.0,279.119,1.0,7.0,1,1,fixed_lag_waveform,1.0,639.9872,1386606046,0,0,169
173375,0,1387537656,652.491,96.73939857115909,1.0,0.0,1.0,7.0,1,1,fixed_lag_waveform,1.0,640.95456,0,1,0,17
173451,1387926045,1388143529,605.873,96.73939857115909,1.0,217.484,1.0,7.0,1,1,fixed_lag_waveform,1.0,644.55136,1387926045,0,0,185
173527,1388750043,1388752843,609.314,96.73939857115909,1.0,2.8,1.0,7.0,0,1,fixed_lag_waveform,1.0,639.1113600000001,1388750043,0,0,169
173603,1389358043,1389358885,606.042,96.73939857115909,1.0,0.842,1.0,7.0,0,1,fixed_lag_waveform,1.0,639.1113600000001,1389358043,0,0,73
173679,1389966045,1389967173,608.288,98.47139570073887,1.0,1.128,1.0,7.0,0,1,fixed_lag_waveform,1.0,639.1113600000001,1389966045,0,0,73
173764,1390646044,1390647172,679.999,98.47139570073887,1.0,1.128,1.0,7.0,0,1,fixed_lag_waveform,1.0,630.18048,1390646044,0,0,73
173854,1391366045,1391367940,720.768,94.88356205543097,1.0,1.895,1.0,7.0,0,1,fixed_lag_waveform,1.0,630.18048,1391366045,0,0,73
173943,1392078043,1392080487,712.547,93.3804178151161,1.0,2.444,1.0,7.0,0,1,fixed_lag_waveform,1.0,642.99328,1392078043,0,0,73
174033,1392806043,1392805622,725.135,91.95529133735178,1.0,-0.421,1.0,7.0,0,1,fixed_lag_waveform,1.0,646.2505600000001,1392806043,0,0,169
174121,1393214043,1393506265,700.643,88.23542387562334,1.0,292.222,1.0,7.0,1,1,fixed_lag_waveform,1.0,654.8771200000001,1393214043,0,0,185
174207,1394190043,1394191665,685.4,87.54012255617158,1.0,1.622,1.0,7.0,0,1,fixed_lag_waveform,1.0,669.11968,1394190043,0,0,185
174290,1394574047,1394858490,666.825,87.54012255617158,1.0,284.443,1.0,7.0,1,1,fixed_lag_waveform,1.0,676.288,1394574047,0,0,185
174374,1395526043,1395529411,670.921,87.54012255617158,1.0,3.368,1.0,7.0,0,1,fixed_lag_waveform,1.0,681.7280000000001,1395526043,0,0,169
174451,1396150044,1396148397,618.986,87.54012255617158,1.0,-1.647,1.0,7.0,0,1,fixed_lag_waveform,1.0,687.168,1396150044,0,0,185
174536,1396822043,1396827154,678.757,87.54012255617158,1.0,5.111,1.0,7.0,0,1,fixed_lag_waveform,1.0,692.6080000000001,1396822043,0,0,169
174621,1397510047,1397509018,681.864,87.99408679736722,1.0,-1.029,1.0,7.0,0,1,fixed_lag_waveform,1.0,698.048,1397510047,0,0,73
174703,1398158043,1398160043,651.025,88.39687841156703,1.0,2.0,1.0,7.0,0,1,fixed_lag_waveform,1.0,702.35648,1398158043,0,0,73
174790,1398854043,1398855072,695.029,88.39687841156703,1.0,1.029,1.0,7.0,0,1,fixed_lag_waveform,1.0,706.80224,1398854043,0,0,73
174880,1399574043,1399576097,721.025,88.39687841156703,1.0,2.054,1.0,7.0,0,1,fixed_lag_waveform,1.0,712.24224,1399574043,0,0,73
174979,1400374043,1400371479,795.382,88.39687841156703,1.0,-2.564,1.0,7.0,0,1,fixed_lag_waveform,1.0,717.68224,1400374043,0,0,73
175088,0,1401240287,868.808,87.99408679736722,1.0,0.0,1.0,7.0,1,1,fixed_lag_waveform,1.0,723.12224,0,1,0,17
175196,1402102043,1402104402,864.115,86.3273331040863,1.0,2.359,1.0,7.0,0,1,fixed_lag_waveform,1.0,724.11648,1402102043,0,0,169
175300,1402934043,1402935448,831.046,83.21486772303318,1.0,1.405,1.0,7.0,0,1,fixed_lag_waveform,1.0,728.32928,1402934043,0,0,169
175400,1403742043,1403741622,806.174,75.43545114171556,1.0,-0.421,1.0,7.0,0,1,fixed_lag_waveform,1.0,736.648,1403742043,0,0,169
175497,1404510043,1404511016,769.394,75.43545114171556,1.0,0.973,1.0,7.0,0,1,fixed_lag_waveform,1.0,765.88224,1404510043,0,0,169
175597,1405310046,1405311790,800.774,74.92750763636182,1.0,1.744,1.0,7.0,0,1,fixed_lag_waveform,1.0,771.3222400000001,1405310046,0,0,73
175691,1406062043,1406063727,751.937,74.92750763636182,1.0,1.684,1.0,7.0,0,1,fixed_lag_waveform,1.0,778.48768,1406062043,0,0,73
175784,1406806044,1406811154,747.427,74.92750763636182,1.0,5.11,1.0,7.0,0,1,fixed_lag_waveform,1.0,783.92768,1406806044,0,0,73
175881,1407582046,1407587872,776.718,74.92750763636182,1.0,5.826,1.0,7.0,0,1,fixed_lag_waveform,1.0,789.3676800000001,1407582046,0,0,73
175976,1408342045,1408345180,757.308,77.24811321483473,1.0,3.135,1.0,7.0,0,1,fixed_lag_waveform,1.0,794.8076800000001,1408342045,0,0,73
176066,1409062044,1409067414,722.234,77.98345191150437,1.0,5.37,1.0,7.0,0,1,fixed_lag_waveform,1.0,792.54976,1409062044,0,0,73
176152,1409750043,1409752569,685.155,79.22800234514887,1.0,2.526,1.0,7.0,0,1,fixed_lag_waveform,1.0,795.6460800000001,1409750043,0,0,73
176244,1410494043,1410491557,738.988,79.79391890544022,1.0,-2.486,1.0,7.0,0,1,fixed_lag_waveform,1.0,791.7785600000001,1410494043,0,0,73
176344,1411286045,1411287667,796.11,79.79391890544022,1.0,1.622,1.0,7.0,0,1,fixed_lag_waveform,1.0,795.49984,1411286045,0,0,73
176449,1412126044,1412129244,841.577,79.79391890544022,1.0,3.2,1.0,7.0,0,1,fixed_lag_waveform,1.0,800.93984,1412126044,0,0,73
176550,1412934045,1412936571,807.327,79.22800234514887,1.0,2.526,1.0,7.0,0,1,fixed_lag_waveform,1.0,800.93984,1412934045,0,0,73
176654,1413774044,1413773623,837.052,77.24811321483473,1.0,-0.421,1.0,7.0,0,1,fixed_lag_waveform,1.0,802.6585600000001,1413774044,0,0,73
176772,1414710046,1414713846,940.223,75.36646945773825,1.0,3.8,1.0,7.0,0,1,fixed_lag_waveform,1.0,808.86976,1414710046,0,0,169
176889,0,1415652424,938.578,74.31932785599886,1.0,0.0,1.0,7.0,1,1,fixed_lag_waveform,1.0,820.5152,0,1,0,17
176994,1416494045,1416491601,839.177,71.68013456750596,1.0,-2.444,1.0,7.0,0,1,fixed_lag_waveform,1.0,829.5446400000001,1416494045,0,0,169
177102,1417350043,1417353411,861.81,71.49862305568432,1.0,3.368,1.0,7.0,0,1,fixed_lag_waveform,1.0,844.4966400000001,1417350043,0,0,169
177210,1418222046,1418221575,868.164,71.29472407159416,1.0,-0.471,1.0,7.0,0,1,fixed_lag_waveform,1.0,845.17664,1418222046,0,0,169
177319,1419086043,1419086649,865.074,69.62091412260243,1.0,0.606,1.0,7.0,0,1,fixed_lag_waveform,1.0,851.38464,1419086043,0,0,73
177426,1419942043,1419942386,855.737,69.62091412260243,1.0,0.343,1.0,7.0,0,1,fixed_lag_waveform,1.0,863.2992000000002,1419942043,0,0,73
177535,1420814043,1420818987,876.601,69.35822831341596,1.0,4.944,1.0,7.0,0,1,fixed_lag_waveform,1.0,868.7392,1420814043,0,0,73
177646,1421710045,1421708398,889.411,69.11136605526146,1.0,-1.647,1.0,7.0,0,1,fixed_lag_waveform,1.0,875.2236800000001,1421710045,0,0,73
177752,1422550043,1422554279,845.881,69.35822831341596,1.0,4.236,1.0,7.0,0,1,fixed_lag_waveform,1.0,876.2124800000001,1422550043,0,0,73
177864,1423446043,1423448043,893.764,69.35822831341596,1.0,2.0,1.0,7.0,0,1,fixed_lag_waveform,1.0,880.66368,1423446043,0,0,73
177978,1424366046,1424365157,917.114,69.11136605526146,1.0,-0.889,1.0,7.0,0,1,fixed_lag_waveform,1.0,880.66368,1424366046,0,0,73
178088,1425238047,1425240047,874.89,68.58005006343654,1.0,2.0,1.0,7.0,0,1,fixed_lag_waveform,1.0,881.65248,1425238047,0,0,73
178198,1426118044,1426118158,878.111,68.44619159686106,1.0,0.114,1.0,7.0,0,1,fixed_lag_waveform,1.0,883.8048000000001,1426118044,0,0,73
178311,1427030043,1427027255,909.097,68.32849150050507,1.0,-2.788,1.0,7.0,0,1,fixed_lag_waveform,1.0,884.35232,1427030043,0,0,73
178429,1427966046,1427966160,938.905,67.46037546196304,1.0,0.114,1.0,7.0,0,1,fixed_lag_waveform,1.0,884.8355200000001,1427966046,0,0,169
178541,1428870045,1428868626,902.466,67.13181555757448,1.0,-1.419,1.0,7.0,0,1,fixed_lag_waveform,1.0,888.4515200000001,1428870045,0,0,169
178654,1429774043,1429772225,903.599,66.48449913902573,1.0,-1.818,1.0,7.0,0,1,fixed_lag_waveform,1.0,889.84448,1429774043,0,0,169
178769,0,1430686946,914.721,66.40113590209816,1.0,0.0,1.0,7.0,1,1,fixed_lag_waveform,1.0,892.6291200000001,0,1,0,17
178881,0,1431582649,895.703,66.40113590209816,1.0,0.0,1.0,7.0,1,1,fixed_lag_waveform,1.0,892.9916800000001,0,1,0,17
178990,1432454047,1432455138,872.489,66.48449913902573,1.0,1.091,1.0,7.0,0,1,fixed_lag_waveform,1.0,892.9916800000001,1432454047,0,0,169
179101,0,1433344346,889.208,66.48449913902573,1.0,0.0,1.0,7.0,1,1,fixed_lag_waveform,1.0,887.1891200000001,0,1,0,17
179210,0,1434217316,872.97,66.48449913902573,1.0,0.0,1.0,7.0,1,1,fixed_lag_waveform,1.0,887.1891200000001,0,1,0,17
179317,1435078043,1435077679,860.363,66.98648994142032,1.0,-0.364,1.0,7.0,0,1,fixed_lag_waveform,1.0,887.1891200000001,1435078043,0,0,169
179425,1435942043,1435939690,862.011,67.47577619634552,1.0,-2.353,1.0,7.0,0,1,fixed_lag_waveform,1.0,885.0249600000001,1435942043,0,0,73
179532,1436798047,1436796447,856.757,68.73088422282552,1.0,-1.6,1.0,7.0,0,1,fixed_lag_waveform,1.0,882.9465600000001,1436798047,0,0,73
179637,1437630046,1437635593,839.146,68.768775308342,1.0,5.547,1.0,7.0,0,1,fixed_lag_waveform,1.0,877.7504000000001,1437630046,0,0,73
179746,1438502043,1438508176,872.583,68.768775308342,1.0,6.133,1.0,7.0,0,1,fixed_lag_waveform,1.0,877.5964800000002,1438502043,0,0,73
179856,1439382044,1439386729,878.553,68.768775308342,1.0,4.685,1.0,7.0,0,1,fixed_lag_waveform,1.0,877.5964800000002,1439382044,0,0,73
179960,1440222043,1440221922,835.193,69.60468021869791,1.0,-0.121,1.0,7.0,0,1,fixed_lag_waveform,1.0,877.5964800000002,1440222043,0,0,73
180066,1441062046,1441067220,845.298,69.7380059347043,1.0,5.174,1.0,7.0,0,1,fixed_lag_waveform,1.0,874.2435200000001,1441062046,0,0,73
180176,1441942043,1441946531,879.311,69.7380059347043,1.0,4.488,1.0,7.0,0,1,fixed_lag_waveform,1.0,868.2761600000001,1441942043,0,0,73
180287,1442830045,1442831450,884.919,69.60468021869791,1.0,1.405,1.0,7.0,0,1,fixed_lag_waveform,1.0,868.2761600000001,1442830045,0,0,73
180396,1443702047,1443706285,874.835,68.76136711350095,1.0,4.238,1.0,7.0,0,1,fixed_lag_waveform,1.0,868.80352,1443702047,0,0,73
180511,1444622043,1444626043,919.758,68.58436162247737,1.0,4.0,1.0,7.0,0,1,fixed_lag_waveform,1.0,866.74656,1444622043,0,0,73
180627,1445558043,1445557472,931.429,68.29411543754333,1.0,-0.571,1.0,7.0,0,1,fixed_lag_waveform,1.0,867.4672,1445558043,0,0,73
180737,1446430046,1446430987,873.515,68.29411543754333,1.0,0.941,1.0,7.0,0,1,fixed_lag_waveform,1.0,863.21696,1446430046,0,0,73
180843,1447278043,1447282043,851.056,68.58436162247737,1.0,4.0,1.0,7.0,0,1,fixed_lag_waveform,1.0,863.21696,1447278043,0,0,73
180952,1448150043,1448154985,872.942,68.58436162247737,1.0,4.942,1.0,7.0,0,1,fixed_lag_waveform,1.0,856.5871999999999,1448150043,0,0,73
181062,1449038043,1449037243,882.258,68.23524327570108,1.0,-0.8,1.0,7.0,0,1,fixed_lag_waveform,1.0,851.1472000000001,1449038043,0,0,73
181166,1449870043,1449869679,832.436,68.58436162247737,1.0,-0.364,1.0,7.0,0,1,fixed_lag_waveform,1.0,847.13952,1449870043,0,0,73
181264,1450654043,1450651982,782.303,68.68800192326405,1.0,-2.061,1.0,7.0,0,1,fixed_lag_waveform,1.0,840.2672,1450654043,0,0,73
181355,1451374043,1451377543,725.561,68.73308879627741,1.0,3.5,1.0,7.0,0,1,fixed_lag_waveform,1.0,834.4048,1451374043,0,0,73
181445,0,1452095838,718.295,70.50064860596717,1.0,0.0,1.0,7.0,1,1,fixed_lag_waveform,1.0,834.22144,0,1,0,1
181537,1452838043,1452837922,742.084,72.07761317386561,1.0,-0.121,1.0,7.0,0,1,fixed_lag_waveform,1.0,827.21792,1452838043,0,0,169
181624,1453526043,1453532043,694.121,76.69662522066258,1.0,6.0,1.0,7.0,0,1,fixed_lag_waveform,1.0,821.2595200000001,1453526043,0,0,169
181709,1454206043,1454206514,674.471,80.85338047983787,1.0,0.471,1.0,7.0,0,1,fixed_lag_waveform,1.0,805.21696,1454206043,0,0,169
181796,1454910043,1454907498,700.984,82.69463215360251,1.0,-2.545,1.0,7.0,0,1,fixed_lag_waveform,1.0,792.3468799999999,1454910043,0,0,169
181889,0,1455647455,739.957,82.69463215360251,1.0,0.0,1.0,7.0,1,1,fixed_lag_waveform,1.0,787.05952,0,1,0,17
181983,0,1456400046,752.591,82.69463215360251,1.0,0.0,1.0,7.0,1,1,fixed_lag_waveform,1.0,787.05952,0,1,0,17
182072,1457110047,1457112835,712.789,83.5311397127921,1.0,2.788,1.0,7.0,0,1,fixed_lag_waveform,1.0,781.6195200000001,1457110047,0,0,169
182164,1457854046,1457851875,739.04,83.5311397127921,1.0,-2.171,1.0,7.0,0,1,fixed_lag_waveform,1.0,773.8543999999999,1457854046,0,0,73
182261,1458622045,1458626045,774.17,81.18640398354623,1.0,4.0,1.0,7.0,0,1,fixed_lag_waveform,1.0,768.4144000000001,1458622045,0,0,73
182363,1459438043,1459442043,815.998,81.18640398354623,1.0,4.0,1.0,7.0,0,1,fixed_lag_waveform,1.0,769.6128,1459438043,0,0,73
182468,1460278043,1460279219,837.176,81.08579282309648,1.0,1.176,1.0,7.0,0,1,fixed_lag_waveform,1.0,764.1728,1460278043,0,0,73
182583,1461198045,1461199074,919.855,79.72457815732582,1.0,1.029,1.0,7.0,0,1,fixed_lag_waveform,1.0,759.02624,1461198045,0,0,73
182698,1462126043,1462125808,926.734,77.50235736336981,1.0,-0.235,1.0,7.0,0,1,fixed_lag_waveform,1.0,757.6291200000001,1462126043,0,0,73
182813,1463046043,1463044624,918.816,73.52959198429407,1.0,-1.419,1.0,7.0,0,1,fixed_lag_waveform,1.0,769.9744000000001,1463046043,0,0,73
182914,1463854043,1463852250,807.626,73.52959198429407,1.0,-1.793,1.0,7.0,0,1,fixed_lag_waveform,1.0,783.35936,1463854043,0,0,73
183008,1464606043,1464604882,752.632,73.52959198429407,1.0,-1.161,1.0,7.0,0,1,fixed_lag_waveform,1.0,788.7993600000001,1464606043,0,0,73
183101,1465342045,1465346845,741.963,73.52959198429407,1.0,4.8,1.0,7.0,0,1,fixed_lag_waveform,1.0,794.23936,1465342045,0,0,73
183195,1466094043,1466097776,750.931,73.52959198429407,1.0,3.733,1.0,7.0,0,1,fixed_lag_waveform,1.0,805.11936,1466094043,0,0,73
183286,1466830043,1466827043,729.267,74.29181328981484,1.0,-3.0,1.0,7.0,0,1,fixed_lag_waveform,1.0,810.5593600000001,1466830043,0,0,73
183374,0,1467526278,699.235,79.72023512154679,1.0,0.0,1.0,7.0,1,1,fixed_lag_waveform,1.0,813.32032,0,1,0,1
183462,1467926043,1468237510,711.232,79.90081645317612,1.0,311.467,1.0,7.0,1,1,fixed_lag_waveform,1.0,806.6022399999999,1467926043,0,0,185
183557,1468638046,1468992711,755.201,79.90081645317612,1.0,354.665,1.0,7.0,1,1,fixed_lag_waveform,1.0,816.93792,1468638046,0,0,185
183654,1469766043,1469766157,773.446,79.90081645317612,1.0,0.114,1.0,7.0,0,1,fixed_lag_waveform,1.0,827.8179200000001,1469766043,0,0,169
183749,1470526043,1470530514,764.357,79.90081645317612,1.0,4.471,1.0,7.0,0,1,fixed_lag_waveform,1.0,833.25792,1470526043,0,0,169
183851,1471686043,1471348100,817.586,79.90081645317612,1.0,-337.943,1.0,7.0,1,1,fixed_lag_waveform,1.0,833.25792,1471686043,0,0,169
183960,0,1472214151,866.051,79.44904733971485,1.0,0.0,1.0,7.0,1,1,fixed_lag_waveform,1.0,822.37792,0,1,0,17
184078,1473158043,1473162043,947.892,78.49735136853592,1.0,4.0,1.0,7.0,0,1,fixed_lag_waveform,1.0,812.86432,1473158043,0,0,169
184201,1474142044,1474143044,981.001,77.57490503538709,1.0,1.0,1.0,7.0,0,1,fixed_lag_waveform,1.0,810.35424,1474142044,0,0,73
184319,1475086046,1475090886,947.842,73.3867752138613,1.0,4.84,1.0,7.0,0,1,fixed_lag_waveform,1.0,796.94272,1475086046,0,0,73
184437,1476030045,1476034254,943.368,69.27998466603006,1.0,4.209,1.0,7.0,0,1,fixed_lag_waveform,1.0,811.0675200000001,1476030045,0,0,73
184554,1476966045,1476970045,935.791,64.11688079923829,1.0,4.0,1.0,7.0,0,1,fixed_lag_waveform,1.0,821.1363200000001,1476966045,0,0,73
184661,1477830044,1477829155,859.11,64.11688079923829,1.0,-0.889,1.0,7.0,0,1,fixed_lag_waveform,1.0,848.8931200000001,1477830044,0,0,73
184759,1478606044,1478609155,780.0,64.11688079923829,1.0,3.111,1.0,7.0,0,1,fixed_lag_waveform,1.0,854.33312,1478606044,0,0,73
184852,1479350045,1479354730,745.575,64.11688079923829,1.0,4.685,1.0,7.0,0,1,fixed_lag_waveform,1.0,865.21312,1479350045,0,0,73
184940,1480062045,1480059991,705.261,64.11688079923829,1.0,-2.054,1.0,7.0,0,1,fixed_lag_waveform,1.0,881.53312,1480062045,0,0,73
185025,1480734043,1480735306,675.315,69.8397178475399,1.0,1.263,1.0,7.0,0,1,fixed_lag_waveform,1.0,881.53312,1480734043,0,0,73
185109,1481406043,1481411157,675.851,76.92307692307692,1.0,5.114,1.0,7.0,0,1,fixed_lag_waveform,1.0,862.4352000000001,1481406043,0,0,73
185200,1482134043,1482138643,727.486,80.47480132783421,1.0,4.6,1.0,7.0,0,1,fixed_lag_waveform,1.0,837.1200000000001,1482134043,0,0,73
185290,0,1482855727,717.084,82.47581396755402,1.0,0.0,1.0,7.0,1,1,fixed_lag_waveform,1.0,826.1040000000002,0,1,0,1
185378,1483254043,1483560402,704.675,83.67220576668842,1.0,306.359,1.0,7.0,1,1,fixed_lag_waveform,1.0,820.3155200000001,1483254043,0,0,185
185472,1484646045,1484316246,755.844,83.67220576668842,1.0,-329.799,1.0,7.0,1,1,fixed_lag_waveform,1.0,811.54688,1484646045,0,0,185
185581,1485182045,1485183863,867.617,83.67220576668842,1.0,1.818,1.0,7.0,0,1,fixed_lag_waveform,1.0,806.1068799999999,1485182045,0,0,169
185701,1486142047,1486142237,958.374,83.67220576668842,1.0,0.19,1.0,7.0,0,1,fixed_lag_waveform,1.0,806.1068799999999,1486142047,0,0,169
185818,1487086046,1487084387,942.15,82.47581396755402,1.0,-1.659,1.0,7.0,0,1,fixed_lag_waveform,1.0,800.66688,1487086046,0,0,169
185922,0,1487914936,830.549,79.38145966628034,1.0,0.0,1.0,7.0,1,1,fixed_lag_waveform,1.0,798.55552,0,1,0,17
186020,1488702043,1488699821,784.885,76.44431986851578,1.0,-2.222,1.0,7.0,0,1,fixed_lag_waveform,1.0,807.63008,1488702043,0,0,185
186122,1489470043,1489516782,816.961,73.44291832780267,1.0,46.739,1.0,7.0,0,1,fixed_lag_waveform,1.0,816.9232,1489470043,0,0,185
186229,1490366046,1490368749,851.967,72.24137287505012,1.0,2.703,1.0,7.0,0,1,fixed_lag_waveform,1.0,832.62752,1490366046,0,0,169
186338,1491238046,1491243483,874.734,70.42526295032555,1.0,5.437,1.0,7.0,0,1,fixed_lag_waveform,1.0,836.97568,1491238046,0,0,73
186446,1492102045,1492105180,861.697,69.63004397137277,1.0,3.135,1.0,7.0,0,1,fixed_lag_waveform,1.0,849.26944,1492102045,0,0,73
186558,1492998044,1493002675,897.495,69.63004397137277,1.0,4.631,1.0,7.0,0,1,fixed_lag_waveform,1.0,852.3830399999999,1492998044,0,0,73
186667,1493870043,1493873222,870.547,69.63004397137277,1.0,3.179,1.0,7.0,0,1,fixed_lag_waveform,1.0,852.3830399999999,1493870043,0,0,73
186772,1494710043,1494711016,837.794,70.42526295032555,1.0,0.973,1.0,7.0,0,1,fixed_lag_waveform,1.0,857.82304,1494710043,0,0,169
186877,0,1495556854,845.838,70.42526295032555,1.0,0.0,1.0,7.0,1,1,fixed_lag_waveform,1.0,854.7094400000001,0,1,0,17
186986,1496390043,1496426710,869.856,69.63004397137277,1.0,36.667,1.0,7.0,0,1,fixed_lag_waveform,1.0,854.7094400000001,1496390043,0,0,185
187092,1497270043,1497273154,846.444,69.63004397137277,1.0,3.111,1.0,7.0,0,1,fixed_lag_waveform,1.0,852.3830399999999,1497270043,0,0,169
187202,1498150043,1498152043,878.889,68.97693411323253,1.0,2.0,1.0,7.0,0,1,fixed_lag_waveform,1.0,846.9430400000001,1498150043,0,0,169
187305,1498974043,1498976529,824.486,69.63004397137277,1.0,2.486,1.0,7.0,0,1,fixed_lag_waveform,1.0,849.5539200000001,1498974043,0,0,73
187408,1499798045,1499799823,823.294,70.88478387229398,1.0,1.778,1.0,7.0,0,1,fixed_lag_waveform,1.0,846.9430400000001,1499798045,0,0,73
187506,1500582046,1500586043,786.22,70.93556922247522,1.0,3.997,1.0,7.0,0,1,fixed_lag_waveform,1.0,842.06208,1500582046,0,0,73
187605,1501382045,1501381942,795.899,71.61665039377222,1.0,-0.103,1.0,7.0,0,1,fixed_lag_waveform,1.0,841.86816,1501382045,0,0,73
187706,1502182045,1502185396,803.454,72.77261226994759,1.0,3.351,1.0,7.0,0,1,fixed_lag_waveform,1.0,839.2940800000001,1502182045,0,0,73
187815,1503054043,1503056402,871.006,72.77261226994759,1.0,2.359,1.0,7.0,0,1,fixed_lag_waveform,1.0,835.03552,1503054043,0,0,73
187920,1503902043,1503899517,843.115,72.77261226994759,1.0,-2.526,1.0,7.0,0,1,fixed_lag_waveform,1.0,840.47552,1503902043,0,0,73
188013,1504638043,1504638694,739.177,72.87797554700994,1.0,0.651,1.0,7.0,0,1,fixed_lag_waveform,1.0,835.03552,1504638043,0,0,73
188105,1505382045,1505381245,742.551,74.67757955029163,1.0,-0.8,1.0,7.0,0,1,fixed_lag_waveform,1.0,834.65408,1505382045,0,0,73
188205,1506174043,1506174556,793.311,75.3864497882269,1.0,0.513,1.0,7.0,0,1,fixed_lag_waveform,1.0,828.30528,1506174043,0,0,73
188308,1506998043,1507000287,825.731,75.3864497882269,1.0,2.244,1.0,7.0,0,1,fixed_lag_waveform,1.0,825.88768,1506998043,0,0,73
188413,1507838043,1507841017,840.73,74.67757955029163,1.0,2.974,1.0,7.0,0,1,fixed_lag_waveform,1.0,825.88768,1507838043,0,0,73
188522,1508710046,1508711379,870.362,72.6628890038039,1.0,1.333,1.0,7.0,0,1,fixed_lag_waveform,1.0,828.30528,1508710046,0,0,73
188633,1509598043,1509601222,889.843,71.36655049778169,1.0,3.179,1.0,7.0,0,1,fixed_lag_waveform,1.0,835.4339200000001,1509598043,0,0,73
188748,1510526043,1510524710,923.488,71.36655049778169,1.0,-1.333,1.0,7.0,0,1,fixed_lag_waveform,1.0,840.2336,1510526043,0,0,73
188857,1511390043,1511394908,870.198,71.36655049778169,1.0,4.865,1.0,7.0,0,1,fixed_lag_waveform,1.0,845.6736000000001,1511390043,0,0,73
188962,1512230044,1512234266,839.358,71.36655049778169,1.0,4.222,1.0,7.0,0,1,fixed_lag_waveform,1.0,851.1136000000001,1512230044,0,0,73
189065,1513054045,1513058864,824.598,71.36655049778169,1.0,4.819,1.0,7.0,0,1,fixed_lag_waveform,1.0,851.1136000000001,1513054045,0,0,73
189170,1513894046,1513898466,839.602,71.36655049778169,1.0,4.42,1.0,7.0,0,1,fixed_lag_waveform,1.0,851.1136000000001,1513894046,0,0,73
189276,1514742047,1514746675,848.209,70.73728291022614,1.0,4.628,1.0,7.0,0,1,fixed_lag_waveform,1.0,845.6736000000001,1514742047,0,0,73
189382,1515590045,1515592361,845.686,70.73728291022614,1.0,2.316,1.0,7.0,0,1,fixed_lag_waveform,1.0,848.06688,1515590045,0,0,73
189489,1516446043,1516447448,855.087,70.73728291022614,1.0,1.405,1.0,7.0,0,1,fixed_lag_waveform,1.0,848.06688,1516446043,0,0,73
189598,1517318043,1517318464,871.016,70.73728291022614,1.0,0.421,1.0,7.0,0,1,fixed_lag_waveform,1.0,848.06688,1517318043,0,0,73
189712,1518230043,1518233243,914.779,70.73728291022614,1.0,3.2,1.0,7.0,0,1,fixed_lag_waveform,1.0,848.06688,1518230043,0,0,73
189829,1519174043,1519171096,937.853,70.73728291022614,1.0,-2.947,1.0,7.0,0,1,fixed_lag_waveform,1.0,848.06688,1519174043,0,0,73
189936,1520030043,1520028205,857.109,70.16829866434644,1.0,-1.838,1.0,7.0,0,1,fixed_lag_waveform,1.0,842.62688,1520030043,0,0,73
190037,1520830044,1520832570,804.365,70.16829866434644,1.0,2.526,1.0,7.0,0,1,fixed_lag_waveform,1.0,844.82784,1520830044,0,0,73
190135,1521614043,1521617622,785.052,70.16829866434644,1.0,3.579,1.0,7.0,0,1,fixed_lag_waveform,1.0,844.82784,1521614043,0,0,73
190227,1522358045,1522357834,740.212,70.16829866434644,1.0,-0.211,1.0,7.0,0,1,fixed_lag_waveform,1.0,844.82784,1522358045,0,0,73
190315,1523062046,1523059222,701.388,70.16829866434644,1.0,-2.824,1.0,7.0,0,1,fixed_lag_waveform,1.0,844.82784,1523062046,0,0,73
190406,1523790043,1523788100,728.878,74.59300193320196,1.0,-1.943,1.0,7.0,0,1,fixed_lag_waveform,1.0,844.82784,1523790043,0,0,73
190505,1524574044,1524575666,787.566,76.18409123806767,1.0,1.622,1.0,7.0,0,1,fixed_lag_waveform,1.0,828.5968,1524574044,0,0,73
190604,1525374043,1525372710,797.044,76.18409123806767,1.0,-1.333,1.0,7.0,0,1,fixed_lag_waveform,1.0,823.22112,1525374043,0,0,73
190700,1526134043,1526139874,767.164,76.42805826875163,1.0,5.831,1.0,7.0,0,1,fixed_lag_waveform,1.0,828.66112,1526134043,0,0,73
190802,1526950043,1526952843,812.969,76.42805826875163,1.0,2.8,1.0,7.0,0,1,fixed_lag_waveform,1.0,827.85664,1526950043,0,0,73
190912,1527830043,1527830254,877.411,76.42805826875163,1.0,0.211,1.0,7.0,0,1,fixed_lag_waveform,1.0,827.85664,1527830043,0,0,73
191023,1528726043,1528725043,894.789,76.18409123806767,1.0,-1.0,1.0,7.0,0,1,fixed_lag_waveform,1.0,822.41664,1528726043,0,0,73
191137,1529630043,1529632482,907.439,75.27815277450179,1.0,2.439,1.0,7.0,0,1,fixed_lag_waveform,1.0,817.78112,1529630043,0,0,73
191242,1530470046,1530472935,840.453,73.8035521649657,1.0,2.889,1.0,7.0,0,1,fixed_lag_waveform,1.0,820.81408,1530470046,0,0,73
191346,1531302045,1531304531,831.596,72.15041919393552,1.0,2.486,1.0,7.0,0,1,fixed_lag_waveform,1.0,820.47008,1531302045,0,0,73
191452,1532158043,1532156710,852.179,71.39007178271719,1.0,-1.333,1.0,7.0,0,1,fixed_lag_waveform,1.0,820.99072,1532158043,0,0,73
191563,1533038043,1533043939,887.229,70.40774297418734,1.0,5.896,1.0,7.0,0,1,fixed_lag_waveform,1.0,823.8249599999999,1533038043,0,0,73
191675,1533934043,1533934265,890.326,68.38300408816393,1.0,0.222,1.0,7.0,0,1,fixed_lag_waveform,1.0,833.01728,1533934043,0,0,73
191780,1534774045,1534776531,842.266,68.38300408816393,1.0,2.486,1.0,7.0,0,1,fixed_lag_waveform,1.0,841.0915200000001,1534774045,0,0,73
191880,1535582044,1535579691,803.16,70.40774297418734,1.0,-2.353,1.0,7.0,0,1,fixed_lag_waveform,1.0,846.53152,1535582044,0,0,73
191980,1536374044,1536374158,794.467,71.23640275162478,1.0,0.114,1.0,7.0,0,1,fixed_lag_waveform,1.0,838.45728,1536374044,0,0,73
192081,1537182043,1537186043,811.885,71.39007178271719,1.0,4.0,1.0,7.0,0,1,fixed_lag_waveform,1.0,835.28512,1537182043,0,0,73
192174,1537926043,1537930279,744.236,72.15041919393552,1.0,4.236,1.0,7.0,0,1,fixed_lag_waveform,1.0,834.70496,1537926043,0,0,73
192262,1538638046,1538636208,705.929,73.90209204505564,1.0,-1.838,1.0,7.0,0,1,fixed_lag_waveform,1.0,837.3107200000001,1538638046,0,0,73
192355,1539718046,1539376900,740.692,74.7049155834454,1.0,-341.146,1.0,7.0,1,1,fixed_lag_waveform,1.0,825.5632,1539718046,0,0,169
192452,1540158046,1540156208,779.308,75.52233132401976,1.0,-1.838,1.0,7.0,0,1,fixed_lag_waveform,1.0,822.7711999999999,1540158046,0,0,185
192556,1540982047,1540984847,828.639,75.52233132401976,1.0,2.8,1.0,7.0,0,1,fixed_lag_waveform,1.0,814.54944,1540982047,0,0,169
192662,1541830043,1541830675,845.828,75.52233132401976,1.0,0.632,1.0,7.0,0,1,fixed_lag_waveform,1.0,809.10944,1541830043,0,0,169
192761,1542630043,1542628557,797.882,75.52233132401976,1.0,-1.486,1.0,7.0,0,1,fixed_lag_waveform,1.0,809.10944,1542630043,0,0,169
192865,1543462043,1543459557,831.0,75.19908958968871,1.0,-2.486,1.0,7.0,0,1,fixed_lag_waveform,1.0,809.10944,1543462043,0,0,169
192970,1544294046,1544296532,836.975,75.19908958968871,1.0,2.486,1.0,7.0,0,1,fixed_lag_waveform,1.0,804.76224,1544294046,0,0,73
193076,1545150044,1545148855,852.323,72.40788811533129,1.0,-1.189,1.0,7.0,0,1,fixed_lag_waveform,1.0,799.32224,1545150044,0,0,73
193183,1545998043,1545999881,851.026,72.20216606498195,1.0,1.838,1.0,7.0,0,1,fixed_lag_waveform,1.0,809.16448,1545998043,0,0,73
193283,1546806043,1546805599,805.718,72.20216606498195,1.0,-0.444,1.0,7.0,0,1,fixed_lag_waveform,1.0,804.48,1546806043,0,0,73
193379,1547566045,1547568869,763.27,72.20216606498195,1.0,2.824,1.0,7.0,0,1,fixed_lag_waveform,1.0,804.48,1547566045,0,0,73
193476,1548342046,1548347872,779.003,72.20216606498195,1.0,5.826,1.0,7.0,0,1,fixed_lag_waveform,1.0,799.04,1548342046,0,0,73
193575,1549134045,1549134802,786.93,74.46774181537461,1.0,0.757,1.0,7.0,0,1,fixed_lag_waveform,1.0,804.48,1549134045,0,0,73
193672,1549918045,1549917504,782.702,74.46774181537461,1.0,-0.541,1.0,7.0,0,1,fixed_lag_waveform,1.0,801.82976,1549918045,0,0,73
193767,1550678043,1550677154,759.65,76.24566352788686,1.0,-0.889,1.0,7.0,0,1,fixed_lag_waveform,1.0,807.26976,1550678043,0,0,73
193864,1551446043,1551447757,770.603,76.65752738590166,1.0,1.714,1.0,7.0,0,1,fixed_lag_waveform,1.0,806.6976,1551446043,0,0,73
193960,1552214043,1552214800,767.043,77.02152623288998,1.0,0.757,1.0,7.0,0,1,fixed_lag_waveform,1.0,805.34464,1552214043,0,0,73
194055,1552974043,1552974749,759.949,77.86110357732841,1.0,0.706,1.0,7.0,0,1,fixed_lag_waveform,1.0,809.6009600000001,1552974043,0,0,73
194143,1553686046,1553685105,710.356,78.22247253413433,1.0,-0.941,1.0,7.0,0,1,fixed_lag_waveform,1.0,812.3529599999999,1553686046,0,0,73
194232,1554390043,1554393154,708.049,78.22247253413433,1.0,3.111,1.0,7.0,0,1,fixed_lag_waveform,1.0,811.21376,1554390043,0,0,73
194327,1555158043,1555157120,763.966,78.53752653913918,1.0,-0.923,1.0,7.0,0,1,fixed_lag_waveform,1.0,811.21376,1555158043,0,0,73
194432,1555990043,1555990146,833.026,78.53752653913918,1.0,0.103,1.0,7.0,0,1,fixed_lag_waveform,1.0,815.66912,1555990043,0,0,73
194545,1556894043,1556898864,908.718,78.53752653913918,1.0,4.821,1.0,7.0,0,1,fixed_lag_waveform,1.0,815.66912,1556894043,0,0,73
194663,1557838045,1557841283,942.419,78.22247253413433,1.0,3.238,1.0,7.0,0,1,fixed_lag_waveform,1.0,815.66912,1557838045,0,0,73
194778,1558766047,1558763952,922.669,78.22247253413433,1.0,-2.095,1.0,7.0,0,1,fixed_lag_waveform,1.0,822.09376,1558766047,0,0,169
194895,0,1559698244,934.292,72.02656339658067,1.0,0.0,1.0,7.0,1,1,fixed_lag_waveform,1.0,827.53376,0,1,0,17
195012,1560630043,1560634443,936.199,66.02708430998396,1.0,4.4,1.0,7.0,0,1,fixed_lag_waveform,1.0,854.0883200000001,1560630043,0,0,169
195120,1561494046,1561499558,865.115,66.02708430998396,1.0,5.512,1.0,7.0,0,1,fixed_lag_waveform,1.0,883.74976,1561494046,0,0,169
195225,1562334043,1562335727,836.169,66.02708430998396,1.0,1.684,1.0,7.0,0,1,fixed_lag_waveform,1.0,883.74976,1562334043,0,0,169
195333,1563198043,1563199311,863.584,66.02708430998396,1.0,1.268,1.0,7.0,0,1,fixed_lag_waveform,1.0,889.1897600000001,1563198043,0,0,73
195443,1564078043,1564081653,882.342,66.02708430998396,1.0,3.61,1.0,7.0,0,1,fixed_lag_waveform,1.0,894.62976,1564078043,0,0,73
195554,1564966043,1564970866,889.213,67.47539678344783,1.0,4.823,1.0,7.0,0,1,fixed_lag_waveform,1.0,900.0697600000001,1564966043,0,0,73
195662,1565830046,1565834866,864.0,68.00084321045581,1.0,4.82,1.0,7.0,0,1,fixed_lag_waveform,1.0,893.82816,1565830046,0,0,73
195775,1566734043,1566734157,899.291,68.00084321045581,1.0,0.114,1.0,7.0,0,1,fixed_lag_waveform,1.0,891.6294400000002,1566734043,0,0,73
195888,1567638043,1567641222,907.065,68.00084321045581,1.0,3.179,1.0,7.0,0,1,fixed_lag_waveform,1.0,891.6294400000002,1567638043,0,0,73
195998,1568518043,1568522265,881.043,68.10110289736143,1.0,4.222,1.0,7.0,0,1,fixed_lag_waveform,1.0,886.1894400000001,1568518043,0,0,73
196108,1569398043,1569398584,876.319,68.10110289736143,1.0,0.541,1.0,7.0,0,1,fixed_lag_waveform,1.0,880.3337600000001,1569398043,0,0,73
196221,1570302046,1570303451,904.867,68.00084321045581,1.0,1.405,1.0,7.0,0,1,fixed_lag_waveform,1.0,880.3337600000001,1570302046,0,0,73
196338,1571246044,1571245155,941.704,67.47539678344783,1.0,-0.889,1.0,7.0,0,1,fixed_lag_waveform,1.0,880.74944,1571246044,0,0,73
196458,1572206043,1572204265,959.11,66.71922659072536,1.0,-1.778,1.0,7.0,0,1,fixed_lag_waveform,1.0,882.9481600000001,1572206043,0,0,73
196564,1573046043,1573047529,843.264,66.71922659072536,1.0,1.486,1.0,7.0,0,1,fixed_lag_waveform,1.0,886.1731200000002,1573046043,0,0,73
196665,1573854045,1573854516,806.987,66.71922659072536,1.0,0.471,1.0,7.0,0,1,fixed_lag_waveform,1.0,891.61312,1573854045,0,0,73
196764,1574654046,1574652713,798.197,68.10110289736143,1.0,-1.333,1.0,7.0,0,1,fixed_lag_waveform,1.0,897.05312,1574654046,0,0,73
196863,1575438045,1575443255,790.542,68.46821762394745,1.0,5.21,1.0,7.0,0,1,fixed_lag_waveform,1.0,896.65376,1575438045,0,0,73
196962,1576238043,1576235982,792.727,71.15209471766849,1.0,-2.061,1.0,7.0,0,1,fixed_lag_waveform,1.0,900.5820800000001,1576238043,0,0,73
197074,1577126043,1577127448,891.466,71.15209471766849,1.0,1.405,1.0,7.0,0,1,fixed_lag_waveform,1.0,895.4444800000001,1577126043,0,0,73
197194,0,1578088746,961.298,71.15209471766849,1.0,0.0,1.0,7.0,1,1,fixed_lag_waveform,1.0,900.8844800000002,0,1,0,1
197308,0,1579003499,914.753,71.15209471766849,1.0,0.0,1.0,7.0,1,1,fixed_lag_waveform,1.0,906.32448,0,1,0,1
197420,1579902043,1579902043,898.544,71.15209471766849,1.0,0.0,1.0,7.0,0,1,fixed_lag_waveform,1.0,911.76448,1579902043,0,0,75
197553,1580966043,1580963821,1061.778,67.30486636618782,1.0,-2.222,1.0,7.0,0,1,fixed_lag_waveform,1.0,917.2044800000001,1580966043,0,0,73
197695,0,1582097838,1134.017,66.77469328157552,1.0,0.0,1.0,7.0,1,1,fixed_lag_waveform,1.0,932.6291200000001,0,1,0,1
197826,1583142045,1583143018,1045.18,65.59147660625327,1.0,0.973,1.0,7.0,0,1,fixed_lag_waveform,1.0,929.4540800000001,1583142045,0,0,75
197951,1584142047,1584144847,1001.829,62.41560889547258,1.0,2.8,1.0,7.0,0,1,fixed_lag_waveform,1.0,940.08096,1584142047,0,0,73
198080,1585174044,1585175507,1030.66,59.89046034802347,1.0,1.463,1.0,7.0,0,1,fixed_lag_waveform,1.0,954.97536,1585174044,0,0,73
198211,1586222043,1586227243,1051.736,58.21512428929035,1.0,5.2,1.0,7.0,0,1,fixed_lag_waveform,1.0,973.3852800000001,1586222043,0,0,73
198331,1587182043,1587185633,958.39,58.21512428929035,1.0,3.59,1.0,7.0,0,1,fixed_lag_waveform,1.0,982.6112,1587182043,0,0,73
198448,1588118043,1588119787,934.154,58.21512428929035,1.0,1.744,1.0,7.0,0,1,fixed_lag_waveform,1.0,982.6112,1588118043,0,0,73
198564,1589054043,1589051096,931.309,58.21512428929035,1.0,-2.947,1.0,7.0,0,1,fixed_lag_waveform,1.0,988.0512000000001,1589054043,0,0,73
198678,1589966043,1589963340,912.244,59.89046034802347,1.0,-2.703,1.0,7.0,0,1,fixed_lag_waveform,1.0,993.4912000000002,1589966043,0,0,73
198790,1590862043,1590858908,895.568,62.60499379167145,1.0,-3.135,1.0,7.0,0,1,fixed_lag_waveform,1.0,984.2652800000001,1590862043,0,0,73
198907,1591798044,1591797833,938.925,63.9028676411854,1.0,-0.211,1.0,7.0,0,1,fixed_lag_waveform,1.0,970.3648000000001,1591798044,0,0,73
199023,1592718045,1592720712,922.879,64.22923843391989,1.0,2.667,1.0,7.0,0,1,fixed_lag_waveform,1.0,958.696,1592718045,0,0,73
199135,0,1593620786,900.074,64.42544848165325,1.0,0.0,1.0,7.0,1,1,fixed_lag_waveform,1.0,951.72928,0,1,0,1
199255,1594574047,1594576363,955.577,64.42544848165325,1.0,2.316,1.0,7.0,0,1,fixed_lag_waveform,1.0,945.37888,1594574047,0,0,169
199387,1595630043,1595635340,1058.977,64.42544848165325,1.0,5.297,1.0,7.0,0,1,fixed_lag_waveform,1.0,939.9388800000002,1595630043,0,0,169
199515,1596654043,1596656043,1020.703,64.42544848165325,1.0,2.0,1.0,7.0,0,1,fixed_lag_waveform,1.0,934.4988800000001,1596654043,0,0,169
199628,1597558043,1597561316,905.273,65.01394007231717,1.0,3.273,1.0,7.0,0,1,fixed_lag_waveform,1.0,929.05888,1597558043,0,0,169
199745,1598494043,1598498265,936.949,64.03763705388447,1.0,4.222,1.0,7.0,0,1,fixed_lag_waveform,1.0,920.92128,1598494043,0,0,73
199861,1599430043,1599429293,931.028,64.03763705388447,1.0,-0.75,1.0,7.0,0,1,fixed_lag_waveform,1.0,925.42368,1599430043,0,0,73
199972,1600310043,1600314793,885.5,64.44489317184875,1.0,4.75,1.0,7.0,0,1,fixed_lag_waveform,1.0,919.98368,1600310043,0,0,73
200084,1601206043,1601206157,891.364,64.44489317184875,1.0,0.114,1.0,7.0,0,1,fixed_lag_waveform,1.0,918.08896,1601206043,0,0,73
200196,1602102043,1602106293,900.136,64.44489317184875,1.0,4.25,1.0,7.0,0,1,fixed_lag_waveform,1.0,918.08896,1602102043,0,0,73
200307,1602990044,1602994749,888.456,66.27834918306411,1.0,4.705,1.0,7.0,0,1,fixed_lag_waveform,1.0,918.08896,1602990044,0,0,73
200413,1603838043,1603840346,845.597,66.65659411466712,1.0,2.303,1.0,7.0,0,1,fixed_lag_waveform,1.0,904.40736,1603838043,0,0,73
200519,1604686045,1604688106,847.76,67.31256815397525,1.0,2.061,1.0,7.0,0,1,fixed_lag_waveform,1.0,902.76352,1604686045,0,0,73
200630,1605574044,1605577587,889.481,67.4550664938318,1.0,3.543,1.0,7.0,0,1,fixed_lag_waveform,1.0,894.5164800000001,1605574044,0,0,73
200741,1606470043,1606468557,890.97,67.4550664938318,1.0,-1.486,1.0,7.0,0,1,fixed_lag_waveform,1.0,893.9139200000001,1606470043,0,0,73
200852,1607350043,1607354278,885.721,67.53288851670763,1.0,4.235,1.0,7.0,0,1,fixed_lag_waveform,1.0,893.9139200000001,1607350043,0,0,73
200964,1608246043,1608248746,894.468,67.4550664938318,1.0,2.703,1.0,7.0,0,1,fixed_lag_waveform,1.0,888.14592,1608246043,0,0,73
201076,1609150044,1609147644,898.898,67.4550664938318,1.0,-2.4,1.0,7.0,0,1,fixed_lag_waveform,1.0,888.47392,1609150044,0,0,73
201186,1610030043,1610028396,880.752,67.53288851670763,1.0,-1.647,1.0,7.0,0,1,fixed_lag_waveform,1.0,883.0339200000001,1610030043,0,0,73
201294,1610894043,1610892100,863.704,67.74142196018836,1.0,-1.943,1.0,7.0,0,1,fixed_lag_waveform,1.0,877.26592,1610894043,0,0,73
201400,1611734043,1611734614,842.514,67.74142196018836,1.0,0.571,1.0,7.0,0,1,fixed_lag_waveform,1.0,876.3907200000001,1611734043,0,0,73
201510,1612614044,1612614488,879.874,67.74142196018836,1.0,0.444,1.0,7.0,0,1,fixed_lag_waveform,1.0,876.3907200000001,1612614044,0,0,73
201622,1613510044,1613511301,896.813,67.74142196018836,1.0,1.257,1.0,7.0,0,1,fixed_lag_waveform,1.0,870.95072,1613510044,0,0,73
201731,1614382045,1614382159,870.858,68.12360346612896,1.0,0.114,1.0,7.0,0,1,fixed_lag_waveform,1.0,870.95072,1614382045,0,0,73
201839,1615254043,1615251643,869.484,68.19158197651028,1.0,-2.4,1.0,7.0,0,1,fixed_lag_waveform,1.0,874.80064,1615254043,0,0,73
201946,1616110046,1616109505,857.862,68.89756998270671,1.0,-0.541,1.0,7.0,0,1,fixed_lag_waveform,1.0,879.9596800000002,1616110046,0,0,73
202048,1616926043,1616925102,815.597,69.00644520198186,1.0,-0.941,1.0,7.0,0,1,fixed_lag_waveform,1.0,877.07456,1616926043,0,0,73
202148,1617726044,1617724883,799.781,69.46824375017367,1.0,-1.161,1.0,7.0,0,1,fixed_lag_waveform,1.0,876.6348800000001,1617726044,0,0,73
202251,1618542047,1618544676,819.793,69.94131923316338,1.0,2.629,1.0,7.0,0,1,fixed_lag_waveform,1.0,880.22528,1618542047,0,0,73
202357,1619390045,1619391156,846.48,69.94131923316338,1.0,1.111,1.0,7.0,0,1,fixed_lag_waveform,1.0,878.35584,1619390045,0,0,73
202461,1620598046,1620223156,832.0,70.88176920895945,1.0,-374.89,1.0,7.0,1,1,fixed_lag_waveform,1.0,878.35584,1620598046,0,0,185
202572,1621118043,1621117154,893.998,70.88176920895945,1.0,-0.889,1.0,7.0,0,1,fixed_lag_waveform,1.0,874.7136,1621118043,0,0,169
202692,1622078045,1622076645,959.491,70.88176920895945,1.0,-1.4,1.0,7.0,0,1,fixed_lag_waveform,1.0,880.1536000000001,1622078045,0,0,169
202812,1623030043,1623034043,957.398,70.88176920895945,1.0,4.0,1.0,7.0,0,1,fixed_lag_waveform,1.0,885.5936,1623030043,0,0,169
202927,1623958047,1623956790,922.747,70.88176920895945,1.0,-1.257,1.0,7.0,0,1,fixed_lag_waveform,1.0,885.5936,1623958047,0,0,169
203046,1624910043,1624908265,951.475,67.11424410345437,1.0,-1.778,1.0,7.0,0,1,fixed_lag_waveform,1.0,885.5936,1624910043,0,0,73
203163,1625838047,1625841182,932.917,65.023240389836,1.0,3.135,1.0,7.0,0,1,fixed_lag_waveform,1.0,900.79936,1625838047,0,0,73
203280,1626774043,1626777622,936.44,64.31440310338432,1.0,3.579,1.0,7.0,0,1,fixed_lag_waveform,1.0,909.99904,1626774043,0,0,73
203400,1627734043,1627736607,958.985,64.07244457733543,1.0,2.564,1.0,7.0,0,1,fixed_lag_waveform,1.0,918.6934400000001,1627734043,0,0,73
203519,1628686045,1628686586,949.979,63.159290889588085,1.0,0.541,1.0,7.0,0,1,fixed_lag_waveform,1.0,919.8208000000002,1628686045,0,0,73
203633,1629598043,1629598800,912.214,63.159290889588085,1.0,0.757,1.0,7.0,0,1,fixed_lag_waveform,1.0,929.59328,1629598043,0,0,73
203748,1630526043,1630523821,925.021,64.07244457733543,1.0,-2.222,1.0,7.0,0,1,fixed_lag_waveform,1.0,929.59328,1630526043,0,0,73
203865,1631462043,1631460867,937.046,64.07244457733543,1.0,-1.176,1.0,7.0,0,1,fixed_lag_waveform,1.0,930.7008000000001,1631462043,0,0,73
203976,1632342044,1632347013,886.146,64.07244457733543,1.0,4.969,1.0,7.0,0,1,fixed_lag_waveform,1.0,930.7008000000001,1632342044,0,0,73
204084,1633206043,1633208932,861.919,64.31440310338432,1.0,2.889,1.0,7.0,0,1,fixed_lag_waveform,1.0,925.2608,1633206043,0,0,73
204195,1634094043,1634096672,887.74,64.8633922905534,1.0,2.629,1.0,7.0,0,1,fixed_lag_waveform,1.0,924.1334400000001,1634094043,0,0,73
204310,1635014043,1635017102,920.43,65.18692350314527,1.0,3.059,1.0,7.0,0,1,fixed_lag_waveform,1.0,916.16672,1635014043,0,0,73
204423,1635926044,1635923691,906.589,65.77403986345308,1.0,-2.353,1.0,7.0,0,1,fixed_lag_waveform,1.0,914.6976000000001,1635926044,0,0,73
204537,1636830045,1636831156,907.465,66.11825249458657,1.0,1.111,1.0,7.0,0,1,fixed_lag_waveform,1.0,912.0684800000001,1636830045,0,0,73
204653,1637766044,1637765936,934.78,66.11825249458657,1.0,-0.108,1.0,7.0,0,1,fixed_lag_waveform,1.0,910.5488,1637766044,0,0,73
204767,1638670044,1638671620,905.684,66.18213986712831,1.0,1.576,1.0,7.0,0,1,fixed_lag_waveform,1.0,910.5488,1638670044,0,0,73
204876,1639542043,1639547543,875.923,66.24827202423803,1.0,5.5,1.0,7.0,0,1,fixed_lag_waveform,1.0,904.8284800000001,1639542043,0,0,73
204987,1640430045,1640435014,887.471,66.24827202423803,1.0,4.969,1.0,7.0,0,1,fixed_lag_waveform,1.0,899.09888,1640430045,0,0,73
205102,1641358045,1641355692,920.678,66.18213986712831,1.0,-2.353,1.0,7.0,0,1,fixed_lag_waveform,1.0,899.09888,1641358045,0,0,73
205215,1642254045,1642260108,904.416,66.18213986712831,1.0,6.063,1.0,7.0,0,1,fixed_lag_waveform,1.0,899.3884800000001,1642254045,0,0,73
205325,1643134045,1643138793,878.685,66.24827202423803,1.0,4.748,1.0,7.0,0,1,fixed_lag_waveform,1.0,899.3884800000001,1643134045,0,0,73
205438,1644038046,1644039864,901.071,66.34115274387007,1.0,1.818,1.0,7.0,0,1,fixed_lag_waveform,1.0,904.5388800000001,1644038046,0,0,73
205552,1644950045,1644954045,914.181,66.34115274387007,1.0,4.0,1.0,7.0,0,1,fixed_lag_waveform,1.0,904.1331200000001,1644950045,0,0,73
205659,1645806045,1645810045,856.0,66.5874276277896,1.0,4.0,1.0,7.0,0,1,fixed_lag_waveform,1.0,904.1331200000001,1645806045,0,0,73
205766,1646662043,1646666287,856.242,67.60784296050237,1.0,4.244,1.0,7.0,0,1,fixed_lag_waveform,1.0,903.0627200000001,1646662043,0,0,73
205874,1647526043,1647527757,861.47,67.60784296050237,1.0,1.714,1.0,7.0,0,1,fixed_lag_waveform,1.0,898.71072,1647526043,0,0,73
205979,1648366046,1648371015,843.258,68.28385598934773,1.0,4.969,1.0,7.0,0,1,fixed_lag_waveform,1.0,898.71072,1648366046,0,0,73
206094,1649286045,1649289104,918.089,68.28385598934773,1.0,3.059,1.0,7.0,0,1,fixed_lag_waveform,1.0,895.8992000000001,1649286045,0,0,73
206220,1650294043,1650295727,1006.623,68.28385598934773,1.0,1.684,1.0,7.0,0,1,fixed_lag_waveform,1.0,895.8992000000001,1650294043,0,0,73
206346,1651302043,1651302984,1007.257,66.5874276277896,1.0,0.941,1.0,7.0,0,1,fixed_lag_waveform,1.0,895.8992000000001,1651302043,0,0,73
206460,1652222044,1652220558,917.574,65.6325169742097,1.0,-1.486,1.0,7.0,0,1,fixed_lag_waveform,1.0,903.0627200000001,1652222044,0,0,73
206574,1653126043,1653127529,906.971,66.15426513085865,1.0,1.486,1.0,7.0,0,1,fixed_lag_waveform,1.0,907.25792,1653126043,0,0,73
206683,1654006043,1654003599,876.07,66.15426513085865,1.0,-2.444,1.0,7.0,0,1,fixed_lag_waveform,1.0,899.5107200000001,1654006043,0,0,73
206799,1654934043,1654932638,929.039,65.38982142039771,1.0,-1.405,1.0,7.0,0,1,fixed_lag_waveform,1.0,899.5107200000001,1654934043,0,0,73
206917,1655870043,1655871938,939.3,65.35314114426815,1.0,1.895,1.0,7.0,0,1,fixed_lag_waveform,1.0,902.9036800000001,1655870043,0,0,73
207033,1656798043,1656801376,929.438,64.58286465907244,1.0,3.333,1.0,7.0,0,1,fixed_lag_waveform,1.0,897.6284800000001,1656798043,0,0,73
207142,1657670043,1657672631,871.255,64.58286465907244,1.0,2.588,1.0,7.0,0,1,fixed_lag_waveform,1.0,901.13248,1657670043,0,0,73
207251,1658550043,1658548043,875.412,65.38982142039771,1.0,-2.0,1.0,7.0,0,1,fixed_lag_waveform,1.0,895.6924800000002,1658550043,0,0,73
207361,1659422043,1659423072,875.029,66.15426513085865,1.0,1.029,1.0,7.0,0,1,fixed_lag_waveform,1.0,892.02368,1659422043,0,0,73
207465,1660262043,1660261337,838.265,68.48767792527994,1.0,-0.706,1.0,7.0,0,1,fixed_lag_waveform,1.0,883.19072,1660262043,0,0,73
207568,1661086045,1661084102,822.765,68.53915642006278,1.0,-1.943,1.0,7.0,0,1,fixed_lag_waveform,1.0,867.8624000000001,1661086045,0,0,73
207673,1661926043,1661923872,839.77,68.56915599368706,1.0,-2.171,1.0,7.0,0,1,fixed_lag_waveform,1.0,862.21184,1661926043,0,0,73
207778,1662766043,1662765599,841.727,68.86617580386913,1.0,-0.444,1.0,7.0,0,1,fixed_lag_waveform,1.0,856.64928,1662766043,0,0,73
207880,1663582043,1663582043,816.444,71.28201899190593,1.0,0.0,1.0,7.0,0,1,fixed_lag_waveform,1.0,850.0016,1663582043,0,0,73
207983,0,1664402043,820.0,71.4481346082856,1.0,0.0,1.0,7.0,1,1,fixed_lag_waveform,1.0,829.67264,0,1,0,1
208079,0,1665171729,769.686,71.5764108008804,1.0,0.0,1.0,7.0,1,1,fixed_lag_waveform,1.0,823.6064,0,1,0,0
208168,0,1665878148,706.419,72.92483272866492,1.0,0.0,1.0,7.0,1,1,fixed_lag_waveform,1.0,823.1248,0,1,0,1
208252,1666550047,1666554424,676.276,73.17073170731707,1.0,4.377,1.0,7.0,0,1,fixed_lag_waveform,1.0,807.2848,1666550047,0,0,75
208336,1667494043,1667222508,668.084,73.48942487176096,1.0,-271.535,1.0,7.0,1,1,fixed_lag_waveform,1.0,800.96,1667494043,0,0,185
208426,0,1667942186,719.678,77.95386690156765,1.0,0.0,1.0,7.0,1,1,fixed_lag_waveform,1.0,794.38208,0,1,0,0
208511,0,1668626984,684.798,83.37061852661886,1.0,0.0,1.0,7.0,1,1,fixed_lag_waveform,1.0,773.9795200000001,0,1,0,0
208595,0,1669298444,671.46,84.93542784098389,1.0,0.0,1.0,7.0,1,1,fixed_lag_waveform,1.0,752.53696,0,1,0,1
208677,0,1669951072,652.628,87.61707832090632,1.0,0.0,1.0,7.0,1,1,fixed_lag_waveform,1.0,742.8540800000001,0,1,0,1
208762,1670638043,1670636299,685.227,87.61707832090632,1.0,-1.744,1.0,7.0,0,1,fixed_lag_waveform,1.0,730.49536,1670638043,0,0,75
208854,1671366043,1671368843,732.544,87.61707832090632,1.0,2.8,1.0,7.0,0,1,fixed_lag_waveform,1.0,725.0553600000001,1671366043,0,0,73
208945,1672102045,1672099335,730.492,87.61707832090632,1.0,-2.71,1.0,7.0,0,1,fixed_lag_waveform,1.0,719.61536,1672102045,0,0,73
209035,1672822043,1672821302,721.967,87.56222390536276,1.0,-0.741,1.0,7.0,0,1,fixed_lag_waveform,1.0,719.61536,1672822043,0,0,73
209125,1673534043,1673539861,718.559,83.50045020659404,1.0,5.818,1.0,7.0,0,1,fixed_lag_waveform,1.0,714.31264,1673534043,0,0,73
209214,1674254043,1674251643,711.782,84.29547249017254,1.0,-2.4,1.0,7.0,0,1,fixed_lag_waveform,1.0,719.5388800000001,1674254043,0,0,73
209304,1674966043,1674969316,717.673,83.60353531483001,1.0,3.273,1.0,7.0,0,1,fixed_lag_waveform,1.0,711.93024,1674966043,0,0,73
209395,1675694043,1675694966,725.65,83.50045020659404,1.0,0.923,1.0,7.0,0,1,fixed_lag_waveform,1.0,708.37536,1675694043,0,0,73
209486,1676430043,1676427543,732.577,83.10629156180269,1.0,-2.5,1.0,7.0,0,1,fixed_lag_waveform,1.0,708.65888,1676430043,0,0,73
209574,1677126043,1677126843,699.3,83.10629156180269,1.0,0.8,1.0,7.0,0,1,fixed_lag_waveform,1.0,709.74944,1677126043,0,0,73
209662,1677838043,1677836505,709.662,83.50045020659404,1.0,-1.538,1.0,7.0,0,1,fixed_lag_waveform,1.0,709.74944,1677838043,0,0,73
209750,1678534045,1678538932,702.427,83.60353531483001,1.0,4.887,1.0,7.0,0,1,fixed_lag_waveform,1.0,714.09888,1678534045,0,0,73
209838,1679246043,1679243989,705.057,84.29547249017254,1.0,-2.054,1.0,7.0,0,1,fixed_lag_waveform,1.0,713.81536,1679246043,0,0,73
209927,1679950043,1679951581,707.592,84.54729152751591,1.0,1.538,1.0,7.0,0,1,fixed_lag_waveform,1.0,717.3702400000001,1679950043,0,0,73
210014,1680646045,1680648484,696.903,84.79462741240715,1.0,2.439,1.0,7.0,0,1,fixed_lag_waveform,1.0,722.13184,1680646045,0,0,73
210097,1681310045,1681312484,664.0,85.09950259340734,1.0,2.439,1.0,7.0,0,1,fixed_lag_waveform,1.0,726.90944,1681310045,0,0,73
210181,1681990047,1681988830,676.346,85.41812885894193,1.0,-1.217,1.0,7.0,0,1,fixed_lag_waveform,1.0,731.5382400000001,1681990047,0,0,73
210269,1682686044,1682688711,699.881,85.72885962042119,1.0,2.667,1.0,7.0,0,1,fixed_lag_waveform,1.0,736.13664,1682686044,0,0,73
210360,1683414044,1683414377,725.666,85.41812885894193,1.0,0.333,1.0,7.0,0,1,fixed_lag_waveform,1.0,735.32192,1683414044,0,0,73
210452,1684150043,1684152283,737.906,85.41812885894193,1.0,2.24,1.0,7.0,0,1,fixed_lag_waveform,1.0,736.13664,1684150043,0,0,73
210542,1684870043,1684872123,719.84,85.09950259340734,1.0,2.08,1.0,7.0,0,1,fixed_lag_waveform,1.0,736.13664,1684870043,0,0,73
210637,1685630043,1685630505,758.382,84.79462741240715,1.0,0.462,1.0,7.0,0,1,fixed_lag_waveform,1.0,736.97824,1685630043,0,0,73
210734,1686406043,1686408505,778.0,83.35185596799289,1.0,2.462,1.0,7.0,0,1,fixed_lag_waveform,1.0,737.78944,1686406043,0,0,73
210835,1687222047,1687220009,811.504,82.6826666813658,1.0,-2.038,1.0,7.0,0,1,fixed_lag_waveform,1.0,741.7088,1687222047,0,0,73
210942,1688070046,1688071480,851.471,81.31116971538381,1.0,1.434,1.0,7.0,0,1,fixed_lag_waveform,1.0,743.57312,1688070046,0,0,169
211044,0,1688888812,817.332,79.11580179909333,1.0,0.0,1.0,7.0,1,1,fixed_lag_waveform,1.0,747.48992,0,1,0,17
211145,0,1689696161,807.349,77.12082262210797,1.0,0.0,1.0,7.0,1,1,fixed_lag_waveform,1.0,759.48224,0,1,0,17
211241,0,1690465025,768.864,77.12082262210797,1.0,0.0,1.0,7.0,1,1,fixed_lag_waveform,1.0,765.7600000000001,0,1,0,17
211336,0,1691227458,762.433,77.12082262210797,1.0,0.0,1.0,7.0,1,1,fixed_lag_waveform,1.0,765.7600000000001,0,1,0,17
211433,0,1692000197,772.739,77.12082262210797,1.0,0.0,1.0,7.0,1,1,fixed_lag_waveform,1.0,765.7600000000001,0,1,0,17
211527,1692758046,1692756200,756.003,77.12082262210797,1.0,-1.846,1.0,7.0,0,1,fixed_lag_waveform,1.0,771.2,1692758046,0,0,169
211616,1693718043,1693469277,713.077,77.64588043310872,1.0,-248.766,1.0,7.0,1,1,fixed_lag_waveform,1.0,771.2,1693718043,0,0,169
211708,0,1694201443,732.166,78.03720814084156,1.0,0.0,1.0,7.0,1,1,fixed_lag_waveform,1.0,764.0764800000001,0,1,0,17
211801,0,1694949967,748.524,78.69543946812375,1.0,0.0,1.0,7.0,1,1,fixed_lag_waveform,1.0,762.83648,0,1,0,17
